date,close
2004-01-01,1.182845
2004-01-02,1.167352
2004-01-05,1.161930
2004-01-06,1.161156
2004-01-07,1.162705
2004-01-08,1.172775
2004-01-09,1.163479
2004-01-12,1.155733
2004-01-13,1.155733
2004-01-14,1.184394
2004-01-15,1.215379
2004-01-16,1.217703
2004-01-19,1.217703
2004-01-20,1.217703
2004-01-21,1.217703
2004-01-22,1.217703
2004-01-23,1.217703
2004-01-26,1.217703
2004-01-27,1.217703
2004-01-28,1.217703
2004-01-29,1.210731
2004-01-30,1.249463
2004-02-02,1.301362
2004-02-03,1.332346
2004-02-04,1.309108
2004-02-05,1.288967
2004-02-06,1.270377
2004-02-09,1.285869
2004-02-10,1.283545
2004-02-11,1.285869
2004-02-12,1.281996
2004-02-13,1.271152
2004-02-16,1.302911
2004-02-17,1.316079
2004-02-18,1.306784
2004-02-19,1.308333
2004-02-20,1.299813
2004-02-23,1.304460
2004-02-24,1.322277
2004-02-25,1.279672
2004-02-26,1.279672
2004-02-27,1.327699
2004-03-01,1.340093
2004-03-02,1.329248
2004-03-03,1.316854
2004-03-04,1.325375
2004-03-05,1.330023
2004-03-08,1.312981
2004-03-09,1.293616
2004-03-10,1.306010
2004-03-11,1.289742
2004-03-12,1.288193
2004-03-15,1.323826
2004-03-16,1.315305
2004-03-17,1.323051
2004-03-18,1.295939
2004-03-19,1.298263
2004-03-22,1.291291
2004-03-23,1.297489
2004-03-24,1.309883
2004-03-25,1.324600
2004-03-26,1.312981
2004-03-29,1.312206
2004-03-30,1.350163
2004-03-31,1.347839
2004-04-01,1.355585
2004-04-02,1.363332
2004-04-05,1.381922
2004-04-06,1.416780
2004-04-07,1.397415
2004-04-08,1.390443
2004-04-09,1.353261
2004-04-12,1.378824
2004-04-13,1.370303
2004-04-14,1.362557
2004-04-15,1.373401
2004-04-16,1.370303
2004-04-19,1.385021
2004-04-20,1.388119
2004-04-21,1.385021
2004-04-22,1.378824
2004-04-23,1.391218
2004-04-26,1.403611
2004-04-27,1.391218
2004-04-28,1.339319
2004-04-29,1.293616
2004-04-30,1.336219
2004-05-03,1.336219
2004-05-04,1.336219
2004-05-05,1.336219
2004-05-06,1.336219
2004-05-07,1.336219
2004-05-10,1.301362
2004-05-11,1.280447
2004-05-12,1.285869
2004-05-13,1.296714
2004-05-14,1.265729
2004-05-17,1.266504
2004-05-18,1.285869
2004-05-19,1.285095
2004-05-20,1.289742
2004-05-21,1.302911
2004-05-24,1.305235
2004-05-25,1.305235
2004-05-26,1.301362
2004-05-27,1.313756
2004-05-28,1.299813
2004-05-31,1.304460
2004-06-01,1.312206
2004-06-02,1.288967
2004-06-03,1.278898
2004-06-04,1.285869
2004-06-07,1.303686
2004-06-08,1.309883
2004-06-09,1.302911
2004-06-10,1.329248
2004-06-11,1.319952
2004-06-14,1.309883
2004-06-15,1.332346
2004-06-16,1.351712
2004-06-17,1.334670
2004-06-18,1.323534
2004-06-21,1.328705
2004-06-22,1.325603
2004-06-23,1.327671
2004-06-24,1.344215
2004-06-25,1.344215
2004-06-28,1.328705
2004-06-29,1.344215
2004-06-30,1.354554
2004-07-01,1.387643
2004-07-02,1.399018
2004-07-05,1.411426
2004-07-06,1.433140
2004-07-07,1.422800
2004-07-08,1.410392
2004-07-09,1.421766
2004-07-12,1.416596
2004-07-13,1.385575
2004-07-14,1.394882
2004-07-15,1.402119
2004-07-16,1.431072
2004-07-19,1.440378
2004-07-20,1.449684
2004-07-21,1.473466
2004-07-22,1.493112
2004-07-23,1.496215
2004-07-26,1.519997
2004-07-27,1.507589
2004-07-28,1.519997
2004-07-29,1.531370
2004-07-30,1.479670
2004-08-02,1.468296
2004-08-03,1.467262
2004-08-04,1.474500
2004-08-05,1.466229
2004-08-06,1.405222
2004-08-09,1.418664
2004-08-10,1.424868
2004-08-11,1.435208
2004-08-12,1.426936
2004-08-13,1.416596
2004-08-16,1.438310
2004-08-17,1.457957
2004-08-18,1.447616
2004-08-19,1.462092
2004-08-20,1.451752
2004-08-23,1.447616
2004-08-24,1.437276
2004-08-25,1.426936
2004-08-26,1.442446
2004-08-27,1.457957
2004-08-30,1.446582
2004-08-31,1.446582
2004-09-01,1.402119
2004-09-02,1.409358
2004-09-03,1.423834
2004-09-06,1.406256
2004-09-07,1.406256
2004-09-08,1.406256
2004-09-09,1.426936
2004-09-10,1.426936
2004-09-13,1.395915
2004-09-14,1.421766
2004-09-15,1.463126
2004-09-16,1.451752
2004-09-17,1.472432
2004-09-20,1.506555
2004-09-21,1.488977
2004-09-22,1.487942
2004-09-23,1.514827
2004-09-24,1.560324
2004-09-27,1.554119
2004-09-28,1.626500
2004-09-29,1.616160
2004-09-30,1.588241
2004-10-01,1.588241
2004-10-04,1.588241
2004-10-05,1.588241
2004-10-06,1.588241
2004-10-07,1.588241
2004-10-08,1.654418
2004-10-11,1.688541
2004-10-12,1.664758
2004-10-13,1.670962
2004-10-14,1.636840
2004-10-15,1.662691
2004-10-18,1.627534
2004-10-19,1.622363
2004-10-20,1.649248
2004-10-21,1.704051
2004-10-22,1.775398
2004-10-25,1.765058
2004-10-26,1.768160
2004-10-27,1.776432
2004-10-28,1.757820
2004-10-29,1.737139
2004-11-01,1.757820
2004-11-02,1.762990
2004-11-03,1.756786
2004-11-04,1.706119
2004-11-05,1.673030
2004-11-08,1.677167
2004-11-09,1.669929
2004-11-10,1.720595
2004-11-11,1.698881
2004-11-12,1.685438
2004-11-15,1.677167
2004-11-16,1.714391
2004-11-17,1.691643
2004-11-18,1.715425
2004-11-19,1.700949
2004-11-22,1.666826
2004-11-23,1.653384
2004-11-24,1.645112
2004-11-25,1.636840
2004-11-26,1.628569
2004-11-29,1.637874
2004-11-30,1.634772
2004-12-01,1.630635
2004-12-02,1.613057
2004-12-03,1.645112
2004-12-06,1.644078
2004-12-07,1.634772
2004-12-08,1.634772
2004-12-09,1.632704
2004-12-10,1.625466
2004-12-13,1.605820
2004-12-14,1.601684
2004-12-15,1.591344
2004-12-16,1.577902
2004-12-17,1.566527
2004-12-20,1.499316
2004-12-21,1.512759
2004-12-22,1.534473
2004-12-23,1.554119
2004-12-24,1.565493
2004-12-27,1.551017
2004-12-28,1.557222
2004-12-29,1.570663
2004-12-30,1.569629
2004-12-31,1.614092
2005-01-03,1.614092
2005-01-04,1.562391
2005-01-05,1.570663
2005-01-06,1.579970
2005-01-07,1.637874
2005-01-10,1.655452
2005-01-11,1.661657
2005-01-12,1.654418
2005-01-13,1.666826
2005-01-14,1.689575
2005-01-17,1.669929
2005-01-18,1.718527
2005-01-19,1.700949
2005-01-20,1.710255
2005-01-21,1.721629
2005-01-24,1.735071
2005-01-25,1.737139
2005-01-26,1.743344
2005-01-27,1.730935
2005-01-28,1.721629
2005-01-31,1.738173
2005-02-01,1.733003
2005-02-02,1.757820
2005-02-03,1.757820
2005-02-04,1.817792
2005-02-07,1.817792
2005-02-08,1.817792
2005-02-09,1.817792
2005-02-10,1.817792
2005-02-11,1.817792
2005-02-14,1.817792
2005-02-15,1.817792
2005-02-16,1.798146
2005-02-17,1.798146
2005-02-18,1.798146
2005-02-21,1.808486
2005-02-22,1.788840
2005-02-23,1.768160
2005-02-24,1.789874
2005-02-25,1.777466
2005-02-28,1.780568
2005-03-01,1.784703
2005-03-02,1.777466
2005-03-03,1.776432
2005-03-04,1.811588
2005-03-07,1.871561
2005-03-08,1.929465
2005-03-09,1.929465
2005-03-10,1.898445
2005-03-11,1.923261
2005-03-14,1.969792
2005-03-15,1.907752
2005-03-16,1.881901
2005-03-17,1.974962
2005-03-18,1.966690
2005-03-21,2.098010
2005-03-22,2.117656
2005-03-23,2.124894
2005-03-24,2.057683
2005-03-25,2.055614
2005-03-28,2.098010
2005-03-29,2.094907
2005-03-30,2.066989
2005-03-31,2.085601
2005-04-01,2.148676
2005-04-04,2.234499
2005-04-05,2.228295
2005-04-06,2.279995
2005-04-07,2.279995
2005-04-08,2.264485
2005-04-11,2.206581
2005-04-12,2.222091
2005-04-13,2.283098
2005-04-14,2.244839
2005-04-15,2.229329
2005-04-18,2.218989
2005-04-19,2.243805
2005-04-20,2.260350
2005-04-21,2.448539
2005-04-22,2.459913
2005-04-25,2.456812
2005-04-26,2.555042
2005-04-27,2.513682
2005-04-28,2.497138
2005-04-29,2.482662
2005-05-02,2.482662
2005-05-03,2.482662
2005-05-04,2.482662
2005-05-05,2.482662
2005-05-06,2.482662
2005-05-09,2.491968
2005-05-10,2.436131
2005-05-11,2.354445
2005-05-12,2.257247
2005-05-13,2.295506
2005-05-16,2.409246
2005-05-17,2.417519
2005-05-18,2.305846
2005-05-19,2.292404
2005-05-20,2.314117
2005-05-23,2.221057
2005-05-24,2.254145
2005-05-25,2.285166
2005-05-26,2.212785
2005-05-27,2.132132
2005-05-30,2.170390
2005-05-31,2.181764
2005-06-01,2.322389
2005-06-02,2.089737
2005-06-03,2.111452
2005-06-06,2.262417
2005-06-07,2.325257
2005-06-08,2.557278
2005-06-09,2.577454
2005-06-10,2.491707
2005-06-13,2.484141
2005-06-14,2.373174
2005-06-15,2.282383
2005-06-16,2.321474
2005-06-17,2.238249
2005-06-20,2.143675
2005-06-21,2.143675
2005-06-22,2.306341
2005-06-23,2.255902
2005-06-24,2.245814
2005-06-27,2.291211
2005-06-28,2.283644
2005-06-29,2.262208
2005-06-30,2.245814
2005-07-01,2.209245
2005-07-04,2.225639
2005-07-05,2.252120
2005-07-06,2.260946
2005-07-07,2.243292
2005-07-08,2.230683
2005-07-11,2.218073
2005-07-12,2.141152
2005-07-13,2.137369
2005-07-14,2.143675
2005-07-15,2.129804
2005-07-18,2.124760
2005-07-19,2.129804
2005-07-20,2.168895
2005-07-21,2.194114
2005-07-22,2.214290
2005-07-25,2.341650
2005-07-26,2.341650
2005-07-27,2.383262
2005-07-28,2.366870
2005-07-29,2.300037
2005-08-01,2.330301
2005-08-02,2.346693
2005-08-03,2.332822
2005-08-04,2.303820
2005-08-05,2.346693
2005-08-08,2.269773
2005-08-09,2.207984
2005-08-10,2.206724
2005-08-11,2.258424
2005-08-12,2.263469
2005-08-15,2.271034
2005-08-16,2.297515
2005-08-17,2.294993
2005-08-18,2.224378
2005-08-19,2.225639
2005-08-22,2.248336
2005-08-23,2.218073
2005-08-24,2.255902
2005-08-25,2.228161
2005-08-26,2.245814
2005-08-29,2.249598
2005-08-30,2.282383
2005-08-31,2.375696
2005-09-01,2.364347
2005-09-02,2.383262
2005-09-05,2.346693
2005-09-06,2.300037
2005-09-07,2.388306
2005-09-08,2.458920
2005-09-09,2.471531
2005-09-12,2.513144
2005-09-13,2.581237
2005-09-14,2.583759
2005-09-15,2.557278
2005-09-16,2.542146
2005-09-19,2.540886
2005-09-20,2.521971
2005-09-21,2.446311
2005-09-22,2.402177
2005-09-23,2.492967
2005-09-26,2.484141
2005-09-27,2.547190
2005-09-28,2.521971
2005-09-29,2.547190
2005-09-30,2.530798
2005-10-03,2.530798
2005-10-04,2.530798
2005-10-05,2.530798
2005-10-06,2.530798
2005-10-07,2.530798
2005-10-10,2.481619
2005-10-11,2.506839
2005-10-12,2.490445
2005-10-13,2.482880
2005-10-14,2.523232
2005-10-17,2.518187
2005-10-18,2.467748
2005-10-19,2.461443
2005-10-20,2.534581
2005-10-21,2.538363
2005-10-24,2.611500
2005-10-25,2.610240
2005-10-26,2.559800
2005-10-27,2.521971
2005-10-28,2.484141
2005-10-31,2.509361
2005-11-01,2.457659
2005-11-02,2.484141
2005-11-03,2.487924
2005-11-04,2.475314
2005-11-07,2.453876
2005-11-08,2.453876
2005-11-09,2.471531
2005-11-10,2.469009
2005-11-11,2.446311
2005-11-14,2.345433
2005-11-15,2.355521
2005-11-16,2.336605
2005-11-17,2.272295
2005-11-18,2.296254
2005-11-21,2.329040
2005-11-22,2.340388
2005-11-23,2.384522
2005-11-24,2.389567
2005-11-25,2.390828
2005-11-28,2.390828
2005-11-29,2.366870
2005-11-30,2.339128
2005-12-01,2.356781
2005-12-02,2.360564
2005-12-05,2.446311
2005-12-06,2.389567
2005-12-07,2.423613
2005-12-08,2.397133
2005-12-09,2.392089
2005-12-12,2.345433
2005-12-13,2.332822
2005-12-14,2.395872
2005-12-15,2.369391
2005-12-16,2.370652
2005-12-19,2.414786
2005-12-20,2.458920
2005-12-21,2.520709
2005-12-22,2.513144
2005-12-23,2.543407
2005-12-26,2.567366
2005-12-27,2.566105
2005-12-28,2.585020
2005-12-29,2.603934
2005-12-30,2.610240
2006-01-04,2.530798
2006-01-05,2.554755
2006-01-06,2.644286
2006-01-09,2.631676
2006-01-10,2.634197
2006-01-11,2.602673
2006-01-12,2.658156
2006-01-13,2.634197
2006-01-16,2.608978
2006-01-17,2.597629
2006-01-18,2.593846
2006-01-19,2.596368
2006-01-20,2.564844
2006-01-23,2.498012
2006-01-24,2.504317
2006-01-25,2.509361
2006-02-06,2.530798
2006-02-07,2.648070
2006-02-08,2.597629
2006-02-09,2.573671
2006-02-10,2.661939
2006-02-13,2.925486
2006-02-14,2.938095
2006-02-15,2.973403
2006-02-16,2.901527
2006-02-17,2.849827
2006-02-20,2.909093
2006-02-21,2.959533
2006-02-22,2.901527
2006-02-23,2.837215
2006-02-24,2.843521
2006-02-27,3.020059
2006-02-28,3.061672
2006-03-01,3.127244
2006-03-02,3.118416
2006-03-03,3.122199
2006-03-06,3.141114
2006-03-07,3.027626
2006-03-08,2.975925
2006-03-09,3.057889
2006-03-10,3.086891
2006-03-13,3.125982
2006-03-14,3.229383
2006-03-15,3.239470
2006-03-16,3.249559
2006-03-17,3.253342
2006-03-20,3.253342
2006-03-21,3.267213
2006-03-22,3.380702
2006-03-23,3.373135
2006-03-24,3.456360
2006-03-27,3.456360
2006-03-28,3.456360
2006-03-29,3.456360
2006-03-30,3.456360
2006-03-31,3.456360
2006-04-03,3.456360
2006-04-04,3.456360
2006-04-05,3.456360
2006-04-06,3.456360
2006-04-07,3.456360
2006-04-10,3.801870
2006-04-11,4.182689
2006-04-12,4.200342
2006-04-13,4.157468
2006-04-14,4.569810
2006-04-17,4.625294
2006-04-18,4.519370
2006-04-19,4.756435
2006-04-20,4.678257
2006-04-21,4.678257
2006-04-24,4.678257
2006-04-25,4.678257
2006-04-26,4.678257
2006-04-27,4.678257
2006-04-28,4.678257
2006-05-08,4.678257
2006-05-09,4.678257
2006-05-10,4.678257
2006-05-11,4.678257
2006-05-12,4.678257
2006-05-15,4.678257
2006-05-16,4.678257
2006-05-17,4.678257
2006-05-18,4.678257
2006-05-19,4.678257
2006-05-22,4.678257
2006-05-23,4.678257
2006-05-24,4.678257
2006-05-25,4.678257
2006-05-26,4.678257
2006-05-29,5.425539
2006-05-30,5.389574
2006-05-31,5.103570
2006-06-01,5.101857
2006-06-02,4.868941
2006-06-05,4.843252
2006-06-06,4.658290
2006-06-07,4.373999
2006-06-08,4.589787
2006-06-09,4.725083
2006-06-12,4.774747
2006-06-13,4.665141
2006-06-14,4.754196
2006-06-15,4.644591
2006-06-16,4.683980
2006-06-19,5.113845
2006-06-20,5.255990
2006-06-21,5.223451
2006-06-22,5.067605
2006-06-23,5.134397
2006-06-26,5.112133
2006-06-27,4.942585
2006-06-28,5.029927
2006-06-29,5.091581
2006-06-30,4.957998
2006-07-03,4.812426
2006-07-04,4.896344
2006-07-05,5.086443
2006-07-06,5.348472
2006-07-07,5.288530
2006-07-10,5.221739
2006-07-11,5.185774
2006-07-12,5.238865
2006-07-13,4.728178
2006-07-14,4.679007
2006-07-17,4.606543
2006-07-18,4.676418
2006-07-19,4.508201
2006-07-20,4.508201
2006-07-21,4.518555
2006-07-24,4.601367
2006-07-25,4.707473
2006-07-26,4.658302
2006-07-27,4.528904
2006-07-28,4.601367
2006-07-31,4.619483
2006-08-01,4.632422
2006-08-02,4.528904
2006-08-03,4.503026
2006-08-04,4.321870
2006-08-07,4.182120
2006-08-08,4.226115
2006-08-09,4.295990
2006-08-10,4.342572
2006-08-11,4.425388
2006-08-14,4.373628
2006-08-15,4.378805
2006-08-16,4.396921
2006-08-17,4.368453
2006-08-18,4.412447
2006-08-21,4.399509
2006-08-22,4.446092
2006-08-23,4.482322
2006-08-24,4.484910
2006-08-25,4.484910
2006-08-28,4.629835
2006-08-29,4.735940
2006-08-30,4.723001
2006-08-31,4.668654
2006-09-01,4.658302
2006-09-04,4.738528
2006-09-05,4.875689
2006-09-06,4.829107
2006-09-07,4.715237
2006-09-08,4.751469
2006-09-11,4.746292
2006-09-12,4.658302
2006-09-13,4.658302
2006-09-14,4.666066
2006-09-15,4.735940
2006-09-18,4.702297
2006-09-19,4.704885
2006-09-20,4.849811
2006-09-21,4.865337
2006-09-22,4.787700
2006-09-25,4.702297
2006-09-26,4.635011
2006-09-27,4.699709
2006-09-28,4.735940
2006-09-29,4.782524
2006-10-09,5.165539
2006-10-10,5.204359
2006-10-11,5.056846
2006-10-12,5.023202
2006-10-13,5.033556
2006-10-16,4.826519
2006-10-17,4.891217
2006-10-18,4.953329
2006-10-19,5.007676
2006-10-20,5.056846
2006-10-23,4.865337
2006-10-24,4.873102
2006-10-25,5.051672
2006-10-26,4.974032
2006-10-27,4.891217
2006-10-30,4.787700
2006-10-31,4.787700
2006-11-01,4.748881
2006-11-02,4.684181
2006-11-03,4.787700
2006-11-06,4.673831
2006-11-07,4.637600
2006-11-08,4.735940
2006-11-09,4.676418
2006-11-10,4.632422
2006-11-13,4.417624
2006-11-14,4.544433
2006-11-15,4.738528
2006-11-16,4.940388
2006-11-17,4.937800
2006-11-20,5.059434
2006-11-21,5.023202
2006-11-22,5.059434
2006-11-23,4.919684
2006-11-24,5.020615
2006-11-27,5.204359
2006-11-28,5.227650
2006-11-29,5.693481
2006-11-30,5.789235
2006-12-01,5.859109
2006-12-04,5.926397
2006-12-05,5.985918
2006-12-06,5.784059
2006-12-07,5.874637
2006-12-08,5.853934
2006-12-11,5.872049
2006-12-12,6.133431
2006-12-13,6.270593
2006-12-14,6.260240
2006-12-15,6.728660
2006-12-18,6.958986
2006-12-19,6.394814
2006-12-20,6.469865
2006-12-21,6.337880
2006-12-22,6.211070
2006-12-25,6.495744
2006-12-26,6.477629
2006-12-27,6.423282
2006-12-28,6.392227
2006-12-29,6.441397
2007-01-04,6.288708
2007-01-05,6.327529
2007-01-08,6.550091
2007-01-09,6.785595
2007-01-10,6.878760
2007-01-11,7.114262
2007-01-12,7.096148
2007-01-15,7.761250
2007-01-16,8.527283
2007-01-17,8.773137
2007-01-18,9.251906
2007-01-19,9.523641
2007-01-22,9.389068
2007-01-23,8.928412
2007-01-24,9.011230
2007-01-25,8.915473
2007-01-26,8.747256
2007-01-29,8.874067
2007-01-30,8.423762
2007-01-31,7.893235
2007-02-01,8.053687
2007-02-02,7.763838
2007-02-05,7.479163
2007-02-06,7.704315
2007-02-07,8.017456
2007-02-08,8.040748
2007-02-09,8.203788
2007-02-12,8.307309
2007-02-13,8.229669
2007-02-14,8.307309
2007-02-15,8.410824
2007-02-16,8.514343
2007-02-26,8.281427
2007-02-27,7.453285
2007-02-28,7.269542
2007-03-01,6.935693
2007-03-02,7.078033
2007-03-05,6.935693
2007-03-06,7.072856
2007-03-07,7.479163
2007-03-08,7.357530
2007-03-09,7.494691
2007-03-12,7.455873
2007-03-13,7.476575
2007-03-14,7.310948
2007-03-15,7.316123
2007-03-16,7.388586
2007-03-19,7.308361
2007-03-20,7.090972
2007-03-21,7.039213
2007-03-22,7.191901
2007-03-23,7.147908
2007-03-26,7.272128
2007-03-27,7.634440
2007-03-28,7.375646
2007-03-29,7.391173
2007-03-30,7.228133
2007-04-02,7.246249
2007-04-03,7.393763
2007-04-04,7.530921
2007-04-05,7.517983
2007-04-06,7.725019
2007-04-09,7.712080
2007-04-10,7.569742
2007-04-11,7.963110
2007-04-12,8.307309
2007-04-13,8.198613
2007-04-16,8.242608
2007-04-17,8.056277
2007-04-18,8.022633
2007-04-19,7.406702
2007-04-20,7.750898
2007-04-23,7.960522
2007-04-24,8.757609
2007-04-25,8.868891
2007-04-26,8.765374
2007-04-27,8.392708
2007-04-30,8.876657
2007-05-03,8.876657
2007-05-04,8.876657
2007-05-08,8.770549
2007-05-09,8.410824
2007-05-10,8.462583
2007-05-11,8.229669
2007-05-14,8.268487
2007-05-15,8.278838
2007-05-16,8.667030
2007-05-17,8.672205
2007-05-18,8.672205
2007-05-21,8.462583
2007-05-22,8.799018
2007-05-23,9.213087
2007-05-24,9.414946
2007-05-25,9.264846
2007-05-28,9.326959
2007-05-29,9.885953
2007-05-30,9.083692
2007-05-31,9.536579
2007-06-01,9.389068
2007-06-04,8.529870
2007-06-05,8.281427
2007-06-06,8.379768
2007-06-07,8.669619
2007-06-08,8.742082
2007-06-11,9.303665
2007-06-12,9.513290
2007-06-13,9.440825
2007-06-14,9.187209
2007-06-15,9.288140
2007-06-18,9.446003
2007-06-19,9.246732
2007-06-20,8.931001
2007-06-21,9.446003
2007-06-22,9.629747
2007-06-25,9.909245
2007-06-26,9.834195
2007-06-27,10.080049
2007-06-28,10.067111
2007-06-29,9.264846
2007-07-02,9.417534
2007-07-03,9.782435
2007-07-04,9.311430
2007-07-05,8.850776
2007-07-06,9.213087
2007-07-09,9.370951
2007-07-10,9.174269
2007-07-11,9.158738
2007-07-12,9.018991
2007-07-13,8.938536
2007-07-16,8.577775
2007-07-17,8.694567
2007-07-18,8.764644
2007-07-19,8.666019
2007-07-20,8.824338
2007-07-23,9.146165
2007-07-24,9.042348
2007-07-25,9.327843
2007-07-26,9.460209
2007-07-27,9.343414
2007-07-30,9.351201
2007-07-31,9.621122
2007-08-01,9.135783
2007-08-02,9.237006
2007-08-03,9.478374
2007-08-06,9.675627
2007-08-07,9.914401
2007-08-08,9.836539
2007-08-09,9.771653
2007-08-10,9.405706
2007-08-13,9.403110
2007-08-14,9.457613
2007-08-15,9.346010
2007-08-16,9.161736
2007-08-17,9.130592
2007-08-20,9.452420
2007-08-21,9.919595
2007-08-22,10.090888
2007-08-23,10.109056
2007-08-24,9.893639
2007-08-27,9.753487
2007-08-28,9.774251
2007-08-29,9.499137
2007-08-30,9.678222
2007-08-31,10.018218
2007-09-03,10.147986
2007-09-04,9.805394
2007-09-05,9.784634
2007-09-06,9.745702
2007-09-07,9.488757
2007-09-10,9.473185
2007-09-11,9.312273
2007-09-12,9.369370
2007-09-13,9.374561
2007-09-14,9.418682
2007-09-17,9.421277
2007-09-18,9.260365
2007-09-19,9.117614
2007-09-20,9.374561
2007-09-21,9.081280
2007-09-24,8.894413
2007-09-25,8.694567
2007-09-26,8.868457
2007-09-27,8.850290
2007-09-28,8.980060
2007-10-08,8.884030
2007-10-09,8.941130
2007-10-10,9.050136
2007-10-11,8.902201
2007-10-12,8.697162
2007-10-15,8.668613
2007-10-16,8.865862
2007-10-17,8.689376
2007-10-18,8.878839
2007-10-19,8.819147
2007-10-22,8.697162
2007-10-23,8.575178
2007-10-24,8.284496
2007-10-25,7.822516
2007-10-26,8.154726
2007-10-29,7.967855
2007-10-30,7.967855
2007-10-31,8.266327
2007-11-01,7.915948
2007-11-02,7.612288
2007-11-05,7.729082
2007-11-06,7.799159
2007-11-07,7.594121
2007-11-08,7.749845
2007-11-09,7.947093
2007-11-12,7.710913
2007-11-13,7.552592
2007-11-14,7.780989
2007-11-15,7.575952
2007-11-16,7.526642
2007-11-19,7.604502
2007-11-20,7.936713
2007-11-21,7.793965
2007-11-22,7.695342
2007-11-23,7.695342
2007-11-26,7.835492
2007-11-27,8.045720
2007-11-28,7.874423
2007-11-29,7.962666
2007-11-30,7.697935
2007-12-03,7.604502
2007-12-04,7.617479
2007-12-05,7.786180
2007-12-06,7.677173
2007-12-07,7.822516
2007-12-10,8.004192
2007-12-11,8.263731
2007-12-12,8.616706
2007-12-13,8.346785
2007-12-14,8.346785
2007-12-17,8.772429
2007-12-18,8.720520
2007-12-19,8.691971
2007-12-20,8.788002
2007-12-21,8.785406
2007-12-24,8.816551
2007-12-25,8.889221
2007-12-26,8.987846
2007-12-27,9.190288
2007-12-28,9.000823
2008-01-02,9.602955
2008-01-03,9.735320
2008-01-04,9.732724
2008-01-07,9.654861
2008-01-08,9.346010
2008-01-09,9.615930
2008-01-10,9.732724
2008-01-11,9.527687
2008-01-14,9.473185
2008-01-15,9.447230
2008-01-16,9.839138
2008-01-17,10.127225
2008-01-18,9.810587
2008-01-21,9.602955
2008-01-22,9.239598
2008-01-23,10.147986
2008-01-24,10.381572
2008-01-25,10.220658
2008-01-28,10.096082
2008-01-29,9.862494
2008-01-30,9.846922
2008-01-31,9.382349
2008-02-01,9.135783
2008-02-04,9.922187
2008-02-05,9.784634
2008-02-13,9.839138
2008-02-14,9.935165
2008-02-15,9.743105
2008-02-18,9.994860
2008-02-19,10.202490
2008-02-20,10.122035
2008-02-21,10.467222
2008-02-22,10.381572
2008-02-25,10.225848
2008-02-26,9.813180
2008-02-27,9.932570
2008-02-28,10.038981
2008-02-29,9.966310
2008-03-03,10.324475
2008-03-04,10.329665
2008-03-05,10.669662
2008-03-06,10.537296
2008-03-07,10.386765
2008-03-10,9.719748
2008-03-11,9.805394
2008-03-12,9.602955
2008-03-13,9.597762
2008-03-14,8.925557
2008-03-17,8.323424
2008-03-18,7.812134
2008-03-19,8.227396
2008-03-20,8.512889
2008-03-21,8.302662
2008-03-24,8.102817
2008-03-25,7.786180
2008-03-26,7.526642
2008-03-27,7.033515
2008-03-28,7.215191
2008-03-31,7.007561
2008-04-01,6.542985
2008-04-02,6.662373
2008-04-03,7.007561
2008-04-07,7.526642
2008-04-08,7.671982
2008-04-09,7.396872
2008-04-10,7.241148
2008-04-11,7.474732
2008-04-14,7.137331
2008-04-15,7.422824
2008-04-16,7.604502
2008-04-17,7.565571
2008-04-18,6.810312
2008-04-21,6.540392
2008-04-22,6.540392
2008-04-23,6.753213
2008-04-24,7.422824
2008-04-25,7.422824
2008-04-28,7.098402
2008-04-29,7.267101
2008-04-30,7.495496
2008-05-05,7.801753
2008-05-06,7.568169
2008-05-07,7.241148
2008-05-08,7.373512
2008-05-09,7.241148
2008-05-12,7.614884
2008-05-13,8.375332
2008-05-14,8.777620
2008-05-15,8.294876
2008-05-16,8.146940
2008-05-19,8.146940
2008-05-20,7.565571
2008-05-21,7.633051
2008-05-22,7.324200
2008-05-23,7.339772
2008-05-26,7.277483
2008-05-27,7.189240
2008-05-28,7.274887
2008-05-29,7.163285
2008-05-30,7.150309
2008-06-02,7.020539
2008-06-03,7.002372
2008-06-04,7.189240
2008-06-05,7.165881
2008-06-06,7.210001
2008-06-10,6.654588
2008-06-11,6.654588
2008-06-12,6.241920
2008-06-13,6.384668
2008-06-16,6.361309
2008-06-17,6.358713
2008-06-18,6.644207
2008-06-19,6.280851
2008-06-20,6.358713
2008-06-23,6.278255
2008-06-24,6.566344
2008-06-25,6.849243
2008-06-26,7.098402
2008-06-27,6.945271
2008-06-30,7.030920
2008-07-01,6.999776
2008-07-02,6.979012
2008-07-03,7.108783
2008-07-04,7.210001
2008-07-07,7.474732
2008-07-08,7.474732
2008-07-09,7.617479
2008-07-10,7.529236
2008-07-11,7.679770
2008-07-14,8.331214
2008-07-15,8.227396
2008-07-16,8.261245
2008-07-17,8.422668
2008-07-18,8.331541
2008-07-21,8.539828
2008-07-22,8.565866
2008-07-23,8.529414
2008-07-24,8.487756
2008-07-25,8.482549
2008-07-28,8.729892
2008-07-29,8.729892
2008-07-30,8.729892
2008-07-31,8.729892
2008-08-01,8.729892
2008-08-04,8.729892
2008-08-05,8.729892
2008-08-06,8.729892
2008-08-07,8.729892
2008-08-08,8.729892
2008-08-11,8.729892
2008-08-12,8.451305
2008-08-13,8.149289
2008-08-14,8.456514
2008-08-15,8.459118
2008-08-18,8.175324
2008-08-19,8.305504
2008-08-20,8.490358
2008-08-21,8.211775
2008-08-22,7.940999
2008-08-25,7.967037
2008-08-26,7.550461
2008-08-27,7.550461
2008-08-28,7.368206
2008-08-29,7.678036
2008-09-01,7.550461
2008-09-02,7.550461
2008-09-03,7.290099
2008-09-04,7.313532
2008-09-05,7.284892
2008-09-08,7.029737
2008-09-09,7.183351
2008-09-10,7.146900
2008-09-11,7.053169
2008-09-12,7.162522
2008-09-16,7.420279
2008-09-17,7.417675
2008-09-18,7.284892
2008-09-19,8.013899
2008-09-22,7.808215
2008-09-23,7.446314
2008-09-24,7.472350
2008-09-25,7.701468
2008-09-26,7.961828
2008-10-06,7.750937
2008-10-07,7.914965
2008-10-08,7.888927
2008-10-09,7.901947
2008-10-10,7.784785
2008-10-13,7.550461
2008-10-14,7.550461
2008-10-15,7.589513
2008-10-16,7.498387
2008-10-17,7.225008
2008-10-20,7.222404
2008-10-21,7.238025
2008-10-22,7.183351
2008-10-23,7.253648
2008-10-24,7.417675
2008-10-27,7.368206
2008-10-28,7.472350
2008-10-29,7.464539
2008-10-30,7.524422
2008-10-31,7.446314
2008-11-03,7.446314
2008-11-04,7.459331
2008-11-05,7.443711
2008-11-06,7.498387
2008-11-07,7.420279
2008-11-10,7.625963
2008-11-11,7.612945
2008-11-12,7.550461
2008-11-13,7.623359
2008-11-14,7.907153
2008-11-17,8.071181
2008-11-18,7.628566
2008-11-19,7.808215
2008-11-20,7.623359
2008-11-21,7.667622
2008-11-24,7.654603
2008-11-25,7.758747
2008-11-26,7.732709
2008-11-27,7.901947
2008-11-28,8.146683
2008-12-01,8.146683
2008-12-02,8.128459
2008-12-03,8.206569
2008-12-04,8.175324
2008-12-05,8.136271
2008-12-08,8.339352
2008-12-09,8.558056
2008-12-10,8.604918
2008-12-11,8.500775
2008-12-12,8.357578
2008-12-15,8.591902
2008-12-16,8.758531
2008-12-17,9.034514
2008-12-18,8.977234
2008-12-19,9.136054
2008-12-22,8.891317
2008-12-23,8.641369
2008-12-24,8.794983
2008-12-25,8.852262
2008-12-26,8.740307
2008-12-29,8.742910
2008-12-30,9.029305
2008-12-31,8.959008
2009-01-05,8.883506
2009-01-06,8.696046
2009-01-07,8.750721
2009-01-08,8.591902
2009-01-09,8.474738
2009-01-12,8.716873
2009-01-13,8.591902
2009-01-14,8.930372
2009-01-15,8.727289
2009-01-16,8.617939
2009-01-19,8.477342
2009-01-20,8.516397
2009-01-21,8.388822
2009-01-22,8.532019
2009-01-23,8.451305
2009-02-02,8.388822
2009-02-03,8.563262
2009-02-04,8.633557
2009-02-05,8.461721
2009-02-06,8.643973
2009-02-09,9.503163
2009-02-10,10.200930
2009-02-11,9.885892
2009-02-12,9.682812
2009-02-13,9.971812
2009-02-16,10.232173
2009-02-17,10.414426
2009-02-18,10.049919
2009-02-19,9.930155
2009-02-20,10.101995
2009-02-23,10.130633
2009-02-24,9.919741
2009-02-25,9.786955
2009-02-26,9.508370
2009-02-27,9.393813
2009-03-02,9.456299
2009-03-03,9.581272
2009-03-04,9.859858
2009-03-05,9.818200
2009-03-06,9.786955
2009-03-09,9.503163
2009-03-10,9.497955
2009-03-11,9.320910
2009-03-12,9.268839
2009-03-13,9.214162
2009-03-16,9.344343
2009-03-17,9.490147
2009-03-18,9.451090
2009-03-19,9.607309
2009-03-20,9.547424
2009-03-23,9.633345
2009-03-24,9.826013
2009-03-25,9.372983
2009-03-26,9.294874
2009-03-27,9.240201
2009-03-30,9.417245
2009-03-31,9.503163
2009-04-01,9.500561
2009-04-02,9.417245
2009-04-03,9.445883
2009-04-07,9.474524
2009-04-08,9.169903
2009-04-09,9.294874
2009-04-10,9.372983
2009-04-13,9.315704
2009-04-14,9.425055
2009-04-15,9.359965
2009-04-16,9.870274
2009-04-17,9.557838
2009-04-20,9.565651
2009-04-21,9.648964
2009-04-22,9.378192
2009-04-23,9.378192
2009-04-24,9.242804
2009-04-27,9.372983
2009-04-28,9.646360
2009-04-29,9.461506
2009-04-30,9.456299
2009-05-04,9.557838
2009-05-05,9.448488
2009-05-06,9.333929
2009-05-07,9.203748
2009-05-08,9.284462
2009-05-11,9.125643
2009-05-12,9.175109
2009-05-13,9.138660
2009-05-14,9.203748
2009-05-15,9.232387
2009-05-18,9.339136
2009-05-19,9.274045
2009-05-20,9.117829
2009-05-21,9.011082
2009-05-22,8.930372
2009-05-25,8.787173
2009-05-26,8.787173
2009-05-27,8.826226
2009-06-01,8.927767
2009-06-02,9.037118
2009-06-03,9.021497
2009-06-04,8.982440
2009-06-05,9.151674
2009-06-08,9.086587
2009-06-09,9.081379
2009-06-10,9.229785
2009-06-11,9.399019
2009-06-12,9.232387
2009-06-15,9.370380
2009-06-16,9.409433
2009-06-17,9.526596
2009-06-18,9.427657
2009-06-19,9.583876
2009-06-22,9.346949
2009-06-23,9.294874
2009-06-24,9.216767
2009-06-25,9.130848
2009-06-26,9.214881
2009-06-29,9.309422
2009-06-30,9.191247
2009-07-01,9.191247
2009-07-02,9.178116
2009-07-03,9.288412
2009-07-06,9.532636
2009-07-07,9.847766
2009-07-08,9.753228
2009-07-09,9.921294
2009-07-10,9.745349
2009-07-13,9.774235
2009-07-14,9.900288
2009-07-15,9.845140
2009-07-16,9.703332
2009-07-17,9.635054
2009-07-20,9.726966
2009-07-21,9.585157
2009-07-22,9.619296
2009-07-23,9.690203
2009-07-24,9.795243
2009-07-27,9.853018
2009-07-28,9.755851
2009-07-29,9.548392
2009-07-30,9.453854
2009-07-31,9.606167
2009-08-03,9.774235
2009-08-04,10.128754
2009-08-05,10.123502
2009-08-06,10.241677
2009-08-07,10.228545
2009-08-10,10.210163
2009-08-11,10.013209
2009-08-12,9.671821
2009-08-13,9.671821
2009-08-14,9.611418
2009-08-17,9.585157
2009-08-18,9.895034
2009-08-19,10.425502
2009-08-20,10.790525
2009-08-21,10.803656
2009-08-24,11.294730
2009-08-25,11.294730
2009-08-26,11.342002
2009-08-27,11.452295
2009-08-28,10.979603
2009-08-31,10.808908
2009-09-01,10.997985
2009-09-02,11.003238
2009-09-03,11.160802
2009-09-04,11.594103
2009-09-07,11.922359
2009-09-08,11.851459
2009-09-09,11.528450
2009-09-10,11.533702
2009-09-11,11.559964
2009-09-14,11.988013
2009-09-15,11.835701
2009-09-16,11.817318
2009-09-17,11.861964
2009-09-18,12.190220
2009-09-21,12.943903
2009-09-22,12.697052
2009-09-23,13.130353
2009-09-24,12.867745
2009-09-25,12.999050
2009-09-28,12.605139
2009-09-29,12.229610
2009-09-30,12.481716
2009-10-09,12.870372
2009-10-12,12.631400
2009-10-13,12.841489
2009-10-14,12.647159
2009-10-15,12.392425
2009-10-16,12.447575
2009-10-19,12.476463
2009-10-20,12.397680
2009-10-21,12.468583
2009-10-22,12.626149
2009-10-23,13.889288
2009-10-26,13.645065
2009-10-27,13.786872
2009-10-28,13.416595
2009-10-29,13.135604
2009-10-30,13.182874
2009-11-02,13.800002
2009-11-03,13.765862
2009-11-04,13.605671
2009-11-05,13.463864
2009-11-06,13.684458
2009-11-09,13.379830
2009-11-10,13.526891
2009-11-11,13.784246
2009-11-12,13.629309
2009-11-13,13.655569
2009-11-16,13.831514
2009-11-17,13.655569
2009-11-18,13.542645
2009-11-19,13.450732
2009-11-20,13.432352
2009-11-23,13.524263
2009-11-24,13.077830
2009-11-25,13.030561
2009-11-26,13.062076
2009-11-27,13.350942
2009-11-30,13.807880
2009-12-01,14.222801
2009-12-02,14.238555
2009-12-03,14.288452
2009-12-04,13.983828
2009-12-07,13.983828
2009-12-08,13.891913
2009-12-09,13.941810
2009-12-10,13.907669
2009-12-11,14.096748
2009-12-14,14.443388
2009-12-15,14.635091
2009-12-16,14.574694
2009-12-17,14.101998
2009-12-18,13.786872
2009-12-21,14.010090
2009-12-22,14.288452
2009-12-23,14.942342
2009-12-24,14.944968
2009-12-25,15.291610
2009-12-28,15.309994
2009-12-29,15.675016
2009-12-30,15.887731
2009-12-31,15.861471
2010-01-04,15.283731
2010-01-05,15.270601
2010-01-06,15.021123
2010-01-07,14.745384
2010-01-08,14.950218
2010-01-11,14.887199
2010-01-12,15.197074
2010-01-13,15.223331
2010-01-14,15.496443
2010-01-15,15.467557
2010-01-18,15.606737
2010-01-19,15.207577
2010-01-20,14.816292
2010-01-21,14.918709
2010-01-22,14.952844
2010-01-25,14.787404
2010-01-26,14.509043
2010-01-27,14.614084
2010-01-28,15.015872
2010-01-29,15.244340
2010-02-01,15.520082
2010-02-02,15.102530
2010-02-03,14.850430
2010-02-04,15.021123
2010-02-05,15.021123
2010-02-08,14.923960
2010-02-09,14.705997
2010-02-10,14.811039
2010-02-11,14.800537
2010-02-12,14.986991
2010-02-22,15.126170
2010-02-23,15.241711
2010-02-24,15.861471
2010-02-25,15.861471
2010-02-26,15.677645
2010-03-01,15.675016
2010-03-02,15.598858
2010-03-03,15.496443
2010-03-04,15.283731
2010-03-05,15.099910
2010-03-08,15.499070
2010-03-09,15.375647
2010-03-10,15.267978
2010-03-11,15.118286
2010-03-12,15.065769
2010-03-15,14.732254
2010-03-16,14.456517
2010-03-17,14.755892
2010-03-18,14.448643
2010-03-19,14.438135
2010-03-22,14.535302
2010-03-23,14.582570
2010-03-24,14.824172
2010-03-25,14.666605
2010-03-26,14.469650
2010-03-29,14.532677
2010-03-30,14.506415
2010-03-31,14.506415
2010-04-01,14.469650
2010-04-02,14.574694
2010-04-06,14.482780
2010-04-07,14.994865
2010-04-08,15.273229
2010-04-09,15.633001
2010-04-12,16.229118
2010-04-13,16.024286
2010-04-14,16.284264
2010-04-15,16.071556
2010-04-16,15.945503
2010-04-19,15.861471
2010-04-20,16.630905
2010-04-21,16.675550
2010-04-22,16.806854
2010-04-23,17.857283
2010-04-26,17.615683
2010-04-27,17.594673
2010-04-28,17.634062
2010-04-29,17.502762
2010-04-30,17.279547
2010-05-04,17.594673
2010-05-05,17.912430
2010-05-06,17.912430
2010-05-07,17.213894
2010-05-10,16.376181
2010-05-11,15.677645
2010-05-12,16.276382
2010-05-13,16.628279
2010-05-14,16.754330
2010-05-17,16.307903
2010-05-18,16.667673
2010-05-19,16.806854
2010-05-20,16.481224
2010-05-21,16.281643
2010-05-24,16.859379
2010-05-25,17.332067
2010-05-26,17.206015
2010-05-27,17.300558
2010-05-28,17.300558
2010-05-31,17.623560
2010-06-01,17.857283
2010-06-02,17.660326
2010-06-03,17.647194
2010-06-04,17.626183
2010-06-07,17.623560
2010-06-08,18.224930
2010-06-09,18.298460
2010-06-10,17.723352
2010-06-11,17.752237
2010-06-15,17.752237
2010-06-17,16.520611
2010-06-18,16.339415
2010-06-21,16.972298
2010-06-22,16.872505
2010-06-23,17.177130
2010-06-24,17.255911
2010-06-25,16.854124
2010-06-28,16.546875
2010-06-29,16.071556
2010-06-30,16.938156
2010-07-01,16.806854
2010-07-02,16.021656
2010-07-05,16.163464
2010-07-06,16.806854
2010-07-07,16.835737
2010-07-08,17.024817
2010-07-09,17.636692
2010-07-12,17.358326
2010-07-13,17.358326
2010-07-14,17.148243
2010-07-15,17.121981
2010-07-16,17.289778
2010-07-19,17.173351
2010-07-20,17.515785
2010-07-21,17.532913
2010-07-22,17.543186
2010-07-23,17.505512
2010-07-26,18.279427
2010-07-27,18.556805
2010-07-28,18.830753
2010-07-29,18.686934
2010-07-30,18.765694
2010-08-02,19.488241
2010-08-03,19.108131
2010-08-04,19.296474
2010-08-05,19.272503
2010-08-06,19.347841
2010-08-09,19.347841
2010-08-10,19.313595
2010-08-11,19.180046
2010-08-12,18.971157
2010-08-13,18.926640
2010-08-16,19.950527
2010-08-17,19.820404
2010-08-18,19.721100
2010-08-19,19.628643
2010-08-20,19.310173
2010-08-23,19.344414
2010-08-24,19.628643
2010-08-25,19.649189
2010-08-26,19.457418
2010-08-27,19.447147
2010-08-30,20.125177
2010-08-31,20.032721
2010-09-01,19.861500
2010-09-02,19.998474
2010-09-03,19.895741
2010-09-06,20.176542
2010-09-07,20.176542
2010-09-08,20.512133
2010-09-09,20.755264
2010-09-10,22.104479
2010-09-13,22.244877
2010-09-14,22.244877
2010-09-15,21.813404
2010-09-16,21.642185
2010-09-17,22.635263
2010-09-20,22.727715
2010-09-21,22.940033
2010-09-27,23.457119
2010-09-28,23.816677
2010-09-29,23.597517
2010-09-30,23.861197
2010-10-08,25.258347
2010-10-11,23.967348
2010-10-12,23.326990
2010-10-13,22.652378
2010-10-14,21.950382
2010-10-15,21.368235
2010-10-18,22.566772
2010-10-19,22.535952
2010-10-20,22.395552
2010-10-21,22.652378
2010-10-22,23.114674
2010-10-25,22.943453
2010-10-26,22.498285
2010-10-27,21.916138
2010-10-28,22.008596
2010-10-29,22.145571
2010-11-01,22.125027
2010-11-02,21.765465
2010-11-03,21.847652
2010-11-04,22.508556
2010-11-05,22.207211
2010-11-08,22.056541
2010-11-09,22.744839
2010-11-10,24.073511
2010-11-11,23.285891
2010-11-12,22.155846
2010-11-15,23.347538
2010-11-16,22.840721
2010-11-17,21.313444
2010-11-18,21.775738
2010-11-19,22.220907
2010-11-22,22.638685
2010-11-23,22.395552
2010-11-24,23.224260
2010-11-25,22.950306
2010-11-26,22.539377
2010-11-29,22.943453
2010-11-30,21.847652
2010-12-01,21.604515
2010-12-02,21.604515
2010-12-03,21.405901
2010-12-06,21.265503
2010-12-07,21.532606
2010-12-08,21.313444
2010-12-09,20.899088
2010-12-10,21.440147
2010-12-13,21.628485
2010-12-14,21.402477
2010-12-15,21.231256
2010-12-16,21.306589
2010-12-17,21.275776
2010-12-20,20.998398
2010-12-21,20.505287
2010-12-22,20.375160
2010-12-23,20.587469
2010-12-24,20.460766
2010-12-27,19.971079
2010-12-28,19.888897
2010-12-29,20.183393
2010-12-30,20.700474
2010-12-31,20.683355
2011-01-04,20.546377
2011-01-05,19.703978
2011-01-06,19.957384
2011-01-07,20.032721
2011-01-10,19.741646
2011-01-11,19.745068
2011-01-12,19.628643
2011-01-13,19.765617
2011-01-14,19.847801
2011-01-17,19.936838
2011-01-18,20.275852
2011-01-19,20.340912
2011-01-20,19.758768
2011-01-21,19.169773
2011-01-24,18.861576
2011-01-25,19.477964
2011-01-26,19.275927
2011-01-27,19.666311
2011-01-28,19.532755
2011-01-31,19.330717
2011-02-01,19.409479
2011-02-09,19.453993
2011-02-10,20.248455
2011-02-11,20.203938
2011-02-14,20.320370
2011-02-15,20.375160
2011-02-16,20.649111
2011-02-17,20.203938
2011-02-18,20.114904
2011-02-21,20.128605
2011-02-22,20.053263
2011-02-23,20.268999
2011-02-24,20.155993
2011-02-25,20.152573
2011-02-28,19.964233
2011-03-01,20.207365
2011-03-02,20.358036
2011-03-03,19.539606
2011-03-04,19.618372
2011-03-07,19.443726
2011-03-08,19.450575
2011-03-09,19.354687
2011-03-10,19.793013
2011-03-11,19.621794
2011-03-14,19.964233
2011-03-15,19.816982
2011-03-16,20.032721
2011-03-17,19.642338
2011-03-18,19.467695
2011-03-21,19.073889
2011-03-22,19.091011
2011-03-23,19.176620
2011-03-24,19.299902
2011-03-25,19.231409
2011-03-28,18.871849
2011-03-29,18.930067
2011-03-30,19.101284
2011-03-31,19.108131
2011-04-01,19.008823
2011-04-06,18.594471
2011-04-07,18.594471
2011-04-08,18.926640
2011-04-11,18.919788
2011-04-12,18.971157
2011-04-13,19.693703
2011-04-14,19.858072
2011-04-15,19.717674
2011-04-18,19.775887
2011-04-19,19.539606
2011-04-20,19.984776
2011-04-21,19.690281
2011-04-22,19.799862
2011-04-25,19.693703
2011-04-26,19.690281
2011-04-27,20.032721
2011-04-28,19.690281
2011-04-29,19.738220
2011-05-03,19.906015
2011-05-04,19.751919
2011-05-05,20.200512
2011-05-06,20.203938
2011-05-09,20.049841
2011-05-10,19.779316
2011-05-11,19.779316
2011-05-12,20.399130
2011-05-13,20.549801
2011-05-16,20.354614
2011-05-17,20.286123
2011-05-18,20.655958
2011-05-19,20.878546
2011-05-20,20.721022
2011-05-23,20.231335
2011-05-24,19.878618
2011-05-25,19.652615
2011-05-26,19.375238
2011-05-27,19.553305
2011-05-30,19.573853
2011-05-31,19.837532
2011-06-01,19.906015
2011-06-02,20.135448
2011-06-03,20.145723
2011-06-07,20.060118
2011-06-08,19.868347
2011-06-09,19.861500
2011-06-10,19.929987
2011-06-13,19.871771
2011-06-14,19.895741
2011-06-15,19.864920
2011-06-16,19.395781
2011-06-17,18.936913
2011-06-20,18.769117
2011-06-21,18.837606
2011-06-22,18.844456
2011-06-23,19.176620
2011-06-24,19.536180
2011-06-27,19.430021
2011-06-28,19.560150
2011-06-29,19.484818
2011-06-30,19.546455
2011-07-01,19.553305
2011-07-04,19.793013
2011-07-05,20.084087
2011-07-06,19.953957
2011-07-07,20.530247
2011-07-08,20.437624
2011-07-11,20.615999
2011-07-12,20.478798
2011-07-13,20.492514
2011-07-14,20.694899
2011-07-15,21.370665
2011-07-18,21.363804
2011-07-19,20.907579
2011-07-20,20.856119
2011-07-21,21.295197
2011-07-22,21.439270
2011-07-25,21.065367
2011-07-26,21.233454
2011-07-27,21.302061
2011-07-28,21.113396
2011-07-29,20.959030
2011-08-01,20.972752
2011-08-02,20.718912
2011-08-03,20.760077
2011-08-04,21.226597
2011-08-05,21.439270
2011-08-08,21.477003
2011-08-09,21.600494
2011-08-10,21.789164
2011-08-11,22.296843
2011-08-12,22.341431
2011-08-15,22.272827
2011-08-16,21.946953
2011-08-17,21.844044
2011-08-18,21.881779
2011-08-19,21.758286
2011-08-22,21.206011
2011-08-23,21.199152
2011-08-24,21.085949
2011-08-25,21.250605
2011-08-26,20.986473
2011-08-29,21.192289
2011-08-30,21.404966
2011-08-31,21.422115
2011-09-01,21.216307
2011-09-02,21.041359
2011-09-05,20.770365
2011-09-06,20.557682
2011-09-07,20.890427
2011-09-08,20.667454
2011-09-09,20.691463
2011-09-13,20.591990
2011-09-14,20.581697
2011-09-15,20.245533
2011-09-16,20.362164
2011-09-19,20.238672
2011-09-20,20.410183
2011-09-21,20.732632
2011-09-22,20.259253
2011-09-23,20.135763
2011-09-26,19.586918
2011-09-27,19.768724
2011-09-28,19.871635
2011-09-29,19.384529
2011-09-30,19.381098
2011-10-10,19.209587
2011-10-11,19.072374
2011-10-12,19.322786
2011-10-13,19.724131
2011-10-14,19.552612
2011-10-17,19.528603
2011-10-18,19.240459
2011-10-19,19.137552
2011-10-20,18.832256
2011-10-21,18.592134
2011-10-24,18.695042
2011-10-25,19.130686
2011-10-26,19.343365
2011-10-27,19.411974
2011-10-28,19.384529
2011-10-31,19.370810
2011-11-01,19.381098
2011-11-02,20.170065
2011-11-03,20.595421
2011-11-04,20.506235
2011-11-07,20.742922
2011-11-08,20.701756
2011-11-09,20.852690
2011-11-10,20.938446
2011-11-11,20.564548
2011-11-14,20.821814
2011-11-15,20.640013
2011-11-16,20.204367
2011-11-17,20.338148
2011-11-18,20.231812
2011-11-21,20.334721
2011-11-22,20.108320
2011-11-23,20.056868
2011-11-24,20.173494
2011-11-25,20.135763
2011-11-28,20.986473
2011-11-29,21.192289
2011-11-30,20.952169
2011-12-01,21.075655
2011-12-02,20.746353
2011-12-05,20.238672
2011-12-06,19.905935
2011-12-07,19.964251
2011-12-08,20.375885
2011-12-09,20.170065
2011-12-12,19.878492
2011-12-13,19.082666
2011-12-14,19.209587
2011-12-15,18.852837
2011-12-16,19.182140
2011-12-19,19.449703
2011-12-20,19.384529
2011-12-21,19.106680
2011-12-22,19.442846
2011-12-23,19.487434
2011-12-26,19.062086
2011-12-27,18.382889
2011-12-28,18.653879
2011-12-29,18.180504
2011-12-30,18.180504
2012-01-04,17.494444
2012-01-05,17.075949
2012-01-06,17.480722
2012-01-09,17.473862
2012-01-10,17.899220
2012-01-11,17.583628
2012-01-12,17.792881
2012-01-13,17.353806
2012-01-16,16.530531
2012-01-17,17.254324
2012-01-18,16.053724
2012-01-19,16.132624
2012-01-20,16.979902
2012-01-30,16.811819
2012-01-31,16.767223
2012-02-01,16.801527
2012-02-02,17.165138
2012-02-03,17.271477
2012-02-06,17.467007
2012-02-07,17.628227
2012-02-08,17.906075
2012-02-09,17.837473
2012-02-10,17.940378
2012-02-13,17.974686
2012-02-14,17.827185
2012-02-15,17.837473
2012-02-16,17.641949
2012-02-17,17.624800
2012-02-20,17.151415
2012-02-21,17.220018
2012-02-22,17.292057
2012-02-23,17.515028
2012-02-24,17.878635
2012-02-27,18.039858
2012-02-28,17.837473
2012-02-29,17.864918
2012-03-01,17.532179
2012-03-02,17.655668
2012-03-05,17.247463
2012-03-06,17.305779
2012-03-07,17.333220
2012-03-08,17.305779
2012-03-09,17.528746
2012-03-12,17.868343
2012-03-13,17.820320
2012-03-14,17.569910
2012-03-15,18.129044
2012-03-16,18.729347
2012-03-19,18.516670
2012-03-20,17.950670
2012-03-21,17.597355
2012-03-22,17.528746
2012-03-23,17.494444
2012-03-26,17.597355
2012-03-27,17.360662
2012-03-28,16.832397
2012-03-29,16.678034
2012-03-30,16.883856
2012-04-05,17.089672
2012-04-06,17.082809
2012-04-09,16.808386
2012-04-10,16.804955
2012-04-11,16.722631
2012-04-12,16.997051
2012-04-13,16.962753
2012-04-16,16.770657
2012-04-17,16.825541
2012-04-18,16.705482
2012-04-19,16.739782
2012-04-20,16.852980
2012-04-23,16.983334
2012-04-24,16.983334
2012-04-25,17.216593
2012-04-26,17.360662
2012-04-27,17.302347
2012-05-02,17.491018
2012-05-03,17.875206
2012-05-04,17.930090
2012-05-07,18.057007
2012-05-08,18.002131
2012-05-09,17.491018
2012-05-10,18.242245
2012-05-11,18.310852
2012-05-14,18.207945
2012-05-15,17.916368
2012-05-16,17.614500
2012-05-17,17.641949
2012-05-18,17.600782
2012-05-21,17.837473
2012-05-22,18.036430
2012-05-23,17.834040
2012-05-24,17.744858
2012-05-25,17.614500
2012-05-28,17.762007
2012-05-29,17.717409
2012-05-30,17.494444
2012-05-31,17.487583
2012-06-01,17.906075
2012-06-04,17.813465
2012-06-05,18.331432
2012-06-06,18.540680
2012-06-07,18.352015
2012-06-08,18.763653
2012-06-11,18.808241
2012-06-12,19.140982
2012-06-13,19.724131
2012-06-14,19.806454
2012-06-15,19.820217
2012-06-18,19.593185
2012-06-19,20.140114
2012-06-20,19.600065
2012-06-21,19.331760
2012-06-25,19.331760
2012-06-26,19.359276
2012-06-27,19.558786
2012-06-28,20.033487
2012-06-29,20.391222
2012-07-02,20.604492
2012-07-03,20.198591
2012-07-04,19.806454
2012-07-05,19.933731
2012-07-06,20.700806
2012-07-09,20.982874
2012-07-10,20.501297
2012-07-11,21.591719
2012-07-12,21.154863
2012-07-13,21.560760
2012-07-16,20.924397
2012-07-17,20.552893
2012-07-18,20.360268
2012-07-19,20.614807
2012-07-20,20.466902
2012-07-23,20.638889
2012-07-24,21.450686
2012-07-25,21.061987
2012-07-26,20.831518
2012-07-27,20.226112
2012-07-30,20.332747
2012-07-31,20.363705
2012-08-01,20.298351
2012-08-02,21.010391
2012-08-03,21.268375
2012-08-06,21.289017
2012-08-07,20.982874
2012-08-08,20.848715
2012-08-09,21.512602
2012-08-10,21.474764
2012-08-13,21.825628
2012-08-14,21.688036
2012-08-15,21.928820
2012-08-16,21.670837
2012-08-17,20.989754
2012-08-20,21.278698
2012-08-21,21.952902
2012-08-22,21.774027
2012-08-23,21.309654
2012-08-24,20.934711
2012-08-27,20.969109
2012-08-28,20.742083
2012-08-29,20.466902
2012-08-30,19.606945
2012-08-31,19.985325
2012-09-03,20.298351
2012-09-04,20.043802
2012-09-05,20.157316
2012-09-06,20.260509
2012-09-07,21.003511
2012-09-10,21.258059
2012-09-11,21.454126
2012-09-12,21.333735
2012-09-13,21.058544
2012-09-14,20.982874
2012-09-17,21.199581
2012-09-18,21.099829
2012-09-19,21.182383
2012-09-20,20.817760
2012-09-21,20.501297
2012-09-24,20.931278
2012-09-25,20.821201
2012-09-26,20.570097
2012-09-27,20.993191
2012-09-28,21.395651
2012-10-08,21.474764
2012-10-09,21.918501
2012-10-10,21.904741
2012-10-11,21.739634
2012-10-12,21.722433
2012-10-15,22.014816
2012-10-16,22.190250
2012-10-17,21.956341
2012-10-18,22.014816
2012-10-19,21.670837
2012-10-22,21.736193
2012-10-23,21.278698
2012-10-24,21.092945
2012-10-25,21.333735
2012-10-26,21.326855
2012-10-29,21.237415
2012-10-30,21.058544
2012-10-31,22.530790
2012-11-01,22.547987
2012-11-02,22.744057
2012-11-05,22.750933
2012-11-06,22.658062
2012-11-07,22.640865
2012-11-08,22.809416
2012-11-09,22.461992
2012-11-12,22.427593
2012-11-13,22.138649
2012-11-14,22.025135
2012-11-15,22.496391
2012-11-16,22.152407
2012-11-19,21.980417
2012-11-20,22.248724
2012-11-21,22.427593
2012-11-22,22.375994
2012-11-23,22.283121
2012-11-26,21.791227
2012-11-27,21.694912
2012-11-28,21.344049
2012-11-29,21.605476
2012-11-30,21.736193
2012-12-03,21.553883
2012-12-04,21.725872
2012-12-05,21.904741
2012-12-06,21.767151
2012-12-07,21.842825
2012-12-10,21.395651
2012-12-11,21.292456
2012-12-12,21.278698
2012-12-13,21.323416
2012-12-14,21.880663
2012-12-17,21.378447
2012-12-18,21.780907
2012-12-19,21.918501
2012-12-20,21.877224
2012-12-21,22.007935
2012-12-24,22.252161
2012-12-25,22.554863
2012-12-26,22.565187
2012-12-27,22.623667
2012-12-28,22.960764
2012-12-31,23.390739
2013-01-04,22.393198
2013-01-07,22.386316
2013-01-08,22.977966
2013-01-09,22.916048
2013-01-10,22.823172
2013-01-11,22.977966
2013-01-14,23.418261
2013-01-15,24.082150
2013-01-16,24.766672
2013-01-17,25.110651
2013-01-18,25.124405
2013-01-21,25.065929
2013-01-22,24.388290
2013-01-23,25.385836
2013-01-24,25.712616
2013-01-25,26.366177
2013-01-28,26.555374
2013-01-29,26.300829
2013-01-30,26.176994
2013-01-31,26.314587
2013-02-01,26.108196
2013-02-04,25.420235
2013-02-05,25.901808
2013-02-06,25.901808
2013-02-07,25.970606
2013-02-08,26.689526
2013-02-18,26.176994
2013-02-19,26.142595
2013-02-20,27.174538
2013-02-21,26.796160
2013-02-22,26.727364
2013-02-25,26.582893
2013-02-26,26.149481
2013-02-27,25.970606
2013-02-28,26.125393
2013-03-01,26.465940
2013-03-04,26.486572
2013-03-05,27.435965
2013-03-06,27.277737
2013-03-07,27.133261
2013-03-08,26.510658
2013-03-11,26.366177
2013-03-12,25.888048
2013-03-13,25.874287
2013-03-14,26.778957
2013-03-15,26.778957
2013-03-18,27.346531
2013-03-19,27.009430
2013-03-20,28.877247
2013-03-21,28.894447
2013-03-22,29.905758
2013-03-25,29.582415
2013-03-26,29.575531
2013-03-27,29.651207
2013-03-28,29.376019
2013-03-29,29.410419
2013-04-01,29.025154
2013-04-02,28.206486
2013-04-03,27.804020
2013-04-08,28.481665
2013-04-09,28.550461
2013-04-10,28.034492
2013-04-11,28.034492
2013-04-12,28.137688
2013-04-15,28.550461
2013-04-16,28.626143
2013-04-17,29.465454
2013-04-18,29.238424
2013-04-19,29.393217
2013-04-22,29.424179
2013-04-23,28.715578
2013-04-24,29.324427
2013-04-25,29.606495
2013-04-26,29.307226
2013-05-02,29.582415
2013-05-03,30.628113
2013-05-06,30.270369
2013-05-07,30.273809
2013-05-08,30.624674
2013-05-09,30.958336
2013-05-10,30.751940
2013-05-13,30.180933
2013-05-14,29.943586
2013-05-15,29.936712
2013-05-16,30.229099
2013-05-17,30.442360
2013-05-20,29.530809
2013-05-21,29.238424
2013-05-22,29.651207
2013-05-23,29.737200
2013-05-24,30.906742
2013-05-27,30.511156
2013-05-28,30.786346
2013-05-29,30.958336
2013-05-30,30.951458
2013-05-31,30.958336
2013-06-03,30.435484
2013-06-04,30.057100
2013-06-05,29.788799
2013-06-06,29.885115
2013-06-07,28.894447
2013-06-13,28.959806
2013-06-14,29.015146
2013-06-17,30.502209
2013-06-18,30.056084
2013-06-19,30.049168
2013-06-20,29.080843
2013-06-21,30.004204
2013-06-24,28.945971
2013-06-25,28.427227
2013-06-26,29.416296
2013-06-27,29.450878
2013-06-28,29.053175
2013-07-01,30.429579
2013-07-02,32.504555
2013-07-03,33.095924
2013-07-04,33.095924
2013-07-05,32.480350
2013-07-08,32.335106
2013-07-09,32.694767
2013-07-10,32.767384
2013-07-11,33.507469
2013-07-12,34.548416
2013-07-15,35.603188
2013-07-16,35.001450
2013-07-17,34.375496
2013-07-18,34.610664
2013-07-19,34.410084
2013-07-22,34.980698
2013-07-23,36.298317
2013-07-24,38.276455
2013-07-25,37.349636
2013-07-26,36.962307
2013-07-29,36.657986
2013-07-30,36.827435
2013-07-31,36.007820
2013-08-01,36.661438
2013-08-02,36.595734
2013-08-05,37.245884
2013-08-06,37.072975
2013-08-07,36.657986
2013-08-08,36.426273
2013-08-09,36.225689
2013-08-12,35.585911
2013-08-13,35.188206
2013-08-14,35.132866
2013-08-15,34.344379
2013-08-16,34.548416
2013-08-19,35.101742
2013-08-20,34.596832
2013-08-21,35.094822
2013-08-22,37.107559
2013-08-23,37.543304
2013-08-26,37.214767
2013-08-27,36.934647
2013-08-28,36.519642
2013-08-29,35.789944
2013-08-30,35.620487
2013-09-02,35.879860
2013-09-03,36.173817
2013-09-04,36.450481
2013-09-05,35.758827
2013-09-06,37.000351
2013-09-09,36.571526
2013-09-10,36.312149
2013-09-11,35.115574
2013-09-12,35.274654
2013-09-13,36.025108
2013-09-16,36.032028
2013-09-17,36.823975
2013-09-18,36.654510
2013-09-23,39.562954
2013-09-24,39.064960
2013-09-25,38.176167
2013-09-26,39.338161
2013-09-27,40.548569
2013-09-30,40.482861
2013-10-08,40.271900
2013-10-09,40.081696
2013-10-10,39.943356
2013-10-11,39.805038
2013-10-14,39.251705
2013-10-15,39.286289
2013-10-16,40.005611
2013-10-17,39.528366
2013-10-18,39.241333
2013-10-21,39.545658
2013-10-22,38.757164
2013-10-23,38.041298
2013-10-24,38.044758
2013-10-25,37.318516
2013-10-28,34.465416
2013-10-29,35.827988
2013-10-30,35.447575
2013-10-31,35.821075
2013-11-01,35.962856
2013-11-04,34.652161
2013-11-05,34.583000
2013-11-06,33.504005
2013-11-07,33.535141
2013-11-08,33.815258
2013-11-11,34.617584
2013-11-12,34.372036
2013-11-13,34.074631
2013-11-14,34.621044
2013-11-15,34.928829
2013-11-18,34.410084
2013-11-19,33.898258
2013-11-20,34.053883
2013-11-21,33.874046
2013-11-22,33.891335
2013-11-25,34.015839
2013-11-26,34.621044
2013-11-27,35.285034
2013-11-28,35.336906
2013-11-29,35.966320
2013-12-02,34.793953
2013-12-03,36.609566
2013-12-04,36.128860
2013-12-05,35.776108
2013-12-06,36.032028
2013-12-09,35.620487
2013-12-10,34.963413
2013-12-11,34.859673
2013-12-12,35.015289
2013-12-13,34.586460
2013-12-16,34.029667
2013-12-17,34.168003
2013-12-18,34.029667
2013-12-19,33.583549
2013-12-20,32.888435
2013-12-23,34.237167
2013-12-24,34.825077
2013-12-25,34.897701
2013-12-26,34.797413
2013-12-27,35.329987
2013-12-30,34.306335
2013-12-31,35.271206
2014-01-02,35.983604
2014-01-03,35.222786
2014-01-06,34.793953
2014-01-07,34.510372
2014-01-08,34.506924
2014-01-09,34.579533
2014-01-10,33.870586
2014-01-13,33.991631
2014-01-14,34.064255
2014-01-15,34.098843
2014-01-16,33.545506
2014-01-17,33.459045
2014-01-20,32.508015
2014-01-21,32.041145
2014-01-22,32.725891
2014-01-23,32.355850
2014-01-24,31.954685
2014-01-27,30.986368
2014-01-28,31.833647
2014-01-29,31.698774
2014-01-30,31.757566
2014-02-07,30.761581
2014-02-10,31.505114
2014-02-11,31.221533
2014-02-12,31.733360
2014-02-13,31.159277
2014-02-14,31.090124
2014-02-17,30.737377
2014-02-18,30.142540
2014-02-19,30.716619
2014-02-20,30.232456
2014-02-21,30.294716
2014-02-24,29.533880
2014-02-25,29.049721
2014-02-26,29.018597
2014-02-27,28.254309
2014-02-28,29.706797
2014-03-03,29.706797
2014-03-04,28.558641
2014-03-05,27.970732
2014-03-06,27.908476
2014-03-07,30.699324
2014-03-10,30.709703
2014-03-11,31.301075
2014-03-12,30.370787
2014-03-13,30.536795
2014-03-14,30.111412
2014-03-17,30.242832
2014-03-18,29.603048
2014-03-19,28.797264
2014-03-20,28.451437
2014-03-21,29.053175
2014-03-24,28.703886
2014-03-25,28.634718
2014-03-26,28.945971
2014-03-27,28.358061
2014-03-28,28.773054
2014-03-31,29.049721
2014-04-01,28.409933
2014-04-02,28.008770
2014-04-03,28.012228
2014-04-04,28.181683
2014-04-08,29.098133
2014-04-09,29.316010
2014-04-10,29.257217
2014-04-11,30.350039
2014-04-14,30.640537
2014-04-15,29.907373
2014-04-16,29.724089
2014-04-17,29.603048
2014-04-18,29.568464
2014-04-21,29.568464
2014-04-22,29.568464
2014-04-23,29.222635
2014-04-24,29.824379
2014-04-25,29.755209
2014-04-28,28.565557
2014-04-29,28.586302
2014-04-30,29.395544
2014-05-05,30.087210
2014-05-06,30.429579
2014-05-07,30.104496
2014-05-08,30.415743
2014-05-09,30.467619
2014-05-12,31.090124
2014-05-13,31.200779
2014-05-14,31.090124
2014-05-15,30.488380
2014-05-16,30.107950
2014-05-19,29.737921
2014-05-20,29.748295
2014-05-21,30.121790
2014-05-22,30.139080
2014-05-23,30.121790
2014-05-26,30.294716
2014-05-27,30.197874
2014-05-28,30.239616
2014-05-29,29.905704
2014-05-30,30.015265
2014-06-03,29.577021
2014-06-04,28.971798
2014-06-05,28.841370
2014-06-06,28.392683
2014-06-09,28.017033
2014-06-10,28.690067
2014-06-11,28.523111
2014-06-12,28.502241
2014-06-13,28.611799
2014-06-16,28.377024
2014-06-17,28.011814
2014-06-18,27.912682
2014-06-19,27.119659
2014-06-20,26.790958
2014-06-23,26.123146
2014-06-24,26.337051
2014-06-25,26.274445
2014-06-26,26.373575
2014-06-27,26.921392
2014-06-30,27.234430
2014-07-01,26.916174
2014-07-02,26.681396
2014-07-03,26.968353
2014-07-04,26.764875
2014-07-07,26.822268
2014-07-08,26.644880
2014-07-09,25.512712
2014-07-10,25.037941
2014-07-11,25.199677
2014-07-14,25.184031
2014-07-15,26.039660
2014-07-16,26.029232
2014-07-17,25.820541
2014-07-18,26.003141
2014-07-21,27.130087
2014-07-22,27.083132
2014-07-23,26.926609
2014-07-24,27.688339
2014-07-25,27.646603
2014-07-28,27.938772
2014-07-29,27.959644
2014-07-30,28.277901
2014-07-31,28.215290
2014-08-01,28.564852
2014-08-04,28.982237
2014-08-05,29.102240
2014-08-06,28.825720
2014-08-07,27.870945
2014-08-08,28.037907
2014-08-11,28.220512
2014-08-12,27.677906
2014-08-13,27.808338
2014-08-14,27.750950
2014-08-15,27.954422
2014-08-18,28.116161
2014-08-19,28.069201
2014-08-20,27.630955
2014-08-21,27.724859
2014-08-22,27.354435
2014-08-25,26.514439
2014-08-26,26.081406
2014-08-27,26.086628
2014-08-28,25.977057
2014-08-29,26.112713
2014-09-01,26.483135
2014-09-02,26.660522
2014-09-03,26.890089
2014-09-04,26.910965
2014-09-05,27.354435
2014-09-09,27.323126
2014-09-10,27.025743
2014-09-11,26.832701
2014-09-12,26.738791
2014-09-15,26.775309
2014-09-16,26.321402
2014-09-17,26.384007
2014-09-18,26.790958
2014-09-19,27.041393
2014-09-22,26.712698
2014-09-23,26.843138
2014-09-24,27.140516
2014-09-25,26.900522
2014-09-26,26.665743
2014-09-29,26.686613
2014-09-30,26.749220
2014-10-08,29.425711
2014-10-09,29.290058
2014-10-10,28.940500
2014-10-13,29.373535
2014-10-14,28.622242
2014-10-15,29.258749
2014-10-16,29.128323
2014-10-17,29.373535
2014-10-20,29.561357
2014-10-21,29.081362
2014-10-22,28.335289
2014-10-23,27.703991
2014-10-24,27.443125
2014-10-27,27.714426
2014-10-28,28.100504
2014-10-29,28.486589
2014-10-30,27.844858
2014-10-31,27.897032
2014-11-03,27.891813
2014-11-04,27.495295
2014-11-05,27.698778
2014-11-06,27.724859
2014-11-07,27.177040
2014-11-10,28.069201
2014-11-11,28.298763
2014-11-12,28.204857
2014-11-13,27.651819
2014-11-14,28.778759
2014-11-17,28.455288
2014-11-18,27.980507
2014-11-19,27.912682
2014-11-20,27.766598
2014-11-21,27.943993
2014-11-24,28.450068
2014-11-25,28.507460
2014-11-26,29.138760
2014-11-27,29.222237
2014-11-28,29.211798
2014-12-01,30.109182
2014-12-02,30.364822
2014-12-03,30.484827
2014-12-04,31.043079
2014-12-05,30.834385
2014-12-08,31.716110
2014-12-09,31.303951
2014-12-10,32.347404
2014-12-11,31.408289
2014-12-12,31.465685
2014-12-15,31.382200
2014-12-16,30.730036
2014-12-17,30.677872
2014-12-18,31.241339
2014-12-19,30.547430
2014-12-22,29.942225
2014-12-23,30.677872
2014-12-24,30.547430
2014-12-25,30.630911
2014-12-26,30.599604
2014-12-29,30.761339
2014-12-30,31.726551
2014-12-31,32.947411
2015-01-05,33.886520
2015-01-06,35.076069
2015-01-07,34.799553
2015-01-08,34.799553
2015-01-09,33.808262
2015-01-12,33.964783
2015-01-13,33.896954
2015-01-14,33.683048
2015-01-15,33.912613
2015-01-16,34.444778
2015-01-19,32.712620
2015-01-20,33.338703
2015-01-21,33.964783
2015-01-22,34.116085
2015-01-23,33.730003
2015-01-26,34.726513
2015-01-27,34.397820
2015-01-28,33.542175
2015-01-29,32.816967
2015-01-30,32.837841
2015-02-02,32.425667
2015-02-03,32.973492
2015-02-04,32.410027
2015-02-05,31.862202
2015-02-06,31.314381
2015-02-09,31.512638
2015-02-10,31.658728
2015-02-11,31.976976
2015-02-12,31.940460
2015-02-13,32.211765
2015-02-16,32.347404
2015-02-17,32.702190
2015-02-25,32.023937
2015-02-26,32.316113
2015-02-27,32.493492
2015-03-02,32.644791
2015-03-03,32.806538
2015-03-04,33.589134
2015-03-05,33.176964
2015-03-06,32.383930
2015-03-09,32.530014
2015-03-10,33.291752
2015-03-11,32.957840
2015-03-12,33.067394
2015-03-13,32.801323
2015-03-16,33.589134
2015-03-17,33.390873
2015-03-18,34.121304
2015-03-19,33.876091
2015-03-20,34.095207
2015-03-23,34.486511
2015-03-24,35.556065
2015-03-25,35.206501
2015-03-26,34.622169
2015-03-27,34.695210
2015-03-30,35.102158
2015-03-31,34.773472
2015-04-01,35.477810
2015-04-02,35.545631
2015-04-03,35.503891
2015-04-07,36.536915
2015-04-08,36.056927
2015-04-09,35.425629
2015-04-10,36.077789
2015-04-13,36.531712
2015-04-14,37.877777
2015-04-15,36.156055
2015-04-16,37.564735
2015-04-17,37.356049
2015-04-20,36.542141
2015-04-21,37.830822
2015-04-22,39.077759
2015-04-23,38.415161
2015-04-24,37.606472
2015-04-27,37.877777
2015-04-28,36.516052
2015-04-29,36.782139
2015-04-30,36.249966
2015-05-04,35.634323
2015-05-05,35.456940
2015-05-06,35.629105
2015-05-07,34.888256
2015-05-08,35.550854
2015-05-11,36.427364
2015-05-12,36.443012
2015-05-13,36.135185
2015-05-14,35.550854
2015-05-15,35.696930
2015-05-18,35.383888
2015-05-19,36.203014
2015-05-20,36.270836
2015-05-21,37.204742
2015-05-22,37.282997
2015-05-25,38.169937
2015-05-26,38.514290
2015-05-27,38.503857
2015-05-28,37.225613
2015-05-29,39.119495
2015-06-01,40.700344
2015-06-02,40.215134
2015-06-03,40.079487
2015-06-04,39.516010
2015-06-05,39.072548
2015-06-08,39.479488
2015-06-09,38.514290
2015-06-10,38.623856
2015-06-11,39.156017
2015-06-12,39.656883
2015-06-15,43.622047
2015-06-16,43.914223
2015-06-17,43.710747
2015-06-18,42.834232
2015-06-19,41.895115
2015-06-23,46.063759
2015-06-24,46.277660
2015-06-25,45.072472
2015-06-26,41.900326
2015-06-29,41.597729
2015-06-30,45.009857
2015-07-01,42.255108
2015-07-02,39.390797
2015-07-03,39.129932
2015-07-06,39.651669
2015-07-07,37.209957
2015-07-08,33.495224
2015-07-09,36.844746
2015-07-10,40.058617
2015-07-13,40.168179
2015-07-14,38.869068
2015-07-15,36.834312
2015-07-16,37.543869
2015-07-17,38.827328
2015-07-20,38.764717
2015-07-21,39.129932
2015-07-22,38.420872
2015-07-23,39.182457
2015-07-24,40.521805
2015-07-27,37.081524
2015-07-28,38.342087
2015-07-29,38.762272
2015-07-30,37.916634
2015-07-31,38.641464
2015-08-03,39.487091
2015-08-04,39.891525
2015-08-05,39.445068
2015-08-06,39.030140
2015-08-07,39.403057
2015-08-10,40.227669
2015-08-11,40.437763
2015-08-12,39.550117
2015-08-13,39.613148
2015-08-14,39.282246
2015-08-17,39.308510
2015-08-18,37.370396
2015-08-19,38.200272
2015-08-20,37.438679
2015-08-21,36.445988
2015-08-24,32.800861
2015-08-25,31.177891
2015-08-26,32.611782
2015-08-27,34.087681
2015-08-28,35.321987
2015-08-31,36.435482
2015-09-01,37.580490
2015-09-02,37.491207
2015-09-07,35.138145
2015-09-08,35.978531
2015-09-09,37.123535
2015-09-10,36.288418
2015-09-11,35.920750
2015-09-14,35.815712
2015-09-15,34.313534
2015-09-16,36.241154
2015-09-17,35.190678
2015-09-18,34.717964
2015-09-21,35.185425
2015-09-22,35.721169
2015-09-23,35.348248
2015-09-24,35.006847
2015-09-25,34.402824
2015-09-28,34.245251
2015-09-29,33.326096
2015-09-30,33.614971
2015-10-08,34.675953
2015-10-09,34.628674
2015-10-12,35.968025
2015-10-13,35.926010
2015-10-14,35.558342
2015-10-15,35.978531
2015-10-16,35.931255
2015-10-19,35.243202
2015-10-20,35.605614
2015-10-21,35.085629
2015-10-22,35.390266
2015-10-23,36.204380
2015-10-26,36.083569
2015-10-27,35.726421
2015-10-28,35.342995
2015-10-29,35.778938
2015-10-30,35.374504
2015-11-02,35.174919
2015-11-03,34.696960
2015-11-04,35.920750
2015-11-05,36.372456
2015-11-06,36.514267
2015-11-09,37.007984
2015-11-10,36.955460
2015-11-11,36.918690
2015-11-12,37.233841
2015-11-13,36.871422
2015-11-16,36.803146
2015-11-17,37.732815
2015-11-18,37.974419
2015-11-19,37.816849
2015-11-20,37.344131
2015-11-23,37.317875
2015-11-24,36.818901
2015-11-25,36.955460
2015-11-26,37.002731
2015-11-27,36.241154
2015-11-30,35.547840
2015-12-01,35.862976
2015-12-02,37.438679
2015-12-03,36.913445
2015-12-04,37.023735
2015-12-07,37.816849
2015-12-08,38.058449
2015-12-09,38.026947
2015-12-10,38.252796
2015-12-11,37.554230
2015-12-14,38.594189
2015-12-15,38.431366
2015-12-16,37.701290
2015-12-17,38.300056
2015-12-18,38.904083
2015-12-21,41.672062
2015-12-22,41.283394
2015-12-23,40.548069
2015-12-24,39.886269
2015-12-25,39.886269
2015-12-28,39.051144
2015-12-29,39.051144
2015-12-30,39.077412
2015-12-31,38.142490
2016-01-04,35.647633
2016-01-05,36.346203
2016-01-06,36.398712
2016-01-07,33.919617
2016-01-08,34.397568
2016-01-11,33.299835
2016-01-12,33.383877
2016-01-13,32.228363
2016-01-14,32.674809
2016-01-15,31.619081
2016-01-18,32.102299
2016-01-19,32.722080
2016-01-20,31.829178
2016-01-21,31.146378
2016-01-22,31.146378
2016-01-25,31.902714
2016-01-26,30.479330
2016-01-27,30.442566
2016-01-28,30.442566
2016-01-29,31.508789
2016-02-01,31.162132
2016-02-02,31.981504
2016-02-03,31.850187
2016-02-04,31.986746
2016-02-05,31.829178
2016-02-15,31.503534
2016-02-16,32.223103
2016-02-17,32.296642
2016-02-18,31.955236
2016-02-19,31.671612
2016-02-22,32.097054
2016-02-23,31.577074
2016-02-24,31.603327
2016-02-25,29.938337
2016-02-26,29.938337
2016-02-29,28.887873
2016-03-01,28.992912
2016-03-02,30.137932
2016-03-03,29.938337
2016-03-04,30.253475
2016-03-07,30.468828
2016-03-08,30.568613
2016-03-09,29.980356
2016-03-10,30.038132
2016-03-11,29.954094
2016-03-14,30.778713
2016-03-15,31.282932
2016-03-16,31.251421
2016-03-17,31.487776
2016-03-18,31.934231
2016-03-21,31.976250
2016-03-22,31.787161
2016-03-23,31.839684
2016-03-24,31.120117
2016-03-25,31.529791
2016-03-28,31.671612
2016-03-29,31.198896
2016-03-30,32.039272
2016-03-31,32.196842
2016-04-01,31.986746
2016-04-05,32.417439
2016-04-06,32.590771
2016-04-07,32.538246
2016-04-08,32.023514
2016-04-11,32.207348
2016-04-12,32.223103
2016-04-13,32.433201
2016-04-14,32.548752
2016-04-15,32.448956
2016-04-18,31.871201
2016-04-19,32.091793
2016-04-20,31.435253
2016-04-21,31.324953
2016-04-22,31.408997
2016-04-25,31.067591
2016-04-26,31.183147
2016-04-27,31.172632
2016-04-28,31.561308
2016-04-29,31.750393
2016-05-03,32.564499
2016-05-04,32.632786
2016-05-05,32.459461
2016-05-06,31.776653
2016-05-09,31.382732
2016-05-10,31.030827
2016-05-11,32.254616
2016-05-12,32.585510
2016-05-13,32.501480
2016-05-16,33.094997
2016-05-17,32.827122
2016-05-18,33.184288
2016-05-19,32.564499
2016-05-20,32.606529
2016-05-23,32.401688
2016-05-24,32.438446
2016-05-25,32.249367
2016-05-26,32.212605
2016-05-27,32.233612
2016-05-30,31.981504
2016-05-31,32.785107
2016-06-01,32.669556
2016-06-02,32.806110
2016-06-03,33.751534
2016-06-06,33.604469
2016-06-07,33.772545
2016-06-08,33.704262
2016-06-13,32.659054
2016-06-14,32.774597
2016-06-15,33.023865
2016-06-16,32.604897
2016-06-17,32.817028
2016-06-20,32.992035
2016-06-21,32.726868
2016-06-22,33.389786
2016-06-23,33.235992
2016-06-24,32.917782
2016-06-27,33.511765
2016-06-28,34.058006
2016-06-29,34.026188
2016-06-30,34.100430
2016-07-01,33.739807
2016-07-04,34.063309
2016-07-05,34.259533
2016-07-06,35.399742
2016-07-07,35.903564
2016-07-08,35.511120
2016-07-11,36.799828
2016-07-12,37.743816
2016-07-13,37.648361
2016-07-14,37.298340
2016-07-15,37.229397
2016-07-18,36.714973
2016-07-19,36.714973
2016-07-20,36.714973
2016-07-21,36.714973
2016-07-22,36.714973
2016-07-25,36.714973
2016-07-26,36.714973
2016-07-27,36.714973
2016-07-28,36.714973
2016-07-29,36.714973
2016-08-01,36.714973
2016-08-02,36.714973
2016-08-03,36.714973
2016-08-04,36.714973
2016-08-05,36.714973
2016-08-08,36.714973
2016-08-09,36.714973
2016-08-10,36.714973
2016-08-11,36.714973
2016-08-12,36.714973
2016-08-15,36.714973
2016-08-16,36.714973
2016-08-17,36.714973
2016-08-18,36.714973
2016-08-19,36.714973
2016-08-22,36.714973
2016-08-23,36.714973
2016-08-24,36.714973
2016-08-25,36.714973
2016-08-26,36.714973
2016-08-29,36.714973
2016-08-30,36.714973
2016-08-31,36.714973
2016-09-01,36.714973
2016-09-02,36.714973
2016-09-05,36.714973
2016-09-06,36.714973
2016-09-07,36.714973
2016-09-08,36.714973
2016-09-09,36.714973
2016-09-12,36.714973
2016-09-13,36.714973
2016-09-14,36.714973
2016-09-19,36.714973
2016-09-20,36.714973
2016-09-21,36.714973
2016-09-22,36.714973
2016-09-23,36.714973
2016-09-26,36.714973
2016-09-27,36.714973
2016-09-28,36.714973
2016-09-29,36.714973
2016-09-30,36.714973
2016-10-10,36.714973
2016-10-11,36.714973
2016-10-12,36.714973
2016-10-13,36.714973
2016-10-14,36.714973
2016-10-17,36.714973
2016-10-18,36.714973
2016-10-19,36.714973
2016-10-20,36.714973
2016-10-21,36.714973
2016-10-24,36.714973
2016-10-25,36.714973
2016-10-26,36.714973
2016-10-27,36.714973
2016-10-28,36.714973
2016-10-31,36.714973
2016-11-01,36.714973
2016-11-02,36.714973
2016-11-03,36.714973
2016-11-04,36.714973
2016-11-07,36.714973
2016-11-08,36.714973
2016-11-09,36.714973
2016-11-10,36.714973
2016-11-11,36.714973
2016-11-14,36.714973
2016-11-15,36.714973
2016-11-16,36.714973
2016-11-17,36.714973
2016-11-18,36.714973
2016-11-21,36.714973
2016-11-22,36.714973
2016-11-23,36.714973
2016-11-24,36.714973
2016-11-25,36.714973
2016-11-28,36.714973
2016-11-29,36.714973
2016-11-30,36.714973
2016-12-01,36.714973
2016-12-02,36.714973
2016-12-05,36.714973
2016-12-06,36.714973
2016-12-07,36.714973
2016-12-08,36.714973
2016-12-09,36.714973
2016-12-12,36.714973
2016-12-13,36.714973
2016-12-14,36.714973
2016-12-15,36.714973
2016-12-16,36.714973
2016-12-19,36.714973
2016-12-20,36.714973
2016-12-21,36.714973
2016-12-22,36.714973
2016-12-23,36.714973
2016-12-26,36.714973
2016-12-27,36.714973
2016-12-28,36.714973
2016-12-29,36.714973
2016-12-30,40.384888
2017-01-03,39.069653
2017-01-04,39.191628
2017-01-05,38.396137
2017-01-06,38.666607
2017-01-09,39.790909
2017-01-10,39.557560
2017-01-11,39.085564
2017-01-12,38.544621
2017-01-13,37.892311
2017-01-16,37.993088
2017-01-17,38.661301
2017-01-18,39.085564
2017-01-19,39.006016
2017-01-20,39.531048
2017-01-23,39.006016
2017-01-24,38.809795
2017-01-25,39.265881
2017-01-26,39.992435
2017-02-03,40.968250
2017-02-06,40.676567
2017-02-07,40.729603
2017-02-08,40.384888
2017-02-09,40.416706
2017-02-10,40.066689
2017-02-13,40.756119
2017-02-14,40.803848
2017-02-15,40.331841
2017-02-16,40.862183
2017-02-17,40.835663
2017-02-20,41.233414
2017-02-21,41.843304
2017-02-22,41.917545
2017-02-23,41.631165
2017-02-24,41.668293
2017-02-27,40.973553
2017-02-28,40.660667
2017-03-01,40.517467
2017-03-02,40.660667
2017-03-03,40.490952
2017-03-06,40.533379
2017-03-07,40.941738
2017-03-08,40.597015
2017-03-09,40.114414
2017-03-10,40.756119
2017-03-13,40.957645
2017-03-14,40.734905
2017-03-15,41.631165
2017-03-16,41.440247
2017-03-17,41.238720
2017-03-20,42.585770
2017-03-21,44.548008
2017-03-22,47.125423
2017-03-23,46.181431
2017-03-24,46.197338
2017-03-27,45.184395
2017-03-28,45.682911
2017-03-29,45.555637
2017-03-30,45.126068
2017-03-31,45.141975
2017-04-05,45.141975
2017-04-06,45.449570
2017-04-07,45.868530
2017-04-10,44.813168
2017-04-11,43.779015
2017-04-12,43.497936
2017-04-13,44.898026
2017-04-14,44.749527
2017-04-17,45.184395
2017-04-18,45.518509
2017-04-19,45.948078
2017-04-20,48.445953
2017-04-21,47.459534
2017-04-24,45.555637
2017-04-25,45.555637
2017-04-26,45.555637
2017-04-27,46.351139
2017-04-28,45.343498
2017-05-02,45.449570
2017-05-03,45.359413
2017-05-04,45.359413
2017-05-05,44.176765
2017-05-08,44.171467
2017-05-09,44.261623
2017-05-10,45.316986
2017-05-11,46.133705
2017-05-12,46.059444
2017-05-15,46.536751
2017-05-16,47.082993
2017-05-17,46.117790
2017-05-18,46.409466
2017-05-19,47.438316
2017-05-22,47.772427
2017-05-23,48.573223
2017-05-24,47.714092
2017-05-25,47.252701
2017-05-26,47.093601
2017-05-31,47.029961
2017-06-01,48.180782
2017-06-02,47.889099
2017-06-05,46.722363
2017-06-06,47.226181
2017-06-07,47.756516
2017-06-08,50.365757
2017-06-09,49.750565
2017-06-12,50.805931
2017-06-13,51.468845
2017-06-14,49.798302
2017-06-15,49.623291
2017-06-16,49.278576
2017-06-19,49.278576
2017-06-20,49.119476
2017-06-21,50.493046
2017-06-22,49.851334
2017-06-23,50.546066
2017-06-26,51.145344
2017-06-27,51.071102
2017-06-28,49.639202
2017-06-29,49.533134
2017-06-30,49.771778
2017-07-03,48.371708
2017-07-04,47.496658
2017-07-05,48.472466
2017-07-06,48.048195
2017-07-07,47.958042
2017-07-10,48.016376
2017-07-11,48.419441
2017-07-12,47.820156
2017-07-13,48.101242
2017-07-14,48.196690
2017-07-17,47.570896
2017-07-18,47.570900
2017-07-19,47.790295
2017-07-20,49.015686
2017-07-21,48.614361
2017-07-24,48.437771
2017-07-25,48.079254
2017-07-26,46.864563
2017-07-27,47.207035
2017-07-28,47.442482
2017-07-31,47.116062
2017-08-01,46.698681
2017-08-02,46.393665
2017-08-03,45.901375
2017-08-04,45.478638
2017-08-07,46.580956
2017-08-08,46.554199
2017-08-09,47.517391
2017-08-10,47.570900
2017-08-11,47.570900
2017-08-14,48.523396
2017-08-15,48.154167
2017-08-16,47.437126
2017-08-17,47.608360
2017-08-18,47.190975
2017-08-21,47.437126
2017-08-22,47.624409
2017-08-23,47.453178
2017-08-24,47.089302
2017-08-25,47.148167
2017-08-28,47.356857
2017-08-29,47.421070
2017-08-30,47.463882
2017-08-31,46.554199
2017-09-01,46.249191
2017-09-04,46.072609
2017-09-05,47.148167
2017-09-06,47.249840
2017-09-07,46.286648
2017-09-08,46.088657
2017-09-11,46.072609
2017-09-12,45.831806
2017-09-13,46.222435
2017-09-14,45.890667
2017-09-15,46.061901
2017-09-18,47.207035
2017-09-19,46.286648
2017-09-20,46.003048
2017-09-21,46.061901
2017-09-22,46.345505
2017-09-25,47.196327
2017-09-26,47.132122
2017-09-27,47.089302
2017-09-28,47.945477
2017-09-29,48.534088
2017-10-09,48.635761
2017-10-10,48.833752
2017-10-11,49.652466
2017-10-12,49.898609
2017-10-13,48.774887
2017-10-16,48.790943
2017-10-17,49.309990
2017-10-18,51.958767
2017-10-19,53.189510
2017-10-20,53.082485
2017-10-23,54.313244
2017-10-24,55.014225
2017-10-25,54.907200
2017-10-26,54.045681
2017-10-27,55.062378
2017-10-30,57.085072
2017-10-31,56.100479
2017-11-01,55.324589
2017-11-02,56.004162
2017-11-03,55.581440
2017-11-06,56.426895
2017-11-07,56.651646
2017-11-08,54.473770
2017-11-09,54.313244
2017-11-10,54.216923
2017-11-13,53.804890
2017-11-14,53.301891
2017-11-15,53.366100
2017-11-16,54.960709
2017-11-17,54.479115
2017-11-20,54.216923
2017-11-21,55.683098
2017-11-22,55.329945
2017-11-23,52.386856
2017-11-24,52.879150
2017-11-27,51.787533
2017-11-28,51.477177
2017-11-29,50.364155
2017-11-30,50.353451
2017-12-01,50.658459
2017-12-04,51.102600
2017-12-05,51.198914
2017-12-06,51.370148
2017-12-07,50.139408
2017-12-08,50.765476
2017-12-11,52.600899
2017-12-12,52.237019
2017-12-13,53.189510
2017-12-14,53.157402
2017-12-15,52.761429
2017-12-18,52.702564
2017-12-19,54.222271
2017-12-20,54.891144
2017-12-21,54.794838
2017-12-22,55.099838
2017-12-25,54.955353
2017-12-26,55.008869
2017-12-27,53.510574
2017-12-28,54.398849
2017-12-29,54.468414
2018-01-02,54.842991
2018-01-03,54.473770
2018-01-04,55.303177
2018-01-05,54.623592
2018-01-08,55.597485
2018-01-09,56.881741
2018-01-10,55.961353
2018-01-11,54.414909
2018-01-12,54.757370
2018-01-15,55.003521
2018-01-16,56.175407
2018-01-17,55.062378
2018-01-18,54.559372
2018-01-19,54.200855
2018-01-22,55.854340
2018-01-23,55.998817
2018-01-24,55.431606
2018-01-25,54.516590
2018-01-26,54.703865
2018-01-29,53.098541
2018-01-30,53.419609
2018-01-31,54.109886
2018-02-01,53.441006
2018-02-02,53.275135
2018-02-05,51.418316
2018-02-06,51.059788
2018-02-07,48.705322
2018-02-08,50.299938
2018-02-09,49.176220
2018-02-12,50.235729
2018-02-13,50.294586
2018-02-14,50.449772
2018-02-22,51.477177
2018-02-23,51.803596
2018-02-26,51.915962
2018-02-27,50.899261
2018-02-28,49.925373
2018-03-01,50.786880
2018-03-02,51.471825
2018-03-05,51.808945
2018-03-06,52.793541
2018-03-07,52.493874
2018-03-08,54.045681
2018-03-09,53.671104
2018-03-12,54.093838
2018-03-13,52.975468
2018-03-14,52.654404
2018-03-15,54.125950
2018-03-16,53.729977
2018-03-19,54.580788
2018-03-20,55.383453
2018-03-21,54.516590
2018-03-22,54.152699
2018-03-23,53.911903
2018-03-26,54.805538
2018-03-27,54.928612
2018-03-28,54.259724
2018-03-29,53.323296
2018-03-30,52.975468
2018-04-02,51.236378
2018-04-03,51.782181
2018-04-04,51.305939
2018-04-09,51.466476
2018-04-10,52.525986
2018-04-11,52.814938
2018-04-12,52.162102
2018-04-13,51.487873
2018-04-16,50.754780
2018-04-17,50.781540
2018-04-18,49.962833
2018-04-19,50.337395
2018-04-20,50.513988
2018-04-23,50.487232
2018-04-24,50.744087
2018-04-25,50.776188
2018-04-26,50.776188
2018-04-27,50.701271
2018-05-02,52.499222
2018-05-03,53.237659
2018-05-04,53.023632
2018-05-07,58.326527
2018-05-08,58.438896
2018-05-09,57.422199
2018-05-10,57.834229
2018-05-11,56.180759
2018-05-14,56.903145
2018-05-15,58.353279
2018-05-16,59.530518
2018-05-17,59.455589
2018-05-18,59.450245
2018-05-21,59.316475
2018-05-22,60.632835
2018-05-23,62.099022
2018-05-24,62.131134
2018-05-25,62.585968
2018-05-28,63.383286
2018-05-29,58.877682
2018-05-30,57.935894
2018-05-31,61.055569
2018-06-01,58.920502
2018-06-04,59.316475
2018-06-05,59.974659
2018-06-06,59.653595
2018-06-07,58.064323
2018-06-08,58.010815
2018-06-11,57.470356
2018-06-12,58.406792
2018-06-13,57.133240
2018-06-14,56.849636
2018-06-15,56.453651
2018-06-19,55.260368
2018-06-20,56.662354
2018-06-21,56.277073
2018-06-22,56.592789
2018-06-25,57.309834
2018-06-26,56.881741
2018-06-27,55.667057
2018-06-28,55.431606
2018-06-29,57.234913
2018-07-02,56.560669
2018-07-03,56.255665
2018-07-04,54.987469
2018-07-05,54.104546
2018-07-06,54.685726
2018-07-09,55.842663
2018-07-10,55.565659
2018-07-11,54.794369
2018-07-12,55.668854
2018-07-13,57.521053
2018-07-16,57.939278
2018-07-17,57.483025
2018-07-18,57.575363
2018-07-19,56.380405
2018-07-20,56.608536
2018-07-23,54.587959
2018-07-24,55.076813
2018-07-25,55.402699
2018-07-26,55.033360
2018-07-27,54.870407
2018-07-30,53.773216
2018-07-31,54.104549
2018-08-01,53.501625
2018-08-02,53.154007
2018-08-03,51.872139
2018-08-06,51.383289
2018-08-07,51.638577
2018-08-08,50.329556
2018-08-09,50.850998
2018-08-10,51.866711
2018-08-13,50.916172
2018-08-14,49.938477
2018-08-15,48.743515
2018-08-16,48.075424
2018-08-17,46.331867
2018-08-20,43.453102
2018-08-21,44.322163
2018-08-22,43.512848
2018-08-23,43.480263
2018-08-24,42.567749
2018-08-27,44.425369
2018-08-28,43.507423
2018-08-29,43.491123
2018-08-30,43.518284
2018-08-31,43.235836
2018-09-03,42.366776
2018-09-04,42.584045
2018-09-05,41.861637
2018-09-06,40.911091
2018-09-07,40.748154
2018-09-10,39.813908
2018-09-11,39.841064
2018-09-12,39.433697
2018-09-13,39.629234
2018-09-14,39.808472
2018-09-17,38.184418
2018-09-18,38.146393
2018-09-19,38.146393
2018-09-20,38.146393
2018-09-21,38.146393
2018-09-25,38.146393
2018-09-26,38.146393
2018-09-27,38.146393
2018-09-28,38.146393
2018-10-08,38.146393
2018-10-09,38.146393
2018-10-10,38.146393
2018-10-11,38.146393
2018-10-12,38.146393
2018-10-15,38.146393
2018-10-16,38.146393
2018-10-17,38.146393
2018-10-18,38.146393
2018-10-19,38.146393
2018-10-22,38.146393
2018-10-23,38.146393
2018-10-24,38.146393
2018-10-25,38.146393
2018-10-26,38.146393
2018-10-29,38.146393
2018-10-30,38.146393
2018-10-31,38.146393
2018-11-01,38.146393
2018-11-02,38.146393
2018-11-05,38.146393
2018-11-06,38.146393
2018-11-07,38.146393
2018-11-08,38.146393
2018-11-09,38.146393
2018-11-12,38.146393
2018-11-13,38.146393
2018-11-14,38.146393
2018-11-15,38.146393
2018-11-16,38.146393
2018-11-19,38.146393
2018-11-20,38.146393
2018-11-21,38.146393
2018-11-22,38.146393
2018-11-23,40.753578
2018-11-26,38.944843
2018-11-27,38.417969
2018-11-28,38.168114
2018-11-29,39.612938
2018-11-30,40.465702
2018-12-03,41.215267
2018-12-04,40.943684
2018-12-05,41.606342
2018-12-06,40.748154
2018-12-07,41.318470
2018-12-10,41.416233
2018-12-11,42.078896
2018-12-12,41.877926
2018-12-13,43.062023
2018-12-14,42.909935
2018-12-17,42.040874
2018-12-18,41.524872
2018-12-19,40.139797
2018-12-20,39.297897
2018-12-21,38.700420
2018-12-24,40.715561
2018-12-25,40.753578
2018-12-26,40.748154
2018-12-27,40.840488
2018-12-28,40.172390
2019-01-02,39.069767
2019-01-03,38.016037
2019-01-04,38.537464
2019-01-07,39.325062
2019-01-08,40.297325
2019-01-09,40.362499
2019-01-10,39.998581
2019-01-11,40.042034
2019-01-14,39.151245
2019-01-15,40.807896
2019-01-16,41.823616
2019-01-17,41.198971
2019-01-18,42.627487
2019-01-21,42.649216
2019-01-22,42.008289
2019-01-23,42.795872
2019-01-24,43.246696
2019-01-25,42.491703
2019-01-28,42.366776
2019-01-29,42.899067
2019-01-30,42.203827
2019-01-31,42.220123
2019-02-01,43.974541
2019-02-11,45.245537
2019-02-12,46.250389
2019-02-13,46.467667
2019-02-14,46.005970
2019-02-15,44.973961
2019-02-18,46.299278
2019-02-19,45.430225
2019-02-20,45.506264
2019-02-21,45.011982
2019-02-22,45.147778
2019-02-25,46.190647
2019-02-26,46.999962
2019-02-27,46.212372
2019-02-28,46.212372
2019-03-01,47.010822
2019-03-04,48.352440
2019-03-05,48.341576
2019-03-06,47.798409
2019-03-07,46.614323
2019-03-08,44.963100
2019-03-11,45.652912
2019-03-12,45.500828
2019-03-13,45.848454
2019-03-14,45.951653
2019-03-15,45.680073
2019-03-18,47.754959
2019-03-19,46.869602
2019-03-20,46.592590
2019-03-21,46.777264
2019-03-22,46.722950
2019-03-25,45.158642
2019-03-26,44.849033
2019-03-27,45.533417
2019-03-28,45.180355
2019-03-29,46.440506
2019-04-01,47.526829
2019-04-02,47.065140
2019-04-03,46.521973
2019-04-04,46.092873
2019-04-08,46.462227
2019-04-09,49.422474
2019-04-10,51.106277
2019-04-11,49.319263
2019-04-12,48.873882
2019-04-15,48.423050
2019-04-16,48.966221
2019-04-17,49.531109
2019-04-18,48.917328
2019-04-19,48.852154
2019-04-22,49.873302
2019-04-23,49.319263
2019-04-24,49.971069
2019-04-25,48.558849
2019-04-26,46.826149
2019-05-06,44.544865
2019-05-07,45.696365
2019-05-08,45.625763
2019-05-09,43.121769
2019-05-10,43.458542
2019-05-13,42.964256
2019-05-14,42.736130
2019-05-15,43.453102
2019-05-16,43.453102
2019-05-17,43.453102
2019-05-20,43.453102
2019-05-21,43.453102
2019-05-22,43.453102
2019-05-23,43.453102
2019-05-24,43.453102
2019-05-27,43.453102
2019-05-28,43.453102
2019-05-29,42.871922
2019-05-30,42.638355
2019-05-31,42.198395
2019-06-03,42.757851
2019-06-04,42.399364
2019-06-05,41.535393
2019-06-06,41.440628
2019-06-10,42.020370
2019-06-11,43.341522
2019-06-12,43.163128
2019-06-13,43.386116
2019-06-14,43.241180
2019-06-17,43.012623
2019-06-18,43.018200
2019-06-19,43.453003
2019-06-20,43.960285
2019-06-21,44.010460
2019-06-24,44.367222
2019-06-25,44.991562
2019-06-26,45.175526
2019-06-27,46.697350
2019-06-28,46.502243
2019-07-01,47.048550
2019-07-02,47.327263
2019-07-03,46.909187
2019-07-04,46.390747
2019-07-05,46.881310
2019-07-08,45.654926
2019-07-09,45.855610
2019-07-10,45.760845
2019-07-11,44.991562
2019-07-12,45.504410
2019-07-15,45.470966
2019-07-16,44.668240
2019-07-17,43.492031
2019-07-18,42.667007
2019-07-19,42.706024
2019-07-22,42.226624
2019-07-23,43.274632
2019-07-24,43.191010
2019-07-25,43.815346
2019-07-26,43.352669
2019-07-29,42.371563
2019-07-30,42.226624
2019-07-31,42.321396
2019-08-01,42.209900
2019-08-02,42.025944
2019-08-05,41.468498
2019-08-06,41.641308
2019-08-07,41.435055
2019-08-08,41.964622
2019-08-09,41.418324
2019-08-12,42.120716
2019-08-13,42.371563
2019-08-14,42.198746
2019-08-15,41.914455
2019-08-16,41.998074
2019-08-19,42.772919
2019-08-20,43.480881
2019-08-21,43.124119
2019-08-22,43.090668
2019-08-23,43.402840
2019-08-26,44.177692
2019-08-27,44.512161
2019-08-28,43.871101
2019-08-29,42.650284
2019-08-30,42.756199
2019-09-02,42.399433
2019-09-03,42.126286
2019-09-04,42.399433
2019-09-05,42.365986
2019-09-06,42.421738
2019-09-09,42.745052
2019-09-10,43.480881
2019-09-11,42.650284
2019-09-12,42.706024
2019-09-16,43.168713
2019-09-17,42.817520
2019-09-18,43.185429
2019-09-19,43.157558
2019-09-20,43.257900
2019-09-23,42.471901
2019-09-24,42.444027
2019-09-25,43.397263
2019-09-26,42.968025
2019-09-27,42.622417
2019-09-30,42.393856
2019-10-08,42.806374
2019-10-09,42.477474
2019-10-10,42.115139
2019-10-11,42.405006
2019-10-14,46.647175
2019-10-15,47.171181
2019-10-16,45.760845
2019-10-17,45.476543
2019-10-18,44.512161
2019-10-21,45.303734
2019-10-22,45.426369
2019-10-23,45.041737
2019-10-24,44.595779
2019-10-25,45.030586
2019-10-28,45.030586
2019-10-29,48.609394
2019-10-30,46.825562
2019-10-31,48.247051
2019-11-01,48.336246
2019-11-04,49.802334
2019-11-05,50.192539
2019-11-06,49.345226
2019-11-07,50.465691
2019-11-08,49.947269
2019-11-11,49.133396
2019-11-12,50.214844
2019-11-13,50.058762
2019-11-14,50.081059
2019-11-15,49.473442
2019-11-18,51.469101
2019-11-19,52.394459
2019-11-20,52.132465
2019-11-21,51.675358
2019-11-22,50.259441
2019-11-25,49.523609
2019-11-26,50.800159
2019-11-27,50.053185
2019-11-28,50.281746
2019-11-29,48.999615
2019-12-02,48.152290
2019-12-03,48.358547
2019-12-04,48.419865
2019-12-05,48.548077
2019-12-06,48.637264
2019-12-09,48.074242
2019-12-10,48.102116
2019-12-11,47.449905
2019-12-12,47.187901
2019-12-13,47.851265
2019-12-16,48.726463
2019-12-17,48.888115
2019-12-18,48.107693
2019-12-19,48.391987
2019-12-20,48.163437
2019-12-23,48.196884
2019-12-24,49.027481
2019-12-25,49.356377
2019-12-26,49.049782
2019-12-27,48.865814
2019-12-30,49.111095
2019-12-31,49.852505
2020-01-02,49.785610
2020-01-03,49.668549
2020-01-06,49.088799
2020-01-07,49.367523
2020-01-08,48.793354
2020-01-09,49.724293
2020-01-10,49.484585
2020-01-13,49.545906
2020-01-14,49.300632
2020-01-15,49.183567
2020-01-16,49.111095
2020-01-17,48.587097
2020-01-20,49.144543
2020-01-21,50.270588
2020-01-22,49.150124
2020-01-23,48.230339
2020-02-03,44.016033
2020-02-04,45.894627
2020-02-05,47.717476
2020-02-06,47.884712
2020-02-07,47.048550
2020-02-10,46.513390
2020-02-11,46.658329
2020-02-12,46.429779
2020-02-13,45.894627
2020-02-14,45.649353
2020-02-17,46.095314
2020-02-18,46.145473
2020-02-19,45.738541
2020-02-20,46.541267
2020-02-21,46.374031
2020-02-24,46.301571
2020-02-25,46.223522
2020-02-26,45.203392
2020-02-27,44.963684
2020-02-28,43.865524
2020-03-02,44.707264
2020-03-03,44.501011
2020-03-04,44.824326
2020-03-05,45.710667
2020-03-06,45.264717
2020-03-09,44.121948
2020-03-10,44.317047
2020-03-11,43.988159
2020-03-12,43.023773
2020-03-13,41.697048
2020-03-16,41.507523
2020-03-17,41.652454
2020-03-18,42.148582
2020-03-19,41.975777
2020-03-20,42.979179
2020-03-23,42.549946
2020-03-24,43.441853
2020-03-25,43.882244
2020-03-26,45.398499
2020-03-27,46.836720
2020-03-30,45.593609
2020-03-31,47.633862
2020-04-01,46.886883
2020-04-02,46.541267
2020-04-03,47.065266
2020-04-07,47.873562
2020-04-08,46.881310
2020-04-09,46.881310
2020-04-10,46.346161
2020-04-13,47.121010
2020-04-14,47.271523
2020-04-15,47.823402
2020-04-16,47.394157
2020-04-17,47.438759
2020-04-20,47.410881
2020-04-21,46.591442
2020-04-22,48.063103
2020-04-23,48.832375
2020-04-24,48.720886
2020-04-27,48.771061
2020-04-28,49.283905
2020-04-29,51.814713
2020-04-30,50.354210
2020-05-06,50.811310
2020-05-07,50.265015
2020-05-08,51.000847
2020-05-11,49.724293
2020-05-12,49.724293
2020-05-13,50.186974
2020-05-14,49.518036
2020-05-15,48.949436
2020-05-18,48.932713
2020-05-19,48.910416
2020-05-20,48.213612
2020-05-21,48.442162
2020-05-22,47.410881
2020-05-25,48.670715
2020-05-26,49.077648
2020-05-27,49.099949
2020-05-28,48.419865
2020-05-29,49.094372
2020-06-01,49.785610
2020-06-02,49.378666
2020-06-03,50.699821
2020-06-04,50.683102
2020-06-05,49.858753
2020-06-08,50.072041
2020-06-09,50.106636
2020-06-10,50.481335
2020-06-11,49.979805
2020-06-12,49.616642
2020-06-15,49.829926
2020-06-16,51.340275
2020-06-17,51.899452
2020-06-18,51.766865
2020-06-19,53.035091
2020-06-22,52.746853
2020-06-23,53.917091
2020-06-24,54.257206
2020-06-29,54.412846
2020-06-30,54.072731
2020-07-01,53.623089
2020-07-02,54.274502
2020-07-03,59.670250
2020-07-06,61.082596
2020-07-07,62.685169
2020-07-08,62.200932
2020-07-09,63.209747
2020-07-10,61.855068
2020-07-13,63.186691
2020-07-14,64.829628
2020-07-15,64.016815
2020-07-16,60.010353
2020-07-17,61.105656
2020-07-20,61.757053
2020-07-21,63.342354
2020-07-22,62.979172
2020-07-23,63.399998
2020-07-24,60.961533
2020-07-27,61.105656
2020-07-28,62.293167
2020-07-29,63.129055
2020-07-30,63.025284
2020-07-31,63.065651
2020-08-03,66.927986
2020-08-04,65.873047
2020-08-05,65.365753
2020-08-06,63.659401
2020-08-07,62.748581
2020-08-10,61.635998
2020-08-11,61.220932
2020-08-12,59.537655
2020-08-13,59.480007
2020-08-14,59.860477
2020-08-17,60.258240
2020-08-18,60.292828
2020-08-19,59.376236
2020-08-20,58.396240
2020-08-21,59.624130
2020-08-24,60.114128
2020-08-25,59.503063
2020-08-26,60.390827
2020-08-27,61.566822
2020-08-28,66.051750
2020-08-31,66.755035
2020-09-01,68.922562
2020-09-02,72.133492
2020-09-03,69.187737
2020-09-04,65.146683
2020-09-07,62.010708
2020-09-08,62.748581
2020-09-09,61.082596
2020-09-10,61.878117
2020-09-11,65.613625
2020-09-14,63.976460
2020-09-15,63.613289
2020-09-16,62.921535
2020-09-17,61.099888
2020-09-18,62.592937
2020-09-21,61.543762
2020-09-22,60.921181
2020-09-23,61.278587
2020-09-24,59.295540
2020-09-25,59.289776
2020-09-28,58.223312
2020-09-29,58.776711
2020-09-30,58.782490
2020-10-09,60.044952
2020-10-12,62.027992
2020-10-13,62.079880
2020-10-14,61.584110
2020-10-15,60.690586
2020-10-16,60.978825
2020-10-19,59.624130
2020-10-20,60.033417
2020-10-21,59.364719
2020-10-22,58.915070
2020-10-23,58.696003
2020-10-26,57.347073
2020-10-27,58.194477
2020-10-28,59.082241
2020-10-29,60.223652
2020-10-30,59.370480
2020-11-02,57.981190
2020-11-03,58.263657
2020-11-04,57.646839
2020-11-05,58.920837
2020-11-06,58.044601
2020-11-09,59.324360
2020-11-10,58.332840
2020-11-11,57.635315
2020-11-12,56.943546
2020-11-13,56.153786
2020-11-16,55.946255
2020-11-17,55.548492
2020-11-18,55.686848
2020-11-19,55.513901
2020-11-20,56.407429
2020-11-23,56.551548
2020-11-24,56.251781
2020-11-25,55.456264
2020-11-26,55.283321
2020-11-27,55.542721
2020-11-30,54.920143
2020-12-01,56.199905
2020-12-02,56.776371
2020-12-03,56.816719
2020-12-04,58.309772
2020-12-07,57.739071
2020-12-08,57.554604
2020-12-09,57.837067
2020-12-10,59.681770
2020-12-11,63.296234
2020-12-14,65.365753
2020-12-15,65.140923
2020-12-16,64.132111
2020-12-17,64.668228
2020-12-18,65.659744
2020-12-21,63.469170
2020-12-22,63.157875
2020-12-23,62.748581
2020-12-24,63.140591
2020-12-25,66.022919
2020-12-28,64.552940
2020-12-29,63.699768
2020-12-30,64.564468
2020-12-31,65.486801
2021-01-04,72.035484
2021-01-05,79.241348
2021-01-06,78.722519
2021-01-07,83.518761
2021-01-08,81.264755
2021-01-11,78.768639
2021-01-12,81.973801
2021-01-13,81.109100
2021-01-14,78.682175
2021-01-15,76.681824
2021-01-18,77.310165
2021-01-19,75.811356
2021-01-20,77.880875
2021-01-21,78.820534
2021-01-22,79.984985
2021-01-25,80.353943
2021-01-26,76.889351
2021-01-27,78.082634
2021-01-28,76.093819
2021-01-29,76.653000
2021-02-01,76.612656
2021-02-02,78.457352
2021-02-03,76.439705
2021-02-04,74.537354
2021-02-05,77.880875
2021-02-08,85.668968
2021-02-09,92.407875
2021-02-10,92.696114
2021-02-18,90.390244
2021-02-19,90.816826
2021-02-22,83.904968
2021-02-23,82.884628
2021-02-24,79.552628
2021-02-25,77.477364
2021-02-26,75.407837
2021-03-01,75.788300
2021-03-02,75.229126
2021-03-03,75.978531
2021-03-04,72.923248
2021-03-05,73.390198
2021-03-08,70.813370
2021-03-09,69.994789
2021-03-10,72.029724
2021-03-11,72.952065
2021-03-12,73.044312
2021-03-15,69.700790
2021-03-16,70.617378
2021-03-17,72.346786
2021-03-18,73.159599
2021-03-19,70.859497
2021-03-22,71.626190
2021-03-23,70.969017
2021-03-24,71.470551
2021-03-25,72.784897
2021-03-26,77.269829
2021-03-29,71.949020
2021-03-30,70.675018
2021-03-31,69.470207
2021-04-01,69.885262
2021-04-02,70.853737
2021-04-06,68.657379
2021-04-07,67.031746
2021-04-08,67.971390
2021-04-09,66.391861
2021-04-12,64.103287
2021-04-13,64.443390
2021-04-14,64.650932
2021-04-15,64.160927
2021-04-16,64.944939
2021-04-19,66.293869
2021-04-20,66.178581
2021-04-21,66.772331
2021-04-22,66.311150
2021-04-23,66.922203
2021-04-26,65.083275
2021-04-27,66.293869
2021-04-28,64.558693
2021-04-29,66.045982
2021-04-30,61.999184
2021-05-06,61.122940
2021-05-07,58.799767
2021-05-10,58.217533
2021-05-11,58.713306
2021-05-12,59.439655
2021-05-13,60.817413
2021-05-14,62.229763
2021-05-17,65.659744
2021-05-18,65.832695
2021-05-19,65.019867
2021-05-20,65.140923
2021-05-21,64.489517
2021-05-24,64.622101
2021-05-25,66.293869
2021-05-26,71.286079
2021-05-27,73.084663
2021-05-28,71.885597
2021-05-31,72.404427
2021-06-01,72.058556
2021-06-02,72.346786
2021-06-03,72.058556
2021-06-04,73.367126
2021-06-07,71.975548
2021-06-08,67.699715
2021-06-09,66.807678
2021-06-10,67.021782
2021-06-11,65.291214
2021-06-15,63.768806
2021-06-16,64.018578
2021-06-17,63.798542
2021-06-18,63.596352
2021-06-21,63.685551
2021-06-22,66.325981
2021-06-23,65.701561
2021-06-24,64.286194
2021-06-25,65.951332
2021-06-28,68.508492
2021-06-29,67.979233
2021-06-30,68.817741
2021-07-01,71.184608
2021-07-02,68.454979
2021-07-05,68.621490
2021-07-06,65.297173
2021-07-07,64.803566
2021-07-08,62.977871
2021-07-09,61.913361
2021-07-12,62.258293
2021-07-13,63.679607
2021-07-14,63.875847
2021-07-15,63.156261
2021-07-16,62.240437
2021-07-19,65.237694
2021-07-20,63.453625
2021-07-21,63.346573
2021-07-22,62.454536
2021-07-23,62.044193
2021-07-26,62.502106
2021-07-27,59.885464
2021-07-28,59.766529
2021-07-29,60.343376
2021-07-30,58.862595
2021-08-02,59.017216
2021-08-03,59.778427
2021-08-04,59.457294
2021-08-05,58.969635
2021-08-06,57.417488
2021-08-09,57.905148
2021-08-10,57.685108
2021-08-11,57.346130
2021-08-12,56.947689
2021-08-13,56.222168
2021-08-16,56.019970
2021-08-17,54.842484
2021-08-18,54.652184
2021-08-19,54.759232
2021-08-20,52.749165
2021-08-23,51.809559
2021-08-24,51.845238
2021-08-25,52.897839
2021-08-26,51.161339
2021-08-27,50.727215
2021-08-30,54.354832
2021-08-31,52.743217
2021-09-01,54.164532
2021-09-02,53.783932
2021-09-03,54.634342
2021-09-06,56.341106
2021-09-07,56.192436
2021-09-08,55.573956
2021-09-09,55.597740
2021-09-10,55.835617
2021-09-13,56.977425
2021-09-14,58.339268
2021-09-15,57.685108
2021-09-16,56.376789
2021-09-17,57.096363
2021-09-22,57.601852
2021-09-23,57.863522
2021-09-24,58.904232
2021-09-27,59.861679
2021-09-28,58.963696
2021-09-29,58.208439
2021-09-30,58.154911
2021-10-08,58.850700
2021-10-11,57.697006
2021-10-12,56.436253
2021-10-13,58.279793
2021-10-14,57.762413
2021-10-15,56.222168
2021-10-18,55.972397
2021-10-19,55.853462
2021-10-20,55.490696
2021-10-21,55.901039
2021-10-22,55.901039
2021-10-25,56.055656
2021-10-26,55.895081
2021-10-27,54.640282
2021-10-28,52.546967
2021-10-29,53.284389
2021-11-01,53.581734
2021-11-02,52.897839
2021-11-03,53.474689
2021-11-04,53.504417
2021-11-05,53.117874
2021-11-08,52.350719
2021-11-09,52.493454
2021-11-10,52.689693
2021-11-11,52.987049
2021-11-12,52.493454
2021-11-15,53.343861
2021-11-16,54.336994
2021-11-17,54.099113
2021-11-18,53.522266
2021-11-19,53.534164
2021-11-22,53.397377
2021-11-23,53.195187
2021-11-24,52.987049
2021-11-25,53.896923
2021-11-26,52.945419
2021-11-29,52.303146
2021-11-30,52.529133
2021-12-01,52.570755
2021-12-02,52.606438
2021-12-03,52.897839
2021-12-06,53.224918
2021-12-07,53.902866
2021-12-08,54.111015
2021-12-09,55.425278
2021-12-10,55.288494
2021-12-13,55.365810
2021-12-14,55.187408
2021-12-15,54.396461
2021-12-16,54.533237
2021-12-17,53.962337
2021-12-20,56.364895
2021-12-21,56.822803
2021-12-22,58.131126
2021-12-23,56.876328
2021-12-24,59.237263
2021-12-27,58.981529
2021-12-28,58.434418
2021-12-29,57.685108
2021-12-30,57.685108
2021-12-31,62.234509
2022-01-04,62.175030
2022-01-05,58.612823
2022-01-06,59.980621
2022-01-07,60.902390
2022-01-10,61.966896
2022-01-11,65.118752
2022-01-12,63.090858
2022-01-13,62.234509
2022-01-14,62.056091
2022-01-17,60.759670
2022-01-18,60.938068
2022-01-19,58.725822
2022-01-20,59.201569
2022-01-21,57.988403
2022-01-24,56.852539
2022-01-25,55.008991
2022-01-26,55.211189
2022-01-27,53.956390
2022-01-28,53.688782
2022-02-07,54.015862
2022-02-08,55.633419
2022-02-09,56.668182
2022-02-10,56.376789
2022-02-11,55.365810
2022-02-14,54.812748
2022-02-15,55.877247
2022-02-16,55.312283
2022-02-17,55.246872
2022-02-18,55.020885
2022-02-21,55.092251
2022-02-22,54.473774
2022-02-23,54.670017
2022-02-24,53.700672
2022-02-25,54.265633
2022-02-28,53.670940
2022-03-01,53.843391
2022-03-02,54.045593
2022-03-03,53.587685
2022-03-04,52.784847
2022-03-07,50.994831
2022-03-08,48.847988
2022-03-09,46.968758
2022-03-10,47.676437
2022-03-11,48.794464
2022-03-14,47.741859
2022-03-15,45.196579
2022-03-16,46.106453
2022-03-17,47.069862
2022-03-18,47.759701
2022-03-21,48.390079
2022-03-22,48.009476
2022-03-23,48.378185
2022-03-24,48.645790
2022-03-25,48.205723
2022-03-28,48.128410
2022-03-29,47.932159
2022-03-30,48.538742
2022-03-31,48.657681
2022-04-01,48.170040
2022-04-06,48.211666
2022-04-07,46.927132
2022-04-08,47.712120
2022-04-11,46.272976
2022-04-12,46.921185
2022-04-13,46.713047
2022-04-14,46.820091
2022-04-15,46.451378
2022-04-18,46.035095
2022-04-19,45.202530
2022-04-20,44.881390
2022-04-21,43.965565
2022-04-22,44.274807
2022-04-25,42.223122
2022-04-26,42.817814
2022-04-27,43.471973
2022-04-28,43.864471
2022-04-29,45.363098
2022-05-05,47.005089
2022-05-06,46.979347
2022-05-09,46.739182
2022-05-10,46.919312
2022-05-11,47.648403
2022-05-12,47.759911
2022-05-13,51.894302
2022-05-16,53.369644
2022-05-17,50.007229
2022-05-18,49.321030
2022-05-19,48.857834
2022-05-20,49.415382
2022-05-23,49.063702
2022-05-24,47.528316
2022-05-25,47.845688
2022-05-26,48.308880
2022-05-27,48.257404
2022-05-30,48.145901
2022-05-31,48.377502
2022-06-01,47.699863
2022-06-02,47.656982
2022-06-06,48.283146
2022-06-07,49.089436
2022-06-08,48.814953
2022-06-09,48.128750
2022-06-10,48.549049
2022-06-13,47.931465
2022-06-14,47.734177
2022-06-15,49.518314
2022-06-16,49.655556
2022-06-17,50.007229
2022-06-20,50.710594
2022-06-21,49.990082
2022-06-22,49.415382
2022-06-23,49.852837
2022-06-24,49.869991
2022-06-27,50.255985
2022-06-28,50.436111
2022-06-29,50.247410
2022-06-30,51.799946
2022-07-01,51.474003
2022-07-04,52.434685
2022-07-05,52.185936
2022-07-06,51.053699
2022-07-07,50.616241
2022-07-08,50.744904
2022-07-11,49.938614
2022-07-12,48.471848
2022-07-13,48.291714
2022-07-14,48.694866
2022-07-15,48.454700
2022-07-18,48.686287
2022-07-19,48.368916
2022-07-20,48.866417
2022-07-21,48.806377
2022-07-22,48.506161
2022-07-25,48.746334
2022-07-26,48.943619
2022-07-27,48.763481
2022-07-28,48.317459
2022-07-29,47.313881
2022-08-01,46.893578
2022-08-02,46.095863
2022-08-03,46.233105
2022-08-04,46.550472
2022-08-05,46.773491
2022-08-08,47.047970
2022-08-09,46.490429
2022-08-10,46.147331
2022-08-11,46.902153
2022-08-12,47.150906
2022-08-15,46.756332
2022-08-16,46.756332
2022-08-17,47.185211
2022-08-18,46.610519
2022-08-19,46.327457
2022-08-22,46.601940
2022-08-23,46.233105
2022-08-24,45.581211
2022-08-25,45.649830
2022-08-26,45.855690
2022-08-29,45.821381
2022-08-30,43.994354
2022-08-31,44.912159
2022-09-01,44.577637
2022-09-02,44.337460
2022-09-05,43.865696
2022-09-06,44.062977
2022-09-07,43.822803
2022-09-08,43.831387
2022-09-09,44.629097
2022-09-13,45.212368
2022-09-14,45.589787
2022-09-15,45.564053
2022-09-16,44.740601
2022-09-19,44.689140
2022-09-20,44.543320
2022-09-21,44.543320
2022-09-22,44.002934
2022-09-23,44.603367
2022-09-26,43.839962
2022-09-27,44.457550
2022-09-28,44.380348
2022-09-29,45.040817
2022-09-30,44.903580
2022-10-10,44.431816
2022-10-11,44.243111
2022-10-12,44.603367
2022-10-13,44.946468
2022-10-14,46.275990
2022-10-17,46.001514
2022-10-18,47.262409
2022-10-19,46.619095
2022-10-20,46.198792
2022-10-21,46.207371
2022-10-24,45.195217
2022-10-25,45.160908
2022-10-26,46.533321
2022-10-27,47.262409
2022-10-28,46.987926
2022-10-31,46.799225
2022-11-01,47.176636
2022-11-02,46.893578
2022-11-03,46.559048
2022-11-04,47.108017
2022-11-07,46.739182
2022-11-08,46.387501
2022-11-09,46.756332
2022-11-10,47.468273
2022-11-11,47.845688
2022-11-14,48.883575
2022-11-15,49.063702
2022-11-16,48.763481
2022-11-17,49.123749
2022-11-18,49.809948
2022-11-21,49.321030
2022-11-22,48.420387
2022-11-23,48.094437
2022-11-24,48.188793
2022-11-25,48.814953
2022-11-28,48.068703
2022-11-29,48.814953
2022-11-30,48.531895
2022-12-01,49.115162
2022-12-02,48.746334
2022-12-05,49.406807
2022-12-06,49.535469
2022-12-07,50.153057
2022-12-08,50.521893
2022-12-09,50.599087
2022-12-12,51.311024
2022-12-13,50.607662
2022-12-14,50.556198
2022-12-15,49.938614
2022-12-16,50.633396
2022-12-19,48.514736
2022-12-20,47.862839
2022-12-21,47.837109
2022-12-22,47.451118
2022-12-23,47.433964
2022-12-26,47.176636
2022-12-27,46.293148
2022-12-28,46.524742
2022-12-29,46.533321
2022-12-30,46.627674
2023-01-03,46.850689
2023-01-04,47.056549
2023-01-05,47.416809
2023-01-06,47.210945
2023-01-09,47.296726
2023-01-10,47.193790
2023-01-11,47.056549
2023-01-12,47.322453
2023-01-13,48.686287
2023-01-16,49.123749
2023-01-17,48.943619
2023-01-18,49.158058
2023-01-19,49.646976
2023-01-20,49.964348
2023-01-30,49.869991
2023-01-31,49.286716
2023-02-01,49.406807
2023-02-02,49.303875
2023-02-03,48.634819
2023-02-06,47.957195
2023-02-07,48.111591
2023-02-08,48.068703
2023-02-09,48.265991
2023-02-10,48.103012
2023-02-13,48.420387
2023-02-14,48.446117
2023-02-15,48.506161
2023-02-16,48.574780
2023-02-17,48.720596
2023-02-20,49.321030
2023-02-21,49.578354
2023-02-22,49.561199
2023-02-23,49.252407
2023-02-24,48.935036
2023-02-27,48.463272
2023-02-28,48.806377
2023-03-01,49.303875
2023-03-02,49.037968
2023-03-03,49.166637
2023-03-06,49.552628
2023-03-07,46.936470
2023-03-08,46.679134
2023-03-09,46.782070
2023-03-10,46.275990
2023-03-13,46.576206
2023-03-14,45.992931
2023-03-15,46.336037
2023-03-16,46.507587
2023-03-17,46.370346
2023-03-20,45.066555
2023-03-21,45.564053
2023-03-22,45.889999
2023-03-23,46.113018
2023-03-24,45.666985
2023-03-27,45.950047
2023-03-28,46.550472
2023-03-29,46.233105
2023-03-30,46.250259
2023-03-31,46.919312
2023-04-03,47.108017
2023-04-04,47.665558
2023-04-06,47.605515
2023-04-07,47.957195
2023-04-10,47.399651
2023-04-11,48.034393
2023-04-12,47.494007
2023-04-13,47.879997
2023-04-14,47.862839
2023-04-17,47.854267
2023-04-18,47.579784
2023-04-19,46.730598
2023-04-20,47.219528
2023-04-21,47.150906
2023-04-24,46.396080
2023-04-25,46.198792
2023-04-26,45.941463
2023-04-27,49.398228
2023-04-28,49.912880
2023-05-04,50.744904
2023-05-05,50.307449
2023-05-08,50.736332
2023-05-09,49.415382
2023-05-10,49.235256
2023-05-11,48.832111
2023-05-12,49.140903
2023-05-15,49.518314
2023-05-16,49.578354
2023-05-17,49.286716
2023-05-18,48.986507
2023-05-19,48.713329
2023-05-22,49.321365
2023-05-23,49.092251
2023-05-24,48.078857
2023-05-25,47.594193
2023-05-26,48.501835
2023-05-29,48.510654
2023-05-30,47.805683
2023-05-31,47.453197
2023-06-01,46.809914
2023-06-02,47.083092
2023-06-05,47.021404
2023-06-06,46.334061
2023-06-07,46.386932
2023-06-08,46.492680
2023-06-09,46.307621
2023-06-12,46.483868
2023-06-13,46.748230
2023-06-14,46.906849
2023-06-15,47.065468
2023-06-16,47.021404
2023-06-19,46.642487
2023-06-20,46.448616
2023-06-21,46.131378
2023-06-26,44.624508
2023-06-27,45.585030
2023-06-28,45.664345
2023-06-29,46.087318
2023-06-30,46.245937
2023-07-03,46.651295
2023-07-04,46.545547
2023-07-05,46.131378
2023-07-06,45.664345
2023-07-07,45.840580
2023-07-10,46.845165
2023-07-11,47.180023
2023-07-12,47.091896
2023-07-13,47.920238
2023-07-14,47.840931
2023-07-17,47.973110
2023-07-18,47.788055
2023-07-19,47.576569
2023-07-20,46.730602
2023-07-21,47.135963
2023-07-24,46.898041
2023-07-25,47.444386
2023-07-26,47.312206
2023-07-27,47.321018
2023-07-28,47.840931
2023-07-31,47.435574
2023-08-01,47.241711
2023-08-02,46.686546
2023-08-03,47.435574
2023-08-04,47.717560
2023-08-07,47.312206
2023-08-08,47.788055
2023-08-09,47.981930
2023-08-10,48.105289
2023-08-11,47.937866
2023-08-14,47.717560
2023-08-15,47.506069
2023-08-16,47.180023
2023-08-17,46.942093
2023-08-18,46.422180
2023-08-21,46.052071
2023-08-22,45.972759
2023-08-23,46.149002
2023-08-24,46.765854
2023-08-25,46.660110
2023-08-28,46.668919
2023-08-29,47.285767
2023-08-30,47.726372
2023-08-31,48.158165
2023-09-01,48.078857
2023-09-04,48.404903
2023-09-05,48.025986
2023-09-06,47.655876
2023-09-07,46.616051
2023-09-08,46.677731
2023-09-11,46.880413
2023-09-12,47.065468
2023-09-13,46.792290
2023-09-14,47.047836
2023-09-15,47.127151
2023-09-18,47.347454
2023-09-19,47.567757
2023-09-20,47.603001
2023-09-21,46.651295
2023-09-22,46.809914
2023-09-25,46.783478
2023-09-26,46.492680
2023-09-27,47.153584
2023-09-28,46.968533
2023-10-09,47.127151
2023-10-10,46.598423
2023-10-11,47.056656
2023-10-12,47.497257
2023-10-13,47.444386
2023-10-16,46.712982
2023-10-17,45.902267
2023-10-18,44.932938
2023-10-19,43.804985
2023-10-20,43.205765
2023-10-23,43.214573
2023-10-24,43.478939
2023-10-25,43.461315
2023-10-26,43.884293
2023-10-27,44.501141
2023-10-30,44.642136
2023-10-31,44.809563
2023-11-01,44.932938
2023-11-02,44.827190
2023-11-03,44.950558
2023-11-06,45.294235
2023-11-07,44.880066
2023-11-08,44.836006
2023-11-09,44.721447
2023-11-10,44.571640
2023-11-13,44.342522
2023-11-14,44.324902
2023-11-15,44.659763
2023-11-16,44.219154
2023-11-17,44.307274
2023-11-20,44.598072
2023-11-21,44.501141
2023-11-22,44.192722
2023-11-23,44.457081
2023-11-24,44.615700
2023-11-27,43.857857
2023-11-28,44.545200
2023-11-29,44.157471
2023-11-30,44.351341
2023-12-01,44.368961
2023-12-04,43.796173
2023-12-05,43.434875
2023-12-06,43.188133
2023-12-07,43.355568
2023-12-08,43.813801
2023-12-11,44.007664
2023-12-12,44.042912
2023-12-13,43.884293
2023-12-14,43.496563
2023-12-15,43.267445
2023-12-18,43.214573
2023-12-19,41.231857
2023-12-20,41.328785
2023-12-21,42.139492
2023-12-22,42.738724
2023-12-25,42.791599
2023-12-26,42.650600
2023-12-27,42.694664
2023-12-28,43.161701
2023-12-29,43.311512
2024-01-02,43.461315
2024-01-03,43.646366
2024-01-04,43.426067
2024-01-05,43.020710
2024-01-08,42.562477
2024-01-09,42.694664
2024-01-10,42.342175
2024-01-11,42.359798
2024-01-12,42.271679
2024-01-15,42.712284
2024-01-16,43.267445
2024-01-17,42.483166
2024-01-18,42.721092
2024-01-19,42.491985
2024-01-22,41.690083
2024-01-23,41.742950
2024-01-24,42.588917
2024-01-25,43.249825
2024-01-26,43.540623
2024-01-29,43.329128
2024-01-30,42.509605
2024-01-31,40.985107
2024-02-01,40.755997
2024-02-02,40.685497
2024-02-05,41.240658
2024-02-06,43.575874
2024-02-07,43.540623
2024-02-08,43.549431
2024-02-19,43.945976
2024-02-20,44.060532
2024-02-21,44.034107
2024-02-22,44.042912
2024-02-23,43.804985
2024-02-26,43.584682
2024-02-27,43.804985
2024-02-28,43.611118
2024-02-29,43.910732
2024-03-01,44.492332
2024-03-04,44.642136
2024-03-05,45.206108
2024-03-06,44.950558
2024-03-07,44.633327
2024-03-08,45.461658
2024-03-11,45.435226
2024-03-12,45.822960
2024-03-13,45.708401
2024-03-14,45.241360
2024-03-15,45.347103
2024-03-18,45.479286
2024-03-19,45.179676
2024-03-20,45.162048
2024-03-21,44.941746
2024-03-22,44.606892
2024-03-25,44.862438
2024-03-26,44.818378
2024-03-27,44.316090
2024-03-28,44.501141
2024-03-29,44.765511
2024-04-01,44.712639
2024-04-02,44.175091
2024-04-03,45.162048
2024-04-08,45.117989
2024-04-09,44.985809
2024-04-10,44.589260
2024-04-11,44.677383
2024-04-12,44.589260
2024-04-15,45.602654
2024-04-16,46.977345
2024-04-17,49.409485
2024-04-18,49.347797
2024-04-19,49.973461
2024-04-22,49.726727
2024-04-23,49.277302
2024-04-24,48.871944
2024-04-25,48.757393
2024-04-26,48.757393
2024-04-29,49.347797
2024-04-30,50.449314
2024-05-06,50.607933
2024-05-07,50.211388
2024-05-08,50.140892
2024-05-09,49.779598
2024-05-10,48.971779
2024-05-13,50.060452
2024-05-14,51.469315
2024-05-15,50.819771
2024-05-16,50.536175
2024-05-17,50.600212
2024-05-20,50.316605
2024-05-21,50.499577
2024-05-22,49.868332
2024-05-23,49.429203
2024-05-24,49.328575
2024-05-27,49.740253
2024-05-28,49.511543
2024-05-29,49.099861
2024-05-30,48.614990
2024-05-31,48.377136
2024-06-03,48.404575
2024-06-04,49.310280
2024-06-05,49.191349
2024-06-06,49.291977
2024-06-07,49.502392
2024-06-11,49.511543
2024-06-12,48.779663
2024-06-13,47.553772
2024-06-14,48.322243
2024-06-17,48.212456
2024-06-18,48.450317
2024-06-19,48.066086
2024-06-20,47.169540
2024-06-21,47.169540
2024-06-24,46.895081
2024-06-25,47.032310
2024-06-26,47.407394
2024-06-27,46.821888
2024-06-28,46.794445
2024-07-01,47.983749
2024-07-02,47.553772
2024-07-03,46.812737
2024-07-04,46.254692
2024-07-05,46.867634
2024-07-08,46.510841
2024-07-09,46.666363
2024-07-10,46.675510
2024-07-11,47.370800
2024-07-12,47.379948
2024-07-15,47.288460
2024-07-16,47.306763
2024-07-17,47.544621
2024-07-18,47.947155
2024-07-19,48.834557
2024-07-22,48.862000
2024-07-23,47.389095
2024-07-24,47.443981
2024-07-25,47.004864
2024-07-26,47.389095
2024-07-29,46.419357
2024-07-30,45.211758
2024-07-31,46.208942
2024-08-01,46.227242
2024-08-02,46.227242
2024-08-05,46.227242
2024-08-06,46.657219
2024-08-07,46.785297
2024-08-08,48.496056
2024-08-09,48.505211
2024-08-12,49.264530
2024-08-13,49.383461
2024-08-14,48.971779
2024-08-15,48.926037
2024-08-16,48.834557
2024-08-19,49.118153
2024-08-20,48.935188
2024-08-21,48.669884
2024-08-22,48.715630
2024-08-23,49.310280
2024-08-26,49.291977
2024-08-27,48.706482
2024-08-28,49.420059
2024-08-29,49.785995
2024-08-30,49.456654
2024-09-02,49.767700
2024-09-03,50.892963
2024-09-04,49.081570
2024-09-05,49.282829
2024-09-06,48.669884
2024-09-09,48.486912
2024-09-10,48.157566
2024-09-11,47.910557
2024-09-12,46.391914
2024-09-13,46.300430
2024-09-18,46.163200
2024-09-19,46.300430
2024-09-20,45.934490
2024-09-23,45.943638
2024-09-24,47.261021
2024-09-25,48.212456
2024-09-26,49.685364
2024-09-27,51.661434
2024-09-30,55.805691
2024-10-08,57.342640
2024-10-09,53.106888
2024-10-10,53.911961
2024-10-11,52.521389
2024-10-14,52.859882
2024-10-15,51.688877
2024-10-16,51.579098
2024-10-17,50.591061
2024-10-18,51.771221
2024-10-21,52.420757
2024-10-22,52.795845
2024-10-23,53.097744
2024-10-24,52.274380
2024-10-25,52.512241
2024-10-28,53.299011
2024-10-29,52.832439
2024-10-30,52.978813
2024-10-31,52.201195
2024-11-01,52.530537
2024-11-04,52.942219
2024-11-05,53.683250
2024-11-06,53.655804
2024-11-07,55.805691
2024-11-08,55.448902
2024-11-11,54.982330
2024-11-12,55.119556
2024-11-13,55.055515
2024-11-14,54.387680
2024-11-15,53.921104
2024-11-18,53.939404
2024-11-19,54.195560
2024-11-20,54.424274
2024-11-21,54.460865
2024-11-22,53.134338
2024-11-25,53.277294
2024-11-26,52.810112
2024-11-27,53.239922
2024-11-28,53.211887
2024-11-29,53.548264
2024-12-02,53.744476
2024-12-03,53.707104
2024-12-04,53.211887
2024-12-05,52.968960
2024-12-06,53.847256
2024-12-09,53.679073
2024-12-10,53.893974
2024-12-11,54.277061
2024-12-12,55.164703
2024-12-13,54.389187
2024-12-16,54.267723
2024-12-17,54.940460
2024-12-18,55.407639
2024-12-19,55.725323
2024-12-20,56.033665
2024-12-23,56.556904
2024-12-24,56.295284
2024-12-25,56.678371
2024-12-26,55.697292
2024-12-27,55.940224
2024-12-30,56.463467
2024-12-31,56.014977
2025-01-02,54.239685
2025-01-03,54.127567
2025-01-06,54.258377
2025-01-07,53.800541
2025-01-08,53.791191
2025-01-09,53.445480
2025-01-10,52.903549
2025-01-13,52.464401
2025-01-14,53.632355
2025-01-15,53.725788
2025-01-16,53.370731
2025-01-17,53.725788
2025-01-20,53.202545
2025-01-21,53.445480
2025-01-22,53.193203
2025-01-23,53.258606
2025-01-24,53.585632
2025-01-27,54.118217
2025-02-05,53.651035
2025-02-06,53.781853
2025-02-07,53.725788
2025-02-10,53.520229
2025-02-11,52.679306
2025-02-12,53.520229
2025-02-13,53.324013
2025-02-14,54.099537
2025-02-17,53.258606
2025-02-18,52.791428
2025-02-19,52.782089
2025-02-20,52.716675
2025-02-21,52.296215
2025-02-24,51.987881
2025-02-25,51.473980
2025-02-26,51.455292
2025-02-27,51.660854
2025-02-28,51.548729
2025-03-03,51.492664
2025-03-04,51.464638
2025-03-05,51.090889
2025-03-06,51.651505
2025-03-07,51.548729
2025-03-10,51.483318
2025-03-11,51.576756
2025-03-12,51.268421
2025-03-13,51.240387
2025-03-14,52.099998
2025-03-17,51.875755
2025-03-18,51.744946
2025-03-19,51.763630
2025-03-20,51.445946
2025-03-21,51.464638
2025-03-24,51.679539
2025-03-25,51.997223
2025-03-26,51.791660
2025-03-27,52.473743
2025-03-28,52.651272
2025-03-31,53.071735
2025-04-01,53.324013
2025-04-02,53.081081
2025-04-03,53.221237
2025-04-07,51.389881
2025-04-08,53.127800
2025-04-09,53.613670
2025-04-10,53.847256
2025-04-11,53.146484
2025-04-14,52.922241
2025-04-15,53.482857
2025-04-16,53.697758
2025-04-17,53.566952
2025-04-18,53.679073
2025-04-21,53.454823
2025-04-22,54.277061
2025-04-23,53.865944
2025-04-24,54.548031
2025-04-25,54.099537
2025-04-28,54.108879
2025-04-29,53.940693
2025-04-30,54.632301
2025-05-06,54.174412
2025-05-07,54.651382
2025-05-08,54.422432
2025-05-09,54.431976
2025-05-12,54.441513
2025-05-13,54.431976
2025-05-14,54.527367
2025-05-15,54.346119
2025-05-16,54.117168
2025-05-19,53.821445
2025-05-20,54.412895
2025-05-21,54.565525
2025-05-22,54.088554
2025-05-23,53.974083
2025-05-26,53.325401
2025-05-27,53.573425
2025-05-28,53.706978
2025-05-29,53.687897
2025-05-30,53.878689
2025-06-03,54.584602
2025-06-04,54.269802
2025-06-05,53.754673
2025-06-06,53.993156
2025-06-09,54.107632
2025-06-10,53.993156
2025-06-11,54.365196
2025-06-12,54.384277
2025-06-13,53.897766
2025-06-16,53.296780
2025-06-17,52.991520
2025-06-18,52.733955
2025-06-19,52.495468
2025-06-20,52.495468
2025-06-23,52.485931
2025-06-24,52.848427
2025-06-25,53.287243
2025-06-26,53.735596
2025-06-27,53.306320
2025-06-30,53.220467
2025-07-01,53.201389
2025-07-02,53.020138
2025-07-03,53.249084
2025-07-04,53.220467
2025-07-07,53.058292
2025-07-08,53.382633
2025-07-09,53.458954
2025-07-10,53.420795
2025-07-11,53.487568
2025-07-14,53.411259
2025-07-15,53.039215
2025-07-16,53.334938
2025-07-17,53.630661
2025-07-18,53.640202
2025-07-21,53.582962
2025-07-22,53.907303
2025-07-23,53.926384
2025-07-24,54.412895
2025-07-25,53.926384
2025-07-28,53.897766
2025-07-29,53.249084
2025-07-30,54.775391
2025-07-31,53.497112
2025-08-01,53.697437
2025-08-04,53.525726
2025-08-05,53.592503
2025-08-06,53.382633
2025-08-07,53.268162
2025-08-08,53.315857
2025-08-11,53.430332
2025-08-12,53.373096
2025-08-13,53.420795
2025-08-14,53.306320
2025-08-15,53.382633
2025-08-18,54.222107
2025-08-19,53.926384
2025-08-20,54.317497
2025-08-21,54.851711
2025-08-22,54.985260
2025-08-25,55.319141
2025-08-26,55.166512
2025-08-27,54.279343
2025-08-28,54.536903
2025-08-29,54.928024
2025-09-01,56.559269
2025-09-02,56.940842
2025-09-03,56.692818
2025-09-04,55.977360
2025-09-05,56.568806
2025-09-08,57.465511
2025-09-09,57.036236
2025-09-10,56.692818
2025-09-11,57.064857
2025-09-12,56.273083
2025-09-15,56.292156
2025-09-16,55.986897
2025-09-17,56.254005
2025-09-18,55.796112
2025-09-19,55.786572
2025-09-22,55.462231
2025-09-23,55.261902
2025-09-24,56.018330
2025-09-25,55.620213
2025-09-26,55.455139
2025-09-29,55.697895
2025-09-30,55.105572
2025-10-09,55.678474
2025-10-10,55.668766
2025-10-13,55.105572
2025-10-14,55.464848
2025-10-15,55.532818
2025-10-16,56.037750
2025-10-17,55.406590
2025-10-20,54.989048
2025-10-21,54.979336
2025-10-22,54.814262
2025-10-23,54.930786
2025-10-24,54.726871
2025-10-27,54.833683
2025-10-28,54.474403
2025-10-29,54.717159
2025-10-30,54.843395
2025-10-31,55.018177
2025-11-03,54.726871
2025-11-04,54.309330
2025-11-05,54.251068
2025-11-06,54.260780
2025-11-07,54.406433
2025-11-10,55.620213
2025-11-11,55.561951
2025-11-12,55.464848
2025-11-13,55.406590
2025-11-14,55.018177
2025-11-17,54.707451
2025-11-18,54.756001
2025-11-19,54.765713
2025-11-20,54.416145
2025-11-21,54.047153
2025-11-24,54.037445
2025-11-25,54.221939
2025-11-26,54.357883
2025-11-27,54.445274
2025-11-28,54.435566
2025-12-01,53.969475
2025-12-02,53.775269
2025-12-03,54.095703
2025-12-04,54.115128
2025-12-05,54.309330
2025-12-08,54.474403
2025-12-09,53.998604
2025-12-10,54.115128
2025-12-11,54.183098
2025-12-12,54.212231
2025-12-15,54.241360
2025-12-16,54.270489
2025-12-17,54.571507
2025-12-18,55.008469
2025-12-19,54.891945
2025-12-22,54.911366
2025-12-23,54.561794
2025-12-24,54.862816
2025-12-25,55.115280
2025-12-26,55.057018
2025-12-29,55.047306
2025-12-30,55.290062
2025-12-31,55.115280
2026-01-05,55.659054
2026-01-06,55.727024
2026-01-07,55.668766
2026-01-08,55.552238
2026-01-09,55.659054
2026-01-12,55.251225
2026-01-13,55.474560
2026-01-14,54.998756
2026-01-15,54.785130
2026-01-16,54.571507
2026-01-19,54.590927
2026-01-20,55.532818
2026-01-21,55.057018
2026-01-22,55.008469
2026-01-23,54.522957
2026-01-26,54.542374
2026-01-27,55.037598
2026-01-28,54.008312
2026-01-29,54.474403
2026-01-30,53.998604
2026-02-02,53.901501
2026-02-03,54.377304
2026-02-04,54.717159
2026-02-05,55.474560
2026-02-06,55.348328
2026-02-09,55.668766
2026-02-10,55.591084
2026-02-11,55.552238
2026-02-12,55.095863
2026-02-13,54.862816
2026-02-24,54.969627
2026-02-25,54.901657
2026-02-26,54.620060
2026-02-27,54.425854
2026-03-02,54.387012
2026-03-03,54.328751
2026-03-04,53.823818
2026-03-05,54.270489
2026-03-06,54.522957
2026-03-09,54.590927
2026-03-10,54.862816
2026-03-11,55.057018
2026-03-12,54.668610
2026-03-13,54.668610
2026-03-16,55.144413
2026-03-17,55.435719
2026-03-18,55.212383
2026-03-19,55.086147
2026-03-20,55.095863
2026-03-23,53.348015
2026-03-24,53.882084
2026-03-25,53.784977
2026-03-26,52.687721
2026-03-27,52.823666
2026-03-30,53.163525
2026-03-31,53.270336
2026-04-01,53.959763
2026-04-02,55.134701
2026-04-03,54.823971
2026-04-07,54.289909
2026-04-08,54.319038
2026-04-09,53.503380
2026-04-10,53.328594
2026-04-13,53.144104
2026-04-14,53.454830
2026-04-15,54.105419
2026-04-16,53.911213
2026-04-17,53.687878
2026-04-20,53.406281
2026-04-21,53.464542
2026-04-22,52.901348
2026-04-23,52.707142
2026-04-24,52.852795
2026-04-27,52.716854
2026-04-28,53.250916
2026-04-29,53.047001
2026-04-30,53.049999
2026-05-06,52.650002
2026-05-07,52.599998
2026-05-08,52.619999
2026-05-11,52.619999
2026-05-12,51.810001
2026-05-13,51.650002
2026-05-14,51.500000
2026-05-15,50.900002
2026-05-18,50.860001
2026-05-19,50.880001
2026-05-20,50.779999
2026-05-21,50.130001
2026-05-22,49.799999
2026-05-25,49.470001
2026-05-26,48.849998
2026-05-27,49.730000
2026-05-28,48.820000
2026-05-29,49.939999
2026-06-01,49.820000
2026-06-02,49.459999
2026-06-03,49.150002
2026-06-04,48.599998
2026-06-05,48.810001
2026-06-08,49.500000
2026-06-09,49.419998
2026-06-10,50.139999
2026-06-11,50.549999
2026-06-12,50.599998
2026-06-15,50.150002
2026-06-16,49.410000
2026-06-17,48.910000
2026-06-18,48.430000
2026-06-22,48.660000
2026-06-23,48.529999
2026-06-24,47.630001
2026-06-25,47.150002
2026-06-26,47.000000
2026-06-29,48.529999
2026-06-30,47.369999
2026-07-01,47.970001
2026-07-02,48.759998
2026-07-03,48.860001
2026-07-06,49.279999
2026-07-07,48.650002
2026-07-08,48.669998
2026-07-09,48.360001
2026-07-10,48.820000
2026-07-13,49.750000
2026-07-14,50.049999
2026-07-15,50.799999
2026-07-16,52.110001
2026-07-17,51.419998
2026-07-20,52.040001
2026-07-21,51.200001
2026-07-22,51.750000
2026-07-23,51.700001
2026-07-24,51.000000
2026-07-27,51.119999
2026-07-28,51.430000
2026-07-29,51.889999
2026-07-30,52.750000
2026-07-31,52.860001
2026-08-03,52.290001
2026-08-04,51.700001
2026-08-05,50.900002
2026-08-06,50.689999
2026-08-07,50.759998
2026-08-10,51.189999
2026-08-11,50.830002
2026-08-12,50.549999
2026-08-13,50.459999
2026-08-14,50.029999
2026-08-17,49.799999
2026-08-18,49.500000
2026-08-19,49.750000
2026-08-20,50.209999
2026-08-21,49.330002
2026-08-24,49.500000
2026-08-25,50.000000
2026-08-26,50.250000
2026-08-27,49.990002
2026-08-28,50.000000
2026-08-31,50.389999
2026-09-01,50.680000
2026-09-02,50.599998
2026-09-03,50.770000
2026-09-04,51.020000
2026-09-07,50.570000
2026-09-08,50.869999
2026-09-09,50.470001
2026-09-10,50.400002
2026-09-11,50.400002
