date,close
2004-01-01,1.807140
2004-01-02,1.804756
2004-01-05,1.894159
2004-01-06,1.901311
2004-01-07,1.889391
2004-01-08,1.902503
2004-01-09,1.937072
2004-01-12,2.022900
2004-01-13,1.969258
2004-01-14,2.045549
2004-01-15,2.005019
2004-01-16,2.013363
2004-01-19,2.013363
2004-01-20,2.013363
2004-01-21,2.013363
2004-01-22,2.013363
2004-01-23,2.013363
2004-01-26,2.013363
2004-01-27,2.013363
2004-01-28,2.013363
2004-01-29,1.990715
2004-01-30,1.919192
2004-02-02,1.916808
2004-02-03,1.904887
2004-02-04,1.983562
2004-02-05,1.928728
2004-02-06,1.907272
2004-02-09,1.977601
2004-02-10,2.009787
2004-02-11,2.111111
2004-02-12,2.080118
2004-02-13,2.027668
2004-02-16,2.069390
2004-02-17,2.146872
2004-02-18,2.212435
2004-02-19,2.164752
2004-02-20,2.154025
2004-02-23,2.193362
2004-02-24,2.169521
2004-02-25,2.140912
2004-02-26,2.133760
2004-02-27,2.164752
2004-03-01,2.120648
2004-03-02,2.115879
2004-03-03,2.080118
2004-03-04,2.081310
2004-03-05,2.083694
2004-03-08,1.999058
2004-03-09,2.014556
2004-03-10,2.053893
2004-03-11,2.074157
2004-03-12,2.094423
2004-03-15,2.123031
2004-03-16,2.131376
2004-03-17,2.075350
2004-03-18,2.075350
2004-03-19,2.026476
2004-03-22,1.990715
2004-03-23,2.009787
2004-03-24,2.034820
2004-03-25,2.020515
2004-03-26,1.991906
2004-03-29,1.957337
2004-03-30,1.977601
2004-03-31,1.962106
2004-04-01,1.983562
2004-04-02,2.008595
2004-04-05,2.009787
2004-04-06,2.000251
2004-04-07,1.989522
2004-04-08,1.963297
2004-04-09,1.938264
2004-04-12,1.895351
2004-04-13,1.884623
2004-04-14,1.847669
2004-04-15,1.845285
2004-04-16,1.856014
2004-04-19,1.827404
2004-04-20,1.784490
2004-04-21,1.825020
2004-04-22,1.842901
2004-04-23,1.842901
2004-04-26,1.838133
2004-04-27,1.834557
2004-04-28,1.805947
2004-04-29,1.723697
2004-04-30,1.696280
2004-05-03,1.696280
2004-05-04,1.696280
2004-05-05,1.696280
2004-05-06,1.696280
2004-05-07,1.696280
2004-05-10,1.692703
2004-05-11,1.696280
2004-05-12,1.717736
2004-05-13,1.708200
2004-05-14,1.649789
2004-05-17,1.615220
2004-05-18,1.583035
2004-05-19,1.581843
2004-05-20,1.544890
2004-05-21,1.552042
2004-05-24,1.525817
2004-05-25,1.478135
2004-05-26,1.470106
2004-05-27,1.503683
2004-05-28,1.500764
2004-05-31,1.502223
2004-06-01,1.527042
2004-06-02,1.494923
2004-06-03,1.493464
2004-06-04,1.521202
2004-06-07,1.464266
2004-06-08,1.429229
2004-06-09,1.446747
2004-06-10,1.493464
2004-06-11,1.483245
2004-06-14,1.465726
2004-06-15,1.483245
2004-06-16,1.477405
2004-06-17,1.347475
2004-06-18,1.312438
2004-06-21,1.315358
2004-06-22,1.313898
2004-06-23,1.299299
2004-06-24,1.281780
2004-06-25,1.223385
2004-06-28,1.255502
2004-06-29,1.312438
2004-06-30,1.299299
2004-07-01,1.351855
2004-07-02,1.331416
2004-07-05,1.308058
2004-07-06,1.310978
2004-07-07,1.312438
2004-07-08,1.331416
2004-07-09,1.312438
2004-07-12,1.284700
2004-07-13,1.280320
2004-07-14,1.267181
2004-07-15,1.211705
2004-07-16,1.258422
2004-07-19,1.240903
2004-07-20,1.179588
2004-07-21,1.185428
2004-07-22,1.118273
2004-07-23,1.137252
2004-07-26,1.127032
2004-07-27,1.148930
2004-07-28,1.198566
2004-07-29,1.220465
2004-07-30,1.210246
2004-08-02,1.208786
2004-08-03,1.217546
2004-08-04,1.296378
2004-08-05,1.283240
2004-08-06,1.280320
2004-08-09,1.309518
2004-08-10,1.287620
2004-08-11,1.271561
2004-08-12,1.249663
2004-08-13,1.261342
2004-08-16,1.216085
2004-08-17,1.227765
2004-08-18,1.240903
2004-08-19,1.214625
2004-08-20,1.214625
2004-08-23,1.214625
2004-08-24,1.214625
2004-08-25,1.175208
2004-08-26,1.166449
2004-08-27,1.150390
2004-08-30,1.127032
2004-08-31,1.150390
2004-09-01,1.129952
2004-09-02,1.128492
2004-09-03,1.143091
2004-09-06,1.094915
2004-09-07,1.099294
2004-09-08,1.090535
2004-09-09,1.062797
2004-09-10,1.065717
2004-09-13,1.030680
2004-09-14,1.045279
2004-09-15,1.094915
2004-09-16,1.125573
2004-09-17,1.191267
2004-09-20,1.245283
2004-09-21,1.227765
2004-09-22,1.175208
2004-09-23,1.221925
2004-09-24,1.200027
2004-09-27,1.233604
2004-09-28,1.223385
2004-09-29,1.182508
2004-09-30,1.140171
2004-10-01,1.140171
2004-10-04,1.140171
2004-10-05,1.140171
2004-10-06,1.140171
2004-10-07,1.140171
2004-10-08,1.125573
2004-10-11,1.099294
2004-10-12,1.051118
2004-10-13,0.989803
2004-10-14,0.985423
2004-10-15,0.946006
2004-10-18,0.962065
2004-10-19,0.969365
2004-10-20,0.937247
2004-10-21,0.932867
2004-10-22,0.932867
2004-10-25,0.880311
2004-10-26,0.878851
2004-10-27,0.896370
2004-10-28,0.897830
2004-10-29,0.871552
2004-11-01,0.902209
2004-11-02,0.874472
2004-11-03,0.883231
2004-11-04,0.839435
2004-11-05,0.842355
2004-11-08,0.824836
2004-11-09,0.839435
2004-11-10,0.887611
2004-11-11,0.894910
2004-11-12,0.883231
2004-11-15,0.935787
2004-11-16,0.918268
2004-11-17,0.899289
2004-11-18,0.903670
2004-11-19,0.916809
2004-11-22,0.908049
2004-11-23,0.891991
2004-11-24,0.873012
2004-11-25,0.849653
2004-11-26,0.854033
2004-11-29,0.829215
2004-11-30,0.829215
2004-12-01,0.824836
2004-12-02,0.811697
2004-12-03,0.817536
2004-12-06,0.843814
2004-12-07,0.829215
2004-12-08,0.829215
2004-12-09,0.889071
2004-12-10,0.889071
2004-12-13,0.916809
2004-12-14,0.894910
2004-12-15,0.940167
2004-12-16,0.909509
2004-12-17,0.884691
2004-12-20,0.837975
2004-12-21,0.836514
2004-12-22,0.881771
2004-12-23,0.865713
2004-12-24,0.845274
2004-12-27,0.839435
2004-12-28,0.871552
2004-12-29,0.856953
2004-12-30,0.846734
2004-12-31,0.835055
2005-01-03,0.835055
2005-01-04,0.751841
2005-01-05,0.747462
2005-01-06,0.735783
2005-01-07,0.756221
2005-01-10,0.766440
2005-01-11,0.763521
2005-01-12,0.757681
2005-01-13,0.769360
2005-01-14,0.756221
2005-01-17,0.738702
2005-01-18,0.751841
2005-01-19,0.748922
2005-01-20,0.772279
2005-01-21,0.818996
2005-01-24,0.832135
2005-01-25,0.848194
2005-01-26,0.837975
2005-01-27,0.797098
2005-01-28,0.770820
2005-01-31,0.759140
2005-02-01,0.764980
2005-02-02,0.840895
2005-02-03,0.899289
2005-02-04,0.946006
2005-02-07,0.946006
2005-02-08,0.946006
2005-02-09,0.946006
2005-02-10,0.946006
2005-02-11,0.946006
2005-02-14,0.946006
2005-02-15,0.946006
2005-02-16,0.931408
2005-02-17,0.941626
2005-02-18,0.918268
2005-02-21,0.944546
2005-02-22,0.973744
2005-02-23,0.959145
2005-02-24,0.991263
2005-02-25,0.978124
2005-02-28,0.960605
2005-03-01,0.953306
2005-03-02,0.909509
2005-03-03,0.921188
2005-03-04,0.919729
2005-03-07,0.931408
2005-03-08,0.962065
2005-03-09,0.959145
2005-03-10,0.916809
2005-03-11,0.894910
2005-03-14,0.861333
2005-03-15,0.854033
2005-03-16,0.867172
2005-03-17,0.807317
2005-03-18,0.791258
2005-03-21,0.800017
2005-03-22,0.737242
2005-03-23,0.750382
2005-03-24,0.772279
2005-03-25,0.764980
2005-03-28,0.753301
2005-03-29,0.756221
2005-03-30,0.740162
2005-03-31,0.767900
2005-04-01,0.794178
2005-04-04,0.760601
2005-04-05,0.748922
2005-04-06,0.760601
2005-04-07,0.792718
2005-04-08,0.807317
2005-04-11,0.807317
2005-04-12,0.782499
2005-04-13,0.827756
2005-04-14,0.852573
2005-04-15,0.818996
2005-04-18,0.794178
2005-04-19,0.811697
2005-04-20,0.792718
2005-04-21,0.744542
2005-04-22,0.746002
2005-04-25,0.731403
2005-04-26,0.747462
2005-04-27,0.750382
2005-04-28,0.788338
2005-04-29,0.764980
2005-05-02,0.764980
2005-05-03,0.764980
2005-05-04,0.764980
2005-05-05,0.764980
2005-05-06,0.764980
2005-05-09,0.756221
2005-05-10,0.773739
2005-05-11,0.756221
2005-05-12,0.748922
2005-05-13,0.776660
2005-05-16,0.766440
2005-05-17,0.798558
2005-05-18,0.808777
2005-05-19,0.810237
2005-05-20,0.783959
2005-05-23,0.789799
2005-05-24,0.823375
2005-05-25,0.830675
2005-05-26,0.830675
2005-05-27,0.833595
2005-05-30,0.826295
2005-05-31,0.837975
2005-06-01,0.811697
2005-06-02,0.826295
2005-06-03,0.814616
2005-06-06,0.800017
2005-06-07,0.795638
2005-06-08,0.868632
2005-06-09,0.899289
2005-06-10,0.880311
2005-06-13,0.922648
2005-06-14,0.905130
2005-06-15,0.857410
2005-06-16,0.863567
2005-06-17,0.868185
2005-06-20,0.909747
2005-06-21,0.889736
2005-06-22,0.894354
2005-06-23,0.871264
2005-06-24,0.852792
2005-06-27,0.888197
2005-06-28,0.858949
2005-06-29,0.849713
2005-06-30,0.828163
2005-07-01,0.829702
2005-07-04,0.797376
2005-07-05,0.781982
2005-07-06,0.781982
2005-07-07,0.778903
2005-07-08,0.783522
2005-07-11,0.785061
2005-07-12,0.820466
2005-07-13,0.814308
2005-07-14,0.811230
2005-07-15,0.789679
2005-07-18,0.783522
2005-07-19,0.786600
2005-07-20,0.801994
2005-07-21,0.803533
2005-07-22,0.815847
2005-07-25,0.786600
2005-07-26,0.798915
2005-07-27,0.857410
2005-07-28,0.848174
2005-07-29,0.831241
2005-08-01,0.845095
2005-08-02,0.862028
2005-08-03,0.857410
2005-08-04,0.842017
2005-08-05,0.871264
2005-08-08,0.889736
2005-08-09,0.877421
2005-08-10,0.871264
2005-08-11,0.862028
2005-08-12,0.877421
2005-08-15,0.875881
2005-08-16,0.848174
2005-08-17,0.842017
2005-08-18,0.812769
2005-08-19,0.815847
2005-08-22,0.815847
2005-08-23,0.803533
2005-08-24,0.801994
2005-08-25,0.794297
2005-08-26,0.789679
2005-08-29,0.781982
2005-08-30,0.792758
2005-08-31,0.803533
2005-09-01,0.818927
2005-09-02,0.846634
2005-09-05,0.846634
2005-09-06,0.818927
2005-09-07,0.846634
2005-09-08,0.842017
2005-09-09,0.832781
2005-09-12,0.823544
2005-09-13,0.838938
2005-09-14,0.843555
2005-09-15,0.832781
2005-09-16,0.829702
2005-09-19,0.846634
2005-09-20,0.834320
2005-09-21,0.803533
2005-09-22,0.789679
2005-09-23,0.781982
2005-09-26,0.780443
2005-09-27,0.751196
2005-09-28,0.725027
2005-09-29,0.723488
2005-09-30,0.703476
2005-10-03,0.703476
2005-10-04,0.703476
2005-10-05,0.703476
2005-10-06,0.703476
2005-10-07,0.703476
2005-10-10,0.711173
2005-10-11,0.723488
2005-10-12,0.720409
2005-10-13,0.703476
2005-10-14,0.669611
2005-10-17,0.683465
2005-10-18,0.669611
2005-10-19,0.661914
2005-10-20,0.672689
2005-10-21,0.677308
2005-10-24,0.685004
2005-10-25,0.663454
2005-10-26,0.654217
2005-10-27,0.618813
2005-10-28,0.601880
2005-10-31,0.601880
2005-11-01,0.597262
2005-11-02,0.612655
2005-11-03,0.600341
2005-11-04,0.608037
2005-11-07,0.604958
2005-11-08,0.617274
2005-11-09,0.604958
2005-11-10,0.581869
2005-11-11,0.578790
2005-11-14,0.574172
2005-11-15,0.564936
2005-11-16,0.574172
2005-11-17,0.581869
2005-11-18,0.600341
2005-11-21,0.598801
2005-11-22,0.575711
2005-11-23,0.580329
2005-11-24,0.584947
2005-11-25,0.586487
2005-11-28,0.581869
2005-11-29,0.568014
2005-11-30,0.569554
2005-12-01,0.563397
2005-12-02,0.563397
2005-12-05,0.527992
2005-12-06,0.529532
2005-12-07,0.537228
2005-12-08,0.538767
2005-12-09,0.546464
2005-12-12,0.544925
2005-12-13,0.554160
2005-12-14,0.554160
2005-12-15,0.566476
2005-12-16,0.566476
2005-12-19,0.566476
2005-12-20,0.560318
2005-12-21,0.551082
2005-12-22,0.557239
2005-12-23,0.563397
2005-12-26,0.568014
2005-12-27,0.560318
2005-12-28,0.558779
2005-12-29,0.558779
2005-12-30,0.560318
2006-01-04,0.574172
2006-01-05,0.631127
2006-01-06,0.640364
2006-01-09,0.651138
2006-01-10,0.669611
2006-01-11,0.644981
2006-01-12,0.646521
2006-01-13,0.640364
2006-01-16,0.637285
2006-01-17,0.668071
2006-01-18,0.675768
2006-01-19,0.678847
2006-01-20,0.651138
2006-01-23,0.632667
2006-01-24,0.646521
2006-01-25,0.666532
2006-02-06,0.692701
2006-02-07,0.761971
2006-02-08,0.768128
2006-02-09,0.797376
2006-02-10,0.786600
2006-02-13,0.766589
2006-02-14,0.777364
2006-02-15,0.780443
2006-02-16,0.731185
2006-02-17,0.725027
2006-02-20,0.726566
2006-02-21,0.743499
2006-02-22,0.737342
2006-02-23,0.800454
2006-02-24,0.792758
2006-02-27,0.765050
2006-02-28,0.789679
2006-03-01,0.808151
2006-03-02,0.797376
2006-03-03,0.809690
2006-03-06,0.831241
2006-03-07,0.791219
2006-03-08,0.794297
2006-03-09,0.809690
2006-03-10,0.835859
2006-03-13,0.843555
2006-03-14,0.823544
2006-03-15,0.829702
2006-03-16,0.815847
2006-03-17,0.831241
2006-03-20,0.831241
2006-03-21,0.831241
2006-03-22,0.831241
2006-03-23,0.831241
2006-03-24,0.831241
2006-03-27,0.831241
2006-03-28,0.831241
2006-03-29,0.831241
2006-03-30,0.794297
2006-03-31,0.788140
2006-04-03,0.801994
2006-04-04,0.852792
2006-04-05,0.863567
2006-04-06,0.909747
2006-04-07,0.925141
2006-04-10,1.017500
2006-04-11,1.048287
2006-04-12,1.048287
2006-04-13,0.971320
2006-04-14,0.997489
2006-04-17,1.006726
2006-04-18,1.031355
2006-04-19,1.031355
2006-04-20,1.031355
2006-04-21,1.031355
2006-04-24,1.031355
2006-04-25,1.031355
2006-04-26,1.031355
2006-04-27,1.031355
2006-04-28,1.031355
2006-05-08,1.031355
2006-05-09,1.031355
2006-05-10,1.031355
2006-05-11,0.891275
2006-05-12,0.943613
2006-05-15,0.943613
2006-05-16,0.942073
2006-05-17,0.952849
2006-05-18,0.905129
2006-05-19,0.905129
2006-05-22,0.905129
2006-05-23,0.905129
2006-05-24,0.814308
2006-05-25,0.803533
2006-05-26,0.831241
2006-05-29,0.858949
2006-05-30,0.858949
2006-05-31,0.875881
2006-06-01,0.908208
2006-06-02,0.912826
2006-06-05,0.915905
2006-06-06,0.957466
2006-06-07,0.862028
2006-06-08,0.842017
2006-06-09,0.792758
2006-06-12,0.786600
2006-06-13,0.795836
2006-06-14,0.755813
2006-06-15,0.755813
2006-06-16,0.792758
2006-06-19,0.801994
2006-06-20,0.788140
2006-06-21,0.769667
2006-06-22,0.792758
2006-06-23,0.789679
2006-06-26,0.789679
2006-06-27,0.797376
2006-06-28,0.786600
2006-06-29,0.815847
2006-06-30,0.835859
2006-07-03,0.846634
2006-07-04,0.829702
2006-07-05,0.811230
2006-07-06,0.846634
2006-07-07,0.826623
2006-07-10,0.865107
2006-07-11,0.902051
2006-07-12,0.892719
2006-07-13,0.877166
2006-07-14,0.880277
2006-07-17,0.895830
2006-07-18,0.889609
2006-07-19,0.839840
2006-07-20,0.844506
2006-07-21,0.844506
2006-07-24,0.827398
2006-07-25,0.836730
2006-07-26,0.850727
2006-07-27,0.828954
2006-07-28,0.804069
2006-07-31,0.765188
2006-08-01,0.752746
2006-08-02,0.735638
2006-08-03,0.740303
2006-08-04,0.718530
2006-08-07,0.690535
2006-08-08,0.710753
2006-08-09,0.713864
2006-08-10,0.723196
2006-08-11,0.720085
2006-08-14,0.723196
2006-08-15,0.741859
2006-08-16,0.777629
2006-08-17,0.755856
2006-08-18,0.755856
2006-08-21,0.755856
2006-08-22,0.752746
2006-08-23,0.737193
2006-08-24,0.746525
2006-08-25,0.754301
2006-08-28,0.777629
2006-08-29,0.786961
2006-08-30,0.785406
2006-08-31,0.780740
2006-09-01,0.782296
2006-09-04,0.791627
2006-09-05,0.791627
2006-09-06,0.804069
2006-09-07,0.785406
2006-09-08,0.780740
2006-09-11,0.779185
2006-09-12,0.786961
2006-09-13,0.776075
2006-09-14,0.758967
2006-09-15,0.788517
2006-09-18,0.797848
2006-09-19,0.790072
2006-09-20,0.780740
2006-09-21,0.782296
2006-09-22,0.765188
2006-09-25,0.755856
2006-09-26,0.746525
2006-09-27,0.763632
2006-09-28,0.772964
2006-09-29,0.776075
2006-10-09,0.788517
2006-10-10,0.790072
2006-10-11,0.785406
2006-10-12,0.790072
2006-10-13,0.822732
2006-10-16,0.832064
2006-10-17,0.802514
2006-10-18,0.816511
2006-10-19,0.811846
2006-10-20,0.819622
2006-10-23,0.785406
2006-10-24,0.802514
2006-10-25,0.805625
2006-10-26,0.794738
2006-10-27,0.769853
2006-10-30,0.799404
2006-10-31,0.816511
2006-11-01,0.838285
2006-11-02,0.836730
2006-11-03,0.835175
2006-11-06,0.884943
2006-11-07,0.889609
2006-11-08,0.852282
2006-11-09,0.867835
2006-11-10,0.838285
2006-11-13,0.800959
2006-11-14,0.813401
2006-11-15,0.828954
2006-11-16,0.810290
2006-11-17,0.838285
2006-11-20,0.872501
2006-11-21,0.883387
2006-11-22,0.870945
2006-11-23,0.870945
2006-11-24,0.894275
2006-11-27,0.926935
2006-11-28,0.914492
2006-11-29,0.934711
2006-11-30,0.976703
2006-12-01,0.981369
2006-12-04,1.065353
2006-12-05,1.096458
2006-12-06,1.062243
2006-12-07,1.076240
2006-12-08,1.004698
2006-12-11,1.059132
2006-12-12,1.077795
2006-12-13,1.150892
2006-12-14,1.178887
2006-12-15,1.211547
2006-12-18,1.242653
2006-12-19,1.237987
2006-12-20,1.264426
2006-12-21,1.203771
2006-12-22,1.175777
2006-12-25,1.273758
2006-12-26,1.360852
2006-12-27,1.349966
2006-12-28,1.334414
2006-12-29,1.387292
2007-01-04,1.485274
2007-01-05,1.634578
2007-01-08,1.757444
2007-01-09,1.933188
2007-01-10,1.951852
2007-01-11,1.824320
2007-01-12,1.900528
2007-01-15,1.976735
2007-01-16,1.975181
2007-01-17,1.866312
2007-01-18,1.944075
2007-01-19,2.138483
2007-01-22,2.224023
2007-01-23,2.168033
2007-01-24,2.175809
2007-01-25,2.006285
2007-01-26,2.006285
2007-01-29,2.082493
2007-01-30,2.122930
2007-01-31,1.912970
2007-02-01,1.847649
2007-02-02,1.710786
2007-02-05,1.866312
2007-02-06,1.944075
2007-02-07,1.996954
2007-02-08,2.070051
2007-02-09,2.062275
2007-02-12,2.205359
2007-02-13,2.185141
2007-02-14,2.328225
2007-02-15,2.561513
2007-02-16,2.709263
2007-02-26,2.679713
2007-02-27,2.412209
2007-02-28,2.452645
2007-03-01,2.348443
2007-03-02,2.332890
2007-03-05,2.376437
2007-03-06,2.332890
2007-03-07,2.460422
2007-03-08,2.488416
2007-03-09,2.340666
2007-03-12,2.233353
2007-03-13,2.244240
2007-03-14,2.135371
2007-03-15,2.192917
2007-03-16,2.115154
2007-03-19,2.146259
2007-03-20,2.185141
2007-03-21,2.356219
2007-03-22,2.320449
2007-03-23,2.250461
2007-03-26,2.266014
2007-03-27,2.323559
2007-03-28,2.320449
2007-03-29,2.320449
2007-03-30,2.238019
2007-04-02,2.283122
2007-04-03,2.295564
2007-04-04,2.353108
2007-04-05,2.373327
2007-04-06,2.424650
2007-04-09,2.401321
2007-04-10,2.469753
2007-04-11,2.437093
2007-04-12,2.449535
2007-04-13,2.477530
2007-04-16,2.502414
2007-04-17,2.468197
2007-04-18,2.413764
2007-04-19,2.245795
2007-04-20,2.339111
2007-04-23,2.413764
2007-04-24,2.454201
2007-04-25,2.581732
2007-04-26,2.567734
2007-04-27,2.457311
2007-04-30,2.402877
2007-05-03,2.402877
2007-05-04,2.402877
2007-05-08,2.525743
2007-05-09,2.447979
2007-05-10,2.581732
2007-05-11,2.528853
2007-05-14,2.637722
2007-05-15,2.637722
2007-05-16,2.617503
2007-05-17,2.620614
2007-05-18,2.622169
2007-05-21,2.679713
2007-05-22,2.787027
2007-05-23,2.849237
2007-05-24,2.745034
2007-05-25,2.723260
2007-05-28,2.779250
2007-05-29,2.830574
2007-05-30,2.549071
2007-05-31,2.581732
2007-06-01,2.503969
2007-06-04,2.253572
2007-06-05,2.348443
2007-06-06,2.304896
2007-06-07,2.388880
2007-06-08,2.353108
2007-06-11,2.514855
2007-06-12,2.766808
2007-06-13,2.771473
2007-06-14,2.706153
2007-06-15,2.737258
2007-06-18,2.874120
2007-06-19,2.883452
2007-06-20,2.827463
2007-06-21,2.763697
2007-06-22,2.601951
2007-06-25,2.581732
2007-06-26,2.684379
2007-06-27,2.765253
2007-06-28,2.603505
2007-06-29,2.563069
2007-07-02,2.459422
2007-07-03,2.489393
2007-07-04,2.423832
2007-07-05,2.182199
2007-07-06,2.309572
2007-07-09,2.444437
2007-07-10,2.350780
2007-07-11,2.320811
2007-07-12,2.313318
2007-07-13,2.313318
2007-07-16,2.210296
2007-07-17,2.236519
2007-07-18,2.225281
2007-07-19,2.303952
2007-07-20,2.363893
2007-07-23,2.549333
2007-07-24,2.629877
2007-07-25,2.697310
2007-07-26,2.723534
2007-07-27,2.807825
2007-07-30,2.865892
2007-07-31,2.809698
2007-08-01,2.687944
2007-08-02,2.865892
2007-08-03,2.918340
2007-08-06,3.070064
2007-08-07,3.036347
2007-08-08,3.302332
2007-08-09,3.294839
2007-08-10,3.221787
2007-08-13,3.144988
2007-08-14,3.221787
2007-08-15,3.324809
2007-08-16,3.203055
2007-08-17,3.105653
2007-08-20,3.292966
2007-08-21,3.439071
2007-08-22,3.489645
2007-08-23,3.521488
2007-08-24,3.532727
2007-08-27,3.403481
2007-08-28,3.324809
2007-08-29,3.334175
2007-08-30,3.410974
2007-08-31,3.392242
2007-09-03,3.551458
2007-09-04,3.412847
2007-09-05,3.405354
2007-09-06,3.600160
2007-09-07,3.924212
2007-09-10,4.124637
2007-09-11,3.783727
2007-09-12,3.971039
2007-09-13,3.967294
2007-09-14,3.999136
2007-09-17,4.326935
2007-09-18,4.341919
2007-09-19,4.126510
2007-09-20,4.045965
2007-09-21,4.045965
2007-09-24,3.896115
2007-09-25,3.965420
2007-09-26,4.036600
2007-09-27,4.059078
2007-09-28,4.364398
2007-10-08,4.383129
2007-10-09,4.426211
2007-10-10,4.233278
2007-10-11,4.120890
2007-10-12,4.171465
2007-10-15,4.119017
2007-10-16,3.971039
2007-10-17,4.008503
2007-10-18,3.682578
2007-10-19,3.650734
2007-10-22,3.577683
2007-10-23,3.446563
2007-10-24,3.351033
2007-10-25,3.028854
2007-10-26,2.978280
2007-10-29,3.107527
2007-10-30,3.240518
2007-10-31,3.268616
2007-11-01,3.006377
2007-11-02,2.800332
2007-11-05,2.867766
2007-11-06,2.950184
2007-11-07,2.929578
2007-11-08,2.901482
2007-11-09,2.950184
2007-11-12,2.903355
2007-11-13,3.023235
2007-11-14,3.094414
2007-11-15,3.034474
2007-11-16,3.000758
2007-11-19,3.189944
2007-11-20,3.330429
2007-11-21,3.307951
2007-11-22,3.043839
2007-11-23,3.118764
2007-11-26,3.122512
2007-11-27,3.165593
2007-11-28,3.144988
2007-11-29,3.304205
2007-11-30,3.244265
2007-12-03,3.304205
2007-12-04,3.315444
2007-12-05,3.324809
2007-12-06,3.352906
2007-12-07,3.349161
2007-12-10,3.527108
2007-12-11,3.626383
2007-12-12,3.521488
2007-12-13,3.369764
2007-12-14,3.431577
2007-12-17,3.418467
2007-12-18,3.294839
2007-12-19,3.352906
2007-12-20,3.399734
2007-12-21,3.519614
2007-12-24,3.530854
2007-12-25,3.596413
2007-12-26,3.605779
2007-12-27,3.615145
2007-12-28,3.513995
2008-01-02,3.590793
2008-01-03,3.643241
2008-01-04,3.594541
2008-01-07,3.605779
2008-01-08,3.675085
2008-01-09,3.806204
2008-01-10,3.839921
2008-01-11,3.746264
2008-01-14,3.746264
2008-01-15,3.639496
2008-01-16,3.549585
2008-01-17,3.446563
2008-01-18,3.502757
2008-01-21,3.231153
2008-01-22,2.908974
2008-01-23,3.015742
2008-01-24,3.000758
2008-01-25,3.088794
2008-01-28,2.794713
2008-01-29,2.790967
2008-01-30,2.837795
2008-01-31,2.772235
2008-02-01,2.716041
2008-02-04,2.967041
2008-02-05,2.875257
2008-02-13,2.860273
2008-02-14,2.933325
2008-02-15,2.888370
2008-02-18,2.946436
2008-02-19,3.045712
2008-02-20,3.062571
2008-02-21,3.017616
2008-02-22,2.841541
2008-02-25,2.637370
2008-02-26,2.671086
2008-02-27,2.697310
2008-02-28,2.697310
2008-02-29,2.723534
2008-03-03,2.740392
2008-03-04,2.650481
2008-03-05,2.603654
2008-03-06,2.716041
2008-03-07,2.659847
2008-03-10,2.495012
2008-03-11,2.472534
2008-03-12,2.347034
2008-03-13,2.210296
2008-03-14,2.195310
2008-03-17,2.064192
2008-03-18,1.916214
2008-03-19,1.970535
2008-03-20,2.037967
2008-03-21,2.096035
2008-03-24,1.953676
2008-03-25,1.948057
2008-03-26,1.963042
2008-03-27,1.835670
2008-03-28,1.916214
2008-03-31,1.813192
2008-04-01,1.638990
2008-04-02,1.595908
2008-04-03,1.667087
2008-04-07,1.833796
2008-04-08,1.858146
2008-04-09,1.758871
2008-04-10,1.790714
2008-04-11,1.803826
2008-04-14,1.625879
2008-04-15,1.665215
2008-04-16,1.582796
2008-04-17,1.528476
2008-04-18,1.504125
2008-04-21,1.517237
2008-04-22,1.498506
2008-04-23,1.573431
2008-04-24,1.730774
2008-04-25,1.730774
2008-04-28,1.695185
2008-04-29,1.721408
2008-04-30,1.893736
2008-05-05,2.082922
2008-05-06,2.022982
2008-05-07,1.875005
2008-05-08,1.961168
2008-05-09,1.886244
2008-05-12,1.886244
2008-05-13,1.788841
2008-05-14,1.893736
2008-05-15,1.891863
2008-05-16,1.845035
2008-05-19,1.826303
2008-05-20,1.710170
2008-05-21,1.745759
2008-05-22,1.665215
2008-05-23,1.573431
2008-05-26,1.539714
2008-05-27,1.592162
2008-05-28,1.629625
2008-05-29,1.558446
2008-05-30,1.594035
2008-06-02,1.613891
2008-06-03,1.582422
2008-06-04,1.591413
2008-06-05,1.595908
2008-06-06,1.573431
2008-06-10,1.416088
2008-06-11,1.346407
2008-06-12,1.319434
2008-06-13,1.281222
2008-06-16,1.276726
2008-06-17,1.168834
2008-06-18,1.258744
2008-06-19,1.132870
2008-06-20,1.105897
2008-06-23,1.087915
2008-06-24,1.123879
2008-06-25,1.204798
2008-06-26,1.231771
2008-06-27,1.112641
2008-06-30,1.092410
2008-07-01,1.065437
2008-07-02,1.094658
2008-07-03,1.144109
2008-07-04,1.123879
2008-07-07,1.211542
2008-07-08,1.236267
2008-07-09,1.294709
2008-07-10,1.247506
2008-07-11,1.247506
2008-07-14,1.245258
2008-07-15,1.177825
2008-07-16,1.121631
2008-07-17,1.108145
2008-07-18,1.180073
2008-07-21,1.236267
2008-07-22,1.272231
2008-07-23,1.236267
2008-07-24,1.276726
2008-07-25,1.247506
2008-07-28,1.269984
2008-07-29,1.292461
2008-07-30,1.265488
2008-07-31,1.200303
2008-08-01,1.218284
2008-08-04,1.162091
2008-08-05,1.146356
2008-08-06,1.159843
2008-08-07,1.168834
2008-08-08,1.074428
2008-08-11,0.975527
2008-08-12,0.984518
2008-08-13,0.989014
2008-08-14,1.015987
2008-08-15,0.986766
2008-08-18,0.910342
2008-08-19,0.917086
2008-08-20,0.993509
2008-08-21,0.932819
2008-08-22,0.923828
2008-08-25,0.926076
2008-08-26,0.892360
2008-08-27,0.903599
2008-08-28,0.917086
2008-08-29,0.953049
2008-09-01,0.912590
2008-09-02,0.917086
2008-09-03,0.928324
2008-09-04,0.928324
2008-09-05,0.890112
2008-09-08,0.858644
2008-09-09,0.867635
2008-09-10,0.885617
2008-09-11,0.876626
2008-09-12,0.883369
2008-09-16,0.876626
2008-09-17,0.836166
2008-09-18,0.802449
2008-09-19,0.802449
2008-09-22,0.883369
2008-09-23,0.865387
2008-09-24,0.869882
2008-09-25,0.903599
2008-09-26,0.901351
2008-10-06,0.867635
2008-10-07,0.872130
2008-10-08,0.842909
2008-10-09,0.824927
2008-10-10,0.824927
2008-10-13,0.824927
2008-10-14,0.824927
2008-10-15,0.824927
2008-10-16,0.824927
2008-10-17,0.824927
2008-10-20,0.824927
2008-10-21,0.824927
2008-10-22,0.824927
2008-10-23,0.824927
2008-10-24,0.824927
2008-10-27,0.824927
2008-10-28,0.824927
2008-10-29,0.824927
2008-10-30,0.824927
2008-10-31,0.824927
2008-11-03,0.824927
2008-11-04,0.824927
2008-11-05,0.824927
2008-11-06,0.824927
2008-11-07,0.824927
2008-11-10,0.824927
2008-11-11,0.824927
2008-11-12,0.824927
2008-11-13,0.824927
2008-11-14,0.824927
2008-11-17,0.824927
2008-11-18,0.824927
2008-11-19,0.824927
2008-11-20,0.824927
2008-11-21,0.824927
2008-11-24,0.824927
2008-11-25,0.824927
2008-11-26,0.824927
2008-11-27,0.824927
2008-11-28,0.824927
2008-12-01,0.824927
2008-12-02,0.824927
2008-12-03,0.824927
2008-12-04,0.824927
2008-12-05,0.824927
2008-12-08,0.824927
2008-12-09,0.824927
2008-12-10,0.824927
2008-12-11,0.824927
2008-12-12,0.824927
2008-12-15,0.824927
2008-12-16,0.824927
2008-12-17,0.824927
2008-12-18,0.824927
2008-12-19,0.824927
2008-12-22,0.824927
2008-12-23,0.824927
2008-12-24,0.824927
2008-12-25,0.824927
2008-12-26,0.824927
2008-12-29,0.824927
2008-12-30,0.824927
2008-12-31,0.824927
2009-01-05,0.824927
2009-01-06,0.824927
2009-01-07,0.824927
2009-01-08,0.824927
2009-01-09,0.824927
2009-01-12,0.824927
2009-01-13,0.824927
2009-01-14,0.824927
2009-01-15,0.824927
2009-01-16,0.824927
2009-01-19,0.824927
2009-01-20,0.824927
2009-01-21,0.824927
2009-01-22,0.824927
2009-01-23,0.824927
2009-02-02,0.824927
2009-02-03,0.824927
2009-02-04,0.824927
2009-02-05,0.824927
2009-02-06,0.824927
2009-02-09,0.824927
2009-02-10,0.824927
2009-02-11,0.824927
2009-02-12,0.824927
2009-02-13,0.824927
2009-02-16,0.908094
2009-02-17,0.998004
2009-02-18,1.096906
2009-02-19,1.207047
2009-02-20,1.328425
2009-02-23,1.461043
2009-02-24,1.607147
2009-02-25,1.607147
2009-02-26,1.607147
2009-02-27,1.447556
2009-03-02,1.476777
2009-03-03,1.476777
2009-03-04,1.593660
2009-03-05,1.568936
2009-03-06,1.589165
2009-03-09,1.445309
2009-03-10,1.456547
2009-03-11,1.427326
2009-03-12,1.413840
2009-03-13,1.398105
2009-03-16,1.447556
2009-03-17,1.503750
2009-03-18,1.541962
2009-03-19,1.571183
2009-03-20,1.550954
2009-03-23,1.706048
2009-03-24,1.710544
2009-03-25,1.688066
2009-03-26,1.708297
2009-03-27,1.753251
2009-03-30,1.685819
2009-03-31,1.649855
2009-04-01,1.667837
2009-04-02,1.683571
2009-04-03,1.656597
2009-04-07,1.652102
2009-04-08,1.631873
2009-04-09,1.643111
2009-04-10,1.733021
2009-04-13,1.730774
2009-04-14,1.809445
2009-04-15,1.777976
2009-04-16,1.768986
2009-04-17,1.717287
2009-04-20,1.768986
2009-04-21,1.784720
2009-04-22,1.739765
2009-04-23,1.739765
2009-04-24,1.739765
2009-04-27,1.584670
2009-04-28,1.580174
2009-04-29,1.694810
2009-04-30,1.703801
2009-05-04,1.728526
2009-05-05,1.861144
2009-05-06,2.047708
2009-05-07,2.090415
2009-05-08,2.022982
2009-05-11,1.906099
2009-05-12,2.072433
2009-05-13,2.040964
2009-05-14,2.002753
2009-05-15,2.002753
2009-05-18,2.070186
2009-05-19,2.058947
2009-05-20,2.045460
2009-05-21,1.953302
2009-05-22,1.971284
2009-05-25,1.951054
2009-05-26,2.016240
2009-05-27,1.993762
2009-06-01,1.993762
2009-06-02,1.989266
2009-06-03,2.049955
2009-06-04,2.040964
2009-06-05,1.973532
2009-06-08,1.939816
2009-06-09,1.957798
2009-06-10,1.978027
2009-06-11,1.928576
2009-06-12,1.856648
2009-06-15,1.883621
2009-06-16,1.858897
2009-06-17,1.912510
2009-06-18,1.905752
2009-06-19,1.908005
2009-06-22,1.876468
2009-06-23,1.914762
2009-06-24,1.944047
2009-06-25,1.892236
2009-06-26,1.894489
2009-06-29,1.883225
2009-06-30,1.833666
2009-07-01,1.831414
2009-07-02,1.860699
2009-07-03,1.919268
2009-07-06,1.917016
2009-07-07,1.998111
2009-07-08,2.092723
2009-07-09,2.241398
2009-07-10,2.225630
2009-07-13,2.232388
2009-07-14,2.311231
2009-07-15,2.511718
2009-07-16,2.459907
2009-07-17,2.498202
2009-07-20,2.547760
2009-07-21,2.410348
2009-07-22,2.435127
2009-07-23,2.473423
2009-07-24,2.403590
2009-07-27,2.410348
2009-07-28,2.439632
2009-07-29,2.504960
2009-07-30,2.547760
2009-07-31,2.572540
2009-08-03,2.525233
2009-08-04,2.586056
2009-08-05,2.559024
2009-08-06,2.450896
2009-08-07,2.322494
2009-08-10,2.338263
2009-08-11,2.338263
2009-08-12,2.252662
2009-08-13,2.275189
2009-08-14,2.169313
2009-08-17,1.971079
2009-08-18,2.038659
2009-08-19,1.932783
2009-08-20,2.112997
2009-08-21,2.144534
2009-08-24,2.182829
2009-08-25,2.099481
2009-08-26,2.308978
2009-08-27,2.293210
2009-08-28,2.232388
2009-08-31,2.083712
2009-09-01,2.117502
2009-09-02,2.149039
2009-09-03,2.308978
2009-09-04,2.383316
2009-09-07,2.396832
2009-09-08,2.484685
2009-09-09,2.477928
2009-09-10,2.374306
2009-09-11,2.410348
2009-09-14,2.462159
2009-09-15,2.511718
2009-09-16,2.444138
2009-09-17,2.534245
2009-09-18,2.446391
2009-09-21,2.550013
2009-09-22,2.477928
2009-09-23,2.351779
2009-09-24,2.365295
2009-09-25,2.351779
2009-09-28,2.248156
2009-09-29,2.236893
2009-09-30,2.288705
2009-10-09,2.396832
2009-10-12,2.507212
2009-10-13,2.547760
2009-10-14,2.525233
2009-10-15,2.568034
2009-10-16,2.534245
2009-10-19,2.644625
2009-10-20,2.658141
2009-10-21,2.613088
2009-10-22,2.586056
2009-10-23,2.664899
2009-10-26,2.872144
2009-10-27,2.851870
2009-10-28,2.928460
2009-10-29,2.955492
2009-10-30,2.939724
2009-11-02,3.158232
2009-11-03,3.162737
2009-11-04,3.153727
2009-11-05,3.158232
2009-11-06,3.158232
2009-11-09,3.158232
2009-11-10,3.158232
2009-11-11,3.473604
2009-11-12,3.462341
2009-11-13,3.435310
2009-11-16,3.455584
2009-11-17,3.374488
2009-11-18,3.378993
2009-11-19,3.363225
2009-11-20,3.369982
2009-11-23,3.480362
2009-11-24,3.266360
2009-11-25,3.329435
2009-11-26,3.153727
2009-11-27,3.000546
2009-11-30,3.151474
2009-12-01,3.201032
2009-12-02,3.246085
2009-12-03,3.320423
2009-12-04,3.331687
2009-12-07,3.304655
2009-12-08,3.243833
2009-12-09,3.302402
2009-12-10,3.367729
2009-12-11,3.304655
2009-12-14,3.205538
2009-12-15,3.205538
2009-12-16,3.205538
2009-12-17,3.108674
2009-12-18,3.029830
2009-12-21,3.025325
2009-12-22,2.948735
2009-12-23,2.966756
2009-12-24,3.090652
2009-12-25,3.059115
2009-12-28,3.086147
2009-12-29,3.043346
2009-12-30,3.158232
2009-12-31,3.160485
2010-01-04,3.266360
2010-01-05,3.295644
2010-01-06,3.198780
2010-01-07,3.041094
2010-01-08,3.056862
2010-01-11,2.980272
2010-01-12,3.038841
2010-01-13,2.980272
2010-01-14,3.023073
2010-01-15,3.124442
2010-01-18,3.162737
2010-01-19,3.135705
2010-01-20,3.063620
2010-01-21,3.034335
2010-01-22,2.950987
2010-01-25,2.896923
2010-01-26,2.752753
2010-01-27,2.678415
2010-01-28,2.730226
2010-01-29,2.743742
2010-02-01,2.606330
2010-02-02,2.579297
2010-02-03,2.640120
2010-02-04,2.624352
2010-02-05,2.563529
2010-02-08,2.550013
2010-02-09,2.606330
2010-02-10,2.691931
2010-02-11,2.664899
2010-02-12,2.685173
2010-02-22,2.676162
2010-02-23,2.741490
2010-02-24,2.813575
2010-02-25,2.824838
2010-02-26,2.881155
2010-03-01,2.903682
2010-03-02,2.865386
2010-03-03,2.860880
2010-03-04,2.813575
2010-03-05,2.847364
2010-03-08,2.847364
2010-03-09,2.987030
2010-03-10,2.903682
2010-03-11,2.829343
2010-03-12,2.793300
2010-03-15,2.745995
2010-03-16,2.734731
2010-03-17,2.797805
2010-03-18,2.797805
2010-03-19,2.813575
2010-03-22,2.842859
2010-03-23,2.797805
2010-03-24,2.824838
2010-03-25,2.750500
2010-03-26,2.757258
2010-03-29,2.775279
2010-03-30,2.795553
2010-03-31,2.752753
2010-04-01,2.777532
2010-04-02,2.863133
2010-04-06,2.890166
2010-04-07,2.905934
2010-04-08,2.838354
2010-04-09,2.865386
2010-04-12,2.815827
2010-04-13,2.836102
2010-04-14,2.987030
2010-04-15,2.955492
2010-04-16,2.894671
2010-04-19,2.727973
2010-04-20,2.698689
2010-04-21,2.752753
2010-04-22,2.718963
2010-04-23,2.716710
2010-04-26,2.716710
2010-04-27,2.736984
2010-04-28,2.739237
2010-04-29,2.640120
2010-04-30,2.568034
2010-05-04,2.513971
2010-05-05,2.529739
2010-05-06,2.475675
2010-05-07,2.408095
2010-05-10,2.394579
2010-05-11,2.311231
2010-05-12,2.315737
2010-05-13,2.417106
2010-05-14,2.374306
2010-05-17,2.245903
2010-05-18,2.315737
2010-05-19,2.297715
2010-05-20,2.254914
2010-05-21,2.288705
2010-05-24,2.360790
2010-05-25,2.281947
2010-05-26,2.304473
2010-05-27,2.338263
2010-05-28,2.349526
2010-05-31,2.270684
2010-06-01,2.216620
2010-06-02,2.331505
2010-06-03,2.259419
2010-06-04,2.243651
2010-06-07,2.194093
2010-06-08,2.230136
2010-06-09,2.272935
2010-06-10,2.244595
2010-06-11,2.249130
2010-06-15,2.249130
2010-06-17,2.253664
2010-06-18,2.140300
2010-06-21,2.183378
2010-06-22,2.185645
2010-06-23,2.190180
2010-06-24,2.201516
2010-06-25,2.174309
2010-06-28,2.153904
2010-06-29,2.031472
2010-06-30,1.970256
2010-07-01,1.963454
2010-07-02,1.952117
2010-07-05,1.952117
2010-07-06,2.013334
2010-07-07,2.024670
2010-07-08,2.040540
2010-07-09,2.108559
2010-07-12,2.119895
2010-07-13,2.117627
2010-07-14,2.203783
2010-07-15,2.122162
2010-07-16,2.104024
2010-07-19,2.153904
2010-07-20,2.258199
2010-07-21,2.255931
2010-07-22,2.312613
2010-07-23,2.303544
2010-07-26,2.314880
2010-07-27,2.269535
2010-07-28,2.330751
2010-07-29,2.337553
2010-07-30,2.301276
2010-08-02,2.387433
2010-08-03,2.312613
2010-08-04,2.342087
2010-08-05,2.326216
2010-08-06,2.346622
2010-08-09,2.380631
2010-08-10,2.303544
2010-08-11,2.299010
2010-08-12,2.255931
2010-08-13,2.303544
2010-08-16,2.342087
2010-08-17,2.421442
2010-08-18,2.450916
2010-08-19,2.491727
2010-08-20,2.401036
2010-08-23,2.380631
2010-08-24,2.412373
2010-08-25,2.319415
2010-08-26,2.385165
2010-08-27,2.371562
2010-08-30,2.425976
2010-08-31,2.391967
2010-09-01,2.339820
2010-09-02,2.489460
2010-09-03,2.550676
2010-09-06,2.546141
2010-09-07,2.593754
2010-09-08,2.666306
2010-09-09,2.623229
2010-09-10,2.598288
2010-09-13,2.661772
2010-09-14,2.661772
2010-09-15,2.557478
2010-09-16,2.480391
2010-09-17,2.482658
2010-09-20,2.444114
2010-09-21,2.448649
2010-09-27,2.562012
2010-09-28,2.500796
2010-09-29,2.462253
2010-09-30,2.491727
2010-10-08,2.582417
2010-10-11,2.639099
2010-10-12,2.761532
2010-10-13,2.788739
2010-10-14,2.682178
2010-10-15,2.702583
2010-10-18,2.654971
2010-10-19,2.811411
2010-10-20,2.890766
2010-10-21,2.879429
2010-10-22,2.967854
2010-10-25,2.999595
2010-10-26,2.922508
2010-10-27,2.859024
2010-10-28,2.815946
2010-10-29,2.890766
2010-11-01,2.920240
2010-11-02,2.825015
2010-11-03,2.770601
2010-11-04,2.822748
2010-11-05,2.825015
2010-11-08,2.927043
2010-11-09,2.870361
2010-11-10,2.843153
2010-11-11,2.815946
2010-11-12,2.634565
2010-11-15,2.652703
2010-11-16,2.505330
2010-11-17,2.450916
2010-11-18,2.496262
2010-11-19,2.480391
2010-11-22,2.453184
2010-11-23,2.543874
2010-11-24,2.584684
2010-11-25,2.589220
2010-11-26,2.555210
2010-11-29,2.496262
2010-11-30,2.509865
2010-12-01,2.475856
2010-12-02,2.482658
2010-12-03,2.500796
2010-12-06,2.446382
2010-12-07,2.450916
2010-12-08,2.412373
2010-12-09,2.412373
2010-12-10,2.348889
2010-12-13,2.459985
2010-12-14,2.459985
2010-12-15,2.430511
2010-12-16,2.396502
2010-12-17,2.441847
2010-12-20,2.380631
2010-12-21,2.416907
2010-12-22,2.389700
2010-12-23,2.342087
2010-12-24,2.292207
2010-12-27,2.219655
2010-12-28,2.135765
2010-12-29,2.165240
2010-12-30,2.108559
2010-12-31,2.156171
2011-01-04,2.201516
2011-01-05,2.217387
2011-01-06,2.201516
2011-01-07,2.260465
2011-01-10,2.185645
2011-01-11,2.185645
2011-01-12,2.185645
2011-01-13,2.185645
2011-01-14,2.192447
2011-01-17,2.104024
2011-01-18,2.117627
2011-01-19,2.144835
2011-01-20,2.067748
2011-01-21,2.140300
2011-01-24,2.088154
2011-01-25,2.115361
2011-01-26,2.142567
2011-01-27,2.194714
2011-01-28,2.224189
2011-01-31,2.219655
2011-02-01,2.167507
2011-02-09,2.151637
2011-02-10,2.258199
2011-02-11,2.260465
2011-02-14,2.314880
2011-02-15,2.285406
2011-02-16,2.317147
2011-02-17,2.317147
2011-02-18,2.294475
2011-02-21,2.321682
2011-02-22,2.233259
2011-02-23,2.208318
2011-02-24,2.217387
2011-02-25,2.210586
2011-02-28,2.262733
2011-03-01,2.271802
2011-03-02,2.249130
2011-03-03,2.280871
2011-03-04,2.337553
2011-03-07,2.362493
2011-03-08,2.346622
2011-03-09,2.314880
2011-03-10,2.271802
2011-03-11,2.258199
2011-03-14,2.274069
2011-03-15,2.212853
2011-03-16,2.228724
2011-03-17,2.174309
2011-03-18,2.181111
2011-03-21,2.165240
2011-03-22,2.169775
2011-03-23,2.194714
2011-03-24,2.212853
2011-03-25,2.212853
2011-03-28,2.199249
2011-03-29,2.162973
2011-03-30,2.165240
2011-03-31,2.128964
2011-04-01,2.142567
2011-04-06,2.176577
2011-04-07,2.162973
2011-04-08,2.217387
2011-04-11,2.183378
2011-04-12,2.169775
2011-04-13,2.203783
2011-04-14,2.278604
2011-04-15,2.278604
2011-04-18,2.294475
2011-04-19,2.376096
2011-04-20,2.337553
2011-04-21,2.346622
2011-04-22,2.321682
2011-04-25,2.267268
2011-04-26,2.267268
2011-04-27,2.246862
2011-04-28,2.226456
2011-04-29,2.265000
2011-05-03,2.283139
2011-05-04,2.215120
2011-05-05,2.212853
2011-05-06,2.217387
2011-05-09,2.210586
2011-05-10,2.210586
2011-05-11,2.174309
2011-05-12,2.140300
2011-05-13,2.172042
2011-05-16,2.167507
2011-05-17,2.183378
2011-05-18,2.183378
2011-05-19,2.158438
2011-05-20,2.147102
2011-05-23,2.097222
2011-05-24,2.106292
2011-05-25,2.060946
2011-05-26,2.065481
2011-05-27,2.029205
2011-05-30,1.972522
2011-05-31,2.013334
2011-06-01,2.049610
2011-06-02,1.992928
2011-06-03,2.047343
2011-06-07,2.040540
2011-06-08,2.045075
2011-06-09,1.988394
2011-06-10,1.986126
2011-06-13,1.967988
2011-06-14,2.006532
2011-06-15,1.974790
2011-06-16,1.965721
2011-06-17,1.940780
2011-06-20,1.909040
2011-06-21,1.949850
2011-06-22,1.945315
2011-06-23,1.981592
2011-06-24,2.065481
2011-06-27,2.074550
2011-06-28,2.079085
2011-06-29,2.079085
2011-06-30,2.074550
2011-07-01,2.090420
2011-07-04,2.235526
2011-07-05,2.244595
2011-07-06,2.258199
2011-07-07,2.196943
2011-07-08,2.168145
2011-07-11,2.188715
2011-07-12,2.143460
2011-07-13,2.188715
2011-07-14,2.176373
2011-07-15,2.164031
2011-07-18,2.168145
2011-07-19,2.131117
2011-07-20,2.127003
2011-07-21,2.094091
2011-07-22,2.106432
2011-07-25,2.036493
2011-07-26,2.044721
2011-07-27,2.061177
2011-07-28,2.036493
2011-07-29,2.044721
2011-08-01,2.032378
2011-08-02,2.007693
2011-08-03,1.991237
2011-08-04,1.991237
2011-08-05,1.929525
2011-08-08,1.810215
2011-08-09,1.781417
2011-08-10,1.810215
2011-08-11,1.830786
2011-08-12,1.847242
2011-08-15,1.867813
2011-08-16,1.851357
2011-08-17,1.822558
2011-08-18,1.785531
2011-08-19,1.760846
2011-08-22,1.748504
2011-08-23,1.777303
2011-08-24,1.781417
2011-08-25,1.834900
2011-08-26,1.830786
2011-08-29,1.797873
2011-08-30,1.769074
2011-08-31,1.769074
2011-09-01,1.752618
2011-09-02,1.748504
2011-09-05,1.723819
2011-09-06,1.707362
2011-09-07,1.748504
2011-09-08,1.723819
2011-09-09,1.723819
2011-09-13,1.699134
2011-09-14,1.723819
2011-09-15,1.732047
2011-09-16,1.723819
2011-09-19,1.690906
2011-09-20,1.707362
2011-09-21,1.748504
2011-09-22,1.707362
2011-09-23,1.715590
2011-09-26,1.699134
2011-09-27,1.769074
2011-09-28,1.756732
2011-09-29,1.752618
2011-09-30,1.773188
2011-10-10,1.732047
2011-10-11,1.732047
2011-10-12,1.810215
2011-10-13,1.826672
2011-10-14,1.806101
2011-10-17,1.806101
2011-10-18,1.806101
2011-10-19,1.806101
2011-10-20,1.806101
2011-10-21,1.806101
2011-10-24,1.806101
2011-10-25,1.806101
2011-10-26,1.806101
2011-10-27,1.806101
2011-10-28,1.806101
2011-10-31,1.806101
2011-11-01,1.806101
2011-11-02,1.806101
2011-11-03,1.806101
2011-11-04,1.806101
2011-11-07,1.806101
2011-11-08,1.806101
2011-11-09,1.806101
2011-11-10,1.806101
2011-11-11,1.806101
2011-11-14,1.806101
2011-11-15,1.806101
2011-11-16,1.806101
2011-11-17,1.806101
2011-11-18,1.806101
2011-11-21,1.806101
2011-11-22,1.806101
2011-11-23,1.806101
2011-11-24,1.806101
2011-11-25,1.806101
2011-11-28,1.806101
2011-11-29,1.806101
2011-11-30,1.806101
2011-12-01,1.806101
2011-12-02,1.806101
2011-12-05,1.806101
2011-12-06,1.723819
2011-12-07,1.666221
2011-12-08,1.583938
2011-12-09,1.526341
2011-12-12,1.464629
2011-12-13,1.472857
2011-12-14,1.402917
2011-12-15,1.378232
2011-12-16,1.411145
2011-12-19,1.546912
2011-12-20,1.551026
2011-12-21,1.551026
2011-12-22,1.489313
2011-12-23,1.501656
2011-12-26,1.501656
2011-12-27,1.505771
2011-12-28,1.530455
2011-12-29,1.542797
2011-12-30,1.555140
2012-01-04,1.563368
2012-01-05,1.583938
2012-01-06,1.612738
2012-01-09,1.682678
2012-01-10,1.703248
2012-01-11,1.695020
2012-01-12,1.649765
2012-01-13,1.620966
2012-01-16,1.633308
2012-01-17,1.723819
2012-01-18,1.690906
2012-01-19,1.703248
2012-01-20,1.723819
2012-01-30,1.711477
2012-01-31,1.715590
2012-02-01,1.703248
2012-02-02,1.711477
2012-02-03,1.711477
2012-02-06,1.695020
2012-02-07,1.649765
2012-02-08,1.678564
2012-02-09,1.727933
2012-02-10,1.719705
2012-02-13,1.752618
2012-02-14,1.740275
2012-02-15,1.752618
2012-02-16,1.732047
2012-02-17,1.723819
2012-02-20,1.764960
2012-02-21,1.773188
2012-02-22,1.871928
2012-02-23,1.896613
2012-02-24,1.913069
2012-02-27,2.007693
2012-02-28,1.995351
2012-02-29,1.950096
2012-03-01,1.999466
2012-03-02,2.098204
2012-03-05,2.081748
2012-03-06,2.081748
2012-03-07,2.077634
2012-03-08,2.044721
2012-03-09,2.028264
2012-03-12,2.036493
2012-03-13,2.024150
2012-03-14,1.925411
2012-03-15,1.867813
2012-03-16,1.888384
2012-03-19,1.904841
2012-03-20,1.830786
2012-03-21,1.818444
2012-03-22,1.810215
2012-03-23,1.806101
2012-03-26,1.793759
2012-03-27,1.818444
2012-03-28,1.781417
2012-03-29,1.732047
2012-03-30,1.801987
2012-04-05,1.839014
2012-04-06,1.908955
2012-04-09,1.884270
2012-04-10,1.933640
2012-04-11,1.987123
2012-04-12,1.978895
2012-04-13,1.962438
2012-04-16,1.958324
2012-04-17,1.900727
2012-04-18,1.929525
2012-04-19,1.941868
2012-04-20,1.941868
2012-04-23,1.933640
2012-04-24,1.978895
2012-04-25,1.966553
2012-04-26,1.999466
2012-04-27,1.999466
2012-05-02,2.052949
2012-05-03,2.003580
2012-05-04,2.032378
2012-05-07,2.011808
2012-05-08,2.015921
2012-05-09,1.995351
2012-05-10,1.995351
2012-05-11,1.937754
2012-05-14,1.904841
2012-05-15,1.933640
2012-05-16,1.929525
2012-05-17,1.987123
2012-05-18,1.966553
2012-05-21,2.003580
2012-05-22,2.015921
2012-05-23,2.044721
2012-05-24,2.044721
2012-05-25,2.065291
2012-05-28,2.213400
2012-05-29,2.254542
2012-05-30,2.213400
2012-05-31,2.250427
2012-06-01,2.176373
2012-06-04,2.139345
2012-06-05,2.143460
2012-06-06,2.176373
2012-06-07,2.172258
2012-06-08,2.221628
2012-06-11,2.287455
2012-06-12,2.275112
2012-06-13,2.303911
2012-06-14,2.221628
2012-06-15,2.164031
2012-06-18,2.172258
2012-06-19,2.155802
2012-06-20,2.168145
2012-06-21,2.094091
2012-06-25,2.077634
2012-06-26,2.077634
2012-06-27,2.085862
2012-06-28,2.069406
2012-06-29,2.007693
2012-07-02,1.925411
2012-07-03,1.896613
2012-07-04,1.974780
2012-07-05,1.995351
2012-07-06,2.044721
2012-07-09,2.003246
2012-07-10,2.023983
2012-07-11,2.082048
2012-07-12,2.111081
2012-07-13,2.131818
2012-07-16,2.040573
2012-07-17,2.090343
2012-07-18,2.144261
2012-07-19,2.181589
2012-07-20,2.148408
2012-07-23,2.086196
2012-07-24,2.144261
2012-07-25,2.127671
2012-07-26,2.148408
2012-07-27,2.181589
2012-07-30,2.185736
2012-07-31,2.115228
2012-08-01,2.185736
2012-08-02,2.177441
2012-08-03,2.119376
2012-08-06,2.152556
2012-08-07,2.173294
2012-08-08,2.160851
2012-08-09,2.202326
2012-08-10,2.194031
2012-08-13,2.144261
2012-08-14,2.181589
2012-08-15,2.181589
2012-08-16,2.198179
2012-08-17,2.111081
2012-08-20,2.123523
2012-08-21,2.156703
2012-08-22,2.090343
2012-08-23,2.098638
2012-08-24,2.053016
2012-08-27,2.032278
2012-08-28,1.978361
2012-08-29,1.974214
2012-08-30,1.986656
2012-08-31,1.986656
2012-09-03,2.028131
2012-09-04,2.036426
2012-09-05,2.015688
2012-09-06,1.982509
2012-09-07,2.065458
2012-09-10,2.148408
2012-09-11,2.164998
2012-09-12,2.169146
2012-09-13,2.144261
2012-09-14,2.152556
2012-09-17,2.090343
2012-09-18,2.086196
2012-09-19,2.102786
2012-09-20,2.057163
2012-09-21,2.102786
2012-09-24,2.086196
2012-09-25,2.119376
2012-09-26,2.123523
2012-09-27,2.169146
2012-09-28,2.198179
2012-10-08,2.202326
2012-10-09,2.264539
2012-10-10,2.252096
2012-10-11,2.268686
2012-10-12,2.281129
2012-10-15,2.231359
2012-10-16,2.281129
2012-10-17,2.339194
2012-10-18,2.368226
2012-10-19,2.347489
2012-10-22,2.322604
2012-10-23,2.276981
2012-10-24,2.239654
2012-10-25,2.152556
2012-10-26,2.098638
2012-10-29,2.135966
2012-10-30,2.194031
2012-10-31,2.231359
2012-11-01,2.264539
2012-11-02,2.239654
2012-11-05,2.164998
2012-11-06,2.239654
2012-11-07,2.301866
2012-11-08,2.264539
2012-11-09,2.268686
2012-11-12,2.314309
2012-11-13,2.289424
2012-11-14,2.297719
2012-11-15,2.198179
2012-11-16,2.218916
2012-11-19,2.198179
2012-11-20,2.252096
2012-11-21,2.301866
2012-11-22,2.285276
2012-11-23,2.310161
2012-11-26,2.293571
2012-11-27,2.293571
2012-11-28,2.227212
2012-11-29,2.127671
2012-11-30,2.123523
2012-12-03,2.177441
2012-12-04,2.194031
2012-12-05,2.297719
2012-12-06,2.318456
2012-12-07,2.330899
2012-12-10,2.339194
2012-12-11,2.322604
2012-12-12,2.289424
2012-12-13,2.156703
2012-12-14,2.235506
2012-12-17,2.256243
2012-12-18,2.239654
2012-12-19,2.463620
2012-12-20,2.467767
2012-12-21,2.571455
2012-12-24,2.579750
2012-12-25,2.592191
2012-12-26,2.641962
2012-12-27,2.629519
2012-12-28,2.608782
2012-12-31,2.758093
2013-01-04,2.695879
2013-01-07,2.687585
2013-01-08,2.633666
2013-01-09,2.654405
2013-01-10,2.633666
2013-01-11,2.641962
2013-01-14,2.795419
2013-01-15,2.778830
2013-01-16,2.745650
2013-01-17,2.691733
2013-01-18,2.853485
2013-01-21,3.035976
2013-01-22,2.899107
2013-01-23,3.069156
2013-01-24,3.006943
2013-01-25,3.168696
2013-01-28,3.446579
2013-01-29,3.429989
2013-01-30,3.525381
2013-01-31,3.483907
2013-02-01,3.608331
2013-02-04,3.600036
2013-02-05,3.483907
2013-02-06,3.529529
2013-02-07,3.550266
2013-02-08,3.902804
2013-02-18,3.906952
2013-02-19,3.682986
2013-02-20,3.666396
2013-02-21,3.517086
2013-02-22,3.359481
2013-02-25,3.380218
2013-02-26,3.442431
2013-02-27,3.475610
2013-02-28,3.604184
2013-03-01,3.612480
2013-03-04,3.384366
2013-03-05,3.533675
2013-03-06,3.778379
2013-03-07,3.728609
2013-03-08,3.778379
2013-03-11,3.678839
2013-03-12,3.678839
2013-03-13,3.604184
2013-03-14,3.591742
2013-03-15,3.425841
2013-03-18,3.446579
2013-03-19,3.533675
2013-03-20,3.703725
2013-03-21,3.732756
2013-03-22,3.720315
2013-03-25,3.637364
2013-03-26,3.674691
2013-03-27,3.877919
2013-03-28,3.940132
2013-03-29,3.857183
2013-04-01,4.052114
2013-04-02,3.981607
2013-04-03,3.782527
2013-04-08,3.886215
2013-04-09,4.097737
2013-04-10,4.122622
2013-04-11,4.242900
2013-04-12,4.280227
2013-04-15,4.110180
2013-04-16,4.172392
2013-04-17,4.222163
2013-04-18,4.305113
2013-04-19,4.558111
2013-04-22,4.628618
2013-04-23,4.437832
2013-04-24,4.699126
2013-04-25,4.400506
2013-04-26,4.359030
2013-05-02,4.520783
2013-05-03,4.603733
2013-05-06,4.649355
2013-05-07,4.769634
2013-05-08,4.748896
2013-05-09,4.587143
2013-05-10,4.599586
2013-05-13,4.475161
2013-05-14,4.213867
2013-05-15,4.251195
2013-05-16,4.417095
2013-05-17,4.292670
2013-05-20,4.238753
2013-05-21,4.238753
2013-05-22,4.620324
2013-05-23,4.479308
2013-05-24,4.475161
2013-05-27,4.454423
2013-05-28,4.533226
2013-05-29,4.649355
2013-05-30,4.483455
2013-05-31,4.305113
2013-06-03,4.226310
2013-06-04,4.234606
2013-06-05,4.300966
2013-06-06,4.271932
2013-06-07,4.126770
2013-06-13,3.906952
2013-06-14,3.960869
2013-06-17,3.877919
2013-06-18,3.973312
2013-06-19,3.973312
2013-06-20,3.728609
2013-06-21,3.753633
2013-06-24,3.611830
2013-06-25,3.774488
2013-06-26,3.957997
2013-06-27,3.878755
2013-06-28,3.874584
2013-07-01,3.732780
2013-07-02,3.761974
2013-07-03,3.595147
2013-07-04,3.653536
2013-07-05,3.795341
2013-07-08,3.657708
2013-07-09,3.724439
2013-07-10,3.874584
2013-07-11,4.053925
2013-07-12,3.907950
2013-07-15,3.983021
2013-07-16,4.012217
2013-07-17,3.786999
2013-07-18,3.716098
2013-07-19,3.586805
2013-07-22,3.628512
2013-07-23,3.736950
2013-07-24,3.711926
2013-07-25,3.703585
2013-07-26,3.645194
2013-07-29,3.432489
2013-07-30,3.449172
2013-07-31,3.545098
2013-08-01,3.674390
2013-08-02,3.645194
2013-08-05,3.870413
2013-08-06,4.258289
2013-08-07,4.233265
2013-08-08,4.245777
2013-08-09,4.291655
2013-08-12,4.404263
2013-08-13,4.379238
2013-08-14,4.441800
2013-08-15,4.170703
2013-08-16,4.149850
2013-08-19,4.270800
2013-08-20,4.224924
2013-08-21,4.120656
2013-08-22,4.216582
2013-08-23,4.245777
2013-08-26,4.320849
2013-08-27,4.312507
2013-08-28,4.274971
2013-08-29,4.220753
2013-08-30,4.362556
2013-09-02,4.500190
2013-09-03,4.512702
2013-09-04,4.483506
2013-09-05,4.475166
2013-09-06,4.541897
2013-09-09,4.579433
2013-09-10,4.529385
2013-09-11,4.641994
2013-09-12,4.625311
2013-09-13,4.483506
2013-09-16,4.358387
2013-09-17,4.345874
2013-09-18,4.316679
2013-09-23,4.441800
2013-09-24,4.450141
2013-09-25,4.341703
2013-09-26,4.216582
2013-09-27,4.266631
2013-09-30,4.295825
2013-10-08,4.379238
2013-10-09,4.579433
2013-10-10,4.470994
2013-10-11,4.917260
2013-10-14,5.038211
2013-10-15,5.042382
2013-10-16,4.896407
2013-10-17,4.879725
2013-10-18,4.942285
2013-10-21,5.079917
2013-10-22,5.004845
2013-10-23,4.817163
2013-10-24,4.871382
2013-10-25,4.633653
2013-10-28,4.558579
2013-10-29,4.608628
2013-10-30,4.888065
2013-10-31,4.779627
2013-11-01,5.038211
2013-11-04,4.979821
2013-11-05,5.067406
2013-11-06,4.783798
2013-11-07,4.629481
2013-11-08,4.692042
2013-11-11,4.771285
2013-11-12,4.687871
2013-11-13,4.579433
2013-11-14,4.692042
2013-11-15,4.729579
2013-11-18,4.825504
2013-11-19,4.767116
2013-11-20,4.775456
2013-11-21,4.696214
2013-11-22,4.729579
2013-11-25,4.867212
2013-11-26,4.817163
2013-11-27,4.750432
2013-11-28,4.908919
2013-11-29,4.950626
2013-12-02,4.850529
2013-12-03,4.983992
2013-12-04,5.313477
2013-12-05,5.338502
2013-12-06,5.300966
2013-12-09,5.225893
2013-12-10,5.234234
2013-12-11,5.342672
2013-12-12,5.255087
2013-12-13,5.292624
2013-12-16,4.967309
2013-12-17,4.917260
2013-12-18,4.921431
2013-12-19,4.858871
2013-12-20,4.654506
2013-12-23,4.692042
2013-12-24,4.817163
2013-12-25,4.888065
2013-12-26,4.712896
2013-12-27,4.867212
2013-12-30,4.775456
2013-12-31,4.775456
2014-01-02,4.775456
2014-01-03,4.817163
2014-01-06,4.683701
2014-01-07,4.566921
2014-01-08,4.466824
2014-01-09,4.387581
2014-01-10,4.441800
2014-01-13,4.521043
2014-01-14,4.608628
2014-01-15,4.550238
2014-01-16,4.500190
2014-01-17,4.450141
2014-01-20,4.325021
2014-01-21,4.387581
2014-01-22,4.600287
2014-01-23,4.625311
2014-01-24,4.687871
2014-01-27,4.596117
2014-01-28,4.621140
2014-01-29,4.612798
2014-01-30,4.508531
2014-02-07,4.337532
2014-02-10,4.662848
2014-02-11,4.596117
2014-02-12,4.687871
2014-02-13,4.616970
2014-02-14,4.579433
2014-02-17,4.508531
2014-02-18,4.366727
2014-02-19,4.400094
2014-02-20,4.329191
2014-02-21,4.341703
2014-02-24,4.179045
2014-02-25,3.945486
2014-02-26,3.957997
2014-02-27,3.953827
2014-02-28,4.045582
2014-03-03,4.108143
2014-03-04,4.008047
2014-03-05,4.016388
2014-03-06,3.966340
2014-03-07,4.053925
2014-03-10,4.008047
2014-03-11,4.045582
2014-03-12,4.187387
2014-03-13,4.174875
2014-03-14,4.103973
2014-03-17,4.183216
2014-03-18,4.058095
2014-03-19,3.857901
2014-03-20,3.770316
2014-03-21,3.807852
2014-03-24,3.724439
2014-03-25,3.878755
2014-03-26,3.882926
2014-03-27,3.841218
2014-03-28,3.970510
2014-03-31,3.991364
2014-04-01,3.995534
2014-04-02,4.024730
2014-04-03,4.220753
2014-04-04,4.345874
2014-04-08,4.500190
2014-04-09,4.462652
2014-04-10,4.429287
2014-04-11,4.521043
2014-04-14,4.971479
2014-04-15,5.000675
2014-04-16,4.888065
2014-04-17,4.950626
2014-04-18,4.979821
2014-04-21,4.921431
2014-04-22,4.838017
2014-04-23,4.787968
2014-04-24,4.871382
2014-04-25,4.742090
2014-04-28,4.754602
2014-04-29,5.004845
2014-04-30,4.950626
2014-05-05,5.071576
2014-05-06,4.971479
2014-05-07,4.904747
2014-05-08,4.721236
2014-05-09,4.696214
2014-05-12,4.838017
2014-05-13,4.754602
2014-05-14,4.750432
2014-05-15,4.654506
2014-05-16,4.575262
2014-05-19,4.537725
2014-05-20,4.608628
2014-05-21,4.717066
2014-05-22,4.675359
2014-05-23,4.754602
2014-05-26,4.762944
2014-05-27,4.904747
2014-05-28,4.896335
2014-05-29,4.833238
2014-05-30,4.892128
2014-06-03,4.850064
2014-06-04,4.837445
2014-06-05,4.866889
2014-06-06,4.829031
2014-06-09,4.887922
2014-06-10,5.094040
2014-06-11,5.047768
2014-06-12,4.934194
2014-06-13,5.115071
2014-06-16,5.325394
2014-06-17,5.228646
2014-06-18,5.186582
2014-06-19,5.060388
2014-06-20,4.946812
2014-06-23,4.988877
2014-06-24,5.119278
2014-06-25,5.064594
2014-06-26,5.043561
2014-06-27,5.026736
2014-06-30,5.178169
2014-07-01,5.207613
2014-07-02,5.211821
2014-07-03,5.346428
2014-07-04,5.291743
2014-07-07,5.321189
2014-07-08,5.573576
2014-07-09,5.468415
2014-07-10,5.514687
2014-07-11,5.762868
2014-07-14,5.619849
2014-07-15,5.359046
2014-07-16,5.346428
2014-07-17,5.224439
2014-07-18,5.228646
2014-07-21,5.308569
2014-07-22,5.464209
2014-07-23,5.426351
2014-07-24,5.548338
2014-07-25,5.573576
2014-07-28,5.720804
2014-07-29,5.666119
2014-07-30,5.695565
2014-07-31,5.699771
2014-08-01,5.581990
2014-08-04,5.607229
2014-08-05,5.716598
2014-08-06,5.901682
2014-08-07,5.703978
2014-08-08,5.716598
2014-08-11,5.893269
2014-08-12,5.851204
2014-08-13,5.846998
2014-08-14,5.868030
2014-08-15,5.855411
2014-08-18,5.834379
2014-08-19,5.746043
2014-08-20,5.544132
2014-08-21,5.598817
2014-08-22,5.560958
2014-08-25,5.447382
2014-08-26,5.468415
2014-08-27,5.430557
2014-08-28,5.325394
2014-08-29,5.481035
2014-09-01,5.573576
2014-09-02,5.577784
2014-09-03,5.615642
2014-09-04,5.556751
2014-09-05,5.657707
2014-09-09,5.754456
2014-09-10,5.729217
2014-09-11,5.624055
2014-09-12,5.783901
2014-09-15,5.733423
2014-09-16,5.472622
2014-09-17,5.447382
2014-09-18,5.476828
2014-09-19,5.535720
2014-09-22,5.460003
2014-09-23,5.502068
2014-09-24,5.632468
2014-09-25,5.615642
2014-09-26,5.670325
2014-09-29,5.674532
2014-09-30,5.762868
2014-10-08,5.931127
2014-10-09,5.943748
2014-10-10,5.796520
2014-10-13,5.741837
2014-10-14,5.703978
2014-10-15,5.935335
2014-10-16,5.800727
2014-10-17,6.048908
2014-10-20,6.242406
2014-10-21,6.120419
2014-10-22,6.187723
2014-10-23,6.137245
2014-10-24,6.120419
2014-10-27,6.191928
2014-10-28,6.225581
2014-10-29,6.191928
2014-10-30,6.212962
2014-10-31,6.162483
2014-11-03,6.259233
2014-11-04,6.166691
2014-11-05,6.069941
2014-11-06,6.015257
2014-11-07,5.998431
2014-11-10,6.116212
2014-11-11,5.973192
2014-11-12,6.120419
2014-11-13,5.960573
2014-11-14,5.914302
2014-11-17,5.977398
2014-11-18,6.011050
2014-11-19,5.952160
2014-11-20,5.910096
2014-11-21,5.952160
2014-11-24,6.120419
2014-11-25,6.183517
2014-11-26,6.124626
2014-11-27,6.032083
2014-11-28,6.183517
2014-12-01,6.322329
2014-12-02,6.486382
2014-12-03,6.612576
2014-12-04,6.679880
2014-12-05,6.902824
2014-12-08,7.251961
2014-12-09,6.814487
2014-12-10,7.315058
2014-12-11,7.554825
2014-12-12,7.336089
2014-12-15,7.281406
2014-12-16,7.230928
2014-12-17,7.277200
2014-12-18,7.066876
2014-12-19,7.142592
2014-12-22,7.066876
2014-12-23,7.176244
2014-12-24,7.007986
2014-12-25,6.995365
2014-12-26,7.104733
2014-12-29,6.940682
2014-12-30,6.730358
2014-12-31,6.911235
2015-01-05,7.601097
2015-01-06,8.143732
2015-01-07,8.202624
2015-01-08,8.286751
2015-01-09,7.929202
2015-01-12,8.539141
2015-01-13,8.593825
2015-01-14,8.412945
2015-01-15,8.433981
2015-01-16,8.480250
2015-01-19,8.139526
2015-01-20,8.358262
2015-01-21,8.631685
2015-01-22,8.526522
2015-01-23,8.362469
2015-01-26,8.328817
2015-01-27,8.480250
2015-01-28,8.265720
2015-01-29,8.093255
2015-01-30,8.068017
2015-02-02,8.143732
2015-02-03,8.598033
2015-02-04,8.757877
2015-02-05,8.572792
2015-02-06,8.412945
2015-02-09,8.505490
2015-02-10,8.968201
2015-02-11,9.064951
2015-02-12,8.997646
2015-02-13,8.993442
2015-02-16,8.921930
2015-02-17,9.022885
2015-02-25,9.144873
2015-02-26,9.094394
2015-02-27,9.052330
2015-03-02,8.913516
2015-03-03,8.497077
2015-03-04,8.564381
2015-03-05,8.534934
2015-03-06,8.534934
2015-03-09,8.534934
2015-03-10,8.534934
2015-03-11,8.534934
2015-03-12,8.534934
2015-03-13,8.534934
2015-03-16,8.534934
2015-03-17,8.534934
2015-03-18,8.534934
2015-03-19,8.534934
2015-03-20,8.534934
2015-03-23,8.534934
2015-03-24,8.534934
2015-03-25,8.534934
2015-03-26,8.534934
2015-03-27,8.534934
2015-03-30,8.534934
2015-03-31,8.534934
2015-04-01,8.534934
2015-04-02,8.534934
2015-04-03,8.534934
2015-04-07,8.534934
2015-04-08,8.534934
2015-04-09,8.534934
2015-04-10,8.534934
2015-04-13,8.534934
2015-04-14,8.534934
2015-04-15,8.534934
2015-04-16,8.534934
2015-04-17,8.534934
2015-04-20,8.534934
2015-04-21,8.534934
2015-04-22,8.534934
2015-04-23,9.388849
2015-04-24,10.326894
2015-04-27,10.751747
2015-04-28,10.873734
2015-04-29,10.633965
2015-04-30,10.600314
2015-05-04,10.503565
2015-05-05,9.822116
2015-05-06,9.687510
2015-05-07,9.750606
2015-05-08,10.188080
2015-05-11,10.221731
2015-05-12,9.973548
2015-05-13,9.704336
2015-05-14,9.443533
2015-05-15,9.590757
2015-05-18,9.271069
2015-05-19,9.510837
2015-05-20,9.523455
2015-05-21,10.078711
2015-05-22,10.272208
2015-05-25,10.347923
2015-05-26,10.368958
2015-05-27,9.969343
2015-05-28,9.224795
2015-05-29,9.064951
2015-06-01,9.430913
2015-06-02,9.573934
2015-06-03,9.531870
2015-06-04,9.329959
2015-06-05,9.565520
2015-06-08,9.969343
2015-06-09,9.691714
2015-06-10,9.531870
2015-06-11,9.700129
2015-06-12,9.645445
2015-06-15,9.384641
2015-06-16,9.010266
2015-06-17,9.128046
2015-06-18,8.783115
2015-06-19,8.185798
2015-06-23,8.921930
2015-06-24,9.237415
2015-06-25,8.909310
2015-06-26,8.189925
2015-06-29,8.351681
2015-06-30,9.002958
2015-07-01,8.730528
2015-07-02,8.641137
2015-07-03,7.968576
2015-07-06,8.206951
2015-07-07,7.789794
2015-07-08,7.032099
2015-07-09,7.734457
2015-07-10,8.509179
2015-07-13,8.845460
2015-07-14,8.343166
2015-07-15,8.057967
2015-07-16,8.045197
2015-07-17,8.381478
2015-07-20,8.168642
2015-07-21,7.960063
2015-07-22,7.772767
2015-07-23,8.011144
2015-07-24,7.806820
2015-07-27,7.027842
2015-07-28,7.138516
2015-07-29,7.300271
2015-07-30,6.976761
2015-07-31,7.134259
2015-08-03,7.406689
2015-08-04,7.508852
2015-08-05,7.206625
2015-08-06,7.057639
2015-08-07,7.117233
2015-08-10,7.393920
2015-08-11,7.347095
2015-08-12,7.283245
2015-08-13,7.270475
2015-08-14,7.359867
2015-08-17,7.270475
2015-08-18,6.746898
2015-08-19,6.789465
2015-08-20,6.453184
2015-08-21,5.963663
2015-08-24,5.367722
2015-08-25,4.861172
2015-08-26,5.035697
2015-08-27,5.508194
2015-08-28,5.725286
2015-08-31,6.146701
2015-09-01,6.108390
2015-09-02,6.253119
2015-09-07,5.899811
2015-09-08,5.967918
2015-09-09,6.014743
2015-09-10,5.972175
2015-09-11,5.844474
2015-09-14,5.491168
2015-09-15,5.278330
2015-09-16,5.691233
2015-09-17,5.567787
2015-09-18,5.533734
2015-09-21,5.652922
2015-09-22,5.695488
2015-09-23,5.414545
2015-09-24,5.448600
2015-09-25,5.376235
2015-09-28,5.852988
2015-09-29,5.712516
2015-09-30,6.282916
2015-10-08,6.691560
2015-10-09,6.683047
2015-10-12,6.810750
2015-10-13,6.802236
2015-10-14,6.542575
2015-10-15,6.691560
2015-10-16,6.725614
2015-10-19,6.985275
2015-10-20,6.836289
2015-10-21,6.385077
2015-10-22,6.546833
2015-10-23,6.572372
2015-10-26,6.742641
2015-10-27,6.700074
2015-10-28,6.525548
2015-10-29,6.610684
2015-10-30,6.551089
2015-11-02,6.406361
2015-11-03,6.299944
2015-11-04,6.559602
2015-11-05,6.738384
2015-11-06,6.853316
2015-11-09,6.870342
2015-11-10,6.819263
2015-11-11,6.853316
2015-11-12,6.823518
2015-11-13,6.870342
2015-11-16,6.772438
2015-11-17,6.742641
2015-11-18,6.585144
2015-11-19,6.678792
2015-11-20,6.602171
2015-11-23,6.482981
2015-11-24,6.453184
2015-11-25,6.589399
2015-11-26,6.593657
2015-11-27,6.180755
2015-11-30,6.193524
2015-12-01,6.308456
2015-12-02,6.729873
2015-12-03,6.768182
2015-12-04,6.623454
2015-12-07,6.883113
2015-12-08,6.717101
2015-12-09,7.125746
2015-12-10,7.151288
2015-12-11,7.198110
2015-12-14,7.249193
2015-12-15,7.193855
2015-12-16,7.036355
2015-12-17,7.117233
2015-12-18,7.032099
2015-12-21,7.436486
2015-12-22,7.491822
2015-12-23,7.598242
2015-12-24,7.423716
2015-12-25,7.423716
2015-12-28,7.151288
2015-12-29,7.266217
2015-12-30,7.210880
2015-12-31,7.223650
2016-01-04,6.555346
2016-01-05,6.631967
2016-01-06,6.878856
2016-01-07,6.338253
2016-01-08,6.661764
2016-01-11,6.176498
2016-01-12,6.231836
2016-01-13,6.099877
2016-01-14,6.206296
2016-01-15,5.993459
2016-01-18,6.018999
2016-01-19,6.261632
2016-01-20,6.121160
2016-01-21,6.065822
2016-01-22,6.202037
2016-01-25,6.202037
2016-01-26,5.827447
2016-01-27,5.950892
2016-01-28,6.048796
2016-01-29,6.282916
2016-02-01,6.257377
2016-02-02,6.410617
2016-02-03,6.423387
2016-02-04,6.351024
2016-02-05,6.214810
2016-02-15,6.193524
2016-02-16,6.372307
2016-02-17,6.380820
2016-02-18,6.299944
2016-02-19,6.342510
2016-02-22,6.521293
2016-02-23,6.431901
2016-02-24,6.542575
2016-02-25,6.121160
2016-02-26,6.172241
2016-02-29,5.891298
2016-03-01,5.980689
2016-03-02,6.104133
2016-03-03,6.104133
2016-03-04,6.104133
2016-03-07,6.104133
2016-03-08,6.104133
2016-03-09,6.104133
2016-03-10,6.104133
2016-03-11,6.104133
2016-03-14,6.104133
2016-03-15,6.104133
2016-03-16,6.104133
2016-03-17,6.104133
2016-03-18,6.104133
2016-03-21,6.104133
2016-03-22,6.104133
2016-03-23,6.104133
2016-03-24,6.104133
2016-03-25,6.104133
2016-03-28,6.104133
2016-03-29,6.104133
2016-03-30,6.104133
2016-03-31,6.712845
2016-04-01,6.555346
2016-04-05,6.810750
2016-04-06,6.832033
2016-04-07,6.912909
2016-04-08,6.729873
2016-04-11,6.976761
2016-04-12,6.917168
2016-04-13,6.921423
2016-04-14,6.870342
2016-04-15,6.981017
2016-04-18,7.049124
2016-04-19,6.968248
2016-04-20,6.691560
2016-04-21,6.619196
2016-04-22,6.700074
2016-04-25,6.717101
2016-04-26,6.729873
2016-04-27,6.670278
2016-04-28,6.631967
2016-04-29,6.815006
2016-05-03,6.823518
2016-05-04,6.751155
2016-05-05,6.448928
2016-05-06,6.227578
2016-05-09,6.091363
2016-05-10,6.206296
2016-05-11,6.253119
2016-05-12,6.291430
2016-05-13,6.223322
2016-05-16,6.219064
2016-05-17,6.163727
2016-05-18,6.095620
2016-05-19,6.070080
2016-05-20,6.095620
2016-05-23,6.104133
2016-05-24,6.099877
2016-05-25,6.048796
2016-05-26,6.027513
2016-05-27,6.010486
2016-05-30,5.976431
2016-05-31,6.172241
2016-06-01,6.125417
2016-06-02,6.108390
2016-06-03,6.172241
2016-06-06,6.167985
2016-06-07,6.057310
2016-06-08,6.048796
2016-06-13,5.938122
2016-06-14,5.916838
2016-06-15,6.048796
2016-06-16,5.984946
2016-06-17,5.984946
2016-06-20,5.942379
2016-06-21,5.959405
2016-06-22,6.031770
2016-06-23,6.074337
2016-06-24,5.976431
2016-06-27,6.036026
2016-06-28,6.004820
2016-06-29,6.013736
2016-06-30,6.093980
2016-07-01,6.080605
2016-07-04,6.276753
2016-07-05,6.285669
2016-07-06,6.285669
2016-07-07,6.285669
2016-07-08,6.223259
2016-07-11,6.258921
2016-07-12,6.883031
2016-07-13,6.820621
2016-07-14,6.758209
2016-07-15,6.793872
2016-07-18,6.927610
2016-07-19,6.811705
2016-07-20,6.793872
2016-07-21,6.869658
2016-07-22,6.744835
2016-07-25,6.637846
2016-07-26,6.883031
2016-07-27,6.820621
2016-07-28,7.248580
2016-07-29,7.284244
2016-08-01,7.248580
2016-08-02,7.297618
2016-08-03,7.261955
2016-08-04,7.257497
2016-08-05,7.132675
2016-08-08,7.163881
2016-08-09,7.110385
2016-08-10,6.998938
2016-08-11,6.954359
2016-08-12,7.119302
2016-08-15,7.302076
2016-08-16,7.253038
2016-08-17,7.253038
2016-08-18,7.257497
2016-08-19,7.159421
2016-08-22,7.061348
2016-08-23,7.030142
2016-08-24,7.016769
2016-08-25,6.887489
2016-08-26,6.820621
2016-08-29,6.874115
2016-08-30,7.007853
2016-08-31,6.954359
2016-09-01,6.972189
2016-09-02,7.012311
2016-09-05,7.034600
2016-09-06,7.052432
2016-09-07,7.074722
2016-09-08,7.074722
2016-09-09,7.030142
2016-09-12,6.874115
2016-09-13,6.865199
2016-09-14,6.865199
2016-09-19,6.949901
2016-09-20,6.923153
2016-09-21,6.887489
2016-09-22,6.958817
2016-09-23,6.878573
2016-09-26,6.776041
2016-09-27,6.914237
2016-09-28,6.998938
2016-09-29,7.039059
2016-09-30,7.074722
2016-10-10,7.253038
2016-10-11,7.105927
2016-10-12,7.065806
2016-10-13,7.105927
2016-10-14,7.070264
2016-10-17,7.003396
2016-10-18,7.070264
2016-10-19,7.083638
2016-10-20,7.056890
2016-10-21,7.101469
2016-10-24,7.195085
2016-10-25,7.163881
2016-10-26,7.061348
2016-10-27,6.963274
2016-10-28,6.949901
2016-10-31,6.990022
2016-11-01,7.007853
2016-11-02,6.945442
2016-11-03,7.003396
2016-11-04,6.914237
2016-11-07,6.918693
2016-11-08,6.945442
2016-11-09,6.842909
2016-11-10,6.909779
2016-11-11,6.954359
2016-11-14,6.923153
2016-11-15,6.909779
2016-11-16,6.914237
2016-11-17,6.878573
2016-11-18,6.856284
2016-11-21,6.883031
2016-11-22,6.905321
2016-11-23,6.923153
2016-11-24,7.132675
2016-11-25,7.168337
2016-11-28,7.195085
2016-11-29,7.475934
2016-11-30,7.310992
2016-12-01,7.458103
2016-12-02,7.360030
2016-12-05,7.132675
2016-12-06,7.132675
2016-12-07,7.217375
2016-12-08,7.288702
2016-12-09,7.244123
2016-12-12,7.021226
2016-12-13,7.065806
2016-12-14,6.923153
2016-12-15,6.758209
2016-12-16,6.802789
2016-12-19,6.762668
2016-12-20,6.713630
2016-12-21,6.798330
2016-12-22,6.802789
2016-12-23,6.700256
2016-12-26,6.718088
2016-12-27,6.664593
2016-12-28,6.633389
2016-12-29,6.624472
2016-12-30,6.660135
2017-01-03,6.731462
2017-01-04,6.816163
2017-01-05,6.776041
2017-01-06,6.771584
2017-01-09,6.985564
2017-01-10,6.874115
2017-01-11,6.811705
2017-01-12,6.753751
2017-01-13,6.722546
2017-01-16,6.709172
2017-01-17,6.771584
2017-01-18,6.833993
2017-01-19,6.811705
2017-01-20,6.927610
2017-01-23,6.932069
2017-01-24,6.954359
2017-01-25,6.998938
2017-01-26,7.034600
2017-02-03,6.923153
2017-02-06,7.110385
2017-02-07,7.061348
2017-02-08,7.083638
2017-02-09,7.012311
2017-02-10,6.985564
2017-02-13,7.039059
2017-02-14,7.003396
2017-02-15,6.976647
2017-02-16,6.990022
2017-02-17,7.003396
2017-02-20,7.261955
2017-02-21,7.261955
2017-02-22,7.315450
2017-02-23,7.235206
2017-02-24,7.208458
2017-02-27,7.217375
2017-02-28,7.244123
2017-03-01,7.253038
2017-03-02,7.190628
2017-03-03,7.217375
2017-03-06,7.172797
2017-03-07,7.235206
2017-03-08,6.990022
2017-03-09,6.936526
2017-03-10,6.905321
2017-03-13,6.963274
2017-03-14,6.923153
2017-03-15,7.003396
2017-03-16,7.016769
2017-03-17,6.896406
2017-03-20,6.918693
2017-03-21,6.972189
2017-03-22,6.918693
2017-03-23,7.003396
2017-03-24,7.097011
2017-03-27,7.061348
2017-03-28,6.981105
2017-03-29,6.972189
2017-03-30,6.927610
2017-03-31,7.034600
2017-04-05,7.074722
2017-04-06,7.074722
2017-04-07,7.079180
2017-04-10,7.083638
2017-04-11,7.177254
2017-04-12,7.083638
2017-04-13,7.105927
2017-04-14,7.025685
2017-04-17,7.097011
2017-04-18,6.949901
2017-04-19,6.865199
2017-04-20,6.985564
2017-04-21,6.972189
2017-04-24,6.789414
2017-04-25,6.838451
2017-04-26,6.914237
2017-04-27,6.807246
2017-04-28,6.816163
2017-05-02,6.704714
2017-05-03,6.713630
2017-05-04,6.633389
2017-05-05,6.513022
2017-05-08,6.441698
2017-05-09,6.071690
2017-05-10,5.973615
2017-05-11,5.978072
2017-05-12,6.036026
2017-05-15,6.098437
2017-05-16,6.205427
2017-05-17,6.205427
2017-05-18,6.151932
2017-05-19,6.156391
2017-05-22,6.098437
2017-05-23,6.107353
2017-05-24,6.169764
2017-05-25,6.281211
2017-05-26,6.299044
2017-05-31,6.272297
2017-06-01,6.267838
2017-06-02,6.321332
2017-06-05,6.361454
2017-06-06,6.352538
2017-06-07,6.423496
2017-06-08,6.516860
2017-06-09,6.568212
2017-06-12,6.661575
2017-06-13,6.698922
2017-06-14,6.577548
2017-06-15,6.526196
2017-06-16,6.428164
2017-06-19,6.498187
2017-06-20,6.526196
2017-06-21,6.605556
2017-06-22,6.638234
2017-06-23,6.633567
2017-06-26,6.792286
2017-06-27,6.764277
2017-06-28,6.736268
2017-06-29,6.717594
2017-06-30,6.731599
2017-07-03,6.680249
2017-07-04,6.610225
2017-07-05,6.666243
2017-07-06,6.652239
2017-07-07,6.610225
2017-07-10,6.591552
2017-07-11,6.605556
2017-07-12,6.544869
2017-07-13,6.549537
2017-07-14,6.605556
2017-07-17,6.605556
2017-07-18,6.726931
2017-07-19,6.848305
2017-07-20,6.815628
2017-07-21,6.979015
2017-07-24,6.965011
2017-07-25,6.829632
2017-07-26,6.782950
2017-07-27,6.689586
2017-07-28,6.689586
2017-07-31,6.680249
2017-08-01,6.759608
2017-08-02,6.614892
2017-08-03,6.647571
2017-08-04,6.647571
2017-08-07,6.624230
2017-08-08,6.614892
2017-08-09,6.610225
2017-08-10,6.526196
2017-08-11,6.316126
2017-08-14,6.358140
2017-08-15,6.358140
2017-08-16,6.325463
2017-08-17,6.376813
2017-08-18,6.372145
2017-08-21,6.409491
2017-08-22,6.414159
2017-08-23,6.348804
2017-08-24,6.330131
2017-08-25,6.395485
2017-08-28,6.428164
2017-08-29,6.372145
2017-08-30,6.456174
2017-08-31,6.423496
2017-09-01,6.428164
2017-09-04,6.414159
2017-09-05,6.395485
2017-09-06,6.390818
2017-09-07,6.404823
2017-09-08,6.358140
2017-09-11,6.451504
2017-09-12,6.554205
2017-09-13,6.493519
2017-09-14,6.465510
2017-09-15,6.423496
2017-09-18,6.591552
2017-09-19,6.507523
2017-09-20,6.596220
2017-09-21,6.516860
2017-09-22,6.502856
2017-09-25,6.395485
2017-09-26,6.423496
2017-09-27,6.432832
2017-09-28,6.516860
2017-09-29,6.614892
2017-10-09,6.838968
2017-10-10,6.745604
2017-10-11,6.680249
2017-10-12,6.694253
2017-10-13,6.652239
2017-10-16,6.656908
2017-10-17,6.586884
2017-10-18,6.558875
2017-10-19,6.600888
2017-10-20,6.689586
2017-10-23,6.610225
2017-10-24,6.703589
2017-10-25,6.680249
2017-10-26,6.465510
2017-10-27,6.423496
2017-10-30,6.325463
2017-10-31,6.297452
2017-11-01,6.306789
2017-11-02,6.339467
2017-11-03,6.260107
2017-11-06,6.250771
2017-11-07,6.264776
2017-11-08,6.292785
2017-11-09,6.344134
2017-11-10,6.269444
2017-11-13,6.311458
2017-11-14,6.157406
2017-11-15,6.176079
2017-11-16,6.124728
2017-11-17,6.143401
2017-11-20,6.134065
2017-11-21,6.213424
2017-11-22,6.190084
2017-11-23,6.110723
2017-11-24,6.199420
2017-11-27,6.208757
2017-11-28,6.166742
2017-11-29,6.143401
2017-11-30,6.134065
2017-12-01,6.180747
2017-12-04,6.110723
2017-12-05,6.138733
2017-12-06,6.138733
2017-12-07,6.115392
2017-12-08,6.120059
2017-12-11,6.176079
2017-12-12,6.115392
2017-12-13,6.124728
2017-12-14,6.134065
2017-12-15,6.101387
2017-12-18,5.937998
2017-12-19,5.937998
2017-12-20,5.830629
2017-12-21,5.816624
2017-12-22,5.835297
2017-12-25,5.881980
2017-12-26,5.863306
2017-12-27,5.942667
2017-12-28,5.891316
2017-12-29,5.881980
2018-01-02,5.942667
2018-01-03,6.026695
2018-01-04,5.989349
2018-01-05,6.012691
2018-01-08,6.120059
2018-01-09,6.101387
2018-01-10,6.092051
2018-01-11,6.040700
2018-01-12,6.068709
2018-01-15,5.961339
2018-01-16,6.054704
2018-01-17,6.124728
2018-01-18,6.129395
2018-01-19,6.180747
2018-01-22,6.232097
2018-01-23,6.204088
2018-01-24,6.190084
2018-01-25,6.171411
2018-01-26,6.138733
2018-01-29,6.143401
2018-01-30,6.073378
2018-01-31,5.994019
2018-02-01,5.863306
2018-02-02,5.933331
2018-02-05,5.961339
2018-02-06,5.905321
2018-02-07,5.844634
2018-02-08,5.835297
2018-02-09,5.550536
2018-02-12,5.550536
2018-02-13,5.536530
2018-02-14,5.461839
2018-02-22,5.550536
2018-02-23,5.592549
2018-02-26,5.662572
2018-02-27,5.583212
2018-02-28,5.597218
2018-03-01,5.587881
2018-03-02,5.615891
2018-03-05,5.625227
2018-03-06,5.657904
2018-03-07,5.592549
2018-03-08,5.639231
2018-03-09,5.667241
2018-03-12,5.657904
2018-03-13,5.685913
2018-03-14,5.639231
2018-03-15,5.629894
2018-03-16,5.727928
2018-03-19,5.671909
2018-03-20,5.601886
2018-03-21,5.569208
2018-03-22,5.531862
2018-03-23,5.209753
2018-03-26,5.209753
2018-03-27,5.242431
2018-03-28,5.163072
2018-03-29,5.209753
2018-03-30,5.237763
2018-04-02,5.321790
2018-04-03,5.233094
2018-04-04,5.209753
2018-04-09,5.163072
2018-04-10,5.214421
2018-04-11,5.209753
2018-04-12,5.312455
2018-04-13,5.265772
2018-04-16,5.167739
2018-04-17,5.102383
2018-04-18,5.097716
2018-04-19,5.093047
2018-04-20,4.910986
2018-04-23,4.822290
2018-04-24,4.873641
2018-04-25,4.878308
2018-04-26,4.840963
2018-04-27,4.836294
2018-05-02,4.714920
2018-05-03,4.756935
2018-05-04,4.742930
2018-05-07,4.789612
2018-05-08,4.822290
2018-05-09,4.794281
2018-05-10,4.784944
2018-05-11,4.822290
2018-05-14,4.803617
2018-05-15,4.822290
2018-05-16,4.812954
2018-05-17,4.868972
2018-05-18,4.901649
2018-05-21,4.971673
2018-05-22,4.957669
2018-05-23,4.864304
2018-05-24,4.803617
2018-05-25,4.766271
2018-05-28,4.747598
2018-05-29,4.775608
2018-05-30,4.682243
2018-05-31,4.733593
2018-06-01,4.710253
2018-06-04,4.728925
2018-06-05,4.794281
2018-06-06,4.761602
2018-06-07,4.738261
2018-06-08,4.626223
2018-06-11,4.532859
2018-06-12,4.551532
2018-06-13,4.584209
2018-06-14,4.528191
2018-06-15,4.532859
2018-06-19,4.206082
2018-06-20,4.206082
2018-06-21,4.192077
2018-06-22,4.210750
2018-06-25,4.173404
2018-06-26,4.164068
2018-06-27,4.126721
2018-06-28,4.126721
2018-06-29,4.201413
2018-07-02,4.164068
2018-07-03,4.206082
2018-07-04,4.215418
2018-07-05,4.173404
2018-07-06,4.068258
2018-07-09,4.122305
2018-07-10,4.117393
2018-07-11,3.974905
2018-07-12,4.043693
2018-07-13,4.053519
2018-07-16,3.930685
2018-07-17,3.906117
2018-07-18,3.940511
2018-07-19,3.891378
2018-07-20,3.896291
2018-07-23,3.935598
2018-07-24,4.019125
2018-07-25,4.009298
2018-07-26,3.994558
2018-07-27,3.989646
2018-07-30,3.935598
2018-07-31,3.969991
2018-08-01,3.911031
2018-08-02,3.798024
2018-08-03,3.709584
2018-08-06,3.709584
2018-08-07,3.778370
2018-08-08,3.714497
2018-08-09,3.758717
2018-08-10,3.763631
2018-08-13,3.724324
2018-08-14,3.709584
2018-08-15,3.616230
2018-08-16,3.547443
2018-08-17,3.459002
2018-08-20,3.444263
2018-08-21,3.473742
2018-08-22,3.459002
2018-08-23,3.542530
2018-08-24,3.532703
2018-08-27,3.552356
2018-08-28,3.532703
2018-08-29,3.508136
2018-08-30,3.459002
2018-08-31,3.434436
2018-09-03,3.429522
2018-09-04,3.449175
2018-09-05,3.395129
2018-09-06,3.360735
2018-09-07,3.365649
2018-09-10,3.272295
2018-09-11,3.257555
2018-09-12,3.247728
2018-09-13,3.272295
2018-09-14,3.350908
2018-09-17,3.272295
2018-09-18,3.306689
2018-09-19,3.341082
2018-09-20,3.345996
2018-09-21,3.611317
2018-09-25,3.606404
2018-09-26,3.572010
2018-09-27,3.557269
2018-09-28,3.576924
2018-10-08,3.463916
2018-10-09,3.419695
2018-10-10,3.459002
2018-10-11,3.174028
2018-10-12,3.188768
2018-10-15,2.943100
2018-10-16,2.835006
2018-10-17,2.854659
2018-10-18,2.790786
2018-10-19,2.874313
2018-10-22,3.016800
2018-10-23,2.952926
2018-10-24,2.972580
2018-10-25,3.070847
2018-10-26,3.095414
2018-10-29,3.031540
2018-10-30,3.105241
2018-10-31,3.139634
2018-11-01,3.178941
2018-11-02,3.232988
2018-11-05,3.198595
2018-11-06,3.223161
2018-11-07,3.174028
2018-11-08,3.164201
2018-11-09,3.105241
2018-11-12,3.203508
2018-11-13,3.237902
2018-11-14,3.213335
2018-11-15,3.223161
2018-11-16,3.282122
2018-11-19,3.291948
2018-11-20,3.178941
2018-11-21,3.144548
2018-11-22,3.213335
2018-11-23,3.046281
2018-11-26,3.041367
2018-11-27,3.051193
2018-11-28,3.056107
2018-11-29,3.011887
2018-11-30,3.026627
2018-12-03,3.115068
2018-12-04,3.139634
2018-12-05,3.124894
2018-12-06,3.070847
2018-12-07,3.090500
2018-12-10,3.021713
2018-12-11,3.056107
2018-12-12,3.100327
2018-12-13,3.169115
2018-12-14,3.188768
2018-12-17,3.144548
2018-12-18,3.203508
2018-12-19,3.149462
2018-12-20,3.174028
2018-12-21,3.144548
2018-12-24,3.223161
2018-12-25,3.213335
2018-12-26,3.232988
2018-12-27,3.183854
2018-12-28,3.237902
2019-01-02,3.252641
2019-01-03,3.291948
2019-01-04,3.385303
2019-01-07,3.537616
2019-01-08,3.522876
2019-01-09,3.660450
2019-01-10,3.626057
2019-01-11,3.753804
2019-01-14,3.685017
2019-01-15,3.694844
2019-01-16,3.665364
2019-01-17,3.680103
2019-01-18,3.645710
2019-01-21,3.685017
2019-01-22,3.591663
2019-01-23,3.586750
2019-01-24,3.606404
2019-01-25,3.724324
2019-01-28,3.729237
2019-01-29,3.635884
2019-01-30,3.748890
2019-01-31,3.694844
2019-02-01,3.783284
2019-02-11,3.827504
2019-02-12,4.033866
2019-02-13,4.215659
2019-02-14,4.097739
2019-02-15,3.960165
2019-02-18,4.024039
2019-02-19,3.989646
2019-02-20,4.112479
2019-02-21,4.161613
2019-02-22,4.259880
2019-02-25,4.392540
2019-02-26,4.289360
2019-02-27,4.205833
2019-02-28,4.191092
2019-03-01,4.299187
2019-03-04,4.309012
2019-03-05,4.318840
2019-03-06,4.358147
2019-03-07,4.230400
2019-03-08,3.866811
2019-03-11,3.979819
2019-03-12,3.955251
2019-03-13,3.798024
2019-03-14,3.793111
2019-03-15,3.861898
2019-03-18,3.915944
2019-03-19,3.861898
2019-03-20,3.861898
2019-03-21,3.915944
2019-03-22,4.309012
2019-03-25,4.328666
2019-03-26,4.063345
2019-03-27,4.082999
2019-03-28,3.989646
2019-03-29,4.068258
2019-04-01,4.225486
2019-04-02,4.191092
2019-04-03,4.367974
2019-04-04,4.628381
2019-04-08,4.623468
2019-04-09,4.652948
2019-04-10,4.977230
2019-04-11,4.913355
2019-04-12,4.937923
2019-04-15,4.667688
2019-04-16,4.613642
2019-04-17,5.070584
2019-04-18,4.824915
2019-04-19,4.844569
2019-04-22,4.613642
2019-04-23,4.554681
2019-04-24,4.569421
2019-04-25,4.343406
2019-04-26,4.274620
2019-05-06,3.842244
2019-05-07,3.891378
2019-05-08,3.852071
2019-05-09,3.763631
2019-05-10,3.930685
2019-05-13,3.866811
2019-05-14,3.812764
2019-05-15,3.930685
2019-05-16,3.969991
2019-05-17,3.837330
2019-05-20,3.557269
2019-05-21,3.581836
2019-05-22,3.513049
2019-05-23,3.326342
2019-05-24,3.424609
2019-05-27,3.409869
2019-05-28,3.503223
2019-05-29,3.517962
2019-05-30,3.478656
2019-05-31,3.439349
2019-06-03,3.419695
2019-06-04,3.336169
2019-06-05,3.188768
2019-06-06,3.218249
2019-06-10,3.183854
2019-06-11,3.291948
2019-06-12,3.247728
2019-06-13,3.228075
2019-06-14,3.174028
2019-06-17,3.115068
2019-06-18,3.105241
2019-06-19,3.105241
2019-06-20,3.154375
2019-06-21,3.272295
2019-06-24,3.316516
2019-06-25,3.237902
2019-06-26,3.237902
2019-06-27,3.272295
2019-06-28,3.257555
2019-07-01,3.444263
2019-07-02,3.503223
2019-07-03,3.557269
2019-07-04,3.547443
2019-07-05,3.537616
2019-07-08,3.434436
2019-07-09,3.454089
2019-07-10,3.355822
2019-07-11,3.291948
2019-07-12,3.257555
2019-07-15,3.503223
2019-07-16,3.468829
2019-07-17,3.503223
2019-07-18,3.537616
2019-07-19,3.635884
2019-07-22,3.601490
2019-07-23,3.817677
2019-07-24,3.832417
2019-07-25,3.856984
2019-07-26,3.796903
2019-07-29,3.875698
2019-07-30,3.954492
2019-07-31,3.900321
2019-08-01,3.816602
2019-08-02,3.698410
2019-08-05,3.668863
2019-08-06,3.585144
2019-08-07,3.550671
2019-08-08,3.693486
2019-08-09,3.688561
2019-08-12,3.723034
2019-08-13,3.693486
2019-08-14,3.821527
2019-08-15,4.136704
2019-08-16,4.210575
2019-08-19,4.225348
2019-08-20,4.161327
2019-08-21,4.136704
2019-08-22,4.136704
2019-08-23,4.052986
2019-08-26,4.028362
2019-08-27,4.077609
2019-08-28,4.107157
2019-08-29,4.023437
2019-08-30,3.939719
2019-09-02,3.998814
2019-09-03,4.003738
2019-09-04,4.092383
2019-09-05,4.161327
2019-09-06,4.333690
2019-09-09,4.313991
2019-09-10,4.190876
2019-09-11,4.210575
2019-09-12,4.156403
2019-09-16,4.067760
2019-09-17,3.959417
2019-09-18,3.993889
2019-09-19,4.038212
2019-09-20,4.072684
2019-09-23,3.924944
2019-09-24,3.900321
2019-09-25,3.796903
2019-09-26,3.698410
2019-09-27,3.639315
2019-09-30,3.649164
2019-10-08,3.703336
2019-10-09,3.791979
2019-10-10,3.851075
2019-10-11,3.860924
2019-10-14,3.860924
2019-10-15,3.816602
2019-10-16,3.732883
2019-10-17,3.747657
2019-10-18,3.570370
2019-10-21,3.530973
2019-10-22,3.629466
2019-10-23,3.590068
2019-10-24,3.575294
2019-10-25,3.604843
2019-10-28,3.654089
2019-10-29,3.619616
2019-10-30,3.516198
2019-10-31,3.526047
2019-11-01,3.678712
2019-11-04,3.762432
2019-11-05,3.732883
2019-11-06,3.678712
2019-11-07,3.732883
2019-11-08,3.964341
2019-11-11,4.043137
2019-11-12,4.043137
2019-11-13,4.013588
2019-11-14,4.023437
2019-11-15,3.984040
2019-11-18,4.018513
2019-11-19,4.264745
2019-11-20,4.254895
2019-11-21,4.259820
2019-11-22,4.195800
2019-11-25,4.264745
2019-11-26,4.358314
2019-11-27,4.176101
2019-11-28,4.092383
2019-11-29,4.195800
2019-12-02,4.117006
2019-12-03,4.225348
2019-12-04,4.176101
2019-12-05,4.230273
2019-12-06,4.077609
2019-12-09,4.003738
2019-12-10,4.067760
2019-12-11,4.476505
2019-12-12,4.540526
2019-12-13,4.525751
2019-12-16,4.496203
2019-12-17,4.451881
2019-12-18,4.639019
2019-12-19,4.668566
2019-12-20,4.796607
2019-12-23,4.688265
2019-12-24,4.762134
2019-12-25,4.801531
2019-12-26,4.762134
2019-12-27,4.698114
2019-12-30,4.836004
2019-12-31,4.939423
2020-01-02,5.318619
2020-01-03,5.165956
2020-01-06,5.136409
2020-01-07,5.269373
2020-01-08,5.402339
2020-01-09,5.407264
2020-01-10,5.564853
2020-01-13,5.860331
2020-01-14,5.500832
2020-01-15,5.530380
2020-01-16,5.520530
2020-01-17,5.367866
2020-01-20,5.372790
2020-01-21,5.116709
2020-01-22,5.156106
2020-01-23,4.885251
2020-02-03,4.378013
2020-02-04,4.520827
2020-02-05,4.422334
2020-02-06,4.437108
2020-02-07,4.442032
2020-02-10,4.629170
2020-02-11,4.737511
2020-02-12,4.727663
2020-02-13,4.821229
2020-02-14,4.722737
2020-02-17,5.195504
2020-02-18,5.289072
2020-02-19,5.244750
2020-02-20,5.348167
2020-02-21,5.574702
2020-02-24,5.614099
2020-02-25,5.712592
2020-02-26,5.367866
2020-02-27,5.308770
2020-02-28,5.008368
2020-03-02,5.313696
2020-03-03,5.225052
2020-03-04,5.505757
2020-03-05,5.643647
2020-03-06,5.648571
2020-03-09,5.264450
2020-03-10,5.545153
2020-03-11,5.490983
2020-03-12,5.555003
2020-03-13,5.761838
2020-03-16,5.234901
2020-03-17,5.042840
2020-03-18,4.811381
2020-03-19,4.973895
2020-03-20,5.116709
2020-03-23,4.737511
2020-03-24,5.126559
2020-03-25,5.407264
2020-03-26,5.136409
2020-03-27,5.165956
2020-03-30,5.264450
2020-03-31,5.210277
2020-04-01,5.013291
2020-04-02,4.919723
2020-04-03,4.831079
2020-04-07,4.890175
2020-04-08,4.836004
2020-04-09,4.944346
2020-04-10,4.826156
2020-04-13,4.880327
2020-04-14,4.890175
2020-04-15,4.919723
2020-04-16,4.850778
2020-04-17,4.875402
2020-04-20,4.801531
2020-04-21,4.594697
2020-04-22,4.525751
2020-04-23,4.446957
2020-04-24,4.491280
2020-04-27,4.451881
2020-04-28,4.520827
2020-04-29,4.476505
2020-04-30,4.776909
2020-05-06,5.175805
2020-05-07,5.185655
2020-05-08,5.249674
2020-05-11,5.308770
2020-05-12,5.333395
2020-05-13,5.313696
2020-05-14,5.234901
2020-05-15,5.185655
2020-05-18,5.092086
2020-05-19,5.165956
2020-05-20,5.018216
2020-05-21,4.978820
2020-05-22,4.919723
2020-05-25,5.023141
2020-05-26,4.964046
2020-05-27,4.954196
2020-05-28,4.831079
2020-05-29,4.880327
2020-06-01,4.988669
2020-06-02,4.880327
2020-06-03,5.362942
2020-06-04,5.215202
2020-06-05,5.067463
2020-06-08,5.215202
2020-06-09,5.372790
2020-06-10,5.362942
2020-06-11,5.456511
2020-06-12,5.643647
2020-06-15,5.663344
2020-06-16,5.697817
2020-06-17,5.673194
2020-06-18,5.663344
2020-06-19,5.717515
2020-06-22,5.638721
2020-06-23,5.619023
2020-06-24,5.589476
2020-06-29,5.520530
2020-06-30,5.417113
2020-07-01,5.451585
2020-07-02,5.525455
2020-07-03,6.032694
2020-07-06,6.180433
2020-07-07,6.382344
2020-07-08,6.367570
2020-07-09,6.362646
2020-07-10,6.411892
2020-07-13,6.603953
2020-07-14,6.500536
2020-07-15,5.845557
2020-07-16,5.387566
2020-07-17,5.284147
2020-07-20,5.569777
2020-07-21,5.678119
2020-07-22,5.643647
2020-07-23,5.653497
2020-07-24,5.486059
2020-07-27,5.417113
2020-07-28,5.402339
2020-07-29,5.530380
2020-07-30,5.426963
2020-07-31,5.446661
2020-08-03,5.520530
2020-08-04,5.505757
2020-08-05,5.353092
2020-08-06,5.367866
2020-08-07,5.215202
2020-08-10,5.486059
2020-08-11,5.638721
2020-08-12,5.702743
2020-08-13,5.619023
2020-08-14,5.633798
2020-08-17,5.865256
2020-08-18,5.786461
2020-08-19,5.702743
2020-08-20,5.628872
2020-08-21,5.840633
2020-08-24,5.796310
2020-08-25,5.633798
2020-08-26,5.668270
2020-08-27,5.806160
2020-08-28,5.909578
2020-08-31,5.811085
2020-09-01,6.101640
2020-09-02,6.027769
2020-09-03,6.067166
2020-09-04,6.160736
2020-09-07,6.027769
2020-09-08,6.338022
2020-09-09,6.406967
2020-09-10,6.697521
2020-09-11,6.727069
2020-09-14,6.702446
2020-09-15,6.741844
2020-09-16,7.032397
2020-09-17,7.362349
2020-09-18,7.239233
2020-09-21,7.165363
2020-09-22,7.071795
2020-09-23,7.057021
2020-09-24,6.781241
2020-09-25,6.800939
2020-09-28,6.800939
2020-09-29,6.603953
2020-09-30,6.618727
2020-10-09,7.012699
2020-10-12,7.101343
2020-10-13,7.815418
2020-10-14,7.583959
2020-10-15,7.539635
2020-10-16,7.313103
2020-10-19,7.460842
2020-10-20,8.214314
2020-10-21,8.145369
2020-10-22,7.815418
2020-10-23,7.716925
2020-10-26,7.790793
2020-10-27,7.633206
2020-10-28,7.844965
2020-10-29,8.027176
2020-10-30,8.125669
2020-11-02,8.716627
2020-11-03,8.534417
2020-11-04,8.657531
2020-11-05,9.090900
2020-11-06,8.716627
2020-11-09,8.588587
2020-11-10,8.130594
2020-11-11,7.908985
2020-11-12,8.120745
2020-11-13,8.406373
2020-11-16,9.248489
2020-11-17,9.997036
2020-11-18,10.996739
2020-11-19,9.972413
2020-11-20,10.134927
2020-11-23,10.824379
2020-11-24,10.592918
2020-11-25,11.651718
2020-11-26,10.942569
2020-11-27,11.784684
2020-11-30,12.439662
2020-12-01,13.685597
2020-12-02,13.331023
2020-12-03,12.306695
2020-12-04,12.213129
2020-12-07,11.740362
2020-12-08,12.410113
2020-12-09,11.819158
2020-12-10,11.124781
2020-12-11,11.351315
2020-12-14,11.449808
2020-12-15,12.030915
2020-12-16,11.636944
2020-12-17,11.464581
2020-12-18,11.681267
2020-12-21,12.326396
2020-12-22,11.632019
2020-12-23,11.641869
2020-12-24,10.898245
2020-12-25,10.868698
2020-12-28,10.952417
2020-12-29,10.455028
2020-12-30,10.602768
2020-12-31,10.775132
2021-01-04,10.711110
2021-01-05,10.356536
2021-01-06,10.405783
2021-01-07,11.174027
2021-01-08,11.538449
2021-01-11,11.405485
2021-01-12,10.952417
2021-01-13,10.681562
2021-01-14,9.809899
2021-01-15,9.898544
2021-01-18,9.667086
2021-01-19,9.750804
2021-01-20,9.652311
2021-01-21,9.578441
2021-01-22,9.918242
2021-01-25,9.765579
2021-01-26,9.327285
2021-01-27,8.982560
2021-01-28,8.637834
2021-01-29,8.490093
2021-02-01,8.711702
2021-02-02,9.583366
2021-02-03,9.617841
2021-02-04,9.834522
2021-02-05,8.884066
2021-02-08,9.287886
2021-02-09,9.356831
2021-02-10,9.366682
2021-02-18,9.647387
2021-02-19,9.337132
2021-02-22,9.076127
2021-02-23,8.568889
2021-02-24,8.435922
2021-02-25,8.495018
2021-02-26,8.938235
2021-03-01,8.706778
2021-03-02,8.480245
2021-03-03,8.534417
2021-03-04,8.268484
2021-03-05,8.347279
2021-03-08,8.120745
2021-03-09,7.534713
2021-03-10,7.529787
2021-03-11,7.746472
2021-03-12,7.830191
2021-03-15,7.505164
2021-03-16,7.436219
2021-03-17,7.515013
2021-03-18,7.436219
2021-03-19,7.268782
2021-03-22,7.470690
2021-03-23,7.244157
2021-03-24,6.933905
2021-03-25,6.928980
2021-03-26,7.165363
2021-03-29,7.140740
2021-03-30,7.185062
2021-03-31,6.988076
2021-04-01,7.130890
2021-04-02,7.283556
2021-04-06,7.574109
2021-04-07,7.303253
2021-04-08,7.273705
2021-04-09,7.130890
2021-04-12,6.993001
2021-04-13,7.017624
2021-04-14,7.189988
2021-04-15,7.086569
2021-04-16,7.785869
2021-04-19,8.563964
2021-04-20,8.869291
2021-04-21,8.263558
2021-04-22,8.278335
2021-04-23,7.938533
2021-04-26,8.293107
2021-04-27,7.973005
2021-04-28,8.204465
2021-04-29,8.169991
2021-04-30,8.061648
2021-05-06,8.362052
2021-05-07,8.229088
2021-05-10,9.051503
2021-05-11,9.603064
2021-05-12,10.563370
2021-05-13,10.302363
2021-05-14,11.331615
2021-05-17,11.705890
2021-05-18,11.558151
2021-05-19,12.114635
2021-05-20,11.351315
2021-05-21,12.311620
2021-05-24,11.080459
2021-05-25,10.587995
2021-05-26,10.908097
2021-05-27,10.716035
2021-05-28,11.346389
2021-05-31,11.696041
2021-06-01,11.715739
2021-06-02,11.306993
2021-06-03,11.523677
2021-06-04,11.612322
2021-06-07,11.228198
2021-06-08,11.085382
2021-06-09,11.095233
2021-06-10,11.469505
2021-06-11,11.469505
2021-06-15,11.612322
2021-06-16,10.450104
2021-06-17,10.612618
2021-06-18,11.666492
2021-06-21,11.636944
2021-06-22,11.878252
2021-06-23,13.065093
2021-06-24,12.912429
2021-06-25,13.020770
2021-06-28,13.153736
2021-06-29,12.754839
2021-06-30,12.941976
2021-07-01,13.121655
2021-07-02,12.605440
2021-07-05,13.582065
2021-07-06,13.944811
2021-07-07,14.230824
2021-07-08,14.188968
2021-07-09,14.642401
2021-07-12,14.733087
2021-07-13,14.258726
2021-07-14,13.721583
2021-07-15,13.358836
2021-07-16,13.344885
2021-07-19,12.954233
2021-07-20,13.484403
2021-07-21,13.902955
2021-07-22,13.540209
2021-07-23,13.589041
2021-07-26,13.051897
2021-07-27,12.486849
2021-07-28,11.552079
2021-07-29,12.172934
2021-07-30,12.835644
2021-08-02,13.247221
2021-08-03,12.619391
2021-08-04,13.344885
2021-08-05,13.268149
2021-08-06,13.526258
2021-08-09,13.316981
2021-08-10,13.875052
2021-08-11,13.882029
2021-08-12,14.907483
2021-08-13,14.621471
2021-08-16,14.956315
2021-08-17,14.865629
2021-08-18,14.216871
2021-08-19,15.639953
2021-08-20,15.653904
2021-08-23,15.765518
2021-08-24,15.053980
2021-08-25,14.767966
2021-08-26,14.391268
2021-08-27,14.684257
2021-08-30,14.816798
2021-08-31,14.384293
2021-09-01,13.902955
2021-09-02,14.077353
2021-09-03,13.533233
2021-09-06,13.909932
2021-09-07,14.223847
2021-09-08,14.084328
2021-09-09,14.154088
2021-09-10,13.902955
2021-09-13,13.330933
2021-09-14,13.358836
2021-09-15,12.996088
2021-09-16,12.403138
2021-09-17,12.368259
2021-09-22,12.040393
2021-09-23,12.256644
2021-09-24,11.977611
2021-09-27,12.033416
2021-09-28,11.796235
2021-09-29,11.524177
2021-09-30,11.649742
2021-10-08,12.347333
2021-10-11,12.382210
2021-10-12,12.633343
2021-10-13,12.905402
2021-10-14,12.703102
2021-10-15,12.717053
2021-10-18,12.758909
2021-10-19,12.633343
2021-10-20,13.596017
2021-10-21,13.296053
2021-10-22,13.602992
2021-10-25,13.909932
2021-10-26,13.616944
2021-10-27,13.777390
2021-10-28,13.079800
2021-10-29,13.602992
2021-11-01,14.328486
2021-11-02,14.140137
2021-11-03,13.875052
2021-11-04,14.523812
2021-11-05,14.509859
2021-11-08,14.614496
2021-11-09,14.544740
2021-11-10,14.314532
2021-11-11,14.586595
2021-11-12,15.109785
2021-11-15,14.014570
2021-11-16,12.744958
2021-11-17,12.696127
2021-11-18,12.598464
2021-11-19,12.703102
2021-11-22,12.884475
2021-11-23,12.563584
2021-11-24,12.263620
2021-11-25,12.089223
2021-11-26,12.117127
2021-11-29,12.131079
2021-11-30,12.117127
2021-12-01,12.061321
2021-12-02,12.214788
2021-12-03,12.103175
2021-12-06,12.012488
2021-12-07,12.103175
2021-12-08,12.256644
2021-12-09,12.458946
2021-12-10,12.591488
2021-12-13,12.465920
2021-12-14,12.124103
2021-12-15,12.075272
2021-12-16,12.110150
2021-12-17,11.977611
2021-12-20,11.126550
2021-12-21,11.147478
2021-12-22,11.203284
2021-12-23,11.203284
2021-12-24,10.735901
2021-12-27,10.547550
2021-12-28,10.805658
2021-12-29,10.603359
2021-12-30,10.575454
2021-12-31,10.596382
2022-01-04,10.735901
2022-01-05,10.540575
2022-01-06,10.163877
2022-01-07,10.094117
2022-01-10,10.122022
2022-01-11,9.856936
2022-01-12,10.038311
2022-01-13,9.968551
2022-01-14,9.787178
2022-01-17,9.912745
2022-01-18,9.912745
2022-01-19,9.675564
2022-01-20,9.577903
2022-01-21,9.403504
2022-01-24,9.445360
2022-01-25,9.110517
2022-01-26,9.208179
2022-01-27,8.943095
2022-01-28,8.915192
2022-02-07,9.054710
2022-02-08,9.096565
2022-02-09,9.263986
2022-02-10,9.201204
2022-02-11,8.977974
2022-02-14,8.698939
2022-02-15,9.026807
2022-02-16,9.124469
2022-02-17,9.089588
2022-02-18,9.117495
2022-02-21,9.124469
2022-02-22,8.998901
2022-02-23,9.263986
2022-02-24,8.943095
2022-02-25,9.138420
2022-02-28,9.026807
2022-03-01,9.257011
2022-03-02,9.124469
2022-03-03,8.998901
2022-03-04,8.789625
2022-03-07,8.503613
2022-03-08,8.057158
2022-03-09,7.806025
2022-03-10,7.868807
2022-03-11,7.980422
2022-03-14,7.882759
2022-03-15,7.422350
2022-03-16,7.708363
2022-03-17,7.833930
2022-03-18,7.952518
2022-03-21,7.973446
2022-03-22,8.029254
2022-03-23,8.036230
2022-03-24,7.952518
2022-03-25,7.806025
2022-03-28,7.819976
2022-03-29,7.708363
2022-03-30,7.987398
2022-03-31,7.903687
2022-04-01,7.938568
2022-04-06,7.833930
2022-04-07,7.624652
2022-04-08,7.666508
2022-04-11,7.157266
2022-04-12,7.199121
2022-04-13,7.164243
2022-04-14,7.317712
2022-04-15,7.247953
2022-04-18,7.408399
2022-04-19,7.422350
2022-04-20,7.673482
2022-04-21,7.171219
2022-04-22,7.220049
2022-04-25,6.571291
2022-04-26,6.313184
2022-04-27,6.389918
2022-04-28,6.641050
2022-04-29,7.303761
2022-05-05,8.036230
2022-05-06,8.217602
2022-05-09,7.938568
2022-05-10,7.868807
2022-05-11,8.531518
2022-05-12,8.343168
2022-05-13,9.180275
2022-05-16,8.991928
2022-05-17,9.424433
2022-05-18,9.326770
2022-05-19,9.633708
2022-05-20,9.410480
2022-05-23,9.563950
2022-05-24,9.822059
2022-05-25,10.142950
2022-05-26,9.842985
2022-05-27,9.870890
2022-05-30,9.863914
2022-05-31,9.731373
2022-06-01,10.128997
2022-06-02,10.819612
2022-06-06,10.924249
2022-06-07,10.659164
2022-06-08,10.945177
2022-06-09,10.533599
2022-06-10,10.882394
2022-06-13,11.852044
2022-06-14,13.037944
2022-06-15,12.989113
2022-06-16,12.961210
2022-06-17,13.198392
2022-06-20,13.351860
2022-06-21,14.091306
2022-06-22,13.777390
2022-06-23,15.158614
2022-06-24,15.591122
2022-06-27,17.007519
2022-06-28,18.708271
2022-06-29,16.842039
2022-06-30,15.922716
2022-07-01,16.676561
2022-07-04,16.446733
2022-07-05,15.784817
2022-07-06,16.143354
2022-07-07,17.457989
2022-07-08,16.391571
2022-07-11,15.931908
2022-07-12,15.214834
2022-07-13,15.600950
2022-07-14,15.628531
2022-07-15,16.483505
2022-07-18,16.354799
2022-07-19,16.492699
2022-07-20,16.152548
2022-07-21,15.720465
2022-07-22,16.170935
2022-07-25,15.499826
2022-07-26,15.748043
2022-07-27,15.950296
2022-07-28,16.363989
2022-07-29,16.860426
2022-08-01,18.478441
2022-08-02,18.322155
2022-08-03,17.071873
2022-08-04,16.731724
2022-08-05,16.327219
2022-08-08,16.621403
2022-08-09,16.069809
2022-08-10,15.977874
2022-08-11,16.079000
2022-08-12,15.665306
2022-08-15,15.573372
2022-08-16,15.858363
2022-08-17,16.051422
2022-08-18,15.665306
2022-08-19,15.095324
2022-08-22,15.509020
2022-08-23,15.067741
2022-08-24,13.946167
2022-08-25,13.955359
2022-08-26,13.955359
2022-08-29,13.936973
2022-08-30,14.111645
2022-08-31,13.348605
2022-09-01,13.247479
2022-09-02,13.238285
2022-09-05,12.944102
2022-09-06,13.376185
2022-09-07,13.137159
2022-09-08,12.990067
2022-09-09,12.971681
2022-09-13,13.229093
2022-09-14,12.999261
2022-09-15,12.328153
2022-09-16,12.070743
2022-09-19,12.318959
2022-09-20,12.420087
2022-09-21,12.649918
2022-09-22,12.300573
2022-09-23,12.171868
2022-09-26,12.217834
2022-09-27,12.392507
2022-09-28,11.748979
2022-09-29,11.896070
2022-09-30,11.546727
2022-10-10,11.050293
2022-10-11,11.178996
2022-10-12,11.877685
2022-10-13,11.730591
2022-10-14,12.107515
2022-10-17,11.877685
2022-10-18,11.721399
2022-10-19,11.500761
2022-10-20,11.353669
2022-10-21,11.197384
2022-10-24,10.995131
2022-10-25,11.114644
2022-10-26,11.050293
2022-10-27,10.985938
2022-10-28,10.379185
2022-10-31,10.379185
2022-11-01,10.737721
2022-11-02,11.362862
2022-11-03,11.197384
2022-11-04,11.767365
2022-11-07,11.739785
2022-11-08,11.574306
2022-11-09,11.445601
2022-11-10,11.224962
2022-11-11,11.436407
2022-11-14,11.224962
2022-11-15,11.565114
2022-11-16,11.326090
2022-11-17,11.068678
2022-11-18,10.875619
2022-11-21,11.087063
2022-11-22,10.976746
2022-11-23,10.958360
2022-11-24,11.151416
2022-11-25,10.857233
2022-11-28,10.691754
2022-11-29,11.243350
2022-11-30,12.364927
2022-12-01,12.640724
2022-12-02,12.484439
2022-12-05,12.677497
2022-12-06,12.824590
2022-12-07,12.907328
2022-12-08,12.732657
2022-12-09,12.778623
2022-12-12,12.318959
2022-12-13,12.420087
2022-12-14,12.171868
2022-12-15,12.475245
2022-12-16,12.401698
2022-12-19,12.374119
2022-12-20,12.107515
2022-12-21,11.804138
2022-12-22,12.227029
2022-12-23,11.776559
2022-12-26,12.006390
2022-12-27,12.033969
2022-12-28,11.362862
2022-12-29,11.298510
2022-12-30,11.316897
2023-01-03,11.344476
2023-01-04,11.243350
2023-01-05,11.482374
2023-01-06,11.500761
2023-01-09,11.491567
2023-01-10,12.282187
2023-01-11,12.006390
2023-01-12,12.070743
2023-01-13,12.162674
2023-01-16,12.089128
2023-01-17,12.043162
2023-01-18,12.153483
2023-01-19,12.153483
2023-01-20,12.447666
2023-01-30,12.824590
2023-01-31,12.990067
2023-02-01,13.596823
2023-02-02,13.302639
2023-02-03,12.990067
2023-02-06,12.732657
2023-02-07,12.861362
2023-02-08,12.613144
2023-02-09,12.741850
2023-02-10,12.567178
2023-02-13,12.677497
2023-02-14,12.723464
2023-02-15,12.548791
2023-02-16,12.374119
2023-02-17,12.181062
2023-02-20,12.355733
2023-02-21,12.659111
2023-02-22,12.576372
2023-02-23,12.668303
2023-02-24,12.374119
2023-02-27,12.208642
2023-02-28,12.337347
2023-03-01,12.484439
2023-03-02,12.374119
2023-03-03,12.282187
2023-03-06,12.337347
2023-03-07,12.107515
2023-03-08,12.015582
2023-03-09,11.951230
2023-03-10,11.289316
2023-03-13,10.894007
2023-03-14,10.691754
2023-03-15,10.627401
2023-03-16,10.434344
2023-03-17,10.553854
2023-03-20,10.507889
2023-03-21,10.783686
2023-03-22,10.783686
2023-03-23,10.848039
2023-03-24,10.820459
2023-03-27,10.829653
2023-03-28,10.912392
2023-03-29,10.765301
2023-03-30,10.967552
2023-03-31,10.958360
2023-04-03,11.050293
2023-04-04,10.976746
2023-04-06,10.820459
2023-04-07,10.884813
2023-04-10,10.912392
2023-04-11,10.903198
2023-04-12,10.756107
2023-04-13,10.664175
2023-04-14,10.985938
2023-04-17,11.197384
2023-04-18,11.123837
2023-04-19,10.949166
2023-04-20,10.710141
2023-04-21,10.351604
2023-04-24,10.425150
2023-04-25,10.103386
2023-04-26,10.268864
2023-04-27,10.287251
2023-04-28,10.949166
2023-05-04,11.031905
2023-05-05,10.848039
2023-05-08,10.985938
2023-05-09,10.958360
2023-05-10,11.657046
2023-05-11,11.353669
2023-05-12,11.105451
2023-05-15,11.362862
2023-05-16,11.114644
2023-05-17,11.096257
2023-05-18,10.985938
2023-05-19,10.894007
2023-05-22,11.224962
2023-05-23,11.151416
2023-05-24,10.995131
2023-05-25,11.059484
2023-05-26,11.270929
2023-05-29,11.013517
2023-05-30,11.169804
2023-05-31,10.985938
2023-06-01,10.912392
2023-06-02,11.197384
2023-06-05,11.068678
2023-06-06,10.903198
2023-06-07,10.599821
2023-06-08,10.691754
2023-06-09,11.096257
2023-06-12,11.169804
2023-06-13,11.224962
2023-06-14,11.224962
2023-06-15,11.500761
2023-06-16,11.537535
2023-06-19,11.565114
2023-06-20,11.565114
2023-06-21,11.418021
2023-06-26,11.813332
2023-06-27,11.767365
2023-06-28,12.006390
2023-06-29,11.877685
2023-06-30,11.886878
2023-07-03,12.714271
2023-07-04,13.265865
2023-07-05,12.944102
2023-07-06,12.916522
2023-07-07,12.714271
2023-07-10,12.567178
2023-07-11,13.137159
2023-07-12,13.198853
2023-07-13,13.039945
2023-07-14,12.927773
2023-07-17,12.768862
2023-07-18,12.965163
2023-07-19,12.862339
2023-07-20,12.413653
2023-07-21,12.366914
2023-07-24,12.404306
2023-07-25,13.647541
2023-07-26,13.180159
2023-07-27,13.030597
2023-07-28,13.871883
2023-07-31,14.984252
2023-08-01,14.797298
2023-08-02,14.834689
2023-08-03,14.619694
2023-08-04,14.657084
2023-08-07,14.619694
2023-08-08,14.442089
2023-08-09,14.030793
2023-08-10,13.984055
2023-08-11,13.647541
2023-08-14,12.983859
2023-08-15,12.927773
2023-08-16,12.497781
2023-08-17,12.740820
2023-08-18,12.423000
2023-08-21,12.114529
2023-08-22,12.329524
2023-08-23,11.974315
2023-08-24,12.161267
2023-08-25,12.226700
2023-08-28,12.189310
2023-08-29,12.750168
2023-08-30,12.488433
2023-08-31,11.721929
2023-09-01,12.039748
2023-09-04,12.479087
2023-09-05,12.310829
2023-09-06,12.376263
2023-09-07,12.049095
2023-09-08,12.021051
2023-09-11,12.488433
2023-09-12,12.591258
2023-09-13,12.348220
2023-09-14,12.133224
2023-09-15,12.058443
2023-09-18,12.413653
2023-09-19,12.208005
2023-09-20,12.030400
2023-09-21,11.890186
2023-09-22,12.086487
2023-09-25,12.123877
2023-09-26,12.095833
2023-09-27,12.189310
2023-09-28,12.563214
2023-10-09,13.021249
2023-10-10,13.488630
2023-10-11,13.395153
2023-10-12,14.273831
2023-10-13,14.030793
2023-10-16,13.937317
2023-10-17,14.012097
2023-10-18,14.030793
2023-10-19,13.432544
2023-10-20,13.217549
2023-10-23,12.993206
2023-10-24,13.030597
2023-10-25,13.582107
2023-10-26,14.133616
2023-10-27,14.778605
2023-10-30,14.423394
2023-10-31,14.142964
2023-11-01,14.058836
2023-11-02,14.096227
2023-11-03,14.292525
2023-11-06,14.376656
2023-11-07,14.928165
2023-11-08,14.675778
2023-11-09,15.610543
2023-11-10,14.825341
2023-11-13,14.516870
2023-11-14,15.049685
2023-11-15,15.872275
2023-11-16,15.395547
2023-11-17,15.432938
2023-11-20,15.507718
2023-11-21,15.320765
2023-11-22,15.236636
2023-11-23,16.264875
2023-11-24,16.620087
2023-11-27,18.283966
2023-11-28,20.078711
2023-11-29,19.349596
2023-11-30,19.050470
2023-12-01,17.928755
2023-12-04,18.003534
2023-12-05,17.788540
2023-12-06,18.050272
2023-12-07,17.695066
2023-12-08,17.143553
2023-12-11,17.751150
2023-12-12,17.704412
2023-12-13,17.657675
2023-12-14,17.050079
2023-12-15,16.993994
2023-12-18,16.863127
2023-12-19,16.395744
2023-12-20,15.881623
2023-12-21,15.956405
2023-12-22,15.610543
2023-12-25,16.199442
2023-12-26,16.040533
2023-12-27,15.937709
2023-12-28,15.788148
2023-12-29,15.732063
2024-01-02,15.180552
2024-01-03,14.759908
2024-01-04,14.292525
2024-01-05,13.918622
2024-01-08,13.825145
2024-01-09,13.843842
2024-01-10,13.469935
2024-01-11,13.797103
2024-01-12,13.619497
2024-01-15,13.825145
2024-01-16,14.283179
2024-01-17,13.441893
2024-01-18,13.619497
2024-01-19,13.441893
2024-01-22,12.862339
2024-01-23,12.862339
2024-01-24,12.909078
2024-01-25,13.404502
2024-01-26,13.273635
2024-01-29,12.768862
2024-01-30,12.385611
2024-01-31,11.964967
2024-02-01,11.946272
2024-02-02,11.544324
2024-02-05,11.020856
2024-02-06,12.039748
2024-02-07,12.479087
2024-02-08,12.694082
2024-02-19,12.600606
2024-02-20,12.245396
2024-02-21,12.881034
2024-02-22,12.918426
2024-02-23,13.712974
2024-02-26,13.881232
2024-02-27,14.320568
2024-02-28,13.451240
2024-02-29,13.927969
2024-03-01,13.815798
2024-03-04,13.731668
2024-03-05,14.049487
2024-03-06,13.843842
2024-03-07,13.946664
2024-03-08,13.750363
2024-03-11,14.114922
2024-03-12,14.900122
2024-03-13,15.629238
2024-03-14,15.432938
2024-03-15,15.732063
2024-03-18,16.732258
2024-03-19,16.143358
2024-03-20,16.236834
2024-03-21,17.068775
2024-03-22,16.648129
2024-03-25,16.517262
2024-03-26,16.629435
2024-03-27,15.881623
2024-03-28,16.049881
2024-03-29,15.704017
2024-04-01,16.582695
2024-04-02,16.545305
2024-04-03,16.377050
2024-04-08,16.760302
2024-04-09,16.676172
2024-04-10,16.377050
2024-04-11,17.218334
2024-04-12,16.778997
2024-04-15,16.722912
2024-04-16,15.442286
2024-04-17,16.012489
2024-04-18,15.993796
2024-04-19,15.919015
2024-04-22,15.591846
2024-04-23,15.320765
2024-04-24,15.227290
2024-04-25,14.974903
2024-04-26,15.489022
2024-04-29,15.292724
2024-04-30,13.759711
2024-05-06,13.806450
2024-05-07,13.516673
2024-05-08,14.002749
2024-05-09,14.068184
2024-05-10,13.815798
2024-05-13,13.535368
2024-05-14,13.722322
2024-05-15,13.339068
2024-05-16,13.264286
2024-05-17,13.320374
2024-05-20,13.432544
2024-05-21,13.591455
2024-05-22,13.712974
2024-05-23,13.647541
2024-05-24,13.497252
2024-05-27,13.564260
2024-05-28,13.037771
2024-05-29,12.875038
2024-05-30,12.942046
2024-05-31,13.200504
2024-06-03,12.942046
2024-06-04,13.133496
2024-06-05,12.961191
2024-06-06,12.626152
2024-06-07,12.741024
2024-06-11,12.731451
2024-06-12,12.808030
2024-06-13,12.798458
2024-06-14,12.961191
2024-06-17,13.382381
2024-06-18,13.659986
2024-06-19,13.506824
2024-06-20,13.286656
2024-06-21,13.391953
2024-06-24,12.865465
2024-06-25,12.741024
2024-06-26,12.989908
2024-06-27,12.693160
2024-06-28,12.855893
2024-07-01,12.999480
2024-07-02,13.047343
2024-07-03,13.296229
2024-07-04,12.999480
2024-07-05,13.104778
2024-07-08,13.037771
2024-07-09,13.267511
2024-07-10,13.554687
2024-07-11,14.531085
2024-07-12,14.502366
2024-07-15,14.684244
2024-07-16,15.277740
2024-07-17,15.028855
2024-07-18,15.105434
2024-07-19,14.732107
2024-07-22,15.047999
2024-07-23,14.492794
2024-07-24,13.928015
2024-07-25,14.435358
2024-07-26,14.483221
2024-07-29,14.368351
2024-07-30,13.832290
2024-07-31,13.966305
2024-08-01,13.602550
2024-08-02,13.133496
2024-08-05,12.693160
2024-08-06,12.721878
2024-08-07,12.999480
2024-08-08,12.616580
2024-08-09,12.597434
2024-08-12,12.444275
2024-08-13,12.415558
2024-08-14,12.568717
2024-08-15,12.607007
2024-08-16,12.654871
2024-08-19,12.453847
2024-08-20,11.917786
2024-08-21,11.697618
2024-08-22,11.362579
2024-08-23,11.477450
2024-08-26,11.458305
2024-08-27,11.180703
2024-08-28,11.027542
2024-08-29,11.247709
2024-08-30,11.573175
2024-09-02,11.199846
2024-09-03,11.343435
2024-09-04,11.362579
2024-09-05,11.467877
2024-09-06,11.534886
2024-09-09,11.333862
2024-09-10,11.391298
2024-09-11,11.391298
2024-09-12,11.285999
2024-09-13,11.151985
2024-09-18,11.142413
2024-09-19,11.601892
2024-09-20,11.487022
2024-09-23,11.487022
2024-09-24,11.822062
2024-09-25,11.946504
2024-09-26,12.444275
2024-09-27,13.037771
2024-09-30,14.243908
2024-10-08,14.550229
2024-10-09,13.095206
2024-10-10,13.085633
2024-10-11,12.626152
2024-10-14,12.769741
2024-10-15,12.492138
2024-10-16,12.396412
2024-10-17,12.319833
2024-10-18,12.693160
2024-10-21,12.616580
2024-10-22,13.190931
2024-10-23,13.200504
2024-10-24,12.903755
2024-10-25,13.018625
2024-10-28,13.114351
2024-10-29,12.827175
2024-10-30,12.683588
2024-10-31,12.702733
2024-11-01,12.913328
2024-11-04,13.688702
2024-11-05,13.679130
2024-11-06,13.765283
2024-11-07,13.755710
2024-11-08,13.535542
2024-11-11,14.885267
2024-11-12,14.789542
2024-11-13,14.425785
2024-11-14,13.899299
2024-11-15,14.090749
2024-11-18,14.473649
2024-11-19,14.253481
2024-11-20,14.176901
2024-11-21,14.176901
2024-11-22,13.401526
2024-11-25,13.305800
2024-11-26,13.056916
2024-11-27,13.277083
2024-11-28,13.037771
2024-11-29,13.219649
2024-12-02,13.631267
2024-12-03,13.430244
2024-12-04,13.210077
2024-12-05,13.248365
2024-12-06,13.382381
2024-12-09,13.468534
2024-12-10,13.458961
2024-12-11,13.564260
2024-12-12,13.995023
2024-12-13,13.564260
2024-12-16,13.248365
2024-12-17,13.267511
2024-12-18,13.382381
2024-12-19,13.267511
2024-12-20,13.267511
2024-12-23,13.334518
2024-12-24,13.487679
2024-12-25,13.257938
2024-12-26,13.286656
2024-12-27,13.248365
2024-12-30,13.095206
2024-12-31,12.788885
2025-01-02,12.415558
2025-01-03,12.204962
2025-01-06,12.166672
2025-01-07,12.300688
2025-01-08,12.128381
2025-01-09,12.128381
2025-01-10,11.879496
2025-01-13,11.869923
2025-01-14,12.281542
2025-01-15,12.118809
2025-01-16,12.319833
2025-01-17,12.224107
2025-01-20,12.243253
2025-01-21,12.176245
2025-01-22,12.070946
2025-01-23,11.994366
2025-01-24,12.061375
2025-01-27,12.013512
2025-02-05,12.147526
2025-02-06,12.597434
2025-02-07,12.961191
2025-02-10,13.573833
2025-02-11,13.095206
2025-02-12,13.114351
2025-02-13,12.875038
2025-02-14,13.028198
2025-02-17,12.951618
2025-02-18,12.683588
2025-02-19,12.769741
2025-02-20,12.712306
2025-02-21,12.750595
2025-02-24,12.760168
2025-02-25,12.855893
2025-02-26,12.817603
2025-02-27,12.798458
2025-02-28,12.367694
2025-03-03,12.444275
2025-03-04,12.444275
2025-03-05,12.415558
2025-03-06,12.559145
2025-03-07,12.501711
2025-03-10,12.463420
2025-03-11,12.444275
2025-03-12,12.587862
2025-03-13,12.425129
2025-03-14,12.587862
2025-03-17,12.587862
2025-03-18,12.721878
2025-03-19,12.597434
2025-03-20,12.549572
2025-03-21,12.358122
2025-03-24,12.348549
2025-03-25,12.319833
2025-03-26,12.377267
2025-03-27,12.348549
2025-03-28,12.367694
2025-03-31,12.472993
2025-04-01,12.482565
2025-04-02,12.415558
2025-04-03,12.329405
2025-04-07,11.094550
2025-04-08,11.238137
2025-04-09,11.410443
2025-04-10,11.678473
2025-04-11,11.783772
2025-04-14,12.042229
2025-04-15,11.927359
2025-04-16,11.936932
2025-04-17,11.841206
2025-04-18,11.841206
2025-04-21,11.860353
2025-04-22,11.850780
2025-04-23,11.889069
2025-04-24,11.774199
2025-04-25,11.822062
2025-04-28,11.659328
2025-04-29,11.563603
2025-04-30,11.726336
2025-05-06,11.860353
2025-05-07,11.879496
2025-05-08,11.908213
2025-05-09,11.812489
2025-05-12,11.927359
2025-05-13,11.908213
2025-05-14,11.917786
2025-05-15,11.726336
2025-05-16,11.841206
2025-05-19,11.841206
2025-05-20,12.051802
2025-05-21,12.013512
2025-05-22,12.157099
2025-05-23,12.262398
2025-05-26,11.946504
2025-05-27,11.822062
2025-05-28,11.774199
2025-05-29,11.994366
2025-05-30,11.822062
2025-06-03,12.051802
2025-06-04,12.023085
2025-06-05,12.425129
2025-06-06,12.291115
2025-06-09,12.482565
2025-06-10,12.252825
2025-06-11,12.291115
2025-06-12,12.358122
2025-06-13,12.377267
2025-06-16,12.195389
2025-06-17,12.080520
2025-06-18,12.032657
2025-06-19,11.889069
2025-06-20,11.869923
2025-06-23,11.908213
2025-06-24,12.070946
2025-06-25,12.252825
2025-06-26,12.204962
2025-06-27,12.157099
2025-06-30,12.214534
2025-07-01,12.195389
2025-07-02,12.166672
2025-07-03,12.176245
2025-07-04,12.090093
2025-07-07,12.051802
2025-07-08,12.166672
2025-07-09,12.214534
2025-07-10,12.195389
2025-07-11,12.233679
2025-07-14,12.195389
2025-07-15,12.176245
2025-07-16,12.252825
2025-07-17,12.291115
2025-07-18,12.300688
2025-07-21,12.425129
2025-07-22,12.453847
2025-07-23,12.390182
2025-07-24,12.576280
2025-07-25,12.684020
2025-07-28,13.095394
2025-07-29,12.997449
2025-07-30,12.948476
2025-07-31,12.595868
2025-08-01,12.556690
2025-08-04,12.644842
2025-08-05,12.654636
2025-08-06,12.644842
2025-08-07,12.605663
2025-08-08,12.527308
2025-08-11,12.684020
2025-08-12,12.781967
2025-08-13,12.762378
2025-08-14,12.615458
2025-08-15,12.664432
2025-08-18,12.781967
2025-08-19,12.703610
2025-08-20,12.919091
2025-08-21,12.830939
2025-08-22,12.909297
2025-08-25,12.830939
2025-08-26,12.821145
2025-08-27,12.488129
2025-08-28,12.439155
2025-08-29,12.311826
2025-09-01,12.204084
2025-09-02,12.174701
2025-09-03,12.066960
2025-09-04,12.086549
2025-09-05,12.204084
2025-09-08,12.155111
2025-09-09,12.321619
2025-09-10,12.360798
2025-09-11,12.311826
2025-09-12,12.194290
2025-09-15,12.272647
2025-09-16,12.194290
2025-09-17,12.184495
2025-09-18,12.047371
2025-09-19,11.998398
2025-09-22,11.939630
2025-09-23,11.861273
2025-09-24,11.920041
2025-09-25,11.831890
2025-09-26,12.027781
2025-09-29,11.929835
2025-09-30,11.978808
2025-10-09,12.066960
2025-10-10,12.184495
2025-10-13,12.243263
2025-10-14,12.282442
2025-10-15,12.576280
2025-10-16,13.056215
2025-10-17,12.223674
2025-10-20,12.125728
2025-10-21,12.135523
2025-10-22,12.145316
2025-10-23,12.125728
2025-10-24,12.458745
2025-10-27,12.351003
2025-10-28,12.253058
2025-10-29,12.233468
2025-10-30,12.125728
2025-10-31,12.135523
2025-11-03,12.164907
2025-11-04,12.037577
2025-11-05,12.027781
2025-11-06,12.057166
2025-11-07,12.008193
2025-11-10,12.086549
2025-11-11,12.027781
2025-11-12,11.978808
2025-11-13,12.027781
2025-11-14,11.978808
2025-11-17,11.949425
2025-11-18,11.871067
2025-11-19,11.831890
2025-11-20,11.792711
2025-11-21,11.547846
2025-11-24,11.645792
2025-11-25,11.665380
2025-11-26,11.557641
2025-11-27,11.469489
2025-11-28,11.744913
2025-12-01,11.735078
2025-12-02,11.685894
2025-12-03,11.567855
2025-12-04,11.528508
2025-12-05,11.597364
2025-12-08,11.617038
2025-12-09,11.518672
2025-12-10,11.528508
2025-12-11,11.410469
2025-12-12,11.449816
2025-12-15,11.361286
2025-12-16,11.862953
2025-12-17,11.597364
2025-12-18,11.479325
2025-12-19,11.558018
2025-12-22,11.853117
2025-12-23,11.676057
2025-12-24,11.735078
2025-12-25,11.705567
2025-12-26,11.794097
2025-12-29,11.705567
2025-12-30,11.705567
2025-12-31,11.666221
2026-01-05,11.636711
2026-01-06,11.774424
2026-01-07,11.656384
2026-01-08,11.666221
2026-01-09,11.656384
2026-01-12,11.754750
2026-01-13,11.626874
2026-01-14,11.558018
2026-01-15,11.528508
2026-01-16,11.498998
2026-01-19,11.498998
2026-01-20,11.479325
2026-01-21,11.430142
2026-01-22,11.420305
2026-01-23,11.508835
2026-01-26,11.380959
2026-01-27,11.282594
2026-01-28,11.105534
2026-01-29,11.194063
2026-01-30,10.938312
2026-02-02,10.830109
2026-02-03,10.889129
2026-02-04,10.948149
2026-02-05,11.085861
2026-02-06,11.007168
2026-02-09,11.036678
2026-02-10,11.036678
2026-02-11,10.997332
2026-02-12,10.938312
2026-02-13,10.859619
2026-02-24,10.997332
2026-02-25,10.889129
2026-02-26,10.869455
2026-02-27,10.879292
2026-03-02,10.702233
2026-03-03,10.800598
2026-03-04,10.653049
2026-03-05,10.662887
2026-03-06,10.692396
2026-03-09,10.603867
2026-03-10,10.633377
2026-03-11,10.712070
2026-03-12,10.662887
2026-03-13,10.643213
2026-03-16,10.672724
2026-03-17,10.662887
2026-03-18,10.594030
2026-03-19,10.446481
2026-03-20,10.220240
2026-03-23,9.875957
2026-03-24,9.974324
2026-03-25,9.974324
2026-03-26,9.836611
2026-03-27,9.846448
2026-03-30,9.787428
2026-03-31,9.836611
2026-04-01,9.866120
2026-04-02,9.816937
2026-04-03,9.866120
2026-04-07,9.816937
2026-04-08,9.984159
2026-04-09,9.856285
2026-04-10,9.954650
2026-04-13,9.934978
2026-04-14,9.944814
2026-04-15,9.875957
2026-04-16,9.984159
2026-04-17,9.895631
2026-04-20,9.875957
2026-04-21,9.797265
2026-04-22,9.836611
2026-04-23,9.846448
2026-04-24,9.748081
2026-04-27,9.669389
2026-04-28,9.571022
2026-04-29,9.531675
2026-04-30,9.374290
2026-05-06,9.295597
2026-05-07,9.207067
2026-05-08,9.138211
2026-05-11,9.148048
2026-05-12,9.020172
2026-05-13,8.941480
2026-05-14,8.754583
2026-05-15,8.725074
2026-05-18,8.469322
2026-05-19,8.479158
2026-05-20,8.341446
2026-05-21,8.331610
2026-05-22,8.302099
2026-05-25,8.243080
2026-05-26,8.164388
2026-05-27,7.967655
2026-05-28,7.751250
2026-05-29,7.790596
2026-06-01,7.938145
2026-06-02,8.321774
2026-06-03,8.026674
2026-06-04,7.869289
2026-06-05,7.869289
2026-06-08,7.672557
2026-06-09,7.554517
2026-06-10,7.347949
2026-06-11,7.318439
2026-06-12,7.416805
2026-06-15,7.544681
2026-06-16,7.406969
2026-06-17,7.269256
2026-06-18,7.328275
2026-06-22,7.239746
2026-06-23,7.151217
2026-06-24,6.905301
2026-06-25,6.915138
2026-06-26,6.747915
2026-06-29,7.111870
2026-06-30,7.052850
2026-07-01,7.072524
2026-07-02,7.023340
2026-07-03,7.121706
2026-07-06,7.062686
2026-07-07,6.954484
2026-07-08,6.875791
2026-07-09,6.826608
2026-07-10,6.993831
2026-07-13,6.777425
2026-07-14,6.826608
2026-07-15,7.033177
2026-07-16,7.190000
2026-07-17,7.110000
2026-07-20,7.280000
2026-07-21,7.200000
2026-07-22,7.210000
2026-07-23,7.330000
2026-07-24,7.200000
2026-07-27,7.260000
2026-07-28,7.310000
2026-07-29,7.520000
2026-07-30,7.830000
2026-07-31,7.870000
2026-08-03,7.810000
2026-08-04,7.620000
2026-08-05,7.560000
2026-08-06,7.380000
2026-08-07,7.350000
2026-08-10,7.420000
2026-08-11,7.350000
2026-08-12,7.390000
2026-08-13,7.270000
2026-08-14,7.140000
2026-08-17,7.170000
2026-08-18,7.130000
2026-08-19,7.040000
2026-08-20,7.150000
2026-08-21,7.070000
2026-08-24,7.050000
2026-08-25,7.100000
2026-08-26,7.140000
2026-08-27,7.100000
2026-08-28,7.100000
2026-08-31,7.070000
2026-09-01,7.120000
2026-09-02,7.060000
2026-09-03,7.060000
2026-09-04,7.120000
2026-09-07,7.110000
2026-09-08,7.240000
2026-09-09,7.180000
2026-09-10,7.120000
2026-09-11,7.060000
