date,close
2004-01-01,3.136571
2004-01-02,3.143216
2004-01-05,3.251756
2004-01-06,3.397952
2004-01-07,3.404598
2004-01-08,3.451115
2004-01-09,3.504277
2004-01-12,3.710280
2004-01-13,3.710280
2004-01-14,3.710280
2004-01-15,3.710280
2004-01-16,3.584020
2004-01-19,3.584020
2004-01-20,3.584020
2004-01-21,3.584020
2004-01-22,3.584020
2004-01-23,3.584020
2004-01-26,3.584020
2004-01-27,3.584020
2004-01-28,3.584020
2004-01-29,3.752367
2004-01-30,3.654903
2004-02-02,3.869766
2004-02-03,3.696989
2004-02-04,3.763443
2004-02-05,3.599526
2004-02-06,3.617247
2004-02-09,3.792238
2004-02-10,3.741291
2004-02-11,3.823249
2004-02-12,3.787808
2004-02-13,3.696989
2004-02-16,3.745722
2004-02-17,3.801099
2004-02-18,3.752367
2004-02-19,3.734647
2004-02-20,3.721356
2004-02-23,3.561869
2004-02-24,3.550794
2004-02-25,3.608386
2004-02-26,3.466620
2004-02-27,3.521996
2004-03-01,3.541933
2004-03-02,3.468835
2004-03-03,3.411242
2004-03-04,3.428963
2004-03-05,3.510921
2004-03-08,3.411242
2004-03-09,3.389092
2004-03-10,3.495416
2004-03-11,3.486555
2004-03-12,3.590666
2004-03-15,3.688130
2004-03-16,3.699204
2004-03-17,3.723570
2004-03-18,3.628322
2004-03-19,3.639397
2004-03-22,3.639397
2004-03-23,3.597311
2004-03-24,3.623892
2004-03-25,3.745722
2004-03-26,3.747937
2004-03-29,3.834324
2004-03-30,3.834324
2004-03-31,3.852045
2004-04-01,3.869766
2004-04-02,3.858691
2004-04-05,3.940650
2004-04-06,4.133362
2004-04-07,4.126718
2004-04-08,4.252978
2004-04-09,4.228612
2004-04-12,4.354873
2004-04-13,4.124502
2004-04-14,3.951725
2004-04-15,4.051404
2004-04-16,4.053619
2004-04-19,4.064695
2004-04-20,4.015962
2004-04-21,3.929574
2004-04-22,3.953941
2004-04-23,4.146655
2004-04-26,4.208676
2004-04-27,4.113428
2004-04-28,4.208676
2004-04-29,4.055835
2004-04-30,4.053619
2004-05-03,4.053619
2004-05-04,4.053619
2004-05-05,4.053619
2004-05-06,4.053619
2004-05-07,4.053619
2004-05-10,3.896348
2004-05-11,3.920714
2004-05-12,3.969445
2004-05-13,3.962801
2004-05-14,3.927359
2004-05-17,3.918499
2004-05-18,3.953941
2004-05-19,3.965017
2004-05-20,3.934005
2004-05-21,3.991597
2004-05-24,4.115642
2004-05-25,4.058049
2004-05-26,4.100137
2004-05-27,4.171019
2004-05-28,4.171019
2004-05-31,4.015962
2004-06-01,4.128934
2004-06-02,4.046974
2004-06-03,3.998242
2004-06-04,4.027038
2004-06-07,4.002673
2004-06-08,3.971661
2004-06-09,3.960576
2004-06-10,3.797630
2004-06-11,3.661288
2004-06-14,3.488366
2004-06-15,3.524945
2004-06-16,3.534922
2004-06-17,3.504994
2004-06-18,3.498342
2004-06-21,3.491692
2004-06-22,3.641336
2004-06-23,3.581478
2004-06-24,3.734448
2004-06-25,3.767701
2004-06-28,3.860813
2004-06-29,3.890742
2004-06-30,3.890742
2004-07-01,4.060339
2004-07-02,4.100244
2004-07-05,3.857488
2004-07-06,4.017108
2004-07-07,3.940624
2004-07-08,3.937298
2004-07-09,3.910694
2004-07-12,3.771027
2004-07-13,3.754400
2004-07-14,3.647987
2004-07-15,3.674591
2004-07-16,3.977204
2004-07-19,4.266514
2004-07-20,4.216633
2004-07-21,4.279817
2004-07-22,4.110220
2004-07-23,4.150126
2004-07-26,4.096918
2004-07-27,4.073640
2004-07-28,4.123521
2004-07-29,4.186706
2004-07-30,3.874115
2004-08-02,3.647987
2004-08-03,3.624708
2004-08-04,3.777678
2004-08-05,3.594779
2004-08-06,3.614732
2004-08-09,3.485041
2004-08-10,3.551549
2004-08-11,3.498342
2004-08-12,3.488366
2004-08-13,3.455112
2004-08-16,3.568177
2004-08-17,3.598105
2004-08-18,3.551549
2004-08-19,3.195729
2004-08-20,2.876489
2004-08-23,2.823282
2004-08-24,2.829933
2004-08-25,2.570549
2004-08-26,2.603804
2004-08-27,2.607130
2004-08-30,2.720193
2004-08-31,2.893116
2004-09-01,2.849885
2004-09-02,2.876489
2004-09-03,2.703567
2004-09-06,2.693591
2004-09-07,2.703567
2004-09-08,2.730171
2004-09-09,2.633733
2004-09-10,2.617106
2004-09-13,2.520669
2004-09-14,2.686940
2004-09-15,2.886466
2004-09-16,2.916394
2004-09-17,3.059388
2004-09-20,3.322095
2004-09-21,3.322095
2004-09-22,3.199055
2004-09-23,3.362000
2004-09-24,3.358675
2004-09-27,3.308794
2004-09-28,3.312118
2004-09-29,3.322095
2004-09-30,3.242285
2004-10-01,3.242285
2004-10-04,3.242285
2004-10-05,3.242285
2004-10-06,3.242285
2004-10-07,3.242285
2004-10-08,3.425183
2004-10-11,3.461763
2004-10-12,3.428509
2004-10-13,3.528272
2004-10-14,3.195729
2004-10-15,3.219008
2004-10-18,3.248936
2004-10-19,3.232309
2004-10-20,3.189079
2004-10-21,2.869838
2004-10-22,2.730171
2004-10-25,2.647035
2004-10-26,2.730171
2004-10-27,2.706892
2004-10-28,2.886466
2004-10-29,2.756773
2004-11-01,2.666987
2004-11-02,2.703567
2004-11-03,2.800004
2004-11-04,2.823282
2004-11-05,2.800004
2004-11-08,2.786702
2004-11-09,2.723519
2004-11-10,2.889790
2004-11-11,2.873163
2004-11-12,2.879814
2004-11-15,2.906418
2004-11-16,2.896442
2004-11-17,2.819956
2004-11-18,2.849885
2004-11-19,2.836583
2004-11-22,2.896442
2004-11-23,2.846560
2004-11-24,2.829933
2004-11-25,2.730171
2004-11-26,2.763424
2004-11-29,2.706892
2004-11-30,2.766751
2004-12-01,2.756773
2004-12-02,2.836583
2004-12-03,2.809980
2004-12-06,2.760099
2004-12-07,2.716868
2004-12-08,2.730171
2004-12-09,2.760099
2004-12-10,2.653685
2004-12-13,2.627082
2004-12-14,2.633733
2004-12-15,2.630408
2004-12-16,2.367699
2004-12-17,2.261286
2004-12-20,2.228032
2004-12-21,2.178150
2004-12-22,2.311167
2004-12-23,2.211405
2004-12-24,2.238008
2004-12-27,2.241333
2004-12-28,2.201428
2004-12-29,2.198102
2004-12-30,2.214729
2004-12-31,1.991927
2005-01-03,1.991927
2005-01-04,1.922093
2005-01-05,2.001903
2005-01-06,1.958673
2005-01-07,1.981950
2005-01-10,1.988602
2005-01-11,1.988602
2005-01-12,2.061760
2005-01-13,2.081714
2005-01-14,2.141571
2005-01-17,2.101665
2005-01-18,2.181476
2005-01-19,2.134920
2005-01-20,2.104991
2005-01-21,2.078387
2005-01-24,2.138245
2005-01-25,2.104991
2005-01-26,2.028507
2005-01-27,1.998578
2005-01-28,2.015205
2005-01-31,1.928744
2005-02-01,1.945371
2005-02-02,2.141571
2005-02-03,2.184801
2005-02-04,2.224706
2005-02-07,2.224706
2005-02-08,2.224706
2005-02-09,2.224706
2005-02-10,2.224706
2005-02-11,2.224706
2005-02-14,2.224706
2005-02-15,2.224706
2005-02-16,2.221381
2005-02-17,2.257961
2005-02-18,2.171500
2005-02-21,2.201428
2005-02-22,2.307841
2005-02-23,2.344421
2005-02-24,2.364375
2005-02-25,2.404279
2005-02-28,2.341096
2005-03-01,2.341096
2005-03-02,2.381001
2005-03-03,2.420906
2005-03-04,2.514018
2005-03-07,2.517343
2005-03-08,2.563899
2005-03-09,2.553923
2005-03-10,2.430882
2005-03-11,2.464137
2005-03-14,2.397628
2005-03-15,2.410930
2005-03-16,2.327794
2005-03-17,2.294540
2005-03-18,2.168174
2005-03-21,2.114967
2005-03-22,2.101665
2005-03-23,2.191453
2005-03-24,2.238008
2005-03-25,2.198102
2005-03-28,2.148222
2005-03-29,2.101665
2005-03-30,1.995252
2005-03-31,2.028507
2005-04-01,2.148222
2005-04-04,2.061760
2005-04-05,2.124944
2005-04-06,2.148222
2005-04-07,2.198102
2005-04-08,2.221381
2005-04-11,2.287889
2005-04-12,2.191453
2005-04-13,2.234682
2005-04-14,2.134920
2005-04-15,2.058435
2005-04-18,2.091689
2005-04-19,2.118293
2005-04-20,2.025181
2005-04-21,1.822330
2005-04-22,1.639432
2005-04-25,1.476487
2005-04-26,1.433256
2005-04-27,1.303565
2005-04-28,1.363422
2005-04-29,1.306890
2005-05-02,1.306890
2005-05-03,1.306890
2005-05-04,1.306890
2005-05-05,1.306890
2005-05-06,1.306890
2005-05-09,1.180524
2005-05-10,1.187175
2005-05-11,1.190500
2005-05-12,1.193826
2005-05-13,1.247033
2005-05-16,1.260334
2005-05-17,1.263659
2005-05-18,1.293589
2005-05-19,1.273636
2005-05-20,1.237056
2005-05-23,1.213778
2005-05-24,1.263659
2005-05-25,1.280287
2005-05-26,1.306890
2005-05-27,1.300239
2005-05-30,1.303565
2005-05-31,1.303565
2005-06-01,1.273636
2005-06-02,1.293589
2005-06-03,1.320192
2005-06-06,1.330168
2005-06-07,1.323517
2005-06-08,1.439907
2005-06-09,1.463184
2005-06-10,1.496439
2005-06-13,1.479812
2005-06-14,1.403327
2005-06-15,1.396676
2005-06-16,1.429931
2005-06-17,1.483137
2005-06-20,1.479812
2005-06-21,1.476487
2005-06-22,1.449883
2005-06-23,1.429931
2005-06-24,1.419955
2005-06-27,1.443232
2005-06-28,1.396461
2005-06-29,1.379757
2005-06-30,1.302918
2005-07-01,1.259487
2005-07-04,1.259487
2005-07-05,1.259487
2005-07-06,1.232761
2005-07-07,1.222738
2005-07-08,1.109151
2005-07-11,1.059039
2005-07-12,1.092447
2005-07-13,1.202694
2005-07-14,1.256147
2005-07-15,1.209375
2005-07-18,1.189331
2005-07-19,1.192671
2005-07-20,1.197683
2005-07-21,1.232761
2005-07-22,1.277862
2005-07-25,1.327975
2005-07-26,1.398131
2005-07-27,1.403143
2005-07-28,1.363053
2005-07-29,1.383098
2005-08-01,1.368064
2005-08-02,1.368064
2005-08-03,1.463278
2005-08-04,1.468288
2005-08-05,1.503367
2005-08-08,1.538446
2005-08-09,1.543457
2005-08-10,1.578536
2005-08-11,1.563501
2005-08-12,1.608603
2005-08-15,1.613614
2005-08-16,1.578536
2005-08-17,1.568513
2005-08-18,1.573525
2005-08-19,1.553479
2005-08-22,1.603592
2005-08-23,1.553479
2005-08-24,1.533434
2005-08-25,1.553479
2005-08-26,1.558491
2005-08-29,1.528424
2005-08-30,1.513389
2005-08-31,1.468288
2005-09-01,1.508378
2005-09-02,1.563501
2005-09-05,1.683771
2005-09-06,1.598580
2005-09-07,1.643682
2005-09-08,1.628648
2005-09-09,1.583547
2005-09-12,1.613614
2005-09-13,1.633659
2005-09-14,1.663726
2005-09-15,1.663726
2005-09-16,1.688783
2005-09-19,1.763951
2005-09-20,1.844131
2005-09-21,1.829097
2005-09-22,1.653704
2005-09-23,1.618625
2005-09-26,1.673748
2005-09-27,1.648693
2005-09-28,1.523412
2005-09-29,1.523412
2005-09-30,1.583547
2005-10-03,1.583547
2005-10-04,1.583547
2005-10-05,1.583547
2005-10-06,1.583547
2005-10-07,1.583547
2005-10-10,1.493345
2005-10-11,1.543457
2005-10-12,1.503367
2005-10-13,1.518401
2005-10-14,1.498356
2005-10-17,1.498356
2005-10-18,1.498356
2005-10-19,1.498356
2005-10-20,1.498356
2005-10-21,1.498356
2005-10-24,1.498356
2005-10-25,1.498356
2005-10-26,1.498356
2005-10-27,1.498356
2005-10-28,1.498356
2005-10-31,1.498356
2005-11-01,1.498356
2005-11-02,1.498356
2005-11-03,1.498356
2005-11-04,1.493345
2005-11-07,1.488333
2005-11-08,1.523412
2005-11-09,1.453255
2005-11-10,1.373075
2005-11-11,1.373075
2005-11-14,1.373075
2005-11-15,1.373075
2005-11-16,1.373075
2005-11-17,1.373075
2005-11-18,1.373075
2005-11-21,1.373075
2005-11-22,1.373075
2005-11-23,1.373075
2005-11-24,1.373075
2005-11-25,1.373075
2005-11-28,1.373075
2005-11-29,1.373075
2005-11-30,1.458768
2005-12-01,1.444535
2005-12-02,1.416072
2005-12-05,1.366261
2005-12-06,1.366261
2005-12-07,1.337796
2005-12-08,1.416072
2005-12-09,1.437420
2005-12-12,1.494347
2005-12-13,1.487231
2005-12-14,1.551275
2005-12-15,1.537043
2005-12-16,1.537043
2005-12-19,1.515695
2005-12-20,1.529927
2005-12-21,1.494347
2005-12-22,1.494347
2005-12-23,1.537043
2005-12-26,1.544159
2005-12-27,1.537043
2005-12-28,1.522811
2005-12-29,1.529927
2005-12-30,1.494347
2006-01-04,1.522811
2006-01-05,1.650898
2006-01-06,1.778985
2006-01-09,1.800333
2006-01-10,1.935535
2006-01-11,2.127666
2006-01-12,2.262869
2006-01-13,2.220173
2006-01-16,2.134782
2006-01-17,2.149014
2006-01-18,2.177477
2006-01-19,2.163246
2006-01-20,2.376724
2006-01-23,2.348260
2006-01-24,2.262869
2006-01-25,2.070739
2006-02-06,2.113434
2006-02-07,2.326912
2006-02-08,2.312680
2006-02-09,2.277100
2006-02-10,2.355375
2006-02-13,2.284217
2006-02-14,2.248637
2006-02-15,2.170361
2006-02-16,2.205941
2006-02-17,2.127666
2006-02-20,1.956883
2006-02-21,2.156130
2006-02-22,2.177477
2006-02-23,2.170361
2006-02-24,2.277100
2006-02-27,2.262869
2006-02-28,2.319796
2006-03-01,2.326912
2006-03-02,2.227289
2006-03-03,2.227289
2006-03-06,2.184593
2006-03-07,2.063622
2006-03-08,2.213057
2006-03-09,2.177477
2006-03-10,2.220173
2006-03-13,2.241521
2006-03-14,2.220173
2006-03-15,2.277100
2006-03-16,2.255753
2006-03-17,2.213057
2006-03-20,2.227289
2006-03-21,2.248637
2006-03-22,2.341144
2006-03-23,2.348260
2006-03-24,2.248637
2006-03-27,2.277100
2006-03-28,2.234405
2006-03-29,2.241521
2006-03-30,2.191709
2006-03-31,2.205941
2006-04-03,2.184593
2006-04-04,2.241521
2006-04-05,2.205941
2006-04-06,2.170361
2006-04-07,2.156130
2006-04-10,2.198826
2006-04-11,2.149014
2006-04-12,2.141897
2006-04-13,2.049391
2006-04-14,2.063622
2006-04-17,1.985347
2006-04-18,1.992463
2006-04-19,2.084970
2006-04-20,1.971115
2006-04-21,1.800333
2006-04-24,1.800333
2006-04-25,1.828796
2006-04-26,1.821680
2006-04-27,1.764753
2006-04-28,1.778985
2006-05-08,1.800333
2006-05-09,1.956883
2006-05-10,1.942652
2006-05-11,2.070739
2006-05-12,2.170361
2006-05-15,2.205941
2006-05-16,1.992463
2006-05-17,2.028043
2006-05-18,2.106318
2006-05-19,2.106318
2006-05-22,2.205941
2006-05-23,2.020927
2006-05-24,2.092087
2006-05-25,2.084970
2006-05-26,2.156130
2006-05-29,2.156130
2006-05-30,2.191709
2006-05-31,2.134782
2006-06-01,2.348260
2006-06-02,2.583086
2006-06-05,2.497695
2006-06-06,2.696941
2006-06-07,2.426535
2006-06-08,2.284217
2006-06-09,2.141897
2006-06-12,2.134782
2006-06-13,2.177477
2006-06-14,2.077854
2006-06-15,2.092087
2006-06-16,2.163246
2006-06-19,2.163246
2006-06-20,2.170361
2006-06-21,2.198826
2006-06-22,2.305565
2006-06-23,2.355375
2006-06-26,2.369608
2006-06-27,2.305565
2006-06-28,2.319796
2006-06-29,2.326912
2006-06-30,2.362491
2006-07-03,2.412303
2006-07-04,2.497695
2006-07-05,2.419419
2006-07-06,2.483464
2006-07-07,2.376724
2006-07-10,2.383840
2006-07-11,2.426535
2006-07-12,2.426535
2006-07-13,2.184593
2006-07-14,2.177477
2006-07-17,2.241521
2006-07-18,2.355375
2006-07-19,2.383840
2006-07-20,2.376724
2006-07-21,2.341144
2006-07-24,2.284217
2006-07-25,2.262869
2006-07-26,2.291332
2006-07-27,2.248637
2006-07-28,2.205941
2006-07-31,2.099202
2006-08-01,2.049391
2006-08-02,2.077854
2006-08-03,2.056507
2006-08-04,1.964000
2006-08-07,1.864376
2006-08-08,1.949767
2006-08-09,1.942652
2006-08-10,1.971115
2006-08-11,1.999579
2006-08-14,1.907072
2006-08-15,1.949767
2006-08-16,2.013811
2006-08-17,1.992463
2006-08-18,1.992463
2006-08-21,1.999579
2006-08-22,2.035158
2006-08-23,1.992463
2006-08-24,2.049391
2006-08-25,2.013811
2006-08-28,2.099202
2006-08-29,2.084970
2006-08-30,2.170361
2006-08-31,2.298448
2006-09-01,2.170361
2006-09-04,2.262869
2006-09-05,2.241521
2006-09-06,2.205941
2006-09-07,2.213057
2006-09-08,2.170361
2006-09-11,2.163246
2006-09-12,2.149014
2006-09-13,2.092087
2006-09-14,2.070739
2006-09-15,2.070739
2006-09-18,2.163246
2006-09-19,2.149014
2006-09-20,2.134782
2006-09-21,2.127666
2006-09-22,2.092087
2006-09-25,2.134782
2006-09-26,2.084970
2006-09-27,2.106318
2006-09-28,2.099202
2006-09-29,2.113434
2006-10-09,2.170361
2006-10-10,2.205941
2006-10-11,2.220173
2006-10-12,2.177477
2006-10-13,2.170361
2006-10-16,2.134782
2006-10-17,2.113434
2006-10-18,2.127666
2006-10-19,2.113434
2006-10-20,2.084970
2006-10-23,2.028043
2006-10-24,2.077854
2006-10-25,2.028043
2006-10-26,2.020927
2006-10-27,1.949767
2006-10-30,1.992463
2006-10-31,1.985347
2006-11-01,1.964000
2006-11-02,1.935535
2006-11-03,1.999579
2006-11-06,1.971115
2006-11-07,1.935535
2006-11-08,1.971115
2006-11-09,1.985347
2006-11-10,1.921304
2006-11-13,1.793217
2006-11-14,1.821680
2006-11-15,1.828796
2006-11-16,1.828796
2006-11-17,1.807448
2006-11-20,1.750521
2006-11-21,1.807448
2006-11-22,1.828796
2006-11-23,1.857260
2006-11-24,1.835913
2006-11-27,1.857260
2006-11-28,1.907072
2006-11-29,1.864376
2006-11-30,1.878608
2006-12-01,1.857260
2006-12-04,1.935535
2006-12-05,1.942652
2006-12-06,2.049391
2006-12-07,2.035158
2006-12-08,1.907072
2006-12-11,2.006695
2006-12-12,1.978231
2006-12-13,1.935535
2006-12-14,1.942652
2006-12-15,1.942652
2006-12-18,1.935535
2006-12-19,1.992463
2006-12-20,1.964000
2006-12-21,1.928419
2006-12-22,1.907072
2006-12-25,1.907072
2006-12-26,1.843028
2006-12-27,1.800333
2006-12-28,1.835913
2006-12-29,1.793217
2007-01-04,1.793217
2007-01-05,1.814565
2007-01-08,1.921304
2007-01-09,1.907072
2007-01-10,1.971115
2007-01-11,2.084970
2007-01-12,2.013811
2007-01-15,2.070739
2007-01-16,2.070739
2007-01-17,2.113434
2007-01-18,2.163246
2007-01-19,2.163246
2007-01-22,2.305565
2007-01-23,2.277100
2007-01-24,2.319796
2007-01-25,2.177477
2007-01-26,2.156130
2007-01-29,2.312680
2007-01-30,2.277100
2007-01-31,2.134782
2007-02-01,2.198826
2007-02-02,2.220173
2007-02-05,2.433651
2007-02-06,2.383840
2007-02-07,2.533274
2007-02-08,2.519043
2007-02-09,2.497695
2007-02-12,2.497695
2007-02-13,2.568854
2007-02-14,2.583086
2007-02-15,2.668477
2007-02-16,2.682709
2007-02-26,2.953115
2007-02-27,2.817912
2007-02-28,3.102550
2007-03-01,3.365839
2007-03-02,3.237752
2007-03-05,3.109666
2007-03-06,3.166593
2007-03-07,3.187940
2007-03-08,3.223521
2007-03-09,3.543738
2007-03-12,3.543738
2007-03-13,3.543738
2007-03-14,3.543738
2007-03-15,3.543738
2007-03-16,3.543738
2007-03-19,3.543738
2007-03-20,3.543738
2007-03-21,3.543738
2007-03-22,3.543738
2007-03-23,3.543738
2007-03-26,3.543738
2007-03-27,3.543738
2007-03-28,3.899534
2007-03-29,4.290911
2007-03-30,4.127244
2007-04-02,4.169941
2007-04-03,4.134360
2007-04-04,4.255332
2007-04-05,4.682289
2007-04-06,4.803260
2007-04-09,4.817491
2007-04-10,4.682289
2007-04-11,4.682289
2007-04-12,4.724984
2007-04-13,4.653824
2007-04-16,4.774796
2007-04-17,5.180404
2007-04-18,5.258679
2007-04-19,5.258679
2007-04-20,5.315608
2007-04-23,5.521969
2007-04-24,5.336955
2007-04-25,5.336955
2007-04-26,5.208868
2007-04-27,5.208868
2007-04-30,4.945578
2007-05-03,4.945578
2007-05-04,4.945578
2007-05-08,4.696520
2007-05-09,4.931346
2007-05-10,4.931346
2007-05-11,4.931346
2007-05-14,4.931346
2007-05-15,5.180404
2007-05-16,5.322722
2007-05-17,5.586013
2007-05-18,5.863534
2007-05-21,6.155288
2007-05-22,6.461273
2007-05-23,6.781491
2007-05-24,6.447042
2007-05-25,6.447042
2007-05-28,6.276259
2007-05-29,6.133940
2007-05-30,5.827955
2007-05-31,5.827955
2007-06-01,5.536201
2007-06-04,5.258679
2007-06-05,4.995390
2007-06-06,4.746331
2007-06-07,4.632477
2007-06-08,4.867302
2007-06-11,4.774796
2007-06-12,4.568434
2007-06-13,4.796143
2007-06-14,4.696520
2007-06-15,4.468810
2007-06-18,4.625361
2007-06-19,4.860187
2007-06-20,4.618246
2007-06-21,4.483042
2007-06-22,4.262447
2007-06-25,4.048969
2007-06-26,3.849724
2007-06-27,3.920882
2007-06-28,3.721636
2007-06-29,3.536622
2007-07-02,3.358723
2007-07-03,3.529506
2007-07-04,3.522391
2007-07-05,3.700289
2007-07-06,3.757216
2007-07-09,3.863955
2007-07-10,3.671825
2007-07-11,3.643361
2007-07-12,3.678941
2007-07-13,3.543738
2007-07-16,3.365839
2007-07-17,3.486810
2007-07-18,3.465462
2007-07-19,3.636245
2007-07-20,3.721636
2007-07-23,3.821260
2007-07-24,3.785680
2007-07-25,3.892418
2007-07-26,4.034738
2007-07-27,4.056086
2007-07-30,4.262447
2007-07-31,4.362072
2007-08-01,4.141477
2007-08-02,4.233984
2007-08-03,4.155709
2007-08-06,4.362072
2007-08-07,4.582664
2007-08-08,4.596898
2007-08-09,4.824607
2007-08-10,5.066549
2007-08-13,5.322722
2007-08-14,5.322722
2007-08-15,5.322722
2007-08-16,5.322722
2007-08-17,5.322722
2007-08-20,5.322722
2007-08-21,5.322722
2007-08-22,5.322722
2007-08-23,5.322722
2007-08-24,5.322722
2007-08-27,5.322722
2007-08-28,5.322722
2007-08-29,5.322722
2007-08-30,5.322722
2007-08-31,5.586013
2007-09-03,5.863534
2007-09-04,6.155288
2007-09-05,6.205100
2007-09-06,6.411463
2007-09-07,6.162404
2007-09-10,6.468390
2007-09-11,6.162404
2007-09-12,6.468390
2007-09-13,6.482621
2007-09-14,6.809955
2007-09-17,7.151520
2007-09-18,7.507316
2007-09-19,7.585592
2007-09-20,7.685216
2007-09-21,8.069476
2007-09-24,8.475085
2007-09-25,8.674332
2007-09-26,8.674332
2007-09-27,8.240258
2007-09-28,7.827534
2007-10-08,8.218910
2007-10-09,8.218910
2007-10-10,8.048129
2007-10-11,7.649635
2007-10-12,7.329418
2007-10-15,7.699448
2007-10-16,8.083708
2007-10-17,8.226027
2007-10-18,8.332767
2007-10-19,7.969854
2007-10-22,7.969854
2007-10-23,8.325652
2007-10-24,8.467968
2007-10-25,8.048129
2007-10-26,7.742142
2007-10-29,8.041012
2007-10-30,7.998317
2007-10-31,8.396810
2007-11-01,8.403924
2007-11-02,8.823767
2007-11-05,9.172447
2007-11-06,8.724143
2007-11-07,8.766839
2007-11-08,8.325652
2007-11-09,7.912926
2007-11-12,7.514432
2007-11-13,7.578475
2007-11-14,7.884461
2007-11-15,7.670981
2007-11-16,7.670981
2007-11-19,7.934272
2007-11-20,7.827534
2007-11-21,7.614056
2007-11-22,7.236911
2007-11-23,7.400577
2007-11-26,7.030548
2007-11-27,7.016317
2007-11-28,6.809955
2007-11-29,7.151520
2007-11-30,7.343651
2007-12-03,7.606941
2007-12-04,7.550014
2007-12-05,7.656750
2007-12-06,7.592708
2007-12-07,7.920041
2007-12-10,8.318534
2007-12-11,8.361228
2007-12-12,8.311419
2007-12-13,7.976967
2007-12-14,8.033896
2007-12-17,8.218910
2007-12-18,8.005432
2007-12-19,8.097939
2007-12-20,8.183331
2007-12-21,8.411042
2007-12-24,8.830881
2007-12-25,8.823767
2007-12-26,9.094172
2007-12-27,9.015897
2007-12-28,8.966084
2008-01-02,9.414389
2008-01-03,9.713259
2008-01-04,9.706143
2008-01-07,10.190025
2008-01-08,10.097520
2008-01-09,10.161563
2008-01-10,10.567173
2008-01-11,10.439086
2008-01-14,10.602749
2008-01-15,11.015474
2008-01-16,11.029705
2008-01-17,10.481780
2008-01-18,9.983663
2008-01-21,9.592287
2008-01-22,9.115520
2008-01-23,9.300534
2008-01-24,9.115520
2008-01-25,9.208026
2008-01-28,8.745490
2008-01-29,8.382577
2008-01-30,8.147751
2008-01-31,8.133519
2008-02-01,8.147751
2008-02-04,8.553361
2008-02-05,8.980315
2008-02-13,8.830881
2008-02-14,8.823767
2008-02-15,8.795302
2008-02-18,8.958969
2008-02-19,8.944738
2008-02-20,8.830881
2008-02-21,8.596056
2008-02-22,8.169099
2008-02-25,7.770607
2008-02-26,7.863114
2008-02-27,8.062360
2008-02-28,7.969854
2008-02-29,8.090824
2008-03-03,8.275837
2008-03-04,8.524896
2008-03-05,8.624519
2008-03-06,8.539128
2008-03-07,8.425272
2008-03-10,8.005432
2008-03-11,7.969854
2008-03-12,7.685216
2008-03-13,7.478853
2008-03-14,7.478853
2008-03-17,7.101707
2008-03-18,6.745912
2008-03-19,6.674751
2008-03-20,6.696099
2008-03-21,7.030548
2008-03-24,7.379230
2008-03-25,7.578475
2008-03-26,7.763491
2008-03-27,7.372114
2008-03-28,7.372114
2008-03-31,7.742142
2008-04-01,7.357881
2008-04-02,6.987854
2008-04-03,6.859766
2008-04-07,7.201332
2008-04-08,7.208447
2008-04-09,7.087477
2008-04-10,7.400577
2008-04-11,7.670981
2008-04-14,7.286722
2008-04-15,7.429042
2008-04-16,7.649635
2008-04-17,7.649635
2008-04-18,6.888229
2008-04-21,6.197984
2008-04-22,5.763912
2008-04-23,6.340303
2008-04-24,6.340303
2008-04-25,6.966505
2008-04-28,7.165751
2008-04-29,7.179983
2008-04-30,7.464622
2008-05-05,7.500200
2008-05-06,7.194216
2008-05-07,6.973621
2008-05-08,7.336535
2008-05-09,7.172867
2008-05-12,7.187099
2008-05-13,6.873999
2008-05-14,7.002085
2008-05-15,7.023434
2008-05-16,6.916695
2008-05-19,6.575129
2008-05-20,6.119709
2008-05-21,6.183753
2008-05-22,6.354534
2008-05-23,6.468390
2008-05-26,6.617825
2008-05-27,6.553782
2008-05-28,6.532433
2008-05-29,6.155288
2008-05-30,6.162404
2008-06-02,6.219332
2008-06-03,6.233564
2008-06-04,6.112592
2008-06-05,6.012969
2008-06-06,5.827955
2008-06-10,5.244448
2008-06-11,4.981158
2008-06-12,4.796143
2008-06-13,4.625361
2008-06-16,4.497273
2008-06-17,4.198404
2008-06-18,4.490158
2008-06-19,4.041854
2008-06-20,4.162826
2008-06-23,4.198404
2008-06-24,4.411883
2008-06-25,4.618246
2008-06-26,4.611129
2008-06-27,4.148592
2008-06-30,4.219752
2008-07-01,4.290911
2008-07-02,4.305143
2008-07-03,4.461694
2008-07-04,4.582664
2008-07-07,4.845956
2008-07-08,4.824607
2008-07-09,4.888651
2008-07-10,4.974042
2008-07-11,4.774796
2008-07-14,4.803260
2008-07-15,4.611129
2008-07-16,4.262447
2008-07-17,4.105897
2008-07-18,4.276680
2008-07-21,4.618246
2008-07-22,4.625361
2008-07-23,4.532854
2008-07-24,4.611129
2008-07-25,4.426114
2008-07-28,4.724984
2008-07-29,4.568434
2008-07-30,4.703636
2008-07-31,4.497273
2008-08-01,4.525737
2008-08-04,4.319375
2008-08-05,4.241100
2008-08-06,4.169941
2008-08-07,4.262447
2008-08-08,3.835490
2008-08-11,3.451231
2008-08-12,3.287564
2008-08-13,3.251984
2008-08-14,3.202174
2008-08-15,3.202174
2008-08-18,2.881956
2008-08-19,2.839260
2008-08-20,3.123898
2008-08-21,2.889071
2008-08-22,2.981578
2008-08-25,2.960230
2008-08-26,2.796565
2008-08-27,2.711173
2008-08-28,2.625782
2008-08-29,2.760984
2008-09-01,2.597318
2008-09-02,2.632898
2008-09-03,2.661361
2008-09-04,2.689826
2008-09-05,2.490578
2008-09-08,2.383840
2008-09-09,2.412303
2008-09-10,2.412303
2008-09-11,2.234405
2008-09-12,2.255753
2008-09-16,2.213057
2008-09-17,2.198826
2008-09-18,2.113434
2008-09-19,2.326912
2008-09-22,2.412303
2008-09-23,2.184593
2008-09-24,2.227289
2008-09-25,2.291332
2008-09-26,2.298448
2008-10-06,2.127666
2008-10-07,2.177477
2008-10-08,2.120550
2008-10-09,2.092087
2008-10-10,1.885724
2008-10-13,1.907072
2008-10-14,1.807448
2008-10-15,1.835913
2008-10-16,1.650898
2008-10-17,1.693593
2008-10-20,1.729174
2008-10-21,1.764753
2008-10-22,1.750521
2008-10-23,1.750521
2008-10-24,1.764753
2008-10-27,1.586854
2008-10-28,1.601087
2008-10-29,1.522811
2008-10-30,1.494347
2008-10-31,1.423188
2008-11-03,1.359144
2008-11-04,1.359144
2008-11-05,1.359144
2008-11-06,1.359144
2008-11-07,1.359144
2008-11-10,1.494347
2008-11-11,1.643782
2008-11-12,1.807448
2008-11-13,1.892840
2008-11-14,2.020927
2008-11-17,2.063622
2008-11-18,1.857260
2008-11-19,2.013811
2008-11-20,1.978231
2008-11-21,1.956883
2008-11-24,1.793217
2008-11-25,1.793217
2008-11-26,1.828796
2008-11-27,1.821680
2008-11-28,1.700709
2008-12-01,1.778985
2008-12-02,1.850144
2008-12-03,1.942652
2008-12-04,1.949767
2008-12-05,1.985347
2008-12-08,2.134782
2008-12-09,2.170361
2008-12-10,2.170361
2008-12-11,2.077854
2008-12-12,2.284217
2008-12-15,2.213057
2008-12-16,2.134782
2008-12-17,2.127666
2008-12-18,2.177477
2008-12-19,2.191709
2008-12-22,2.312680
2008-12-23,2.113434
2008-12-24,2.113434
2008-12-25,2.127666
2008-12-26,2.149014
2008-12-29,2.099202
2008-12-30,1.985347
2008-12-31,1.921304
2009-01-05,1.999579
2009-01-06,2.056507
2009-01-07,2.049391
2009-01-08,1.964000
2009-01-09,1.992463
2009-01-12,2.035158
2009-01-13,1.964000
2009-01-14,2.013811
2009-01-15,2.042274
2009-01-16,2.070739
2009-01-19,2.070739
2009-01-20,2.013811
2009-01-21,1.992463
2009-01-22,1.992463
2009-01-23,1.985347
2009-02-02,2.084970
2009-02-03,2.141897
2009-02-04,2.355375
2009-02-05,2.312680
2009-02-06,2.469230
2009-02-09,2.511926
2009-02-10,2.561738
2009-02-11,2.668477
2009-02-12,2.853492
2009-02-13,3.138129
2009-02-16,3.123898
2009-02-17,2.974463
2009-02-18,2.832144
2009-02-19,2.967347
2009-02-20,2.974463
2009-02-23,3.052738
2009-02-24,2.903304
2009-02-25,2.881956
2009-02-26,2.611549
2009-02-27,2.355375
2009-03-02,2.405187
2009-03-03,2.398072
2009-03-04,2.590202
2009-03-05,2.575969
2009-03-06,2.540391
2009-03-09,2.433651
2009-03-10,2.504811
2009-03-11,2.497695
2009-03-12,2.454999
2009-03-13,2.483464
2009-03-16,2.533274
2009-03-17,2.640013
2009-03-18,2.689826
2009-03-19,2.732521
2009-03-20,2.760984
2009-03-23,2.753869
2009-03-24,2.903304
2009-03-25,2.760984
2009-03-26,2.817912
2009-03-27,3.010043
2009-03-30,3.038506
2009-03-31,3.081202
2009-04-01,3.081202
2009-04-02,2.995811
2009-04-03,2.874839
2009-04-07,2.917535
2009-04-08,2.889071
2009-04-09,2.903304
2009-04-10,2.960230
2009-04-13,2.938883
2009-04-14,3.059854
2009-04-15,3.052738
2009-04-16,3.045622
2009-04-17,3.351608
2009-04-20,3.686057
2009-04-21,3.501043
2009-04-22,3.344491
2009-04-23,3.308912
2009-04-24,3.230637
2009-04-27,3.002926
2009-04-28,3.024274
2009-04-29,3.095434
2009-04-30,3.095434
2009-05-04,3.202174
2009-05-05,3.273332
2009-05-06,3.387187
2009-05-07,3.301795
2009-05-08,3.287564
2009-05-11,3.109666
2009-05-12,3.202174
2009-05-13,3.372956
2009-05-14,3.486810
2009-05-15,3.415652
2009-05-18,3.387187
2009-05-19,3.358723
2009-05-20,3.358723
2009-05-21,3.187940
2009-05-22,3.187940
2009-05-25,3.209289
2009-05-26,3.230637
2009-05-27,3.237752
2009-06-01,3.251984
2009-06-02,3.387187
2009-06-03,3.358723
2009-06-04,3.273332
2009-06-05,3.223521
2009-06-08,3.266217
2009-06-09,3.593549
2009-06-10,4.596898
2009-06-11,4.177056
2009-06-12,3.792796
2009-06-15,3.807028
2009-06-16,3.735869
2009-06-17,3.757216
2009-06-18,3.707404
2009-06-19,3.622012
2009-06-22,3.714521
2009-06-23,3.678941
2009-06-24,3.693173
2009-06-25,3.664708
2009-06-26,3.757216
2009-06-29,3.678941
2009-06-30,3.607782
2009-07-01,3.629130
2009-07-02,3.650477
2009-07-03,3.678941
2009-07-06,3.636245
2009-07-07,3.693173
2009-07-08,3.686057
2009-07-09,3.764332
2009-07-10,3.913767
2009-07-13,3.871071
2009-07-14,3.899534
2009-07-15,3.885304
2009-07-16,3.984926
2009-07-17,3.913767
2009-07-20,3.920882
2009-07-21,3.792796
2009-07-22,3.814143
2009-07-23,3.828375
2009-07-24,3.799912
2009-07-27,3.920882
2009-07-28,3.956463
2009-07-29,3.835490
2009-07-30,3.849724
2009-07-31,3.949347
2009-08-03,4.041854
2009-08-04,3.984926
2009-08-05,3.984926
2009-08-06,3.984926
2009-08-07,3.750100
2009-08-10,3.664708
2009-08-11,3.735869
2009-08-12,3.465462
2009-08-13,3.422767
2009-08-14,3.195057
2009-08-17,2.960230
2009-08-18,3.024274
2009-08-19,2.803680
2009-08-20,2.931767
2009-08-21,3.017159
2009-08-24,3.038506
2009-08-25,2.974463
2009-08-26,3.187940
2009-08-27,3.273332
2009-08-28,3.173709
2009-08-31,2.889071
2009-09-01,3.180825
2009-09-02,3.351608
2009-09-03,3.415652
2009-09-04,3.351608
2009-09-07,3.358723
2009-09-08,3.316028
2009-09-09,3.266217
2009-09-10,3.387187
2009-09-11,3.337376
2009-09-14,3.444115
2009-09-15,3.465462
2009-09-16,3.565086
2009-09-17,3.785680
2009-09-18,3.543738
2009-09-21,3.572202
2009-09-22,3.422767
2009-09-23,3.294680
2009-09-24,3.251984
2009-09-25,3.202174
2009-09-28,3.159477
2009-09-29,3.109666
2009-09-30,3.173709
2009-10-09,3.308912
2009-10-12,3.273332
2009-10-13,3.287564
2009-10-14,3.308912
2009-10-15,3.316028
2009-10-16,3.273332
2009-10-19,3.372956
2009-10-20,3.401419
2009-10-21,3.394304
2009-10-22,3.387187
2009-10-23,3.472578
2009-10-26,3.472578
2009-10-27,3.308912
2009-10-28,3.422767
2009-10-29,3.251984
2009-10-30,3.251984
2009-11-02,3.344491
2009-11-03,3.394304
2009-11-04,3.444115
2009-11-05,3.458348
2009-11-06,3.493927
2009-11-09,3.479694
2009-11-10,3.479694
2009-11-11,3.522391
2009-11-12,3.522391
2009-11-13,3.614897
2009-11-16,3.664708
2009-11-17,3.657593
2009-11-18,3.807028
2009-11-19,3.807028
2009-11-20,3.878188
2009-11-23,3.871071
2009-11-24,3.871071
2009-11-25,3.871071
2009-11-26,3.871071
2009-11-27,3.529506
2009-11-30,3.614897
2009-12-01,3.728751
2009-12-02,3.778565
2009-12-03,3.778565
2009-12-04,3.671825
2009-12-07,3.771448
2009-12-08,3.842608
2009-12-09,3.785680
2009-12-10,3.792796
2009-12-11,3.671825
2009-12-14,3.735869
2009-12-15,3.693173
2009-12-16,3.693173
2009-12-17,3.557970
2009-12-18,3.444115
2009-12-21,3.515274
2009-12-22,3.380071
2009-12-23,3.451231
2009-12-24,3.515274
2009-12-25,3.557970
2009-12-28,3.721636
2009-12-29,3.671825
2009-12-30,3.664708
2009-12-31,3.700289
2010-01-04,3.686057
2010-01-05,3.778565
2010-01-06,3.764332
2010-01-07,3.757216
2010-01-08,3.871071
2010-01-11,3.885304
2010-01-12,3.856839
2010-01-13,3.799912
2010-01-14,3.984926
2010-01-15,3.949347
2010-01-18,3.970695
2010-01-19,3.899534
2010-01-20,3.686057
2010-01-21,3.686057
2010-01-22,3.636245
2010-01-25,3.593549
2010-01-26,3.472578
2010-01-27,3.458348
2010-01-28,3.479694
2010-01-29,3.436999
2010-02-01,3.259100
2010-02-02,3.273332
2010-02-03,3.301795
2010-02-04,3.301795
2010-02-05,3.230637
2010-02-08,3.244869
2010-02-09,3.429883
2010-02-10,3.436999
2010-02-11,3.401419
2010-02-12,3.408535
2010-02-22,3.394304
2010-02-23,3.365839
2010-02-24,3.429883
2010-02-25,3.486810
2010-02-26,3.472578
2010-03-01,3.515274
2010-03-02,3.565086
2010-03-03,3.557970
2010-03-04,3.401419
2010-03-05,3.501043
2010-03-08,3.486810
2010-03-09,3.465462
2010-03-10,3.394304
2010-03-11,3.365839
2010-03-12,3.316028
2010-03-15,3.280448
2010-03-16,3.358723
2010-03-17,3.429883
2010-03-18,3.465462
2010-03-19,3.458348
2010-03-22,3.522391
2010-03-23,3.458348
2010-03-24,3.451231
2010-03-25,3.372956
2010-03-26,3.415652
2010-03-29,3.436999
2010-03-30,3.451231
2010-03-31,3.451231
2010-04-01,3.529506
2010-04-02,3.593549
2010-04-06,3.572202
2010-04-07,3.586433
2010-04-08,3.543738
2010-04-09,3.671825
2010-04-12,3.650477
2010-04-13,3.565086
2010-04-14,3.593549
2010-04-15,3.529506
2010-04-16,3.536622
2010-04-19,3.344491
2010-04-20,3.380071
2010-04-21,3.472578
2010-04-22,3.451231
2010-04-23,3.365839
2010-04-26,3.380071
2010-04-27,3.266217
2010-04-28,3.251984
2010-04-29,3.131013
2010-04-30,3.045622
2010-05-04,3.010043
2010-05-05,3.081202
2010-05-06,2.960230
2010-05-07,2.896187
2010-05-10,2.910420
2010-05-11,2.853492
2010-05-12,2.839260
2010-05-13,2.881956
2010-05-14,2.881956
2010-05-17,2.647129
2010-05-18,2.739637
2010-05-19,2.682709
2010-05-20,2.632898
2010-05-21,2.632898
2010-05-24,2.753869
2010-05-25,2.732521
2010-05-26,2.803680
2010-05-27,2.881956
2010-05-28,2.825028
2010-05-31,2.732521
2010-06-01,2.668477
2010-06-02,2.689826
2010-06-03,2.696941
2010-06-04,2.689826
2010-06-07,2.711173
2010-06-08,2.590202
2010-06-09,2.760984
2010-06-10,2.483464
2010-06-11,2.348260
2010-06-15,2.348260
2010-06-17,2.298448
2010-06-18,2.170361
2010-06-21,2.198826
2010-06-22,2.269985
2010-06-23,2.241521
2010-06-24,2.220173
2010-06-25,2.177477
2010-06-28,2.163246
2010-06-29,2.013811
2010-06-30,2.035158
2010-07-01,2.035158
2010-07-02,2.042274
2010-07-05,2.013811
2010-07-06,2.063622
2010-07-07,2.113434
2010-07-08,2.070739
2010-07-09,2.099202
2010-07-12,2.134782
2010-07-13,2.070739
2010-07-14,2.077854
2010-07-15,2.013811
2010-07-16,2.013811
2010-07-19,2.035158
2010-07-20,2.084970
2010-07-21,2.084970
2010-07-22,2.106318
2010-07-23,2.099202
2010-07-26,2.127666
2010-07-27,2.099202
2010-07-28,2.141897
2010-07-29,2.227289
2010-07-30,2.198826
2010-08-02,2.213057
2010-08-03,2.227289
2010-08-04,2.234405
2010-08-05,2.198826
2010-08-06,2.213057
2010-08-09,2.234405
2010-08-10,2.163246
2010-08-11,2.156130
2010-08-12,2.141897
2010-08-13,2.156130
2010-08-16,2.191709
2010-08-17,2.184593
2010-08-18,2.170361
2010-08-19,2.170361
2010-08-20,2.127666
2010-08-23,2.120550
2010-08-24,2.149014
2010-08-25,2.149014
2010-08-26,2.234405
2010-08-27,2.198826
2010-08-30,2.198826
2010-08-31,2.170361
2010-09-01,2.141897
2010-09-02,2.141897
2010-09-03,2.134782
2010-09-06,2.177477
2010-09-07,2.191709
2010-09-08,2.163246
2010-09-09,2.177477
2010-09-10,2.156130
2010-09-13,2.156130
2010-09-14,2.177477
2010-09-15,2.141897
2010-09-16,2.141897
2010-09-17,2.205941
2010-09-20,2.248637
2010-09-21,2.191709
2010-09-27,2.177477
2010-09-28,2.156130
2010-09-29,2.127666
2010-09-30,2.149014
2010-10-08,2.184593
2010-10-11,2.205941
2010-10-12,2.205941
2010-10-13,2.241521
2010-10-14,2.184593
2010-10-15,2.198826
2010-10-18,2.348260
2010-10-19,2.326912
2010-10-20,2.277100
2010-10-21,2.369608
2010-10-22,2.604434
2010-10-25,2.654246
2010-10-26,2.561738
2010-10-27,2.583086
2010-10-28,2.533274
2010-10-29,2.469230
2010-11-01,2.497695
2010-11-02,2.433651
2010-11-03,2.447883
2010-11-04,2.476347
2010-11-05,2.469230
2010-11-08,2.575969
2010-11-09,2.590202
2010-11-10,2.533274
2010-11-11,2.497695
2010-11-12,2.334028
2010-11-15,2.369608
2010-11-16,2.269985
2010-11-17,2.227289
2010-11-18,2.334028
2010-11-19,2.426535
2010-11-22,2.483464
2010-11-23,2.412303
2010-11-24,2.426535
2010-11-25,2.405187
2010-11-26,2.369608
2010-11-29,2.419419
2010-11-30,2.476347
2010-12-01,2.483464
2010-12-02,2.476347
2010-12-03,2.426535
2010-12-06,2.390956
2010-12-07,2.454999
2010-12-08,2.405187
2010-12-09,2.355375
2010-12-10,2.412303
2010-12-13,2.447883
2010-12-14,2.497695
2010-12-15,2.440768
2010-12-16,2.469230
2010-12-17,2.469230
2010-12-20,2.398072
2010-12-21,2.426535
2010-12-22,2.419419
2010-12-23,2.412303
2010-12-24,2.390956
2010-12-27,2.312680
2010-12-28,2.234405
2010-12-29,2.248637
2010-12-30,2.220173
2010-12-31,2.248637
2011-01-04,2.269985
2011-01-05,2.241521
2011-01-06,2.269985
2011-01-07,2.255753
2011-01-10,2.213057
2011-01-11,2.205941
2011-01-12,2.220173
2011-01-13,2.205941
2011-01-14,2.177477
2011-01-17,2.120550
2011-01-18,2.134782
2011-01-19,2.163246
2011-01-20,2.070739
2011-01-21,2.106318
2011-01-24,2.127666
2011-01-25,2.106318
2011-01-26,2.127666
2011-01-27,2.141897
2011-01-28,2.127666
2011-01-31,2.120550
2011-02-01,2.113434
2011-02-09,2.106318
2011-02-10,2.149014
2011-02-11,2.156130
2011-02-14,2.184593
2011-02-15,2.177477
2011-02-16,2.234405
2011-02-17,2.205941
2011-02-18,2.184593
2011-02-21,2.213057
2011-02-22,2.156130
2011-02-23,2.170361
2011-02-24,2.163246
2011-02-25,2.170361
2011-02-28,2.184593
2011-03-01,2.205941
2011-03-02,2.191709
2011-03-03,2.163246
2011-03-04,2.205941
2011-03-07,2.341144
2011-03-08,2.405187
2011-03-09,2.376724
2011-03-10,2.426535
2011-03-11,2.376724
2011-03-14,2.440768
2011-03-15,2.369608
2011-03-16,2.476347
2011-03-17,2.398072
2011-03-18,2.390956
2011-03-21,2.369608
2011-03-22,2.362491
2011-03-23,2.383840
2011-03-24,2.369608
2011-03-25,2.369608
2011-03-28,2.334028
2011-03-29,2.341144
2011-03-30,2.326912
2011-03-31,2.269985
2011-04-01,2.291332
2011-04-06,2.305565
2011-04-07,2.291332
2011-04-08,2.312680
2011-04-11,2.334028
2011-04-12,2.355375
2011-04-13,2.405187
2011-04-14,2.383840
2011-04-15,2.326912
2011-04-18,2.326912
2011-04-19,2.376724
2011-04-20,2.341144
2011-04-21,2.362491
2011-04-22,2.334028
2011-04-25,2.298448
2011-04-26,2.269985
2011-04-27,2.234405
2011-04-28,2.191709
2011-04-29,2.227289
2011-05-03,2.248637
2011-05-04,2.213057
2011-05-05,2.205941
2011-05-06,2.269985
2011-05-09,2.262869
2011-05-10,2.248637
2011-05-11,2.262869
2011-05-12,2.241521
2011-05-13,2.269985
2011-05-16,2.262869
2011-05-17,2.312680
2011-05-18,2.298448
2011-05-19,2.298448
2011-05-20,2.277100
2011-05-23,2.191709
2011-05-24,2.198826
2011-05-25,2.177477
2011-05-26,2.170361
2011-05-27,2.149014
2011-05-30,2.149014
2011-05-31,2.177477
2011-06-01,2.163246
2011-06-02,2.149014
2011-06-03,2.170361
2011-06-07,2.163246
2011-06-08,2.198826
2011-06-09,2.149014
2011-06-10,2.163246
2011-06-13,2.184593
2011-06-14,2.227289
2011-06-15,2.205941
2011-06-16,2.227289
2011-06-17,2.213057
2011-06-20,2.203095
2011-06-21,2.211634
2011-06-22,2.203095
2011-06-23,2.220173
2011-06-24,2.245791
2011-06-27,2.262869
2011-06-28,2.254330
2011-06-29,2.245791
2011-06-30,2.331182
2011-07-01,2.314104
2011-07-04,2.339721
2011-07-05,2.305565
2011-07-06,2.288486
2011-07-07,2.262869
2011-07-08,2.279947
2011-07-11,2.271408
2011-07-12,2.237252
2011-07-13,2.254330
2011-07-14,2.271408
2011-07-15,2.262869
2011-07-18,2.254330
2011-07-19,2.237252
2011-07-20,2.220173
2011-07-21,2.194556
2011-07-22,2.203095
2011-07-25,2.126243
2011-07-26,2.168939
2011-07-27,2.151860
2011-07-28,2.117704
2011-07-29,2.126243
2011-08-01,2.117704
2011-08-02,2.109165
2011-08-03,2.092087
2011-08-04,2.083547
2011-08-05,1.989617
2011-08-08,1.844452
2011-08-09,1.818834
2011-08-10,1.827374
2011-08-11,1.878608
2011-08-12,2.066469
2011-08-15,2.177477
2011-08-16,2.134782
2011-08-17,2.151860
2011-08-18,2.066469
2011-08-19,2.023774
2011-08-22,1.981078
2011-08-23,2.032312
2011-08-24,1.998156
2011-08-25,2.057930
2011-08-26,2.057930
2011-08-29,2.126243
2011-08-30,2.040852
2011-08-31,2.006695
2011-09-01,1.989617
2011-09-02,1.955460
2011-09-05,1.912765
2011-09-06,1.929843
2011-09-07,1.972539
2011-09-08,1.929843
2011-09-09,1.921304
2011-09-13,1.895687
2011-09-14,1.912765
2011-09-15,1.895687
2011-09-16,1.878608
2011-09-19,1.835913
2011-09-20,1.835913
2011-09-21,1.887148
2011-09-22,1.835913
2011-09-23,1.827374
2011-09-26,1.835913
2011-09-27,1.844452
2011-09-28,1.818834
2011-09-29,1.776139
2011-09-30,1.810295
2011-10-10,1.835913
2011-10-11,1.852991
2011-10-12,1.895687
2011-10-13,1.912765
2011-10-14,1.904226
2011-10-17,1.878608
2011-10-18,1.835913
2011-10-19,1.835913
2011-10-20,1.801756
2011-10-21,1.793217
2011-10-24,1.827374
2011-10-25,1.852991
2011-10-26,1.861530
2011-10-27,1.870069
2011-10-28,1.895687
2011-10-31,1.861530
2011-11-01,1.870069
2011-11-02,1.878608
2011-11-03,1.887148
2011-11-04,1.895687
2011-11-07,1.887148
2011-11-08,1.861530
2011-11-09,1.870069
2011-11-10,1.835913
2011-11-11,1.844452
2011-11-14,1.870069
2011-11-15,1.870069
2011-11-16,1.895687
2011-11-17,1.861530
2011-11-18,1.810295
2011-11-21,1.810295
2011-11-22,1.827374
2011-11-23,1.784678
2011-11-24,1.776139
2011-11-25,1.767600
2011-11-28,1.767600
2011-11-29,1.776139
2011-11-30,1.724904
2011-12-01,1.750521
2011-12-02,1.733443
2011-12-05,1.699287
2011-12-06,1.699287
2011-12-07,1.699287
2011-12-08,1.690747
2011-12-09,1.656591
2011-12-12,1.622434
2011-12-13,1.562660
2011-12-14,1.554121
2011-12-15,1.494347
2011-12-16,1.537043
2011-12-19,1.528504
2011-12-20,1.519965
2011-12-21,1.485808
2011-12-22,1.460191
2011-12-23,1.460191
2011-12-26,1.468730
2011-12-27,1.451652
2011-12-28,1.460191
2011-12-29,1.443113
2011-12-30,1.460191
2012-01-04,1.426034
2012-01-05,1.400417
2012-01-06,1.408956
2012-01-09,1.451652
2012-01-10,1.554121
2012-01-11,1.519965
2012-01-12,1.511425
2012-01-13,1.468730
2012-01-16,1.443113
2012-01-17,1.519965
2012-01-18,1.502887
2012-01-19,1.519965
2012-01-20,1.528504
2012-01-30,1.519965
2012-01-31,1.545582
2012-02-01,1.519965
2012-02-02,1.545582
2012-02-03,1.545582
2012-02-06,1.545582
2012-02-07,1.511425
2012-02-08,1.537043
2012-02-09,1.545582
2012-02-10,1.545582
2012-02-13,1.579739
2012-02-14,1.554121
2012-02-15,1.622434
2012-02-16,1.605356
2012-02-17,1.588278
2012-02-20,1.622434
2012-02-21,1.648052
2012-02-22,1.665130
2012-02-23,1.639512
2012-02-24,1.665130
2012-02-27,1.707826
2012-02-28,1.690747
2012-02-29,1.665130
2012-03-01,1.673669
2012-03-02,1.707826
2012-03-05,1.690747
2012-03-06,1.656591
2012-03-07,1.639512
2012-03-08,1.665130
2012-03-09,1.707826
2012-03-12,1.699287
2012-03-13,1.707826
2012-03-14,1.639512
2012-03-15,1.596817
2012-03-16,1.622434
2012-03-19,1.622434
2012-03-20,1.596817
2012-03-21,1.596817
2012-03-22,1.630974
2012-03-23,1.613895
2012-03-26,1.596817
2012-03-27,1.605356
2012-03-28,1.537043
2012-03-29,1.494347
2012-03-30,1.494347
2012-04-05,1.519965
2012-04-06,1.537043
2012-04-09,1.528504
2012-04-10,1.562660
2012-04-11,1.579739
2012-04-12,1.588278
2012-04-13,1.596817
2012-04-16,1.579739
2012-04-17,1.562660
2012-04-18,1.588278
2012-04-19,1.588278
2012-04-20,1.605356
2012-04-23,1.579739
2012-04-24,1.562660
2012-04-25,1.571200
2012-04-26,1.554121
2012-04-27,1.545582
2012-05-02,1.554121
2012-05-03,1.537043
2012-05-04,1.554121
2012-05-07,1.545582
2012-05-08,1.537043
2012-05-09,1.511425
2012-05-10,1.519965
2012-05-11,1.502887
2012-05-14,1.502887
2012-05-15,1.502887
2012-05-16,1.494347
2012-05-17,1.519965
2012-05-18,1.502887
2012-05-21,1.502887
2012-05-22,1.511425
2012-05-23,1.519965
2012-05-24,1.511425
2012-05-25,1.494347
2012-05-28,1.494347
2012-05-29,1.519965
2012-05-30,1.519965
2012-05-31,1.571200
2012-06-01,1.554121
2012-06-04,1.519965
2012-06-05,1.519965
2012-06-06,1.571200
2012-06-07,1.554121
2012-06-08,1.579739
2012-06-11,1.622434
2012-06-12,1.665130
2012-06-13,1.673669
2012-06-14,1.648052
2012-06-15,1.622434
2012-06-18,1.622434
2012-06-19,1.648052
2012-06-20,1.648052
2012-06-21,1.622434
2012-06-25,1.588278
2012-06-26,1.596817
2012-06-27,1.588278
2012-06-28,1.579739
2012-06-29,1.630974
2012-07-02,1.630974
2012-07-03,1.622434
2012-07-04,1.596817
2012-07-05,1.571200
2012-07-06,1.596817
2012-07-09,1.579739
2012-07-10,1.579739
2012-07-11,1.588278
2012-07-12,1.596817
2012-07-13,1.571200
2012-07-16,1.528504
2012-07-17,1.545582
2012-07-18,1.545582
2012-07-19,1.554121
2012-07-20,1.554121
2012-07-23,1.545582
2012-07-24,1.545582
2012-07-25,1.528504
2012-07-26,1.537043
2012-07-27,1.537043
2012-07-30,1.485808
2012-07-31,1.460191
2012-08-01,1.468730
2012-08-02,1.468730
2012-08-03,1.494347
2012-08-06,1.502887
2012-08-07,1.511425
2012-08-08,1.519965
2012-08-09,1.519965
2012-08-10,1.511425
2012-08-13,1.494347
2012-08-14,1.502887
2012-08-15,1.494347
2012-08-16,1.485808
2012-08-17,1.485808
2012-08-20,1.477269
2012-08-21,1.485808
2012-08-22,1.477269
2012-08-23,1.485808
2012-08-24,1.468730
2012-08-27,1.443113
2012-08-28,1.477269
2012-08-29,1.528504
2012-08-30,1.511425
2012-08-31,1.528504
2012-09-03,1.519965
2012-09-04,1.511425
2012-09-05,1.502887
2012-09-06,1.502887
2012-09-07,1.554121
2012-09-10,1.571200
2012-09-11,1.562660
2012-09-12,1.571200
2012-09-13,1.596817
2012-09-14,1.759060
2012-09-17,1.716365
2012-09-18,1.656591
2012-09-19,1.690747
2012-09-20,1.648052
2012-09-21,1.613895
2012-09-24,1.613895
2012-09-25,1.613895
2012-09-26,1.571200
2012-09-27,1.613895
2012-09-28,1.630974
2012-10-08,1.596817
2012-10-09,1.656591
2012-10-10,1.716365
2012-10-11,1.673669
2012-10-12,1.690747
2012-10-15,1.733443
2012-10-16,1.716365
2012-10-17,1.682208
2012-10-18,1.784678
2012-10-19,1.776139
2012-10-22,1.818834
2012-10-23,1.801756
2012-10-24,1.810295
2012-10-25,1.818834
2012-10-26,1.750521
2012-10-29,1.741982
2012-10-30,1.741982
2012-10-31,1.861530
2012-11-01,1.861530
2012-11-02,1.861530
2012-11-05,1.887148
2012-11-06,1.946921
2012-11-07,1.895687
2012-11-08,1.870069
2012-11-09,1.912765
2012-11-12,1.921304
2012-11-13,1.870069
2012-11-14,1.887148
2012-11-15,1.861530
2012-11-16,1.861530
2012-11-19,1.844452
2012-11-20,1.827374
2012-11-21,1.878608
2012-11-22,1.835913
2012-11-23,1.827374
2012-11-26,1.750521
2012-11-27,1.741982
2012-11-28,1.707826
2012-11-29,1.707826
2012-11-30,1.759060
2012-12-03,1.741982
2012-12-04,1.793217
2012-12-05,1.887148
2012-12-06,1.878608
2012-12-07,1.904226
2012-12-10,1.912765
2012-12-11,1.861530
2012-12-12,1.861530
2012-12-13,1.784678
2012-12-14,1.852991
2012-12-17,1.835913
2012-12-18,1.861530
2012-12-19,1.844452
2012-12-20,1.827374
2012-12-21,1.827374
2012-12-24,1.921304
2012-12-25,1.912765
2012-12-26,1.912765
2012-12-27,1.929843
2012-12-28,1.929843
2012-12-31,1.938382
2013-01-04,1.912765
2013-01-07,1.929843
2013-01-08,1.989617
2013-01-09,1.964000
2013-01-10,1.964000
2013-01-11,1.938382
2013-01-14,1.981078
2013-01-15,1.998156
2013-01-16,2.057930
2013-01-17,2.092087
2013-01-18,2.126243
2013-01-21,2.100626
2013-01-22,2.032312
2013-01-23,2.032312
2013-01-24,1.998156
2013-01-25,2.023774
2013-01-28,2.057930
2013-01-29,2.057930
2013-01-30,2.049391
2013-01-31,2.032312
2013-02-01,2.015234
2013-02-04,1.964000
2013-02-05,1.972539
2013-02-06,1.964000
2013-02-07,1.989617
2013-02-08,2.006695
2013-02-18,2.015234
2013-02-19,2.040852
2013-02-20,2.057930
2013-02-21,1.989617
2013-02-22,1.998156
2013-02-25,1.989617
2013-02-26,1.964000
2013-02-27,1.929843
2013-02-28,1.929843
2013-03-01,1.946921
2013-03-04,1.895687
2013-03-05,1.921304
2013-03-06,2.117704
2013-03-07,2.126243
2013-03-08,2.066469
2013-03-11,2.083547
2013-03-12,2.032312
2013-03-13,2.040852
2013-03-14,2.032312
2013-03-15,2.032312
2013-03-18,2.015234
2013-03-19,2.075008
2013-03-20,2.126243
2013-03-21,2.134782
2013-03-22,2.126243
2013-03-25,2.109165
2013-03-26,2.083547
2013-03-27,2.083547
2013-03-28,2.040852
2013-03-29,2.049391
2013-04-01,2.100626
2013-04-02,2.117704
2013-04-03,2.075008
2013-04-08,2.092087
2013-04-09,2.083547
2013-04-10,2.066469
2013-04-11,2.066469
2013-04-12,2.057930
2013-04-15,2.023774
2013-04-16,2.040852
2013-04-17,2.066469
2013-04-18,2.083547
2013-04-19,2.109165
2013-04-22,2.117704
2013-04-23,2.066469
2013-04-24,2.134782
2013-04-25,2.066469
2013-04-26,2.032312
2013-05-02,2.006695
2013-05-03,2.032312
2013-05-06,2.040852
2013-05-07,2.023774
2013-05-08,2.092087
2013-05-09,2.066469
2013-05-10,2.049391
2013-05-13,2.126243
2013-05-14,2.083547
2013-05-15,2.092087
2013-05-16,2.117704
2013-05-17,2.126243
2013-05-20,2.117704
2013-05-21,2.177477
2013-05-22,2.160399
2013-05-23,2.322643
2013-05-24,2.331182
2013-05-27,2.348260
2013-05-28,2.322643
2013-05-29,2.322643
2013-05-30,2.331182
2013-05-31,2.297026
2013-06-03,2.322643
2013-06-04,2.177477
2013-06-05,2.160399
2013-06-06,2.143321
2013-06-07,2.151860
2013-06-13,2.151860
2013-06-14,2.220173
2013-06-17,2.211634
2013-06-18,2.237252
2013-06-19,2.168939
2013-06-20,2.083547
2013-06-21,2.049391
2013-06-24,1.861530
2013-06-25,1.852991
2013-06-26,1.912765
2013-06-27,1.870069
2013-06-28,1.895687
2013-07-01,1.912765
2013-07-02,1.904226
2013-07-03,1.921304
2013-07-04,1.904226
2013-07-05,1.895687
2013-07-08,1.818834
2013-07-09,1.818834
2013-07-10,1.861530
2013-07-11,1.929843
2013-07-12,1.904226
2013-07-15,1.938382
2013-07-16,2.040852
2013-07-17,2.083547
2013-07-18,2.040852
2013-07-19,2.040852
2013-07-22,2.040852
2013-07-23,2.040852
2013-07-24,2.040852
2013-07-25,1.870069
2013-07-26,1.844452
2013-07-29,1.861530
2013-07-30,1.818834
2013-07-31,1.784678
2013-08-01,1.818834
2013-08-02,1.801756
2013-08-05,1.835913
2013-08-06,1.852991
2013-08-07,1.818834
2013-08-08,1.818834
2013-08-09,1.844452
2013-08-12,1.887148
2013-08-13,1.895687
2013-08-14,1.895687
2013-08-15,1.895687
2013-08-16,1.870069
2013-08-19,1.904226
2013-08-20,1.895687
2013-08-21,1.904226
2013-08-22,1.861530
2013-08-23,1.818834
2013-08-26,1.835913
2013-08-27,1.827374
2013-08-28,1.844452
2013-08-29,1.818834
2013-08-30,1.801756
2013-09-02,1.801756
2013-09-03,1.827374
2013-09-04,1.827374
2013-09-05,1.801756
2013-09-06,1.793217
2013-09-09,1.810295
2013-09-10,1.844452
2013-09-11,1.921304
2013-09-12,1.904226
2013-09-13,1.887148
2013-09-16,1.861530
2013-09-17,1.835913
2013-09-18,1.835913
2013-09-23,1.870069
2013-09-24,1.852991
2013-09-25,1.844452
2013-09-26,1.810295
2013-09-27,1.801756
2013-09-30,1.810295
2013-10-08,1.818834
2013-10-09,1.827374
2013-10-10,1.818834
2013-10-11,1.852991
2013-10-14,1.835913
2013-10-15,1.810295
2013-10-16,1.810295
2013-10-17,1.801756
2013-10-18,1.793217
2013-10-21,1.818834
2013-10-22,1.852991
2013-10-23,1.801756
2013-10-24,1.810295
2013-10-25,1.801756
2013-10-28,1.827374
2013-10-29,1.844452
2013-10-30,1.861530
2013-10-31,1.870069
2013-11-01,1.844452
2013-11-04,1.852991
2013-11-05,1.861530
2013-11-06,1.827374
2013-11-07,1.810295
2013-11-08,1.793217
2013-11-11,1.784678
2013-11-12,1.801756
2013-11-13,1.767600
2013-11-14,1.776139
2013-11-15,1.793217
2013-11-18,1.810295
2013-11-19,1.801756
2013-11-20,1.810295
2013-11-21,1.810295
2013-11-22,1.844452
2013-11-25,1.835913
2013-11-26,1.827374
2013-11-27,1.827374
2013-11-28,1.844452
2013-11-29,1.835913
2013-12-02,1.827374
2013-12-03,1.835913
2013-12-04,1.852991
2013-12-05,1.852991
2013-12-06,1.835913
2013-12-09,1.835913
2013-12-10,1.852991
2013-12-11,1.827374
2013-12-12,1.827374
2013-12-13,1.827374
2013-12-16,1.810295
2013-12-17,1.801756
2013-12-18,1.793217
2013-12-19,1.776139
2013-12-20,1.733443
2013-12-23,1.741982
2013-12-24,1.750521
2013-12-25,1.844452
2013-12-26,1.810295
2013-12-27,1.818834
2013-12-30,1.827374
2013-12-31,1.835913
2014-01-02,1.810295
2014-01-03,1.810295
2014-01-06,1.801756
2014-01-07,1.793217
2014-01-08,1.801756
2014-01-09,1.818834
2014-01-10,1.793217
2014-01-13,1.759060
2014-01-14,1.793217
2014-01-15,1.784678
2014-01-16,1.776139
2014-01-17,1.767600
2014-01-20,1.759060
2014-01-21,1.767600
2014-01-22,1.793217
2014-01-23,1.784678
2014-01-24,1.793217
2014-01-27,1.844452
2014-01-28,1.827374
2014-01-29,1.844452
2014-01-30,1.818834
2014-02-07,1.861530
2014-02-10,1.870069
2014-02-11,1.870069
2014-02-12,1.870069
2014-02-13,1.870069
2014-02-14,1.878608
2014-02-17,1.921304
2014-02-18,1.887148
2014-02-19,1.946921
2014-02-20,2.040852
2014-02-21,1.998156
2014-02-24,2.143321
2014-02-25,2.083547
2014-02-26,2.075008
2014-02-27,2.006695
2014-02-28,2.057930
2014-03-03,2.049391
2014-03-04,1.998156
2014-03-05,1.998156
2014-03-06,2.006695
2014-03-07,1.989617
2014-03-10,1.912765
2014-03-11,1.912765
2014-03-12,1.878608
2014-03-13,1.904226
2014-03-14,1.921304
2014-03-17,1.938382
2014-03-18,1.929843
2014-03-19,1.938382
2014-03-20,1.904226
2014-03-21,1.938382
2014-03-24,1.964000
2014-03-25,1.998156
2014-03-26,1.981078
2014-03-27,1.964000
2014-03-28,1.912765
2014-03-31,1.921304
2014-04-01,1.938382
2014-04-02,1.938382
2014-04-03,1.946921
2014-04-04,1.964000
2014-04-08,1.972539
2014-04-09,1.955460
2014-04-10,1.989617
2014-04-11,1.981078
2014-04-14,1.972539
2014-04-15,1.998156
2014-04-16,1.981078
2014-04-17,1.964000
2014-04-18,1.955460
2014-04-21,1.929843
2014-04-22,1.921304
2014-04-23,1.921304
2014-04-24,1.904226
2014-04-25,1.861530
2014-04-28,1.810295
2014-04-29,1.818834
2014-04-30,1.852991
2014-05-05,1.844452
2014-05-06,1.852991
2014-05-07,1.835913
2014-05-08,1.827374
2014-05-09,1.810295
2014-05-12,1.852991
2014-05-13,1.852991
2014-05-14,1.844452
2014-05-15,1.818834
2014-05-16,1.844452
2014-05-19,1.818834
2014-05-20,1.835913
2014-05-21,1.844452
2014-05-22,1.844452
2014-05-23,1.844452
2014-05-26,1.852991
2014-05-27,1.852991
2014-05-28,1.861530
2014-05-29,1.844452
2014-05-30,1.844452
2014-06-03,1.827374
2014-06-04,1.827374
2014-06-05,1.852991
2014-06-06,1.827374
2014-06-09,1.818834
2014-06-10,1.844452
2014-06-11,1.844452
2014-06-12,1.835913
2014-06-13,1.852991
2014-06-16,1.887148
2014-06-17,1.870069
2014-06-18,1.912765
2014-06-19,1.895687
2014-06-20,1.878608
2014-06-23,1.861530
2014-06-24,1.870069
2014-06-25,1.852991
2014-06-26,1.861530
2014-06-27,1.861530
2014-06-30,1.852991
2014-07-01,1.861530
2014-07-02,1.895687
2014-07-03,1.878608
2014-07-04,1.870069
2014-07-07,1.870069
2014-07-08,1.878608
2014-07-09,1.852991
2014-07-10,1.870069
2014-07-11,1.878608
2014-07-14,1.878608
2014-07-15,1.887148
2014-07-16,1.887148
2014-07-17,1.870069
2014-07-18,1.870069
2014-07-21,1.861530
2014-07-22,1.861530
2014-07-23,1.861530
2014-07-24,1.878608
2014-07-25,1.887148
2014-07-28,1.929843
2014-07-29,1.946921
2014-07-30,1.938382
2014-07-31,1.964000
2014-08-01,1.938382
2014-08-04,1.964000
2014-08-05,1.955460
2014-08-06,1.989617
2014-08-07,1.964000
2014-08-08,1.964000
2014-08-11,1.989617
2014-08-12,2.015234
2014-08-13,1.989617
2014-08-14,1.989617
2014-08-15,2.015234
2014-08-18,2.015234
2014-08-19,1.998156
2014-08-20,1.989617
2014-08-21,1.964000
2014-08-22,1.972539
2014-08-25,1.964000
2014-08-26,1.938382
2014-08-27,1.946921
2014-08-28,1.921304
2014-08-29,1.946921
2014-09-01,1.946921
2014-09-02,1.955460
2014-09-03,1.964000
2014-09-04,1.972539
2014-09-05,1.989617
2014-09-09,1.998156
2014-09-10,1.989617
2014-09-11,1.998156
2014-09-12,2.032312
2014-09-15,2.032312
2014-09-16,2.066469
2014-09-17,2.083547
2014-09-18,2.092087
2014-09-19,2.066469
2014-09-22,2.015234
2014-09-23,2.032312
2014-09-24,2.057930
2014-09-25,2.040852
2014-09-26,2.100626
2014-09-29,2.092087
2014-09-30,2.083547
2014-10-08,2.109165
2014-10-09,2.143321
2014-10-10,2.279947
2014-10-13,2.237252
2014-10-14,2.262869
2014-10-15,2.262869
2014-10-16,2.186017
2014-10-17,2.194556
2014-10-20,2.211634
2014-10-21,2.160399
2014-10-22,2.126243
2014-10-23,2.126243
2014-10-24,2.100626
2014-10-27,2.083547
2014-10-28,2.134782
2014-10-29,2.177477
2014-10-30,2.220173
2014-10-31,2.254330
2014-11-03,2.262869
2014-11-04,2.305565
2014-11-05,2.245791
2014-11-06,2.245791
2014-11-07,2.203095
2014-11-10,2.271408
2014-11-11,2.220173
2014-11-12,2.237252
2014-11-13,2.254330
2014-11-14,2.271408
2014-11-17,2.254330
2014-11-18,2.228712
2014-11-19,2.211634
2014-11-20,2.177477
2014-11-21,2.211634
2014-11-24,2.245791
2014-11-25,2.271408
2014-11-26,2.254330
2014-11-27,2.288486
2014-11-28,2.322643
2014-12-01,2.348260
2014-12-02,2.356799
2014-12-03,2.476347
2014-12-04,2.553199
2014-12-05,2.672747
2014-12-08,2.852069
2014-12-09,2.595895
2014-12-10,2.681287
2014-12-11,2.655669
2014-12-12,2.647129
2014-12-15,2.655669
2014-12-16,2.758138
2014-12-17,2.698365
2014-12-18,2.723982
2014-12-19,2.715443
2014-12-22,2.852069
2014-12-23,2.852069
2014-12-24,2.758138
2014-12-25,2.826451
2014-12-26,2.903304
2014-12-29,2.877686
2014-12-30,2.817912
2014-12-31,2.869147
2015-01-05,2.954539
2015-01-06,2.980156
2015-01-07,2.971617
2015-01-08,2.911843
2015-01-09,2.843529
2015-01-12,2.749599
2015-01-13,2.792295
2015-01-14,2.723982
2015-01-15,2.783756
2015-01-16,2.809373
2015-01-19,2.570277
2015-01-20,2.647129
2015-01-21,2.723982
2015-01-22,2.723982
2015-01-23,2.689826
2015-01-26,2.723982
2015-01-27,2.732521
2015-01-28,2.698365
2015-01-29,2.672747
2015-01-30,2.655669
2015-02-02,2.595895
2015-02-03,2.630051
2015-02-04,2.604434
2015-02-05,2.561738
2015-02-06,2.450730
2015-02-09,2.390956
2015-02-10,2.442191
2015-02-11,2.570277
2015-02-12,2.595895
2015-02-13,2.595895
2015-02-16,2.638591
2015-02-17,2.638591
2015-02-25,2.612973
2015-02-26,2.638591
2015-02-27,2.698365
2015-03-02,2.715443
2015-03-03,2.647129
2015-03-04,2.783756
2015-03-05,2.741060
2015-03-06,2.689826
2015-03-09,2.698365
2015-03-10,2.706904
2015-03-11,2.664208
2015-03-12,2.672747
2015-03-13,2.681287
2015-03-16,2.749599
2015-03-17,3.022851
2015-03-18,3.321721
2015-03-19,3.270486
2015-03-20,3.364416
2015-03-23,3.449807
2015-03-24,3.620590
2015-03-25,3.526660
2015-03-26,3.424191
2015-03-27,3.449807
2015-03-30,3.501043
2015-03-31,3.441269
2015-04-01,3.501043
2015-04-02,3.535199
2015-04-03,3.543738
2015-04-07,3.663286
2015-04-08,3.594973
2015-04-09,3.501043
2015-04-10,3.620590
2015-04-13,3.979234
2015-04-14,4.184174
2015-04-15,3.774296
2015-04-16,3.842608
2015-04-17,3.816990
2015-04-20,3.953617
2015-04-21,4.124399
2015-04-22,4.115860
2015-04-23,4.064625
2015-04-24,3.936537
2015-04-27,4.004851
2015-04-28,3.859686
2015-04-29,3.910920
2015-04-30,3.859686
2015-05-04,4.030469
2015-05-05,3.919460
2015-05-06,3.782834
2015-05-07,3.526660
2015-05-08,3.654747
2015-05-11,3.757216
2015-05-12,3.748677
2015-05-13,3.663286
2015-05-14,3.782834
2015-05-15,3.637669
2015-05-18,3.594973
2015-05-19,3.663286
2015-05-20,3.671825
2015-05-21,3.688903
2015-05-22,3.953617
2015-05-25,4.030469
2015-05-26,4.158556
2015-05-27,4.218329
2015-05-28,4.406190
2015-05-29,4.303720
2015-06-01,4.602591
2015-06-02,4.611129
2015-06-03,4.465964
2015-06-04,4.354955
2015-06-05,4.380573
2015-06-08,4.465964
2015-06-09,4.491581
2015-06-10,4.483042
2015-06-11,4.431808
2015-06-12,4.491581
2015-06-15,4.568434
2015-06-16,4.354955
2015-06-17,4.389112
2015-06-18,4.389112
2015-06-19,4.406190
2015-06-23,4.525737
2015-06-24,4.901460
2015-06-25,4.662364
2015-06-26,4.243946
2015-06-29,4.107320
2015-06-30,4.431808
2015-07-01,4.201251
2015-07-02,3.851147
2015-07-03,3.466886
2015-07-06,3.449807
2015-07-07,3.108243
2015-07-08,3.108243
2015-07-09,3.108243
2015-07-10,3.108243
2015-07-13,3.415652
2015-07-14,3.757216
2015-07-15,3.432730
2015-07-16,3.492504
2015-07-17,3.688903
2015-07-20,3.671825
2015-07-21,3.637669
2015-07-22,3.594973
2015-07-23,3.688903
2015-07-24,3.586433
2015-07-27,3.227791
2015-07-28,3.150938
2015-07-29,3.321721
2015-07-30,3.168016
2015-07-31,3.159477
2015-08-03,3.108243
2015-08-04,3.253408
2015-08-05,3.150938
2015-08-06,3.108243
2015-08-07,3.219251
2015-08-10,3.338799
2015-08-11,3.372956
2015-08-12,3.296103
2015-08-13,3.381495
2015-08-14,3.381495
2015-08-17,3.535199
2015-08-18,3.236330
2015-08-19,3.355877
2015-08-20,3.304642
2015-08-21,3.125321
2015-08-24,2.809373
2015-08-25,2.527582
2015-08-26,2.467808
2015-08-27,2.578816
2015-08-28,2.723982
2015-08-31,2.621512
2015-09-01,2.698365
2015-09-02,2.681287
2015-09-07,2.672747
2015-09-08,2.706904
2015-09-09,2.766677
2015-09-10,2.681287
2015-09-11,2.672747
2015-09-14,2.501965
2015-09-15,2.390956
2015-09-16,2.570277
2015-09-17,2.484887
2015-09-18,2.493426
2015-09-21,2.536121
2015-09-22,2.536121
2015-09-23,2.467808
2015-09-24,2.493426
2015-09-25,2.425113
2015-09-28,2.442191
2015-09-29,2.382417
2015-09-30,2.382417
2015-10-08,2.459269
2015-10-09,2.476347
2015-10-12,2.595895
2015-10-13,2.570277
2015-10-14,2.553199
2015-10-15,2.612973
2015-10-16,2.612973
2015-10-19,2.630051
2015-10-20,2.647129
2015-10-21,2.510504
2015-10-22,2.544660
2015-10-23,2.647129
2015-10-26,2.630051
2015-10-27,2.604434
2015-10-28,2.553199
2015-10-29,2.561738
2015-10-30,2.544660
2015-11-02,2.467808
2015-11-03,2.467808
2015-11-04,2.570633
2015-11-05,2.622046
2015-11-06,2.664890
2015-11-09,2.673459
2015-11-10,2.690597
2015-11-11,2.699165
2015-11-12,2.673459
2015-11-13,2.622046
2015-11-16,2.630615
2015-11-17,2.639183
2015-11-18,2.604909
2015-11-19,2.699165
2015-11-20,2.690597
2015-11-23,2.647753
2015-11-24,2.647753
2015-11-25,2.690597
2015-11-26,2.639183
2015-11-27,2.510652
2015-11-30,2.510652
2015-12-01,2.519221
2015-12-02,2.579202
2015-12-03,2.639183
2015-12-04,2.587770
2015-12-07,2.596340
2015-12-08,2.536358
2015-12-09,2.527790
2015-12-10,2.536358
2015-12-11,2.527790
2015-12-14,2.570633
2015-12-15,2.544927
2015-12-16,2.544927
2015-12-17,2.604909
2015-12-18,2.562065
2015-12-21,2.647753
2015-12-22,2.630615
2015-12-23,2.604909
2015-12-24,2.596340
2015-12-25,2.596340
2015-12-28,2.553496
2015-12-29,2.570633
2015-12-30,2.562065
2015-12-31,2.544927
2016-01-04,2.382121
2016-01-05,2.424964
2016-01-06,2.527790
2016-01-07,2.330708
2016-01-08,2.433533
2016-01-11,2.356414
2016-01-12,2.364983
2016-01-13,2.322139
2016-01-14,2.347846
2016-01-15,2.227882
2016-01-18,2.219313
2016-01-19,2.270726
2016-01-20,2.245020
2016-01-21,2.176470
2016-01-22,2.193607
2016-01-25,2.202176
2016-01-26,2.005094
2016-01-27,1.970819
2016-01-28,1.902269
2016-01-29,1.953681
2016-02-01,1.927975
2016-02-02,1.962250
2016-02-03,1.953681
2016-02-04,1.979388
2016-02-05,1.970819
2016-02-15,1.970819
2016-02-16,2.167901
2016-02-17,2.270726
2016-02-18,2.236451
2016-02-19,2.219313
2016-02-22,2.262158
2016-02-23,2.227882
2016-02-24,2.236451
2016-02-25,2.056507
2016-02-26,2.090782
2016-02-29,2.022232
2016-03-01,2.090782
2016-03-02,2.176470
2016-03-03,2.159332
2016-03-04,2.176470
2016-03-07,2.193607
2016-03-08,2.185038
2016-03-09,2.133626
2016-03-10,2.116488
2016-03-11,2.099351
2016-03-14,2.159332
2016-03-15,2.133626
2016-03-16,2.125057
2016-03-17,2.159332
2016-03-18,2.202176
2016-03-21,2.227882
2016-03-22,2.193607
2016-03-23,2.193607
2016-03-24,2.159332
2016-03-25,2.227882
2016-03-28,2.193607
2016-03-29,2.159332
2016-03-30,2.202176
2016-03-31,2.185038
2016-04-01,2.193607
2016-04-05,2.227882
2016-04-06,2.210745
2016-04-07,2.185038
2016-04-08,2.167901
2016-04-11,2.202176
2016-04-12,2.176470
2016-04-13,2.202176
2016-04-14,2.210745
2016-04-15,2.185038
2016-04-18,2.159332
2016-04-19,2.159332
2016-04-20,2.082213
2016-04-21,2.065075
2016-04-22,2.073644
2016-04-25,2.099351
2016-04-26,2.090782
2016-04-27,2.073644
2016-04-28,2.056507
2016-04-29,2.047938
2016-05-03,2.082213
2016-05-04,2.099351
2016-05-05,2.082213
2016-05-06,2.065075
2016-05-09,1.996525
2016-05-10,1.996525
2016-05-11,1.987957
2016-05-12,1.979388
2016-05-13,1.962250
2016-05-16,1.979388
2016-05-17,1.970819
2016-05-18,1.962250
2016-05-19,1.979388
2016-05-20,1.970819
2016-05-23,1.979388
2016-05-24,1.962250
2016-05-25,1.962250
2016-05-26,1.970819
2016-05-27,2.013663
2016-05-30,1.979388
2016-05-31,2.030801
2016-06-01,2.030801
2016-06-02,2.065075
2016-06-03,2.039369
2016-06-06,2.030801
2016-06-07,2.022232
2016-06-08,2.013663
2016-06-13,1.953681
2016-06-14,1.953681
2016-06-15,1.987957
2016-06-16,1.962250
2016-06-17,1.970819
2016-06-20,1.987957
2016-06-21,1.970819
2016-06-22,1.987957
2016-06-23,1.962250
2016-06-24,1.953681
2016-06-27,1.970819
2016-06-28,1.988031
2016-06-29,1.988031
2016-06-30,1.988031
2016-07-01,1.988031
2016-07-04,2.013850
2016-07-05,2.013850
2016-07-06,2.013850
2016-07-07,2.031062
2016-07-08,2.022456
2016-07-11,2.056881
2016-07-12,2.082699
2016-07-13,2.082699
2016-07-14,2.074093
2016-07-15,2.065487
2016-07-18,2.039669
2016-07-19,2.039669
2016-07-20,2.039669
2016-07-21,2.048275
2016-07-22,2.031062
2016-07-25,2.031062
2016-07-26,2.048275
2016-07-27,2.022456
2016-07-28,2.013850
2016-07-29,2.005244
2016-08-01,1.996638
2016-08-02,1.996638
2016-08-03,2.005244
2016-08-04,1.996638
2016-08-05,1.996638
2016-08-08,2.031062
2016-08-09,2.039669
2016-08-10,2.039669
2016-08-11,2.022456
2016-08-12,2.048275
2016-08-15,2.082699
2016-08-16,2.082699
2016-08-17,2.074093
2016-08-18,2.074093
2016-08-19,2.065487
2016-08-22,2.065487
2016-08-23,2.091306
2016-08-24,2.134336
2016-08-25,2.099912
2016-08-26,2.108518
2016-08-29,2.108518
2016-08-30,2.117124
2016-08-31,2.099912
2016-09-01,2.065487
2016-09-02,2.074093
2016-09-05,2.082699
2016-09-06,2.091306
2016-09-07,2.091306
2016-09-08,2.082699
2016-09-09,2.056881
2016-09-12,2.013850
2016-09-13,2.013850
2016-09-14,2.013850
2016-09-19,2.031062
2016-09-20,2.048275
2016-09-21,2.039669
2016-09-22,2.082699
2016-09-23,2.074093
2016-09-26,2.039669
2016-09-27,2.039669
2016-09-28,2.039669
2016-09-29,2.048275
2016-09-30,2.039669
2016-10-10,2.082699
2016-10-11,2.134336
2016-10-12,2.125731
2016-10-13,2.185974
2016-10-14,2.194580
2016-10-17,2.142943
2016-10-18,2.168761
2016-10-19,2.168761
2016-10-20,2.160155
2016-10-21,2.151549
2016-10-24,2.177367
2016-10-25,2.168761
2016-10-26,2.168761
2016-10-27,2.142943
2016-10-28,2.125731
2016-10-31,2.125731
2016-11-01,2.134336
2016-11-02,2.177367
2016-11-03,2.177367
2016-11-04,2.168761
2016-11-07,2.297854
2016-11-08,2.297854
2016-11-09,2.383917
2016-11-10,2.383917
2016-11-11,2.358098
2016-11-14,2.349492
2016-11-15,2.349492
2016-11-16,2.383917
2016-11-17,2.366704
2016-11-18,2.332279
2016-11-21,2.358098
2016-11-22,2.401129
2016-11-23,2.366704
2016-11-24,2.340886
2016-11-25,2.392523
2016-11-28,2.461372
2016-11-29,2.487191
2016-11-30,2.495797
2016-12-01,2.495797
2016-12-02,2.556040
2016-12-05,2.461372
2016-12-06,2.452766
2016-12-07,2.469978
2016-12-08,2.521616
2016-12-09,2.538828
2016-12-12,2.452766
2016-12-13,2.426947
2016-12-14,2.418341
2016-12-15,2.392523
2016-12-16,2.392523
2016-12-19,2.426947
2016-12-20,2.444160
2016-12-21,2.461372
2016-12-22,2.452766
2016-12-23,2.418341
2016-12-26,2.435554
2016-12-27,2.426947
2016-12-28,2.426947
2016-12-29,2.409735
2016-12-30,2.461372
2017-01-03,2.667921
2017-01-04,2.685133
2017-01-05,2.650708
2017-01-06,2.659315
2017-01-09,2.719558
2017-01-10,2.710952
2017-01-11,2.719558
2017-01-12,2.840045
2017-01-13,2.745377
2017-01-16,2.659315
2017-01-17,2.719558
2017-01-18,2.710952
2017-01-19,2.719558
2017-01-20,2.822833
2017-01-23,2.951926
2017-01-24,2.926107
2017-01-25,2.926107
2017-01-26,2.934713
2017-02-03,2.771195
2017-02-06,2.728164
2017-02-07,2.745377
2017-02-08,2.745377
2017-02-09,2.771195
2017-02-10,2.805620
2017-02-13,2.814226
2017-02-14,2.762589
2017-02-15,2.797014
2017-02-16,2.814226
2017-02-17,2.771195
2017-02-20,2.771195
2017-02-21,2.805620
2017-02-22,2.874469
2017-02-23,2.865863
2017-02-24,2.883076
2017-02-27,2.831439
2017-02-28,2.814226
2017-03-01,2.797014
2017-03-02,2.762589
2017-03-03,2.771195
2017-03-06,2.762589
2017-03-07,2.771195
2017-03-08,2.753983
2017-03-09,2.719558
2017-03-10,2.702346
2017-03-13,2.753983
2017-03-14,2.736771
2017-03-15,2.779801
2017-03-16,2.779801
2017-03-17,2.745377
2017-03-20,2.779801
2017-03-21,2.831439
2017-03-22,2.857257
2017-03-23,2.857257
2017-03-24,2.926107
2017-03-27,2.943319
2017-03-28,3.003562
2017-03-29,2.994956
2017-03-30,2.934713
2017-03-31,2.960531
2017-04-05,3.063806
2017-04-06,3.072412
2017-04-07,3.149868
2017-04-10,3.261748
2017-04-11,3.261748
2017-04-12,3.201505
2017-04-13,3.244536
2017-04-14,3.192899
2017-04-17,3.192899
2017-04-18,3.261748
2017-04-19,3.210111
2017-04-20,3.270355
2017-04-21,3.425266
2017-04-24,3.373629
2017-04-25,3.321991
2017-04-26,3.468297
2017-04-27,3.485510
2017-04-28,3.468297
2017-05-02,3.528540
2017-05-03,3.597390
2017-05-04,3.571572
2017-05-05,3.537147
2017-05-08,3.192899
2017-05-09,3.235930
2017-05-10,3.278960
2017-05-11,3.261748
2017-05-12,3.270355
2017-05-15,3.339204
2017-05-16,3.597390
2017-05-17,3.537147
2017-05-18,3.580178
2017-05-19,3.571572
2017-05-22,3.545752
2017-05-23,3.425266
2017-05-24,3.502722
2017-05-25,3.494115
2017-05-26,3.459691
2017-05-31,3.321991
2017-06-01,3.321991
2017-06-02,3.347811
2017-06-05,3.347811
2017-06-06,3.313385
2017-06-07,3.365023
2017-06-08,3.459691
2017-06-09,3.485510
2017-06-12,3.442479
2017-06-13,3.442479
2017-06-14,3.356416
2017-06-15,3.356416
2017-06-16,3.425266
2017-06-19,3.425266
2017-06-20,3.494115
2017-06-21,3.511328
2017-06-22,3.433873
2017-06-23,3.468297
2017-06-26,3.580178
2017-06-27,3.571572
2017-06-28,3.562965
2017-06-29,3.640421
2017-06-30,3.580178
2017-07-03,3.545752
2017-07-04,3.571572
2017-07-05,3.580178
2017-07-06,3.562965
2017-07-07,3.562965
2017-07-10,3.459691
2017-07-11,3.459691
2017-07-12,3.390841
2017-07-13,3.399448
2017-07-14,3.477496
2017-07-17,3.382104
2017-07-18,3.425464
2017-07-19,3.494840
2017-07-20,3.494840
2017-07-21,3.442808
2017-07-24,3.494840
2017-07-25,3.434136
2017-07-26,3.399448
2017-07-27,3.408120
2017-07-28,3.390776
2017-07-31,3.425464
2017-08-01,3.408120
2017-08-02,3.399448
2017-08-03,3.382104
2017-08-04,3.347415
2017-08-07,3.373431
2017-08-08,3.312727
2017-08-09,3.286711
2017-08-10,3.199990
2017-08-11,3.208662
2017-08-14,3.304055
2017-08-15,3.295383
2017-08-16,3.338743
2017-08-17,3.321399
2017-08-18,3.312727
2017-08-21,3.356087
2017-08-22,3.347415
2017-08-23,3.373431
2017-08-24,3.356087
2017-08-25,3.382104
2017-08-28,3.399448
2017-08-29,3.321399
2017-08-30,3.338743
2017-08-31,3.321399
2017-09-01,3.330071
2017-09-04,3.382104
2017-09-05,3.477496
2017-09-06,3.477496
2017-09-07,3.434136
2017-09-08,3.442808
2017-09-11,3.442808
2017-09-12,3.399448
2017-09-13,3.390776
2017-09-14,3.330071
2017-09-15,3.330071
2017-09-18,3.477496
2017-09-19,3.477496
2017-09-20,3.468824
2017-09-21,3.434136
2017-09-22,3.468824
2017-09-25,3.460152
2017-09-26,3.616249
2017-09-27,3.642265
2017-09-28,3.893755
2017-09-29,3.815706
2017-10-09,4.153917
2017-10-10,4.171260
2017-10-11,4.101884
2017-10-12,4.136573
2017-10-13,4.422750
2017-10-16,4.431423
2017-10-17,4.466111
2017-10-18,4.587520
2017-10-19,4.362046
2017-10-20,4.388062
2017-10-23,4.552832
2017-10-24,4.526815
2017-10-25,4.960418
2017-10-26,4.995107
2017-10-27,5.133860
2017-10-30,5.333317
2017-10-31,5.394022
2017-11-01,5.368005
2017-11-02,5.047139
2017-11-03,5.211909
2017-11-06,5.671527
2017-11-07,5.662855
2017-11-08,5.584806
2017-11-09,5.654184
2017-11-10,5.636839
2017-11-13,5.558790
2017-11-14,5.315973
2017-11-15,5.394022
2017-11-16,5.567462
2017-11-17,5.359333
2017-11-20,5.437382
2017-11-21,5.784265
2017-11-22,5.619495
2017-11-23,5.255269
2017-11-24,5.012451
2017-11-27,4.526815
2017-11-28,4.674241
2017-11-29,4.691584
2017-11-30,4.630880
2017-12-01,4.665569
2017-12-04,4.856354
2017-12-05,4.873698
2017-12-06,4.951746
2017-12-07,4.839010
2017-12-08,4.917058
2017-12-11,5.029795
2017-12-12,4.969091
2017-12-13,5.021122
2017-12-14,5.029795
2017-12-15,4.786977
2017-12-18,4.795650
2017-12-19,4.899714
2017-12-20,4.908386
2017-12-21,5.125187
2017-12-22,5.133860
2017-12-25,5.081827
2017-12-26,5.038467
2017-12-27,4.986434
2017-12-28,5.021122
2017-12-29,5.021122
2018-01-02,4.969091
2018-01-03,5.003779
2018-01-04,4.960418
2018-01-05,4.839010
2018-01-08,4.839010
2018-01-09,5.211909
2018-01-10,5.281285
2018-01-11,5.281285
2018-01-12,5.263941
2018-01-15,5.437382
2018-01-16,5.541446
2018-01-17,5.515430
2018-01-18,5.515430
2018-01-19,5.766920
2018-01-22,5.766920
2018-01-23,5.628167
2018-01-24,5.680200
2018-01-25,5.489414
2018-01-26,5.446054
2018-01-29,5.237924
2018-01-30,5.263941
2018-01-31,5.272613
2018-02-01,4.917058
2018-02-02,4.925730
2018-02-05,4.960418
2018-02-06,4.648224
2018-02-07,4.682913
2018-02-08,4.839010
2018-02-09,4.500800
2018-02-12,4.656897
2018-02-13,4.795650
2018-02-14,4.795650
2018-02-22,4.908386
2018-02-23,4.839010
2018-02-26,5.021122
2018-02-27,4.951746
2018-02-28,4.908386
2018-03-01,4.943074
2018-03-02,4.856354
2018-03-05,4.847682
2018-03-06,5.021122
2018-03-07,4.917058
2018-03-08,4.951746
2018-03-09,5.090498
2018-03-12,5.255269
2018-03-13,5.168548
2018-03-14,5.159875
2018-03-15,5.159875
2018-03-16,5.021122
2018-03-19,5.055811
2018-03-20,4.995107
2018-03-21,4.986434
2018-03-22,4.925730
2018-03-23,4.734944
2018-03-26,4.717601
2018-03-27,4.769632
2018-03-28,4.630880
2018-03-29,4.656897
2018-03-30,4.613536
2018-04-02,4.596192
2018-04-03,4.492127
2018-04-04,4.448767
2018-04-09,4.422750
2018-04-10,4.544159
2018-04-11,4.544159
2018-04-12,4.535487
2018-04-13,4.552832
2018-04-16,4.405406
2018-04-17,4.240637
2018-04-18,4.032508
2018-04-19,4.032508
2018-04-20,3.893755
2018-04-23,4.058524
2018-04-24,4.006492
2018-04-25,3.893755
2018-04-26,3.702969
2018-04-27,3.746330
2018-05-02,3.702969
2018-05-03,3.893755
2018-05-04,3.824378
2018-05-07,3.902427
2018-05-08,3.971803
2018-05-09,3.954459
2018-05-10,3.893755
2018-05-11,3.833051
2018-05-14,3.885083
2018-05-15,3.859067
2018-05-16,3.781018
2018-05-17,3.772346
2018-05-18,3.763674
2018-05-21,3.824378
2018-05-22,3.807034
2018-05-23,3.711642
2018-05-24,3.676953
2018-05-25,3.572888
2018-05-28,3.512185
2018-05-29,3.538200
2018-05-30,3.399448
2018-05-31,3.572888
2018-06-01,3.503512
2018-06-04,3.538200
2018-06-05,3.633593
2018-06-06,3.590233
2018-06-07,3.581561
2018-06-08,3.503512
2018-06-11,3.477496
2018-06-12,3.520856
2018-06-13,3.460152
2018-06-14,3.451480
2018-06-15,3.390776
2018-06-19,3.095925
2018-06-20,3.121942
2018-06-21,2.965844
2018-06-22,3.000533
2018-06-25,2.965844
2018-06-26,3.045052
2018-06-27,2.974646
2018-06-28,3.001047
2018-06-29,3.115457
2018-07-02,3.027450
2018-07-03,3.071453
2018-07-04,2.983446
2018-07-05,2.904239
2018-07-06,2.921841
2018-07-09,3.009848
2018-07-10,3.027450
2018-07-11,2.930641
2018-07-12,3.177062
2018-07-13,3.133058
2018-07-16,3.159460
2018-07-17,3.133058
2018-07-18,3.097855
2018-07-19,3.062653
2018-07-20,3.115457
2018-07-23,3.194664
2018-07-24,3.361877
2018-07-25,3.335475
2018-07-26,3.291471
2018-07-27,3.265069
2018-07-30,3.291471
2018-07-31,3.309073
2018-08-01,3.159460
2018-08-02,3.089055
2018-08-03,3.036250
2018-08-06,3.053852
2018-08-07,3.150660
2018-08-08,3.062653
2018-08-09,3.177062
2018-08-10,3.177062
2018-08-13,3.221066
2018-08-14,3.185862
2018-08-15,3.115457
2018-08-16,3.097855
2018-08-17,3.071453
2018-08-20,3.124258
2018-08-21,3.141859
2018-08-22,3.089055
2018-08-23,3.133058
2018-08-24,3.115457
2018-08-27,3.273870
2018-08-28,3.247468
2018-08-29,3.150660
2018-08-30,3.009848
2018-08-31,3.001047
2018-09-03,2.974646
2018-09-04,3.001047
2018-09-05,2.939442
2018-09-06,2.930641
2018-09-07,2.913040
2018-09-10,2.825033
2018-09-11,2.851435
2018-09-12,2.842634
2018-09-13,2.851435
2018-09-14,2.833833
2018-09-17,2.710624
2018-09-18,2.754627
2018-09-19,2.781029
2018-09-20,2.772229
2018-09-21,2.851435
2018-09-25,2.807431
2018-09-26,2.816232
2018-09-27,2.754627
2018-09-28,2.772229
2018-10-08,2.657819
2018-10-09,2.666620
2018-10-10,2.649018
2018-10-11,2.402598
2018-10-12,2.367395
2018-10-15,2.349794
2018-10-16,2.305790
2018-10-17,2.384997
2018-10-18,2.332192
2018-10-19,2.393798
2018-10-22,2.534609
2018-10-23,2.464203
2018-10-24,2.455403
2018-10-25,2.446602
2018-10-26,2.455403
2018-10-29,2.437801
2018-10-30,2.376196
2018-10-31,2.420200
2018-11-01,2.481805
2018-11-02,2.543410
2018-11-05,2.508207
2018-11-06,2.534609
2018-11-07,2.499406
2018-11-08,2.481805
2018-11-09,2.455403
2018-11-12,2.552210
2018-11-13,2.587413
2018-11-14,2.543410
2018-11-15,2.578613
2018-11-16,2.587413
2018-11-19,2.569812
2018-11-20,2.481805
2018-11-21,2.481805
2018-11-22,2.464203
2018-11-23,2.384997
2018-11-26,2.384997
2018-11-27,2.402598
2018-11-28,2.490605
2018-11-29,2.420200
2018-11-30,2.446602
2018-12-03,2.508207
2018-12-04,2.499406
2018-12-05,2.464203
2018-12-06,2.411399
2018-12-07,2.420200
2018-12-10,2.393798
2018-12-11,2.411399
2018-12-12,2.411399
2018-12-13,2.446602
2018-12-14,2.402598
2018-12-17,2.393798
2018-12-18,2.376196
2018-12-19,2.358595
2018-12-20,2.349794
2018-12-21,2.288188
2018-12-24,2.305790
2018-12-25,2.270587
2018-12-26,2.314591
2018-12-27,2.314591
2018-12-28,2.314591
2019-01-02,2.270587
2019-01-03,2.270587
2019-01-04,2.314591
2019-01-07,2.340993
2019-01-08,2.384997
2019-01-09,2.367395
2019-01-10,2.349794
2019-01-11,2.358595
2019-01-14,2.384997
2019-01-15,2.384997
2019-01-16,2.349794
2019-01-17,2.349794
2019-01-18,2.376196
2019-01-21,2.384997
2019-01-22,2.340993
2019-01-23,2.332192
2019-01-24,2.332192
2019-01-25,2.323392
2019-01-28,2.332192
2019-01-29,2.305790
2019-01-30,2.288188
2019-01-31,2.252986
2019-02-01,2.305790
2019-02-11,2.411399
2019-02-12,2.649018
2019-02-13,2.913040
2019-02-14,3.106656
2019-02-15,3.150660
2019-02-18,3.326674
2019-02-19,3.309073
2019-02-20,3.370678
2019-02-21,3.300272
2019-02-22,3.353076
2019-02-25,3.687504
2019-02-26,3.872320
2019-02-27,3.643500
2019-02-28,3.581895
2019-03-01,3.766711
2019-03-04,3.801913
2019-03-05,3.889921
2019-03-06,3.784312
2019-03-07,3.696305
2019-03-08,3.537892
2019-03-11,3.643500
2019-03-12,3.625899
2019-03-13,3.458685
2019-03-14,3.353076
2019-03-15,3.361877
2019-03-18,3.405881
2019-03-19,3.476287
2019-03-20,3.441084
2019-03-21,3.458685
2019-03-22,3.581895
2019-03-25,3.564295
2019-03-26,3.388280
2019-03-27,3.344276
2019-03-28,3.361877
2019-03-29,3.432283
2019-04-01,3.529091
2019-04-02,3.493888
2019-04-03,3.493888
2019-04-04,3.502689
2019-04-08,3.414681
2019-04-09,3.414681
2019-04-10,3.449885
2019-04-11,3.379479
2019-04-12,3.370678
2019-04-15,3.370678
2019-04-16,3.423483
2019-04-17,3.511490
2019-04-18,3.476287
2019-04-19,3.476287
2019-04-22,3.476287
2019-04-23,3.397080
2019-04-24,3.590696
2019-04-25,3.405881
2019-04-26,3.361877
2019-05-06,2.921841
2019-05-07,2.974646
2019-05-08,3.036250
2019-05-09,3.009848
2019-05-10,3.080254
2019-05-13,3.009848
2019-05-14,2.983446
2019-05-15,3.009848
2019-05-16,3.009848
2019-05-17,2.921841
2019-05-20,2.983446
2019-05-21,3.053852
2019-05-22,3.071453
2019-05-23,2.992246
2019-05-24,2.974646
2019-05-27,3.097855
2019-05-28,3.062653
2019-05-29,3.036250
2019-05-30,3.080254
2019-05-31,3.053624
2019-06-03,3.053624
2019-06-04,2.991486
2019-06-05,3.000363
2019-06-06,2.947102
2019-06-10,3.009239
2019-06-11,3.098008
2019-06-12,3.062500
2019-06-13,3.053624
2019-06-14,3.009239
2019-06-17,2.991486
2019-06-18,2.973732
2019-06-19,3.000363
2019-06-20,3.053624
2019-06-21,3.106885
2019-06-24,3.062500
2019-06-25,3.026993
2019-06-26,3.035870
2019-06-27,3.071377
2019-06-28,3.053624
2019-07-01,3.355435
2019-07-02,3.328804
2019-07-03,3.284421
2019-07-04,3.231160
2019-07-05,3.240036
2019-07-08,3.124638
2019-07-09,3.169022
2019-07-10,3.266667
2019-07-11,3.240036
2019-07-12,3.311051
2019-07-15,3.355435
2019-07-16,3.515218
2019-07-17,3.648370
2019-07-18,3.612863
2019-07-19,3.577356
2019-07-22,3.559602
2019-07-23,3.550725
2019-07-24,3.612863
2019-07-25,3.808152
2019-07-26,3.728261
2019-07-29,3.817030
2019-07-30,3.666124
2019-07-31,3.595109
2019-08-01,3.586232
2019-08-02,3.488587
2019-08-05,3.399819
2019-08-06,3.337682
2019-08-07,3.293298
2019-08-08,3.399819
2019-08-09,3.302175
2019-08-12,3.417573
2019-08-13,3.373189
2019-08-14,3.426450
2019-08-15,3.417573
2019-08-16,3.390943
2019-08-19,3.488587
2019-08-20,3.461957
2019-08-21,3.435326
2019-08-22,3.532972
2019-08-23,3.524095
2019-08-26,3.444203
2019-08-27,3.417573
2019-08-28,3.355435
2019-08-29,3.302175
2019-08-30,3.248914
2019-09-02,3.302175
2019-09-03,3.319928
2019-09-04,3.319928
2019-09-05,3.408696
2019-09-06,3.470834
2019-09-09,3.639493
2019-09-10,3.559602
2019-09-11,3.595109
2019-09-12,3.577356
2019-09-16,3.577356
2019-09-17,3.470834
2019-09-18,3.453080
2019-09-19,3.506341
2019-09-20,3.497464
2019-09-23,3.461957
2019-09-24,3.461957
2019-09-25,3.346558
2019-09-26,3.293298
2019-09-27,3.337682
2019-09-30,3.328804
2019-10-08,3.328804
2019-10-09,3.328804
2019-10-10,3.346558
2019-10-11,3.337682
2019-10-14,3.373189
2019-10-15,3.319928
2019-10-16,3.302175
2019-10-17,3.284421
2019-10-18,3.231160
2019-10-21,3.195652
2019-10-22,3.248914
2019-10-23,3.328804
2019-10-24,3.293298
2019-10-25,3.284421
2019-10-28,3.319928
2019-10-29,3.248914
2019-10-30,3.231160
2019-10-31,3.169022
2019-11-01,3.186775
2019-11-04,3.195652
2019-11-05,3.204529
2019-11-06,3.195652
2019-11-07,3.266667
2019-11-08,3.222283
2019-11-11,3.160145
2019-11-12,3.248914
2019-11-13,3.231160
2019-11-14,3.337682
2019-11-15,3.275544
2019-11-18,3.302175
2019-11-19,3.311051
2019-11-20,3.248914
2019-11-21,3.257790
2019-11-22,3.240036
2019-11-25,3.293298
2019-11-26,3.426450
2019-11-27,3.453080
2019-11-28,3.408696
2019-11-29,3.461957
2019-12-02,3.453080
2019-12-03,3.515218
2019-12-04,3.586232
2019-12-05,3.586232
2019-12-06,3.612863
2019-12-09,3.657247
2019-12-10,3.666124
2019-12-11,3.550725
2019-12-12,3.559602
2019-12-13,3.648370
2019-12-16,3.896921
2019-12-17,4.216486
2019-12-18,4.136594
2019-12-19,4.163226
2019-12-20,4.154348
2019-12-23,4.047826
2019-12-24,4.172102
2019-12-25,4.207609
2019-12-26,4.287501
2019-12-27,4.118841
2019-12-30,4.047826
2019-12-31,4.030073
2020-01-02,4.092210
2020-01-03,4.198733
2020-01-06,4.180979
2020-01-07,4.154348
2020-01-08,4.402899
2020-01-09,4.438406
2020-01-10,4.394022
2020-01-13,4.385146
2020-01-14,4.402899
2020-01-15,4.331885
2020-01-16,4.340761
2020-01-17,4.287501
2020-01-20,4.420653
2020-01-21,4.411776
2020-01-22,4.367392
2020-01-23,4.198733
2020-02-03,3.772645
2020-02-04,3.914675
2020-02-05,3.923551
2020-02-06,4.145471
2020-02-07,4.136594
2020-02-10,4.216486
2020-02-11,4.216486
2020-02-12,4.225363
2020-02-13,4.189856
2020-02-14,4.154348
2020-02-17,4.358515
2020-02-18,4.491667
2020-02-19,4.402899
2020-02-20,4.740219
2020-02-21,4.749094
2020-02-24,5.104167
2020-02-25,5.175181
2020-02-26,4.766848
2020-02-27,4.695834
2020-02-28,4.349638
2020-03-02,4.509420
2020-03-03,4.518298
2020-03-04,4.456160
2020-03-05,4.527174
2020-03-06,4.580435
2020-03-09,4.358515
2020-03-10,4.465037
2020-03-11,4.331885
2020-03-12,4.101088
2020-03-13,3.985689
2020-03-16,3.692754
2020-03-17,3.763768
2020-03-18,3.666124
2020-03-19,3.719385
2020-03-20,3.728261
2020-03-23,3.479711
2020-03-24,3.515218
2020-03-25,3.595109
2020-03-26,3.506341
2020-03-27,3.506341
2020-03-30,3.337682
2020-03-31,3.293298
2020-04-01,3.373189
2020-04-02,3.461957
2020-04-03,3.399819
2020-04-07,3.497464
2020-04-08,3.497464
2020-04-09,3.479711
2020-04-10,3.373189
2020-04-13,3.328804
2020-04-14,3.408696
2020-04-15,3.399819
2020-04-16,3.382066
2020-04-17,3.453080
2020-04-20,3.417573
2020-04-21,3.373189
2020-04-22,3.382066
2020-04-23,3.346558
2020-04-24,3.284421
2020-04-27,3.257790
2020-04-28,3.142392
2020-04-29,3.160145
2020-04-30,3.337682
2020-05-06,3.390943
2020-05-07,3.346558
2020-05-08,3.435326
2020-05-11,3.506341
2020-05-12,3.479711
2020-05-13,3.461957
2020-05-14,3.435326
2020-05-15,3.497464
2020-05-18,3.373189
2020-05-19,3.417573
2020-05-20,3.461957
2020-05-21,3.444203
2020-05-22,3.346558
2020-05-25,3.293298
2020-05-26,3.355435
2020-05-27,3.302175
2020-05-28,3.284421
2020-05-29,3.293298
2020-06-01,3.497464
2020-06-02,3.772645
2020-06-03,3.763768
2020-06-04,3.843660
2020-06-05,3.843660
2020-06-08,4.207609
2020-06-09,4.092210
2020-06-10,4.260870
2020-06-11,4.127718
2020-06-12,4.109963
2020-06-15,3.923551
2020-06-16,4.030073
2020-06-17,3.950182
2020-06-18,4.038949
2020-06-19,4.056704
2020-06-22,4.083333
2020-06-23,4.083333
2020-06-24,4.012320
2020-06-29,4.109963
2020-06-30,4.145471
2020-07-01,4.118841
2020-07-02,4.314132
2020-07-03,4.251993
2020-07-06,4.465930
2020-07-07,4.626382
2020-07-08,4.706609
2020-07-09,4.733351
2020-07-10,4.528328
2020-07-13,4.688782
2020-07-14,4.617468
2020-07-15,4.403532
2020-07-16,4.180681
2020-07-17,4.127196
2020-07-20,4.296564
2020-07-21,4.394618
2020-07-22,4.403532
2020-07-23,4.260908
2020-07-24,4.029143
2020-07-27,3.993486
2020-07-28,4.091541
2020-07-29,4.171767
2020-07-30,4.091541
2020-07-31,4.162853
2020-08-03,4.260908
2020-08-04,4.225251
2020-08-05,4.251993
2020-08-06,4.394618
2020-08-07,4.269821
2020-08-10,4.278736
2020-08-11,4.180681
2020-08-12,4.180681
2020-08-13,4.332220
2020-08-14,4.403532
2020-08-17,4.653124
2020-08-18,4.662039
2020-08-19,4.581812
2020-08-20,4.608555
2020-08-21,4.626382
2020-08-24,4.867062
2020-08-25,4.769007
2020-08-26,4.501586
2020-08-27,4.563984
2020-08-28,4.840319
2020-08-31,4.902718
2020-09-01,4.965116
2020-09-02,5.125568
2020-09-03,5.089912
2020-09-04,5.009686
2020-09-07,4.795749
2020-09-08,4.911632
2020-09-09,4.724438
2020-09-10,4.528328
2020-09-11,4.670953
2020-09-14,4.670953
2020-09-15,4.653124
2020-09-16,4.608555
2020-09-17,4.653124
2020-09-18,4.688782
2020-09-21,4.572899
2020-09-22,4.519414
2020-09-23,4.563984
2020-09-24,4.385704
2020-09-25,4.350048
2020-09-28,4.341134
2020-09-29,4.474844
2020-09-30,4.376790
2020-10-09,4.635296
2020-10-12,4.679867
2020-10-13,4.608555
2020-10-14,4.501586
2020-10-15,4.439188
2020-10-16,4.385704
2020-10-19,4.332220
2020-10-20,4.394618
2020-10-21,4.332220
2020-10-22,4.332220
2020-10-23,4.269821
2020-10-26,4.269821
2020-10-27,4.234165
2020-10-28,4.278736
2020-10-29,4.323306
2020-10-30,4.216337
2020-11-02,4.430274
2020-11-03,4.510500
2020-11-04,4.492672
2020-11-05,4.555070
2020-11-06,4.670953
2020-11-09,4.769007
2020-11-10,4.849234
2020-11-11,4.608555
2020-11-12,4.786835
2020-11-13,4.777921
2020-11-16,4.795749
2020-11-17,4.697695
2020-11-18,4.849234
2020-11-19,4.804663
2020-11-20,4.804663
2020-11-23,4.822491
2020-11-24,4.804663
2020-11-25,4.769007
2020-11-26,4.644211
2020-11-27,4.670953
2020-11-30,4.822491
2020-12-01,4.991858
2020-12-02,5.107740
2020-12-03,4.893804
2020-12-04,4.777921
2020-12-07,4.706609
2020-12-08,4.679867
2020-12-09,4.608555
2020-12-10,4.617468
2020-12-11,4.528328
2020-12-14,4.626382
2020-12-15,4.697695
2020-12-16,4.608555
2020-12-17,4.679867
2020-12-18,4.617468
2020-12-21,4.813577
2020-12-22,4.760093
2020-12-23,4.974030
2020-12-24,5.072084
2020-12-25,5.072084
2020-12-28,5.054256
2020-12-29,4.982944
2020-12-30,5.312763
2020-12-31,5.348419
2021-01-04,5.277107
2021-01-05,5.491043
2021-01-06,5.473216
2021-01-07,5.499958
2021-01-08,5.731723
2021-01-11,5.696066
2021-01-12,6.204166
2021-01-13,6.257650
2021-01-14,6.257650
2021-01-15,6.061542
2021-01-18,6.097198
2021-01-19,5.811949
2021-01-20,5.981316
2021-01-21,6.221994
2021-01-22,6.355705
2021-01-25,6.284393
2021-01-26,6.025886
2021-01-27,6.177424
2021-01-28,5.687152
2021-01-29,5.508872
2021-02-01,5.553442
2021-02-02,5.615841
2021-02-03,5.330591
2021-02-04,5.508872
2021-02-05,5.250365
2021-02-08,5.330591
2021-02-09,5.499958
2021-02-10,5.517786
2021-02-18,5.464302
2021-02-19,5.589098
2021-02-22,5.642582
2021-02-23,5.811949
2021-02-24,5.633668
2021-02-25,5.589098
2021-02-26,5.428646
2021-03-01,5.499958
2021-03-02,5.401903
2021-03-03,5.660410
2021-03-04,5.642582
2021-03-05,5.553442
2021-03-08,5.589098
2021-03-09,5.303849
2021-03-10,5.303849
2021-03-11,5.241451
2021-03-12,5.410818
2021-03-15,5.455388
2021-03-16,5.366247
2021-03-17,5.571270
2021-03-18,5.526700
2021-03-19,5.366247
2021-03-22,5.642582
2021-03-23,5.642582
2021-03-24,5.580184
2021-03-25,5.384075
2021-03-26,5.651497
2021-03-29,5.589098
2021-03-30,5.660410
2021-03-31,5.589098
2021-04-01,5.562356
2021-04-02,5.678238
2021-04-06,5.687152
2021-04-07,5.847605
2021-04-08,5.803035
2021-04-09,5.892175
2021-04-12,5.731723
2021-04-13,5.829777
2021-04-14,6.257650
2021-04-15,6.257650
2021-04-16,6.204166
2021-04-19,6.293306
2021-04-20,6.195252
2021-04-21,6.337877
2021-04-22,6.346791
2021-04-23,6.489416
2021-04-26,6.462673
2021-04-27,6.569641
2021-04-28,6.453759
2021-04-29,6.471587
2021-04-30,6.533986
2021-05-06,6.248737
2021-05-07,5.892175
2021-05-10,5.945660
2021-05-11,5.954573
2021-05-12,5.883261
2021-05-13,5.722808
2021-05-14,5.865433
2021-05-17,5.820863
2021-05-18,5.883261
2021-05-19,5.883261
2021-05-20,5.803035
2021-05-21,5.910004
2021-05-24,5.767379
2021-05-25,5.794121
2021-05-26,5.740636
2021-05-27,5.767379
2021-05-28,5.615841
2021-05-31,5.633668
2021-06-01,5.669324
2021-06-02,5.589098
2021-06-03,5.580184
2021-06-04,5.507715
2021-06-07,5.534891
2021-06-08,5.471479
2021-06-09,5.489597
2021-06-10,5.380892
2021-06-11,5.543949
2021-06-15,5.534891
2021-06-16,5.489597
2021-06-17,5.489597
2021-06-18,5.707007
2021-06-21,5.634536
2021-06-22,5.743242
2021-06-23,5.761359
2021-06-24,5.788535
2021-06-25,5.788535
2021-06-28,5.734183
2021-06-29,5.607360
2021-06-30,5.652654
2021-07-01,5.498656
2021-07-02,5.462421
2021-07-05,5.471479
2021-07-06,5.580184
2021-07-07,5.589243
2021-07-08,5.707007
2021-07-09,5.716065
2021-07-12,5.761359
2021-07-13,5.797594
2021-07-14,5.924416
2021-07-15,5.725124
2021-07-16,5.870064
2021-07-19,5.770417
2021-07-20,5.688889
2021-07-21,5.616419
2021-07-22,5.643596
2021-07-23,5.498656
2021-07-26,5.380892
2021-07-27,5.362774
2021-07-28,5.145364
2021-07-29,5.199717
2021-07-30,5.199717
2021-08-02,5.344657
2021-08-03,5.263128
2021-08-04,5.281245
2021-08-05,5.254069
2021-08-06,5.226893
2021-08-09,5.317481
2021-08-10,5.335598
2021-08-11,5.326540
2021-08-12,5.317481
2021-08-13,5.235952
2021-08-16,5.235952
2021-08-17,5.109129
2021-08-18,5.136306
2021-08-19,5.235952
2021-08-20,5.163482
2021-08-23,5.145364
2021-08-24,5.081954
2021-08-25,5.091012
2021-08-26,5.054777
2021-08-27,5.163482
2021-08-30,5.254069
2021-08-31,5.272187
2021-09-01,5.235952
2021-09-02,5.317481
2021-09-03,5.272187
2021-09-06,5.263128
2021-09-07,5.254069
2021-09-08,5.399009
2021-09-09,5.362774
2021-09-10,5.353716
2021-09-13,5.272187
2021-09-14,5.172541
2021-09-15,5.127247
2021-09-16,5.163482
2021-09-17,5.081954
2021-09-22,4.927955
2021-09-23,4.900778
2021-09-24,4.728662
2021-09-27,4.783015
2021-09-28,4.710545
2021-09-29,4.556547
2021-09-30,4.574665
2021-10-08,4.810191
2021-10-11,4.728662
2021-10-12,4.737721
2021-10-13,4.755839
2021-10-14,4.710545
2021-10-15,4.647134
2021-10-18,4.610899
2021-10-19,4.619958
2021-10-20,4.574665
2021-10-21,4.511253
2021-10-22,4.502194
2021-10-25,4.475018
2021-10-26,4.484076
2021-10-27,4.393489
2021-10-28,4.411607
2021-10-29,4.447842
2021-11-01,4.511253
2021-11-02,4.402548
2021-11-03,4.565605
2021-11-04,4.565605
2021-11-05,4.538429
2021-11-08,4.520311
2021-11-09,4.538429
2021-11-10,4.529370
2021-11-11,4.574665
2021-11-12,4.547488
2021-11-15,4.529370
2021-11-16,4.538429
2021-11-17,4.493135
2021-11-18,4.429724
2021-11-19,4.465959
2021-11-22,4.529370
2021-11-23,4.529370
2021-11-24,4.547488
2021-11-25,4.493135
2021-11-26,4.447842
2021-11-29,4.384431
2021-11-30,4.366313
2021-12-01,4.420666
2021-12-02,4.393489
2021-12-03,4.411607
2021-12-06,4.402548
2021-12-07,4.393489
2021-12-08,4.402548
2021-12-09,4.610899
2021-12-10,4.674310
2021-12-13,4.665251
2021-12-14,4.601840
2021-12-15,4.592782
2021-12-16,4.610899
2021-12-17,4.574665
2021-12-20,4.511253
2021-12-21,4.538429
2021-12-22,4.520311
2021-12-23,4.529370
2021-12-24,4.484076
2021-12-27,4.484076
2021-12-28,4.493135
2021-12-29,4.465959
2021-12-30,4.583723
2021-12-31,4.574665
2022-01-04,4.601840
2022-01-05,4.638075
2022-01-06,4.583723
2022-01-07,4.665251
2022-01-10,4.692428
2022-01-11,4.601840
2022-01-12,4.610899
2022-01-13,4.556547
2022-01-14,4.502194
2022-01-17,4.529370
2022-01-18,4.520311
2022-01-19,4.493135
2022-01-20,4.484076
2022-01-21,4.520311
2022-01-24,4.502194
2022-01-25,4.411607
2022-01-26,4.438784
2022-01-27,4.366313
2022-01-28,4.393489
2022-02-07,4.465959
2022-02-08,4.511253
2022-02-09,4.538429
2022-02-10,4.529370
2022-02-11,4.529370
2022-02-14,4.465959
2022-02-15,4.456901
2022-02-16,4.465959
2022-02-17,4.447842
2022-02-18,4.447842
2022-02-21,4.493135
2022-02-22,4.429724
2022-02-23,4.447842
2022-02-24,4.321019
2022-02-25,4.339137
2022-02-28,4.257608
2022-03-01,4.257608
2022-03-02,4.248550
2022-03-03,4.257608
2022-03-04,4.212315
2022-03-07,4.085493
2022-03-08,3.913376
2022-03-09,3.840906
2022-03-10,3.976787
2022-03-11,4.022081
2022-03-14,3.949611
2022-03-15,3.732201
2022-03-16,3.849965
2022-03-17,3.859024
2022-03-18,3.895259
2022-03-21,3.886200
2022-03-22,3.904317
2022-03-23,3.904317
2022-03-24,3.859024
2022-03-25,3.831847
2022-03-28,3.849965
2022-03-29,3.813730
2022-03-30,3.940552
2022-03-31,3.904317
2022-04-01,3.904317
2022-04-06,3.895259
2022-04-07,3.795612
2022-04-08,3.804671
2022-04-11,3.695966
2022-04-12,3.786553
2022-04-13,3.750319
2022-04-14,3.750319
2022-04-15,3.723142
2022-04-18,3.732201
2022-04-19,3.705025
2022-04-20,3.677849
2022-04-21,3.578203
2022-04-22,3.596320
2022-04-25,3.397028
2022-04-26,3.324558
2022-04-27,3.415145
2022-04-28,3.387969
2022-04-29,3.442321
2022-05-05,3.424204
2022-05-06,3.324558
2022-05-09,3.333617
2022-05-10,3.351734
2022-05-11,3.469498
2022-05-12,3.460439
2022-05-13,3.460439
2022-05-16,3.478557
2022-05-17,3.478557
2022-05-18,3.478557
2022-05-19,3.487615
2022-05-20,3.569144
2022-05-23,3.541967
2022-05-24,3.478557
2022-05-25,3.514791
2022-05-26,3.560085
2022-05-27,3.560085
2022-05-30,3.579225
2022-05-31,3.627076
2022-06-01,3.607936
2022-06-02,3.598366
2022-06-06,3.627076
2022-06-07,3.598366
2022-06-08,3.579225
2022-06-09,3.521805
2022-06-10,3.550515
2022-06-13,3.502664
2022-06-14,3.531375
2022-06-15,3.847188
2022-06-16,3.732347
2022-06-17,3.713207
2022-06-20,3.713207
2022-06-21,3.713207
2022-06-22,3.655786
2022-06-23,3.703637
2022-06-24,3.722777
2022-06-27,3.732347
2022-06-28,3.818478
2022-06-29,3.751487
2022-06-30,3.770628
2022-07-01,3.761057
2022-07-04,3.722777
2022-07-05,3.694067
2022-07-06,3.694067
2022-07-07,3.761057
2022-07-08,3.751487
2022-07-11,3.703637
2022-07-12,3.674927
2022-07-13,3.684496
2022-07-14,3.655786
2022-07-15,3.579225
2022-07-18,3.694067
2022-07-19,3.722777
2022-07-20,3.732347
2022-07-21,3.722777
2022-07-22,3.722777
2022-07-25,3.713207
2022-07-26,3.694067
2022-07-27,3.694067
2022-07-28,3.741917
2022-07-29,3.722777
2022-08-01,3.703637
2022-08-02,3.588795
2022-08-03,3.579225
2022-08-04,3.588795
2022-08-05,3.674927
2022-08-08,3.694067
2022-08-09,3.694067
2022-08-10,3.694067
2022-08-11,3.770628
2022-08-12,3.780198
2022-08-15,3.770628
2022-08-16,3.741917
2022-08-17,3.789768
2022-08-18,3.789768
2022-08-19,3.780198
2022-08-22,3.780198
2022-08-23,3.741917
2022-08-24,3.674927
2022-08-25,3.655786
2022-08-26,3.627076
2022-08-29,3.617506
2022-08-30,3.569655
2022-08-31,3.540945
2022-09-01,3.464384
2022-09-02,3.464384
2022-09-05,3.435673
2022-09-06,3.502664
2022-09-07,3.454813
2022-09-08,3.445243
2022-09-09,3.464384
2022-09-13,3.464384
2022-09-14,3.397393
2022-09-15,3.416533
2022-09-16,3.301692
2022-09-19,3.234701
2022-09-20,3.234701
2022-09-21,3.253841
2022-09-22,3.263411
2022-09-23,3.244271
2022-09-26,3.177280
2022-09-27,3.205990
2022-09-28,3.148570
2022-09-29,3.100719
2022-09-30,3.129429
2022-10-10,3.129429
2022-10-11,3.119859
2022-10-12,3.320832
2022-10-13,3.330402
2022-10-14,3.397393
2022-10-17,3.493094
2022-10-18,3.493094
2022-10-19,3.435673
2022-10-20,3.483524
2022-10-21,3.445243
2022-10-24,3.416533
2022-10-25,3.416533
2022-10-26,3.445243
2022-10-27,3.435673
2022-10-28,3.359113
2022-10-31,3.196420
2022-11-01,3.339972
2022-11-02,3.368683
2022-11-03,3.320832
2022-11-04,3.387823
2022-11-07,3.435673
2022-11-08,3.387823
2022-11-09,3.378253
2022-11-10,3.330402
2022-11-11,3.397393
2022-11-14,3.368683
2022-11-15,3.521805
2022-11-16,3.521805
2022-11-17,3.521805
2022-11-18,3.464384
2022-11-21,3.426103
2022-11-22,3.464384
2022-11-23,3.445243
2022-11-24,3.416533
2022-11-25,3.426103
2022-11-28,3.378253
2022-11-29,3.435673
2022-11-30,3.426103
2022-12-01,3.416533
2022-12-02,3.397393
2022-12-05,3.493094
2022-12-06,3.493094
2022-12-07,3.454813
2022-12-08,3.445243
2022-12-09,3.454813
2022-12-12,3.426103
2022-12-13,3.416533
2022-12-14,3.378253
2022-12-15,3.387823
2022-12-16,3.435673
2022-12-19,3.330402
2022-12-20,3.292122
2022-12-21,3.272982
2022-12-22,3.253841
2022-12-23,3.244271
2022-12-26,3.263411
2022-12-27,3.282552
2022-12-28,3.244271
2022-12-29,3.225131
2022-12-30,3.234701
2023-01-03,3.301692
2023-01-04,3.359113
2023-01-05,3.368683
2023-01-06,3.464384
2023-01-09,3.493094
2023-01-10,3.512234
2023-01-11,3.521805
2023-01-12,3.569655
2023-01-13,3.598366
2023-01-16,3.703637
2023-01-17,3.732347
2023-01-18,3.761057
2023-01-19,3.866329
2023-01-20,3.856759
2023-01-30,3.904609
2023-01-31,3.808908
2023-02-01,3.875899
2023-02-02,3.837619
2023-02-03,3.837619
2023-02-06,3.856759
2023-02-07,3.847188
2023-02-08,3.818478
2023-02-09,3.914179
2023-02-10,3.904609
2023-02-13,3.885469
2023-02-14,3.885469
2023-02-15,4.076872
2023-02-16,4.000310
2023-02-17,3.933320
2023-02-20,4.009881
2023-02-21,4.048161
2023-02-22,4.000310
2023-02-23,3.981170
2023-02-24,3.962030
2023-02-27,3.933320
2023-02-28,3.990741
2023-03-01,4.048161
2023-03-02,4.048161
2023-03-03,4.048161
2023-03-06,4.029021
2023-03-07,3.942890
2023-03-08,3.942890
2023-03-09,3.952460
2023-03-10,3.895039
2023-03-13,3.923749
2023-03-14,3.885469
2023-03-15,3.962030
2023-03-16,3.914179
2023-03-17,3.990741
2023-03-20,4.048161
2023-03-21,4.038590
2023-03-22,4.172573
2023-03-23,4.268274
2023-03-24,4.296984
2023-03-27,4.220423
2023-03-28,4.143862
2023-03-29,4.201283
2023-03-30,4.239563
2023-03-31,4.249134
2023-04-03,4.306554
2023-04-04,4.239563
2023-04-06,4.287414
2023-04-07,4.277844
2023-04-10,4.191713
2023-04-11,4.239563
2023-04-12,4.296984
2023-04-13,4.210854
2023-04-14,4.163002
2023-04-17,4.172573
2023-04-18,4.153433
2023-04-19,4.086442
2023-04-20,4.163002
2023-04-21,3.981170
2023-04-24,3.904609
2023-04-25,3.847188
2023-04-26,3.856759
2023-04-27,3.818478
2023-04-28,3.847188
2023-05-04,3.856759
2023-05-05,3.818478
2023-05-08,3.828048
2023-05-09,3.875899
2023-05-10,3.818478
2023-05-11,3.818478
2023-05-12,3.751487
2023-05-15,3.808908
2023-05-16,3.799338
2023-05-17,3.751487
2023-05-18,3.761057
2023-05-19,3.789768
2023-05-22,3.770628
2023-05-23,3.751487
2023-05-24,3.588795
2023-05-25,3.646216
2023-05-26,3.694067
2023-05-29,3.741917
2023-05-30,3.770628
2023-05-31,3.799338
2023-06-01,3.789768
2023-06-02,3.808908
2023-06-05,3.847188
2023-06-06,3.761057
2023-06-07,3.830077
2023-06-08,3.820356
2023-06-09,3.888403
2023-06-12,3.849519
2023-06-13,3.878682
2023-06-14,3.917566
2023-06-15,3.917566
2023-06-16,3.927287
2023-06-19,3.946729
2023-06-20,3.917566
2023-06-21,3.868961
2023-06-26,3.878682
2023-06-27,3.927287
2023-06-28,3.888403
2023-06-29,3.849519
2023-06-30,3.975892
2023-07-03,4.043939
2023-07-04,4.043939
2023-07-05,4.024497
2023-07-06,4.102264
2023-07-07,4.199475
2023-07-10,4.092544
2023-07-11,4.141150
2023-07-12,4.141150
2023-07-13,4.160591
2023-07-14,4.248080
2023-07-17,4.248080
2023-07-18,4.209196
2023-07-19,4.180033
2023-07-20,4.111986
2023-07-21,4.092544
2023-07-24,4.063381
2023-07-25,4.102264
2023-07-26,4.053660
2023-07-27,4.005055
2023-07-28,4.082822
2023-07-31,4.111986
2023-08-01,4.102264
2023-08-02,4.053660
2023-08-03,4.073102
2023-08-04,4.053660
2023-08-07,4.014776
2023-08-08,3.995333
2023-08-09,3.946729
2023-08-10,3.966171
2023-08-11,3.849519
2023-08-14,3.878682
2023-08-15,3.868961
2023-08-16,3.820356
2023-08-17,3.830077
2023-08-18,3.752309
2023-08-21,3.703704
2023-08-22,3.791193
2023-08-23,3.713425
2023-08-24,3.713425
2023-08-25,3.664819
2023-08-28,3.713425
2023-08-29,3.771751
2023-08-30,3.868961
2023-08-31,3.898124
2023-09-01,3.888403
2023-09-04,3.956450
2023-09-05,3.966171
2023-09-06,3.946729
2023-09-07,3.849519
2023-09-08,3.859240
2023-09-11,3.820356
2023-09-12,3.849519
2023-09-13,3.781472
2023-09-14,3.771751
2023-09-15,3.742588
2023-09-18,3.732867
2023-09-19,3.703704
2023-09-20,3.684262
2023-09-21,3.664819
2023-09-22,3.781472
2023-09-25,3.732867
2023-09-26,3.713425
2023-09-27,3.693982
2023-09-28,3.752309
2023-10-09,3.810635
2023-10-10,3.849519
2023-10-11,3.839798
2023-10-12,3.859240
2023-10-13,3.888403
2023-10-16,3.830077
2023-10-17,3.830077
2023-10-18,3.800914
2023-10-19,3.713425
2023-10-20,3.664819
2023-10-23,3.587052
2023-10-24,3.596773
2023-10-25,3.674541
2023-10-26,3.703704
2023-10-27,3.723146
2023-10-30,3.907845
2023-10-31,3.810635
2023-11-01,3.645377
2023-11-02,3.684262
2023-11-03,3.742588
2023-11-06,3.898124
2023-11-07,3.888403
2023-11-08,3.839798
2023-11-09,3.839798
2023-11-10,3.839798
2023-11-13,3.839798
2023-11-14,3.868961
2023-11-15,3.878682
2023-11-16,3.849519
2023-11-17,3.868961
2023-11-20,3.830077
2023-11-21,3.830077
2023-11-22,3.771751
2023-11-23,3.800914
2023-11-24,3.752309
2023-11-27,3.791193
2023-11-28,3.810635
2023-11-29,3.800914
2023-11-30,3.762029
2023-12-01,3.762029
2023-12-04,3.752309
2023-12-05,3.684262
2023-12-06,3.752309
2023-12-07,3.723146
2023-12-08,3.762029
2023-12-11,3.674541
2023-12-12,3.693982
2023-12-13,3.645377
2023-12-14,3.625936
2023-12-15,3.625936
2023-12-18,3.596773
2023-12-19,3.616215
2023-12-20,3.587052
2023-12-21,3.577331
2023-12-22,3.635657
2023-12-25,3.655099
2023-12-26,3.596773
2023-12-27,3.684262
2023-12-28,3.713425
2023-12-29,3.791193
2024-01-02,3.762029
2024-01-03,3.742588
2024-01-04,3.693982
2024-01-05,3.684262
2024-01-08,3.771751
2024-01-09,3.674541
2024-01-10,3.616215
2024-01-11,3.655099
2024-01-12,3.616215
2024-01-15,3.616215
2024-01-16,3.625936
2024-01-17,3.577331
2024-01-18,3.567609
2024-01-19,3.548168
2024-01-22,3.480120
2024-01-23,3.480120
2024-01-24,3.557889
2024-01-25,3.635657
2024-01-26,3.645377
2024-01-29,3.635657
2024-01-30,3.548168
2024-01-31,3.499563
2024-02-01,3.567609
2024-02-02,3.548168
2024-02-05,3.548168
2024-02-06,3.713425
2024-02-07,3.771751
2024-02-08,3.771751
2024-02-19,3.839798
2024-02-20,3.849519
2024-02-21,3.859240
2024-02-22,3.868961
2024-02-23,3.868961
2024-02-26,3.820356
2024-02-27,3.868961
2024-02-28,3.791193
2024-02-29,3.878682
2024-03-01,3.995333
2024-03-04,3.937008
2024-03-05,3.956450
2024-03-06,3.937008
2024-03-07,3.917566
2024-03-08,3.937008
2024-03-11,3.966171
2024-03-12,3.946729
2024-03-13,3.946729
2024-03-14,3.888403
2024-03-15,3.927287
2024-03-18,3.937008
2024-03-19,3.927287
2024-03-20,3.898124
2024-03-21,3.888403
2024-03-22,3.810635
2024-03-25,3.820356
2024-03-26,3.830077
2024-03-27,3.839798
2024-03-28,3.917566
2024-03-29,3.946729
2024-04-01,4.218917
2024-04-02,4.180033
2024-04-03,4.218917
2024-04-08,4.228638
2024-04-09,4.209196
2024-04-10,4.141150
2024-04-11,4.121706
2024-04-12,4.111986
2024-04-15,4.180033
2024-04-16,4.102264
2024-04-17,4.160591
2024-04-18,4.180033
2024-04-19,4.121706
2024-04-22,4.102264
2024-04-23,4.092544
2024-04-24,4.160591
2024-04-25,4.199475
2024-04-26,4.248080
2024-04-29,4.218917
2024-04-30,4.238359
2024-05-06,4.393896
2024-05-07,4.306406
2024-05-08,4.296685
2024-05-09,4.267522
2024-05-10,4.257801
2024-05-13,4.238359
2024-05-14,4.257801
2024-05-15,4.209196
2024-05-16,4.180033
2024-05-17,4.286964
2024-05-20,4.218917
2024-05-21,4.238359
2024-05-22,4.248080
2024-05-23,4.141150
2024-05-24,4.111986
2024-05-27,4.170312
2024-05-28,3.975892
2024-05-29,3.975892
2024-05-30,3.995333
2024-05-31,3.966171
2024-06-03,3.975892
2024-06-04,4.024497
2024-06-05,3.995333
2024-06-06,3.975892
2024-06-07,4.024497
2024-06-11,4.005055
2024-06-12,3.966171
2024-06-13,3.907845
2024-06-14,3.956450
2024-06-17,3.966171
2024-06-18,4.024497
2024-06-19,4.024497
2024-06-20,3.946161
2024-06-21,3.965745
2024-06-24,3.877618
2024-06-25,3.828658
2024-06-26,3.906993
2024-06-27,3.955953
2024-06-28,4.004913
2024-07-01,4.024497
2024-07-02,4.014705
2024-07-03,4.044081
2024-07-04,4.004913
2024-07-05,3.975537
2024-07-08,3.946161
2024-07-09,4.014705
2024-07-10,4.102833
2024-07-11,4.220336
2024-07-12,4.210545
2024-07-15,3.897201
2024-07-16,4.024497
2024-07-17,3.985329
2024-07-18,3.955953
2024-07-19,3.985329
2024-07-22,3.926577
2024-07-23,3.818866
2024-07-24,3.720946
2024-07-25,3.701362
2024-07-26,3.769906
2024-07-29,3.760114
2024-07-30,3.760114
2024-07-31,3.858034
2024-08-01,3.828658
2024-08-02,3.789490
2024-08-05,3.681778
2024-08-06,3.691570
2024-08-07,3.671986
2024-08-08,3.662194
2024-08-09,3.652402
2024-08-12,3.623026
2024-08-13,3.652402
2024-08-14,3.642610
2024-08-15,3.711154
2024-08-16,3.720946
2024-08-19,3.730738
2024-08-20,3.720946
2024-08-21,3.750322
2024-08-22,3.769906
2024-08-23,3.779698
2024-08-26,3.818866
2024-08-27,3.711154
2024-08-28,3.740530
2024-08-29,3.799282
2024-08-30,3.779698
2024-09-02,3.750322
2024-09-03,3.809074
2024-09-04,3.809074
2024-09-05,3.769906
2024-09-06,3.740530
2024-09-09,3.711154
2024-09-10,3.760114
2024-09-11,3.681778
2024-09-12,3.632818
2024-09-13,3.574067
2024-09-18,3.554483
2024-09-19,3.662194
2024-09-20,3.701362
2024-09-23,3.720946
2024-09-24,3.799282
2024-09-25,3.809074
2024-09-26,3.887409
2024-09-27,4.063665
2024-09-30,4.377007
2024-10-08,4.621806
2024-10-09,4.259504
2024-10-10,4.279088
2024-10-11,4.102833
2024-10-14,4.161584
2024-10-15,4.063665
2024-10-16,4.044081
2024-10-17,4.004913
2024-10-18,4.073456
2024-10-21,4.142001
2024-10-22,4.190960
2024-10-23,4.249712
2024-10-24,4.161584
2024-10-25,4.279088
2024-10-28,4.259504
2024-10-29,4.220336
2024-10-30,4.425968
2024-10-31,4.572847
2024-11-01,4.367216
2024-11-04,4.406383
2024-11-05,4.523887
2024-11-06,4.474927
2024-11-07,4.563055
2024-11-08,4.533679
2024-11-11,4.563055
2024-11-12,4.445551
2024-11-13,4.455343
2024-11-14,4.308464
2024-11-15,4.318256
2024-11-18,4.318256
2024-11-19,4.308464
2024-11-20,4.318256
2024-11-21,4.279088
2024-11-22,4.151792
2024-11-25,4.112624
2024-11-26,4.102833
2024-11-27,4.210545
2024-11-28,4.171377
2024-11-29,4.210545
2024-12-02,4.230128
2024-12-03,4.220336
2024-12-04,4.171377
2024-12-05,4.171377
2024-12-06,4.220336
2024-12-09,4.200752
2024-12-10,4.259504
2024-12-11,4.298672
2024-12-12,4.298672
2024-12-13,4.269296
2024-12-16,4.210545
2024-12-17,4.239920
2024-12-18,4.288880
2024-12-19,4.337840
2024-12-20,4.298672
2024-12-23,4.269296
2024-12-24,4.308464
2024-12-25,4.288880
2024-12-26,4.288880
2024-12-27,4.249712
2024-12-30,4.357423
2024-12-31,4.298672
2025-01-02,4.151792
2025-01-03,4.112624
2025-01-06,4.093040
2025-01-07,4.337840
2025-01-08,4.230128
2025-01-09,4.220336
2025-01-10,4.112624
2025-01-13,4.073456
2025-01-14,4.230128
2025-01-15,4.171377
2025-01-16,4.220336
2025-01-17,4.249712
2025-01-20,4.298672
2025-01-21,4.406383
2025-01-22,4.396591
2025-01-23,4.357423
2025-01-24,4.386799
2025-01-27,4.367216
2025-02-05,4.416175
2025-02-06,4.445551
2025-02-07,4.445551
2025-02-10,4.416175
2025-02-11,4.406383
2025-02-12,4.455343
2025-02-13,4.416175
2025-02-14,4.484719
2025-02-17,4.494511
2025-02-18,4.435760
2025-02-19,4.406383
2025-02-20,4.406383
2025-02-21,4.445551
2025-02-24,4.474927
2025-02-25,4.455343
2025-02-26,4.386799
2025-02-27,4.288880
2025-02-28,4.220336
2025-03-03,4.249712
2025-03-04,4.279088
2025-03-05,4.288880
2025-03-06,4.357423
2025-03-07,4.328048
2025-03-10,4.308464
2025-03-11,4.308464
2025-03-12,4.269296
2025-03-13,4.220336
2025-03-14,4.308464
2025-03-17,4.288880
2025-03-18,4.308464
2025-03-19,4.259504
2025-03-20,4.220336
2025-03-21,4.161584
2025-03-24,4.181168
2025-03-25,4.132208
2025-03-26,4.132208
2025-03-27,4.122416
2025-03-28,4.122416
2025-03-31,4.063665
2025-04-01,4.112624
2025-04-02,4.122416
2025-04-03,4.073456
2025-04-07,3.662194
2025-04-08,3.662194
2025-04-09,3.652402
2025-04-10,3.711154
2025-04-11,3.681778
2025-04-14,3.720946
2025-04-15,3.701362
2025-04-16,3.730738
2025-04-17,3.730738
2025-04-18,3.740530
2025-04-21,3.750322
2025-04-22,3.760114
2025-04-23,3.750322
2025-04-24,3.720946
2025-04-25,3.779698
2025-04-28,3.760114
2025-04-29,3.740530
2025-04-30,3.760114
2025-05-06,3.799282
2025-05-07,3.789490
2025-05-08,3.799282
2025-05-09,3.779698
2025-05-12,3.848242
2025-05-13,3.838449
2025-05-14,3.867826
2025-05-15,3.809074
2025-05-16,3.809074
2025-05-19,3.799282
2025-05-20,3.818866
2025-05-21,3.799282
2025-05-22,3.789490
2025-05-23,3.740530
2025-05-26,3.750322
2025-05-27,3.750322
2025-05-28,3.740530
2025-05-29,3.769906
2025-05-30,3.720946
2025-06-03,3.720946
2025-06-04,3.828658
2025-06-05,3.858034
2025-06-06,3.858034
2025-06-09,3.877618
2025-06-10,3.818866
2025-06-11,3.848242
2025-06-12,3.848242
2025-06-13,3.809074
2025-06-16,3.809074
2025-06-17,3.838449
2025-06-18,3.867826
2025-06-19,3.848242
2025-06-20,3.848242
2025-06-23,3.877618
2025-06-24,3.897201
2025-06-25,3.926951
2025-06-26,3.917034
2025-06-27,3.936867
2025-06-30,3.956701
2025-07-01,3.956701
2025-07-02,3.946784
2025-07-03,3.986450
2025-07-04,3.966617
2025-07-07,3.926951
2025-07-08,3.966617
2025-07-09,3.946784
2025-07-10,3.996367
2025-07-11,4.026116
2025-07-14,4.016200
2025-07-15,3.936867
2025-07-16,3.917034
2025-07-17,4.006283
2025-07-18,3.956701
2025-07-21,4.036033
2025-07-22,4.075699
2025-07-23,4.065783
2025-07-24,4.095532
2025-07-25,4.065783
2025-07-28,4.065783
2025-07-29,4.075699
2025-07-30,4.045949
2025-07-31,4.006283
2025-08-01,3.996367
2025-08-04,3.986450
2025-08-05,4.006283
2025-08-06,4.026116
2025-08-07,3.996367
2025-08-08,3.966617
2025-08-11,3.976534
2025-08-12,3.956701
2025-08-13,3.946784
2025-08-14,3.867452
2025-08-15,3.926951
2025-08-18,3.917034
2025-08-19,3.897201
2025-08-20,3.976534
2025-08-21,4.006283
2025-08-22,4.145115
2025-08-25,4.125282
2025-08-26,4.145115
2025-08-27,4.095532
2025-08-28,4.174865
2025-08-29,4.194697
2025-09-01,4.164948
2025-09-02,4.075699
2025-09-03,4.006283
2025-09-04,4.016200
2025-09-05,4.075699
2025-09-08,4.095532
2025-09-09,4.065783
2025-09-10,4.045949
2025-09-11,4.125282
2025-09-12,4.135199
2025-09-15,4.125282
2025-09-16,4.095532
2025-09-17,4.125282
2025-09-18,4.105449
2025-09-19,4.095532
2025-09-22,4.105449
2025-09-23,4.125282
2025-09-24,4.174865
2025-09-25,4.135199
2025-09-26,4.065783
2025-09-29,4.085616
2025-09-30,4.125282
2025-10-09,4.244280
2025-10-10,4.135199
2025-10-13,4.075699
2025-10-14,4.026116
2025-10-15,4.065783
2025-10-16,4.045949
2025-10-17,3.966617
2025-10-20,3.966617
2025-10-21,3.986450
2025-10-22,3.986450
2025-10-23,4.016200
2025-10-24,4.016200
2025-10-27,4.036033
2025-10-28,4.026116
2025-10-29,4.036033
2025-10-30,4.055866
2025-10-31,4.026116
2025-11-03,4.026116
2025-11-04,3.966617
2025-11-05,3.966617
2025-11-06,3.966617
2025-11-07,3.976534
2025-11-10,4.026116
2025-11-11,4.006283
2025-11-12,4.006283
2025-11-13,4.006283
2025-11-14,3.966617
2025-11-17,3.926951
2025-11-18,3.897201
2025-11-19,3.887285
2025-11-20,3.867452
2025-11-21,3.798036
2025-11-24,3.788119
2025-11-25,3.817869
2025-11-26,3.827785
2025-11-27,3.807952
2025-11-28,3.827785
2025-12-01,3.867452
2025-12-02,3.847619
2025-12-03,3.996367
2025-12-04,4.016200
2025-12-05,4.224447
2025-12-08,4.174865
2025-12-09,4.135199
2025-12-10,4.145115
2025-12-11,4.075699
2025-12-12,4.105449
2025-12-15,4.095532
2025-12-16,4.105449
2025-12-17,4.135199
2025-12-18,4.075699
2025-12-19,4.055866
2025-12-22,4.006283
2025-12-23,4.006283
2025-12-24,4.026116
2025-12-25,4.026116
2025-12-26,4.006283
2025-12-29,4.095532
2025-12-30,4.135199
2025-12-31,4.174865
2026-01-05,4.194697
2026-01-06,4.462444
2026-01-07,4.323613
2026-01-08,4.313696
2026-01-09,4.373195
2026-01-12,4.422778
2026-01-13,4.422778
2026-01-14,4.561610
2026-01-15,4.492194
2026-01-16,4.422778
2026-01-19,4.472361
2026-01-20,4.412861
2026-01-21,4.422778
2026-01-22,4.363279
2026-01-23,4.412861
2026-01-26,4.432694
2026-01-27,4.521944
2026-01-28,4.492194
2026-01-29,4.412861
2026-01-30,4.333529
2026-02-02,4.204614
2026-02-03,4.274030
2026-02-04,4.353362
2026-02-05,4.373195
2026-02-06,4.333529
2026-02-09,4.313696
2026-02-10,4.283947
2026-02-11,4.254197
2026-02-12,4.194697
2026-02-13,4.145115
2026-02-24,4.244280
2026-02-25,4.323613
2026-02-26,4.293863
2026-02-27,4.442611
2026-03-02,4.452528
2026-03-03,4.283947
2026-03-04,4.283947
2026-03-05,4.422778
2026-03-06,4.333529
2026-03-09,4.274030
2026-03-10,4.313696
2026-03-11,4.353362
2026-03-12,4.383112
2026-03-13,4.323613
2026-03-16,4.194697
2026-03-17,4.145115
2026-03-18,4.164948
2026-03-19,4.055866
2026-03-20,4.045949
2026-03-23,3.837702
2026-03-24,3.966617
2026-03-25,3.956701
2026-03-26,3.907118
2026-03-27,3.917034
2026-03-30,3.907118
2026-03-31,3.877368
2026-04-01,3.976534
2026-04-02,3.917034
2026-04-03,3.897201
2026-04-07,3.877368
2026-04-08,3.996367
2026-04-09,3.976534
2026-04-10,4.006283
2026-04-13,3.996367
2026-04-14,3.986450
2026-04-15,3.966617
2026-04-16,3.996367
2026-04-17,3.986450
2026-04-20,4.155032
2026-04-21,4.184781
2026-04-22,4.234364
2026-04-23,4.155032
2026-04-24,4.095532
2026-04-27,4.174865
2026-04-28,4.115366
2026-04-29,4.135199
2026-04-30,4.045949
2026-05-06,4.145115
2026-05-07,4.174865
2026-05-08,4.135199
2026-05-11,4.155032
2026-05-12,4.135199
2026-05-13,4.194697
2026-05-14,4.184781
2026-05-15,4.105449
2026-05-18,4.174865
2026-05-19,4.274030
2026-05-20,4.224447
2026-05-21,4.650858
2026-05-22,5.116936
2026-05-25,5.226018
2026-05-26,5.721845
2026-05-27,5.672262
2026-05-28,5.632596
2026-05-29,5.067354
2026-06-01,5.315267
2026-06-02,5.424349
2026-06-03,5.543347
2026-06-04,6.098674
2026-06-05,6.376337
2026-06-08,6.237505
2026-06-09,6.465586
2026-06-10,5.979675
2026-06-11,5.781344
2026-06-12,5.523514
2026-06-15,5.870594
2026-06-16,6.049091
2026-06-17,6.654000
2026-06-18,6.550000
2026-06-22,6.930000
2026-06-23,6.770000
2026-06-24,7.070000
2026-06-25,7.520000
2026-06-26,7.790000
2026-06-29,7.950000
2026-06-30,8.680000
2026-07-01,8.770000
2026-07-02,9.100000
2026-07-03,8.380000
2026-07-06,7.760000
2026-07-07,7.580000
2026-07-08,7.630000
2026-07-09,8.150000
2026-07-10,7.590000
2026-07-13,6.830000
2026-07-14,7.020000
2026-07-15,6.380000
2026-07-16,6.050000
2026-07-17,6.070000
2026-07-20,5.790000
2026-07-21,6.310000
2026-07-22,6.040000
2026-07-23,6.060000
2026-07-24,5.790000
2026-07-27,5.970000
2026-07-28,5.580000
2026-07-29,5.710000
2026-07-30,5.360000
2026-07-31,5.510000
2026-08-03,5.420000
2026-08-04,5.630000
2026-08-05,5.970000
2026-08-06,5.960000
2026-08-07,6.070000
2026-08-10,5.890000
2026-08-11,5.910000
2026-08-12,5.930000
2026-08-13,5.860000
2026-08-14,5.810000
2026-08-17,6.080000
2026-08-18,6.470000
2026-08-19,6.010000
2026-08-20,5.900000
2026-08-21,6.000000
2026-08-24,5.750000
2026-08-25,5.740000
2026-08-26,5.720000
2026-08-27,5.940000
2026-08-28,5.920000
2026-08-31,6.010000
2026-09-01,5.910000
2026-09-02,5.790000
2026-09-03,5.710000
2026-09-04,5.610000
2026-09-07,5.680000
2026-09-08,5.560000
2026-09-09,5.550000
2026-09-10,5.460000
2026-09-11,5.330000
