date,close
2004-01-01,2.947324
2004-01-02,2.895916
2004-01-05,2.906198
2004-01-06,2.959318
2004-01-07,2.954178
2004-01-08,3.120393
2004-01-09,3.072414
2004-01-12,3.113539
2004-01-13,3.098117
2004-01-14,3.082694
2004-01-15,3.039856
2004-01-16,3.084409
2004-01-19,3.084409
2004-01-20,3.084409
2004-01-21,3.084409
2004-01-22,3.084409
2004-01-23,3.084409
2004-01-26,3.084409
2004-01-27,3.084409
2004-01-28,3.084409
2004-01-29,3.197503
2004-01-30,3.104971
2004-02-02,3.260905
2004-02-03,3.293463
2004-02-04,3.320880
2004-02-05,3.329448
2004-02-06,3.269473
2004-02-09,3.247197
2004-02-10,3.254051
2004-02-11,3.206071
2004-02-12,3.279754
2004-02-13,3.368859
2004-02-16,3.409985
2004-02-17,3.464818
2004-02-18,3.442543
2004-02-19,3.385994
2004-02-20,3.416839
2004-02-23,3.341442
2004-02-24,3.315739
2004-02-25,3.290035
2004-02-26,3.235202
2004-02-27,3.252337
2004-03-01,3.202645
2004-03-02,3.247197
2004-03-03,3.211212
2004-03-04,3.238629
2004-03-05,3.206071
2004-03-08,3.103257
2004-03-09,3.084409
2004-03-10,3.122107
2004-03-11,3.146097
2004-03-12,3.092976
2004-03-15,3.159805
2004-03-16,3.221492
2004-03-17,3.221492
2004-03-18,3.183794
2004-03-19,3.173513
2004-03-22,3.218066
2004-03-23,3.216353
2004-03-24,3.363719
2004-03-25,3.444256
2004-03-26,3.413411
2004-03-29,3.370573
2004-03-30,3.317453
2004-03-31,3.356864
2004-04-01,3.394563
2004-04-02,3.403131
2004-04-05,3.442543
2004-04-06,3.442543
2004-04-07,3.408272
2004-04-08,3.389421
2004-04-09,3.317453
2004-04-12,3.315739
2004-04-13,3.255765
2004-04-14,3.235202
2004-04-15,3.250624
2004-04-16,3.281468
2004-04-19,3.305457
2004-04-20,3.312311
2004-04-21,3.291749
2004-04-22,3.291749
2004-04-23,3.312311
2004-04-26,3.367145
2004-04-27,3.374001
2004-04-28,3.358578
2004-04-29,3.358578
2004-04-30,3.404844
2004-05-03,3.404844
2004-05-04,3.404844
2004-05-05,3.404844
2004-05-06,3.404844
2004-05-07,3.404844
2004-05-10,3.427121
2004-05-11,3.370573
2004-05-12,3.363719
2004-05-13,3.404844
2004-05-14,3.317453
2004-05-17,3.336302
2004-05-18,3.302031
2004-05-19,3.351723
2004-05-20,3.360291
2004-05-21,3.358578
2004-05-24,3.346584
2004-05-25,3.324307
2004-05-26,3.322592
2004-05-27,3.358578
2004-05-28,3.375713
2004-05-31,3.384281
2004-06-01,3.420266
2004-06-02,3.391136
2004-06-03,3.367145
2004-06-04,3.380855
2004-06-07,3.360291
2004-06-08,3.358578
2004-06-09,3.355151
2004-06-10,3.324307
2004-06-11,3.348674
2004-06-14,3.324307
2004-06-15,3.317346
2004-06-16,3.353895
2004-06-17,3.292979
2004-06-18,3.275574
2004-06-21,3.254688
2004-06-22,3.280795
2004-06-23,3.237283
2004-06-24,3.202474
2004-06-25,3.165924
2004-06-28,3.129374
2004-06-29,3.132855
2004-06-30,3.205955
2004-07-01,3.244245
2004-07-02,3.228581
2004-07-05,3.232062
2004-07-06,3.230321
2004-07-07,3.219878
2004-07-08,3.202474
2004-07-09,3.183328
2004-07-12,3.164183
2004-07-13,3.165924
2004-07-14,3.165924
2004-07-15,3.242505
2004-07-16,3.287757
2004-07-19,3.324307
2004-07-20,3.303421
2004-07-21,3.284277
2004-07-22,3.303421
2004-07-23,3.256428
2004-07-26,3.306902
2004-07-27,3.324307
2004-07-28,3.353895
2004-07-29,3.409590
2004-07-30,3.386964
2004-08-02,3.421773
2004-08-03,3.348674
2004-08-04,3.369559
2004-08-05,3.380003
2004-08-06,3.380003
2004-08-09,3.359116
2004-08-10,3.376521
2004-08-11,3.376521
2004-08-12,3.353895
2004-08-13,3.392186
2004-08-16,3.359116
2004-08-17,3.376521
2004-08-18,3.397406
2004-08-19,3.399148
2004-08-20,3.480950
2004-08-23,3.480950
2004-08-24,3.467026
2004-08-25,3.475728
2004-08-26,3.463545
2004-08-27,3.447881
2004-08-30,3.413071
2004-08-31,3.460064
2004-09-01,3.432217
2004-09-02,3.428735
2004-09-03,3.463545
2004-09-06,3.447881
2004-09-07,3.425256
2004-09-08,3.425256
2004-09-09,3.385224
2004-09-10,3.407850
2004-09-13,3.381743
2004-09-14,3.425256
2004-09-15,3.515758
2004-09-16,3.567973
2004-09-17,3.677624
2004-09-20,3.735059
2004-09-21,3.665441
2004-09-22,3.726358
2004-09-23,3.456584
2004-09-24,3.461805
2004-09-27,3.486171
2004-09-28,3.576677
2004-09-29,3.585378
2004-09-30,3.597562
2004-10-01,3.597562
2004-10-04,3.597562
2004-10-05,3.597562
2004-10-06,3.597562
2004-10-07,3.597562
2004-10-08,3.670661
2004-10-11,3.768128
2004-10-12,3.613226
2004-10-13,3.621928
2004-10-14,3.571456
2004-10-15,3.667180
2004-10-18,3.578417
2004-10-19,3.613226
2004-10-20,3.628891
2004-10-21,3.677624
2004-10-22,3.733319
2004-10-25,3.740280
2004-10-26,3.726358
2004-10-27,3.639333
2004-10-28,3.642815
2004-10-29,3.608004
2004-11-01,3.526202
2004-11-02,3.522721
2004-11-03,3.599302
2004-11-04,3.606264
2004-11-05,3.604524
2004-11-08,3.594080
2004-11-09,3.621928
2004-11-10,3.742021
2004-11-11,3.736800
2004-11-12,3.742021
2004-11-15,3.733319
2004-11-16,3.735059
2004-11-17,3.724616
2004-11-18,3.721136
2004-11-19,3.715914
2004-11-22,3.668921
2004-11-23,3.634111
2004-11-24,3.627150
2004-11-25,3.646296
2004-11-26,3.651516
2004-11-29,3.649776
2004-11-30,3.599302
2004-12-01,3.550568
2004-12-02,3.628891
2004-12-03,3.609745
2004-12-06,3.578417
2004-12-07,3.548828
2004-12-08,3.574935
2004-12-09,3.571456
2004-12-10,3.567973
2004-12-13,3.569714
2004-12-14,3.550568
2004-12-15,3.574935
2004-12-16,3.569714
2004-12-17,3.541867
2004-12-20,3.510538
2004-12-21,3.477469
2004-12-22,3.507056
2004-12-23,3.527943
2004-12-24,3.555790
2004-12-27,3.561012
2004-12-28,3.634111
2004-12-29,3.653257
2004-12-30,3.667180
2004-12-31,3.670661
2005-01-03,3.670661
2005-01-04,3.578417
2005-01-05,3.632371
2005-01-06,3.665441
2005-01-07,3.689808
2005-01-10,3.827304
2005-01-11,3.829045
2005-01-12,3.806420
2005-01-13,3.823823
2005-01-14,3.863855
2005-01-17,3.802937
2005-01-18,3.802937
2005-01-19,3.804678
2005-01-20,3.752464
2005-01-21,3.811640
2005-01-24,3.877779
2005-01-25,3.889961
2005-01-26,3.905627
2005-01-27,3.907366
2005-01-28,3.914328
2005-01-31,3.907366
2005-02-01,3.903885
2005-02-02,4.011795
2005-02-03,4.067491
2005-02-04,4.067491
2005-02-07,4.067491
2005-02-08,4.067491
2005-02-09,4.067491
2005-02-10,4.067491
2005-02-11,4.067491
2005-02-14,4.067491
2005-02-15,4.067491
2005-02-16,4.034421
2005-02-17,3.973504
2005-02-18,3.935215
2005-02-21,3.973504
2005-02-22,4.046605
2005-02-23,4.013535
2005-02-24,3.970023
2005-02-25,4.006573
2005-02-28,3.942177
2005-03-01,3.950878
2005-03-02,3.950878
2005-03-03,3.952619
2005-03-04,4.023978
2005-03-07,4.090117
2005-03-08,4.151034
2005-03-09,4.156255
2005-03-10,4.151034
2005-03-11,4.142329
2005-03-14,4.309416
2005-03-15,4.220651
2005-03-16,4.107521
2005-03-17,4.175400
2005-03-18,4.050086
2005-03-21,4.131888
2005-03-22,4.210209
2005-03-23,4.194545
2005-03-24,4.140589
2005-03-25,4.124924
2005-03-28,4.157993
2005-03-29,4.170177
2005-03-30,4.069231
2005-03-31,4.001352
2005-04-01,4.091856
2005-04-04,4.111001
2005-04-05,4.164956
2005-04-06,4.218911
2005-04-07,4.171918
2005-04-08,4.074452
2005-04-11,3.968283
2005-04-12,3.970023
2005-04-13,3.980466
2005-04-14,4.001352
2005-04-15,4.032680
2005-04-18,3.949139
2005-04-19,3.950878
2005-04-20,3.938695
2005-04-21,4.114482
2005-04-22,4.055308
2005-04-25,4.067491
2005-04-26,4.137109
2005-04-27,4.098818
2005-04-28,4.135369
2005-04-29,4.157993
2005-05-02,4.157993
2005-05-03,4.157993
2005-05-04,4.157993
2005-05-05,4.157993
2005-05-06,4.157993
2005-05-09,4.097079
2005-05-10,3.982206
2005-05-11,3.914328
2005-05-12,3.891701
2005-05-13,3.872557
2005-05-16,3.863855
2005-05-17,3.952619
2005-05-18,3.952619
2005-05-19,3.957841
2005-05-20,3.957841
2005-05-23,3.973504
2005-05-24,3.794235
2005-05-25,3.822083
2005-05-26,3.681104
2005-05-27,3.623668
2005-05-30,3.635852
2005-05-31,3.628891
2005-06-01,3.632371
2005-06-02,3.407850
2005-06-03,3.491393
2005-06-06,3.703730
2005-06-07,3.651516
2005-06-08,3.844709
2005-06-09,3.936954
2005-06-10,3.809900
2005-06-13,3.776832
2005-06-14,3.684585
2005-06-15,3.588861
2005-06-16,3.682845
2005-06-17,3.648036
2005-06-20,3.822083
2005-06-21,3.804678
2005-06-22,3.863855
2005-06-23,3.846449
2005-06-24,3.825564
2005-06-27,3.916070
2005-06-28,3.970023
2005-06-29,3.942177
2005-06-30,3.881259
2005-07-01,3.877779
2005-07-04,3.879518
2005-07-05,3.903885
2005-07-06,3.877779
2005-07-07,3.920377
2005-07-08,3.899252
2005-07-11,3.888691
2005-07-12,3.939386
2005-07-13,3.941498
2005-07-14,3.990081
2005-07-15,3.983744
2005-07-18,3.983744
2005-07-19,3.966846
2005-07-20,4.006979
2005-07-21,4.011205
2005-07-22,4.032325
2005-07-25,4.089357
2005-07-26,4.087245
2005-07-27,4.114703
2005-07-28,4.072458
2005-07-29,4.034437
2005-08-01,4.040774
2005-08-02,4.053448
2005-08-03,4.078795
2005-08-04,4.034437
2005-08-05,4.110479
2005-08-08,3.979519
2005-08-09,3.939386
2005-08-10,3.962620
2005-08-11,4.023876
2005-08-12,3.928825
2005-08-15,3.992193
2005-08-16,3.949948
2005-08-17,3.987967
2005-08-18,3.994303
2005-08-19,4.015428
2005-08-22,4.019652
2005-08-23,4.036550
2005-08-24,4.080907
2005-08-25,4.051336
2005-08-26,4.074571
2005-08-29,4.055560
2005-08-30,4.030214
2005-08-31,4.140051
2005-09-01,4.180185
2005-09-02,4.140051
2005-09-05,4.140051
2005-09-06,4.076683
2005-09-07,4.118929
2005-09-08,4.161174
2005-09-09,4.220319
2005-09-12,4.192857
2005-09-13,4.351279
2005-09-14,4.353390
2005-09-15,4.311145
2005-09-16,4.226655
2005-09-19,4.336493
2005-09-20,4.287910
2005-09-21,4.186521
2005-09-22,4.112592
2005-09-23,4.142163
2005-09-26,4.194972
2005-09-27,4.178073
2005-09-28,4.110479
2005-09-29,4.165398
2005-09-30,4.013315
2005-10-03,4.013315
2005-10-04,4.013315
2005-10-05,4.013315
2005-10-06,4.013315
2005-10-07,4.013315
2005-10-10,3.992193
2005-10-11,4.118929
2005-10-12,4.199195
2005-10-13,4.140051
2005-10-14,4.304808
2005-10-17,4.304808
2005-10-18,4.304808
2005-10-19,4.304808
2005-10-20,4.304808
2005-10-21,4.304808
2005-10-24,4.304808
2005-10-25,4.304808
2005-10-26,4.304808
2005-10-27,4.203421
2005-10-28,4.161174
2005-10-31,4.235103
2005-11-01,4.247776
2005-11-02,4.264675
2005-11-03,4.247776
2005-11-04,4.245666
2005-11-07,4.222430
2005-11-08,4.182297
2005-11-09,4.222430
2005-11-10,4.207644
2005-11-11,4.207644
2005-11-14,4.207644
2005-11-15,4.207644
2005-11-16,4.207644
2005-11-17,4.207644
2005-11-18,4.207644
2005-11-21,4.207644
2005-11-22,4.207644
2005-11-23,4.207644
2005-11-24,4.207644
2005-11-25,4.207644
2005-11-28,4.207644
2005-11-29,4.207644
2005-11-30,4.066121
2005-12-01,3.976351
2005-12-02,3.881299
2005-12-05,3.804729
2005-12-06,3.696474
2005-12-07,3.712316
2005-12-08,3.667431
2005-12-09,3.722878
2005-12-12,3.590860
2005-12-13,3.572380
2005-12-14,3.683273
2005-12-15,3.641027
2005-12-16,3.590860
2005-12-19,3.670072
2005-12-20,3.736080
2005-12-21,3.701755
2005-12-22,3.728158
2005-12-23,3.783605
2005-12-26,3.712316
2005-12-27,3.667431
2005-12-28,3.667431
2005-12-29,3.672712
2005-12-30,3.672712
2006-01-04,3.659509
2006-01-05,3.691194
2006-01-06,3.810009
2006-01-09,3.854895
2006-01-10,3.770404
2006-01-11,3.720237
2006-01-12,3.693834
2006-01-13,3.683273
2006-01-16,3.733439
2006-01-17,3.643668
2006-01-18,3.619905
2006-01-19,3.590860
2006-01-20,3.493169
2006-01-23,3.514291
2006-01-24,3.538054
2006-01-25,3.501090
2006-02-06,3.575018
2006-02-07,3.519572
2006-02-08,3.627826
2006-02-09,3.736080
2006-02-10,3.730799
2006-02-13,3.823210
2006-02-14,3.823210
2006-02-15,3.741360
2006-02-16,3.630466
2006-02-17,3.638387
2006-02-20,3.596142
2006-02-21,3.588221
2006-02-22,3.580299
2006-02-23,3.538054
2006-02-24,3.588221
2006-02-27,3.604063
2006-02-28,3.630466
2006-03-01,3.688553
2006-03-02,3.646307
2006-03-03,3.693834
2006-03-06,3.664789
2006-03-07,3.564457
2006-03-08,3.561816
2006-03-09,3.572380
2006-03-10,3.543334
2006-03-13,3.585580
2006-03-14,3.556536
2006-03-15,3.609343
2006-03-16,3.590860
2006-03-17,3.575018
2006-03-20,3.575018
2006-03-21,3.538054
2006-03-22,3.527493
2006-03-23,3.556536
2006-03-24,3.633106
2006-03-27,3.696474
2006-03-28,3.627826
2006-03-29,3.604063
2006-03-30,3.532774
2006-03-31,3.561816
2006-04-03,3.617265
2006-04-04,3.585580
2006-04-05,3.646307
2006-04-06,3.606702
2006-04-07,3.582940
2006-04-10,3.648948
2006-04-11,4.013315
2006-04-12,3.963148
2006-04-13,3.751922
2006-04-14,3.883939
2006-04-17,3.994833
2006-04-18,3.978991
2006-04-19,4.021235
2006-04-20,4.235103
2006-04-21,4.277349
2006-04-24,4.187577
2006-04-25,4.010674
2006-04-26,4.076683
2006-04-27,3.949948
2006-04-28,4.015956
2006-05-08,4.126850
2006-05-09,4.195498
2006-05-10,4.512340
2006-05-11,4.243025
2006-05-12,4.459533
2006-05-15,4.594190
2006-05-16,4.293191
2006-05-17,4.258866
2006-05-18,4.219261
2006-05-19,4.322234
2006-05-22,4.332797
2006-05-23,4.092525
2006-05-24,3.978991
2006-05-25,4.021235
2006-05-26,4.021235
2006-05-29,4.150613
2006-05-30,4.190218
2006-05-31,4.132130
2006-06-01,4.177017
2006-06-02,4.324874
2006-06-05,4.327516
2006-06-06,4.369760
2006-06-07,4.095165
2006-06-08,4.050279
2006-06-09,4.008035
2006-06-12,4.066121
2006-06-13,4.029158
2006-06-14,4.050279
2006-06-15,4.103086
2006-06-16,4.153253
2006-06-19,4.227182
2006-06-20,4.211341
2006-06-21,4.182297
2006-06-22,4.142691
2006-06-23,4.126850
2006-06-26,4.240384
2006-06-27,4.198140
2006-06-28,4.301112
2006-06-29,4.364480
2006-06-30,4.322234
2006-07-03,4.332797
2006-07-04,4.367119
2006-07-05,4.277349
2006-07-06,4.367119
2006-07-07,4.327516
2006-07-10,4.332797
2006-07-11,4.406725
2006-07-12,4.345997
2006-07-13,4.068763
2006-07-14,4.129490
2006-07-17,4.158534
2006-07-18,4.171734
2006-07-19,4.101983
2006-07-20,4.166368
2006-07-21,4.185149
2006-07-24,4.214659
2006-07-25,4.281730
2006-07-26,4.265634
2006-07-27,4.214659
2006-07-28,4.171734
2006-07-31,4.169052
2006-08-01,4.101983
2006-08-02,3.994671
2006-08-03,3.951747
2006-08-04,3.836387
2006-08-07,3.822973
2006-08-08,3.903457
2006-08-09,3.919553
2006-08-10,3.997354
2006-08-11,3.994671
2006-08-14,3.898091
2006-08-15,3.930285
2006-08-16,4.120761
2006-08-17,4.056376
2006-08-18,4.217342
2006-08-21,4.230757
2006-08-22,4.211977
2006-08-23,4.169052
2006-08-24,4.201246
2006-08-25,4.136859
2006-08-28,4.249537
2006-08-29,4.241488
2006-08-30,4.297826
2006-08-31,4.273681
2006-09-01,4.161004
2006-09-04,4.244171
2006-09-05,4.182466
2006-09-06,4.195880
2006-09-07,4.198562
2006-09-08,4.220025
2006-09-11,4.265634
2006-09-12,4.260267
2006-09-13,4.254901
2006-09-14,4.214659
2006-09-15,4.249537
2006-09-18,4.276363
2006-09-19,4.332703
2006-09-20,4.348799
2006-09-21,4.289779
2006-09-22,4.209294
2006-09-25,4.281730
2006-09-26,4.198562
2006-09-27,4.185149
2006-09-28,4.195880
2006-09-29,4.206611
2006-10-09,4.343433
2006-10-10,4.265634
2006-10-11,4.203928
2006-10-12,4.080521
2006-10-13,4.037595
2006-10-16,4.059058
2006-10-17,4.005402
2006-10-18,4.032231
2006-10-19,4.072471
2006-10-20,4.021498
2006-10-23,3.903457
2006-10-24,4.018816
2006-10-25,4.021498
2006-10-26,3.973209
2006-10-27,3.949062
2006-10-30,3.916870
2006-10-31,3.959795
2006-11-01,3.957112
2006-11-02,3.994671
2006-11-03,4.024182
2006-11-06,4.029546
2006-11-07,3.997354
2006-11-08,3.943698
2006-11-09,3.954430
2006-11-10,3.916870
2006-11-13,3.814924
2006-11-14,3.954430
2006-11-15,3.986622
2006-11-16,4.123445
2006-11-17,4.118079
2006-11-20,4.112715
2006-11-21,4.061741
2006-11-22,4.088568
2006-11-23,4.101983
2006-11-24,4.034913
2006-11-27,4.088568
2006-11-28,4.075155
2006-11-29,4.265634
2006-11-30,4.260267
2006-12-01,4.493670
2006-12-04,4.480255
2006-12-05,4.493670
2006-12-06,4.316606
2006-12-07,4.292460
2006-12-08,4.179784
2006-12-11,4.313923
2006-12-12,4.582202
2006-12-13,4.477573
2006-12-14,4.668052
2006-12-15,4.745852
2006-12-18,4.877308
2006-12-19,4.853164
2006-12-20,4.925599
2006-12-21,4.769997
2006-12-22,4.732438
2006-12-25,4.745852
2006-12-26,4.646589
2006-12-27,4.633174
2006-12-28,4.488304
2006-12-29,4.609029
2007-01-04,4.879992
2007-01-05,5.212656
2007-01-08,5.446060
2007-01-09,5.494349
2007-01-10,5.580198
2007-01-11,5.448742
2007-01-12,5.368260
2007-01-15,5.904817
2007-01-16,6.328697
2007-01-17,6.288455
2007-01-18,6.658679
2007-01-19,6.720386
2007-01-22,6.779406
2007-01-23,6.505761
2007-01-24,6.508442
2007-01-25,6.304551
2007-01-26,6.304551
2007-01-29,6.417229
2007-01-30,6.422595
2007-01-31,5.896768
2007-02-01,5.816285
2007-02-02,5.647268
2007-02-05,5.561420
2007-02-06,5.582882
2007-02-07,5.805554
2007-02-08,5.835064
2007-02-09,5.845796
2007-02-12,6.001397
2007-02-13,6.006763
2007-02-14,6.358208
2007-02-15,6.825014
2007-02-16,6.736481
2007-02-26,6.672093
2007-02-27,6.004079
2007-02-28,6.095293
2007-03-01,5.741167
2007-03-02,5.861892
2007-03-05,5.888720
2007-03-06,6.006763
2007-03-07,6.130170
2007-03-08,6.175779
2007-03-09,6.087245
2007-03-12,6.001397
2007-03-13,6.205288
2007-03-14,6.049686
2007-03-15,6.242848
2007-03-16,6.001397
2007-03-19,6.114073
2007-03-20,5.982617
2007-03-21,5.875307
2007-03-22,5.902134
2007-03-23,6.028225
2007-03-26,6.224069
2007-03-27,6.063101
2007-03-28,5.891403
2007-03-29,5.907499
2007-03-30,5.805554
2007-04-02,5.869939
2007-04-03,6.014810
2007-04-04,6.025540
2007-04-05,6.146267
2007-04-06,6.307234
2007-04-09,6.317965
2007-04-10,6.178460
2007-04-11,6.320648
2007-04-12,6.953788
2007-04-13,7.648629
2007-04-16,7.828374
2007-04-17,8.230792
2007-04-18,8.158360
2007-04-19,7.645946
2007-04-20,8.048365
2007-04-23,8.332738
2007-04-24,8.987339
2007-04-25,8.853201
2007-04-26,8.745887
2007-04-27,8.531267
2007-04-30,9.003436
2007-05-03,9.003436
2007-05-04,9.003436
2007-05-08,8.855883
2007-05-09,8.517850
2007-05-10,8.370298
2007-05-11,8.697598
2007-05-14,8.665405
2007-05-15,8.646625
2007-05-16,9.142941
2007-05-17,9.285129
2007-05-18,9.285129
2007-05-21,9.126846
2007-05-22,9.172450
2007-05-23,9.250251
2007-05-24,9.325373
2007-05-25,9.486337
2007-05-28,9.819004
2007-05-29,10.800904
2007-05-30,10.546041
2007-05-31,11.471601
2007-06-01,10.741882
2007-06-04,10.688229
2007-06-05,10.739201
2007-06-06,10.731152
2007-06-07,11.804269
2007-06-08,11.831096
2007-06-11,11.777440
2007-06-12,12.273754
2007-06-13,12.080594
2007-06-14,11.691591
2007-06-15,11.586962
2007-06-18,11.774755
2007-06-19,11.635252
2007-06-20,11.903531
2007-06-21,12.142299
2007-06-22,12.099373
2007-06-25,11.525258
2007-06-26,11.605740
2007-06-27,11.468918
2007-06-28,11.026260
2007-06-29,10.320684
2007-07-02,10.309956
2007-07-03,10.194594
2007-07-04,10.087283
2007-07-05,9.317323
2007-07-06,9.800224
2007-07-09,10.033627
2007-07-10,9.427567
2007-07-11,9.414100
2007-07-12,9.629590
2007-07-13,9.756187
2007-07-16,9.489520
2007-07-17,9.543393
2007-07-18,9.411404
2007-07-19,9.279422
2007-07-20,9.438345
2007-07-23,10.111742
2007-07-24,9.990530
2007-07-25,10.103661
2007-07-26,10.267968
2007-07-27,10.327229
2007-07-30,10.550797
2007-07-31,10.830930
2007-08-01,10.149452
2007-08-02,10.531941
2007-08-03,10.575040
2007-08-06,10.941366
2007-08-07,10.758204
2007-08-08,10.483456
2007-08-09,10.486153
2007-08-10,10.100967
2007-08-13,10.012077
2007-08-14,10.472683
2007-08-15,10.211404
2007-08-16,10.087500
2007-08-17,10.087500
2007-08-20,10.367631
2007-08-21,11.113759
2007-08-22,11.313084
2007-08-23,11.259211
2007-08-24,10.879416
2007-08-27,10.612750
2007-08-28,10.666622
2007-08-29,10.308373
2007-08-30,10.658540
2007-08-31,10.531941
2007-09-03,10.531941
2007-09-04,10.464600
2007-09-05,10.677396
2007-09-06,10.774364
2007-09-07,10.373018
2007-09-10,10.216791
2007-09-11,10.130596
2007-09-12,9.966290
2007-09-13,10.146759
2007-09-14,10.057869
2007-09-17,10.184468
2007-09-18,10.181775
2007-09-19,10.214099
2007-09-20,10.090191
2007-09-21,9.888174
2007-09-24,9.898949
2007-09-25,9.807366
2007-09-26,9.651138
2007-09-27,9.562248
2007-09-28,9.750802
2007-10-08,9.643056
2007-10-09,9.912415
2007-10-10,9.831609
2007-10-11,9.556861
2007-10-12,9.158211
2007-10-15,9.023529
2007-10-16,9.212081
2007-10-17,9.058549
2007-10-18,9.050467
2007-10-19,9.160902
2007-10-22,9.257874
2007-10-23,9.023529
2007-10-24,8.490199
2007-10-25,7.687509
2007-10-26,7.668655
2007-10-29,7.760238
2007-10-30,7.787171
2007-10-31,8.185823
2007-11-01,7.811414
2007-11-02,7.488183
2007-11-05,7.525894
2007-11-06,7.617475
2007-11-07,7.579764
2007-11-08,7.329261
2007-11-09,7.253841
2007-11-12,6.890205
2007-11-13,6.927916
2007-11-14,7.189193
2007-11-15,7.121855
2007-11-16,7.057207
2007-11-19,7.342729
2007-11-20,7.741381
2007-11-21,7.579764
2007-11-22,7.509733
2007-11-23,7.598619
2007-11-26,7.819495
2007-11-27,7.781785
2007-11-28,7.698282
2007-11-29,7.749461
2007-11-30,7.393908
2007-12-03,7.261920
2007-12-04,7.278083
2007-12-05,7.455861
2007-12-06,7.709057
2007-12-07,7.735994
2007-12-10,8.191211
2007-12-11,8.393229
2007-12-12,8.624879
2007-12-13,8.185823
2007-12-14,8.449796
2007-12-17,9.036997
2007-12-18,8.859219
2007-12-19,8.872688
2007-12-20,8.953498
2007-12-21,8.988515
2007-12-24,9.026227
2007-12-25,9.125888
2007-12-26,9.408711
2007-12-27,9.357536
2007-12-28,9.400634
2008-01-02,10.284127
2008-01-03,10.130596
2008-01-04,10.265274
2008-01-07,10.373018
2008-01-08,10.100967
2008-01-09,10.074030
2008-01-10,10.090191
2008-01-11,9.812752
2008-01-14,9.863930
2008-01-15,9.799287
2008-01-16,9.893560
2008-01-17,9.664605
2008-01-18,9.427567
2008-01-21,8.859219
2008-01-22,7.997271
2008-01-23,8.611408
2008-01-24,8.813428
2008-01-25,8.689524
2008-01-28,7.854511
2008-01-29,7.865286
2008-01-30,8.029595
2008-01-31,7.946094
2008-02-01,7.738687
2008-02-04,8.304341
2008-02-05,8.107707
2008-02-13,7.865286
2008-02-14,8.164273
2008-02-15,8.078081
2008-02-18,8.417472
2008-02-19,8.498280
2008-02-20,8.269324
2008-02-21,8.307036
2008-02-22,8.096937
2008-02-25,7.811414
2008-02-26,7.889529
2008-02-27,8.002657
2008-02-28,7.962254
2008-02-29,8.212761
2008-03-03,8.571006
2008-03-04,8.307036
2008-03-05,8.422859
2008-03-06,8.503667
2008-03-07,8.379763
2008-03-10,8.045756
2008-03-11,7.970335
2008-03-12,7.655186
2008-03-13,7.326567
2008-03-14,7.305017
2008-03-17,6.949464
2008-03-18,6.421521
2008-03-19,6.639702
2008-03-20,6.981789
2008-03-21,6.925222
2008-03-24,6.787850
2008-03-25,6.919836
2008-03-26,6.774381
2008-03-27,6.289536
2008-03-28,6.375731
2008-03-31,6.033643
2008-04-01,5.591895
2008-04-02,5.416811
2008-04-03,5.737349
2008-04-07,6.095597
2008-04-08,6.130613
2008-04-09,5.753510
2008-04-10,5.831625
2008-04-11,6.033643
2008-04-14,5.920513
2008-04-15,5.974385
2008-04-16,5.979773
2008-04-17,5.713107
2008-04-18,5.481458
2008-04-21,5.548796
2008-04-22,5.524555
2008-04-23,5.793915
2008-04-24,6.359569
2008-04-25,6.292229
2008-04-28,6.144082
2008-04-29,6.171017
2008-04-30,6.375731
2008-05-05,6.688188
2008-05-06,6.529264
2008-05-07,6.189871
2008-05-08,6.346100
2008-05-09,6.305696
2008-05-12,6.685492
2008-05-13,7.340034
2008-05-14,7.175727
2008-05-15,6.997951
2008-05-16,6.814785
2008-05-19,6.857882
2008-05-20,6.267986
2008-05-21,6.381117
2008-05-22,6.165629
2008-05-23,6.179097
2008-05-26,5.939369
2008-05-27,5.974385
2008-05-28,6.109064
2008-05-29,5.928595
2008-05-30,5.955530
2008-06-02,5.990547
2008-06-03,6.068661
2008-06-04,6.001321
2008-06-05,6.004014
2008-06-06,5.925900
2008-06-10,5.333311
2008-06-11,5.204019
2008-06-12,5.061257
2008-06-13,4.910414
2008-06-16,4.778430
2008-06-17,4.627589
2008-06-18,4.872706
2008-06-19,4.479443
2008-06-20,4.479443
2008-06-23,4.522538
2008-06-24,4.689541
2008-06-25,5.001998
2008-06-26,5.467990
2008-06-27,5.330616
2008-06-30,5.362939
2008-07-01,5.085501
2008-07-02,5.112435
2008-07-03,5.341390
2008-07-04,5.581121
2008-07-07,5.766978
2008-07-08,5.726573
2008-07-09,5.726573
2008-07-10,5.511088
2008-07-11,5.470683
2008-07-14,5.575733
2008-07-15,5.427587
2008-07-16,5.125903
2008-07-17,5.325230
2008-07-18,5.403345
2008-07-21,5.632299
2008-07-22,5.872028
2008-07-23,5.788527
2008-07-24,5.838861
2008-07-25,5.838861
2008-07-28,5.929790
2008-07-29,5.959017
2008-07-30,5.874584
2008-07-31,5.676490
2008-08-01,5.747935
2008-08-04,5.731698
2008-08-05,5.520614
2008-08-06,5.520614
2008-08-07,5.566079
2008-08-08,5.147161
2008-08-11,4.653554
2008-08-12,4.705513
2008-08-13,4.731492
2008-08-14,4.763967
2008-08-15,4.806182
2008-08-18,4.507421
2008-08-19,4.497678
2008-08-20,4.897110
2008-08-21,4.669789
2008-08-22,4.614584
2008-08-25,4.630821
2008-08-26,4.562625
2008-08-27,4.543141
2008-08-28,4.546389
2008-08-29,4.679533
2008-09-01,4.507421
2008-09-02,4.458709
2008-09-03,4.530151
2008-09-04,4.598347
2008-09-05,4.504172
2008-09-08,4.273604
2008-09-09,4.293090
2008-09-10,4.286595
2008-09-11,4.270358
2008-09-12,4.299584
2008-09-16,4.416492
2008-09-17,4.419740
2008-09-18,4.452214
2008-09-19,4.897110
2008-09-22,4.942575
2008-09-23,4.448967
2008-09-24,4.559378
2008-09-25,4.647058
2008-09-26,4.630821
2008-10-06,4.653554
2008-10-07,4.851646
2008-10-08,4.806182
2008-10-09,4.624327
2008-10-10,4.517162
2008-10-13,4.621079
2008-10-14,4.578862
2008-10-15,4.673038
2008-10-16,4.536647
2008-10-17,4.546389
2008-10-20,4.627573
2008-10-21,4.614584
2008-10-22,4.617831
2008-10-23,4.582111
2008-10-24,4.692523
2008-10-27,4.546389
2008-10-28,4.513914
2008-10-29,4.179429
2008-10-30,4.010564
2008-10-31,3.861183
2008-11-03,3.763761
2008-11-04,3.565668
2008-11-05,3.617627
2008-11-06,3.507215
2008-11-07,3.503966
2008-11-10,3.689070
2008-11-11,3.601389
2008-11-12,3.588400
2008-11-13,3.799482
2008-11-14,4.056028
2008-11-17,4.124224
2008-11-18,3.851440
2008-11-19,4.056028
2008-11-20,3.952112
2008-11-21,3.896905
2008-11-24,3.831956
2008-11-25,3.724791
2008-11-26,3.767007
2008-11-27,3.822214
2008-11-28,3.773503
2008-12-01,3.922883
2008-12-02,3.997574
2008-12-03,4.195667
2008-12-04,4.169689
2008-12-05,4.286595
2008-12-08,4.380771
2008-12-09,4.332059
2008-12-10,4.345049
2008-12-11,4.234636
2008-12-12,4.020307
2008-12-15,4.114481
2008-12-16,4.280100
2008-12-17,4.322317
2008-12-18,4.325565
2008-12-19,4.442471
2008-12-22,4.533399
2008-12-23,4.289843
2008-12-24,4.185925
2008-12-25,4.215151
2008-12-26,4.176182
2008-12-29,4.036544
2008-12-30,4.023553
2008-12-31,3.997574
2009-01-05,4.156697
2009-01-06,4.286595
2009-01-07,4.293090
2009-01-08,4.341802
2009-01-09,4.374276
2009-01-12,4.351543
2009-01-13,4.182678
2009-01-14,4.315822
2009-01-15,4.481440
2009-01-16,4.578862
2009-01-19,4.621079
2009-01-20,4.611336
2009-01-21,4.536647
2009-01-22,4.754223
2009-01-23,4.647058
2009-02-02,4.637317
2009-02-03,4.773708
2009-02-04,4.767213
2009-02-05,4.731492
2009-02-06,4.854894
2009-02-09,4.913347
2009-02-10,5.111439
2009-02-11,5.199120
2009-02-12,5.312781
2009-02-13,5.384223
2009-02-16,5.507625
2009-02-17,5.527109
2009-02-18,5.393965
2009-02-19,5.488140
2009-02-20,5.644017
2009-02-23,5.695975
2009-02-24,5.364739
2009-02-25,5.260821
2009-02-26,4.903605
2009-02-27,4.682780
2009-03-02,4.799688
2009-03-03,4.910100
2009-03-04,5.140667
2009-03-05,5.163398
2009-03-06,5.065976
2009-03-09,4.874379
2009-03-10,4.949069
2009-03-11,4.893862
2009-03-12,4.858142
2009-03-13,4.851646
2009-03-16,4.900357
2009-03-17,5.082212
2009-03-18,5.140667
2009-03-19,5.202368
2009-03-20,5.160151
2009-03-23,5.247833
2009-03-24,5.267316
2009-03-25,5.091956
2009-03-26,5.147161
2009-03-27,5.160151
2009-03-30,5.179636
2009-03-31,5.199120
2009-04-01,5.299789
2009-04-02,5.273810
2009-04-03,5.208864
2009-04-07,5.312781
2009-04-08,5.075718
2009-04-09,5.072471
2009-04-10,5.202368
2009-04-13,5.234842
2009-04-14,5.251079
2009-04-15,5.436182
2009-04-16,5.458912
2009-04-17,5.419945
2009-04-20,5.455667
2009-04-21,5.364739
2009-04-22,5.179636
2009-04-23,5.179636
2009-04-24,5.124429
2009-04-27,5.121182
2009-04-28,5.413450
2009-04-29,5.374482
2009-04-30,5.384223
2009-05-04,5.484894
2009-05-05,5.546594
2009-05-06,5.634275
2009-05-07,5.569326
2009-05-08,5.718708
2009-05-11,5.569326
2009-05-12,5.553089
2009-05-13,5.523863
2009-05-14,5.497882
2009-05-15,5.520614
2009-05-18,5.471903
2009-05-19,5.488140
2009-05-20,5.416698
2009-05-21,5.290048
2009-05-22,5.299789
2009-05-25,5.241337
2009-05-26,5.231594
2009-05-27,5.231594
2009-06-01,5.325769
2009-06-02,5.319274
2009-06-03,5.380975
2009-06-04,5.309533
2009-06-05,5.332264
2009-06-08,5.322523
2009-06-09,5.293296
2009-06-10,5.462162
2009-06-11,5.429687
2009-06-12,5.338760
2009-06-15,5.406955
2009-06-16,5.406955
2009-06-17,5.475151
2009-06-18,5.491387
2009-06-19,5.624532
2009-06-22,5.481646
2009-06-23,5.432934
2009-06-24,5.465410
2009-06-25,5.439429
2009-06-26,5.439429
2009-06-29,5.458912
2009-06-30,5.406955
2009-07-01,5.465410
2009-07-02,5.501131
2009-07-03,5.579070
2009-07-06,5.559585
2009-07-07,5.624532
2009-07-08,5.595307
2009-07-09,5.760924
2009-07-10,5.676490
2009-07-13,5.712213
2009-07-14,5.760924
2009-07-15,5.790151
2009-07-16,5.669995
2009-07-17,5.657006
2009-07-20,5.777162
2009-07-21,5.631027
2009-07-22,5.695975
2009-07-23,5.741439
2009-07-24,5.832367
2009-07-27,5.975254
2009-07-28,5.946027
2009-07-29,5.575822
2009-07-30,5.637522
2009-07-31,5.754429
2009-08-03,5.783657
2009-08-04,5.959017
2009-08-05,6.040201
2009-08-06,6.040201
2009-08-07,5.829120
2009-08-10,6.075923
2009-08-11,6.014223
2009-08-12,5.715482
2009-08-13,5.738461
2009-08-14,5.485680
2009-08-17,5.229617
2009-08-18,5.337951
2009-08-19,5.173808
2009-08-20,5.255879
2009-08-21,5.357648
2009-08-24,5.656390
2009-08-25,5.528358
2009-08-26,5.692501
2009-08-27,5.784421
2009-08-28,5.531640
2009-08-31,5.226334
2009-09-01,5.278860
2009-09-02,5.282142
2009-09-03,5.449569
2009-09-04,5.492247
2009-09-07,5.656390
2009-09-08,5.682652
2009-09-09,5.662956
2009-09-10,5.551337
2009-09-11,5.672805
2009-09-14,5.754877
2009-09-15,5.702350
2009-09-16,5.649824
2009-09-17,5.843513
2009-09-18,5.682652
2009-09-21,6.086445
2009-09-22,5.955131
2009-09-23,5.784421
2009-09-24,5.682652
2009-09-25,5.699066
2009-09-28,5.561187
2009-09-29,5.475832
2009-09-30,5.531640
2009-10-09,5.731894
2009-10-12,5.745026
2009-10-13,5.787704
2009-10-14,5.771290
2009-10-15,5.856645
2009-10-16,5.873060
2009-10-19,5.932151
2009-10-20,5.961698
2009-10-21,5.840231
2009-10-22,5.850079
2009-10-23,5.958413
2009-10-26,6.007657
2009-10-27,5.873060
2009-10-28,5.856645
2009-10-29,5.856645
2009-10-30,6.283419
2009-11-02,6.910448
2009-11-03,6.880901
2009-11-04,6.861203
2009-11-05,7.005651
2009-11-06,6.785697
2009-11-09,6.841506
2009-11-10,6.785697
2009-11-11,6.857921
2009-11-12,6.864488
2009-11-13,6.841506
2009-11-16,6.907166
2009-11-17,7.008933
2009-11-18,7.550608
2009-11-19,7.498080
2009-11-20,7.294544
2009-11-23,7.452121
2009-11-24,6.890749
2009-11-25,7.008933
2009-11-26,6.598575
2009-11-27,6.598575
2009-11-30,6.818527
2009-12-01,6.985953
2009-12-02,7.084439
2009-12-03,7.025346
2009-12-04,6.864488
2009-12-07,6.943275
2009-12-08,6.861203
2009-12-09,6.693778
2009-12-10,6.775849
2009-12-11,6.769283
2009-12-14,6.723323
2009-12-15,6.808678
2009-12-16,6.900598
2009-12-17,6.598575
2009-12-18,6.838223
2009-12-21,6.720040
2009-12-22,6.467259
2009-12-23,6.480390
2009-12-24,6.628119
2009-12-25,6.749588
2009-12-28,6.851354
2009-12-29,6.831657
2009-12-30,6.920295
2009-12-31,6.903880
2010-01-04,6.811961
2010-01-05,6.848073
2010-01-06,6.956408
2010-01-07,6.769283
2010-01-08,6.746303
2010-01-11,6.779131
2010-01-12,6.999084
2010-01-13,7.041762
2010-01-14,7.379897
2010-01-15,7.504648
2010-01-18,7.665506
2010-01-19,7.599850
2010-01-20,7.222320
2010-01-21,7.320807
2010-01-22,7.567022
2010-01-25,7.491516
2010-01-26,7.504648
2010-01-27,7.544042
2010-01-28,7.928136
2010-01-29,7.954399
2010-02-01,7.967531
2010-02-02,7.685205
2010-02-03,7.514495
2010-02-04,7.612981
2010-02-05,7.905158
2010-02-08,7.826370
2010-02-09,7.869045
2010-02-10,7.878896
2010-02-11,7.951117
2010-02-12,7.980664
2010-02-22,7.750862
2010-02-23,7.642528
2010-02-24,7.970813
2010-02-25,8.079149
2010-02-26,8.282688
2010-03-01,8.164503
2010-03-02,8.305667
2010-03-03,8.253142
2010-03-04,7.937985
2010-03-05,7.931419
2010-03-08,8.000360
2010-03-09,7.872329
2010-03-10,7.915007
2010-03-11,7.718034
2010-03-12,7.580153
2010-03-15,7.603134
2010-03-16,7.639243
2010-03-17,7.763994
2010-03-18,7.727884
2010-03-19,7.770559
2010-03-22,7.681922
2010-03-23,7.573586
2010-03-24,7.612981
2010-03-25,7.406161
2010-03-26,7.445555
2010-03-29,7.471819
2010-03-30,7.458686
2010-03-31,7.632678
2010-04-01,7.688489
2010-04-02,7.658943
2010-04-06,7.603134
2010-04-07,7.626113
2010-04-08,7.744298
2010-04-09,7.796823
2010-04-12,8.075866
2010-04-13,7.892025
2010-04-14,8.128392
2010-04-15,7.921573
2010-04-16,7.908441
2010-04-19,7.534193
2010-04-20,7.695054
2010-04-21,8.085713
2010-04-22,8.262990
2010-04-23,8.200615
2010-04-26,8.663499
2010-04-27,8.755422
2010-04-28,8.660218
2010-04-29,8.259706
2010-04-30,8.180918
2010-05-04,8.597844
2010-05-05,8.919565
2010-05-06,8.725876
2010-05-07,9.001637
2010-05-10,8.617542
2010-05-11,8.210465
2010-05-12,8.256427
2010-05-13,9.083707
2010-05-14,9.303661
2010-05-17,8.847341
2010-05-18,8.821080
2010-05-19,9.073861
2010-05-20,8.699614
2010-05-21,8.817798
2010-05-24,8.995072
2010-05-25,9.418563
2010-05-26,9.185478
2010-05-27,9.267551
2010-05-28,9.566291
2010-05-31,9.474371
2010-06-01,9.254418
2010-06-02,9.352907
2010-06-03,9.320075
2010-06-04,9.201891
2010-06-07,9.238003
2010-06-08,9.336490
2010-06-09,9.520332
2010-06-10,9.451390
2010-06-11,9.139516
2010-06-15,9.139516
2010-06-17,8.496073
2010-06-18,8.039754
2010-06-21,8.066016
2010-06-22,8.066016
2010-06-23,8.184201
2010-06-24,8.013492
2010-06-25,7.612981
2010-06-28,7.547325
2010-06-29,7.248584
2010-06-30,7.435708
2010-07-01,7.337220
2010-07-02,7.179645
2010-07-05,7.179645
2010-07-06,7.271564
2010-07-07,7.353636
2010-07-08,7.258431
2010-07-09,7.458686
2010-07-12,7.465251
2010-07-13,7.264997
2010-07-14,7.287978
2010-07-15,7.242017
2010-07-16,7.163229
2010-07-19,7.337220
2010-07-20,7.629397
2010-07-21,7.586719
2010-07-22,7.701621
2010-07-23,7.794450
2010-07-26,7.867387
2010-07-27,7.784504
2010-07-28,8.023210
2010-07-29,7.973480
2010-07-30,7.860760
2010-08-02,8.053048
2010-08-03,7.854126
2010-08-04,7.787819
2010-08-05,7.960220
2010-08-06,8.298388
2010-08-09,8.570247
2010-08-10,8.368010
2010-08-11,8.520517
2010-08-12,8.550356
2010-08-13,8.646501
2010-08-16,8.948200
2010-08-17,8.895153
2010-08-18,8.719439
2010-08-19,8.765856
2010-08-20,8.358064
2010-08-23,8.354748
2010-08-24,8.507256
2010-08-25,8.258603
2010-08-26,8.314963
2010-08-27,8.440949
2010-08-30,8.619979
2010-08-31,8.649817
2010-09-01,8.716125
2010-09-02,8.769171
2010-09-03,8.656448
2010-09-06,8.709492
2010-09-07,8.706178
2010-09-08,8.924994
2010-09-09,8.898471
2010-09-10,9.786988
2010-09-13,9.859930
2010-09-14,10.287613
2010-09-15,10.058853
2010-09-16,9.992544
2010-09-17,10.436805
2010-09-20,10.125160
2010-09-21,10.042274
2010-09-27,10.665565
2010-09-28,10.738504
2010-09-29,10.818074
2010-09-30,11.159557
2010-10-08,11.089935
2010-10-11,10.383760
2010-10-12,10.271036
2010-10-13,10.314137
2010-10-14,9.800254
2010-10-15,9.836721
2010-10-18,10.274353
2010-10-19,10.347290
2010-10-20,10.642361
2010-10-21,10.937426
2010-10-22,10.864490
2010-10-25,10.771658
2010-10-26,11.849155
2010-10-27,11.640287
2010-10-28,12.250317
2010-10-29,12.333199
2010-11-01,12.329885
2010-11-02,12.014924
2010-11-03,11.769585
2010-11-04,11.922093
2010-11-05,11.932039
2010-11-08,12.329885
2010-11-09,12.740992
2010-11-10,12.631583
2010-11-11,12.399508
2010-11-12,12.061340
2010-11-15,12.827189
2010-11-16,12.843769
2010-11-17,11.636971
2010-11-18,11.636971
2010-11-19,12.246998
2010-11-22,12.326567
2010-11-23,12.316623
2010-11-24,12.996276
2010-11-25,13.115629
2010-11-26,13.228354
2010-11-29,13.400752
2010-11-30,13.198513
2010-12-01,12.823876
2010-12-02,12.648160
2010-12-03,12.197270
2010-12-06,12.021555
2010-12-07,12.263577
2010-12-08,12.064654
2010-12-09,11.806055
2010-12-10,12.084546
2010-12-13,12.326567
2010-12-14,12.187325
2010-12-15,12.223795
2010-12-16,12.293415
2010-12-17,11.985085
2010-12-20,11.852470
2010-12-21,11.633658
2010-12-22,11.401580
2010-12-23,11.706593
2010-12-24,11.259018
2010-12-27,10.702036
2010-12-28,10.347290
2010-12-29,10.675511
2010-12-30,11.083303
2010-12-31,11.365109
2011-01-04,11.162872
2011-01-05,11.239125
2011-01-06,10.973897
2011-01-07,10.808126
2011-01-10,10.605889
2011-01-11,10.609206
2011-01-12,10.652305
2011-01-13,10.771658
2011-01-14,10.489850
2011-01-17,9.826776
2011-01-18,9.929551
2011-01-19,10.105268
2011-01-20,9.604646
2011-01-21,9.664324
2011-01-24,9.399093
2011-01-25,9.372569
2011-01-26,9.684214
2011-01-27,9.975968
2011-01-28,9.946130
2011-01-31,10.075429
2011-02-01,10.161630
2011-02-09,10.009120
2011-02-10,10.360551
2011-02-11,10.343974
2011-02-14,10.516373
2011-02-15,10.622465
2011-02-16,10.456697
2011-02-17,10.297559
2011-02-18,10.201413
2011-02-21,10.430173
2011-02-22,10.867804
2011-02-23,11.650232
2011-02-24,11.524248
2011-02-25,11.428102
2011-02-28,11.620394
2011-03-01,11.534198
2011-03-02,11.268963
2011-03-03,10.934111
2011-03-04,11.099881
2011-03-07,11.103196
2011-03-08,11.268963
2011-03-09,11.139665
2011-03-10,11.597186
2011-03-11,11.839209
2011-03-14,12.651476
2011-03-15,12.661423
2011-03-16,12.843769
2011-03-17,13.228354
2011-03-18,13.228354
2011-03-21,12.744308
2011-03-22,12.472445
2011-03-23,12.552015
2011-03-24,12.449238
2011-03-25,12.379616
2011-03-28,12.485708
2011-03-29,12.048079
2011-03-30,12.107755
2011-03-31,11.865734
2011-04-01,12.356408
2011-04-06,12.101125
2011-04-07,12.532122
2011-04-08,12.591800
2011-04-11,12.558648
2011-04-12,12.353093
2011-04-13,12.578537
2011-04-14,12.406138
2011-04-15,12.333199
2011-04-18,12.243687
2011-04-19,12.555331
2011-04-20,13.019485
2011-04-21,13.092421
2011-04-22,12.860346
2011-04-25,12.525493
2011-04-26,12.435977
2011-04-27,12.552015
2011-04-28,12.034815
2011-04-29,12.137591
2011-05-03,12.283469
2011-05-04,12.230424
2011-05-05,12.442608
2011-05-06,12.628268
2011-05-09,12.372987
2011-05-10,12.349778
2011-05-11,12.581853
2011-05-12,12.419401
2011-05-13,12.528808
2011-05-16,12.704524
2011-05-17,12.641532
2011-05-18,12.963123
2011-05-19,12.910076
2011-05-20,12.790721
2011-05-23,11.991716
2011-05-24,11.925409
2011-05-25,11.676758
2011-05-26,11.066729
2011-05-27,10.738504
2011-05-30,10.715299
2011-05-31,11.003734
2011-06-01,11.000422
2011-06-02,10.844596
2011-06-03,11.285542
2011-06-07,11.375058
2011-06-08,11.335273
2011-06-09,11.010366
2011-06-10,11.053465
2011-06-13,11.056780
2011-06-14,11.192711
2011-06-15,11.023627
2011-06-16,10.731874
2011-06-17,10.702036
2011-06-20,10.406967
2011-06-21,10.519689
2011-06-22,10.788234
2011-06-23,11.268963
2011-06-24,11.268963
2011-06-27,11.335273
2011-06-28,11.733117
2011-06-29,11.746378
2011-06-30,11.822635
2011-07-01,12.256948
2011-07-04,12.837137
2011-07-05,12.876923
2011-07-06,13.002906
2011-07-07,13.593043
2011-07-08,13.543313
2011-07-11,13.639458
2011-07-12,13.734757
2011-07-13,13.676242
2011-07-14,13.901948
2011-07-15,15.289636
2011-07-18,16.351299
2011-07-19,15.866446
2011-07-20,16.150669
2011-07-21,15.715975
2011-07-22,15.364872
2011-07-25,14.436960
2011-07-26,14.545637
2011-07-27,14.955256
2011-07-28,14.679385
2011-07-29,14.269769
2011-08-01,14.345008
2011-08-02,14.420239
2011-08-03,14.345008
2011-08-04,14.319926
2011-08-05,14.035707
2011-08-08,13.208107
2011-08-09,13.442175
2011-08-10,13.483972
2011-08-11,14.345008
2011-08-12,14.236331
2011-08-15,14.311564
2011-08-16,14.077502
2011-08-17,14.119296
2011-08-18,13.968824
2011-08-19,13.718038
2011-08-22,13.392018
2011-08-23,13.609366
2011-08-24,13.483972
2011-08-25,13.743117
2011-08-26,13.659522
2011-08-29,13.584286
2011-08-30,13.642801
2011-08-31,13.534129
2011-09-01,13.450534
2011-09-02,13.258263
2011-09-05,12.806846
2011-09-06,12.681453
2011-09-07,12.857004
2011-09-08,12.948960
2011-09-09,12.831925
2011-09-13,12.681453
2011-09-14,12.756688
2011-09-15,12.890441
2011-09-16,12.907162
2011-09-19,12.639654
2011-09-20,12.631295
2011-09-21,12.923882
2011-09-22,12.664733
2011-09-23,12.514263
2011-09-26,12.313632
2011-09-27,12.388868
2011-09-28,12.230037
2011-09-29,11.745180
2011-09-30,11.419158
2011-10-10,11.193452
2011-10-11,11.059697
2011-10-12,11.594708
2011-10-13,11.920734
2011-10-14,11.828779
2011-10-17,11.937452
2011-10-18,11.477675
2011-10-19,11.577991
2011-10-20,11.268686
2011-10-21,11.494395
2011-10-24,11.770260
2011-10-25,12.079566
2011-10-26,12.129723
2011-10-27,12.029408
2011-10-28,12.230037
2011-10-31,12.447387
2011-11-01,12.313632
2011-11-02,12.547700
2011-11-03,13.325138
2011-11-04,13.617726
2011-11-07,13.458894
2011-11-08,13.199745
2011-11-09,13.483972
2011-11-10,13.684600
2011-11-11,13.542489
2011-11-14,13.918670
2011-11-15,14.010626
2011-11-16,13.601006
2011-11-17,13.525768
2011-11-18,13.199745
2011-11-21,13.408736
2011-11-22,13.500690
2011-11-23,13.676242
2011-11-24,13.684600
2011-11-25,13.442175
2011-11-28,13.333500
2011-11-29,13.793275
2011-11-30,13.793275
2011-12-01,13.952107
2011-12-02,13.525768
2011-12-05,13.191388
2011-12-06,13.174666
2011-12-07,13.116150
2011-12-08,13.183028
2011-12-09,12.974040
2011-12-12,12.689812
2011-12-13,12.021048
2011-12-14,12.012688
2011-12-15,11.912374
2011-12-16,12.246757
2011-12-19,12.405589
2011-12-20,12.363790
2011-12-21,12.179881
2011-12-22,12.246757
2011-12-23,12.246757
2011-12-26,12.079566
2011-12-27,11.795340
2011-12-28,11.611431
2011-12-29,11.628148
2011-12-30,11.728463
2012-01-04,11.577991
2012-01-05,10.984464
2012-01-06,11.143294
2012-01-09,11.586350
2012-01-10,11.954171
2012-01-11,11.954171
2012-01-12,11.954171
2012-01-13,11.435878
2012-01-16,10.800550
2012-01-17,11.419158
2012-01-18,11.134935
2012-01-19,11.327205
2012-01-20,11.644868
2012-01-30,11.460958
2012-01-31,11.494395
2012-02-01,11.427519
2012-02-02,11.544554
2012-02-03,11.812058
2012-02-06,11.845497
2012-02-07,11.586350
2012-02-08,11.753543
2012-02-09,11.862215
2012-02-10,11.803699
2012-02-13,11.945812
2012-02-14,11.887295
2012-02-15,12.062848
2012-02-16,12.096286
2012-02-17,12.062848
2012-02-20,12.037767
2012-02-21,12.037767
2012-02-22,12.154799
2012-02-23,12.196598
2012-02-24,12.330351
2012-02-27,12.439024
2012-02-28,12.539340
2012-02-29,12.464106
2012-03-01,12.372150
2012-03-02,12.489185
2012-03-05,12.455746
2012-03-06,12.171520
2012-03-07,12.071205
2012-03-08,12.154799
2012-03-09,12.188238
2012-03-12,12.614576
2012-03-13,12.581137
2012-03-14,12.113003
2012-03-15,12.296912
2012-03-16,12.923882
2012-03-19,12.948960
2012-03-20,12.656374
2012-03-21,12.581137
2012-03-22,12.656374
2012-03-23,12.355431
2012-03-26,12.606216
2012-03-27,12.372150
2012-03-28,11.954171
2012-03-29,11.753543
2012-03-30,11.636509
2012-04-05,11.887295
2012-04-06,11.895655
2012-04-09,11.686664
2012-04-10,11.745180
2012-04-11,11.728463
2012-04-12,11.895655
2012-04-13,11.929092
2012-04-16,11.853854
2012-04-17,11.870574
2012-04-18,11.945812
2012-04-19,11.786980
2012-04-20,11.837138
2012-04-23,11.929092
2012-04-24,11.878937
2012-04-25,11.878937
2012-04-26,11.812058
2012-04-27,11.878937
2012-05-02,12.062848
2012-05-03,12.447387
2012-05-04,12.397229
2012-05-07,12.480824
2012-05-08,12.380510
2012-05-09,12.246757
2012-05-10,12.405589
2012-05-11,12.581137
2012-05-14,12.798489
2012-05-15,12.681453
2012-05-16,12.388868
2012-05-17,12.539340
2012-05-18,12.313632
2012-05-21,12.472463
2012-05-22,12.622934
2012-05-23,12.748329
2012-05-24,12.547700
2012-05-25,12.547700
2012-05-28,12.480824
2012-05-29,12.480824
2012-05-30,12.439024
2012-05-31,12.514263
2012-06-01,12.606216
2012-06-04,12.405589
2012-06-05,12.698171
2012-06-06,12.714891
2012-06-07,12.480824
2012-06-08,12.974040
2012-06-11,13.074354
2012-06-12,12.982397
2012-06-13,13.718038
2012-06-14,13.534129
2012-06-15,13.659522
2012-06-18,13.659522
2012-06-19,13.692959
2012-06-20,13.341860
2012-06-21,13.124508
2012-06-25,13.224825
2012-06-26,13.124508
2012-06-27,13.450534
2012-06-28,14.002265
2012-06-29,14.587434
2012-07-02,14.604153
2012-07-03,14.620869
2012-07-04,14.317324
2012-07-05,14.797941
2012-07-06,15.211103
2012-07-09,15.337583
2012-07-10,14.840101
2012-07-11,16.028994
2012-07-12,15.792900
2012-07-13,16.071150
2012-07-16,15.480923
2012-07-17,14.941288
2012-07-18,15.084623
2012-07-19,15.034035
2012-07-20,15.657993
2012-07-23,15.683290
2012-07-24,15.674859
2012-07-25,15.286990
2012-07-26,15.059330
2012-07-27,14.460665
2012-07-30,14.367916
2012-07-31,14.544983
2012-08-01,14.840101
2012-08-02,15.126782
2012-08-03,15.295421
2012-08-06,15.219535
2012-08-07,15.160509
2012-08-08,14.966579
2012-08-09,15.649558
2012-08-10,15.548375
2012-08-13,15.632698
2012-08-14,15.497787
2012-08-15,15.270126
2012-08-16,14.924418
2012-08-17,14.789508
2012-08-20,15.017170
2012-08-21,15.346014
2012-08-22,15.118352
2012-08-23,15.514647
2012-08-24,15.320720
2012-08-27,15.084623
2012-08-28,14.578710
2012-08-29,14.587140
2012-08-30,14.022207
2012-08-31,14.258298
2012-09-03,14.536551
2012-09-04,14.266731
2012-09-05,14.376347
2012-09-06,14.249868
2012-09-07,14.688328
2012-09-10,14.595573
2012-09-11,14.612438
2012-09-12,14.612438
2012-09-13,14.401642
2012-09-14,14.325754
2012-09-17,14.055936
2012-09-18,14.140254
2012-09-19,14.553416
2012-09-20,14.165547
2012-09-21,14.072800
2012-09-24,14.207709
2012-09-25,14.426939
2012-09-26,14.072800
2012-09-27,14.376347
2012-09-28,14.561847
2012-10-08,14.578710
2012-10-09,14.865393
2012-10-10,14.856965
2012-10-11,14.747350
2012-10-12,14.612438
2012-10-15,14.907553
2012-10-16,15.160509
2012-10-17,15.126782
2012-10-18,15.236398
2012-10-19,15.101488
2012-10-22,15.177376
2012-10-23,14.797941
2012-10-24,14.511253
2012-10-25,14.654598
2012-10-26,14.426939
2012-10-29,15.168943
2012-10-30,15.270126
2012-10-31,15.421901
2012-11-01,15.489352
2012-11-02,15.556808
2012-11-05,15.227968
2012-11-06,15.388170
2012-11-07,15.371308
2012-11-08,15.447198
2012-11-09,15.261697
2012-11-12,14.983442
2012-11-13,14.915987
2012-11-14,15.227968
2012-11-15,15.067762
2012-11-16,14.949715
2012-11-19,14.519689
2012-11-20,14.536551
2012-11-21,14.620869
2012-11-22,14.334188
2012-11-23,14.401642
2012-11-26,14.241437
2012-11-27,13.937890
2012-11-28,13.828276
2012-11-29,14.165547
2012-11-30,14.443800
2012-12-03,14.216142
2012-12-04,13.971614
2012-12-05,14.334188
2012-12-06,14.334188
2012-12-07,14.595573
2012-12-10,14.629305
2012-12-11,14.410075
2012-12-12,14.410075
2012-12-13,14.587140
2012-12-14,14.806373
2012-12-17,14.612438
2012-12-18,14.570280
2012-12-19,14.426939
2012-12-20,14.469096
2012-12-21,14.764215
2012-12-24,15.084623
2012-12-25,15.168943
2012-12-26,15.135217
2012-12-27,14.983442
2012-12-28,15.126782
2012-12-31,15.025601
2013-01-04,14.932851
2013-01-07,15.438763
2013-01-08,15.759175
2013-01-09,15.641129
2013-01-10,16.104883
2013-01-11,15.885651
2013-01-14,16.686684
2013-01-15,16.728840
2013-01-16,16.939640
2013-01-17,16.939640
2013-01-18,17.378096
2013-01-21,17.293776
2013-01-22,16.830023
2013-01-23,17.015526
2013-01-24,16.695110
2013-01-25,16.981796
2013-01-28,17.453981
2013-01-29,17.420250
2013-01-30,17.378096
2013-01-31,16.846884
2013-02-01,16.863750
2013-02-04,16.425291
2013-02-05,16.669821
2013-02-06,16.846884
2013-02-07,16.830023
2013-02-08,17.959896
2013-02-18,17.959896
2013-02-19,17.934599
2013-02-20,18.878967
2013-02-21,18.238146
2013-02-22,18.035778
2013-02-25,18.195990
2013-02-26,18.069510
2013-02-27,17.808119
2013-02-28,18.010487
2013-03-01,18.271873
2013-03-04,18.094799
2013-03-05,18.668169
2013-03-06,18.659739
2013-03-07,18.238146
2013-03-08,18.027348
2013-03-11,18.010487
2013-03-12,17.361233
2013-03-13,17.150434
2013-03-14,17.487709
2013-03-15,17.698503
2013-03-18,17.664778
2013-03-19,17.403389
2013-03-20,17.765961
2013-03-21,18.145395
2013-03-22,18.626013
2013-03-25,18.255009
2013-03-26,19.258402
2013-03-27,19.376448
2013-03-28,19.190948
2013-03-29,19.005447
2013-04-01,19.545088
2013-04-02,18.777786
2013-04-03,18.516394
2013-04-08,18.659739
2013-04-09,18.339327
2013-04-10,18.018919
2013-04-11,18.339327
2013-04-12,18.229713
2013-04-15,18.145395
2013-04-16,18.373055
2013-04-17,18.718767
2013-04-18,18.507965
2013-04-19,19.283701
2013-04-22,19.376448
2013-04-23,19.030743
2013-04-24,19.460770
2013-04-25,19.224674
2013-04-26,18.921127
2013-05-02,19.595678
2013-05-03,19.722158
2013-05-06,19.806475
2013-05-07,19.932951
2013-05-08,20.641232
2013-05-09,20.894188
2013-05-10,20.413568
2013-05-13,20.219637
2013-05-14,20.320820
2013-05-15,20.624367
2013-05-16,20.548483
2013-05-17,20.641232
2013-05-20,19.958248
2013-05-21,19.814907
2013-05-22,19.696857
2013-05-23,19.418608
2013-05-24,19.958248
2013-05-27,20.008839
2013-05-28,20.329248
2013-05-29,20.379839
2013-05-30,20.278656
2013-05-31,19.882362
2013-06-03,19.991972
2013-06-04,19.764315
2013-06-05,19.679996
2013-06-06,19.528223
2013-06-07,18.828379
2013-06-13,18.482672
2013-06-14,19.292130
2013-06-17,19.789610
2013-06-18,19.688429
2013-06-19,19.781174
2013-06-20,19.182516
2013-06-21,19.384882
2013-06-24,18.314030
2013-06-25,18.170689
2013-06-26,18.280306
2013-06-27,18.322462
2013-06-28,18.448940
2013-07-01,18.836811
2013-07-02,19.604105
2013-07-03,20.059431
2013-07-04,19.486065
2013-07-05,19.216246
2013-07-08,18.558558
2013-07-09,18.828379
2013-07-10,19.039173
2013-07-11,19.561947
2013-07-12,19.519789
2013-07-15,19.958248
2013-07-16,19.924522
2013-07-17,19.376448
2013-07-18,19.292130
2013-07-19,18.971722
2013-07-22,19.013878
2013-07-23,19.452337
2013-07-24,19.772745
2013-07-25,20.008839
2013-07-26,19.823336
2013-07-29,19.882362
2013-07-30,19.789610
2013-07-31,19.275267
2013-08-01,19.595678
2013-08-02,19.545088
2013-08-05,20.683390
2013-08-06,20.641232
2013-08-07,20.337681
2013-08-08,20.287086
2013-08-09,20.474537
2013-08-12,20.610867
2013-08-13,20.372293
2013-08-14,20.201885
2013-08-15,19.852549
2013-08-16,19.469130
2013-08-19,19.869593
2013-08-20,19.554335
2013-08-21,19.579899
2013-08-22,19.119795
2013-08-23,19.588419
2013-08-26,19.596939
2013-08-27,19.758827
2013-08-28,19.264643
2013-08-29,18.872704
2013-08-30,18.523361
2013-09-02,18.284794
2013-09-03,18.804539
2013-09-04,18.583004
2013-09-05,18.949390
2013-09-06,18.957907
2013-09-09,18.617092
2013-09-10,18.455200
2013-09-11,18.421124
2013-09-12,18.565968
2013-09-13,18.565968
2013-09-16,18.727858
2013-09-17,18.318876
2013-09-18,18.404085
2013-09-23,19.043110
2013-09-24,19.000511
2013-09-25,18.906786
2013-09-26,19.145357
2013-09-27,19.009031
2013-09-30,18.838621
2013-10-08,18.932348
2013-10-09,18.744898
2013-10-10,18.727858
2013-10-11,18.949390
2013-10-14,19.256123
2013-10-15,19.716225
2013-10-16,19.349846
2013-10-17,18.983467
2013-10-18,18.983467
2013-10-21,19.043110
2013-10-22,18.847145
2013-10-23,18.506327
2013-10-24,18.531883
2013-10-25,18.046228
2013-10-28,17.833216
2013-10-29,17.279390
2013-10-30,17.262346
2013-10-31,16.180258
2013-11-01,16.171732
2013-11-04,16.325104
2013-11-05,16.180258
2013-11-06,15.975765
2013-11-07,15.387857
2013-11-08,15.055561
2013-11-11,15.933160
2013-11-12,16.384741
2013-11-13,16.129133
2013-11-14,16.401785
2013-11-15,16.521069
2013-11-18,16.759645
2013-11-19,16.580715
2013-11-20,16.495512
2013-11-21,16.316580
2013-11-22,16.146175
2013-11-25,16.248419
2013-11-26,16.180258
2013-11-27,16.333622
2013-11-28,16.631838
2013-11-29,16.819286
2013-12-02,16.325104
2013-12-03,16.870407
2013-12-04,17.381634
2013-12-05,17.739491
2013-12-06,17.637245
2013-12-09,17.279390
2013-12-10,17.296431
2013-12-11,17.407194
2013-12-12,17.773569
2013-12-13,17.892859
2013-12-16,17.364594
2013-12-17,17.381634
2013-12-18,17.696886
2013-12-19,17.381634
2013-12-20,17.160103
2013-12-23,17.773569
2013-12-24,17.799129
2013-12-25,17.756529
2013-12-26,17.637245
2013-12-27,17.782091
2013-12-30,17.884336
2013-12-31,18.233671
2014-01-02,18.284794
2014-01-03,17.713932
2014-01-06,17.245308
2014-01-07,17.040817
2014-01-08,17.236786
2014-01-09,17.057861
2014-01-10,16.393265
2014-01-13,16.376223
2014-01-14,16.606277
2014-01-15,16.895971
2014-01-16,16.964128
2014-01-17,16.810766
2014-01-20,16.555155
2014-01-21,17.023775
2014-01-22,17.126022
2014-01-23,16.972651
2014-01-24,16.648878
2014-01-27,16.248419
2014-01-28,16.299540
2014-01-29,16.171732
2014-01-30,15.830923
2014-02-07,15.933160
2014-02-10,16.273979
2014-02-11,16.947092
2014-02-12,16.964128
2014-02-13,16.708519
2014-02-14,16.776688
2014-02-17,16.802248
2014-02-18,16.393265
2014-02-19,16.299540
2014-02-20,16.486990
2014-02-21,16.273979
2014-02-24,16.129133
2014-02-25,15.754235
2014-02-26,15.856480
2014-02-27,15.583828
2014-02-28,15.703110
2014-03-03,15.745715
2014-03-04,15.575307
2014-03-05,15.481583
2014-03-06,15.532704
2014-03-07,15.813875
2014-03-10,15.456020
2014-03-11,15.566790
2014-03-12,15.541224
2014-03-13,15.549744
2014-03-14,15.473060
2014-03-17,15.473060
2014-03-18,15.643471
2014-03-19,15.404896
2014-03-20,15.029998
2014-03-21,15.089643
2014-03-24,15.089643
2014-03-25,15.387857
2014-03-26,15.370817
2014-03-27,15.132250
2014-03-28,15.012960
2014-03-31,14.782909
2014-04-01,14.919236
2014-04-02,14.868114
2014-04-03,14.910715
2014-04-04,15.021476
2014-04-08,15.260051
2014-04-09,15.251528
2014-04-10,15.149287
2014-04-11,15.669030
2014-04-14,15.524182
2014-04-15,15.208929
2014-04-16,15.166327
2014-04-17,15.029998
2014-04-18,15.055561
2014-04-21,14.876636
2014-04-22,14.825510
2014-04-23,14.825510
2014-04-24,14.825510
2014-04-25,14.629539
2014-04-28,14.527297
2014-04-29,14.493215
2014-04-30,14.476171
2014-05-05,14.493215
2014-05-06,14.450611
2014-05-07,14.195000
2014-05-08,14.195000
2014-05-09,14.195000
2014-05-12,14.425049
2014-05-13,14.356886
2014-05-14,14.254642
2014-05-15,14.135357
2014-05-16,14.263164
2014-05-19,14.092755
2014-05-20,14.041633
2014-05-21,14.109796
2014-05-22,14.203520
2014-05-23,14.297243
2014-05-26,14.484696
2014-05-27,14.408009
2014-05-28,14.399487
2014-05-29,14.382446
2014-05-30,14.373928
2014-06-03,14.280203
2014-06-04,14.169437
2014-06-05,14.220560
2014-06-06,14.288724
2014-06-09,14.254642
2014-06-10,14.339847
2014-06-11,14.501734
2014-06-12,14.484696
2014-06-13,14.595458
2014-06-16,14.586938
2014-06-17,14.501734
2014-06-18,14.476171
2014-06-19,14.433570
2014-06-20,14.365409
2014-06-23,14.314283
2014-06-24,14.288724
2014-06-25,14.399487
2014-06-26,14.629539
2014-06-27,14.697702
2014-06-30,14.851069
2014-07-01,14.731785
2014-07-02,14.680662
2014-07-03,15.047042
2014-07-04,14.927755
2014-07-07,14.910715
2014-07-08,14.910715
2014-07-09,14.723265
2014-07-10,14.765865
2014-07-11,14.859593
2014-07-14,14.970358
2014-07-15,15.123726
2014-07-16,15.225971
2014-07-17,15.055561
2014-07-18,15.217449
2014-07-21,15.609390
2014-07-22,15.532704
2014-07-23,15.456020
2014-07-24,15.600866
2014-07-25,15.626431
2014-07-28,15.788314
2014-07-29,16.120613
2014-07-30,16.452908
2014-07-31,16.989691
2014-08-01,16.717039
2014-08-04,16.861889
2014-08-05,16.469948
2014-08-06,16.521069
2014-08-07,16.469948
2014-08-08,16.350662
2014-08-11,16.725561
2014-08-12,16.614792
2014-08-13,16.468447
2014-08-14,16.270449
2014-08-15,16.416794
2014-08-18,16.485666
2014-08-19,16.563143
2014-08-20,16.520102
2014-08-21,16.218796
2014-08-22,16.356533
2014-08-25,16.184359
2014-08-26,15.814183
2014-08-27,15.796968
2014-08-28,15.908881
2014-08-29,16.115490
2014-09-01,16.158535
2014-09-02,16.313494
2014-09-03,16.313494
2014-09-04,16.192968
2014-09-05,16.468447
2014-09-09,16.373751
2014-09-10,16.261835
2014-09-11,16.106882
2014-09-12,16.132708
2014-09-15,16.038012
2014-09-16,15.736708
2014-09-17,15.917492
2014-09-18,15.969144
2014-09-19,16.020796
2014-09-22,15.762533
2014-09-23,15.874447
2014-09-24,16.132708
2014-09-25,16.201580
2014-09-26,16.244621
2014-09-29,16.279057
2014-09-30,16.304884
2014-10-08,16.924707
2014-10-09,16.735319
2014-10-10,16.588966
2014-10-13,16.666451
2014-10-14,16.554539
2014-10-15,16.873056
2014-10-16,16.683662
2014-10-17,16.520102
2014-10-20,16.778360
2014-10-21,16.563143
2014-10-22,16.098274
2014-10-23,15.848623
2014-10-24,15.900273
2014-10-27,15.969144
2014-10-28,16.167143
2014-10-29,16.089668
2014-10-30,16.115490
2014-10-31,16.124098
2014-11-03,16.244621
2014-11-04,15.891666
2014-11-05,15.581753
2014-11-06,15.650621
2014-11-07,15.659229
2014-11-10,15.951925
2014-11-11,16.184359
2014-11-12,16.339317
2014-11-13,16.158535
2014-11-14,16.726707
2014-11-17,16.494276
2014-11-18,16.149927
2014-11-19,16.700882
2014-11-20,16.761143
2014-11-21,16.743927
2014-11-24,16.933321
2014-11-25,17.182966
2014-11-26,17.312101
2014-11-27,17.277668
2014-11-28,17.182966
2014-12-01,17.682278
2014-12-02,17.699492
2014-12-03,17.931927
2014-12-04,18.801407
2014-12-05,19.137144
2014-12-08,19.094103
2014-12-09,18.663666
2014-12-10,19.524538
2014-12-11,19.042452
2014-12-12,19.033842
2014-12-15,19.042452
2014-12-16,18.784189
2014-12-17,18.620623
2014-12-18,18.749760
2014-12-19,18.732536
2014-12-22,18.069664
2014-12-23,18.138535
2014-12-24,18.207405
2014-12-25,18.336535
2014-12-26,18.000795
2014-12-29,18.121319
2014-12-30,18.982187
2014-12-31,19.309319
2015-01-05,19.283493
2015-01-06,20.970797
2015-01-07,20.540367
2015-01-08,20.368187
2015-01-09,20.307928
2015-01-12,20.557581
2015-01-13,20.505924
2015-01-14,20.600630
2015-01-15,20.600630
2015-01-16,21.031063
2015-01-19,19.696712
2015-01-20,20.135756
2015-01-21,20.385408
2015-01-22,20.548975
2015-01-23,20.178801
2015-01-26,20.833057
2015-01-27,20.376799
2015-01-28,20.032452
2015-01-29,19.696712
2015-01-30,19.438448
2015-02-02,19.068275
2015-02-03,19.317928
2015-02-04,19.076885
2015-02-05,18.990799
2015-02-06,19.464279
2015-02-09,19.128536
2015-02-10,18.465668
2015-02-11,18.732536
2015-02-12,18.500101
2015-02-13,18.878883
2015-02-16,19.119925
2015-02-17,19.429842
2015-02-25,19.223232
2015-02-26,19.421230
2015-02-27,19.404016
2015-03-02,19.335144
2015-03-03,19.679493
2015-03-04,20.023844
2015-03-05,19.800013
2015-03-06,19.386797
2015-03-09,19.541756
2015-03-10,19.550362
2015-03-11,19.326536
2015-03-12,19.576191
2015-03-13,19.507317
2015-03-16,20.376799
2015-03-17,20.109930
2015-03-18,20.359579
2015-03-19,20.669495
2015-03-20,20.755585
2015-03-23,21.056887
2015-03-24,22.649496
2015-03-25,23.234886
2015-03-26,22.537580
2015-03-27,22.537580
2015-03-30,22.580626
2015-03-31,22.468714
2015-04-01,22.761410
2015-04-02,22.795845
2015-04-03,23.544802
2015-04-07,24.793058
2015-04-08,25.146019
2015-04-09,25.567846
2015-04-10,26.256542
2015-04-13,27.332630
2015-04-14,29.174896
2015-04-15,27.272369
2015-04-16,28.365675
2015-04-17,28.580893
2015-04-20,27.539240
2015-04-21,28.331244
2015-04-22,28.864981
2015-04-23,28.460373
2015-04-24,27.668369
2015-04-27,28.184895
2015-04-28,28.684195
2015-04-29,28.563679
2015-04-30,27.728628
2015-05-04,26.893587
2015-05-05,26.299585
2015-05-06,25.938021
2015-05-07,25.318192
2015-05-08,26.686972
2015-05-11,28.391495
2015-05-12,28.055761
2015-05-13,27.866373
2015-05-14,27.573669
2015-05-15,26.738628
2015-05-18,26.738628
2015-05-19,27.108803
2015-05-20,27.401503
2015-05-21,28.391495
2015-05-22,28.486191
2015-05-25,31.335678
2015-05-26,31.490631
2015-05-27,33.332901
2015-05-28,31.723066
2015-05-29,33.005768
2015-06-01,36.053238
2015-06-02,36.552544
2015-06-03,36.793594
2015-06-04,36.432026
2015-06-05,36.784985
2015-06-08,36.526722
2015-06-09,35.614197
2015-06-10,35.330116
2015-06-11,35.829422
2015-06-12,36.242638
2015-06-15,37.094910
2015-06-16,34.718899
2015-06-17,35.028809
2015-06-18,34.012981
2015-06-19,31.938288
2015-06-23,34.090462
2015-06-24,34.813591
2015-06-25,33.728897
2015-06-26,30.354282
2015-06-29,28.167677
2015-06-30,30.913853
2015-07-01,28.434540
2015-07-02,25.662537
2015-07-03,23.097153
2015-07-06,23.932192
2015-07-07,21.573406
2015-07-08,19.412624
2015-07-09,21.358191
2015-07-10,23.493149
2015-07-13,25.843325
2015-07-14,25.481758
2015-07-15,22.933586
2015-07-16,24.388456
2015-07-17,25.981066
2015-07-20,25.912195
2015-07-21,25.826105
2015-07-22,25.610891
2015-07-23,26.824718
2015-07-24,26.454542
2015-07-27,23.811670
2015-07-28,24.362627
2015-07-29,25.808889
2015-07-30,25.438715
2015-07-31,25.851934
2015-08-03,26.411499
2015-08-04,27.375671
2015-08-05,26.273764
2015-08-06,25.869148
2015-08-07,26.146662
2015-08-10,27.308733
2015-08-11,26.823092
2015-08-12,26.007904
2015-08-13,26.250727
2015-08-14,26.571598
2015-08-17,27.230684
2015-08-18,25.149359
2015-08-19,25.652346
2015-08-20,24.993258
2015-08-21,23.432266
2015-08-24,21.090773
2015-08-25,18.983427
2015-08-26,19.486416
2015-08-27,20.795919
2015-08-28,21.801889
2015-08-31,21.524382
2015-09-01,20.839277
2015-09-02,20.917330
2015-09-07,20.423012
2015-09-08,21.142805
2015-09-09,21.801889
2015-09-10,21.316246
2015-09-11,20.821934
2015-09-14,20.665834
2015-09-15,19.599159
2015-09-16,20.856621
2015-09-17,20.188866
2015-09-18,20.110817
2015-09-21,20.362307
2015-09-22,20.639816
2015-09-23,20.605131
2015-09-24,20.847950
2015-09-25,20.188866
2015-09-28,19.980732
2015-09-29,19.338987
2015-09-30,19.486416
2015-10-08,20.761229
2015-10-09,20.856621
2015-10-12,21.706501
2015-10-13,22.001352
2015-10-14,21.611103
2015-10-15,22.114094
2015-10-16,22.504339
2015-10-19,21.888615
2015-10-20,22.426289
2015-10-21,21.715172
2015-10-22,22.192137
2015-10-23,23.267496
2015-10-26,23.406246
2015-10-27,23.258820
2015-10-28,22.547701
2015-10-29,22.521679
2015-10-30,22.192137
2015-11-02,21.741184
2015-11-03,21.671808
2015-11-04,22.539028
2015-11-05,23.146084
2015-11-06,23.414919
2015-11-09,23.857199
2015-11-10,23.518986
2015-11-11,23.423594
2015-11-12,23.571020
2015-11-13,22.764503
2015-11-16,22.833883
2015-11-17,22.868574
2015-11-18,23.094048
2015-11-19,24.238779
2015-11-20,23.874546
2015-11-23,23.484299
2015-11-24,23.250151
2015-11-25,23.406246
2015-11-26,23.059359
2015-11-27,22.174797
2015-11-30,23.059359
2015-12-01,24.464256
2015-12-02,24.915213
2015-12-03,25.114668
2015-12-04,24.464256
2015-12-07,26.909815
2015-12-08,29.077864
2015-12-09,29.086536
2015-12-10,29.017153
2015-12-11,29.945078
2015-12-14,30.647524
2015-12-15,29.953753
2015-12-16,29.216614
2015-12-17,32.139145
2015-12-18,32.052422
2015-12-21,35.261131
2015-12-22,35.642708
2015-12-23,35.824825
2015-12-24,33.344582
2015-12-25,33.387939
2015-12-28,34.133751
2015-12-29,35.443253
2015-12-30,35.304493
2015-12-31,38.686649
2016-01-04,34.818855
2016-01-05,31.731556
2016-01-06,31.904995
2016-01-07,28.713631
2016-01-08,28.765663
2016-01-11,26.883791
2016-01-12,28.496828
2016-01-13,27.282719
2016-01-14,28.618235
2016-01-15,27.646954
2016-01-18,27.716322
2016-01-19,28.626909
2016-01-20,27.690311
2016-01-21,25.340147
2016-01-22,25.461557
2016-01-25,26.640974
2016-01-26,24.126038
2016-01-27,25.132013
2016-01-28,24.299484
2016-01-29,25.210064
2016-02-01,24.707075
2016-02-02,25.288113
2016-02-03,24.767784
2016-02-04,25.123339
2016-02-05,26.623636
2016-02-15,27.456161
2016-02-16,27.751019
2016-02-17,27.152634
2016-02-18,26.658319
2016-02-19,26.996534
2016-02-22,27.178652
2016-02-23,26.658319
2016-02-24,26.276745
2016-02-25,24.767784
2016-02-26,24.741768
2016-02-29,23.545004
2016-03-01,23.727119
2016-03-02,24.516287
2016-03-03,24.472927
2016-03-04,25.158031
2016-03-07,24.967243
2016-03-08,24.715752
2016-03-09,24.507616
2016-03-10,23.978617
2016-03-11,23.813841
2016-03-14,24.334171
2016-03-15,24.195414
2016-03-16,24.689732
2016-03-17,24.984585
2016-03-18,25.218733
2016-03-21,25.704376
2016-03-22,25.132013
2016-03-23,25.088654
2016-03-24,24.663717
2016-03-25,25.314133
2016-03-28,25.461557
2016-03-29,24.949896
2016-03-30,26.493547
2016-03-31,26.164005
2016-04-01,25.843136
2016-04-05,26.198694
2016-04-06,26.059937
2016-04-07,25.869146
2016-04-08,25.678364
2016-04-11,26.085955
2016-04-12,25.921181
2016-04-13,25.938528
2016-04-14,25.912510
2016-04-15,25.869146
2016-04-18,25.322805
2016-04-19,25.236080
2016-04-20,24.629026
2016-04-21,24.273468
2016-04-22,24.559652
2016-04-25,24.178074
2016-04-26,24.273468
2016-04-27,24.212763
2016-04-28,24.074005
2016-04-29,24.169401
2016-05-03,25.001930
2016-05-04,24.906538
2016-05-05,24.819815
2016-05-06,24.204090
2016-05-09,23.727119
2016-05-10,23.718447
2016-05-11,24.533636
2016-05-12,24.108694
2016-05-13,23.909235
2016-05-16,24.169401
2016-05-17,24.056662
2016-05-18,23.649067
2016-05-19,23.623053
2016-05-20,23.458281
2016-05-23,23.518986
2016-05-24,23.362885
2016-05-25,23.458281
2016-05-26,23.388905
2016-05-27,23.319525
2016-05-30,23.189444
2016-05-31,23.848530
2016-06-01,23.666414
2016-06-02,23.709774
2016-06-03,24.299484
2016-06-06,24.056662
2016-06-07,24.065334
2016-06-08,23.978617
2016-06-13,23.258820
2016-06-14,23.128738
2016-06-15,23.518986
2016-06-16,23.267496
2016-06-17,23.336870
2016-06-20,23.813841
2016-06-21,23.492971
2016-06-22,23.926582
2016-06-23,23.822512
2016-06-24,23.449610
2016-06-27,23.735794
2016-06-28,26.111975
2016-06-29,25.643675
2016-06-30,25.834463
2016-07-01,25.635000
2016-07-04,26.025253
2016-07-05,26.111975
2016-07-06,26.935829
2016-07-07,27.386784
2016-07-08,27.013880
2016-07-11,27.881102
2016-07-12,28.618235
2016-07-13,28.635580
2016-07-14,28.340727
2016-07-15,28.262676
2016-07-18,26.970520
2016-07-19,27.274044
2016-07-20,27.187323
2016-07-21,27.317406
2016-07-22,26.987862
2016-07-25,27.091930
2016-07-26,27.482178
2016-07-27,27.291388
2016-07-28,27.256704
2016-07-29,27.742346
2016-08-01,26.484873
2016-08-02,26.432844
2016-08-03,26.268076
2016-08-04,26.424171
2016-08-05,26.493547
2016-08-08,26.831766
2016-08-09,26.883791
2016-08-10,26.647900
2016-08-11,26.411999
2016-08-12,27.705074
2016-08-15,28.203087
2016-08-16,27.818657
2016-08-17,27.862341
2016-08-18,28.229300
2016-08-19,27.757498
2016-08-22,27.259493
2016-08-23,27.809921
2016-08-24,27.504122
2016-08-25,26.726530
2016-08-26,26.866323
2016-08-29,26.927483
2016-08-30,27.006117
2016-08-31,27.154646
2016-09-01,26.918747
2016-09-02,27.198328
2016-09-05,27.189592
2016-09-06,27.320648
2016-09-07,27.399282
2016-09-08,27.643915
2016-09-09,27.110960
2016-09-12,26.516840
2016-09-13,26.446945
2016-09-14,26.385790
2016-09-19,26.962431
2016-09-20,26.971169
2016-09-21,27.041061
2016-09-22,27.163382
2016-09-23,27.233276
2016-09-26,26.586739
2016-09-27,26.805164
2016-09-28,26.569263
2016-09-29,26.691582
2016-09-30,26.674109
2016-10-10,27.276964
2016-10-11,27.311911
2016-10-12,27.233276
2016-10-13,27.145905
2016-10-14,26.953691
2016-10-17,26.875059
2016-10-18,27.076010
2016-10-19,27.259493
2016-10-20,27.207062
2016-10-21,27.049799
2016-10-24,27.460440
2016-10-25,28.150667
2016-10-26,27.906029
2016-10-27,27.827394
2016-10-28,27.643915
2016-10-31,27.425491
2016-11-01,27.670130
2016-11-02,27.442966
2016-11-03,27.574017
2016-11-04,27.530336
2016-11-07,27.451700
2016-11-08,27.617708
2016-11-09,27.303175
2016-11-10,27.600235
2016-11-11,27.512861
2016-11-14,27.565283
2016-11-15,27.792448
2016-11-16,27.757498
2016-11-17,27.661390
2016-11-18,27.940975
2016-11-21,28.797205
2016-11-22,28.596252
2016-11-23,28.430246
2016-11-24,30.326185
2016-11-25,29.924282
2016-11-28,29.653431
2016-11-29,30.308710
2016-11-30,29.941761
2016-12-01,30.448492
2016-12-02,30.570816
2016-12-05,28.412775
2016-12-06,28.141926
2016-12-07,28.299192
2016-12-08,28.037083
2016-12-09,28.307934
2016-12-12,27.477913
2016-12-13,27.434227
2016-12-14,27.556549
2016-12-15,27.434227
2016-12-16,27.399282
2016-12-19,27.565283
2016-12-20,27.338123
2016-12-21,27.390543
2016-12-22,27.512861
2016-12-23,27.530336
2016-12-26,27.259493
2016-12-27,27.355597
2016-12-28,27.163382
2016-12-29,26.752743
2016-12-30,27.416754
2017-01-03,27.434227
2017-01-04,27.591494
2017-01-05,27.390543
2017-01-06,27.119699
2017-01-09,27.163382
2017-01-10,26.997377
2017-01-11,26.778954
2017-01-12,25.992622
2017-01-13,26.097466
2017-01-16,26.193573
2017-01-17,26.263470
2017-01-18,26.342106
2017-01-19,26.245995
2017-01-20,26.438211
2017-01-23,26.551786
2017-01-24,26.481897
2017-01-25,26.586739
2017-01-26,26.569263
2017-02-03,26.525579
2017-02-06,26.516840
2017-02-07,26.377048
2017-02-08,26.403259
2017-02-09,26.499367
2017-02-10,26.604212
2017-02-13,26.813902
2017-02-14,26.805164
2017-02-15,26.516840
2017-02-16,26.551786
2017-02-17,26.446945
2017-02-20,26.848846
2017-02-21,26.875059
2017-02-22,27.058537
2017-02-23,27.014851
2017-02-24,26.892534
2017-02-27,26.700319
2017-02-28,26.682846
2017-03-01,26.726530
2017-03-02,26.700319
2017-03-03,26.709057
2017-03-06,26.822639
2017-03-07,26.936220
2017-03-08,27.102224
2017-03-09,26.822639
2017-03-10,27.215801
2017-03-13,27.626446
2017-03-14,27.512861
2017-03-15,27.565283
2017-03-16,27.539070
2017-03-17,27.110960
2017-03-20,27.626446
2017-03-21,28.272984
2017-03-22,28.875834
2017-03-23,28.666153
2017-03-24,28.561304
2017-03-27,28.351612
2017-03-28,27.766237
2017-03-29,27.661390
2017-03-30,27.364334
2017-03-31,27.617708
2017-04-05,27.661390
2017-04-06,27.774975
2017-04-07,27.600235
2017-04-10,27.172119
2017-04-11,27.102224
2017-04-12,27.285700
2017-04-13,27.364334
2017-04-14,27.189592
2017-04-17,27.504122
2017-04-18,27.766237
2017-04-19,27.923498
2017-04-20,28.552570
2017-04-21,28.430246
2017-04-24,28.045816
2017-04-25,27.512861
2017-04-26,27.705074
2017-04-27,27.303175
2017-04-28,27.110960
2017-05-02,27.076010
2017-05-03,27.032328
2017-05-04,27.084743
2017-05-05,27.145905
2017-05-08,27.233276
2017-05-09,26.918747
2017-05-10,26.918747
2017-05-11,27.014851
2017-05-12,27.049799
2017-05-15,27.530336
2017-05-16,27.600235
2017-05-17,27.198328
2017-05-18,27.364334
2017-05-19,27.687603
2017-05-22,27.906029
2017-05-23,28.351612
2017-05-24,28.019608
2017-05-25,28.098240
2017-05-26,27.993399
2017-05-31,28.211823
2017-06-01,28.465199
2017-06-02,28.307934
2017-06-05,27.713814
2017-06-06,28.045816
2017-06-07,28.168135
2017-06-08,28.980682
2017-06-09,28.936998
2017-06-12,29.592274
2017-06-13,29.469954
2017-06-14,28.779728
2017-06-15,28.971947
2017-06-16,28.622463
2017-06-19,28.622463
2017-06-20,28.604990
2017-06-21,30.099020
2017-06-22,29.513639
2017-06-23,30.710611
2017-06-26,30.745558
2017-06-27,30.972725
2017-06-28,30.404814
2017-06-29,30.404814
2017-06-30,30.544605
2017-07-03,30.168913
2017-07-04,29.836906
2017-07-05,30.265020
2017-07-06,29.871857
2017-07-07,29.566059
2017-07-10,29.207842
2017-07-11,29.408796
2017-07-12,29.356371
2017-07-13,29.417530
2017-07-14,29.714588
2017-07-17,28.666153
2017-07-18,28.465199
2017-07-19,28.683624
2017-07-20,28.832150
2017-07-21,28.805939
2017-07-24,28.884577
2017-07-25,29.068048
2017-07-26,28.465199
2017-07-27,28.508883
2017-07-28,28.639940
2017-07-31,28.718567
2017-08-01,28.902050
2017-08-02,28.290459
2017-08-03,28.220560
2017-08-04,28.133190
2017-08-07,28.072031
2017-08-08,27.932240
2017-08-09,28.220560
2017-08-10,28.299192
2017-08-11,28.159401
2017-08-14,28.508883
2017-08-15,28.482666
2017-08-16,28.456264
2017-08-17,28.825943
2017-08-18,28.658709
2017-08-21,28.790733
2017-08-22,28.729122
2017-08-23,28.297832
2017-08-24,28.042582
2017-08-25,28.297832
2017-08-28,28.385853
2017-08-29,28.438665
2017-08-30,28.377050
2017-08-31,28.403452
2017-09-01,28.209812
2017-09-04,28.157001
2017-09-05,28.192209
2017-09-06,28.271425
2017-09-07,28.130596
2017-09-08,28.095390
2017-09-11,27.936960
2017-09-12,27.584885
2017-09-13,27.620092
2017-09-14,27.875345
2017-09-15,27.813734
2017-09-18,27.901749
2017-09-19,27.690506
2017-09-20,27.752123
2017-09-21,27.576084
2017-09-22,27.567282
2017-09-25,28.192209
2017-09-26,28.033775
2017-09-27,28.060181
2017-09-28,28.236217
2017-09-29,28.526676
2017-10-09,28.544285
2017-10-10,28.931564
2017-10-11,28.808338
2017-10-12,28.597095
2017-10-13,28.676313
2017-10-16,28.931564
2017-10-17,28.957968
2017-10-18,29.635706
2017-10-19,29.538887
2017-10-20,29.354044
2017-10-23,29.890961
2017-10-24,30.049395
2017-10-25,29.987783
2017-10-26,29.530085
2017-10-27,30.093405
2017-10-30,30.260635
2017-10-31,29.635706
2017-11-01,29.327641
2017-11-02,29.116404
2017-11-03,29.186815
2017-11-06,30.586306
2017-11-07,30.463079
2017-11-08,30.463079
2017-11-09,30.031790
2017-11-10,30.146215
2017-11-13,30.454273
2017-11-14,29.688511
2017-11-15,29.670916
2017-11-16,30.102203
2017-11-17,30.295845
2017-11-20,30.515886
2017-11-21,31.237642
2017-11-22,31.043997
2017-11-23,29.706123
2017-11-24,29.274830
2017-11-27,29.327641
2017-11-28,29.371653
2017-11-29,28.500277
2017-11-30,28.412258
2017-12-01,28.509075
2017-12-04,28.553083
2017-12-05,29.142807
2017-12-06,29.151606
2017-12-07,28.878754
2017-12-08,28.799536
2017-12-11,29.072392
2017-12-12,28.544285
2017-12-13,28.676313
2017-12-14,28.412258
2017-12-15,28.315434
2017-12-18,28.271425
2017-12-19,28.456264
2017-12-20,28.553083
2017-12-21,28.720324
2017-12-22,28.350645
2017-12-25,28.403452
2017-12-26,28.465067
2017-12-27,28.157001
2017-12-28,28.095390
2017-12-29,28.377050
2018-01-02,28.579489
2018-01-03,28.693909
2018-01-04,28.623505
2018-01-05,29.160412
2018-01-08,29.424467
2018-01-09,29.468472
2018-01-10,29.310040
2018-01-11,29.459675
2018-01-12,29.204418
2018-01-15,28.588287
2018-01-16,29.486078
2018-01-17,29.794138
2018-01-18,30.031790
2018-01-19,29.846949
2018-01-22,30.392668
2018-01-23,30.524689
2018-01-24,30.498289
2018-01-25,30.102203
2018-01-26,30.867962
2018-01-29,29.846949
2018-01-30,29.846949
2018-01-31,29.838154
2018-02-01,29.600502
2018-02-02,29.530085
2018-02-05,28.825943
2018-02-06,28.825943
2018-02-07,28.658709
2018-02-08,28.755526
2018-02-09,28.112993
2018-02-12,28.148201
2018-02-13,28.262625
2018-02-14,28.157001
2018-02-22,28.799536
2018-02-23,28.852345
2018-02-26,28.949165
2018-02-27,28.869949
2018-02-28,28.517879
2018-03-01,28.482670
2018-03-02,28.201012
2018-03-05,28.297832
2018-03-06,28.755526
2018-03-07,28.755526
2018-03-08,29.574097
2018-03-09,29.609304
2018-03-12,29.626905
2018-03-13,29.318840
2018-03-14,28.949165
2018-03-15,29.125204
2018-03-16,29.486078
2018-03-19,30.014183
2018-03-20,30.199022
2018-03-21,29.882162
2018-03-22,29.776543
2018-03-23,29.389257
2018-03-26,29.952568
2018-03-27,30.119808
2018-03-28,29.741331
2018-03-29,29.644508
2018-03-30,30.524689
2018-04-02,30.005381
2018-04-03,31.316849
2018-04-04,32.927586
2018-04-09,32.707542
2018-04-10,32.883575
2018-04-11,33.006805
2018-04-12,33.033207
2018-04-13,32.329056
2018-04-16,32.663536
2018-04-17,32.557911
2018-04-18,31.184830
2018-04-19,30.859159
2018-04-20,30.859159
2018-04-23,29.398064
2018-04-24,29.662109
2018-04-25,30.207825
2018-04-26,30.216631
2018-04-27,31.220037
2018-05-02,31.079206
2018-05-03,31.140814
2018-05-04,31.809755
2018-05-07,32.707542
2018-05-08,33.622932
2018-05-09,33.825375
2018-05-10,34.177444
2018-05-11,33.719753
2018-05-14,33.376476
2018-05-15,35.832188
2018-05-16,35.893795
2018-05-17,35.128040
2018-05-18,35.929005
2018-05-21,35.568127
2018-05-22,35.911400
2018-05-23,35.497719
2018-05-24,35.136848
2018-05-25,36.184254
2018-05-28,37.381302
2018-05-29,35.207253
2018-05-30,34.573521
2018-05-31,35.664948
2018-06-01,34.071823
2018-06-04,33.807770
2018-06-05,34.740765
2018-06-06,34.635136
2018-06-07,33.710941
2018-06-08,33.816563
2018-06-11,32.927586
2018-06-12,33.737354
2018-06-13,33.622932
2018-06-14,33.130032
2018-06-15,32.293858
2018-06-19,32.399479
2018-06-20,32.857170
2018-06-21,32.742756
2018-06-22,32.848370
2018-06-25,32.707542
2018-06-26,32.232243
2018-06-27,30.991184
2018-06-28,30.322248
2018-06-29,31.052797
2018-07-02,30.903172
2018-07-03,30.331047
2018-07-04,29.802946
2018-07-05,29.864561
2018-07-06,29.882162
2018-07-09,30.920774
2018-07-10,30.982388
2018-07-11,30.647913
2018-07-12,31.308052
2018-07-13,31.932974
2018-07-16,31.994591
2018-07-17,31.466488
2018-07-18,31.475279
2018-07-19,31.202427
2018-07-20,31.721733
2018-07-23,30.815151
2018-07-24,30.595100
2018-07-25,30.806347
2018-07-26,30.630314
2018-07-27,30.339857
2018-07-30,29.644508
2018-07-31,29.750126
2018-08-01,29.635706
2018-08-02,29.028381
2018-08-03,27.963364
2018-08-06,27.681707
2018-08-07,28.315434
2018-08-08,27.215464
2018-08-09,27.809803
2018-08-10,28.404142
2018-08-13,28.554945
2018-08-14,28.359789
2018-08-15,27.588036
2018-08-16,27.605776
2018-08-17,26.860634
2018-08-20,26.213068
2018-08-21,26.851763
2018-08-22,26.896112
2018-08-23,27.046917
2018-08-24,27.703352
2018-08-27,28.368660
2018-08-28,28.457365
2018-08-29,28.439627
2018-08-30,27.827543
2018-08-31,28.368660
2018-09-03,28.138020
2018-09-04,27.765448
2018-09-05,27.978346
2018-09-06,26.896112
2018-09-07,26.967081
2018-09-10,26.763056
2018-09-11,26.612249
2018-09-12,26.523544
2018-09-13,26.062263
2018-09-14,26.097744
2018-09-17,26.088875
2018-09-18,26.638865
2018-09-19,27.020304
2018-09-20,26.878374
2018-09-21,27.410616
2018-09-25,27.171108
2018-09-26,27.845287
2018-09-27,27.942863
2018-09-28,28.164631
2018-10-08,26.834017
2018-10-09,27.188850
2018-10-10,27.321911
2018-10-11,25.805012
2018-10-12,26.284035
2018-10-15,26.062263
2018-10-16,24.962290
2018-10-17,25.104223
2018-10-18,24.749393
2018-10-19,25.503407
2018-10-22,26.789667
2018-10-23,26.337255
2018-10-24,26.026781
2018-10-25,26.310640
2018-10-26,26.150970
2018-10-29,24.820358
2018-10-30,24.980034
2018-10-31,25.219545
2018-11-01,25.157450
2018-11-02,26.292902
2018-11-05,26.115490
2018-11-06,26.319517
2018-11-07,26.248550
2018-11-08,26.186457
2018-11-09,26.017914
2018-11-12,26.221939
2018-11-13,26.372740
2018-11-14,26.434835
2018-11-15,26.683214
2018-11-16,26.780796
2018-11-19,27.162239
2018-11-20,26.434835
2018-11-21,26.363869
2018-11-22,26.763056
2018-11-23,26.115490
2018-11-26,25.991301
2018-11-27,26.026781
2018-11-28,25.858238
2018-11-29,25.725172
2018-11-30,25.805012
2018-12-03,26.443708
2018-12-04,26.479189
2018-12-05,26.443708
2018-12-06,25.574375
2018-12-07,25.742918
2018-12-10,25.547762
2018-12-11,25.858238
2018-12-12,25.938070
2018-12-13,26.647734
2018-12-14,26.621120
2018-12-17,26.000168
2018-12-18,25.716303
2018-12-19,24.660685
2018-12-20,23.516359
2018-12-21,23.800224
2018-12-24,24.208277
2018-12-25,23.951023
2018-12-26,24.128441
2018-12-27,24.217150
2018-12-28,24.394564
2019-01-02,23.640551
2019-01-03,23.551844
2019-01-04,23.791353
2019-01-07,23.631680
2019-01-08,23.356688
2019-01-09,23.720387
2019-01-10,23.711514
2019-01-11,23.915543
2019-01-14,23.551844
2019-01-15,23.667166
2019-01-16,23.924412
2019-01-17,23.427650
2019-01-18,23.605070
2019-01-21,24.021992
2019-01-22,23.817966
2019-01-23,23.871187
2019-01-24,23.676033
2019-01-25,23.729256
2019-01-28,23.605070
2019-01-29,23.596193
2019-01-30,23.480877
2019-01-31,23.401037
2019-02-01,23.906673
2019-02-11,24.323599
2019-02-12,24.971161
2019-02-13,25.370346
2019-02-14,25.600985
2019-02-15,25.512280
2019-02-18,25.982428
2019-02-19,25.689692
2019-02-20,25.113094
2019-02-21,25.113094
2019-02-22,24.855841
2019-02-25,26.221939
2019-02-26,26.088875
2019-02-27,25.858238
2019-02-28,25.938070
2019-03-01,26.017914
2019-03-04,26.248550
2019-03-05,27.171108
2019-03-06,27.109013
2019-03-07,27.055788
2019-03-08,26.612249
2019-03-11,26.913857
2019-03-12,27.419489
2019-03-13,26.763056
2019-03-14,26.834017
2019-03-15,26.896112
2019-03-18,27.508196
2019-03-19,27.401747
2019-03-20,26.851763
2019-03-21,27.029175
2019-03-22,26.674343
2019-03-25,26.088875
2019-03-26,26.177586
2019-03-27,26.310640
2019-03-28,25.858238
2019-03-29,26.550158
2019-04-01,27.321911
2019-04-02,27.188850
2019-04-03,27.384008
2019-04-04,27.233204
2019-04-08,27.676743
2019-04-09,28.980740
2019-04-10,29.397665
2019-04-11,28.741234
2019-04-12,28.208986
2019-04-15,28.049316
2019-04-16,29.273476
2019-04-17,29.087189
2019-04-18,29.087189
2019-04-19,28.821070
2019-04-22,28.927519
2019-04-23,28.483980
2019-04-24,28.510592
2019-04-25,28.022699
2019-04-26,27.215464
2019-05-06,26.408226
2019-05-07,26.337255
2019-05-08,26.168713
2019-05-09,25.822756
2019-05-10,26.310640
2019-05-13,26.177586
2019-05-14,25.884850
2019-05-15,26.488062
2019-05-16,26.922728
2019-05-17,26.488062
2019-05-20,26.248550
2019-05-21,26.496931
2019-05-22,26.496931
2019-05-23,26.150970
2019-05-24,26.168713
2019-05-27,26.310640
2019-05-28,26.488062
2019-05-29,26.248550
2019-05-30,26.035648
2019-05-31,25.920332
2019-06-03,26.026781
2019-06-04,24.953421
2019-06-05,24.926811
2019-06-06,24.855841
2019-06-10,24.571978
2019-06-11,25.281637
2019-06-12,25.263899
2019-06-13,25.228413
2019-06-14,25.201799
2019-06-17,25.432442
2019-06-18,25.210674
2019-06-19,25.388088
2019-06-20,25.680824
2019-06-21,25.671951
2019-06-24,25.600985
2019-06-25,25.290510
2019-06-26,25.645340
2019-06-27,25.822756
2019-06-28,25.725172
2019-07-01,26.301775
2019-07-02,27.392876
2019-07-03,27.428362
2019-07-04,27.463842
2019-07-05,27.525942
2019-07-08,26.754185
2019-07-09,26.825150
2019-07-10,26.585638
2019-07-11,26.567898
2019-07-12,26.629993
2019-07-15,26.425966
2019-07-16,26.009041
2019-07-17,25.822756
2019-07-18,25.689692
2019-07-19,25.609856
2019-07-22,25.104223
2019-07-23,25.113094
2019-07-24,25.405827
2019-07-25,25.361479
2019-07-26,25.130835
2019-07-29,24.862247
2019-07-30,25.327803
2019-07-31,25.390471
2019-08-01,25.103979
2019-08-02,24.799580
2019-08-05,24.647381
2019-08-06,24.316120
2019-08-07,24.629475
2019-08-08,24.593660
2019-08-09,24.495176
2019-08-12,24.530991
2019-08-13,24.253452
2019-08-14,24.620520
2019-08-15,24.719002
2019-08-16,24.871204
2019-08-19,25.247225
2019-08-20,25.220364
2019-08-21,25.148743
2019-08-22,25.157698
2019-08-23,25.739634
2019-08-26,25.775448
2019-08-27,25.632200
2019-08-28,25.300943
2019-08-29,25.318848
2019-08-30,24.889109
2019-09-02,24.951780
2019-09-03,24.933876
2019-09-04,24.960732
2019-09-05,25.274082
2019-09-06,25.238274
2019-09-09,25.300943
2019-09-10,25.524765
2019-09-11,25.238274
2019-09-12,25.336752
2019-09-16,25.068169
2019-09-17,24.790630
2019-09-18,24.781673
2019-09-19,24.701097
2019-09-20,24.674238
2019-09-23,24.522038
2019-09-24,24.817484
2019-09-25,24.280310
2019-09-26,24.172874
2019-09-27,24.190781
2019-09-30,24.083347
2019-10-08,24.110205
2019-10-09,23.904287
2019-10-10,23.993814
2019-10-11,24.002766
2019-10-14,24.522038
2019-10-15,24.584707
2019-10-16,24.342978
2019-10-17,24.387745
2019-10-18,24.217638
2019-10-21,24.038580
2019-10-22,24.110205
2019-10-23,23.975908
2019-10-24,23.940100
2019-10-25,24.369833
2019-10-28,24.719002
2019-10-29,24.701097
2019-10-30,24.495176
2019-10-31,24.620520
2019-11-01,24.280310
2019-11-04,24.414604
2019-11-05,24.584707
2019-11-06,24.504133
2019-11-07,24.754814
2019-11-08,24.477272
2019-11-11,24.056488
2019-11-12,24.181828
2019-11-13,24.163923
2019-11-14,24.047537
2019-11-15,23.680468
2019-11-18,24.020674
2019-11-19,24.092295
2019-11-20,24.047537
2019-11-21,23.850567
2019-11-22,23.671513
2019-11-25,23.796854
2019-11-26,24.369833
2019-11-27,24.029629
2019-11-28,24.047537
2019-11-29,23.814756
2019-12-02,23.573032
2019-12-03,23.429785
2019-12-04,23.205961
2019-12-05,23.313395
2019-12-06,23.376064
2019-12-09,23.385193
2019-12-10,23.567747
2019-12-11,23.485598
2019-12-12,23.330427
2019-12-13,23.549492
2019-12-16,23.695534
2019-12-17,23.905476
2019-12-18,23.786810
2019-12-19,23.887215
2019-12-20,23.859835
2019-12-23,23.604258
2019-12-24,23.887215
2019-12-25,24.909519
2019-12-26,26.013975
2019-12-27,25.502825
2019-12-30,25.466311
2019-12-31,25.721888
2020-01-02,25.630610
2020-01-03,25.557589
2020-01-06,25.411547
2020-01-07,25.292883
2020-01-08,24.845625
2020-01-09,25.037308
2020-01-10,25.000799
2020-01-13,25.037308
2020-01-14,25.128588
2020-01-15,24.799988
2020-01-16,24.681328
2020-01-17,24.854753
2020-01-20,25.548460
2020-01-21,25.712759
2020-01-22,25.347649
2020-01-23,24.964285
2020-02-03,25.831417
2020-02-04,25.630610
2020-02-05,26.844595
2020-02-06,26.972385
2020-02-07,26.360826
2020-02-10,25.685373
2020-02-11,25.557589
2020-02-12,25.448055
2020-02-13,24.964285
2020-02-14,25.092073
2020-02-17,25.639738
2020-02-18,25.621481
2020-02-19,25.110331
2020-02-20,25.292883
2020-02-21,25.384165
2020-02-24,25.201607
2020-02-25,25.165096
2020-02-26,24.690454
2020-02-27,24.507902
2020-02-28,23.859835
2020-03-02,24.261456
2020-03-03,24.334475
2020-03-04,24.215813
2020-03-05,24.580923
2020-03-06,24.407499
2020-03-09,23.978493
2020-03-10,23.996750
2020-03-11,24.015003
2020-03-12,23.604258
2020-03-13,23.138748
2020-03-16,23.293919
2020-03-17,22.883169
2020-03-18,22.645849
2020-03-19,22.125570
2020-03-20,22.353764
2020-03-23,22.025164
2020-03-24,22.216848
2020-03-25,22.636719
2020-03-26,22.937933
2020-03-27,22.983574
2020-03-30,23.230022
2020-03-31,23.138748
2020-04-01,22.682358
2020-04-02,22.727999
2020-04-03,22.618467
2020-04-07,22.864912
2020-04-08,22.883169
2020-04-09,23.029211
2020-04-10,22.782764
2020-04-13,22.846661
2020-04-14,23.047468
2020-04-15,23.211765
2020-04-16,23.239149
2020-04-17,23.065722
2020-04-20,23.038342
2020-04-21,22.846661
2020-04-22,22.819277
2020-04-23,22.992701
2020-04-24,22.700619
2020-04-27,22.828402
2020-04-28,22.874041
2020-04-29,23.376062
2020-04-30,23.439959
2020-05-06,23.549492
2020-05-07,23.348679
2020-05-08,23.330427
2020-05-11,23.093103
2020-05-12,23.056597
2020-05-13,23.093103
2020-05-14,22.846661
2020-05-15,22.910553
2020-05-18,22.983574
2020-05-19,23.157000
2020-05-20,22.992701
2020-05-21,22.928810
2020-05-22,22.609337
2020-05-25,22.682358
2020-05-26,22.883169
2020-05-27,22.801020
2020-05-28,22.682358
2020-05-29,22.874041
2020-06-01,23.266531
2020-06-02,23.366940
2020-06-03,24.580923
2020-06-04,24.224943
2020-06-05,23.823324
2020-06-08,23.896345
2020-06-09,24.097153
2020-06-10,23.850706
2020-06-11,23.467342
2020-06-12,23.531237
2020-06-15,23.868959
2020-06-16,23.941982
2020-06-17,24.224943
2020-06-18,24.078899
2020-06-19,24.088026
2020-06-22,24.097153
2020-06-23,24.535284
2020-06-24,24.361856
2020-06-29,24.434881
2020-06-30,24.754353
2020-07-01,25.128588
2020-07-02,25.073820
2020-07-03,25.539330
2020-07-06,26.205656
2020-07-07,25.895313
2020-07-08,25.740145
2020-07-09,26.059608
2020-07-10,25.740145
2020-07-13,26.789827
2020-07-14,26.415590
2020-07-15,26.306059
2020-07-16,24.918648
2020-07-17,24.580923
2020-07-20,24.977238
2020-07-21,25.078623
2020-07-22,25.050978
2020-07-23,25.161575
2020-07-24,24.276770
2020-07-27,24.304422
2020-07-28,24.295206
2020-07-29,24.792906
2020-07-30,25.087839
2020-07-31,24.921942
2020-08-03,25.465727
2020-08-04,25.410423
2020-08-05,27.945015
2020-08-06,26.894312
2020-08-07,28.276815
2020-08-10,30.875925
2020-08-11,29.816004
2020-08-12,28.479582
2020-08-13,28.212299
2020-08-14,28.064833
2020-08-17,28.396635
2020-08-18,28.516451
2020-08-19,27.769897
2020-08-20,27.484179
2020-08-21,27.889715
2020-08-24,27.742249
2020-08-25,27.124731
2020-08-26,26.497995
2020-08-27,26.497995
2020-08-28,28.018747
2020-08-31,27.373583
2020-09-01,27.401232
2020-09-02,27.815985
2020-09-03,29.401253
2020-09-04,28.110916
2020-09-07,26.885094
2020-09-08,26.958830
2020-09-09,26.286011
2020-09-10,25.696142
2020-09-11,26.507215
2020-09-14,26.018724
2020-09-15,26.267576
2020-09-16,26.654678
2020-09-17,26.442696
2020-09-18,26.544077
2020-09-21,26.737631
2020-09-22,26.221493
2020-09-23,26.230709
2020-09-24,25.567108
2020-09-25,25.050978
2020-09-28,24.894291
2020-09-29,24.995674
2020-09-30,24.866638
2020-10-09,25.235304
2020-10-12,25.723795
2020-10-13,25.613194
2020-10-14,25.189224
2020-10-15,24.820555
2020-10-16,25.299826
2020-10-19,24.663872
2020-10-20,24.931156
2020-10-21,24.968023
2020-10-22,24.995674
2020-10-23,24.875858
2020-10-26,24.792906
2020-10-27,24.627007
2020-10-28,24.378155
2020-10-29,24.636225
2020-10-30,24.792906
2020-11-02,24.203039
2020-11-03,25.032539
2020-11-04,24.838991
2020-11-05,25.226091
2020-11-06,25.622408
2020-11-09,25.760660
2020-11-10,25.382774
2020-11-11,25.769876
2020-11-12,25.631624
2020-11-13,25.087839
2020-11-16,25.318256
2020-11-17,25.041758
2020-11-18,25.014105
2020-11-19,25.124706
2020-11-20,25.023321
2020-11-23,25.133926
2020-11-24,24.875858
2020-11-25,24.608570
2020-11-26,24.654655
2020-11-27,24.599356
2020-11-30,24.792906
2020-12-01,24.811338
2020-12-02,23.935755
2020-12-03,23.097034
2020-12-04,23.299803
2020-12-07,23.235283
2020-12-08,22.894270
2020-12-09,22.580900
2020-12-10,22.728367
2020-12-11,22.949564
2020-12-14,22.995651
2020-12-15,22.746799
2020-12-16,23.133904
2020-12-17,22.977221
2020-12-18,23.133904
2020-12-21,23.014084
2020-12-22,22.691504
2020-12-23,22.304399
2020-12-24,21.613148
2020-12-25,21.705313
2020-12-28,21.585497
2020-12-29,21.520981
2020-12-30,21.631578
2020-12-31,22.027899
2021-01-04,22.470297
2021-01-05,23.705336
2021-01-06,23.410402
2021-01-07,23.115467
2021-01-08,23.327452
2021-01-11,22.829752
2021-01-12,22.774450
2021-01-13,22.295179
2021-01-14,22.580900
2021-01-15,22.580900
2021-01-18,23.318232
2021-01-19,23.179985
2021-01-20,23.318232
2021-01-21,23.557869
2021-01-22,23.198420
2021-01-25,22.875834
2021-01-26,22.396566
2021-01-27,22.267530
2021-01-28,21.880428
2021-01-29,21.779047
2021-02-01,22.276751
2021-02-02,22.387350
2021-02-03,22.138498
2021-02-04,22.073980
2021-02-05,22.147718
2021-02-08,23.456488
2021-02-09,23.806725
2021-02-10,23.640818
2021-02-18,24.544056
2021-02-19,24.442675
2021-02-22,23.742203
2021-02-23,25.484159
2021-02-24,24.304422
2021-02-25,24.774469
2021-02-26,24.885073
2021-03-01,24.885073
2021-03-02,24.442675
2021-03-03,24.461107
2021-03-04,24.037138
2021-03-05,24.691523
2021-03-08,24.258337
2021-03-09,24.074003
2021-03-10,23.502571
2021-03-11,23.557869
2021-03-12,23.779066
2021-03-15,23.640818
2021-03-16,23.714552
2021-03-17,23.530218
2021-03-18,23.548653
2021-03-19,23.613171
2021-03-22,24.368938
2021-03-23,24.396587
2021-03-24,24.405804
2021-03-25,24.792906
2021-03-26,24.783688
2021-03-29,25.152357
2021-03-30,27.041779
2021-03-31,27.603998
2021-04-01,27.705379
2021-04-02,27.097080
2021-04-06,26.673111
2021-04-07,26.507215
2021-04-08,26.636244
2021-04-09,26.783710
2021-04-12,26.829796
2021-04-13,26.590164
2021-04-14,26.636244
2021-04-15,25.751442
2021-04-16,26.627028
2021-04-19,26.765280
2021-04-20,27.004913
2021-04-21,27.032564
2021-04-22,27.023346
2021-04-23,26.875877
2021-04-26,26.267576
2021-04-27,26.129330
2021-04-28,26.544077
2021-04-29,26.304445
2021-04-30,28.184650
2021-05-06,27.567131
2021-05-07,27.106295
2021-05-10,26.617811
2021-05-11,26.700762
2021-05-12,26.396608
2021-05-13,27.650080
2021-05-14,29.945042
2021-05-17,30.451962
2021-05-18,33.272263
2021-05-19,33.631718
2021-05-20,33.668583
2021-05-21,33.530338
2021-05-24,32.848293
2021-05-25,34.746941
2021-05-26,37.401344
2021-05-27,40.184780
2021-05-28,39.631783
2021-05-31,38.876015
2021-06-01,38.332230
2021-06-02,37.189358
2021-06-03,36.654785
2021-06-04,36.037273
2021-06-07,35.668610
2021-06-08,34.811451
2021-06-09,34.304535
2021-06-10,34.433567
2021-06-11,32.064877
2021-06-15,31.659342
2021-06-16,30.875925
2021-06-17,30.968090
2021-06-18,31.410492
2021-06-21,32.000362
2021-06-22,32.258427
2021-06-23,33.078709
2021-06-24,32.479633
2021-06-25,33.272263
2021-06-28,36.599491
2021-06-29,37.217010
2021-06-30,37.650196
2021-07-01,38.304577
2021-07-02,36.829906
2021-07-05,36.157089
2021-07-06,33.484249
2021-07-07,33.410515
2021-07-08,33.926655
2021-07-09,33.299915
2021-07-12,33.244614
2021-07-13,33.355213
2021-07-14,33.640934
2021-07-15,33.299915
2021-07-16,33.963516
2021-07-19,36.866776
2021-07-20,35.945107
2021-07-21,36.811478
2021-07-22,35.005001
2021-07-23,34.203148
2021-07-26,33.742313
2021-07-27,31.521093
2021-07-28,31.539528
2021-07-29,31.733076
2021-07-30,31.530308
2021-08-02,32.424332
2021-08-03,32.525711
2021-08-04,32.276867
2021-08-05,32.028011
2021-08-06,31.060259
2021-08-09,32.387463
2021-08-10,32.516495
2021-08-11,31.825239
2021-08-12,31.527981
2021-08-13,31.546566
2021-08-16,32.048183
2021-08-17,31.174994
2021-08-18,31.314327
2021-08-19,30.812706
2021-08-20,29.976667
2021-08-23,29.958090
2021-08-24,30.357531
2021-08-25,32.001743
2021-08-26,30.970629
2021-08-27,30.914888
2021-08-30,31.007782
2021-08-31,30.496872
2021-09-01,30.636208
2021-09-02,30.208902
2021-09-03,31.416513
2021-09-06,32.605553
2021-09-07,32.559097
2021-09-08,32.271133
2021-09-09,32.494080
2021-09-10,32.029610
2021-09-13,31.128546
2021-09-14,30.626921
2021-09-15,30.738392
2021-09-16,29.716566
2021-09-17,29.270681
2021-09-22,29.122051
2021-09-23,29.382153
2021-09-24,29.391436
2021-09-27,29.874483
2021-09-28,29.196363
2021-09-29,28.954840
2021-09-30,29.131338
2021-10-08,29.688696
2021-10-11,29.763014
2021-10-12,29.354284
2021-10-13,31.407225
2021-10-14,30.998493
2021-10-15,31.212149
2021-10-18,31.082098
2021-10-19,31.676617
2021-10-20,31.137831
2021-10-21,30.571182
2021-10-22,30.756973
2021-10-25,30.441135
2021-10-26,30.496872
2021-10-27,29.632961
2021-10-28,29.317125
2021-10-29,29.800171
2021-11-01,31.658037
2021-11-02,31.444380
2021-11-03,31.741638
2021-11-04,31.825239
2021-11-05,31.119253
2021-11-08,29.976667
2021-11-09,30.348238
2021-11-10,30.394690
2021-11-11,30.199608
2021-11-12,30.236771
2021-11-15,30.283211
2021-11-16,31.230722
2021-11-17,31.332911
2021-11-18,30.487583
2021-11-19,31.100677
2021-11-22,30.821995
2021-11-23,32.735600
2021-11-24,31.992451
2021-11-25,34.370522
2021-11-26,34.194023
2021-11-29,33.553059
2021-11-30,33.729557
2021-12-01,34.472702
2021-12-02,34.184734
2021-12-03,34.184734
2021-12-06,34.463409
2021-12-07,35.624577
2021-12-08,35.643158
2021-12-09,35.290169
2021-12-10,34.565590
2021-12-13,34.927879
2021-12-14,34.974327
2021-12-15,34.807121
2021-12-16,35.308743
2021-12-17,36.135494
2021-12-20,37.101582
2021-12-21,37.148033
2021-12-22,39.758331
2021-12-23,40.269241
2021-12-24,40.566505
2021-12-27,40.417870
2021-12-28,39.256706
2021-12-29,37.203762
2021-12-30,37.984070
2021-12-31,41.783409
2022-01-04,45.963608
2022-01-05,44.960358
2022-01-06,47.793602
2022-01-07,47.366295
2022-01-10,46.938984
2022-01-11,48.824718
2022-01-12,46.065788
2022-01-13,44.495888
2022-01-14,44.932487
2022-01-17,44.969646
2022-01-18,45.350510
2022-01-19,44.207920
2022-01-20,45.684925
2022-01-21,42.684471
2022-01-24,43.743454
2022-01-25,41.476860
2022-01-26,40.650108
2022-01-27,40.269241
2022-01-28,38.931580
2022-02-07,39.879093
2022-02-08,39.711884
2022-02-09,42.201427
2022-02-10,43.371880
2022-02-11,39.916252
2022-02-14,39.488941
2022-02-15,41.003101
2022-02-16,40.204220
2022-02-17,40.222801
2022-02-18,40.120617
2022-02-21,40.529346
2022-02-22,39.479652
2022-02-23,39.953407
2022-02-24,39.795483
2022-02-25,41.653358
2022-02-28,42.545128
2022-03-01,42.257160
2022-03-02,43.483353
2022-03-03,43.121067
2022-03-04,42.461529
2022-03-07,41.523308
2022-03-08,37.881889
2022-03-09,36.999401
2022-03-10,39.089504
2022-03-11,40.603661
2022-03-14,38.476402
2022-03-15,36.228386
2022-03-16,37.343109
2022-03-17,38.067673
2022-03-18,38.736504
2022-03-21,38.560005
2022-03-22,38.058384
2022-03-23,40.585079
2022-03-24,40.278534
2022-03-25,40.306400
2022-03-28,40.352852
2022-03-29,42.684471
2022-03-30,42.220001
2022-03-31,43.418327
2022-04-01,42.610149
2022-04-06,42.675182
2022-04-07,41.003101
2022-04-08,40.139191
2022-04-11,39.814068
2022-04-12,39.869804
2022-04-13,38.225601
2022-04-14,38.922291
2022-04-15,39.191685
2022-04-18,38.541431
2022-04-19,38.847977
2022-04-20,37.649654
2022-04-21,36.256256
2022-04-22,35.271584
2022-04-25,32.791336
2022-04-26,31.936716
2022-04-27,33.209351
2022-04-28,32.967834
2022-04-29,34.026817
2022-05-05,37.426708
2022-05-06,37.658947
2022-05-09,37.222343
2022-05-10,37.389553
2022-05-11,37.454578
2022-05-12,37.974781
2022-05-13,38.940868
2022-05-16,39.516811
2022-05-17,39.563259
2022-05-18,38.262745
2022-05-19,38.076962
2022-05-20,39.572544
2022-05-23,39.971985
2022-05-24,38.894424
2022-05-25,39.535389
2022-05-26,41.253914
2022-05-27,41.383965
2022-05-30,42.368633
2022-05-31,43.260410
2022-06-01,41.876301
2022-06-02,42.433655
2022-06-06,42.638027
2022-06-07,43.269699
2022-06-08,43.399746
2022-06-09,42.777363
2022-06-10,43.427616
2022-06-13,46.232994
2022-06-14,45.703499
2022-06-15,46.047207
2022-06-16,47.654259
2022-06-17,48.415981
2022-06-20,48.778275
2022-06-21,47.375584
2022-06-22,47.533501
2022-06-23,48.908321
2022-06-24,49.001213
2022-06-27,49.038376
2022-06-28,50.218117
2022-06-29,49.140556
2022-06-30,49.121975
2022-07-01,45.527000
2022-07-04,47.496342
2022-07-05,47.403450
2022-07-06,46.446651
2022-07-07,46.437363
2022-07-08,46.502384
2022-07-11,46.279442
2022-07-12,45.424820
2022-07-13,45.378376
2022-07-14,46.260864
2022-07-15,46.149395
2022-07-18,45.174015
2022-07-19,45.136852
2022-07-20,45.759239
2022-07-21,45.610607
2022-07-22,45.508427
2022-07-25,45.703499
2022-07-26,46.520966
2022-07-27,46.400204
2022-07-28,45.424820
2022-07-29,43.715584
2022-08-01,43.381172
2022-08-02,42.396500
2022-08-03,43.892082
2022-08-04,45.842842
2022-08-05,45.666348
2022-08-08,46.270157
2022-08-09,46.112236
2022-08-10,45.592033
2022-08-11,46.028625
2022-08-12,45.898575
2022-08-15,45.164722
2022-08-16,45.127563
2022-08-17,45.099697
2022-08-18,44.856724
2022-08-19,43.996975
2022-08-22,45.211838
2022-08-23,45.352016
2022-08-24,44.679169
2022-08-25,44.557674
2022-08-26,44.725891
2022-08-29,45.006245
2022-08-30,44.277321
2022-08-31,43.688580
2022-09-01,41.875622
2022-09-02,41.389675
2022-09-05,41.202766
2022-09-06,42.202694
2022-09-07,41.978413
2022-09-08,42.660614
2022-09-09,42.782097
2022-09-13,43.454948
2022-09-14,42.539127
2022-09-15,42.511089
2022-09-16,41.483124
2022-09-19,41.277527
2022-09-20,42.613884
2022-09-21,41.174732
2022-09-22,39.716885
2022-09-23,40.539265
2022-09-26,40.464500
2022-09-27,41.707405
2022-09-28,41.427055
2022-09-29,41.931690
2022-09-30,42.567162
2022-10-10,42.314842
2022-10-11,43.268040
2022-10-12,43.501678
2022-10-13,44.109108
2022-10-14,45.903381
2022-10-17,46.679024
2022-10-18,49.062038
2022-10-19,47.501404
2022-10-20,47.407951
2022-10-21,47.949966
2022-10-24,49.230251
2022-10-25,47.912586
2022-10-26,48.912521
2022-10-27,52.641235
2022-10-28,47.379913
2022-10-31,45.557602
2022-11-01,44.202560
2022-11-02,46.333260
2022-11-03,45.492191
2022-11-04,46.538849
2022-11-07,45.772545
2022-11-08,44.389465
2022-11-09,44.342743
2022-11-10,43.081142
2022-11-11,43.071796
2022-11-14,45.043629
2022-11-15,45.015587
2022-11-16,43.800720
2022-11-17,44.109108
2022-11-18,43.464294
2022-11-21,43.735306
2022-11-22,42.296146
2022-11-23,42.978348
2022-11-24,43.651199
2022-11-25,43.912865
2022-11-28,44.090420
2022-11-29,44.585712
2022-11-30,45.931416
2022-12-01,45.931416
2022-12-02,45.352016
2022-12-05,45.688435
2022-12-06,44.968864
2022-12-07,45.333324
2022-12-08,45.361362
2022-12-09,45.707134
2022-12-12,46.697716
2022-12-13,45.632370
2022-12-14,43.838104
2022-12-15,43.884827
2022-12-16,44.389465
2022-12-19,42.987694
2022-12-20,42.623234
2022-12-21,42.324184
2022-12-22,41.370987
2022-12-23,40.987831
2022-12-26,42.277458
2022-12-27,42.314842
2022-12-28,41.455086
2022-12-29,41.772820
2022-12-30,41.754131
2023-01-03,42.455017
2023-01-04,42.763405
2023-01-05,41.595264
2023-01-06,39.529987
2023-01-09,39.772957
2023-01-10,41.417709
2023-01-11,42.417641
2023-01-12,42.398949
2023-01-13,43.006378
2023-01-16,43.950245
2023-01-17,43.352154
2023-01-18,42.922279
2023-01-19,43.595131
2023-01-20,43.903519
2023-01-30,45.202492
2023-01-31,44.053043
2023-02-01,44.043697
2023-02-02,44.118454
2023-02-03,43.165245
2023-02-06,42.800789
2023-02-07,42.595200
2023-02-08,42.314842
2023-02-09,42.688648
2023-02-10,42.286804
2023-02-13,43.361500
2023-02-14,43.361500
2023-02-15,43.828754
2023-02-16,44.127800
2023-02-17,44.697857
2023-02-20,44.875412
2023-02-21,45.436119
2023-02-22,45.155769
2023-02-23,44.912796
2023-02-24,44.772614
2023-02-27,44.809994
2023-02-28,45.753857
2023-03-01,45.753857
2023-03-02,45.604336
2023-03-03,45.417431
2023-03-06,47.641575
2023-03-07,46.529503
2023-03-08,46.342606
2023-03-09,46.183731
2023-03-10,45.725822
2023-03-13,46.865932
2023-03-14,46.258492
2023-03-15,47.024799
2023-03-16,48.333122
2023-03-17,47.529434
2023-03-20,45.978142
2023-03-21,46.258492
2023-03-22,45.837967
2023-03-23,47.417297
2023-03-24,46.333260
2023-03-27,46.323910
2023-03-28,48.473297
2023-03-29,50.090004
2023-03-30,50.155422
2023-03-31,51.529156
2023-04-03,49.903107
2023-04-04,52.669270
2023-04-06,52.641235
2023-04-07,51.360950
2023-04-10,51.127316
2023-04-11,51.594574
2023-04-12,51.258152
2023-04-13,51.473091
2023-04-14,51.127316
2023-04-17,51.398331
2023-04-18,51.398331
2023-04-19,51.117970
2023-04-20,51.706722
2023-04-21,51.473091
2023-04-24,52.099213
2023-04-25,54.743896
2023-04-26,52.631889
2023-04-27,54.173836
2023-04-28,54.351395
2023-05-04,58.612785
2023-05-05,57.098869
2023-05-08,57.874516
2023-05-09,56.369949
2023-05-10,54.809315
2023-05-11,53.846756
2023-05-12,53.902828
2023-05-15,54.743896
2023-05-16,54.556988
2023-05-17,54.753242
2023-05-18,54.566334
2023-05-19,55.407398
2023-05-22,55.818581
2023-05-23,54.799965
2023-05-24,52.921589
2023-05-25,53.762657
2023-05-26,56.239117
2023-05-29,56.584881
2023-05-30,56.089592
2023-05-31,56.622269
2023-06-01,55.220497
2023-06-02,54.014969
2023-06-05,54.753242
2023-06-06,53.229973
2023-06-07,53.912174
2023-06-08,52.865520
2023-06-09,52.594505
2023-06-12,52.117905
2023-06-13,52.323498
2023-06-14,52.529087
2023-06-15,52.659920
2023-06-16,52.052490
2023-06-19,53.145866
2023-06-20,51.510471
2023-06-21,50.716133
2023-06-26,50.977791
2023-06-27,52.239388
2023-06-28,52.136593
2023-06-29,52.622543
2023-06-30,53.790688
2023-07-03,51.884277
2023-07-04,51.566544
2023-07-05,52.145939
2023-07-06,49.940483
2023-07-07,50.071316
2023-07-10,48.959244
2023-07-11,48.940552
2023-07-12,48.576092
2023-07-13,48.734959
2023-07-14,48.706924
2023-07-17,49.501266
2023-07-18,48.482639
2023-07-19,48.604126
2023-07-20,48.305084
2023-07-21,48.538712
2023-07-24,48.914833
2023-07-25,48.952450
2023-07-26,48.510506
2023-07-27,48.200199
2023-07-28,48.717373
2023-07-31,47.983925
2023-08-01,48.416473
2023-08-02,47.513775
2023-08-03,48.961853
2023-08-04,51.707558
2023-08-07,52.121288
2023-08-08,53.672798
2023-08-09,53.042786
2023-08-10,53.456524
2023-08-11,53.315479
2023-08-14,53.945484
2023-08-15,54.067726
2023-08-16,54.255791
2023-08-17,54.819969
2023-08-18,52.920547
2023-08-21,52.130692
2023-08-22,52.478603
2023-08-23,53.315479
2023-08-24,53.108612
2023-08-25,53.089809
2023-08-28,52.751289
2023-08-29,53.785629
2023-08-30,52.074272
2023-08-31,52.864132
2023-09-01,51.989643
2023-09-04,52.299942
2023-09-05,52.140095
2023-09-06,51.632328
2023-09-07,51.416054
2023-09-08,51.425453
2023-09-11,51.622925
2023-09-12,51.030529
2023-09-13,51.180981
2023-09-14,51.077549
2023-09-15,50.438133
2023-09-18,50.804855
2023-09-19,50.710827
2023-09-20,50.494553
2023-09-21,50.024399
2023-09-22,50.419323
2023-09-25,50.908287
2023-09-26,50.964710
2023-09-27,51.152775
2023-09-28,51.510082
2023-10-09,50.607391
2023-10-10,49.667084
2023-10-11,49.638878
2023-10-12,49.629471
2023-10-13,49.178120
2023-10-16,48.077961
2023-10-17,47.683033
2023-10-18,46.639290
2023-10-19,45.774204
2023-10-20,45.934055
2023-10-23,46.451229
2023-10-24,46.827351
2023-10-25,46.827351
2023-10-26,46.902573
2023-10-27,49.319168
2023-10-30,49.817532
2023-10-31,48.284828
2023-11-01,48.566921
2023-11-02,48.303635
2023-11-03,47.908703
2023-11-06,47.974525
2023-11-07,47.636021
2023-11-08,47.071831
2023-11-09,47.053024
2023-11-10,47.739452
2023-11-13,47.156464
2023-11-14,47.250492
2023-11-15,47.259895
2023-11-16,46.789738
2023-11-17,47.165863
2023-11-20,48.820805
2023-11-21,48.425877
2023-11-22,48.106171
2023-11-23,48.538708
2023-11-24,48.867821
2023-11-27,48.896030
2023-11-28,49.479019
2023-11-29,48.764389
2023-11-30,49.977383
2023-12-01,49.610664
2023-12-04,49.432007
2023-12-05,49.516636
2023-12-06,48.566921
2023-12-07,48.162590
2023-12-08,47.918106
2023-12-11,48.566921
2023-12-12,49.366180
2023-12-13,49.309761
2023-12-14,49.093494
2023-12-15,48.303635
2023-12-18,48.416473
2023-12-19,48.190800
2023-12-20,47.927513
2023-12-21,48.632748
2023-12-22,48.613941
2023-12-25,49.667084
2023-12-26,48.811401
2023-12-27,50.099625
2023-12-28,49.977383
2023-12-29,50.494553
2024-01-02,51.340832
2024-01-03,51.387848
2024-01-04,51.622925
2024-01-05,50.588589
2024-01-08,50.268879
2024-01-09,50.033798
2024-01-10,48.294235
2024-01-11,47.777061
2024-01-12,47.194073
2024-01-15,47.748852
2024-01-16,48.331848
2024-01-17,47.589001
2024-01-18,47.711246
2024-01-19,47.730045
2024-01-22,46.808544
2024-01-23,47.109440
2024-01-24,47.974525
2024-01-25,48.087368
2024-01-26,48.632748
2024-01-29,49.093494
2024-01-30,44.185089
2024-01-31,41.110275
2024-02-01,40.038326
2024-02-02,39.069805
2024-02-05,38.176517
2024-02-06,40.809380
2024-02-07,40.950424
2024-02-08,41.157291
2024-02-19,41.636852
2024-02-20,42.125813
2024-02-21,42.135216
2024-02-22,42.229244
2024-02-23,42.144619
2024-02-26,42.078796
2024-02-27,42.031776
2024-02-28,41.759094
2024-02-29,41.843716
2024-03-01,41.373562
2024-03-04,41.157291
2024-03-05,41.270126
2024-03-06,40.762363
2024-03-07,40.282803
2024-03-08,40.264000
2024-03-11,40.527283
2024-03-12,42.069393
2024-03-13,41.232513
2024-03-14,40.734154
2024-03-15,40.941021
2024-03-18,40.564899
2024-03-19,40.282803
2024-03-20,40.151161
2024-03-21,40.273403
2024-03-22,39.492947
2024-03-25,38.674881
2024-03-26,38.176517
2024-03-27,38.928761
2024-03-28,39.192055
2024-03-29,38.543236
2024-04-01,39.304886
2024-04-02,38.402187
2024-04-03,38.806522
2024-04-08,38.336369
2024-04-09,39.069805
2024-04-10,39.408318
2024-04-11,38.815926
2024-04-12,38.571445
2024-04-15,38.731297
2024-04-16,38.515026
2024-04-17,39.370708
2024-04-18,39.276676
2024-04-19,39.681011
2024-04-22,39.427128
2024-04-23,39.022789
2024-04-24,38.684284
2024-04-25,38.392788
2024-04-26,40.339226
2024-04-29,40.771767
2024-04-30,39.803249
2024-05-06,41.937748
2024-05-07,42.248051
2024-05-08,42.107002
2024-05-09,42.031776
2024-05-10,41.824913
2024-05-13,43.611500
2024-05-14,45.134800
2024-05-15,44.401356
2024-05-16,43.987617
2024-05-17,43.564480
2024-05-20,43.395229
2024-05-21,43.743145
2024-05-22,42.821640
2024-05-23,42.360886
2024-05-24,42.793430
2024-05-27,42.840446
2024-05-28,42.520737
2024-05-29,42.624180
2024-05-30,41.843716
2024-05-31,41.909538
2024-06-03,41.260727
2024-06-04,42.201038
2024-06-05,41.683868
2024-06-06,42.078796
2024-06-07,41.411175
2024-06-11,41.552219
2024-06-12,41.608639
2024-06-13,40.104145
2024-06-14,39.822056
2024-06-17,39.746834
2024-06-18,40.104145
2024-06-19,40.188778
2024-06-20,38.656075
2024-06-21,38.458607
2024-06-24,35.976192
2024-06-25,36.098431
2024-06-26,37.104561
2024-06-27,36.258289
2024-06-28,36.401188
2024-07-01,37.391953
2024-07-02,37.020416
2024-07-03,36.620300
2024-07-04,36.258289
2024-07-05,36.258289
2024-07-08,35.991539
2024-07-09,35.791485
2024-07-10,34.657814
2024-07-11,35.658112
2024-07-12,35.334206
2024-07-15,35.562843
2024-07-16,35.724796
2024-07-17,36.286869
2024-07-18,37.115681
2024-07-19,37.468170
2024-07-22,37.801601
2024-07-23,36.248756
2024-07-24,35.753376
2024-07-25,34.924561
2024-07-26,35.000774
2024-07-29,34.476810
2024-07-30,33.828995
2024-07-31,35.524738
2024-08-01,34.524445
2024-08-02,34.572079
2024-08-05,34.991245
2024-08-06,35.572372
2024-08-07,35.257988
2024-08-08,35.600948
2024-08-09,35.057934
2024-08-12,35.181782
2024-08-13,34.676872
2024-08-14,34.372021
2024-08-15,34.514915
2024-08-16,34.572079
2024-08-19,34.581604
2024-08-20,34.038586
2024-08-21,33.838531
2024-08-22,33.533680
2024-08-23,33.838531
2024-08-26,33.247879
2024-08-27,32.295219
2024-08-28,32.352375
2024-08-29,32.733440
2024-08-30,33.505096
2024-09-02,33.038292
2024-09-03,33.285980
2024-09-04,32.704861
2024-09-05,32.800129
2024-09-06,32.581017
2024-09-09,32.057053
2024-09-10,31.514038
2024-09-11,30.866226
2024-09-12,30.323206
2024-09-13,30.027884
2024-09-18,29.732557
2024-09-19,30.246994
2024-09-20,30.370838
2024-09-23,29.865931
2024-09-24,31.323503
2024-09-25,31.828411
2024-09-26,34.200542
2024-09-27,36.429768
2024-09-30,40.068932
2024-10-08,41.364552
2024-10-09,37.268108
2024-10-10,37.721657
2024-10-11,36.071514
2024-10-14,36.264515
2024-10-15,35.125820
2024-10-16,34.759121
2024-10-17,34.353821
2024-10-18,35.936420
2024-10-21,37.847107
2024-10-22,38.329605
2024-10-23,38.059402
2024-10-24,38.020805
2024-10-25,37.683056
2024-10-28,37.972553
2024-10-29,37.663754
2024-10-30,38.648048
2024-10-31,38.213802
2024-11-01,38.985802
2024-11-04,38.802452
2024-11-05,39.294598
2024-11-06,39.410400
2024-11-07,40.703491
2024-11-08,41.195637
2024-11-11,41.436886
2024-11-12,41.050892
2024-11-13,40.973686
2024-11-14,40.529789
2024-11-15,39.574444
2024-11-18,39.641998
2024-11-19,40.027996
2024-11-20,39.661293
2024-11-21,39.468296
2024-11-22,38.146252
2024-11-25,37.847107
2024-11-26,38.088356
2024-11-27,38.445400
2024-11-28,38.011150
2024-11-29,39.333195
2024-12-02,39.806046
2024-12-03,39.516548
2024-12-04,39.333195
2024-12-05,39.333195
2024-12-06,39.188450
2024-12-09,38.783150
2024-12-10,39.284946
2024-12-11,39.767445
2024-12-12,40.192047
2024-12-13,39.468296
2024-12-16,38.850697
2024-12-17,38.551552
2024-12-18,38.599804
2024-12-19,40.143791
2024-12-20,40.732437
2024-12-23,40.240295
2024-12-24,40.124496
2024-12-25,40.143791
2024-12-26,39.844646
2024-12-27,39.854298
2024-12-30,40.008694
2024-12-31,39.169147
2025-01-02,38.165554
2025-01-03,37.625156
2025-01-06,37.528656
2025-01-07,37.576908
2025-01-08,36.447865
2025-01-09,36.525063
2025-01-10,35.444267
2025-01-13,35.733768
2025-01-14,36.534714
2025-01-15,36.158363
2025-01-16,35.849567
2025-01-17,35.907467
2025-01-20,35.801315
2025-01-21,35.801315
2025-01-22,35.415318
2025-01-23,35.415318
2025-01-24,35.463570
2025-01-27,35.675869
2025-02-05,35.994312
2025-02-06,36.901413
2025-02-07,36.766312
2025-02-10,36.534714
2025-02-11,36.235561
2025-02-12,36.303112
2025-02-13,36.148716
2025-02-14,36.467163
2025-02-17,36.370659
2025-02-18,35.627613
2025-02-19,35.617966
2025-02-20,35.444267
2025-02-21,35.357418
2025-02-24,35.058273
2025-02-25,34.633671
2025-02-26,34.923168
2025-02-27,35.077568
2025-02-28,34.836319
2025-03-03,35.280220
2025-03-04,35.212669
2025-03-05,35.029320
2025-03-06,35.096870
2025-03-07,35.096870
2025-03-10,35.183716
2025-03-11,35.222321
2025-03-12,34.923168
2025-03-13,35.000370
2025-03-14,36.052216
2025-03-17,35.753063
2025-03-18,35.627613
2025-03-19,35.482868
2025-03-20,35.386364
2025-03-21,35.608318
2025-03-24,35.839916
2025-03-25,35.714466
2025-03-26,35.646915
2025-03-27,35.782017
2025-03-28,35.627613
2025-03-31,35.309170
2025-04-01,35.820614
2025-04-02,35.521469
2025-04-03,35.589016
2025-04-07,33.572178
2025-04-08,34.450325
2025-04-09,35.704819
2025-04-10,35.627613
2025-04-11,35.434620
2025-04-14,35.029320
2025-04-15,34.913521
2025-04-16,35.145115
2025-04-17,35.067921
2025-04-18,34.845970
2025-04-21,34.749470
2025-04-22,35.666218
2025-04-23,35.174068
2025-04-24,35.096870
2025-04-25,35.038971
2025-04-28,34.778423
2025-04-29,34.189774
2025-04-30,35.174068
2025-05-06,35.299522
2025-05-07,35.511818
2025-05-08,35.589016
2025-05-09,35.299522
2025-05-12,35.222321
2025-05-13,35.434620
2025-05-14,35.839916
2025-05-15,35.878517
2025-05-16,36.351364
2025-05-19,35.907467
2025-05-20,36.428562
2025-05-21,36.283813
2025-05-22,36.158363
2025-05-23,36.274162
2025-05-26,35.888165
2025-05-27,36.496113
2025-05-28,36.409260
2025-05-29,36.679459
2025-05-30,36.669811
2025-06-03,36.804909
2025-06-04,36.640862
2025-06-05,36.148716
2025-06-06,35.936420
2025-06-09,36.370659
2025-06-10,36.428562
2025-06-11,36.283813
2025-06-12,36.216263
2025-06-13,35.415318
2025-06-16,35.077568
2025-06-17,34.923168
2025-06-18,34.778423
2025-06-19,34.595070
2025-06-20,34.730171
2025-06-23,34.739819
2025-06-24,35.096870
2025-06-25,35.347767
2025-06-26,35.405666
2025-06-27,35.309170
2025-06-30,35.279819
2025-07-01,35.348305
2025-07-02,35.084145
2025-07-03,34.927608
2025-07-04,34.947174
2025-07-07,34.751503
2025-07-08,34.859123
2025-07-09,34.800419
2025-07-10,34.800419
2025-07-11,34.927608
2025-07-14,34.898254
2025-07-15,34.692799
2025-07-16,34.868904
2025-07-17,35.025444
2025-07-18,35.221115
2025-07-21,35.152630
2025-07-22,35.436359
2025-07-23,35.446140
2025-07-24,35.749435
2025-07-25,35.485275
2025-07-28,35.348305
2025-07-29,35.661381
2025-07-30,35.984238
2025-07-31,35.211334
2025-08-01,35.984238
2025-08-04,36.316883
2025-08-05,36.130997
2025-08-06,35.886406
2025-08-07,35.720081
2025-08-08,35.602676
2025-08-11,35.817921
2025-08-12,35.651596
2025-08-13,35.583111
2025-08-14,35.573330
2025-08-15,35.436359
2025-08-18,35.622246
2025-08-19,35.680950
2025-08-20,35.994026
2025-08-21,36.375587
2025-08-22,36.287533
2025-08-25,36.581043
2025-08-26,36.414722
2025-08-27,35.680950
2025-08-28,35.299389
2025-08-29,34.908039
2025-09-01,35.299389
2025-09-02,34.966743
2025-09-03,34.614532
2025-09-04,34.321022
2025-09-05,34.330807
2025-09-08,34.927608
2025-09-09,34.614532
2025-09-10,34.428638
2025-09-11,34.604748
2025-09-12,34.418858
2025-09-15,34.272102
2025-09-16,34.321022
2025-09-17,34.340588
2025-09-18,34.223183
2025-09-19,34.037296
2025-09-22,33.714436
2025-09-23,33.440495
2025-09-24,33.675301
2025-09-25,33.411144
2025-09-26,33.460060
2025-09-29,33.469845
2025-09-30,33.283955
2025-10-09,33.577465
2025-10-10,33.812275
2025-10-13,33.381790
2025-10-14,33.626381
2025-10-15,33.587250
2025-10-16,33.802486
2025-10-17,33.528545
2025-10-20,33.283955
2025-10-21,33.293739
2025-10-22,33.323090
2025-10-23,33.283955
2025-10-24,33.186115
2025-10-27,33.176334
2025-10-28,32.990448
2025-10-29,33.117630
2025-10-30,33.156769
2025-10-31,33.156769
2025-11-03,32.970879
2025-11-04,32.736069
2025-11-05,32.814342
2025-11-06,32.775208
2025-11-07,33.088284
2025-11-10,33.626381
2025-11-11,33.724220
2025-11-12,33.988380
2025-11-13,34.262321
2025-11-14,34.546047
2025-11-17,34.193836
2025-11-18,34.360153
2025-11-19,33.822056
2025-11-20,33.577465
2025-11-21,32.921963
2025-11-24,32.824123
2025-11-25,33.019798
2025-11-26,32.814342
2025-11-27,32.745857
2025-11-28,32.726288
2025-12-01,33.019798
2025-12-02,32.912174
2025-12-03,32.824123
2025-12-04,32.530613
2025-12-05,32.696934
2025-12-08,32.501266
2025-12-09,32.295807
2025-12-10,32.227322
2025-12-11,32.051216
2025-12-12,31.699007
2025-12-15,32.452343
2025-12-16,32.129486
2025-12-17,31.865326
2025-12-18,31.630522
2025-12-19,31.718571
2025-12-22,31.483765
2025-12-23,31.014151
2025-12-24,31.082636
2025-12-25,31.160904
2025-12-26,31.552250
2025-12-29,31.757706
2025-12-30,31.620735
2025-12-31,31.562033
2026-01-05,31.591385
2026-01-06,31.708788
2026-01-07,31.552250
2026-01-08,31.415279
2026-01-09,31.738138
2026-01-12,31.806623
2026-01-13,31.708788
2026-01-14,30.965231
2026-01-15,30.759775
2026-01-16,30.407564
2026-01-19,30.603237
2026-01-20,30.671722
2026-01-21,30.319511
2026-01-22,30.016218
2026-01-23,29.742275
2026-01-26,29.810760
2026-01-27,29.429199
2026-01-28,29.487902
2026-01-29,30.221674
2026-01-30,29.664007
2026-02-02,29.468334
2026-02-03,29.507469
2026-02-04,30.074921
2026-02-05,30.779341
2026-02-06,30.847828
2026-02-09,30.720640
2026-02-10,30.407564
2026-02-11,30.427132
2026-02-12,30.035786
2026-02-13,29.937950
2026-02-24,29.986866
2026-02-25,30.231459
2026-02-26,29.918383
2026-02-27,30.104271
2026-03-02,29.722708
2026-03-03,29.722708
2026-03-04,29.067204
2026-03-05,29.076988
2026-03-06,29.370499
2026-03-09,29.194393
2026-03-10,29.399847
2026-03-11,29.566170
2026-03-12,29.419416
2026-03-13,29.302013
2026-03-16,29.507469
2026-03-17,29.527037
2026-03-18,29.409632
2026-03-19,29.213961
2026-03-20,29.057423
2026-03-23,28.000788
2026-03-24,27.981220
2026-03-25,27.981220
2026-03-26,27.726847
2026-03-27,27.668144
2026-03-30,27.580091
2026-03-31,27.178963
2026-04-01,28.039923
2026-04-02,27.609442
2026-04-03,27.227880
2026-04-07,26.973505
2026-04-08,27.472471
2026-04-09,27.032206
2026-04-10,27.198528
2026-04-13,27.061558
2026-04-14,27.433338
2026-04-15,27.443119
2026-04-16,27.335501
2026-04-17,27.130043
2026-04-20,27.130043
2026-04-21,27.188745
2026-04-22,27.022425
2026-04-23,27.090910
2026-04-24,27.022425
2026-04-27,26.728914
2026-04-28,26.728914
2026-04-29,26.797400
2026-04-30,27.169178
2026-05-06,27.041990
2026-05-07,26.993073
2026-05-08,27.120258
2026-05-11,27.325716
2026-05-12,27.462687
2026-05-13,27.169178
2026-05-14,26.963720
2026-05-15,26.709347
2026-05-18,25.730982
2026-05-19,25.564659
2026-05-20,25.339636
2026-05-21,24.977642
2026-05-22,24.674349
2026-05-25,24.703699
2026-05-26,24.684132
2026-05-27,24.752617
2026-05-28,24.341703
2026-05-29,25.095045
2026-06-01,25.476608
2026-06-02,25.104830
2026-06-03,24.684132
2026-06-04,24.312355
2026-06-05,24.488461
2026-06-08,23.979710
2026-06-09,23.969927
2026-06-10,24.038412
2026-06-11,23.774254
2026-06-12,24.410191
2026-06-15,24.292788
2026-06-16,23.842739
2026-06-17,23.422043
2026-06-18,22.991562
2026-06-22,23.040480
2026-06-23,23.099182
2026-06-24,22.453463
2026-06-25,22.384975
2026-06-26,21.905577
2026-06-29,23.040480
2026-06-30,22.610001
2026-07-01,23.250000
2026-07-02,23.280001
2026-07-03,23.360001
2026-07-06,23.709999
2026-07-07,23.090000
2026-07-08,23.400000
2026-07-09,23.120001
2026-07-10,23.680000
2026-07-13,24.530001
2026-07-14,24.750000
2026-07-15,25.250000
2026-07-16,26.930000
2026-07-17,26.040001
2026-07-20,26.360001
2026-07-21,25.900000
2026-07-22,25.990000
2026-07-23,25.820000
2026-07-24,25.059999
2026-07-27,25.430000
2026-07-28,25.490000
2026-07-29,25.879999
2026-07-30,26.280001
2026-07-31,26.320000
2026-08-03,26.110001
2026-08-04,25.770000
2026-08-05,25.080000
2026-08-06,24.830000
2026-08-07,25.040001
2026-08-10,25.139999
2026-08-11,24.889999
2026-08-12,24.879999
2026-08-13,24.840000
2026-08-14,24.480000
2026-08-17,24.440001
2026-08-18,24.170000
2026-08-19,24.059999
2026-08-20,24.440001
2026-08-21,23.770000
2026-08-24,23.780001
2026-08-25,24.250000
2026-08-26,24.450001
2026-08-27,24.350000
2026-08-28,24.480000
2026-08-31,23.889999
2026-09-01,24.010000
2026-09-02,23.840000
2026-09-03,23.860001
2026-09-04,24.139999
2026-09-07,24.170000
2026-09-08,24.350000
2026-09-09,23.990000
2026-09-10,23.700001
2026-09-11,23.400000
