date,close
2004-01-01,3.993798
2004-01-02,3.957782
2004-01-05,4.189887
2004-01-06,4.165876
2004-01-07,4.181882
2004-01-08,4.253915
2004-01-09,4.241910
2004-01-12,4.413988
2004-01-13,4.369968
2004-01-14,4.221901
2004-01-15,4.237909
2004-01-16,4.305939
2004-01-19,4.305939
2004-01-20,4.305939
2004-01-21,4.305939
2004-01-22,4.305939
2004-01-23,4.305939
2004-01-26,4.305939
2004-01-27,4.305939
2004-01-28,4.305939
2004-01-29,4.309941
2004-01-30,4.121857
2004-02-02,4.229905
2004-02-03,4.157873
2004-02-04,4.169878
2004-02-05,4.065830
2004-02-06,4.057827
2004-02-09,4.097845
2004-02-10,4.081838
2004-02-11,4.065830
2004-02-12,4.001802
2004-02-13,4.077837
2004-02-16,4.077837
2004-02-17,4.233907
2004-02-18,4.197891
2004-02-19,4.121857
2004-02-20,4.189887
2004-02-23,4.077837
2004-02-24,4.069834
2004-02-25,4.141865
2004-02-26,4.125859
2004-02-27,4.193888
2004-03-01,4.321947
2004-03-02,4.385975
2004-03-03,4.277926
2004-03-04,4.317945
2004-03-05,4.329949
2004-03-08,4.333952
2004-03-09,4.377971
2004-03-10,4.526038
2004-03-11,4.566056
2004-03-12,4.658097
2004-03-15,4.730130
2004-03-16,4.762144
2004-03-17,4.822172
2004-03-18,4.746138
2004-03-19,4.850183
2004-03-22,4.850183
2004-03-23,4.766147
2004-03-24,4.722127
2004-03-25,4.686110
2004-03-26,4.778152
2004-03-29,4.814167
2004-03-30,4.822172
2004-03-31,4.798160
2004-04-01,4.910211
2004-04-02,5.062280
2004-04-05,5.042271
2004-04-06,4.998251
2004-04-07,5.038269
2004-04-08,5.130310
2004-04-09,4.998251
2004-04-12,5.026264
2004-04-13,4.902207
2004-04-14,4.838178
2004-04-15,4.862190
2004-04-16,5.002252
2004-04-19,4.994248
2004-04-20,4.966237
2004-04-21,4.878197
2004-04-22,4.770149
2004-04-23,4.722127
2004-04-26,4.794158
2004-04-27,4.854186
2004-04-28,4.822172
2004-04-29,4.770149
2004-04-30,4.830174
2004-05-03,4.830174
2004-05-04,4.830174
2004-05-05,4.830174
2004-05-06,4.830174
2004-05-07,4.830174
2004-05-10,4.642091
2004-05-11,4.722127
2004-05-12,4.782154
2004-05-13,4.766147
2004-05-14,4.758142
2004-05-17,4.762144
2004-05-18,4.582064
2004-05-19,4.570057
2004-05-20,4.518034
2004-05-21,4.618080
2004-05-24,4.642091
2004-05-25,4.666101
2004-05-26,4.738134
2004-05-27,4.826174
2004-05-28,4.774150
2004-05-31,4.734131
2004-06-01,4.786155
2004-06-02,4.734131
2004-06-03,4.746138
2004-06-04,4.702117
2004-06-07,4.682108
2004-06-08,4.674105
2004-06-09,4.642091
2004-06-10,4.602072
2004-06-11,4.642091
2004-06-14,4.522036
2004-06-15,4.538043
2004-06-16,4.562054
2004-06-17,4.562054
2004-06-18,4.478016
2004-06-21,4.397981
2004-06-22,4.425993
2004-06-23,4.397981
2004-06-24,4.397981
2004-06-25,4.417989
2004-06-28,4.301937
2004-06-29,4.301937
2004-06-30,4.441999
2004-07-01,4.542044
2004-07-02,4.618080
2004-07-05,4.642091
2004-07-06,4.670102
2004-07-07,4.582064
2004-07-08,4.610077
2004-07-09,4.630085
2004-07-12,4.602072
2004-07-13,4.674105
2004-07-14,4.782154
2004-07-15,4.886199
2004-07-16,4.850183
2004-07-19,4.958232
2004-07-20,4.962234
2004-07-21,4.970238
2004-07-22,4.960559
2004-07-23,5.025086
2004-07-26,5.000889
2004-07-27,4.863768
2004-07-28,4.904098
2004-07-29,5.017021
2004-07-30,5.025086
2004-08-02,4.900064
2004-08-03,4.791174
2004-08-04,4.940395
2004-08-05,4.891999
2004-08-06,4.879900
2004-08-09,4.980724
2004-08-10,5.012988
2004-08-11,4.940395
2004-08-12,4.912163
2004-08-13,4.996856
2004-08-16,4.960559
2004-08-17,4.992824
2004-08-18,5.053318
2004-08-19,5.097680
2004-08-20,5.049286
2004-08-23,5.008955
2004-08-24,5.041218
2004-08-25,5.049286
2004-08-26,5.012988
2004-08-27,4.940395
2004-08-30,4.879900
2004-08-31,4.948460
2004-09-01,4.875866
2004-09-02,4.916197
2004-09-03,4.908130
2004-09-06,4.883934
2004-09-07,4.887966
2004-09-08,4.839571
2004-09-09,4.819405
2004-09-10,4.879900
2004-09-13,4.839571
2004-09-14,5.000889
2004-09-15,5.113812
2004-09-16,5.121878
2004-09-17,5.254967
2004-09-20,5.299329
2004-09-21,5.319496
2004-09-22,5.210604
2004-09-23,5.533242
2004-09-24,5.557439
2004-09-27,5.654231
2004-09-28,5.759087
2004-09-29,5.654231
2004-09-30,5.702627
2004-10-01,5.702627
2004-10-04,5.702627
2004-10-05,5.702627
2004-10-06,5.702627
2004-10-07,5.702627
2004-10-08,5.851847
2004-10-11,5.787320
2004-10-12,5.496944
2004-10-13,5.589703
2004-10-14,5.488878
2004-10-15,5.605834
2004-10-18,5.589703
2004-10-19,5.686495
2004-10-20,5.811517
2004-10-21,5.940573
2004-10-22,5.928473
2004-10-25,6.029297
2004-10-26,6.073661
2004-10-27,6.109956
2004-10-28,6.045430
2004-10-29,6.109956
2004-11-01,6.210782
2004-11-02,6.218847
2004-11-03,6.243045
2004-11-04,6.069627
2004-11-05,6.017199
2004-11-08,6.251111
2004-11-09,6.230947
2004-11-10,6.311607
2004-11-11,6.255144
2004-11-12,6.335804
2004-11-15,6.408397
2004-11-16,6.464859
2004-11-17,6.452762
2004-11-18,6.384200
2004-11-19,6.424529
2004-11-22,6.331770
2004-11-23,6.247079
2004-11-24,6.243045
2004-11-25,6.271276
2004-11-26,6.251111
2004-11-29,6.230947
2004-11-30,6.230947
2004-12-01,6.097859
2004-12-02,6.009133
2004-12-03,6.089793
2004-12-06,6.089793
2004-12-07,6.105924
2004-12-08,6.150287
2004-12-09,6.154321
2004-12-10,6.134156
2004-12-13,6.077694
2004-12-14,6.049462
2004-12-15,6.057528
2004-12-16,6.134156
2004-12-17,6.085759
2004-12-20,5.908309
2004-12-21,5.847814
2004-12-22,5.916374
2004-12-23,5.932508
2004-12-24,5.932508
2004-12-27,5.972836
2004-12-28,6.194648
2004-12-29,6.194648
2004-12-30,6.049462
2004-12-31,6.138188
2005-01-03,6.138188
2005-01-04,6.093825
2005-01-05,6.154321
2005-01-06,6.182551
2005-01-07,6.255144
2005-01-10,6.263210
2005-01-11,6.368069
2005-01-12,6.396297
2005-01-13,6.380167
2005-01-14,6.372101
2005-01-17,6.335804
2005-01-18,6.247079
2005-01-19,6.186584
2005-01-20,6.202716
2005-01-21,6.331770
2005-01-24,6.331770
2005-01-25,6.360001
2005-01-26,6.376133
2005-01-27,6.331770
2005-01-28,6.331770
2005-01-31,6.331770
2005-02-01,6.210782
2005-02-02,6.513256
2005-02-03,6.464859
2005-02-04,6.650376
2005-02-07,6.650376
2005-02-08,6.650376
2005-02-09,6.650376
2005-02-10,6.650376
2005-02-11,6.650376
2005-02-14,6.650376
2005-02-15,6.650376
2005-02-16,6.573750
2005-02-17,6.408397
2005-02-18,6.376133
2005-02-21,6.493091
2005-02-22,6.557617
2005-02-23,6.448726
2005-02-24,6.396297
2005-02-25,6.323705
2005-02-28,6.315639
2005-03-01,6.295474
2005-03-02,6.331770
2005-03-03,6.408397
2005-03-04,6.464859
2005-03-07,6.452762
2005-03-08,6.444694
2005-03-09,6.428562
2005-03-10,6.476957
2005-03-11,6.674574
2005-03-14,6.964950
2005-03-15,6.783465
2005-03-16,6.694738
2005-03-17,6.714905
2005-03-18,6.662475
2005-03-21,6.714905
2005-03-22,6.924619
2005-03-23,6.815728
2005-03-24,6.799595
2005-03-25,6.771366
2005-03-28,6.908486
2005-03-29,6.791530
2005-03-30,6.690706
2005-03-31,6.654409
2005-04-01,6.654409
2005-04-04,6.654409
2005-04-05,6.908486
2005-04-06,7.126268
2005-04-07,7.057706
2005-04-08,7.081903
2005-04-11,6.876222
2005-04-12,6.852024
2005-04-13,6.799595
2005-04-14,6.811696
2005-04-15,6.783465
2005-04-18,6.727003
2005-04-19,6.674574
2005-04-20,6.654409
2005-04-21,6.706836
2005-04-22,6.755233
2005-04-25,6.775398
2005-04-26,6.658442
2005-04-27,6.779432
2005-04-28,6.908486
2005-04-29,6.811696
2005-05-02,6.811696
2005-05-03,6.811696
2005-05-04,6.811696
2005-05-05,6.811696
2005-05-06,6.811696
2005-05-09,6.779432
2005-05-10,6.614079
2005-05-11,6.452762
2005-05-12,6.384200
2005-05-13,6.351936
2005-05-16,6.234980
2005-05-17,6.372101
2005-05-18,6.372101
2005-05-19,6.339836
2005-05-20,6.372101
2005-05-23,6.286869
2005-05-24,6.303102
2005-05-25,6.315279
2005-05-26,6.230047
2005-05-27,6.018996
2005-05-30,6.023056
2005-05-31,6.079877
2005-06-01,5.921589
2005-06-02,5.621248
2005-06-03,5.803889
2005-06-06,6.083935
2005-06-07,5.945941
2005-06-08,6.489801
2005-06-09,6.501977
2005-06-10,6.449214
2005-06-13,6.392393
2005-06-14,6.384276
2005-06-15,6.514153
2005-06-16,6.591268
2005-06-17,6.664322
2005-06-20,6.911904
2005-06-21,6.903784
2005-06-22,7.045839
2005-06-23,6.920019
2005-06-24,6.899725
2005-06-27,7.017428
2005-06-28,6.899725
2005-06-29,6.802320
2005-06-30,6.859140
2005-07-01,6.668384
2005-07-04,6.676501
2005-07-05,6.717086
2005-07-06,6.558800
2005-07-07,6.518212
2005-07-08,6.558800
2005-07-11,6.575035
2005-07-12,6.769849
2005-07-13,6.692736
2005-07-14,6.761732
2005-07-15,6.729262
2005-07-18,6.729262
2005-07-19,6.729262
2005-07-20,6.826673
2005-07-21,6.737379
2005-07-22,6.757674
2005-07-25,6.591268
2005-07-26,6.749554
2005-07-27,7.066132
2005-07-28,6.980901
2005-07-29,6.928136
2005-08-01,6.903784
2005-08-02,6.895667
2005-08-03,6.883493
2005-08-04,6.915963
2005-08-05,7.098600
2005-08-08,6.964664
2005-08-09,6.899725
2005-08-10,6.920019
2005-08-11,7.135129
2005-08-12,7.049897
2005-08-15,6.964664
2005-08-16,6.717086
2005-08-17,6.802320
2005-08-18,6.737379
2005-08-19,6.603444
2005-08-22,6.615621
2005-08-23,6.570973
2005-08-24,6.595325
2005-08-25,6.514153
2005-08-26,6.514153
2005-08-29,6.570973
2005-08-30,6.639972
2005-08-31,6.676501
2005-09-01,6.725204
2005-09-02,6.631855
2005-09-05,6.546622
2005-09-06,6.416746
2005-09-07,6.457332
2005-09-08,6.745496
2005-09-09,6.672441
2005-09-12,6.615621
2005-09-13,6.644030
2005-09-14,6.656207
2005-09-15,6.639972
2005-09-16,6.558800
2005-09-19,6.493861
2005-09-20,6.469507
2005-09-21,6.359925
2005-09-22,6.331514
2005-09-23,6.331514
2005-09-26,6.372100
2005-09-27,6.303102
2005-09-28,6.331514
2005-09-29,6.420805
2005-09-30,6.363984
2005-10-03,6.363984
2005-10-04,6.363984
2005-10-05,6.363984
2005-10-06,6.363984
2005-10-07,6.363984
2005-10-10,6.331514
2005-10-11,6.335572
2005-10-12,6.250341
2005-10-13,6.067700
2005-10-14,6.006820
2005-10-17,5.905354
2005-10-18,5.966233
2005-10-19,5.978410
2005-10-20,6.039290
2005-10-21,5.921589
2005-10-24,5.812004
2005-10-25,5.755184
2005-10-26,5.836359
2005-10-27,5.945941
2005-10-28,5.889118
2005-10-31,6.027113
2005-11-01,6.100170
2005-11-02,6.023056
2005-11-03,5.978410
2005-11-04,5.945941
2005-11-07,5.876943
2005-11-08,5.844474
2005-11-09,5.864767
2005-11-10,5.743008
2005-11-11,5.876943
2005-11-14,5.812004
2005-11-15,5.702421
2005-11-16,5.523839
2005-11-17,5.572544
2005-11-18,5.678070
2005-11-21,5.771418
2005-11-22,5.755184
2005-11-23,5.799830
2005-11-24,5.759242
2005-11-25,5.803889
2005-11-28,5.755184
2005-11-29,5.759242
2005-11-30,5.661835
2005-12-01,5.621248
2005-12-02,5.434549
2005-12-05,5.235675
2005-12-06,5.276261
2005-12-07,5.398021
2005-12-08,5.373670
2005-12-09,5.446725
2005-12-12,5.438608
2005-12-13,5.296556
2005-12-14,5.268145
2005-12-15,5.410198
2005-12-16,5.661835
2005-12-19,5.584720
2005-12-20,5.730831
2005-12-21,5.779535
2005-12-22,5.816064
2005-12-23,5.775477
2005-12-26,5.584720
2005-12-27,5.682128
2005-12-28,5.820122
2005-12-29,6.043349
2005-12-30,5.852591
2006-01-04,5.962175
2006-01-05,6.558800
2006-01-06,6.457332
2006-01-09,6.457332
2006-01-10,6.457332
2006-01-11,6.457332
2006-01-12,6.457332
2006-01-13,6.457332
2006-01-16,6.457332
2006-01-17,6.457332
2006-01-18,6.457332
2006-01-19,6.457332
2006-01-20,6.457332
2006-01-23,6.457332
2006-01-24,6.506037
2006-01-25,6.514153
2006-02-06,6.489801
2006-02-07,6.518212
2006-02-08,6.518212
2006-02-09,6.518212
2006-02-10,6.518212
2006-02-13,6.518212
2006-02-14,6.518212
2006-02-15,6.518212
2006-02-16,6.518212
2006-02-17,6.518212
2006-02-20,6.518212
2006-02-21,6.518212
2006-02-22,6.518212
2006-02-23,6.518212
2006-02-24,6.518212
2006-02-27,6.518212
2006-02-28,6.518212
2006-03-01,6.518212
2006-03-02,9.354083
2006-03-03,9.590298
2006-03-06,9.472189
2006-03-07,9.330461
2006-03-08,9.480062
2006-03-09,9.495811
2006-03-10,9.487937
2006-03-13,9.472189
2006-03-14,9.582422
2006-03-15,9.527307
2006-03-16,9.432820
2006-03-17,9.424945
2006-03-20,9.385577
2006-03-21,9.369827
2006-03-22,9.306839
2006-03-23,9.377702
2006-03-24,9.204480
2006-03-27,9.267470
2006-03-28,9.228099
2006-03-29,9.188732
2006-03-30,9.070624
2006-03-31,8.944643
2006-04-03,9.023381
2006-04-04,9.180858
2006-04-05,9.157236
2006-04-06,9.125741
2006-04-07,9.054877
2006-04-10,9.212352
2006-04-11,9.393451
2006-04-12,9.417071
2006-04-13,9.306839
2006-04-14,9.306839
2006-04-17,9.322587
2006-04-18,9.354083
2006-04-19,9.574547
2006-04-20,9.574547
2006-04-21,9.440693
2006-04-24,9.259595
2006-04-25,9.125741
2006-04-26,9.590298
2006-04-27,9.606044
2006-04-28,9.621791
2006-05-08,9.645413
2006-05-09,9.991860
2006-05-10,9.771392
2006-05-11,9.684781
2006-05-12,10.039104
2006-05-15,10.188704
2006-05-16,10.424918
2006-05-17,10.196580
2006-05-18,10.472160
2006-05-19,10.606016
2006-05-22,10.999707
2006-05-23,10.440666
2006-05-24,10.275316
2006-05-25,10.346182
2006-05-26,10.235950
2006-05-29,10.645388
2006-05-30,10.590268
2006-05-31,10.330433
2006-06-01,10.487910
2006-06-02,10.393425
2006-06-05,10.606016
2006-06-06,11.298912
2006-06-07,10.865853
2006-06-08,11.322533
2006-06-09,11.330407
2006-06-12,11.023328
2006-06-13,10.794987
2006-06-14,11.180804
2006-06-15,11.007582
2006-06-16,11.070572
2006-06-19,11.133561
2006-06-20,10.991834
2006-06-21,10.913095
2006-06-22,10.905222
2006-06-23,11.165058
2006-06-26,11.283163
2006-06-27,11.196552
2006-06-28,11.117815
2006-06-29,11.117815
2006-06-30,11.346154
2006-07-03,11.417018
2006-07-04,11.629614
2006-07-05,11.550875
2006-07-06,11.724095
2006-07-07,11.716223
2006-07-10,11.543002
2006-07-11,11.598113
2006-07-12,11.377649
2006-07-13,10.936717
2006-07-14,10.976084
2006-07-17,10.952463
2006-07-18,10.810734
2006-07-19,10.700502
2006-07-20,10.865853
2006-07-21,11.102068
2006-07-24,11.054823
2006-07-25,10.991834
2006-07-26,11.204425
2006-07-27,11.046949
2006-07-28,10.999707
2006-07-31,10.779241
2006-08-01,10.535153
2006-08-02,10.511533
2006-08-03,10.346182
2006-08-04,10.369803
2006-08-07,10.283191
2006-08-08,10.448540
2006-08-09,10.519404
2006-08-10,10.550899
2006-08-11,10.472160
2006-08-14,10.432792
2006-08-15,10.613890
2006-08-16,10.511533
2006-08-17,10.354054
2006-08-18,10.338310
2006-08-21,10.409992
2006-08-22,10.640970
2006-08-23,10.577251
2006-08-24,10.911772
2006-08-25,10.816194
2006-08-28,10.903808
2006-08-29,10.840089
2006-08-30,10.792303
2006-08-31,10.903808
2006-09-01,10.696724
2006-09-04,10.768408
2006-09-05,10.672827
2006-09-06,10.688759
2006-09-07,10.609111
2006-09-08,10.529462
2006-09-11,10.433887
2006-09-12,10.601146
2006-09-13,10.752475
2006-09-14,10.712652
2006-09-15,11.317980
2006-09-18,11.214436
2006-09-19,11.094966
2006-09-20,11.047174
2006-09-21,11.102927
2006-09-22,11.071068
2006-09-25,10.895844
2006-09-26,10.752475
2006-09-27,10.792303
2006-09-28,10.832124
2006-09-29,11.055141
2006-10-09,11.071068
2006-10-10,10.919738
2006-10-11,10.824160
2006-10-12,10.919738
2006-10-13,11.094966
2006-10-16,10.840089
2006-10-17,10.991422
2006-10-18,10.919738
2006-10-19,11.023281
2006-10-20,11.222401
2006-10-23,11.158682
2006-10-24,11.365766
2006-10-25,11.413554
2006-10-26,11.859584
2006-10-27,12.090563
2006-10-30,12.584381
2006-10-31,12.544558
2006-11-01,12.488802
2006-11-02,12.345437
2006-11-03,12.584381
2006-11-06,12.377295
2006-11-07,12.624205
2006-11-08,13.006516
2006-11-09,12.998549
2006-11-10,12.743677
2006-11-13,12.377295
2006-11-14,12.895010
2006-11-15,12.895010
2006-11-16,13.062268
2006-11-17,13.062268
2006-11-20,13.524228
2006-11-21,13.890608
2006-11-22,13.882643
2006-11-23,13.420686
2006-11-24,13.221562
2006-11-27,13.197671
2006-11-28,13.221562
2006-11-29,13.444580
2006-11-30,13.444580
2006-12-01,13.978220
2006-12-04,14.002113
2006-12-05,13.795030
2006-12-06,14.169375
2006-12-07,14.738074
2006-12-08,14.041220
2006-12-11,14.449721
2006-12-12,14.353598
2006-12-13,14.257483
2006-12-14,14.161365
2006-12-15,14.017190
2006-12-18,13.937092
2006-12-19,14.561857
2006-12-20,14.233455
2006-12-21,14.497777
2006-12-22,14.690014
2006-12-25,14.890258
2006-12-26,14.569864
2006-12-27,14.810159
2006-12-28,14.786128
2006-12-29,15.146576
2007-01-04,16.043673
2007-01-05,16.516256
2007-01-08,16.420135
2007-01-09,16.812618
2007-01-10,18.382544
2007-01-11,19.063374
2007-01-12,19.447849
2007-01-15,19.624065
2007-01-16,19.287651
2007-01-17,18.935221
2007-01-18,19.351732
2007-01-19,20.128683
2007-01-22,21.065830
2007-01-23,20.160723
2007-01-24,19.856348
2007-01-25,20.032568
2007-01-26,20.817528
2007-01-29,21.033794
2007-01-30,21.874825
2007-01-31,20.497133
2007-02-01,20.024555
2007-02-02,20.785490
2007-02-05,19.287651
2007-02-06,19.471882
2007-02-07,19.455860
2007-02-08,20.657335
2007-02-09,21.065830
2007-02-12,21.674578
2007-02-13,22.683817
2007-02-14,23.701063
2007-02-15,23.981403
2007-02-16,23.108337
2007-02-26,22.699835
2007-02-27,20.441065
2007-02-28,20.096643
2007-03-01,19.535954
2007-03-02,20.176743
2007-03-05,19.736200
2007-03-06,20.409023
2007-03-07,21.033794
2007-03-08,21.498363
2007-03-09,21.025784
2007-03-12,20.080622
2007-03-13,20.008537
2007-03-14,19.527945
2007-03-15,20.096643
2007-03-16,19.295658
2007-03-19,19.864359
2007-03-20,19.399792
2007-03-21,19.359743
2007-03-22,19.656105
2007-03-23,19.471882
2007-03-26,19.471882
2007-03-27,20.216793
2007-03-28,20.376989
2007-03-29,20.080622
2007-03-30,19.519939
2007-04-02,19.816301
2007-04-03,20.368977
2007-04-04,21.362200
2007-04-05,22.908092
2007-04-06,22.419491
2007-04-09,22.419491
2007-04-10,21.882833
2007-04-11,22.083080
2007-04-12,22.731874
2007-04-13,24.021458
2007-04-16,25.535309
2007-04-17,25.238947
2007-04-18,24.357872
2007-04-19,23.164406
2007-04-20,24.021458
2007-04-23,25.238947
2007-04-24,24.822441
2007-04-25,24.782391
2007-04-26,25.535309
2007-04-27,27.441647
2007-04-30,27.994333
2007-05-03,27.994333
2007-05-04,27.994333
2007-05-08,27.762045
2007-05-09,26.512508
2007-05-10,26.552557
2007-05-11,25.799635
2007-05-14,25.711531
2007-05-15,24.750351
2007-05-16,25.607403
2007-05-17,25.839685
2007-05-18,25.431189
2007-05-21,25.823669
2007-05-22,26.824896
2007-05-23,26.568581
2007-05-24,26.368332
2007-05-25,26.424406
2007-05-28,27.321503
2007-05-29,28.843370
2007-05-30,27.137281
2007-05-31,29.852610
2007-06-01,29.916679
2007-06-04,28.819336
2007-06-05,29.091677
2007-06-06,31.887108
2007-06-07,34.137863
2007-06-08,33.657276
2007-06-11,33.416977
2007-06-12,32.495846
2007-06-13,34.017719
2007-06-14,33.000469
2007-06-15,32.567940
2007-06-18,32.840271
2007-06-19,32.375698
2007-06-20,31.318405
2007-06-21,31.807003
2007-06-22,31.871084
2007-06-25,29.812555
2007-06-26,29.884651
2007-06-27,31.798990
2007-06-28,31.798990
2007-06-29,30.445339
2007-07-02,30.237080
2007-07-03,31.254324
2007-07-04,30.325184
2007-07-05,28.450886
2007-07-06,29.580276
2007-07-09,30.124943
2007-07-10,29.251867
2007-07-11,28.979534
2007-07-12,29.139729
2007-07-13,30.269117
2007-07-16,29.676390
2007-07-17,29.908680
2007-07-18,29.604301
2007-07-19,29.484161
2007-07-20,30.357218
2007-07-23,31.566713
2007-07-24,31.158213
2007-07-25,31.430546
2007-07-26,31.534670
2007-07-27,31.182238
2007-07-30,31.959192
2007-07-31,32.920368
2007-08-01,31.270344
2007-08-02,31.574715
2007-08-03,32.159443
2007-08-06,33.176678
2007-08-07,32.295605
2007-08-08,31.222290
2007-08-09,31.270344
2007-08-10,31.646799
2007-08-13,32.335648
2007-08-14,32.439774
2007-08-15,32.183456
2007-08-16,31.206266
2007-08-17,30.108919
2007-08-20,31.510641
2007-08-21,32.007252
2007-08-22,32.409252
2007-08-23,33.558971
2007-08-24,34.178047
2007-08-27,33.414242
2007-08-28,32.224335
2007-08-29,32.280617
2007-08-30,32.304722
2007-08-31,33.711727
2007-09-03,33.357975
2007-09-04,32.722809
2007-09-05,33.936848
2007-09-06,33.840374
2007-09-07,33.607204
2007-09-10,33.735855
2007-09-11,31.918806
2007-09-12,32.803204
2007-09-13,32.288651
2007-09-14,31.758015
2007-09-17,32.875565
2007-09-18,32.071568
2007-09-19,31.910770
2007-09-20,31.870565
2007-09-21,32.296680
2007-09-24,31.396212
2007-09-25,31.532894
2007-09-26,30.728891
2007-09-27,30.865576
2007-09-28,31.677608
2007-10-08,31.758015
2007-10-09,30.873617
2007-10-10,30.873617
2007-10-11,30.222368
2007-10-12,29.547005
2007-10-15,29.088730
2007-10-16,30.535936
2007-10-17,30.921858
2007-10-18,29.458576
2007-10-19,29.273649
2007-10-22,29.257566
2007-10-23,28.935976
2007-10-24,28.686731
2007-10-25,27.344048
2007-10-26,27.319929
2007-10-29,27.625450
2007-10-30,28.011372
2007-10-31,28.783211
2007-11-01,27.545044
2007-11-02,26.363171
2007-11-05,26.636530
2007-11-06,26.652609
2007-11-07,27.319929
2007-11-08,26.154127
2007-11-09,25.929005
2007-11-12,25.406412
2007-11-13,25.760166
2007-11-14,26.580248
2007-11-15,26.636530
2007-11-16,26.121969
2007-11-19,26.210407
2007-11-20,27.553091
2007-11-21,27.472687
2007-11-22,25.888805
2007-11-23,26.483767
2007-11-26,25.768206
2007-11-27,26.130009
2007-11-28,25.703888
2007-11-29,26.202368
2007-11-30,26.154127
2007-12-03,26.443571
2007-12-04,26.853609
2007-12-05,27.046568
2007-12-06,27.697811
2007-12-07,27.890764
2007-12-10,28.316887
2007-12-11,28.252563
2007-12-12,28.823412
2007-12-13,27.890764
2007-12-14,28.614361
2007-12-17,28.775169
2007-12-18,29.434443
2007-12-19,29.514845
2007-12-20,29.482687
2007-12-21,29.932928
2007-12-24,30.431402
2007-12-25,30.552006
2007-12-26,30.769094
2007-12-27,30.833408
2007-12-28,30.166088
2008-01-02,30.351009
2008-01-03,29.772127
2008-01-04,29.965092
2008-01-07,30.793203
2008-01-08,30.455528
2008-01-09,30.463573
2008-01-10,30.809284
2008-01-11,31.307766
2008-01-14,30.994211
2008-01-15,31.862528
2008-01-16,31.066561
2008-01-17,31.243454
2008-01-18,30.712814
2008-01-21,30.415331
2008-01-22,28.212370
2008-01-23,29.104809
2008-01-24,29.265610
2008-01-25,29.836451
2008-01-28,27.625450
2008-01-29,27.183247
2008-01-30,26.845566
2008-01-31,26.733007
2008-02-01,25.679768
2008-02-04,27.255610
2008-02-05,27.167170
2008-02-13,26.507887
2008-02-14,26.532013
2008-02-15,25.728006
2008-02-18,26.154127
2008-02-19,27.303850
2008-02-20,26.451609
2008-02-21,26.797331
2008-02-22,25.969210
2008-02-25,24.111969
2008-02-26,24.393366
2008-02-27,24.562206
2008-02-28,24.602406
2008-02-29,25.599369
2008-03-03,25.848610
2008-03-04,25.068727
2008-03-05,24.586327
2008-03-06,24.795366
2008-03-07,24.723005
2008-03-10,23.541128
2008-03-11,23.935089
2008-03-12,21.539167
2008-03-13,19.537203
2008-03-14,18.363365
2008-03-17,18.234728
2008-03-18,18.234728
2008-03-19,18.467884
2008-03-20,19.215607
2008-03-21,19.304045
2008-03-24,18.323164
2008-03-25,19.199524
2008-03-26,19.183447
2008-03-27,18.894009
2008-03-28,19.778404
2008-03-31,19.537203
2008-04-01,18.331207
2008-04-02,18.845764
2008-04-03,19.296007
2008-04-07,20.783407
2008-04-08,20.646729
2008-04-09,19.215607
2008-04-10,19.360325
2008-04-11,19.271885
2008-04-14,18.926167
2008-04-15,18.966370
2008-04-16,18.162367
2008-04-17,16.723206
2008-04-18,15.758410
2008-04-21,15.999603
2008-04-22,16.691046
2008-04-23,17.462885
2008-04-24,19.054806
2008-04-25,18.266888
2008-04-28,16.763407
2008-04-29,16.948328
2008-04-30,18.057846
2008-05-05,18.717127
2008-05-06,18.315126
2008-05-07,18.090004
2008-05-08,17.897049
2008-05-09,17.390524
2008-05-12,17.390524
2008-05-13,17.567406
2008-05-14,18.274927
2008-05-15,18.419645
2008-05-16,18.942242
2008-05-19,19.151285
2008-05-20,17.784487
2008-05-21,17.897049
2008-05-22,18.081963
2008-05-23,18.355326
2008-05-26,17.889011
2008-05-27,17.478966
2008-05-28,18.250805
2008-05-29,17.768406
2008-05-30,17.591524
2008-06-02,17.446806
2008-06-03,17.768406
2008-06-04,18.475924
2008-06-05,18.186485
2008-06-06,17.824682
2008-06-10,16.039806
2008-06-11,15.589563
2008-06-12,15.195601
2008-06-13,14.632805
2008-06-16,14.214724
2008-06-17,14.214724
2008-06-18,14.367487
2008-06-19,12.928323
2008-06-20,12.622803
2008-06-23,12.293163
2008-06-24,12.630845
2008-06-25,13.306202
2008-06-26,13.314244
2008-06-27,12.711246
2008-06-30,12.719283
2008-07-01,11.899204
2008-07-02,12.204724
2008-07-03,12.534364
2008-07-04,12.445926
2008-07-07,13.249922
2008-07-08,13.129325
2008-07-09,13.539365
2008-07-10,13.306202
2008-07-11,12.968524
2008-07-14,13.008724
2008-07-15,12.526322
2008-07-16,12.076083
2008-07-17,11.907243
2008-07-18,11.915284
2008-07-21,12.550445
2008-07-22,13.105204
2008-07-23,13.000684
2008-07-24,13.635842
2008-07-25,13.274044
2008-07-28,14.488086
2008-07-29,14.142363
2008-07-30,13.738066
2008-07-31,14.554748
2008-08-01,14.376858
2008-08-04,13.980645
2008-08-05,14.053419
2008-08-06,14.158536
2008-08-07,14.004903
2008-08-08,13.471231
2008-08-11,13.309509
2008-08-12,13.738066
2008-08-13,13.940214
2008-08-14,13.972561
2008-08-15,14.360683
2008-08-18,13.697639
2008-08-19,13.883612
2008-08-20,14.894361
2008-08-21,14.700294
2008-08-22,14.667953
2008-08-25,14.101936
2008-08-26,13.681461
2008-08-27,13.325681
2008-08-28,13.446972
2008-08-29,13.762323
2008-09-01,13.786579
2008-09-02,13.584433
2008-09-03,13.519742
2008-09-04,13.236736
2008-09-05,12.994155
2008-09-08,12.775835
2008-09-09,12.816266
2008-09-10,12.953728
2008-09-11,12.905211
2008-09-12,12.824351
2008-09-16,13.050758
2008-09-17,12.735406
2008-09-18,12.250247
2008-09-19,13.479314
2008-09-22,13.859353
2008-09-23,13.228648
2008-09-24,13.414625
2008-09-25,13.899785
2008-09-26,14.069592
2008-10-06,13.406541
2008-10-07,13.358024
2008-10-08,12.872868
2008-10-09,12.250247
2008-10-10,12.185558
2008-10-13,12.387708
2008-10-14,12.120871
2008-10-15,12.128955
2008-10-16,11.385049
2008-10-17,10.713912
2008-10-20,10.738172
2008-10-21,10.802860
2008-10-22,10.778600
2008-10-23,10.819030
2008-10-24,10.964578
2008-10-27,10.131723
2008-10-28,9.290780
2008-10-29,8.368980
2008-10-30,8.579215
2008-10-31,8.611560
2008-11-03,8.457927
2008-11-04,8.619645
2008-11-05,9.015860
2008-11-06,8.433669
2008-11-07,8.401325
2008-11-10,9.023945
2008-11-11,8.951171
2008-11-12,8.951171
2008-11-13,9.614220
2008-11-14,9.848715
2008-11-17,10.018517
2008-11-18,9.056289
2008-11-19,9.662737
2008-11-20,9.978088
2008-11-21,10.147894
2008-11-24,9.549534
2008-11-25,9.379727
2008-11-26,9.371642
2008-11-27,9.298868
2008-11-28,8.910738
2008-12-01,8.684332
2008-12-02,8.571129
2008-12-03,9.209922
2008-12-04,9.387813
2008-12-05,9.395899
2008-12-08,9.978088
2008-12-09,9.695080
2008-12-10,9.872972
2008-12-11,9.678907
2008-12-12,9.161406
2008-12-15,9.379727
2008-12-16,9.379727
2008-12-17,9.573792
2008-12-18,9.784024
2008-12-19,9.759766
2008-12-22,9.662737
2008-12-23,9.379727
2008-12-24,9.622305
2008-12-25,9.250352
2008-12-26,9.064375
2008-12-29,8.983516
2008-12-30,9.153318
2008-12-31,9.112891
2009-01-05,9.266521
2009-01-06,9.743596
2009-01-07,9.581877
2009-01-08,9.719337
2009-01-09,10.083206
2009-01-12,10.430903
2009-01-13,10.236838
2009-01-14,10.350043
2009-01-15,10.147894
2009-01-16,10.414732
2009-01-19,10.244926
2009-01-20,9.961917
2009-01-21,10.261098
2009-01-22,10.309613
2009-01-23,10.220668
2009-02-02,10.802860
2009-02-03,11.013093
2009-02-04,11.126296
2009-02-05,10.875630
2009-02-06,11.223330
2009-02-09,11.279930
2009-02-10,11.174811
2009-02-11,11.611455
2009-02-12,11.878294
2009-02-13,12.056184
2009-02-16,11.983409
2009-02-17,11.506336
2009-02-18,10.794772
2009-02-19,10.721998
2009-02-20,11.166728
2009-02-23,11.288017
2009-02-24,10.819030
2009-02-25,10.762429
2009-02-26,10.301527
2009-02-27,10.155980
2009-03-02,10.261098
2009-03-03,10.293441
2009-03-04,10.713912
2009-03-05,10.633051
2009-03-06,10.713912
2009-03-09,10.366214
2009-03-10,10.560280
2009-03-11,10.487505
2009-03-12,10.438988
2009-03-13,10.366214
2009-03-16,10.455162
2009-03-17,10.738172
2009-03-18,10.972665
2009-03-19,11.199072
2009-03-20,11.142468
2009-03-23,11.263759
2009-03-24,11.894464
2009-03-25,11.498252
2009-03-26,11.910635
2009-03-27,11.732743
2009-03-30,11.449737
2009-03-31,11.490166
2009-04-01,11.643799
2009-04-02,11.724659
2009-04-03,11.740831
2009-04-07,11.490166
2009-04-08,11.053523
2009-04-09,11.118212
2009-04-10,11.352704
2009-04-13,11.546767
2009-04-14,11.538680
2009-04-15,11.538680
2009-04-16,11.692317
2009-04-17,11.482080
2009-04-20,11.781259
2009-04-21,11.926808
2009-04-22,11.651885
2009-04-23,11.627626
2009-04-24,11.336532
2009-04-27,11.102039
2009-04-28,10.810944
2009-04-29,10.956492
2009-04-30,11.093954
2009-05-04,11.506336
2009-05-05,11.482080
2009-05-06,11.684228
2009-05-07,11.506336
2009-05-08,11.473990
2009-05-11,11.320360
2009-05-12,11.441650
2009-05-13,11.668056
2009-05-14,11.886378
2009-05-15,11.821691
2009-05-18,11.813603
2009-05-19,11.708486
2009-05-20,11.441650
2009-05-21,11.223330
2009-05-22,11.279930
2009-05-25,11.182899
2009-05-26,11.279930
2009-05-27,11.207154
2009-06-01,11.312275
2009-06-02,11.368876
2009-06-03,11.506336
2009-06-04,11.320360
2009-06-05,11.199072
2009-06-08,11.352704
2009-06-09,11.482080
2009-06-10,12.209819
2009-06-11,11.967237
2009-06-12,11.587198
2009-06-15,11.805517
2009-06-16,12.072356
2009-06-17,12.331107
2009-06-18,12.298763
2009-06-19,13.026502
2009-06-22,12.727319
2009-06-23,12.840524
2009-06-24,12.646461
2009-06-25,12.428139
2009-06-26,12.428139
2009-06-29,12.468569
2009-06-30,12.420053
2009-07-01,12.452394
2009-07-02,12.597943
2009-07-03,12.614115
2009-07-06,12.840524
2009-07-07,12.662632
2009-07-08,12.420053
2009-07-09,12.986072
2009-07-10,12.897124
2009-07-13,13.228648
2009-07-14,13.608691
2009-07-15,13.592518
2009-07-16,13.527828
2009-07-17,13.810840
2009-07-20,14.328341
2009-07-21,14.134279
2009-07-22,14.530491
2009-07-23,14.384943
2009-07-24,14.110022
2009-07-27,14.247481
2009-07-28,14.506233
2009-07-29,13.770411
2009-07-30,13.835098
2009-07-31,14.069592
2009-08-03,14.134279
2009-08-04,14.110022
2009-08-05,14.174894
2009-08-06,14.450605
2009-08-07,13.655904
2009-08-10,13.761326
2009-08-11,13.631577
2009-08-12,12.877421
2009-08-13,12.958512
2009-08-14,12.277339
2009-08-17,11.782679
2009-08-18,11.936753
2009-08-19,11.352891
2009-08-20,11.620493
2009-08-21,11.693477
2009-08-24,11.790787
2009-08-25,11.360999
2009-08-26,11.677259
2009-08-27,12.115155
2009-08-28,11.750240
2009-08-31,10.996086
2009-09-01,10.890664
2009-09-02,10.906882
2009-09-03,11.369108
2009-09-04,11.385326
2009-09-07,11.401546
2009-09-08,11.466419
2009-09-09,11.490746
2009-09-10,11.433983
2009-09-11,11.563731
2009-09-14,11.782679
2009-09-15,11.798896
2009-09-16,11.669148
2009-09-17,11.920534
2009-09-18,11.571840
2009-09-21,11.636711
2009-09-22,11.523182
2009-09-23,11.425872
2009-09-24,11.360999
2009-09-25,11.344782
2009-09-28,11.028522
2009-09-29,10.833899
2009-09-30,10.874447
2009-10-09,11.271797
2009-10-12,11.320453
2009-10-13,11.369108
2009-10-14,11.474528
2009-10-15,11.385326
2009-10-16,11.466419
2009-10-19,11.644821
2009-10-20,11.685368
2009-10-21,11.571840
2009-10-22,11.539401
2009-10-23,11.742133
2009-10-26,11.685368
2009-10-27,11.669148
2009-10-28,11.652931
2009-10-29,11.450199
2009-10-30,11.490746
2009-11-02,12.074610
2009-11-03,12.244904
2009-11-04,12.398976
2009-11-05,12.739564
2009-11-06,12.593599
2009-11-09,12.561162
2009-11-10,12.488179
2009-11-11,12.447631
2009-11-12,12.682799
2009-11-13,12.658471
2009-11-16,12.926077
2009-11-17,12.942294
2009-11-18,12.877421
2009-11-19,12.877421
2009-11-20,12.958512
2009-11-23,13.063931
2009-11-24,12.415195
2009-11-25,12.650364
2009-11-26,12.171921
2009-11-27,12.074610
2009-11-30,12.398976
2009-12-01,12.561162
2009-12-02,12.577382
2009-12-03,12.496288
2009-12-04,12.609818
2009-12-07,12.690907
2009-12-08,12.528727
2009-12-09,12.163810
2009-12-10,12.609818
2009-12-11,12.480070
2009-12-14,12.836875
2009-12-15,12.626034
2009-12-16,12.812546
2009-12-17,12.488179
2009-12-18,12.480070
2009-12-21,13.063931
2009-12-22,13.112589
2009-12-23,13.420736
2009-12-24,13.728889
2009-12-25,13.680232
2009-12-28,13.720779
2009-12-29,13.858637
2009-12-30,13.728889
2009-12-31,14.126238
2010-01-04,14.515479
2010-01-05,14.612790
2010-01-06,14.353294
2010-01-07,14.207334
2010-01-08,14.547918
2010-01-11,14.750646
2010-01-12,14.645227
2010-01-13,14.929049
2010-01-14,15.642662
2010-01-15,15.504804
2010-01-18,16.631987
2010-01-19,16.680637
2010-01-20,15.958922
2010-01-21,15.991359
2010-01-22,15.666986
2010-01-25,14.985816
2010-01-26,15.050687
2010-01-27,14.742539
2010-01-28,15.042576
2010-01-29,15.042576
2010-02-01,14.361404
2010-02-02,13.988382
2010-02-03,14.369514
2010-02-04,15.220984
2010-02-05,14.766865
2010-02-08,14.839847
2010-02-09,14.961490
2010-02-10,15.066907
2010-02-11,14.807411
2010-02-12,15.148001
2010-02-22,15.569679
2010-02-23,15.626440
2010-02-24,15.748080
2010-02-25,15.812951
2010-02-26,15.521024
2010-03-01,15.375054
2010-03-02,15.091236
2010-03-03,15.383166
2010-03-04,14.766865
2010-03-05,14.929049
2010-03-08,15.148001
2010-03-09,15.188542
2010-03-10,14.783083
2010-03-11,14.645227
2010-03-12,14.604681
2010-03-15,14.272202
2010-03-16,14.677666
2010-03-17,15.188542
2010-03-18,15.115561
2010-03-19,15.302072
2010-03-22,15.366949
2010-03-23,15.066907
2010-03-24,14.929049
2010-03-25,14.620904
2010-03-26,15.050687
2010-03-29,15.180433
2010-03-30,15.229092
2010-03-31,15.026361
2010-04-01,15.083125
2010-04-02,15.229092
2010-04-06,15.245308
2010-04-07,15.075014
2010-04-08,15.131781
2010-04-09,15.496696
2010-04-12,15.934588
2010-04-13,15.561566
2010-04-14,15.626440
2010-04-15,15.358836
2010-04-16,15.302072
2010-04-19,14.312751
2010-04-20,14.288422
2010-04-21,14.580351
2010-04-22,14.629007
2010-04-23,14.523590
2010-04-26,14.831741
2010-04-27,14.264096
2010-04-28,13.664014
2010-04-29,13.096371
2010-04-30,13.007168
2010-05-04,12.407087
2010-05-05,12.382757
2010-05-06,11.515073
2010-05-07,11.052851
2010-05-10,11.223144
2010-05-11,10.890664
2010-05-12,10.777136
2010-05-13,11.158270
2010-05-14,11.069067
2010-05-17,10.193274
2010-05-18,10.290583
2010-05-19,10.209492
2010-05-20,9.941890
2010-05-21,10.306803
2010-05-24,10.663607
2010-05-25,10.590625
2010-05-26,11.182597
2010-05-27,11.628604
2010-05-28,11.401546
2010-05-31,10.842009
2010-06-01,10.623061
2010-06-02,10.874447
2010-06-03,10.671716
2010-06-04,10.696045
2010-06-07,10.444659
2010-06-08,10.647388
2010-06-09,10.898773
2010-06-10,10.842009
2010-06-11,10.760919
2010-06-15,10.760919
2010-06-17,10.550078
2010-06-18,10.266255
2010-06-21,10.509533
2010-06-22,10.582516
2010-06-23,10.387895
2010-06-24,10.266255
2010-06-25,10.006763
2010-06-28,10.006763
2010-06-29,9.609411
2010-06-30,9.641847
2010-07-01,9.431007
2010-07-02,9.341807
2010-07-05,9.130966
2010-07-06,9.317478
2010-07-07,9.406680
2010-07-08,9.382353
2010-07-09,9.690502
2010-07-12,9.714830
2010-07-13,9.447225
2010-07-14,9.666175
2010-07-15,9.512100
2010-07-16,9.617518
2010-07-19,9.901342
2010-07-20,10.331128
2010-07-21,10.347348
2010-07-22,10.444659
2010-07-23,10.355457
2010-07-26,10.566298
2010-07-27,10.631169
2010-07-28,10.898773
2010-07-29,10.825791
2010-07-30,10.769028
2010-08-02,10.939321
2010-08-03,10.825791
2010-08-04,10.736255
2010-08-05,10.728116
2010-08-06,10.923467
2010-08-09,11.094402
2010-08-10,10.606021
2010-08-11,10.638580
2010-08-12,10.353691
2010-08-13,10.508343
2010-08-16,10.833931
2010-08-17,10.915328
2010-08-18,10.801373
2010-08-19,11.004865
2010-08-20,10.679276
2010-08-23,10.581600
2010-08-24,10.646718
2010-08-25,10.337410
2010-08-26,10.418807
2010-08-27,10.435086
2010-08-30,10.752534
2010-08-31,10.793234
2010-09-01,10.532760
2010-09-02,10.549043
2010-09-03,10.443226
2010-09-06,10.711836
2010-09-07,10.719975
2010-09-08,11.045563
2010-09-09,10.899048
2010-09-10,10.964167
2010-09-13,11.037425
2010-09-14,10.915328
2010-09-15,10.638580
2010-09-16,10.418807
2010-09-17,10.361829
2010-09-20,10.549043
2010-09-21,10.483924
2010-09-27,10.573462
2010-09-28,10.093219
2010-09-29,9.987403
2010-09-30,10.174617
2010-10-08,10.459505
2010-10-11,10.744394
2010-10-12,10.817651
2010-10-13,10.931607
2010-10-14,10.833931
2010-10-15,11.599062
2010-10-18,11.802553
2010-10-19,12.006046
2010-10-20,11.810693
2010-10-21,11.468826
2010-10-22,11.387431
2010-10-25,11.647900
2010-10-26,11.582782
2010-10-27,11.395571
2010-10-28,11.289754
2010-10-29,11.476968
2010-11-01,11.582782
2010-11-02,11.379291
2010-11-03,11.363010
2010-11-04,11.639761
2010-11-05,11.997908
2010-11-08,12.111863
2010-11-09,11.957209
2010-11-10,11.713017
2010-11-11,11.696738
2010-11-12,10.972306
2010-11-15,11.086262
2010-11-16,10.638580
2010-11-17,10.369967
2010-11-18,10.459505
2010-11-19,10.516483
2010-11-22,10.410666
2010-11-23,10.093219
2010-11-24,10.264153
2010-11-25,10.402527
2010-11-26,10.247872
2010-11-29,10.182755
2010-11-30,9.897866
2010-12-01,9.995542
2010-12-02,9.995542
2010-12-03,10.125776
2010-12-06,10.003683
2010-12-07,10.052522
2010-12-08,9.995542
2010-12-09,10.076939
2010-12-10,10.223455
2010-12-13,10.410666
2010-12-14,10.361829
2010-12-15,10.288572
2010-12-16,10.190895
2010-12-17,10.239735
2010-12-20,10.003683
2010-12-21,10.247872
2010-12-22,10.312989
2010-12-23,10.166477
2010-12-24,10.093219
2010-12-27,9.808330
2010-12-28,9.621116
2010-12-29,9.678095
2010-12-30,10.011821
2010-12-31,10.085079
2011-01-04,10.068799
2011-01-05,10.654857
2011-01-06,10.719975
2011-01-07,10.573462
2011-01-10,10.256013
2011-01-11,10.394388
2011-01-12,10.654857
2011-01-13,10.719975
2011-01-14,10.850211
2011-01-17,10.776953
2011-01-18,10.565320
2011-01-19,10.915328
2011-01-20,10.687417
2011-01-21,11.069982
2011-01-24,10.907187
2011-01-25,11.029284
2011-01-26,11.045563
2011-01-27,11.265336
2011-01-28,11.126959
2011-01-31,11.428127
2011-02-01,11.566503
2011-02-09,11.306034
2011-02-10,11.428127
2011-02-11,11.354872
2011-02-14,11.794415
2011-02-15,11.892091
2011-02-16,12.054884
2011-02-17,12.022326
2011-02-18,11.672320
2011-02-21,11.737437
2011-02-22,11.232777
2011-02-23,11.403709
2011-02-24,11.476968
2011-02-25,11.656040
2011-02-28,11.843253
2011-03-01,11.704879
2011-03-02,11.843253
2011-03-03,11.924647
2011-03-04,12.225818
2011-03-07,12.087442
2011-03-08,12.250237
2011-03-09,12.453732
2011-03-10,12.144420
2011-03-11,12.111863
2011-03-14,12.144420
2011-03-15,11.631622
2011-03-16,11.631622
2011-03-17,11.533945
2011-03-18,11.525805
2011-03-21,11.542084
2011-03-22,11.509525
2011-03-23,11.509525
2011-03-24,11.590921
2011-03-25,11.680457
2011-03-28,11.680457
2011-03-29,11.232777
2011-03-30,11.232777
2011-03-31,11.037425
2011-04-01,12.144420
2011-04-06,12.128145
2011-04-07,12.299076
2011-04-08,12.111863
2011-04-11,11.940930
2011-04-12,11.965347
2011-04-13,12.144420
2011-04-14,12.136283
2011-04-15,12.079306
2011-04-18,12.356053
2011-04-19,12.290936
2011-04-20,12.299076
2011-04-21,12.258375
2011-04-22,11.997908
2011-04-25,11.761857
2011-04-26,11.721159
2011-04-27,11.428127
2011-04-28,11.379291
2011-04-29,11.550222
2011-05-03,11.737437
2011-05-04,11.590921
2011-05-05,11.729298
2011-05-06,11.981627
2011-05-09,11.989766
2011-05-10,11.900231
2011-05-11,11.729298
2011-05-12,11.485106
2011-05-13,11.721159
2011-05-16,11.403709
2011-05-17,11.297893
2011-05-18,11.192078
2011-05-19,11.354872
2011-05-20,11.371151
2011-05-23,11.118820
2011-05-24,11.143240
2011-05-25,10.939746
2011-05-26,11.004865
2011-05-27,10.825793
2011-05-30,10.752534
2011-05-31,10.874627
2011-06-01,10.907187
2011-06-02,10.557180
2011-06-03,10.752534
2011-06-07,10.744394
2011-06-08,10.662998
2011-06-09,10.549043
2011-06-10,10.483924
2011-06-13,10.321132
2011-06-14,10.321132
2011-06-15,10.182755
2011-06-16,10.101358
2011-06-17,10.109499
2011-06-20,9.922286
2011-06-21,10.028101
2011-06-22,9.979265
2011-06-23,10.207177
2011-06-24,10.402527
2011-06-27,10.418807
2011-06-28,10.475783
2011-06-29,10.418807
2011-06-30,10.418807
2011-07-01,10.337410
2011-07-04,10.565320
2011-07-05,10.492064
2011-07-06,10.679276
2011-07-07,10.728116
2011-07-08,10.890907
2011-07-11,11.053701
2011-07-12,11.151380
2011-07-13,11.297893
2011-07-14,11.240915
2011-07-15,11.086262
2011-07-18,11.387431
2011-07-19,11.135101
2011-07-20,10.980447
2011-07-21,10.923467
2011-07-22,10.939746
2011-07-25,10.809512
2011-07-26,11.151380
2011-07-27,11.029284
2011-07-28,11.013005
2011-07-29,10.646718
2011-08-01,10.744394
2011-08-02,10.809512
2011-08-03,10.744394
2011-08-04,10.809512
2011-08-05,10.508343
2011-08-08,10.239735
2011-08-09,10.329270
2011-08-10,10.443226
2011-08-11,10.606021
2011-08-12,10.540398
2011-08-15,10.548600
2011-08-16,10.417358
2011-08-17,10.441967
2011-08-18,10.327130
2011-08-19,10.195888
2011-08-22,10.105659
2011-08-23,10.220495
2011-08-24,10.245103
2011-08-25,10.647033
2011-08-26,10.696246
2011-08-29,10.712655
2011-08-30,10.581409
2011-08-31,10.811085
2011-09-01,10.647033
2011-09-02,10.491183
2011-09-05,10.523993
2011-09-06,10.663438
2011-09-07,10.729059
2011-09-08,10.622425
2011-09-09,10.622425
2011-09-13,10.409156
2011-09-14,10.474777
2011-09-15,10.228698
2011-09-16,10.146670
2011-09-19,10.113860
2011-09-20,10.154875
2011-09-21,10.351736
2011-09-22,10.113860
2011-09-23,10.146670
2011-09-26,10.031834
2011-09-27,10.015428
2011-09-28,9.867782
2011-09-29,9.670918
2011-09-30,9.679121
2011-10-10,9.744740
2011-10-11,9.802160
2011-10-12,10.212292
2011-10-13,10.294318
2011-10-14,10.212292
2011-10-17,10.335333
2011-10-18,10.343534
2011-10-19,10.433764
2011-10-20,10.261508
2011-10-21,10.269711
2011-10-24,10.532195
2011-10-25,10.688046
2011-10-26,10.638829
2011-10-27,10.655235
2011-10-28,10.663438
2011-10-31,10.482979
2011-11-01,10.556803
2011-11-02,10.753666
2011-11-03,10.778275
2011-11-04,10.696246
2011-11-07,10.647033
2011-11-08,10.761869
2011-11-09,10.786475
2011-11-10,10.482979
2011-11-11,10.548600
2011-11-14,10.753666
2011-11-15,10.843896
2011-11-16,10.638829
2011-11-17,10.647033
2011-11-18,10.515792
2011-11-21,10.359941
2011-11-22,10.392750
2011-11-23,10.556803
2011-11-24,10.622425
2011-11-25,10.597816
2011-11-28,10.786475
2011-11-29,10.802882
2011-11-30,10.630629
2011-12-01,10.876709
2011-12-02,10.753666
2011-12-05,10.482979
2011-12-06,10.450171
2011-12-07,10.540398
2011-12-08,10.482979
2011-12-09,10.171279
2011-12-12,10.040036
2011-12-13,9.958009
2011-12-14,10.048240
2011-12-15,9.818565
2011-12-16,10.236898
2011-12-19,10.261508
2011-12-20,10.138469
2011-12-21,10.007224
2011-12-22,9.982618
2011-12-23,10.097456
2011-12-26,9.966214
2011-12-27,9.802160
2011-12-28,9.843173
2011-12-29,9.777553
2011-12-30,10.040036
2012-01-04,9.916998
2012-01-05,9.949807
2012-01-06,10.048240
2012-01-09,10.089252
2012-01-10,10.351736
2012-01-11,10.228698
2012-01-12,10.179481
2012-01-13,10.105659
2012-01-16,10.105659
2012-01-17,10.384549
2012-01-18,10.351736
2012-01-19,10.507586
2012-01-20,10.581409
2012-01-30,10.302522
2012-01-31,10.253306
2012-02-01,10.245103
2012-02-02,10.507586
2012-02-03,10.647033
2012-02-06,10.671641
2012-02-07,10.581409
2012-02-08,10.778275
2012-02-09,10.720856
2012-02-10,10.663438
2012-02-13,10.671641
2012-02-14,10.647033
2012-02-15,10.720856
2012-02-16,10.532195
2012-02-17,10.491183
2012-02-20,10.614221
2012-02-21,10.614221
2012-02-22,10.630629
2012-02-23,10.720856
2012-02-24,10.835695
2012-02-27,10.835695
2012-02-28,10.761869
2012-02-29,10.761869
2012-03-01,10.868505
2012-03-02,10.983340
2012-03-05,10.819288
2012-03-06,10.942327
2012-03-07,10.835695
2012-03-08,10.901315
2012-03-09,11.122788
2012-03-12,11.048963
2012-03-13,11.065367
2012-03-14,10.884910
2012-03-15,10.819288
2012-03-16,10.827491
2012-03-19,10.827491
2012-03-20,10.761869
2012-03-21,10.688046
2012-03-22,10.688046
2012-03-23,10.671641
2012-03-26,10.704453
2012-03-27,10.712655
2012-03-28,10.581409
2012-03-29,10.515792
2012-03-30,10.597816
2012-04-05,10.671641
2012-04-06,10.663438
2012-04-09,10.597816
2012-04-10,10.622425
2012-04-11,10.688046
2012-04-12,10.819288
2012-04-13,10.876709
2012-04-16,10.827491
2012-04-17,10.819288
2012-04-18,10.893112
2012-04-19,10.901315
2012-04-20,10.958732
2012-04-23,10.835695
2012-04-24,10.704453
2012-04-25,10.671641
2012-04-26,10.573210
2012-04-27,10.630629
2012-05-02,10.843896
2012-05-03,10.876709
2012-05-04,10.966935
2012-05-07,10.983340
2012-05-08,11.057163
2012-05-09,10.917722
2012-05-10,10.901315
2012-05-11,10.934125
2012-05-14,10.868505
2012-05-15,10.934125
2012-05-16,10.843896
2012-05-17,11.032557
2012-05-18,10.909519
2012-05-21,10.868505
2012-05-22,10.901315
2012-05-23,10.761869
2012-05-24,10.688046
2012-05-25,10.540398
2012-05-28,10.638829
2012-05-29,10.737261
2012-05-30,10.630629
2012-05-31,10.712655
2012-06-01,10.573210
2012-06-04,10.376345
2012-06-05,10.343534
2012-06-06,10.335333
2012-06-07,10.335333
2012-06-08,10.228698
2012-06-11,10.335333
2012-06-12,10.228698
2012-06-13,10.359941
2012-06-14,10.417358
2012-06-15,10.417358
2012-06-18,10.433764
2012-06-19,10.335333
2012-06-20,10.335333
2012-06-21,10.335333
2012-06-25,10.294318
2012-06-26,10.474777
2012-06-27,10.474777
2012-06-28,10.417358
2012-06-29,10.450171
2012-07-02,10.351736
2012-07-03,10.277912
2012-07-04,10.384549
2012-07-05,10.310725
2012-07-06,10.417358
2012-07-09,10.261508
2012-07-10,10.359941
2012-07-11,10.359941
2012-07-12,10.318929
2012-07-13,10.318929
2012-07-16,10.195888
2012-07-17,10.056444
2012-07-18,10.163076
2012-07-19,10.335333
2012-07-20,10.286118
2012-07-23,10.277912
2012-07-24,10.277912
2012-07-25,10.171279
2012-07-26,10.204090
2012-07-27,10.130266
2012-07-30,10.220495
2012-07-31,10.286118
2012-08-01,10.302522
2012-08-02,10.400954
2012-08-03,10.515792
2012-08-06,10.499385
2012-08-07,10.540398
2012-08-08,10.523993
2012-08-09,10.565005
2012-08-10,10.573210
2012-08-13,10.538796
2012-08-14,10.599019
2012-08-15,10.581812
2012-08-16,10.547401
2012-08-17,10.461369
2012-08-20,10.478575
2012-08-21,10.444161
2012-08-22,10.358131
2012-08-23,10.375337
2012-08-24,10.289307
2012-08-27,10.237687
2012-08-28,10.263497
2012-08-29,10.246290
2012-08-30,10.366735
2012-08-31,10.315116
2012-09-03,10.254894
2012-09-04,10.254894
2012-09-05,10.194674
2012-09-06,10.229083
2012-09-07,10.487178
2012-09-10,10.495779
2012-09-11,10.469972
2012-09-12,10.409749
2012-09-13,10.237687
2012-09-14,10.254894
2012-09-17,10.143053
2012-09-18,10.005403
2012-09-19,10.005403
2012-09-20,9.884960
2012-09-21,9.876359
2012-09-24,9.876359
2012-09-25,9.884960
2012-09-26,9.927977
2012-09-27,9.996802
2012-09-28,10.160260
2012-10-08,10.203273
2012-10-09,10.254894
2012-10-10,10.203273
2012-10-11,10.168863
2012-10-12,10.160260
2012-10-15,10.143053
2012-10-16,10.117245
2012-10-17,10.160260
2012-10-18,10.254894
2012-10-19,10.186069
2012-10-22,10.168863
2012-10-23,10.151657
2012-10-24,10.177466
2012-10-25,10.186069
2012-10-26,10.031212
2012-10-29,9.962388
2012-10-30,9.893564
2012-10-31,9.841945
2012-11-01,9.970992
2012-11-02,10.031212
2012-11-05,9.824739
2012-11-06,9.618265
2012-11-07,9.644073
2012-11-08,9.566647
2012-11-09,9.558043
2012-11-12,9.618265
2012-11-13,9.472013
2012-11-14,9.497822
2012-11-15,9.437601
2012-11-16,9.377377
2012-11-19,9.515028
2012-11-20,9.454806
2012-11-21,9.540837
2012-11-22,9.540837
2012-11-23,9.515028
2012-11-26,9.497822
2012-11-27,9.454806
2012-11-28,9.394583
2012-11-29,9.394583
2012-11-30,9.678488
2012-12-03,9.781723
2012-12-04,9.695693
2012-12-05,9.876359
2012-12-06,9.816137
2012-12-07,9.927977
2012-12-10,9.807533
2012-12-11,9.747312
2012-12-12,9.919373
2012-12-13,10.031212
2012-12-14,10.280704
2012-12-17,10.306514
2012-12-18,10.220480
2012-12-19,10.220480
2012-12-20,10.315116
2012-12-21,10.289307
2012-12-24,10.211878
2012-12-25,10.323718
2012-12-26,10.461369
2012-12-27,10.581812
2012-12-28,10.616224
2012-12-31,10.719462
2013-01-04,10.667843
2013-01-07,10.796888
2013-01-08,10.753874
2013-01-09,10.779682
2013-01-10,10.710857
2013-01-11,10.624827
2013-01-14,10.805493
2013-01-15,10.745271
2013-01-16,10.581812
2013-01-17,10.814096
2013-01-18,10.865715
2013-01-21,11.003364
2013-01-22,10.874318
2013-01-23,10.882920
2013-01-24,10.882920
2013-01-25,10.839905
2013-01-28,11.321680
2013-01-29,11.227046
2013-01-30,11.364696
2013-01-31,11.442123
2013-02-01,11.485137
2013-02-04,11.545360
2013-02-05,11.648596
2013-02-06,11.476533
2013-02-07,11.545360
2013-02-08,11.605579
2013-02-18,11.708817
2013-02-19,11.648596
2013-02-20,11.562564
2013-02-21,11.338884
2013-02-22,11.227046
2013-02-25,11.321680
2013-02-26,11.252854
2013-02-27,11.166821
2013-02-28,11.364696
2013-03-01,11.373298
2013-03-04,11.235649
2013-03-05,11.261456
2013-03-06,11.751833
2013-03-07,11.691611
2013-03-08,11.769041
2013-03-11,11.605579
2013-03-12,11.510945
2013-03-13,11.227046
2013-03-14,11.227046
2013-03-15,11.571169
2013-03-18,11.356091
2013-03-19,11.510945
2013-03-20,11.614183
2013-03-21,11.622787
2013-03-22,11.502343
2013-03-25,11.313073
2013-03-26,11.373298
2013-03-27,11.347488
2013-03-28,11.467931
2013-03-29,11.579770
2013-04-01,11.476533
2013-04-02,11.450727
2013-04-03,11.356091
2013-04-08,10.848508
2013-04-09,10.960349
2013-04-10,10.977552
2013-04-11,10.917333
2013-04-12,10.771080
2013-04-15,10.478575
2013-04-16,10.280704
2013-04-17,10.306514
2013-04-18,10.590415
2013-04-19,10.831303
2013-04-22,10.934539
2013-04-23,10.667843
2013-04-24,10.702255
2013-04-25,10.934539
2013-04-26,10.865715
2013-05-02,11.011967
2013-05-03,11.063584
2013-05-06,11.141013
2013-05-07,11.364696
2013-05-08,11.442123
2013-05-09,11.433519
2013-05-10,11.433519
2013-05-13,11.510945
2013-05-14,11.614183
2013-05-15,11.407712
2013-05-16,11.381900
2013-05-17,11.450727
2013-05-20,11.424916
2013-05-21,11.313073
2013-05-22,11.330281
2013-05-23,11.201235
2013-05-24,11.252854
2013-05-27,11.235649
2013-05-28,11.614183
2013-05-29,11.545360
2013-05-30,11.605579
2013-05-31,11.734627
2013-06-03,11.700215
2013-06-04,11.528152
2013-06-05,11.459329
2013-06-06,11.433519
2013-06-07,11.149617
2013-06-13,10.796888
2013-06-14,10.702255
2013-06-17,10.719462
2013-06-18,10.762477
2013-06-19,10.796888
2013-06-20,10.590415
2013-06-21,10.839905
2013-06-24,10.323718
2013-06-25,9.936580
2013-06-26,10.048419
2013-06-27,10.254894
2013-06-28,10.254894
2013-07-01,10.719462
2013-07-02,11.063584
2013-07-03,10.891524
2013-07-04,10.771080
2013-07-05,10.891524
2013-07-08,10.753874
2013-07-09,10.951745
2013-07-10,11.166821
2013-07-11,11.184029
2013-07-12,11.011967
2013-07-15,11.020569
2013-07-16,10.917333
2013-07-17,11.037775
2013-07-18,11.158218
2013-07-19,10.900126
2013-07-22,11.037775
2013-07-23,11.278662
2013-07-24,11.063584
2013-07-25,10.968952
2013-07-26,10.667843
2013-07-29,10.512987
2013-07-30,10.667843
2013-07-31,10.599019
2013-08-01,10.848508
2013-08-02,11.089396
2013-08-05,11.141013
2013-08-06,11.115203
2013-08-07,11.141013
2013-08-08,11.166821
2013-08-09,11.166821
2013-08-12,11.338884
2013-08-13,11.252854
2013-08-14,11.407712
2013-08-15,11.347488
2013-08-16,11.126204
2013-08-19,11.418300
2013-08-20,11.294379
2013-08-21,11.736950
2013-08-22,11.710396
2013-08-23,11.852016
2013-08-26,12.807969
2013-08-27,13.038104
2013-08-28,13.985203
2013-08-29,13.631146
2013-08-30,14.117975
2013-09-02,13.781621
2013-09-03,13.507228
2013-09-04,13.648850
2013-09-05,13.436417
2013-09-06,14.339260
2013-09-09,14.135676
2013-09-10,14.781829
2013-09-11,14.808383
2013-09-12,14.888046
2013-09-13,14.392367
2013-09-16,14.250746
2013-09-17,13.223983
2013-09-18,13.356754
2013-09-23,13.746216
2013-09-24,14.162230
2013-09-25,13.834730
2013-09-26,13.268240
2013-09-27,13.170874
2013-09-30,13.392160
2013-10-08,13.259389
2013-10-09,13.409862
2013-10-10,12.984996
2013-10-11,13.498376
2013-10-14,14.047162
2013-10-15,14.082568
2013-10-16,13.365606
2013-10-17,13.321350
2013-10-18,13.285942
2013-10-21,13.471822
2013-10-22,13.144320
2013-10-23,13.020402
2013-10-24,12.896482
2013-10-25,12.374248
2013-10-28,12.524723
2013-10-29,12.312289
2013-10-30,12.834523
2013-10-31,13.100065
2013-11-01,13.197429
2013-11-04,13.108915
2013-11-05,13.038104
2013-11-06,13.091213
2013-11-07,13.046958
2013-11-08,12.984996
2013-11-11,13.321350
2013-11-12,13.374456
2013-11-13,13.250539
2013-11-14,13.170874
2013-11-15,13.250539
2013-11-18,13.728513
2013-11-19,13.719661
2013-11-20,13.781621
2013-11-21,13.480673
2013-11-22,13.604592
2013-11-25,13.604592
2013-11-26,13.542634
2013-11-27,13.392160
2013-11-28,13.436417
2013-11-29,13.347901
2013-12-02,12.958442
2013-12-03,13.100065
2013-12-04,13.507228
2013-12-05,13.339051
2013-12-06,13.232835
2013-12-09,13.170874
2013-12-10,13.312497
2013-12-11,13.188579
2013-12-12,13.108915
2013-12-13,13.100065
2013-12-16,12.843374
2013-12-17,12.701753
2013-12-18,13.064659
2013-12-19,13.038104
2013-12-20,13.162024
2013-12-23,13.215132
2013-12-24,13.356754
2013-12-25,13.294793
2013-12-26,12.923037
2013-12-27,12.923037
2013-12-30,12.630941
2013-12-31,12.675196
2014-01-02,12.825670
2014-01-03,12.551278
2014-01-06,12.064452
2014-01-07,12.091004
2014-01-08,12.303437
2014-01-09,12.391953
2014-01-10,12.268034
2014-01-13,12.276885
2014-01-14,12.480467
2014-01-15,12.409657
2014-01-16,12.312289
2014-01-17,11.940532
2014-01-20,11.993638
2014-01-21,11.958234
2014-01-22,12.241479
2014-01-23,12.082153
2014-01-24,12.002493
2014-01-27,11.798909
2014-01-28,11.790057
2014-01-29,11.869720
2014-01-30,11.816611
2014-02-07,11.772355
2014-02-10,12.091004
2014-02-11,12.232626
2014-02-12,12.135263
2014-02-13,12.144114
2014-02-14,12.206072
2014-02-17,12.161816
2014-02-18,12.037895
2014-02-19,12.082153
2014-02-20,12.214925
2014-02-21,12.046746
2014-02-24,11.666139
2014-02-25,11.400596
2014-02-26,11.356339
2014-02-27,11.365192
2014-02-28,11.356339
2014-03-03,11.489109
2014-03-04,11.524517
2014-03-05,11.524517
2014-03-06,11.551069
2014-03-07,11.559922
2014-03-10,11.276675
2014-03-11,11.081946
2014-03-12,11.055390
2014-03-13,11.002283
2014-03-14,10.842959
2014-03-17,11.046541
2014-03-18,11.046541
2014-03-19,11.108500
2014-03-20,10.949176
2014-03-21,11.117352
2014-03-24,11.320933
2014-03-25,11.453704
2014-03-26,11.444853
2014-03-27,11.365192
2014-03-28,11.489109
2014-03-31,11.126204
2014-04-01,11.126204
2014-04-02,11.135055
2014-04-03,11.073095
2014-04-04,11.099648
2014-04-08,11.276675
2014-04-09,11.347488
2014-04-10,11.515663
2014-04-11,11.816611
2014-04-14,11.736950
2014-04-15,11.568773
2014-04-16,11.595326
2014-04-17,11.666139
2014-04-18,11.568773
2014-04-21,11.329785
2014-04-22,11.400596
2014-04-23,11.382892
2014-04-24,11.781208
2014-04-25,11.568773
2014-04-28,11.303231
2014-04-29,11.524517
2014-04-30,11.710396
2014-05-05,11.728097
2014-05-06,11.745800
2014-05-07,11.763503
2014-05-08,11.887424
2014-05-09,11.728097
2014-05-12,12.002493
2014-05-13,12.285736
2014-05-14,12.206072
2014-05-15,12.161816
2014-05-16,11.993638
2014-05-19,11.896275
2014-05-20,11.931679
2014-05-21,12.020191
2014-05-22,11.852016
2014-05-23,11.878572
2014-05-26,11.922830
2014-05-27,11.701545
2014-05-28,11.860868
2014-05-29,11.745800
2014-05-30,11.798909
2014-06-03,11.683841
2014-06-04,11.418300
2014-06-05,11.462555
2014-06-06,11.294379
2014-06-09,11.267824
2014-06-10,11.524517
2014-06-11,11.604178
2014-06-12,11.365192
2014-06-13,11.524517
2014-06-16,11.639584
2014-06-17,11.586476
2014-06-18,11.391746
2014-06-19,11.258975
2014-06-20,11.241270
2014-06-23,11.241270
2014-06-24,11.320933
2014-06-25,11.258975
2014-06-26,11.320933
2014-06-27,11.365192
2014-06-30,11.418300
2014-07-01,11.489109
2014-07-02,11.453704
2014-07-03,11.453704
2014-07-04,11.471406
2014-07-07,11.436002
2014-07-08,11.568773
2014-07-09,11.391746
2014-07-10,11.320933
2014-07-11,11.374043
2014-07-14,11.506814
2014-07-15,11.559922
2014-07-16,11.551069
2014-07-17,11.533367
2014-07-18,11.648436
2014-07-21,11.701545
2014-07-22,11.736950
2014-07-23,11.745800
2014-07-24,11.852016
2014-07-25,12.099855
2014-07-28,12.250329
2014-07-29,12.197222
2014-07-30,12.126410
2014-07-31,12.126410
2014-08-01,12.002493
2014-08-04,12.214925
2014-08-05,12.161816
2014-08-06,12.099855
2014-08-07,11.993638
2014-08-08,12.029045
2014-08-11,12.214925
2014-08-12,12.498171
2014-08-13,12.436211
2014-08-14,12.356547
2014-08-15,12.636966
2014-08-18,12.564601
2014-08-19,12.718378
2014-08-20,12.627920
2014-08-21,12.573646
2014-08-22,12.392730
2014-08-25,12.573646
2014-08-26,12.347501
2014-08-27,12.266089
2014-08-28,12.148495
2014-08-29,12.266089
2014-09-01,12.447004
2014-09-02,12.600784
2014-09-03,12.609828
2014-09-04,12.835973
2014-09-05,13.170669
2014-09-09,13.107347
2014-09-10,13.016889
2014-09-11,13.134485
2014-09-12,13.143529
2014-09-15,13.243034
2014-09-16,13.071164
2014-09-17,13.224941
2014-09-18,13.152575
2014-09-19,13.116393
2014-09-22,13.062117
2014-09-23,13.233988
2014-09-24,13.306355
2014-09-25,13.423951
2014-09-26,13.668184
2014-09-29,13.677231
2014-09-30,13.622958
2014-10-08,13.659141
2014-10-09,13.632004
2014-10-10,13.396813
2014-10-13,13.197805
2014-10-14,13.206851
2014-10-15,13.396813
2014-10-16,13.197805
2014-10-17,13.215897
2014-10-20,13.306355
2014-10-21,13.116393
2014-10-22,13.080210
2014-10-23,13.007844
2014-10-24,13.025934
2014-10-27,13.125438
2014-10-28,13.451088
2014-10-29,13.984789
2014-10-30,14.020972
2014-10-31,14.075246
2014-11-03,14.500398
2014-11-04,14.283299
2014-11-05,14.102384
2014-11-06,14.030019
2014-11-07,14.120476
2014-11-10,14.663222
2014-11-11,14.627040
2014-11-12,15.368794
2014-11-13,15.558757
2014-11-14,15.423069
2014-11-17,15.477345
2014-11-18,14.988872
2014-11-19,14.907459
2014-11-20,14.970779
2014-11-21,15.115513
2014-11-24,15.332612
2014-11-25,15.830129
2014-11-26,15.423069
2014-11-27,15.296431
2014-11-28,15.721581
2014-12-01,15.576845
2014-12-02,15.721581
2014-12-03,16.011047
2014-12-04,16.400017
2014-12-05,15.893448
2014-12-08,16.300510
2014-12-09,16.571886
2014-12-10,18.073486
2014-12-11,18.417223
2014-12-12,17.937796
2014-12-15,17.892570
2014-12-16,17.802111
2014-12-17,17.874475
2014-12-18,17.557875
2014-12-19,18.145849
2014-12-22,17.720697
2014-12-23,17.150812
2014-12-24,16.761850
2014-12-25,17.241272
2014-12-26,17.910658
2014-12-29,17.711653
2014-12-30,17.603106
2014-12-31,17.747835
2015-01-05,18.571001
2015-01-06,18.172989
2015-01-07,18.254400
2015-01-08,18.091576
2015-01-09,18.046349
2015-01-12,17.603106
2015-01-13,17.494555
2015-01-14,17.087492
2015-01-15,17.711653
2015-01-16,17.657379
2015-01-19,16.644249
2015-01-20,17.386000
2015-01-21,17.928753
2015-01-22,17.937796
2015-01-23,18.571001
2015-01-26,19.267529
2015-01-27,19.068521
2015-01-28,19.122797
2015-01-29,18.679554
2015-01-30,18.444361
2015-02-02,18.136806
2015-02-03,18.299627
2015-02-04,18.281536
2015-02-05,18.209171
2015-02-06,17.946846
2015-02-09,17.575970
2015-02-10,18.371994
2015-02-11,18.480547
2015-02-12,18.308676
2015-02-13,18.344860
2015-02-16,19.104706
2015-02-17,19.665545
2015-02-25,19.095659
2015-02-26,19.385122
2015-02-27,19.086609
2015-03-02,19.086609
2015-03-03,18.580051
2015-03-04,18.706688
2015-03-05,18.779057
2015-03-06,18.860470
2015-03-09,18.896648
2015-03-10,19.457491
2015-03-11,19.792185
2015-03-12,20.597260
2015-03-13,21.257603
2015-03-16,21.438517
2015-03-17,22.858706
2015-03-18,22.822521
2015-03-19,22.252640
2015-03-20,21.990311
2015-03-23,22.533058
2015-03-24,22.849661
2015-03-25,21.917946
2015-03-26,21.510885
2015-03-27,21.556112
2015-03-30,22.207413
2015-03-31,21.836531
2015-04-01,22.171230
2015-04-02,22.306913
2015-04-03,23.419542
2015-04-07,23.437637
2015-04-08,22.876801
2015-04-09,22.171230
2015-04-10,22.478783
2015-04-13,22.759205
2015-04-14,23.410501
2015-04-15,23.491913
2015-04-16,24.378399
2015-04-17,24.306032
2015-04-20,23.166264
2015-04-21,23.835651
2015-04-22,24.360308
2015-04-23,24.441719
2015-04-24,24.251757
2015-04-27,24.685957
2015-04-28,23.690920
2015-04-29,25.282980
2015-04-30,24.993515
2015-05-04,25.943321
2015-05-05,24.622635
2015-05-06,24.423628
2015-05-07,23.699970
2015-05-08,24.097977
2015-05-11,24.649771
2015-05-12,26.106148
2015-05-13,25.319162
2015-05-14,24.595499
2015-05-15,24.631681
2015-05-18,25.138245
2015-05-19,25.771448
2015-05-20,27.625839
2015-05-21,30.384802
2015-05-22,29.869194
2015-05-25,30.348619
2015-05-26,30.647135
2015-05-27,30.303389
2015-05-28,27.643929
2015-05-29,27.128317
2015-06-01,28.756563
2015-06-02,28.856064
2015-06-03,28.313318
2015-06-04,28.593735
2015-06-05,29.127438
2015-06-08,30.719496
2015-06-09,31.651215
2015-06-10,32.483421
2015-06-11,34.003117
2015-06-12,33.939800
2015-06-15,36.391212
2015-06-16,32.754799
2015-06-17,31.786896
2015-06-18,30.800907
2015-06-19,28.901295
2015-06-23,30.285299
2015-06-24,31.018007
2015-06-25,28.539459
2015-06-26,26.069962
2015-06-29,26.142328
2015-06-30,28.675148
2015-07-01,26.214693
2015-07-02,25.102060
2015-07-03,24.432674
2015-07-06,25.093018
2015-07-07,24.134161
2015-07-08,21.718935
2015-07-09,23.889927
2015-07-10,26.278015
2015-07-13,28.883202
2015-07-14,27.182594
2015-07-15,24.468855
2015-07-16,25.355349
2015-07-17,26.657938
2015-07-20,26.657938
2015-07-21,27.074045
2015-07-22,26.784578
2015-07-23,27.517284
2015-07-24,26.902176
2015-07-27,24.215578
2015-07-28,24.812595
2015-07-29,25.780497
2015-07-30,25.056835
2015-07-31,25.572443
2015-08-03,27.209734
2015-08-04,27.815798
2015-08-05,26.902176
2015-08-06,27.643929
2015-08-07,27.861027
2015-08-10,28.901295
2015-08-11,28.340456
2015-08-12,27.508242
2015-08-13,28.928432
2015-08-14,29.036978
2015-08-17,29.769690
2015-08-18,26.793627
2015-08-19,26.884083
2015-08-20,25.456121
2015-08-21,23.872553
2015-08-24,21.602463
2015-08-25,22.041836
2015-08-26,22.920584
2015-08-27,24.925215
2015-08-28,25.868034
2015-08-31,24.952675
2015-09-01,23.140266
2015-09-02,24.504152
2015-09-07,23.607098
2015-09-08,25.218130
2015-09-09,25.547657
2015-09-10,24.989288
2015-09-11,26.060259
2015-09-14,24.284464
2015-09-15,24.183777
2015-09-16,25.987030
2015-09-17,24.916063
2015-09-18,25.016748
2015-09-21,25.666658
2015-09-22,25.904652
2015-09-23,24.989288
2015-09-24,25.840574
2015-09-25,25.785652
2015-09-28,25.840574
2015-09-29,25.337128
2015-09-30,25.373739
2015-10-08,26.225019
2015-10-09,26.151796
2015-10-12,26.151796
2015-10-13,26.893232
2015-10-14,26.252483
2015-10-15,26.646090
2015-10-16,27.964203
2015-10-19,27.762827
2015-10-20,27.707905
2015-10-21,26.517941
2015-10-22,26.966463
2015-10-23,27.167847
2015-10-26,26.966463
2015-10-27,26.902390
2015-10-28,27.286840
2015-10-29,27.671291
2015-10-30,27.662136
2015-11-02,28.376118
2015-11-03,28.037434
2015-11-04,28.907022
2015-11-05,29.035173
2015-11-06,29.675924
2015-11-09,29.611849
2015-11-10,27.817747
2015-11-11,28.403578
2015-11-12,28.092356
2015-11-13,28.339504
2015-11-16,28.147276
2015-11-17,27.964203
2015-11-18,27.616369
2015-11-19,27.616369
2015-11-20,27.598063
2015-11-23,27.607216
2015-11-24,27.643829
2015-11-25,27.515680
2015-11-26,27.222765
2015-11-27,26.151796
2015-11-30,26.179256
2015-12-01,26.746778
2015-12-02,27.524834
2015-12-03,27.543140
2015-12-04,27.588907
2015-12-07,27.881819
2015-12-08,27.231916
2015-12-09,27.176996
2015-12-10,27.460758
2015-12-11,27.396683
2015-12-14,27.424147
2015-12-15,27.405838
2015-12-16,27.543140
2015-12-17,27.927593
2015-12-18,28.101509
2015-12-21,28.742256
2015-12-22,28.247965
2015-12-23,27.707905
2015-12-24,27.652981
2015-12-25,27.698751
2015-12-28,26.957310
2015-12-29,27.396683
2015-12-30,27.433298
2015-12-31,27.021387
2016-01-04,25.877186
2016-01-05,26.325712
2016-01-06,27.003078
2016-01-07,25.620888
2016-01-08,25.657501
2016-01-11,24.815372
2016-01-12,24.549917
2016-01-13,24.522457
2016-01-14,24.595686
2016-01-15,24.247849
2016-01-18,24.339386
2016-01-19,25.025906
2016-01-20,24.934370
2016-01-21,24.540764
2016-01-22,24.888601
2016-01-25,25.062517
2016-01-26,24.385149
2016-01-27,23.680325
2016-01-28,23.103649
2016-01-29,23.671175
2016-02-01,23.085346
2016-02-02,23.433182
2016-02-03,23.396566
2016-02-04,23.771860
2016-02-05,23.909170
2016-02-15,24.568224
2016-02-16,24.925215
2016-02-17,25.538504
2016-02-18,25.620888
2016-02-19,25.446968
2016-02-22,25.913805
2016-02-23,25.492735
2016-02-24,25.849728
2016-02-25,25.538504
2016-02-26,25.611736
2016-02-29,24.897753
2016-03-01,24.998444
2016-03-02,26.151796
2016-03-03,26.344021
2016-03-04,25.913805
2016-03-07,26.627781
2016-03-08,26.197563
2016-03-09,25.529348
2016-03-10,25.593428
2016-03-11,25.611736
2016-03-14,26.334866
2016-03-15,26.380632
2016-03-16,26.243328
2016-03-17,26.893232
2016-03-18,26.874929
2016-03-21,26.929852
2016-03-22,26.801699
2016-03-23,26.829161
2016-03-24,26.829161
2016-03-25,27.350912
2016-03-28,26.829161
2016-03-29,26.737627
2016-03-30,27.085461
2016-03-31,27.543140
2016-04-01,27.341761
2016-04-05,27.469913
2016-04-06,27.176996
2016-04-07,26.783394
2016-04-08,26.572861
2016-04-11,26.636934
2016-04-12,26.682707
2016-04-13,26.792547
2016-04-14,26.673552
2016-04-15,26.874929
2016-04-18,26.243328
2016-04-19,26.206717
2016-04-20,25.373739
2016-04-21,25.611736
2016-04-22,25.913805
2016-04-25,25.895496
2016-04-26,25.703268
2016-04-27,25.630039
2016-04-28,25.511044
2016-04-29,24.906908
2016-05-03,25.401199
2016-05-04,25.868034
2016-05-05,25.895496
2016-05-06,25.602581
2016-05-09,25.245590
2016-05-10,25.785652
2016-05-11,26.554554
2016-05-12,26.115183
2016-05-13,25.547657
2016-05-16,25.767345
2016-05-17,25.511044
2016-05-18,25.172365
2016-05-19,25.108286
2016-05-20,24.851986
2016-05-23,25.071671
2016-05-24,24.540764
2016-05-25,24.586533
2016-05-26,24.723837
2016-05-27,24.678066
2016-05-30,24.714684
2016-05-31,25.364586
2016-06-01,25.309666
2016-06-02,25.245590
2016-06-03,25.437817
2016-06-06,25.410353
2016-06-07,25.172365
2016-06-08,25.218130
2016-06-13,24.833681
2016-06-14,24.485846
2016-06-15,24.705526
2016-06-16,24.266157
2016-06-17,24.330233
2016-06-20,24.046473
2016-06-21,23.845091
2016-06-22,23.918324
2016-06-23,23.954939
2016-06-24,23.817633
2016-06-27,23.927475
2016-06-28,23.872553
2016-06-29,23.790171
2016-06-30,23.845091
2016-07-01,23.790171
2016-07-04,24.092243
2016-07-05,24.238691
2016-07-06,24.092243
2016-07-07,24.119699
2016-07-08,24.019009
2016-07-11,24.202082
2016-07-12,25.016748
2016-07-13,24.943521
2016-07-14,24.870295
2016-07-15,24.943521
2016-07-18,25.062517
2016-07-19,24.861139
2016-07-20,24.760448
2016-07-21,24.842833
2016-07-22,24.522457
2016-07-25,24.531610
2016-07-26,24.943521
2016-07-27,25.099129
2016-07-28,25.556812
2016-07-29,25.520195
2016-08-01,25.382891
2016-08-02,25.410353
2016-08-03,25.813114
2016-08-04,25.803959
2016-08-05,25.730732
2016-08-08,25.703268
2016-08-09,25.977877
2016-08-10,25.840574
2016-08-11,25.337128
2016-08-12,25.529348
2016-08-15,26.252483
2016-08-16,26.591169
2016-08-17,26.618626
2016-08-18,26.330606
2016-08-19,26.209824
2016-08-22,26.562883
2016-08-23,26.562883
2016-08-24,26.637209
2016-08-25,26.442099
2016-08-26,26.442099
2016-08-29,26.228407
2016-08-30,25.949678
2016-08-31,25.791729
2016-09-01,25.726696
2016-09-02,26.089041
2016-09-05,25.670948
2016-09-06,25.550167
2016-09-07,25.717403
2016-09-08,25.856768
2016-09-09,26.042587
2016-09-12,25.652369
2016-09-13,25.624493
2016-09-14,25.513004
2016-09-19,25.522289
2016-09-20,25.550167
2016-09-21,25.503714
2016-09-22,25.382929
2016-09-23,25.494421
2016-09-26,25.067038
2016-09-27,25.243567
2016-09-28,25.029871
2016-09-29,25.067038
2016-09-30,25.057743
2016-10-10,25.243567
2016-10-11,25.429386
2016-10-12,25.392220
2016-10-13,25.429386
2016-10-14,25.540874
2016-10-17,25.587334
2016-10-18,25.624493
2016-10-19,25.401514
2016-10-20,25.410805
2016-10-21,25.317892
2016-10-24,25.513004
2016-10-25,25.447966
2016-10-26,25.280727
2016-10-27,25.392220
2016-10-28,25.447966
2016-10-31,25.187819
2016-11-01,25.234274
2016-11-02,24.964834
2016-11-03,24.992706
2016-11-04,24.788303
2016-11-07,24.806889
2016-11-08,24.806889
2016-11-09,24.342340
2016-11-10,24.556032
2016-11-11,25.085619
2016-11-14,24.834761
2016-11-15,24.909088
2016-11-16,24.964834
2016-11-17,24.760431
2016-11-18,24.695398
2016-11-21,24.871927
2016-11-22,24.806889
2016-11-23,24.806889
2016-11-24,24.871927
2016-11-25,25.122782
2016-11-28,25.262150
2016-11-29,25.568750
2016-11-30,25.447966
2016-12-01,25.271437
2016-12-02,25.132071
2016-12-05,25.020584
2016-12-06,24.974123
2016-12-07,24.964834
2016-12-08,24.713982
2016-12-09,24.695398
2016-12-12,24.565323
2016-12-13,24.509577
2016-12-14,24.611778
2016-12-15,24.686108
2016-12-16,24.732559
2016-12-19,24.769726
2016-12-20,24.723272
2016-12-21,24.983416
2016-12-22,24.992706
2016-12-23,25.001999
2016-12-26,24.899797
2016-12-27,24.667524
2016-12-28,24.639650
2016-12-29,24.490997
2016-12-30,24.639650
2017-01-03,24.760431
2017-01-04,24.890507
2017-01-05,24.927671
2017-01-06,24.992706
2017-01-09,24.983416
2017-01-10,25.011293
2017-01-11,24.853348
2017-01-12,24.871927
2017-01-13,24.853348
2017-01-16,24.881218
2017-01-17,24.816177
2017-01-18,24.992706
2017-01-19,25.085619
2017-01-20,25.234274
2017-01-23,25.243567
2017-01-24,25.243567
2017-01-25,25.540874
2017-01-26,25.550167
2017-02-03,25.670948
2017-02-06,25.717403
2017-02-07,25.540874
2017-02-08,25.661659
2017-02-09,25.828894
2017-02-10,25.717403
2017-02-13,25.931093
2017-02-14,25.615200
2017-02-15,25.717403
2017-02-16,25.773148
2017-02-17,25.503714
2017-02-20,25.745275
2017-02-21,25.782438
2017-02-22,25.680239
2017-02-23,25.596621
2017-02-24,26.042587
2017-02-27,25.578041
2017-02-28,25.494421
2017-03-01,25.540874
2017-03-02,25.447966
2017-03-03,25.457256
2017-03-06,25.782438
2017-03-07,25.801023
2017-03-08,25.801023
2017-03-09,25.819605
2017-03-10,25.457256
2017-03-13,26.339899
2017-03-14,26.414225
2017-03-15,26.665081
2017-03-16,26.358480
2017-03-17,26.442099
2017-03-20,26.516430
2017-03-21,26.841608
2017-03-22,26.479263
2017-03-23,26.469971
2017-03-24,27.120342
2017-03-27,27.501266
2017-03-28,27.649925
2017-03-29,27.947237
2017-03-30,27.863619
2017-03-31,27.854328
2017-04-05,28.133057
2017-04-06,28.736971
2017-04-07,28.523277
2017-04-10,28.123766
2017-04-11,27.817163
2017-04-12,29.972668
2017-04-13,31.663622
2017-04-14,31.663622
2017-04-17,31.765821
2017-04-18,32.444065
2017-04-19,32.035267
2017-04-20,32.053848
2017-04-21,31.654331
2017-04-24,31.793695
2017-04-25,31.403479
2017-04-26,31.477806
2017-04-27,31.440639
2017-04-28,31.821571
2017-05-02,32.518394
2017-05-03,32.825001
2017-05-04,33.679764
2017-05-05,33.837711
2017-05-08,33.939907
2017-05-09,32.713501
2017-05-10,32.825001
2017-05-11,33.038689
2017-05-12,33.140896
2017-05-15,34.395172
2017-05-16,36.271950
2017-05-17,35.770233
2017-05-18,35.454338
2017-05-19,36.532085
2017-05-22,36.996643
2017-05-23,37.303242
2017-05-24,35.937469
2017-05-25,34.878300
2017-05-26,35.110577
2017-05-31,35.110577
2017-06-01,35.575127
2017-06-02,35.482208
2017-06-05,34.655315
2017-06-06,34.906174
2017-06-07,34.831844
2017-06-08,36.550671
2017-06-09,36.151161
2017-06-12,35.779518
2017-06-13,35.928173
2017-06-14,34.729645
2017-06-15,33.577564
2017-06-16,33.577564
2017-06-19,33.558971
2017-06-20,33.001530
2017-06-21,35.017666
2017-06-22,35.166321
2017-06-23,35.510094
2017-06-26,35.110577
2017-06-27,35.324261
2017-06-28,34.673901
2017-06-29,34.580990
2017-06-30,34.664604
2017-07-03,35.445045
2017-07-04,35.389309
2017-07-05,35.389309
2017-07-06,35.482208
2017-07-07,35.575127
2017-07-10,34.450920
2017-07-11,34.729645
2017-07-12,34.580990
2017-07-13,34.553112
2017-07-14,34.989792
2017-07-17,35.287106
2017-07-18,35.519375
2017-07-19,35.454338
2017-07-20,35.454338
2017-07-21,34.980499
2017-07-24,34.673901
2017-07-25,34.367298
2017-07-26,33.809837
2017-07-27,33.800552
2017-07-28,33.912041
2017-07-31,34.794685
2017-08-01,34.655315
2017-08-02,34.200058
2017-08-03,33.837711
2017-08-04,33.698349
2017-08-07,34.060696
2017-08-08,34.376587
2017-08-09,34.097862
2017-08-10,34.302258
2017-08-11,34.478786
2017-08-14,34.450920
2017-08-15,34.924755
2017-08-16,34.711063
2017-08-17,34.989792
2017-08-18,34.692482
2017-08-21,34.841141
2017-08-22,34.608860
2017-08-23,34.673901
2017-08-24,34.749111
2017-08-25,34.993561
2017-08-28,36.178185
2017-08-29,37.005550
2017-08-30,36.328617
2017-08-31,36.714096
2017-09-01,35.980751
2017-09-04,35.849125
2017-09-05,36.676491
2017-09-06,36.977345
2017-09-07,38.350010
2017-09-08,39.854301
2017-09-11,38.754284
2017-09-12,38.857708
2017-09-13,38.378216
2017-09-14,38.265388
2017-09-15,38.585052
2017-09-18,37.522652
2017-09-19,36.892731
2017-09-20,36.065369
2017-09-21,35.623482
2017-09-22,35.830318
2017-09-25,36.149982
2017-09-26,36.131180
2017-09-27,35.867924
2017-09-28,36.037163
2017-09-29,35.708096
2017-10-09,36.253403
2017-10-10,35.557671
2017-10-11,36.319214
2017-10-12,37.597866
2017-10-13,37.644871
2017-10-16,37.644871
2017-10-17,37.202991
2017-10-18,37.983341
2017-10-19,38.274792
2017-10-20,38.368813
2017-10-23,37.616665
2017-10-24,38.020939
2017-10-25,38.058552
2017-10-26,37.607265
2017-10-27,37.503845
2017-10-30,40.606445
2017-10-31,41.132946
2017-11-01,39.873104
2017-11-02,40.089348
2017-11-03,40.371403
2017-11-06,41.678257
2017-11-07,40.521824
2017-11-08,40.202164
2017-11-09,40.597046
2017-11-10,41.537224
2017-11-13,40.944912
2017-11-14,40.324383
2017-11-15,41.104740
2017-11-16,40.897903
2017-11-17,42.355183
2017-11-20,42.985107
2017-11-21,42.524414
2017-11-22,43.126133
2017-11-23,41.048332
2017-11-24,41.067131
2017-11-27,40.145756
2017-11-28,40.512428
2017-11-29,39.591045
2017-11-30,39.261986
2017-12-01,39.544037
2017-12-04,39.647457
2017-12-05,40.841484
2017-12-06,39.459427
2017-12-07,39.459427
2017-12-08,39.478230
2017-12-11,40.625244
2017-12-12,39.948318
2017-12-13,41.358593
2017-12-14,40.888504
2017-12-15,41.020126
2017-12-18,41.330387
2017-12-19,41.725258
2017-12-20,42.101330
2017-12-21,42.562019
2017-12-22,41.584232
2017-12-25,41.668850
2017-12-26,42.298775
2017-12-27,41.480804
2017-12-28,41.452610
2017-12-29,42.317577
2018-01-02,41.744061
2018-01-03,41.415001
2018-01-04,41.462006
2018-01-05,41.509014
2018-01-08,40.456020
2018-01-09,41.142342
2018-01-10,41.179962
2018-01-11,40.841484
2018-01-12,41.311577
2018-01-15,42.919289
2018-01-16,43.210743
2018-01-17,42.665443
2018-01-18,42.308174
2018-01-19,41.941505
2018-01-22,42.223553
2018-01-23,44.207344
2018-01-24,44.273155
2018-01-25,43.878277
2018-01-26,44.075718
2018-01-29,42.947498
2018-01-30,43.370575
2018-01-31,44.085114
2018-02-01,44.827862
2018-02-02,45.862061
2018-02-05,45.692825
2018-02-06,45.119320
2018-02-07,44.856064
2018-02-08,43.257755
2018-02-09,41.574837
2018-02-12,40.832088
2018-02-13,41.151745
2018-02-14,41.198765
2018-02-22,43.840672
2018-02-23,44.056911
2018-02-26,46.717621
2018-02-27,46.708221
2018-02-28,45.946674
2018-03-01,46.379162
2018-03-02,47.338142
2018-03-05,47.215919
2018-03-06,46.219326
2018-03-07,46.275738
2018-03-08,46.670616
2018-03-09,47.789433
2018-03-12,47.093697
2018-03-13,47.516777
2018-03-14,46.858654
2018-03-15,47.009079
2018-03-16,46.388561
2018-03-19,47.140709
2018-03-20,46.999676
2018-03-21,46.999676
2018-03-22,47.751823
2018-03-23,47.742416
2018-03-26,47.037289
2018-03-27,46.369759
2018-03-28,46.303944
2018-03-29,44.799656
2018-03-30,45.937271
2018-04-02,46.350956
2018-04-03,45.119320
2018-04-04,44.997089
2018-04-09,44.423584
2018-04-10,45.354370
2018-04-11,45.222733
2018-04-12,45.185135
2018-04-13,44.461189
2018-04-16,43.116737
2018-04-17,41.885086
2018-04-18,41.715862
2018-04-19,42.392792
2018-04-20,42.693649
2018-04-23,42.562019
2018-04-24,43.502205
2018-04-25,44.150925
2018-04-26,44.188541
2018-04-27,46.811642
2018-05-02,47.836441
2018-05-03,47.949265
2018-05-04,48.109093
2018-05-07,48.494564
2018-05-08,48.795425
2018-05-09,49.820225
2018-05-10,51.719391
2018-05-11,49.444149
2018-05-14,49.735607
2018-05-15,50.271511
2018-05-16,50.638180
2018-05-17,49.218510
2018-05-18,50.760406
2018-05-21,49.961258
2018-05-22,49.782616
2018-05-23,49.340729
2018-05-24,49.350136
2018-05-25,49.340729
2018-05-28,49.068077
2018-05-29,50.638180
2018-05-30,49.256111
2018-05-31,50.647583
2018-06-01,49.547573
2018-06-04,51.681778
2018-06-05,51.634769
2018-06-06,53.693779
2018-06-07,53.515137
2018-06-08,53.863007
2018-06-11,52.527950
2018-06-12,55.790379
2018-06-13,56.382694
2018-06-14,55.969013
2018-06-15,55.592941
2018-06-19,54.803188
2018-06-20,52.988636
2018-06-21,53.618557
2018-06-22,53.195477
2018-06-25,55.000626
2018-06-26,53.110863
2018-06-27,52.001442
2018-06-28,51.531353
2018-06-29,52.161274
2018-07-02,52.010845
2018-07-03,49.942448
2018-07-04,53.214287
2018-07-05,53.947620
2018-07-06,52.546757
2018-07-09,53.627960
2018-07-10,56.580128
2018-07-11,56.363892
2018-07-12,56.457905
2018-07-13,58.037415
2018-07-16,58.789558
2018-07-17,58.554516
2018-07-18,59.005798
2018-07-19,57.557922
2018-07-20,58.131432
2018-07-23,58.131432
2018-07-24,57.745956
2018-07-25,58.939983
2018-07-26,58.723740
2018-07-27,58.009209
2018-07-30,56.786976
2018-07-31,56.664745
2018-08-01,57.999802
2018-08-02,58.366474
2018-08-03,56.110035
2018-08-06,51.662975
2018-08-07,52.659569
2018-08-08,54.135662
2018-08-09,54.727970
2018-08-10,55.282681
2018-08-13,56.627144
2018-08-14,54.605747
2018-08-15,54.558739
2018-08-16,53.195477
2018-08-17,53.280094
2018-08-20,51.324512
2018-08-21,55.047630
2018-08-22,54.916008
2018-08-23,53.928410
2018-08-24,54.184807
2018-08-27,54.574154
2018-08-28,53.016788
2018-08-29,51.953220
2018-08-30,52.067173
2018-08-31,52.114655
2018-09-03,51.563877
2018-09-04,51.563877
2018-09-05,51.184040
2018-09-06,50.424347
2018-09-07,50.395863
2018-09-10,50.357876
2018-09-11,51.782288
2018-09-12,51.373959
2018-09-13,50.737717
2018-09-14,51.326473
2018-09-17,50.205936
2018-09-18,50.329384
2018-09-19,52.048180
2018-09-20,51.744308
2018-09-21,53.747990
2018-09-25,53.776474
2018-09-26,55.134418
2018-09-27,55.352829
2018-09-28,55.808643
2018-10-08,52.893333
2018-10-09,51.117569
2018-10-10,51.725315
2018-10-11,50.234421
2018-10-12,51.858261
2018-10-15,51.326473
2018-10-16,50.709229
2018-10-17,50.025513
2018-10-18,47.622997
2018-10-19,50.120472
2018-10-22,52.988300
2018-10-23,52.038685
2018-10-24,49.284817
2018-10-25,48.183262
2018-10-26,46.151096
2018-10-29,41.535980
2018-10-30,45.391407
2018-10-31,47.053223
2018-11-01,47.641979
2018-11-02,51.468914
2018-11-05,49.569698
2018-11-06,49.522221
2018-11-07,48.620087
2018-11-08,47.727448
2018-11-09,47.138691
2018-11-12,47.072220
2018-11-13,47.395092
2018-11-14,47.480553
2018-11-15,47.860394
2018-11-16,48.999928
2018-11-19,48.458652
2018-11-20,47.518536
2018-11-21,47.518536
2018-11-22,46.901287
2018-11-23,46.530941
2018-11-26,46.730358
2018-11-27,45.562340
2018-11-28,46.958271
2018-11-29,45.989662
2018-11-30,47.575512
2018-12-03,48.677059
2018-12-04,49.455746
2018-12-05,49.047413
2018-12-06,47.955357
2018-12-07,47.414078
2018-12-10,47.110199
2018-12-11,47.271633
2018-12-12,47.195671
2018-12-13,49.189854
2018-12-14,48.648571
2018-12-17,47.490051
2018-12-18,47.945866
2018-12-19,47.338108
2018-12-20,47.528034
2018-12-21,46.948769
2018-12-24,47.746445
2018-12-25,47.528034
2018-12-26,48.259235
2018-12-27,48.933456
2018-12-28,48.202255
2019-01-02,47.841408
2019-01-03,47.195671
2019-01-04,47.309624
2019-01-07,47.271633
2019-01-08,47.328617
2019-01-09,48.135780
2019-01-10,47.290634
2019-01-11,46.625904
2019-01-14,45.467381
2019-01-15,45.932686
2019-01-16,45.087536
2019-01-17,45.248962
2019-01-18,47.471062
2019-01-21,48.002834
2019-01-22,46.056133
2019-01-23,45.438892
2019-01-24,44.945087
2019-01-25,45.714275
2019-01-28,46.416988
2019-01-29,46.720863
2019-01-30,46.635403
2019-01-31,46.815819
2019-02-01,47.053223
2019-02-11,47.717957
2019-02-12,48.078812
2019-02-13,50.044502
2019-02-14,50.509804
2019-02-15,49.379772
2019-02-18,50.538300
2019-02-19,51.753803
2019-02-20,53.472599
2019-02-21,53.937908
2019-02-22,55.998566
2019-02-25,56.454376
2019-02-26,54.061359
2019-02-27,53.064270
2019-02-28,54.374725
2019-03-01,56.501858
2019-03-04,55.922596
2019-03-05,54.944500
2019-03-06,54.232285
2019-03-07,53.577057
2019-03-08,53.358639
2019-03-11,54.270275
2019-03-12,54.004379
2019-03-13,53.501083
2019-03-14,54.374725
2019-03-15,54.868526
2019-03-18,55.561737
2019-03-19,55.932095
2019-03-20,55.105930
2019-03-21,55.124920
2019-03-22,56.929184
2019-03-25,54.175312
2019-03-26,54.184807
2019-03-27,55.134418
2019-03-28,56.615807
2019-03-29,59.018322
2019-04-01,58.600498
2019-04-02,58.942356
2019-04-03,59.037315
2019-04-04,59.417156
2019-04-08,57.983253
2019-04-09,58.401085
2019-04-10,59.711540
2019-04-11,58.344101
2019-04-12,57.707867
2019-04-15,58.068718
2019-04-16,59.350693
2019-04-17,59.825500
2019-04-18,60.851074
2019-04-19,63.206116
2019-04-22,63.149139
2019-04-23,65.741570
2019-04-24,64.478592
2019-04-25,65.000870
2019-04-26,62.750305
2019-05-06,63.528984
2019-05-07,67.783234
2019-05-08,65.494675
2019-05-09,64.136726
2019-05-10,68.941765
2019-05-13,66.909592
2019-05-14,65.048355
2019-05-15,67.004555
2019-05-16,69.815399
2019-05-17,67.669289
2019-05-20,65.580132
2019-05-21,66.026451
2019-05-22,66.482269
2019-05-23,65.428207
2019-05-24,64.602036
2019-05-27,64.668510
2019-05-28,66.567734
2019-05-29,65.390221
2019-05-30,66.054955
2019-05-31,65.656105
2019-06-03,66.140411
2019-06-04,66.482269
2019-06-05,65.997971
2019-06-06,66.282852
2019-06-10,69.891365
2019-06-11,71.904549
2019-06-12,70.394661
2019-06-13,70.204735
2019-06-14,69.473557
2019-06-17,71.068893
2019-06-18,71.572189
2019-06-19,72.692726
2019-06-20,74.829346
2019-06-21,74.297569
2019-06-24,75.152214
2019-06-25,74.534973
2019-06-26,75.209190
2019-06-27,77.174881
2019-06-28,79.558411
2019-07-01,82.141357
2019-07-02,80.175659
2019-07-03,78.684769
2019-07-04,75.731483
2019-07-05,77.298347
2019-07-08,75.769463
2019-07-09,76.339233
2019-07-10,77.298347
2019-07-11,76.139809
2019-07-12,77.801636
2019-07-15,76.918495
2019-07-16,75.589043
2019-07-17,76.472176
2019-07-18,76.928001
2019-07-19,77.402802
2019-07-22,77.925079
2019-07-23,77.849113
2019-07-24,77.573730
2019-07-25,79.767326
2019-07-26,80.764420
2019-07-29,80.697960
2019-07-30,80.014221
2019-07-31,78.608795
2019-08-01,77.877602
2019-08-02,77.773140
2019-08-05,75.361122
2019-08-06,74.971779
2019-08-07,75.028763
2019-08-08,76.681084
2019-08-09,76.111328
2019-08-12,77.269859
2019-08-13,76.709572
2019-08-14,77.393311
2019-08-15,77.934578
2019-08-16,80.565002
2019-08-19,80.584000
2019-08-20,79.729340
2019-08-21,80.716934
2019-08-22,82.133369
2019-08-23,83.444511
2019-08-26,83.109543
2019-08-27,83.741188
2019-08-28,81.932388
2019-08-29,80.927483
2019-08-30,80.439407
2019-09-02,81.597427
2019-09-03,80.372406
2019-09-04,80.343681
2019-09-05,80.774368
2019-09-06,82.305626
2019-09-09,81.367722
2019-09-10,80.774368
2019-09-11,78.668869
2019-09-12,79.587624
2019-09-16,79.243088
2019-09-17,78.515739
2019-09-18,79.214378
2019-09-19,78.400894
2019-09-20,77.769249
2019-09-23,77.185440
2019-09-24,76.458092
2019-09-25,77.214172
2019-09-26,76.898331
2019-09-27,76.496376
2019-09-30,76.352829
2019-10-08,74.438744
2019-10-09,74.773705
2019-10-10,77.022758
2019-10-11,76.812210
2019-10-14,75.826454
2019-10-15,74.917267
2019-10-16,74.888550
2019-10-17,76.974915
2019-10-18,75.903015
2019-10-21,74.304756
2019-10-22,73.826225
2019-10-23,73.692245
2019-10-24,71.692032
2019-10-25,72.428963
2019-10-28,72.208824
2019-10-29,70.275604
2019-10-30,74.343040
2019-10-31,72.974464
2019-11-01,72.984039
2019-11-04,74.352608
2019-11-05,75.395775
2019-11-06,75.175674
2019-11-07,74.831131
2019-11-08,74.524879
2019-11-11,74.457878
2019-11-12,74.132492
2019-11-13,73.137169
2019-11-14,72.668213
2019-11-15,72.160988
2019-11-18,72.735207
2019-11-19,72.830902
2019-11-20,73.089310
2019-11-21,72.735207
2019-11-22,71.558044
2019-11-25,71.806877
2019-11-26,73.022316
2019-11-27,72.677780
2019-11-28,73.098869
2019-11-29,71.902573
2019-12-02,72.639496
2019-12-03,72.218399
2019-12-04,71.940865
2019-12-05,73.357285
2019-12-06,74.352608
2019-12-09,74.132492
2019-12-10,75.319214
2019-12-11,74.945969
2019-12-12,74.859840
2019-12-13,75.635040
2019-12-16,75.213943
2019-12-17,75.414917
2019-12-18,75.060814
2019-12-19,74.936409
2019-12-20,75.711609
2019-12-23,74.984245
2019-12-24,74.457878
2019-12-25,74.237755
2019-12-26,74.496155
2019-12-27,73.941086
2019-12-30,74.515297
2019-12-31,75.367073
2020-01-02,74.036789
2020-01-03,73.979378
2020-01-06,72.352394
2020-01-07,72.017433
2020-01-08,71.835587
2020-01-09,72.314102
2020-01-10,72.658630
2020-01-13,72.687347
2020-01-14,71.357063
2020-01-15,70.342598
2020-01-16,70.333023
2020-01-17,70.112907
2020-01-20,68.859184
2020-01-21,67.375778
2020-01-22,67.911720
2020-01-23,66.016769
2020-02-03,61.059296
2020-02-04,65.270271
2020-02-05,67.280075
2020-02-06,68.543373
2020-02-07,68.629494
2020-02-10,67.682030
2020-02-11,69.117584
2020-02-12,69.270714
2020-02-13,69.289856
2020-02-14,68.907036
2020-02-17,68.495506
2020-02-18,67.930862
2020-02-19,68.983604
2020-02-20,70.629715
2020-02-21,69.567390
2020-02-24,66.878105
2020-02-25,65.653099
2020-02-26,64.667336
2020-02-27,64.696053
2020-02-28,62.887241
2020-03-02,65.844505
2020-03-03,65.748795
2020-03-04,68.610359
2020-03-05,69.864082
2020-03-06,68.715630
2020-03-09,67.385345
2020-03-10,67.949997
2020-03-11,67.079079
2020-03-12,66.648415
2020-03-13,65.959343
2020-03-16,63.356197
2020-03-17,61.250698
2020-03-18,60.580769
2020-03-19,58.379570
2020-03-20,60.150093
2020-03-23,56.762173
2020-03-24,59.499313
2020-03-25,61.939770
2020-03-26,61.250698
2020-03-27,59.422745
2020-03-30,57.125847
2020-03-31,58.197735
2020-04-01,59.011223
2020-04-02,59.853416
2020-04-03,60.676472
2020-04-07,60.494637
2020-04-08,61.193279
2020-04-09,62.772392
2020-04-10,62.762829
2020-04-13,62.112038
2020-04-14,63.260490
2020-04-15,62.734119
2020-04-16,62.418297
2020-04-17,64.810898
2020-04-20,65.040581
2020-04-21,63.834705
2020-04-22,64.389793
2020-04-23,67.930862
2020-04-24,67.471481
2020-04-27,65.452110
2020-04-28,67.471481
2020-04-29,65.901924
2020-04-30,67.662872
2020-05-06,67.193932
2020-05-07,65.461678
2020-05-08,66.035904
2020-05-11,65.653099
2020-05-12,64.983170
2020-05-13,65.949791
2020-05-14,64.207954
2020-05-15,62.781971
2020-05-18,64.341942
2020-05-19,66.208176
2020-05-20,64.791756
2020-05-21,64.485497
2020-05-22,62.686260
2020-05-25,63.595455
2020-05-26,65.997620
2020-05-27,65.442535
2020-05-28,65.557396
2020-05-29,69.280289
2020-06-01,71.337921
2020-06-02,70.916832
2020-06-03,70.467018
2020-06-04,69.031441
2020-06-05,71.089096
2020-06-08,71.108238
2020-06-09,72.668213
2020-06-10,72.457664
2020-06-11,72.620369
2020-06-12,71.778168
2020-06-15,68.150978
2020-06-16,69.079300
2020-06-17,67.758591
2020-06-18,67.442764
2020-06-19,68.447647
2020-06-22,67.978699
2020-06-23,67.720306
2020-06-24,67.816010
2020-06-29,67.452332
2020-06-30,68.974037
2020-07-01,69.835373
2020-07-02,72.639496
2020-07-03,72.065277
2020-07-06,73.816666
2020-07-07,72.649071
2020-07-08,71.701599
2020-07-09,72.562935
2020-07-10,72.304550
2020-07-13,70.725410
2020-07-14,69.280289
2020-07-15,69.672676
2020-07-16,66.782402
2020-07-17,68.428513
2020-07-20,69.663086
2020-07-21,69.854507
2020-07-22,68.907036
2020-07-23,68.112679
2020-07-24,65.432983
2020-07-27,64.294098
2020-07-28,64.600342
2020-07-29,66.543129
2020-07-30,65.404243
2020-07-31,65.011879
2020-08-03,65.365982
2020-08-04,66.294312
2020-08-05,64.724762
2020-08-06,64.313232
2020-08-07,64.868317
2020-08-10,65.519119
2020-08-11,67.213074
2020-08-12,69.414276
2020-08-13,69.749229
2020-08-14,71.921722
2020-08-17,71.184799
2020-08-18,74.266472
2020-08-19,75.146942
2020-08-20,73.484116
2020-08-21,75.108284
2020-08-24,75.601326
2020-08-25,75.601326
2020-08-26,77.515533
2020-08-27,76.510101
2020-08-28,76.809799
2020-08-31,73.861145
2020-09-01,73.290756
2020-09-02,72.904053
2020-09-03,73.387436
2020-09-04,75.117950
2020-09-07,72.991058
2020-09-08,74.286522
2020-09-09,71.724594
2020-09-10,71.250870
2020-09-11,70.767494
2020-09-14,71.830940
2020-09-15,72.101631
2020-09-16,71.714920
2020-09-17,72.207977
2020-09-18,72.382004
2020-09-21,71.250870
2020-09-22,66.900414
2020-09-23,66.745728
2020-09-24,66.513710
2020-09-25,66.629715
2020-09-28,66.126991
2020-09-29,66.890747
2020-09-30,66.494377
2020-10-09,67.113106
2020-10-12,67.789848
2020-10-13,67.644829
2020-10-14,68.302238
2020-10-15,67.287117
2020-10-16,67.171112
2020-10-19,66.620064
2020-10-20,67.248451
2020-10-21,67.461136
2020-10-22,65.624275
2020-10-23,64.947540
2020-10-26,65.063553
2020-10-27,64.309471
2020-10-28,64.966873
2020-10-29,63.951767
2020-10-30,63.903435
2020-11-02,61.051464
2020-11-03,62.114910
2020-11-04,62.240578
2020-11-05,64.812195
2020-11-06,64.734856
2020-11-09,67.876846
2020-11-10,71.830940
2020-11-11,71.637581
2020-11-12,72.788040
2020-11-13,73.406769
2020-11-16,75.717346
2020-11-17,75.881699
2020-11-18,78.346962
2020-11-19,77.341522
2020-11-20,77.003151
2020-11-23,76.529434
2020-11-24,77.283516
2020-11-25,77.505867
2020-11-26,79.178383
2020-11-27,77.293175
2020-11-30,75.910698
2020-12-01,77.061150
2020-12-02,76.867805
2020-12-03,77.534866
2020-12-04,78.366295
2020-12-07,77.012825
2020-12-08,76.268402
2020-12-09,73.851479
2020-12-10,72.507683
2020-12-11,72.797707
2020-12-14,73.667793
2020-12-15,73.184418
2020-12-16,72.875046
2020-12-17,73.571114
2020-12-18,73.116737
2020-12-21,71.347549
2020-12-22,69.974739
2020-12-23,70.670815
2020-12-24,68.340897
2020-12-25,70.419449
2020-12-28,69.123978
2020-12-29,70.525803
2020-12-30,70.825500
2020-12-31,73.145752
2021-01-04,74.914925
2021-01-05,74.731255
2021-01-06,74.914925
2021-01-07,73.329422
2021-01-08,73.455116
2021-01-11,70.970512
2021-01-12,71.270210
2021-01-13,75.011597
2021-01-14,70.835159
2021-01-15,69.549370
2021-01-18,69.800713
2021-01-19,69.268997
2021-01-20,68.447250
2021-01-21,68.563255
2021-01-22,68.804932
2021-01-25,69.617043
2021-01-26,69.781380
2021-01-27,73.957832
2021-01-28,73.281090
2021-01-29,76.374756
2021-02-01,68.737282
2021-02-02,61.863552
2021-02-03,57.329403
2021-02-04,56.275623
2021-02-05,56.439976
2021-02-08,53.462322
2021-02-09,56.536648
2021-02-10,56.246620
2021-02-18,58.489521
2021-02-19,58.914898
2021-02-22,58.885899
2021-02-23,58.093143
2021-02-24,58.924572
2021-02-25,60.945118
2021-02-26,59.823669
2021-03-01,59.146927
2021-03-02,57.725773
2021-03-03,58.363842
2021-03-04,58.035141
2021-03-05,58.663544
2021-03-08,56.836349
2021-03-09,55.550545
2021-03-10,55.695560
2021-03-11,56.817013
2021-03-12,58.151157
2021-03-15,58.711880
2021-03-16,60.229710
2021-03-17,59.794659
2021-03-18,59.166264
2021-03-19,57.812786
2021-03-22,58.334843
2021-03-23,56.894352
2021-03-24,56.323959
2021-03-25,56.004929
2021-03-26,56.797680
2021-03-29,57.232727
2021-03-30,56.971695
2021-03-31,55.975925
2021-04-01,56.362629
2021-04-02,56.536648
2021-04-06,56.923359
2021-04-07,57.155380
2021-04-08,56.372299
2021-04-09,55.511875
2021-04-12,54.525772
2021-04-13,55.057491
2021-04-14,54.690121
2021-04-15,54.081059
2021-04-16,54.071392
2021-04-19,54.922150
2021-04-20,54.554771
2021-04-21,55.192844
2021-04-22,54.477428
2021-04-23,54.487103
2021-04-26,51.480450
2021-04-27,47.951740
2021-04-28,48.338451
2021-04-29,47.458691
2021-04-30,47.507030
2021-05-06,45.148113
2021-05-07,43.765636
2021-05-10,42.963211
2021-05-11,43.920319
2021-05-12,44.045998
2021-05-13,44.007320
2021-05-14,44.809746
2021-05-17,46.375908
2021-05-18,46.675606
2021-05-19,45.834518
2021-05-20,46.047207
2021-05-21,45.592827
2021-05-24,46.230892
2021-05-25,47.690716
2021-05-26,47.623035
2021-05-27,47.806728
2021-05-28,47.729385
2021-05-31,47.845398
2021-06-01,48.338451
2021-06-02,48.377121
2021-06-03,50.446003
2021-06-04,49.111862
2021-06-07,47.091320
2021-06-08,47.081654
2021-06-09,47.226665
2021-06-10,47.226665
2021-06-11,47.226665
2021-06-15,47.226665
2021-06-16,47.226665
2021-06-17,47.226665
2021-06-18,47.226665
2021-06-21,47.226665
2021-06-22,47.226665
2021-06-23,47.226665
2021-06-24,47.226665
2021-06-25,49.372890
2021-06-28,47.806728
2021-06-29,46.317902
2021-06-30,46.530590
2021-07-01,46.037537
2021-07-02,44.490711
2021-07-05,44.626053
2021-07-06,45.380135
2021-07-07,45.438141
2021-07-08,44.471371
2021-07-09,44.606720
2021-07-12,44.848412
2021-07-13,44.809746
2021-07-14,43.688290
2021-07-15,43.204906
2021-07-16,43.717297
2021-07-19,43.997658
2021-07-20,43.649620
2021-07-21,42.972885
2021-07-22,42.876202
2021-07-23,41.696751
2021-07-26,39.550518
2021-07-27,38.274384
2021-07-28,37.568642
2021-07-29,37.433296
2021-07-30,37.268944
2021-08-02,36.708218
2021-08-03,36.988583
2021-08-04,36.582542
2021-08-05,36.611542
2021-08-06,36.273174
2021-08-09,37.239944
2021-08-10,37.423630
2021-08-11,37.694324
2021-08-12,36.959583
2021-08-13,36.930573
2021-08-16,37.201271
2021-08-17,38.168041
2021-08-18,38.796444
2021-08-19,38.535416
2021-08-20,37.703991
2021-08-23,37.616978
2021-08-24,37.703991
2021-08-25,40.517288
2021-08-26,40.874992
2021-08-27,40.014568
2021-08-30,38.893120
2021-08-31,41.832092
2021-09-01,42.025448
2021-09-02,42.054455
2021-09-03,43.697960
2021-09-06,43.726959
2021-09-07,44.703400
2021-09-08,44.036331
2021-09-09,43.591614
2021-09-10,44.258682
2021-09-13,42.972885
2021-09-14,41.880428
2021-09-15,41.426048
2021-09-16,40.865330
2021-09-17,42.189800
2021-09-22,41.658077
2021-09-23,41.832092
2021-09-24,42.499165
2021-09-27,42.750526
2021-09-28,42.634510
2021-09-29,42.740856
2021-09-30,42.779530
2021-10-08,45.438141
2021-10-11,47.980743
2021-10-12,48.686485
2021-10-13,48.396458
2021-10-14,51.045403
2021-10-15,50.755375
2021-10-18,49.208542
2021-10-19,49.295551
2021-10-20,49.218208
2021-10-21,49.024857
2021-10-22,48.396458
2021-10-25,48.058083
2021-10-26,49.111862
2021-10-27,49.392227
2021-10-28,49.566246
2021-10-29,51.045403
2021-11-01,49.372890
2021-11-02,48.676815
2021-11-03,48.580143
2021-11-04,47.603706
2021-11-05,47.400684
2021-11-08,51.151749
2021-11-09,48.270775
2021-11-10,47.497364
2021-11-11,48.406120
2021-11-12,49.092529
2021-11-15,47.787395
2021-11-16,47.429688
2021-11-17,48.019417
2021-11-18,47.033318
2021-11-19,46.704609
2021-11-22,46.975300
2021-11-23,46.946304
2021-11-24,47.410355
2021-11-25,47.439354
2021-11-26,45.563824
2021-11-29,42.528168
2021-11-30,41.725750
2021-12-01,43.388592
2021-12-02,43.137234
2021-12-03,44.490711
2021-12-06,44.191010
2021-12-07,44.829082
2021-12-08,45.322132
2021-12-09,45.467148
2021-12-10,44.925751
2021-12-13,44.355366
2021-12-14,44.084663
2021-12-15,43.262913
2021-12-16,42.827869
2021-12-17,42.151127
2021-12-20,42.015781
2021-12-21,42.586174
2021-12-22,42.644180
2021-12-23,42.412155
2021-12-24,43.088890
2021-12-27,44.461708
2021-12-28,44.171677
2021-12-29,44.945087
2021-12-30,45.805515
2021-12-31,45.138447
2022-01-04,46.907631
2022-01-05,47.216999
2022-01-06,47.371681
2022-01-07,48.328785
2022-01-10,48.328785
2022-01-11,47.961407
2022-01-12,48.087090
2022-01-13,47.642376
2022-01-14,47.110653
2022-01-17,46.694939
2022-01-18,47.729385
2022-01-19,48.019417
2022-01-20,49.353558
2022-01-21,51.132408
2022-01-24,50.591022
2022-01-25,50.271988
2022-01-26,49.131203
2022-01-27,48.125751
2022-01-28,48.812168
2022-02-07,50.465343
2022-02-08,52.360207
2022-02-09,53.849033
2022-02-10,55.869579
2022-02-11,55.492542
2022-02-14,55.540878
2022-02-15,53.752354
2022-02-16,54.255074
2022-02-17,53.365650
2022-02-18,54.989822
2022-02-21,54.796467
2022-02-22,53.655682
2022-02-23,52.495556
2022-02-24,51.035736
2022-02-25,51.219421
2022-02-28,50.610359
2022-03-01,52.360207
2022-03-02,52.224861
2022-03-03,54.622444
2022-03-04,53.607342
2022-03-07,49.324554
2022-03-08,48.319115
2022-03-09,48.734821
2022-03-10,49.749931
2022-03-11,49.575912
2022-03-14,45.457481
2022-03-15,44.200680
2022-03-16,48.241776
2022-03-17,50.001293
2022-03-18,50.939056
2022-03-21,50.852051
2022-03-22,50.030289
2022-03-23,49.595249
2022-03-24,48.841171
2022-03-25,47.091320
2022-03-28,46.946304
2022-03-29,47.371681
2022-03-30,48.850838
2022-03-31,47.565037
2022-04-01,49.005520
2022-04-06,49.450237
2022-04-07,48.754158
2022-04-08,48.754158
2022-04-11,46.395248
2022-04-12,50.658695
2022-04-13,49.227875
2022-04-14,50.271988
2022-04-15,50.958393
2022-04-18,50.088306
2022-04-19,48.483471
2022-04-20,49.305222
2022-04-21,49.111862
2022-04-22,49.546913
2022-04-25,46.917294
2022-04-26,46.385574
2022-04-27,48.734821
2022-04-28,46.520920
2022-04-29,47.758385
2022-05-05,49.595249
2022-05-06,46.607933
2022-05-09,45.679832
2022-05-10,45.554153
2022-05-11,46.085876
2022-05-12,44.858082
2022-05-13,45.293129
2022-05-16,46.250233
2022-05-17,46.453247
2022-05-18,45.534817
2022-05-19,45.196453
2022-05-20,46.172886
2022-05-23,45.786179
2022-05-24,45.689499
2022-05-25,47.565037
2022-05-26,47.710049
2022-05-27,47.420021
2022-05-30,48.348118
2022-05-31,48.734821
2022-06-01,47.265335
2022-06-02,46.878632
2022-06-06,47.265335
2022-06-07,46.984970
2022-06-08,47.507030
2022-06-09,47.284672
2022-06-10,46.598263
2022-06-13,45.728172
2022-06-14,46.076210
2022-06-15,46.018204
2022-06-16,46.308239
2022-06-17,46.385574
2022-06-20,48.193432
2022-06-21,48.425457
2022-06-22,47.536030
2022-06-23,47.555367
2022-06-24,48.328785
2022-06-27,50.339661
2022-06-28,54.632111
2022-06-29,53.800697
2022-06-30,54.815807
2022-07-01,52.350540
2022-07-04,51.915493
2022-07-05,51.673809
2022-07-06,50.465343
2022-07-07,50.010960
2022-07-08,49.807938
2022-07-11,48.618816
2022-07-12,48.870171
2022-07-13,49.334221
2022-07-14,50.571690
2022-07-15,50.078636
2022-07-18,49.527573
2022-07-19,49.527573
2022-07-20,49.856277
2022-07-21,49.285881
2022-07-22,50.610359
2022-07-25,49.836941
2022-07-26,50.997066
2022-07-27,51.364437
2022-07-28,51.644798
2022-07-29,49.865944
2022-08-01,52.978943
2022-08-02,53.568672
2022-08-03,53.733025
2022-08-04,55.047821
2022-08-05,54.738461
2022-08-08,55.125168
2022-08-09,55.086494
2022-08-10,54.032722
2022-08-11,54.873810
2022-08-12,56.072605
2022-08-15,54.883476
2022-08-16,55.154175
2022-08-17,55.579548
2022-08-18,54.815807
2022-08-19,54.564438
2022-08-22,54.235737
2022-08-23,54.158398
2022-08-24,54.313080
2022-08-25,55.772903
2022-08-26,55.850243
2022-08-29,55.163841
2022-08-30,54.448429
2022-08-31,54.545105
2022-09-01,52.949940
2022-09-02,53.249641
2022-09-05,53.259304
2022-09-06,55.192844
2022-09-07,55.105831
2022-09-08,56.768681
2022-09-09,57.087711
2022-09-13,57.464748
2022-09-14,56.778343
2022-09-15,56.449642
2022-09-16,55.888916
2022-09-19,58.267166
2022-09-20,58.354176
2022-09-21,57.919132
2022-09-22,57.290726
2022-09-23,57.474419
2022-09-26,57.861126
2022-09-27,60.355389
2022-09-28,58.866558
2022-09-29,57.281063
2022-09-30,55.859909
2022-10-10,55.589214
2022-10-11,55.763233
2022-10-12,53.752354
2022-10-13,54.342087
2022-10-14,53.945713
2022-10-17,56.024265
2022-10-18,55.250847
2022-10-19,54.786797
2022-10-20,54.912476
2022-10-21,55.434532
2022-10-24,52.795254
2022-10-25,54.641788
2022-10-26,55.444199
2022-10-27,54.873810
2022-10-28,54.371090
2022-10-31,51.606129
2022-11-01,56.072605
2022-11-02,57.783783
2022-11-03,56.623661
2022-11-04,58.586197
2022-11-07,57.580761
2022-11-08,57.000698
2022-11-09,56.971695
2022-11-10,57.609764
2022-11-11,55.328190
2022-11-14,52.031509
2022-11-15,53.675011
2022-11-16,52.901604
2022-11-17,52.872597
2022-11-18,51.973499
2022-11-21,50.504013
2022-11-22,50.629688
2022-11-23,50.368664
2022-11-24,49.720928
2022-11-25,49.991623
2022-11-28,51.625462
2022-11-29,53.684677
2022-11-30,53.636341
2022-12-01,52.447224
2022-12-02,51.925156
2022-12-05,53.462322
2022-12-06,54.545105
2022-12-07,55.250847
2022-12-08,55.966255
2022-12-09,56.323959
2022-12-12,57.010365
2022-12-13,57.049042
2022-12-14,58.102814
2022-12-15,57.725773
2022-12-16,58.392853
2022-12-19,58.199493
2022-12-20,55.966255
2022-12-21,57.561428
2022-12-22,57.464748
2022-12-23,57.648434
2022-12-26,57.426075
2022-12-27,57.329403
2022-12-28,56.169277
2022-12-29,55.502213
2022-12-30,55.792240
2023-01-03,54.380756
2023-01-04,54.554771
2023-01-05,56.401306
2023-01-06,55.105831
2023-01-09,56.584988
2023-01-10,56.072605
2023-01-11,55.260513
2023-01-12,55.192844
2023-01-13,56.072605
2023-01-16,60.906448
2023-01-17,60.800102
2023-01-18,61.080463
2023-01-19,59.775330
2023-01-20,59.930008
2023-01-30,58.972908
2023-01-31,58.489521
2023-02-01,58.479858
2023-02-02,58.499187
2023-02-03,58.750553
2023-02-06,58.972908
2023-02-07,58.315510
2023-02-08,58.827892
2023-02-09,58.586197
2023-02-10,58.489521
2023-02-13,59.736660
2023-02-14,60.461731
2023-02-15,59.726986
2023-02-16,59.233936
2023-02-17,58.247833
2023-02-20,59.523968
2023-02-21,58.402512
2023-02-22,57.812786
2023-02-23,57.116714
2023-02-24,56.710674
2023-02-27,56.797680
2023-02-28,56.691334
2023-03-01,56.865356
2023-03-02,56.942696
2023-03-03,57.464748
2023-03-06,56.942696
2023-03-07,56.033932
2023-03-08,56.401306
2023-03-09,56.120937
2023-03-10,54.999489
2023-03-13,55.830906
2023-03-14,55.424870
2023-03-15,55.250847
2023-03-16,54.206738
2023-03-17,53.704018
2023-03-20,52.659908
2023-03-21,54.255074
2023-03-22,54.013386
2023-03-23,53.636341
2023-03-24,53.007942
2023-03-27,53.239971
2023-03-28,52.389206
2023-03-29,52.727581
2023-03-30,54.332417
2023-03-31,53.878036
2023-04-03,54.593445
2023-04-04,55.328190
2023-04-06,55.105831
2023-04-07,55.163841
2023-04-10,54.419426
2023-04-11,54.612778
2023-04-12,53.810364
2023-04-13,53.926369
2023-04-14,53.085285
2023-04-17,53.762024
2023-04-18,53.452656
2023-04-19,53.452656
2023-04-20,53.036945
2023-04-21,51.944496
2023-04-24,50.745705
2023-04-25,50.455669
2023-04-26,51.190418
2023-04-27,51.122746
2023-04-28,51.915493
2023-05-04,50.155975
2023-05-05,50.716698
2023-05-08,49.711262
2023-05-09,49.604916
2023-05-10,48.580143
2023-05-11,48.048416
2023-05-12,47.487690
2023-05-15,48.299782
2023-05-16,48.270775
2023-05-17,47.835732
2023-05-18,47.565037
2023-05-19,47.729385
2023-05-22,48.618816
2023-05-23,47.313671
2023-05-24,45.718502
2023-05-25,45.795849
2023-05-26,45.708836
2023-05-29,45.544487
2023-05-30,45.148113
2023-05-31,45.051437
2023-06-01,43.620617
2023-06-02,44.461708
2023-06-05,44.278019
2023-06-06,43.688290
2023-06-07,44.316692
2023-06-08,45.080437
2023-06-09,45.409138
2023-06-12,45.351131
2023-06-13,45.254456
2023-06-14,45.380135
2023-06-15,46.037537
2023-06-16,46.192219
2023-06-19,46.240566
2023-06-20,45.650833
2023-06-21,45.718502
2023-06-26,44.220016
2023-06-27,44.858082
2023-06-28,44.819416
2023-06-29,43.910648
2023-06-30,43.910648
2023-07-03,45.476818
2023-07-04,45.766842
2023-07-05,45.360798
2023-07-06,44.742069
2023-07-07,44.954758
2023-07-10,45.515491
2023-07-11,45.757175
2023-07-12,45.438141
2023-07-13,45.360798
2023-07-14,44.355366
2023-07-17,44.490711
2023-07-18,44.104000
2023-07-19,43.494934
2023-07-20,42.856869
2023-07-21,43.069561
2023-07-24,42.325142
2023-07-25,43.272579
2023-07-26,42.557171
2023-07-27,42.934212
2023-07-28,44.916084
2023-07-31,45.824852
2023-08-01,45.293129
2023-08-02,45.534817
2023-08-03,45.708836
2023-08-04,45.370464
2023-08-07,44.877419
2023-08-08,44.606720
2023-08-09,44.655056
2023-08-10,46.240566
2023-08-11,45.563824
2023-08-14,45.041767
2023-08-15,44.597057
2023-08-16,44.403702
2023-08-17,44.568047
2023-08-18,43.620617
2023-08-21,39.879223
2023-08-22,38.748100
2023-08-23,37.752327
2023-08-24,37.965019
2023-08-25,37.800663
2023-08-28,37.413963
2023-08-29,38.458065
2023-08-30,38.081024
2023-08-31,37.926346
2023-09-01,38.177711
2023-09-04,38.699760
2023-09-05,38.332394
2023-09-06,38.119705
2023-09-07,37.607315
2023-09-08,37.936012
2023-09-11,38.042358
2023-09-12,37.868340
2023-09-13,37.539642
2023-09-14,37.065922
2023-09-15,36.901573
2023-09-18,37.181934
2023-09-19,36.911243
2023-09-20,36.553535
2023-09-21,36.389183
2023-09-22,36.891907
2023-09-25,36.582542
2023-09-26,36.099152
2023-09-27,36.369846
2023-09-28,36.630878
2023-10-09,35.838131
2023-10-10,35.876797
2023-10-11,35.693111
2023-10-12,36.089485
2023-10-13,35.451420
2023-10-16,35.035709
2023-10-17,35.122719
2023-10-18,34.445980
2023-10-19,33.991600
2023-10-20,33.759571
2023-10-23,33.430874
2023-10-24,34.078609
2023-10-25,34.494316
2023-10-26,34.707008
2023-10-27,35.432087
2023-10-30,36.186165
2023-10-31,35.973476
2023-11-01,35.857460
2023-11-02,35.499760
2023-11-03,36.031479
2023-11-06,36.427856
2023-11-07,36.176495
2023-11-08,36.021809
2023-11-09,35.973476
2023-11-10,35.857460
2023-11-13,35.954136
2023-11-14,36.012142
2023-11-15,36.118492
2023-11-16,35.789791
2023-11-17,35.760784
2023-11-20,36.224834
2023-11-21,36.379513
2023-11-22,35.838131
2023-11-23,35.896137
2023-11-24,35.490089
2023-11-27,35.316067
2023-11-28,35.412750
2023-11-29,34.861691
2023-11-30,34.687675
2023-12-01,34.765015
2023-12-04,34.629665
2023-12-05,33.595222
2023-12-06,33.372864
2023-12-07,32.860481
2023-12-08,33.353527
2023-12-11,33.256855
2023-12-12,32.966820
2023-12-13,31.980721
2023-12-14,31.652020
2023-12-15,31.797031
2023-12-18,31.042952
2023-12-19,31.139633
2023-12-20,30.665913
2023-12-21,31.042952
2023-12-22,31.216974
2023-12-25,31.410322
2023-12-26,31.004280
2023-12-27,30.395218
2023-12-28,31.758358
2023-12-29,31.690685
2024-01-02,31.110624
2024-01-03,31.081623
2024-01-04,30.617573
2024-01-05,30.404884
2024-01-08,29.863493
2024-01-09,30.385548
2024-01-10,30.404884
2024-01-11,30.617573
2024-01-12,30.694916
2024-01-15,31.613348
2024-01-16,32.154736
2024-01-17,31.361982
2024-01-18,32.154736
2024-01-19,32.328758
2024-01-22,31.806702
2024-01-23,31.681021
2024-01-24,32.406097
2024-01-25,33.063496
2024-01-26,33.198845
2024-01-29,34.010933
2024-01-30,32.792809
2024-01-31,32.000053
2024-02-01,32.232079
2024-02-02,31.980721
2024-02-05,31.642349
2024-02-06,33.131172
2024-02-07,33.498547
2024-02-08,34.126945
2024-02-19,34.088276
2024-02-20,33.865917
2024-02-21,34.358974
2024-02-22,34.271965
2024-02-23,34.126945
2024-02-26,33.691895
2024-02-27,33.836914
2024-02-28,33.701569
2024-02-29,34.010933
2024-03-01,33.769238
2024-03-04,34.494316
2024-03-05,34.204288
2024-03-06,34.146278
2024-03-07,33.759571
2024-03-08,33.701569
2024-03-11,33.914261
2024-03-12,34.852024
2024-03-13,34.823021
2024-03-14,35.867126
2024-03-15,35.925137
2024-03-18,36.398853
2024-03-19,35.886463
2024-03-20,35.644772
2024-03-21,35.296734
2024-03-22,35.190395
2024-03-25,35.248394
2024-03-26,34.716675
2024-03-27,33.846584
2024-03-28,34.474979
2024-03-29,35.055046
2024-04-01,35.432087
2024-04-02,35.519096
2024-04-03,35.509426
2024-04-08,35.016376
2024-04-09,34.803680
2024-04-10,34.736012
2024-04-11,34.765015
2024-04-12,34.271965
2024-04-15,35.354740
2024-04-16,35.200062
2024-04-17,35.606102
2024-04-18,35.557762
2024-04-19,35.093712
2024-04-22,35.557762
2024-04-23,35.238728
2024-04-24,35.267731
2024-04-25,35.760784
2024-04-26,36.253841
2024-04-29,36.379513
2024-04-30,36.389183
2024-05-06,36.215168
2024-05-07,36.060482
2024-05-08,35.934803
2024-05-09,35.954136
2024-05-10,35.760784
2024-05-13,35.712444
2024-05-14,35.615776
2024-05-15,35.093712
2024-05-16,34.561989
2024-05-17,35.180721
2024-05-20,35.577095
2024-05-21,35.035709
2024-05-22,35.229061
2024-05-23,34.600662
2024-05-24,34.542656
2024-05-27,34.590992
2024-05-28,34.010933
2024-05-29,34.059273
2024-05-30,33.972260
2024-05-31,33.595222
2024-06-03,33.421204
2024-06-04,33.343861
2024-06-05,33.479214
2024-06-06,32.966820
2024-06-07,33.063496
2024-06-11,33.131172
2024-06-12,32.676792
2024-06-13,32.087063
2024-06-14,32.270744
2024-06-17,32.406097
2024-06-18,32.995827
2024-06-19,32.628452
2024-06-20,31.932379
2024-06-21,31.613348
2024-06-24,31.255644
2024-06-25,30.955942
2024-06-26,31.245975
2024-06-27,30.936607
2024-06-28,31.178303
2024-07-01,31.497335
2024-07-02,31.613348
2024-07-03,32.473770
2024-07-04,31.903374
2024-07-05,31.903374
2024-07-08,31.381319
2024-07-09,32.676792
2024-07-10,32.841145
2024-07-11,33.430874
2024-07-12,33.469543
2024-07-15,33.334190
2024-07-16,33.459877
2024-07-17,33.981930
2024-07-18,33.885254
2024-07-19,34.554615
2024-07-22,34.622520
2024-07-23,34.108376
2024-07-24,33.768845
2024-07-25,34.215084
2024-07-26,34.030769
2024-07-29,32.934563
2024-07-30,32.837555
2024-07-31,33.545723
2024-08-01,33.380806
2024-08-02,33.303204
2024-08-05,33.681538
2024-08-06,33.691231
2024-08-07,33.390511
2024-08-08,33.283798
2024-08-09,32.983070
2024-08-12,32.886066
2024-08-13,32.827854
2024-08-14,32.439816
2024-08-15,33.225594
2024-08-16,33.002468
2024-08-19,32.575634
2024-08-20,32.527130
2024-08-21,32.498020
2024-08-22,31.799559
2024-08-23,32.061481
2024-08-26,32.071186
2024-08-27,31.673449
2024-08-28,31.498833
2024-08-29,31.673449
2024-08-30,32.139091
2024-09-02,31.285412
2024-09-03,31.411522
2024-09-04,31.363022
2024-09-05,31.586140
2024-09-06,31.469728
2024-09-09,30.895931
2024-09-10,30.496960
2024-09-11,30.292610
2024-09-12,30.136913
2024-09-13,29.961756
2024-09-18,29.426548
2024-09-19,30.059063
2024-09-20,30.166107
2024-09-23,30.185570
2024-09-24,31.411674
2024-09-25,31.625755
2024-09-26,32.958900
2024-09-27,34.739677
2024-09-30,37.386505
2024-10-08,37.882790
2024-10-09,34.535324
2024-10-10,34.934299
2024-10-11,34.321243
2024-10-14,34.155815
2024-10-15,33.649807
2024-10-16,33.338409
2024-10-17,33.017288
2024-10-18,33.863884
2024-10-21,34.039043
2024-10-22,34.155815
2024-10-23,34.642365
2024-10-24,34.146088
2024-10-25,34.369900
2024-10-28,34.700752
2024-10-29,34.321243
2024-10-30,34.311508
2024-10-31,34.019585
2024-11-01,33.980656
2024-11-04,34.155815
2024-11-05,34.778603
2024-11-06,34.759144
2024-11-07,35.780899
2024-11-08,35.547348
2024-11-11,35.605736
2024-11-12,35.372189
2024-11-13,35.430576
2024-11-14,35.041336
2024-11-15,35.313808
2024-11-18,35.206764
2024-11-19,34.992683
2024-11-20,35.051067
2024-11-21,34.866180
2024-11-22,33.883350
2024-11-25,33.523300
2024-11-26,33.620609
2024-11-27,33.854156
2024-11-28,33.883350
2024-11-29,33.970932
2024-12-02,34.729946
2024-12-03,34.710484
2024-12-04,34.136356
2024-12-05,34.058506
2024-12-06,34.564518
2024-12-09,34.574249
2024-12-10,34.632633
2024-12-11,34.875912
2024-12-12,35.177574
2024-12-13,34.768871
2024-12-16,34.360168
2024-12-17,34.029312
2024-12-18,33.922276
2024-12-19,33.533031
2024-12-20,33.581684
2024-12-23,33.737385
2024-12-24,34.175278
2024-12-25,34.350433
2024-12-26,34.019585
2024-12-27,34.292053
2024-12-30,33.873619
2024-12-31,33.231377
2025-01-02,32.413967
2025-01-03,32.209618
2025-01-06,32.209618
2025-01-07,32.122036
2025-01-08,31.995535
2025-01-09,31.791185
2025-01-10,31.499254
2025-01-13,31.528450
2025-01-14,32.316654
2025-01-15,32.443165
2025-01-16,32.306927
2025-01-17,32.306927
2025-01-20,32.199886
2025-01-21,32.306927
2025-01-22,32.433434
2025-01-23,32.355579
2025-01-24,32.443165
2025-01-27,32.267998
2025-02-05,32.122036
2025-02-06,32.229076
2025-02-07,32.404236
2025-02-10,32.579395
2025-02-11,32.141499
2025-02-12,32.151234
2025-02-13,32.122036
2025-02-14,32.102577
2025-02-17,32.014996
2025-02-18,31.723063
2025-02-19,31.674412
2025-02-20,31.674412
2025-02-21,31.839840
2025-02-24,31.956610
2025-02-25,31.596565
2025-02-26,31.645222
2025-02-27,31.927422
2025-02-28,31.616026
2025-03-03,31.508984
2025-03-04,31.528450
2025-03-05,31.392212
2025-03-06,31.479790
2025-03-07,31.324093
2025-03-10,31.275440
2025-03-11,31.353291
2025-03-12,31.265711
2025-03-13,31.158670
2025-03-14,31.596565
2025-03-17,31.810644
2025-03-18,31.781454
2025-03-19,31.693872
2025-03-20,31.606295
2025-03-21,31.499254
2025-03-24,31.596565
2025-03-25,31.976072
2025-03-26,31.810644
2025-03-27,31.820377
2025-03-28,31.625755
2025-03-31,31.460333
2025-04-01,31.723063
2025-04-02,31.518715
2025-04-03,31.508984
2025-04-07,29.835253
2025-04-08,30.779160
2025-04-09,32.267998
2025-04-10,32.131767
2025-04-11,31.781454
2025-04-14,31.771723
2025-04-15,31.314363
2025-04-16,31.820377
2025-04-17,32.063652
2025-04-18,31.645222
2025-04-21,31.528450
2025-04-22,31.440866
2025-04-23,31.217056
2025-04-24,31.226786
2025-04-25,31.392212
2025-04-28,31.314363
2025-04-29,31.217056
2025-04-30,31.236515
2025-05-06,31.382483
2025-05-07,31.470058
2025-05-08,31.450598
2025-05-09,31.217056
2025-05-12,31.382483
2025-05-13,31.382483
2025-05-14,31.684143
2025-05-15,31.723063
2025-05-16,31.674412
2025-05-19,31.791185
2025-05-20,31.791185
2025-05-21,31.820377
2025-05-22,31.907955
2025-05-23,31.518715
2025-05-26,31.684143
2025-05-27,31.693872
2025-05-28,31.732798
2025-05-29,31.654949
2025-05-30,31.489523
2025-06-03,31.625755
2025-06-04,31.635487
2025-06-05,31.596565
2025-06-06,31.508984
2025-06-09,31.684143
2025-06-10,31.508984
2025-06-11,31.898224
2025-06-12,31.625755
2025-06-13,31.217056
2025-06-16,31.061357
2025-06-17,30.934855
2025-06-18,30.711042
2025-06-19,30.487230
2025-06-20,30.535883
2025-06-23,30.448305
2025-06-24,30.827814
2025-06-25,30.944586
2025-06-26,30.915394
2025-06-27,30.915394
2025-06-30,30.915394
2025-07-01,30.759699
2025-07-02,30.701309
2025-07-03,30.798622
2025-07-04,30.720772
2025-07-07,30.633194
2025-07-08,30.740236
2025-07-09,30.837545
2025-07-10,30.876469
2025-07-11,30.847277
2025-07-14,30.973780
2025-07-15,30.876469
2025-07-16,30.934855
2025-07-17,30.973780
2025-07-18,31.275440
2025-07-21,31.314363
2025-07-22,31.518715
2025-07-23,31.538179
2025-07-24,32.336121
2025-07-25,31.878761
2025-07-28,31.849567
2025-07-29,31.674412
2025-07-30,31.791185
2025-07-31,31.314363
2025-08-01,31.275440
2025-08-04,31.246248
2025-08-05,31.470058
2025-08-06,31.363018
2025-08-07,31.401943
2025-08-08,31.343008
2025-08-11,31.333185
2025-08-12,31.274254
2025-08-13,31.264429
2025-08-14,31.293900
2025-08-15,31.234962
2025-08-18,31.303720
2025-08-19,31.303720
2025-08-20,31.716259
2025-08-21,31.893061
2025-08-22,31.922525
2025-08-25,32.207371
2025-08-26,32.560978
2025-08-27,31.942173
2025-08-28,32.069862
2025-08-29,31.745724
2025-09-01,31.785013
2025-09-02,31.598387
2025-09-03,31.382299
2025-09-04,31.166206
2025-09-05,31.352831
2025-09-08,31.981459
2025-09-09,31.804657
2025-09-10,31.588566
2025-09-11,31.667147
2025-09-12,31.509991
2025-09-15,31.509991
2025-09-16,31.490345
2025-09-17,31.814480
2025-09-18,31.372477
2025-09-19,31.726076
2025-09-22,31.480520
2025-09-23,31.313540
2025-09-24,31.362654
2025-09-25,31.166206
2025-09-26,31.097450
2025-09-29,31.323364
2025-09-30,31.323364
2025-10-09,31.382299
2025-10-10,31.313540
2025-10-13,30.959940
2025-10-14,31.028694
2025-10-15,31.313540
2025-10-16,31.244329
2025-10-17,30.967482
2025-10-20,31.076244
2025-10-21,31.046581
2025-10-22,30.918045
2025-10-23,31.026806
2025-10-24,31.016920
2025-10-27,31.016920
2025-10-28,31.145456
2025-10-29,31.244329
2025-10-30,31.313541
2025-10-31,31.926565
2025-11-03,31.877129
2025-11-04,31.718929
2025-11-05,31.887014
2025-11-06,31.669489
2025-11-07,31.867239
2025-11-10,32.885643
2025-11-11,33.152607
2025-11-12,33.577766
2025-11-13,34.161125
2025-11-14,33.844727
2025-11-17,33.211933
2025-11-18,32.766994
2025-11-19,32.272625
2025-11-20,32.213303
2025-11-21,31.649714
2025-11-24,31.185005
2025-11-25,31.194891
2025-11-26,31.382753
2025-11-27,31.283878
2025-11-28,31.303654
2025-12-01,31.531065
2025-12-02,31.471741
2025-12-03,31.659603
2025-12-04,31.531065
2025-12-05,31.451965
2025-12-08,31.788141
2025-12-09,31.481628
2025-12-10,32.025436
2025-12-11,31.649714
2025-12-12,30.670858
2025-12-15,30.403896
2025-12-16,30.384121
2025-12-17,30.562096
2025-12-18,32.737335
2025-12-19,33.192158
2025-12-22,33.063618
2025-12-23,32.826321
2025-12-24,33.271259
2025-12-25,33.399792
2025-12-26,33.004295
2025-12-29,33.014183
2025-12-30,32.420937
2025-12-31,32.391273
2026-01-05,32.331951
2026-01-06,32.598911
2026-01-07,32.440712
2026-01-08,32.460487
2026-01-09,32.322060
2026-01-12,32.173752
2026-01-13,32.163860
2026-01-14,31.491516
2026-01-15,31.451965
2026-01-16,31.036694
2026-01-19,31.362978
2026-01-20,32.005661
2026-01-21,31.600277
2026-01-22,31.293766
2026-01-23,30.997145
2026-01-26,30.700520
2026-01-27,30.591759
2026-01-28,30.255585
2026-01-29,30.601646
2026-01-30,30.453333
2026-02-02,30.166599
2026-02-03,30.196262
2026-02-04,30.838945
2026-02-05,30.888382
2026-02-06,30.591759
2026-02-09,30.908157
2026-02-10,30.947706
2026-02-11,30.898270
2026-02-12,30.670858
2026-02-13,30.403896
2026-02-24,30.384121
2026-02-25,30.275360
2026-02-26,30.146824
2026-02-27,30.166599
2026-03-02,29.622787
2026-03-03,29.583239
2026-03-04,28.999880
2026-03-05,29.049316
2026-03-06,29.355827
2026-03-09,28.802130
2026-03-10,29.069092
2026-03-11,28.999880
2026-03-12,29.039431
2026-03-13,28.940556
2026-03-16,29.059204
2026-03-17,29.158079
2026-03-18,28.999880
2026-03-19,28.752693
2026-03-20,28.317646
2026-03-23,27.061941
2026-03-24,27.289352
2026-03-25,27.665073
2026-03-26,27.279465
2026-03-27,27.388227
2026-03-30,27.417889
2026-03-31,27.309128
2026-04-01,27.803499
2026-04-02,27.566198
2026-04-03,27.378340
2026-04-07,27.190477
2026-04-08,27.773836
2026-04-09,27.447552
2026-04-10,27.309128
2026-04-13,26.992727
2026-04-14,27.180590
2026-04-15,27.091602
2026-04-16,27.121265
2026-04-17,26.943291
2026-04-20,27.180590
2026-04-21,27.101490
2026-04-22,27.071827
2026-04-23,26.913628
2026-04-24,26.735655
2026-04-27,26.834528
2026-04-28,26.844416
2026-04-29,27.081715
2026-04-30,26.933403
2026-05-06,27.071827
2026-05-07,26.953178
2026-05-08,26.883966
2026-05-11,26.923515
2026-05-12,26.705992
2026-05-13,26.528017
2026-05-14,26.221508
2026-05-15,25.776571
2026-05-18,25.282200
2026-05-19,25.420624
2026-05-20,25.460175
2026-05-21,25.311863
2026-05-22,24.916365
2026-05-25,25.262424
2026-05-26,25.321751
2026-05-27,25.114113
2026-05-28,24.599966
2026-05-29,24.787827
2026-06-01,24.560417
2026-06-02,24.075932
2026-06-03,23.522236
2026-06-04,23.126736
2026-06-05,23.373922
2026-06-08,22.751015
2026-06-09,23.453022
2026-06-10,23.551897
2026-06-11,23.195948
2026-06-12,24.006720
2026-06-15,23.927620
2026-06-16,23.522236
2026-06-17,23.334373
2026-06-18,22.899324
2026-06-22,23.077299
2026-06-23,22.701576
2026-06-24,22.286304
2026-06-25,23.037748
2026-06-26,22.938875
2026-06-29,23.027863
2026-06-30,22.840000
2026-07-01,23.430000
2026-07-02,23.030001
2026-07-03,22.920000
2026-07-06,23.250000
2026-07-07,22.830000
2026-07-08,22.799999
2026-07-09,22.480000
2026-07-10,22.840000
2026-07-13,22.620001
2026-07-14,22.760000
2026-07-15,23.440001
2026-07-16,23.780001
2026-07-17,23.590000
2026-07-20,23.940001
2026-07-21,23.620001
2026-07-22,24.280001
2026-07-23,24.200001
2026-07-24,23.700001
2026-07-27,23.730000
2026-07-28,24.040001
2026-07-29,24.370001
2026-07-30,24.940001
2026-07-31,24.680000
2026-08-03,24.559999
2026-08-04,24.270000
2026-08-05,24.080000
2026-08-06,23.930000
2026-08-07,23.860001
2026-08-10,23.920000
2026-08-11,23.500000
2026-08-12,23.650000
2026-08-13,23.410000
2026-08-14,23.120001
2026-08-17,23.070000
2026-08-18,23.000000
2026-08-19,22.950001
2026-08-20,23.270000
2026-08-21,22.920000
2026-08-24,23.170000
2026-08-25,23.379999
2026-08-26,23.580000
2026-08-27,23.459999
2026-08-28,23.650000
2026-08-31,23.330000
2026-09-01,23.469999
2026-09-02,23.350000
2026-09-03,23.650000
2026-09-04,23.870001
2026-09-07,23.850000
2026-09-08,23.850000
2026-09-09,23.780001
2026-09-10,23.520000
2026-09-11,23.280001
2026-09-14,23.090000
