date,close
2004-01-01,2.768657
2004-01-02,2.748550
2004-01-05,3.024009
2004-01-06,3.050146
2004-01-07,3.015965
2004-01-08,3.070253
2004-01-09,3.110466
2004-01-12,3.273328
2004-01-13,3.277350
2004-01-14,3.190893
2004-01-15,3.140625
2004-01-16,3.110466
2004-01-19,3.110466
2004-01-20,3.110466
2004-01-21,3.110466
2004-01-22,3.110466
2004-01-23,3.110466
2004-01-26,3.110466
2004-01-27,3.110466
2004-01-28,3.110466
2004-01-29,3.082317
2004-01-30,2.945593
2004-02-02,3.015965
2004-02-03,3.056178
2004-02-04,3.074275
2004-02-05,2.987817
2004-02-06,2.963689
2004-02-09,3.011945
2004-02-10,2.899348
2004-02-11,2.927497
2004-02-12,2.859135
2004-02-13,2.849082
2004-02-16,2.911412
2004-02-17,3.003901
2004-02-18,3.062210
2004-02-19,3.011945
2004-02-20,3.034061
2004-02-23,2.995859
2004-02-24,3.098402
2004-02-25,3.072263
2004-02-26,3.132583
2004-02-27,3.144647
2004-03-01,3.140625
2004-03-02,3.072263
2004-03-03,3.044115
2004-03-04,3.086338
2004-03-05,3.042104
2004-03-08,2.999880
2004-03-09,3.005912
2004-03-10,3.116498
2004-03-11,3.154700
2004-03-12,3.206977
2004-03-15,3.245179
2004-03-16,3.235126
2004-03-17,3.237137
2004-03-18,3.196923
2004-03-19,3.202955
2004-03-22,3.128562
2004-03-23,3.110466
2004-03-24,3.118508
2004-03-25,3.152690
2004-03-26,3.096392
2004-03-29,2.995859
2004-03-30,2.985806
2004-03-31,2.997870
2004-04-01,3.078295
2004-04-02,3.078295
2004-04-05,3.052157
2004-04-06,3.064221
2004-04-07,3.026019
2004-04-08,2.985806
2004-04-09,2.875221
2004-04-12,2.857124
2004-04-13,2.855115
2004-04-14,2.794795
2004-04-15,2.798816
2004-04-16,2.883264
2004-04-19,2.883264
2004-04-20,2.830986
2004-04-21,2.832997
2004-04-22,2.933529
2004-04-23,2.907391
2004-04-26,2.953635
2004-04-27,2.891306
2004-04-28,2.770667
2004-04-29,2.698284
2004-04-30,2.752571
2004-05-03,2.752571
2004-05-04,2.752571
2004-05-05,2.752571
2004-05-06,2.752571
2004-05-07,2.752571
2004-05-10,2.736486
2004-05-11,2.704315
2004-05-12,2.750560
2004-05-13,2.672146
2004-05-14,2.561561
2004-05-17,2.428858
2004-05-18,2.438911
2004-05-19,2.475102
2004-05-20,2.461029
2004-05-21,2.513305
2004-05-24,2.535422
2004-05-25,2.473092
2004-05-26,2.513305
2004-05-27,2.569603
2004-05-28,2.577645
2004-05-31,2.583678
2004-06-01,2.613837
2004-06-02,2.567592
2004-06-03,2.517327
2004-06-04,2.549496
2004-06-07,2.503251
2004-06-08,2.467060
2004-06-09,2.496685
2004-06-10,2.512621
2004-06-11,2.515277
2004-06-14,2.470125
2004-06-15,2.456845
2004-06-16,2.427627
2004-06-17,2.185927
2004-06-18,2.175303
2004-06-21,2.188584
2004-06-22,2.247016
2004-06-23,2.236392
2004-06-24,2.225769
2004-06-25,2.180615
2004-06-28,2.209832
2004-06-29,2.270921
2004-06-30,2.262953
2004-07-01,2.308105
2004-07-02,2.300137
2004-07-05,2.252329
2004-07-06,2.247016
2004-07-07,2.297482
2004-07-08,2.292169
2004-07-09,2.284201
2004-07-12,2.270921
2004-07-13,2.276232
2004-07-14,2.207176
2004-07-15,2.063750
2004-07-16,2.124839
2004-07-19,2.100934
2004-07-20,2.026564
2004-07-21,2.090310
2004-07-22,2.018596
2004-07-23,2.034533
2004-07-26,2.002661
2004-07-27,2.031876
2004-07-28,2.087654
2004-07-29,2.106246
2004-07-30,2.071717
2004-08-02,2.069061
2004-08-03,2.069061
2004-08-04,2.148743
2004-08-05,2.124839
2004-08-06,2.106246
2004-08-09,2.172648
2004-08-10,2.185927
2004-08-11,2.180615
2004-08-12,2.151399
2004-08-13,2.135463
2004-08-16,2.140774
2004-08-17,2.201864
2004-08-18,2.225769
2004-08-19,2.236392
2004-08-20,2.260297
2004-08-23,2.231080
2004-08-24,2.209832
2004-08-25,2.193896
2004-08-26,2.188584
2004-08-27,2.204520
2004-08-30,2.130150
2004-08-31,2.156711
2004-09-01,2.098278
2004-09-02,2.095622
2004-09-03,2.092966
2004-09-06,2.074373
2004-09-07,2.077029
2004-09-08,2.063750
2004-09-09,1.992036
2004-09-10,2.002661
2004-09-13,1.938914
2004-09-14,1.954851
2004-09-15,2.029221
2004-09-16,2.069061
2004-09-17,2.143431
2004-09-20,2.254985
2004-09-21,2.207176
2004-09-22,2.119526
2004-09-23,2.164679
2004-09-24,2.185927
2004-09-27,2.185927
2004-09-28,2.201864
2004-09-29,2.143431
2004-09-30,2.077029
2004-10-01,2.077029
2004-10-04,2.077029
2004-10-05,2.077029
2004-10-06,2.077029
2004-10-07,2.077029
2004-10-08,2.066405
2004-10-11,1.970788
2004-10-12,1.909698
2004-10-13,1.779552
2004-10-14,1.750336
2004-10-15,1.699871
2004-10-18,1.734399
2004-10-19,1.747679
2004-10-20,1.673310
2004-10-21,1.678622
2004-10-22,1.710495
2004-10-25,1.577693
2004-10-26,1.609565
2004-10-27,1.620189
2004-10-28,1.620189
2004-10-29,1.540508
2004-11-01,1.567068
2004-11-02,1.553788
2004-11-03,1.580349
2004-11-04,1.516603
2004-11-05,1.524571
2004-11-08,1.500667
2004-11-09,1.519260
2004-11-10,1.590972
2004-11-11,1.588317
2004-11-12,1.553788
2004-11-15,1.617533
2004-11-16,1.601597
2004-11-17,1.567068
2004-11-18,1.569724
2004-11-19,1.583004
2004-11-22,1.577693
2004-11-23,1.548476
2004-11-24,1.519260
2004-11-25,1.516603
2004-11-26,1.527228
2004-11-29,1.498011
2004-11-30,1.498011
2004-12-01,1.463482
2004-12-02,1.447546
2004-12-03,1.460826
2004-12-06,1.490043
2004-12-07,1.482074
2004-12-08,1.471451
2004-12-09,1.521915
2004-12-10,1.508635
2004-12-13,1.521915
2004-12-14,1.500667
2004-12-15,1.500667
2004-12-16,1.463482
2004-12-17,1.444890
2004-12-20,1.354585
2004-12-21,1.333336
2004-12-22,1.383801
2004-12-23,1.338648
2004-12-24,1.341304
2004-12-27,1.341304
2004-12-28,1.349272
2004-12-29,1.333336
2004-12-30,1.306776
2004-12-31,1.261623
2005-01-03,1.261623
2005-01-04,1.221782
2005-01-05,1.235062
2005-01-06,1.224438
2005-01-07,1.269591
2005-01-10,1.280215
2005-01-11,1.264279
2005-01-12,1.258967
2005-01-13,1.256310
2005-01-14,1.288183
2005-01-17,1.261623
2005-01-18,1.309432
2005-01-19,1.330680
2005-01-20,1.357240
2005-01-21,1.405049
2005-01-24,1.420985
2005-01-25,1.482074
2005-01-26,1.460826
2005-01-27,1.354585
2005-01-28,1.351928
2005-01-31,1.349272
2005-02-01,1.365209
2005-02-02,1.500667
2005-02-03,1.500667
2005-02-04,1.548476
2005-02-07,1.548476
2005-02-08,1.548476
2005-02-09,1.548476
2005-02-10,1.548476
2005-02-11,1.548476
2005-02-14,1.548476
2005-02-15,1.548476
2005-02-16,1.511291
2005-02-17,1.487387
2005-02-18,1.474107
2005-02-21,1.505979
2005-02-22,1.527228
2005-02-23,1.487387
2005-02-24,1.495355
2005-02-25,1.476763
2005-02-28,1.458170
2005-03-01,1.434266
2005-03-02,1.413017
2005-03-03,1.405049
2005-03-04,1.383801
2005-03-07,1.354585
2005-03-08,1.386457
2005-03-09,1.413017
2005-03-10,1.367864
2005-03-11,1.357240
2005-03-14,1.322712
2005-03-15,1.290839
2005-03-16,1.298808
2005-03-17,1.248343
2005-03-18,1.229750
2005-03-21,1.237719
2005-03-22,1.181941
2005-03-23,1.189909
2005-03-24,1.216470
2005-03-25,1.195221
2005-03-28,1.195221
2005-03-29,1.187253
2005-03-30,1.144757
2005-03-31,1.147413
2005-04-01,1.163349
2005-04-04,1.094292
2005-04-05,1.075699
2005-04-06,1.096948
2005-04-07,1.150068
2005-04-08,1.168661
2005-04-11,1.142101
2005-04-12,1.096948
2005-04-13,1.163349
2005-04-14,1.166005
2005-04-15,1.128820
2005-04-18,1.112884
2005-04-19,1.120852
2005-04-20,1.091636
2005-04-21,1.073043
2005-04-22,1.081011
2005-04-25,1.073043
2005-04-26,1.091636
2005-04-27,1.094292
2005-04-28,1.094292
2005-04-29,1.088979
2005-05-02,1.088979
2005-05-03,1.088979
2005-05-04,1.088979
2005-05-05,1.088979
2005-05-06,1.088979
2005-05-09,1.065075
2005-05-10,1.091636
2005-05-11,1.075699
2005-05-12,1.088979
2005-05-13,1.104915
2005-05-16,1.104915
2005-05-17,1.126164
2005-05-18,1.126164
2005-05-19,1.134132
2005-05-20,1.096948
2005-05-23,1.086324
2005-05-24,1.112884
2005-05-25,1.126164
2005-05-26,1.107572
2005-05-27,1.110228
2005-05-30,1.126164
2005-05-31,1.139444
2005-06-01,1.118196
2005-06-02,1.120852
2005-06-03,1.086324
2005-06-06,1.088979
2005-06-07,1.088979
2005-06-08,1.179285
2005-06-09,1.205845
2005-06-10,1.189909
2005-06-13,1.269591
2005-06-14,1.245686
2005-06-15,1.192565
2005-06-16,1.208502
2005-06-17,1.195221
2005-06-20,1.245686
2005-06-21,1.250999
2005-06-22,1.248194
2005-06-23,1.234169
2005-06-24,1.234169
2005-06-27,1.304292
2005-06-28,1.281852
2005-06-29,1.273438
2005-06-30,1.206120
2005-07-01,1.211729
2005-07-04,1.192095
2005-07-05,1.211729
2005-07-06,1.206120
2005-07-07,1.228559
2005-07-08,1.256608
2005-07-11,1.231364
2005-07-12,1.301487
2005-07-13,1.307097
2005-07-14,1.301487
2005-07-15,1.318317
2005-07-18,1.335146
2005-07-19,1.293072
2005-07-20,1.318317
2005-07-21,1.304292
2005-07-22,1.329536
2005-07-25,1.293072
2005-07-26,1.323927
2005-07-27,1.399660
2005-07-28,1.402465
2005-07-29,1.391245
2005-08-01,1.399660
2005-08-02,1.433318
2005-08-03,1.422099
2005-08-04,1.405270
2005-08-05,1.452953
2005-08-08,1.483808
2005-08-09,1.452953
2005-08-10,1.427709
2005-08-11,1.402465
2005-08-12,1.455759
2005-08-15,1.455759
2005-08-16,1.424904
2005-08-17,1.422099
2005-08-18,1.424904
2005-08-19,1.472588
2005-08-22,1.464173
2005-08-23,1.444538
2005-08-24,1.469783
2005-08-25,1.461368
2005-08-26,1.452953
2005-08-29,1.382831
2005-08-30,1.346366
2005-08-31,1.363196
2005-09-01,1.385635
2005-09-02,1.408075
2005-09-05,1.396855
2005-09-06,1.357586
2005-09-07,1.410879
2005-09-08,1.458563
2005-09-09,1.455759
2005-09-12,1.455759
2005-09-13,1.455759
2005-09-14,1.455759
2005-09-15,1.455759
2005-09-16,1.455759
2005-09-19,1.455759
2005-09-20,1.455759
2005-09-21,1.464173
2005-09-22,1.458563
2005-09-23,1.452953
2005-09-26,1.438928
2005-09-27,1.441733
2005-09-28,1.444538
2005-09-29,1.447343
2005-09-30,1.447343
2005-10-03,1.447343
2005-10-04,1.447343
2005-10-05,1.447343
2005-10-06,1.447343
2005-10-07,1.447343
2005-10-10,1.447343
2005-10-11,1.447343
2005-10-12,1.447343
2005-10-13,1.447343
2005-10-14,1.447343
2005-10-17,1.447343
2005-10-18,1.447343
2005-10-19,1.447343
2005-10-20,1.447343
2005-10-21,1.447343
2005-10-24,1.296719
2005-10-25,1.386925
2005-10-26,1.390684
2005-10-27,1.259133
2005-10-28,1.198995
2005-10-31,1.198995
2005-11-01,1.176443
2005-11-02,1.195236
2005-11-03,1.176443
2005-11-04,1.187719
2005-11-07,1.198995
2005-11-08,1.210271
2005-11-09,1.195236
2005-11-10,1.180202
2005-11-11,1.146374
2005-11-14,1.120064
2005-11-15,1.123823
2005-11-16,1.131340
2005-11-17,1.127582
2005-11-18,1.180202
2005-11-21,1.187719
2005-11-22,1.157650
2005-11-23,1.165168
2005-11-24,1.172685
2005-11-25,1.187719
2005-11-28,1.176443
2005-11-29,1.153892
2005-11-30,1.153892
2005-12-01,1.157650
2005-12-02,1.172685
2005-12-05,1.150133
2005-12-06,1.165168
2005-12-07,1.187719
2005-12-08,1.176443
2005-12-09,1.198995
2005-12-12,1.202754
2005-12-13,1.214029
2005-12-14,1.236581
2005-12-15,1.232822
2005-12-16,1.262891
2005-12-19,1.255374
2005-12-20,1.236581
2005-12-21,1.225305
2005-12-22,1.229064
2005-12-23,1.240340
2005-12-26,1.251616
2005-12-27,1.247857
2005-12-28,1.232822
2005-12-29,1.247857
2005-12-30,1.244098
2006-01-04,1.240340
2006-01-05,1.285443
2006-01-06,1.285443
2006-01-09,1.304235
2006-01-10,1.307995
2006-01-11,1.326788
2006-01-12,1.326788
2006-01-13,1.304235
2006-01-16,1.292960
2006-01-17,1.292960
2006-01-18,1.323029
2006-01-19,1.326788
2006-01-20,1.292960
2006-01-23,1.277926
2006-01-24,1.307995
2006-01-25,1.386925
2006-02-06,1.405719
2006-02-07,1.432029
2006-02-08,1.439545
2006-02-09,1.413235
2006-02-10,1.409477
2006-02-13,1.394443
2006-02-14,1.379408
2006-02-15,1.371891
2006-02-16,1.315512
2006-02-17,1.289202
2006-02-20,1.296719
2006-02-21,1.371891
2006-02-22,1.330546
2006-02-23,1.368133
2006-02-24,1.383167
2006-02-27,1.345581
2006-02-28,1.334305
2006-03-01,1.345581
2006-03-02,1.319270
2006-03-03,1.323029
2006-03-06,1.319270
2006-03-07,1.300477
2006-03-08,1.323029
2006-03-09,1.360615
2006-03-10,1.364373
2006-03-13,1.383167
2006-03-14,1.364373
2006-03-15,1.368133
2006-03-16,1.353098
2006-03-17,1.386925
2006-03-20,1.394443
2006-03-21,1.368133
2006-03-22,1.368133
2006-03-23,1.368133
2006-03-24,1.341822
2006-03-27,1.326788
2006-03-28,1.323029
2006-03-29,1.334305
2006-03-30,1.307995
2006-03-31,1.311753
2006-04-03,1.330546
2006-04-04,1.323029
2006-04-05,1.338063
2006-04-06,1.345581
2006-04-07,1.315512
2006-04-10,1.371891
2006-04-11,1.398201
2006-04-12,1.368133
2006-04-13,1.349339
2006-04-14,1.379408
2006-04-17,1.386925
2006-04-18,1.383167
2006-04-19,1.360615
2006-04-20,1.323029
2006-04-21,1.330546
2006-04-24,1.292960
2006-04-25,1.292960
2006-04-26,1.364373
2006-04-27,1.338063
2006-04-28,1.334305
2006-05-08,1.364373
2006-05-09,1.428270
2006-05-10,1.525994
2006-05-11,1.458339
2006-05-12,1.604925
2006-05-15,1.766544
2006-05-16,1.789096
2006-05-17,1.876369
2006-05-18,1.793063
2006-05-19,1.793063
2006-05-22,1.816865
2006-05-23,1.670088
2006-05-24,1.598683
2006-05-25,1.634385
2006-05-26,1.666121
2006-05-29,1.733559
2006-05-30,1.745460
2006-05-31,1.920006
2006-06-01,2.110419
2006-06-02,2.249263
2006-06-05,2.138188
2006-06-06,2.352404
2006-06-07,2.201659
2006-06-08,2.348437
2006-06-09,2.312734
2006-06-12,2.169924
2006-06-13,2.288932
2006-06-14,2.245296
2006-06-15,2.245296
2006-06-16,2.312734
2006-06-19,2.360338
2006-06-20,2.360338
2006-06-21,2.292899
2006-06-22,2.245296
2006-06-23,2.300833
2006-06-26,2.471412
2006-06-27,2.439677
2006-06-28,2.384139
2006-06-29,2.384139
2006-06-30,2.324636
2006-07-03,2.324636
2006-07-04,2.273065
2006-07-05,2.261164
2006-07-06,2.312734
2006-07-07,2.265131
2006-07-10,2.241329
2006-07-11,2.241329
2006-07-12,2.467445
2006-07-13,2.566619
2006-07-14,2.574553
2006-07-17,2.578521
2006-07-18,2.483314
2006-07-19,2.435709
2006-07-20,2.423809
2006-07-21,2.396040
2006-07-24,2.380172
2006-07-25,2.403974
2006-07-26,2.407941
2006-07-27,2.427776
2006-07-28,2.431743
2006-07-31,2.265131
2006-08-01,2.193726
2006-08-02,2.181825
2006-08-03,2.189758
2006-08-04,1.983477
2006-08-07,1.896204
2006-08-08,1.927940
2006-08-09,1.943807
2006-08-10,1.999345
2006-08-11,1.971576
2006-08-14,1.860502
2006-08-15,1.904137
2006-08-16,2.003312
2006-08-17,1.979510
2006-08-18,1.955709
2006-08-21,1.943807
2006-08-22,1.955709
2006-08-23,1.963642
2006-08-24,1.963642
2006-08-25,2.011246
2006-08-28,2.094552
2006-08-29,2.213560
2006-08-30,2.165957
2006-08-31,2.126287
2006-09-01,2.078684
2006-09-04,2.118353
2006-09-05,2.090585
2006-09-06,2.161990
2006-09-07,2.106453
2006-09-08,2.086617
2006-09-11,2.106453
2006-09-12,2.138188
2006-09-13,2.066783
2006-09-14,2.039015
2006-09-15,2.138188
2006-09-18,2.138188
2006-09-19,2.142156
2006-09-20,2.106453
2006-09-21,2.098519
2006-09-22,2.050915
2006-09-25,2.015213
2006-09-26,1.943807
2006-09-27,1.987444
2006-09-28,2.027113
2006-09-29,2.066783
2006-10-09,2.066783
2006-10-10,2.015213
2006-10-11,2.007278
2006-10-12,2.082651
2006-10-13,2.062817
2006-10-16,2.046948
2006-10-17,2.054883
2006-10-18,2.062817
2006-10-19,2.094552
2006-10-20,2.086617
2006-10-23,2.074717
2006-10-24,2.134221
2006-10-25,2.106453
2006-10-26,2.086617
2006-10-27,2.050915
2006-10-30,2.086617
2006-10-31,2.130255
2006-11-01,2.241329
2006-11-02,2.245296
2006-11-03,2.233395
2006-11-06,2.364305
2006-11-07,2.340503
2006-11-08,2.245296
2006-11-09,2.300833
2006-11-10,2.348437
2006-11-13,2.296866
2006-11-14,2.249263
2006-11-15,2.292899
2006-11-16,2.257197
2006-11-17,2.332569
2006-11-20,2.451578
2006-11-21,2.511082
2006-11-22,2.435709
2006-11-23,2.443644
2006-11-24,2.459512
2006-11-27,2.499181
2006-11-28,2.427776
2006-11-29,2.443644
2006-11-30,2.594388
2006-12-01,2.614223
2006-12-04,2.713397
2006-12-05,2.709430
2006-12-06,2.661827
2006-12-07,2.788769
2006-12-08,2.641992
2006-12-11,2.832406
2006-12-12,2.844306
2006-12-13,3.129927
2006-12-14,3.189431
2006-12-15,3.284638
2006-12-18,3.248936
2006-12-19,3.248936
2006-12-20,3.316374
2006-12-21,3.201332
2006-12-22,3.201332
2006-12-25,3.209266
2006-12-26,3.181497
2006-12-27,3.137861
2006-12-28,3.066454
2006-12-29,3.241002
2007-01-04,3.340176
2007-01-05,3.598028
2007-01-08,3.732903
2007-01-09,3.788441
2007-01-10,3.840012
2007-01-11,3.657531
2007-01-12,3.439349
2007-01-15,3.784475
2007-01-16,3.816210
2007-01-17,3.776539
2007-01-18,3.883648
2007-01-19,4.272409
2007-01-22,4.367617
2007-01-23,4.204973
2007-01-24,4.232741
2007-01-25,3.978855
2007-01-26,4.085963
2007-01-29,4.085963
2007-01-30,3.966954
2007-01-31,3.756705
2007-02-01,3.732903
2007-02-02,3.574226
2007-02-05,3.574226
2007-02-06,3.732903
2007-02-07,3.728937
2007-02-08,3.947119
2007-02-09,3.891582
2007-02-12,3.986789
2007-02-13,4.022492
2007-02-14,4.204973
2007-02-15,4.625469
2007-02-16,5.089601
2007-02-26,5.283983
2007-02-27,4.756380
2007-02-28,5.204645
2007-03-01,5.283983
2007-03-02,5.367290
2007-03-05,5.549769
2007-03-06,5.351421
2007-03-07,5.391091
2007-03-08,5.303817
2007-03-09,5.018198
2007-03-12,5.014231
2007-03-13,5.034065
2007-03-14,5.018198
2007-03-15,5.149107
2007-03-16,4.831751
2007-03-19,4.930923
2007-03-20,4.966627
2007-03-21,5.188776
2007-03-22,5.077701
2007-03-23,5.057866
2007-03-26,5.283983
2007-03-27,5.383157
2007-03-28,5.220510
2007-03-29,5.061834
2007-03-30,4.911089
2007-04-02,5.141173
2007-04-03,5.228446
2007-04-04,5.498199
2007-04-05,5.438695
2007-04-06,5.629108
2007-04-09,5.660844
2007-04-10,5.688612
2007-04-11,5.581505
2007-04-12,5.621174
2007-04-13,5.597373
2007-04-16,5.656877
2007-04-17,5.954399
2007-04-18,5.787788
2007-04-19,5.327621
2007-04-20,5.589438
2007-04-23,5.756052
2007-04-24,5.732249
2007-04-25,5.621174
2007-04-26,5.756052
2007-04-27,5.617208
2007-04-30,5.704480
2007-05-03,5.704480
2007-05-04,5.704480
2007-05-08,6.267788
2007-05-09,6.359028
2007-05-10,6.307456
2007-05-11,6.101176
2007-05-14,6.255886
2007-05-15,5.875058
2007-05-16,5.946465
2007-05-17,6.037705
2007-05-18,6.113077
2007-05-21,6.184481
2007-05-22,6.291588
2007-05-23,6.533575
2007-05-24,6.243985
2007-05-25,6.140844
2007-05-28,6.243985
2007-05-29,6.533575
2007-05-30,5.906795
2007-05-31,6.029770
2007-06-01,6.232085
2007-06-04,5.609273
2007-06-05,5.799687
2007-06-06,5.676713
2007-06-07,5.882993
2007-06-08,5.819521
2007-06-11,5.910763
2007-06-12,6.501839
2007-06-13,6.573243
2007-06-14,6.485971
2007-06-15,6.739856
2007-06-18,7.132585
2007-06-19,7.160353
2007-06-20,7.227791
2007-06-21,7.227791
2007-06-22,7.326964
2007-06-25,7.116717
2007-06-26,7.231758
2007-06-27,7.517380
2007-06-28,7.061178
2007-06-29,6.850930
2007-07-02,6.743823
2007-07-03,6.878699
2007-07-04,7.088948
2007-07-05,6.946137
2007-07-06,7.255559
2007-07-09,7.981513
2007-07-10,7.727627
2007-07-11,8.128289
2007-07-12,7.993412
2007-07-13,7.941844
2007-07-16,7.878371
2007-07-17,7.953743
2007-07-18,8.096555
2007-07-19,7.981513
2007-07-20,8.318705
2007-07-23,8.763001
2007-07-24,8.679696
2007-07-25,9.096226
2007-07-26,9.120028
2007-07-27,9.457218
2007-07-30,9.512759
2007-07-31,9.481023
2007-08-01,9.080359
2007-08-02,9.437383
2007-08-03,9.834082
2007-08-06,9.945153
2007-08-07,9.699203
2007-08-08,9.707137
2007-08-09,9.723107
2007-08-10,9.723107
2007-08-13,9.259915
2007-08-14,9.407657
2007-08-15,9.483526
2007-08-16,9.215990
2007-08-17,9.259915
2007-08-20,10.026585
2007-08-21,9.918773
2007-08-22,9.962692
2007-08-23,9.866861
2007-08-24,10.010610
2007-08-27,10.038561
2007-08-28,9.818942
2007-08-29,9.519463
2007-08-30,9.743074
2007-08-31,9.814951
2007-09-03,10.318076
2007-09-04,9.958699
2007-09-05,9.798977
2007-09-06,10.058528
2007-09-07,10.948982
2007-09-10,11.300367
2007-09-11,11.008879
2007-09-12,11.208528
2007-09-13,11.492036
2007-09-14,11.955234
2007-09-17,11.955234
2007-09-18,11.951239
2007-09-19,11.500024
2007-09-20,11.567904
2007-09-21,11.232489
2007-09-24,10.988910
2007-09-25,11.575892
2007-09-26,11.172592
2007-09-27,11.420159
2007-09-28,11.795510
2007-10-08,11.627801
2007-10-09,11.480059
2007-10-10,11.831447
2007-10-11,11.691691
2007-10-12,12.294642
2007-10-15,12.981449
2007-10-16,12.534226
2007-10-17,12.083011
2007-10-18,11.795510
2007-10-19,11.504014
2007-10-22,10.801238
2007-10-23,11.176585
2007-10-24,10.861134
2007-10-25,10.062521
2007-10-26,10.030575
2007-10-29,10.222240
2007-10-30,10.413911
2007-10-31,10.489779
2007-11-01,9.894813
2007-11-02,9.267900
2007-11-05,9.423631
2007-11-06,9.479534
2007-11-07,9.403664
2007-11-08,8.752795
2007-11-09,8.764774
2007-11-12,8.581096
2007-11-13,8.752795
2007-11-14,9.132135
2007-11-15,9.156095
2007-11-16,9.156095
2007-11-19,9.511478
2007-11-20,9.471547
2007-11-21,9.455573
2007-11-22,8.848628
2007-11-23,9.271894
2007-11-26,9.219983
2007-11-27,9.343768
2007-11-28,9.395679
2007-11-29,9.719116
2007-11-30,9.575369
2007-12-03,9.575369
2007-12-04,9.515471
2007-12-05,9.914778
2007-12-06,10.002625
2007-12-07,10.150370
2007-12-10,10.469814
2007-12-11,10.437867
2007-12-12,10.286134
2007-12-13,9.771027
2007-12-14,10.142384
2007-12-17,10.262174
2007-12-18,9.922761
2007-12-19,9.922761
2007-12-20,10.218250
2007-12-21,10.409918
2007-12-24,10.501756
2007-12-25,10.785265
2007-12-26,10.785265
2007-12-27,10.801238
2007-12-28,10.497764
2008-01-02,10.653491
2008-01-03,10.849154
2008-01-04,10.765298
2008-01-07,10.821202
2008-01-08,10.917036
2008-01-09,10.940996
2008-01-10,11.276413
2008-01-11,11.060786
2008-01-14,10.933008
2008-01-15,10.749328
2008-01-16,10.334046
2008-01-17,10.637523
2008-01-18,10.377972
2008-01-21,9.483526
2008-01-22,8.537169
2008-01-23,8.848628
2008-01-24,8.868593
2008-01-25,9.299845
2008-01-28,8.457309
2008-01-29,8.469287
2008-01-30,8.489253
2008-01-31,8.229704
2008-02-01,7.758523
2008-02-04,8.533177
2008-02-05,8.593074
2008-02-13,8.417377
2008-02-14,8.668942
2008-02-15,8.393419
2008-02-18,8.597066
2008-02-19,8.776754
2008-02-20,8.625019
2008-02-21,8.425364
2008-02-22,8.425364
2008-02-25,7.582828
2008-02-26,7.423105
2008-02-27,7.526925
2008-02-28,7.411127
2008-02-29,7.530918
2008-03-03,7.646718
2008-03-04,7.423105
2008-03-05,7.247409
2008-03-06,7.578835
2008-03-07,7.383173
2008-03-10,7.075708
2008-03-11,6.836123
2008-03-12,6.436818
2008-03-13,6.153311
2008-03-14,6.237165
2008-03-17,5.997581
2008-03-18,5.574317
2008-03-19,5.761992
2008-03-20,5.933693
2008-03-21,6.137338
2008-03-24,5.797929
2008-03-25,5.941678
2008-03-26,5.897755
2008-03-27,5.542372
2008-03-28,5.841852
2008-03-31,5.482476
2008-04-01,5.039247
2008-04-02,5.095149
2008-04-03,5.330739
2008-04-07,5.841852
2008-04-08,6.021540
2008-04-09,5.674143
2008-04-10,5.841852
2008-04-11,5.905741
2008-04-14,5.386642
2008-04-15,5.506434
2008-04-16,5.506434
2008-04-17,5.194976
2008-04-18,4.983344
2008-04-21,5.095149
2008-04-22,5.258865
2008-04-23,5.506434
2008-04-24,6.057477
2008-04-25,6.073448
2008-04-28,6.025532
2008-04-29,5.957651
2008-04-30,6.285081
2008-05-05,6.488729
2008-05-06,6.249145
2008-05-07,5.865810
2008-05-08,5.957651
2008-05-09,5.785950
2008-05-12,5.825881
2008-05-13,5.614246
2008-05-14,5.857823
2008-05-15,5.893762
2008-05-16,5.781955
2008-05-19,5.650184
2008-05-20,5.234907
2008-05-21,5.314767
2008-05-22,5.111120
2008-05-23,5.143067
2008-05-26,4.863552
2008-05-27,4.927440
2008-05-28,5.067197
2008-05-29,4.855565
2008-05-30,4.927440
2008-06-02,5.067197
2008-06-03,5.011294
2008-06-04,4.947406
2008-06-05,4.959591
2008-06-06,4.947406
2008-06-10,4.451853
2008-06-11,4.151271
2008-06-12,4.049724
2008-06-13,3.887247
2008-06-16,3.834442
2008-06-17,3.834442
2008-06-18,3.944114
2008-06-19,3.550108
2008-06-20,3.387632
2008-06-23,3.245466
2008-06-24,3.298270
2008-06-25,3.566356
2008-06-26,3.623223
2008-06-27,3.269837
2008-06-30,3.188599
2008-07-01,3.095176
2008-07-02,3.164227
2008-07-03,3.249528
2008-07-04,3.156103
2008-07-07,3.383571
2008-07-08,3.407943
2008-07-09,3.590728
2008-07-10,3.493241
2008-07-11,3.497304
2008-07-14,3.513551
2008-07-15,3.347013
2008-07-16,3.172351
2008-07-17,3.111423
2008-07-18,3.257650
2008-07-21,3.395756
2008-07-22,3.444499
2008-07-23,3.420128
2008-07-24,3.501365
2008-07-25,3.420128
2008-07-28,3.481056
2008-07-29,3.464809
2008-07-30,3.436375
2008-07-31,3.277961
2008-08-01,3.347013
2008-08-04,3.261714
2008-08-05,3.241403
2008-08-06,3.233280
2008-08-07,3.233280
2008-08-08,2.944884
2008-08-11,2.701170
2008-08-12,2.733665
2008-08-13,2.733665
2008-08-14,2.749913
2008-08-15,2.737726
2008-08-18,2.522446
2008-08-19,2.538694
2008-08-20,2.729602
2008-08-21,2.607745
2008-08-22,2.640241
2008-08-25,2.615870
2008-08-26,2.473703
2008-08-27,2.485888
2008-08-28,2.518384
2008-08-29,2.619931
2008-09-01,2.502136
2008-09-02,2.530569
2008-09-03,2.554941
2008-09-04,2.554941
2008-09-05,2.461517
2008-09-08,2.412774
2008-09-09,2.457455
2008-09-10,2.559003
2008-09-11,2.599622
2008-09-12,2.591498
2008-09-16,2.494012
2008-09-17,2.408712
2008-09-18,2.270607
2008-09-19,2.498074
2008-09-22,2.644303
2008-09-23,2.510260
2008-09-24,2.559003
2008-09-25,2.713355
2008-09-26,2.770222
2008-10-06,2.615870
2008-10-07,2.628055
2008-10-08,2.498074
2008-10-09,2.457455
2008-10-10,2.311226
2008-10-13,2.388402
2008-10-14,2.339660
2008-10-15,2.311226
2008-10-16,2.258422
2008-10-17,2.303102
2008-10-20,2.368093
2008-10-21,2.307164
2008-10-22,2.258422
2008-10-23,2.278731
2008-10-24,2.205617
2008-10-27,2.039078
2008-10-28,2.095944
2008-10-29,2.039078
2008-10-30,2.059388
2008-10-31,2.006583
2008-11-03,1.994398
2008-11-04,1.970026
2008-11-05,2.022831
2008-11-06,1.990335
2008-11-07,2.043140
2008-11-10,2.238112
2008-11-11,2.181245
2008-11-12,2.189369
2008-11-13,2.258422
2008-11-14,2.355907
2008-11-17,2.587436
2008-11-18,2.327474
2008-11-19,2.489950
2008-11-20,2.400588
2008-11-21,2.307164
2008-11-24,2.238112
2008-11-25,2.217802
2008-11-26,2.250298
2008-11-27,2.388402
2008-11-28,2.343721
2008-12-01,2.376217
2008-12-02,2.424960
2008-12-03,2.502136
2008-12-04,2.587436
2008-12-05,2.607745
2008-12-08,2.701170
2008-12-09,2.571188
2008-12-10,2.640241
2008-12-11,2.583374
2008-12-12,2.461517
2008-12-15,2.465578
2008-12-16,2.514322
2008-12-17,2.530569
2008-12-18,2.563065
2008-12-19,2.559003
2008-12-22,2.485888
2008-12-23,2.307164
2008-12-24,2.311226
2008-12-25,2.270607
2008-12-26,2.209679
2008-12-29,2.173121
2008-12-30,2.164997
2008-12-31,2.177183
2009-01-05,2.262483
2009-01-06,2.392465
2009-01-07,2.396526
2009-01-08,2.294978
2009-01-09,2.368093
2009-01-12,2.400588
2009-01-13,2.437145
2009-01-14,2.469640
2009-01-15,2.429021
2009-01-16,2.437145
2009-01-19,2.441207
2009-01-20,2.412774
2009-01-21,2.404650
2009-01-22,2.400588
2009-01-23,2.550879
2009-02-02,2.758036
2009-02-03,2.774284
2009-02-04,2.883955
2009-02-05,2.912389
2009-02-06,3.054555
2009-02-09,3.066741
2009-02-10,3.062680
2009-02-11,3.058617
2009-02-12,3.363261
2009-02-13,3.659780
2009-02-16,3.611037
2009-02-17,3.387632
2009-02-18,3.261714
2009-02-19,3.294209
2009-02-20,3.464809
2009-02-23,3.590728
2009-02-24,3.586666
2009-02-25,3.615099
2009-02-26,3.290147
2009-02-27,2.981441
2009-03-02,3.184537
2009-03-03,3.456684
2009-03-04,3.639471
2009-03-05,3.606976
2009-03-06,3.931928
2009-03-09,3.712585
2009-03-10,3.720708
2009-03-11,3.546046
2009-03-12,3.606976
2009-03-13,3.598851
2009-03-16,3.696338
2009-03-17,3.915681
2009-03-18,3.931928
2009-03-19,4.013166
2009-03-20,3.875062
2009-03-23,4.082220
2009-03-24,4.078157
2009-03-25,3.903495
2009-03-26,3.988795
2009-03-27,3.903495
2009-03-30,3.875062
2009-03-31,3.996918
2009-04-01,3.980671
2009-04-02,3.996918
2009-04-03,4.118776
2009-04-07,4.009105
2009-04-08,3.810071
2009-04-09,3.850690
2009-04-10,3.923805
2009-04-13,3.960361
2009-04-14,4.293439
2009-04-15,4.281253
2009-04-16,4.317811
2009-04-17,4.427481
2009-04-20,4.565587
2009-04-21,4.423419
2009-04-22,4.305624
2009-04-23,4.447790
2009-04-24,4.529030
2009-04-27,4.293439
2009-04-28,4.346243
2009-04-29,4.659009
2009-04-30,4.979901
2009-05-04,5.085510
2009-05-05,5.231739
2009-05-06,5.735415
2009-05-07,5.678549
2009-05-08,5.577001
2009-05-11,5.451082
2009-05-12,5.995378
2009-05-13,5.975068
2009-05-14,6.088802
2009-05-15,6.092864
2009-05-18,6.157855
2009-05-19,6.048183
2009-05-20,5.966946
2009-05-21,5.767910
2009-05-22,5.836965
2009-05-25,5.800407
2009-05-26,5.739478
2009-05-27,5.930387
2009-06-01,6.117235
2009-06-02,6.141607
2009-06-03,6.125360
2009-06-04,5.946636
2009-06-05,5.723230
2009-06-08,5.597312
2009-06-09,5.597312
2009-06-10,5.743539
2009-06-11,5.625744
2009-06-12,5.585126
2009-06-15,5.670425
2009-06-16,5.629806
2009-06-17,5.804468
2009-06-18,5.763850
2009-06-19,5.763850
2009-06-22,5.754083
2009-06-23,5.912788
2009-06-24,6.340071
2009-06-25,6.344141
2009-06-26,6.270892
2009-06-29,6.344141
2009-06-30,6.083701
2009-07-01,6.128465
2009-07-02,6.230200
2009-07-03,6.510985
2009-07-06,6.665621
2009-07-07,6.995239
2009-07-08,7.117322
2009-07-09,7.731796
2009-07-10,7.650407
2009-07-13,7.540533
2009-07-14,7.715517
2009-07-15,7.955610
2009-07-16,7.719586
2009-07-17,7.556810
2009-07-20,7.752142
2009-07-21,7.451008
2009-07-22,7.577158
2009-07-23,7.711447
2009-07-24,7.634131
2009-07-27,7.687032
2009-07-28,7.638201
2009-07-29,7.658546
2009-07-30,7.813181
2009-07-31,7.890500
2009-08-03,7.748072
2009-08-04,7.699239
2009-08-05,7.687032
2009-08-06,7.442868
2009-08-07,7.027794
2009-08-10,7.011516
2009-08-11,7.166152
2009-08-12,6.893505
2009-08-13,7.035933
2009-08-14,7.105112
2009-08-17,6.510985
2009-08-18,6.454013
2009-08-19,6.006383
2009-08-20,6.421458
2009-08-21,6.620857
2009-08-24,6.897574
2009-08-25,6.995239
2009-08-26,7.593437
2009-08-27,7.438799
2009-08-28,7.276026
2009-08-31,6.698176
2009-09-01,6.877228
2009-09-02,7.072557
2009-09-03,7.548673
2009-09-04,7.882361
2009-09-07,7.764349
2009-09-08,8.199771
2009-09-09,8.289298
2009-09-10,7.939333
2009-09-11,8.004442
2009-09-14,8.130591
2009-09-15,8.142801
2009-09-16,7.984095
2009-09-17,8.138731
2009-09-18,8.000372
2009-09-21,8.472419
2009-09-22,8.610777
2009-09-23,8.260812
2009-09-24,8.041067
2009-09-25,7.882361
2009-09-28,7.650407
2009-09-29,7.788765
2009-09-30,8.036997
2009-10-09,8.305576
2009-10-12,8.391030
2009-10-13,8.610777
2009-10-14,8.415447
2009-10-15,8.631124
2009-10-16,8.561943
2009-10-19,8.871217
2009-10-20,8.952605
2009-10-21,8.631124
2009-10-22,8.480559
2009-10-23,8.635193
2009-10-26,8.907842
2009-10-27,8.834593
2009-10-28,8.952605
2009-10-29,9.095030
2009-10-30,9.449066
2009-11-02,10.043193
2009-11-03,9.929251
2009-11-04,9.807172
2009-11-05,10.026915
2009-11-06,10.067611
2009-11-09,10.140860
2009-11-10,10.283286
2009-11-11,10.258871
2009-11-12,10.136787
2009-11-13,10.210038
2009-11-16,10.637320
2009-11-17,10.413507
2009-11-18,10.393159
2009-11-19,10.238525
2009-11-20,10.181552
2009-11-23,10.372813
2009-11-24,9.900766
2009-11-25,10.189690
2009-11-26,9.652534
2009-11-27,9.603703
2009-11-30,10.323979
2009-12-01,10.393159
2009-12-02,10.389088
2009-12-03,10.389088
2009-12-04,10.389088
2009-12-07,10.454201
2009-12-08,10.482682
2009-12-09,10.551865
2009-12-10,10.507101
2009-12-11,10.344328
2009-12-14,10.389088
2009-12-15,10.592557
2009-12-16,10.519311
2009-12-17,10.299564
2009-12-18,10.246663
2009-12-21,10.364672
2009-12-22,10.364672
2009-12-23,10.539656
2009-12-24,10.983216
2009-12-25,10.946592
2009-12-28,10.909967
2009-12-29,10.848927
2009-12-30,10.828581
2009-12-31,10.633252
2010-01-04,10.971009
2010-01-05,10.437922
2010-01-06,10.271078
2010-01-07,9.815310
2010-01-08,9.326986
2010-01-11,9.107240
2010-01-12,9.424650
2010-01-13,9.168282
2010-01-14,9.261875
2010-01-15,9.396164
2010-01-18,9.274084
2010-01-19,9.168282
2010-01-20,8.749135
2010-01-21,8.635193
2010-01-22,8.806106
2010-01-25,8.671818
2010-01-26,8.692165
2010-01-27,8.448003
2010-01-28,8.386962
2010-01-29,8.191633
2010-02-01,7.914916
2010-02-02,8.065482
2010-02-03,8.329991
2010-02-04,8.325920
2010-02-05,8.199771
2010-02-08,8.191633
2010-02-09,8.134662
2010-02-10,8.411378
2010-02-11,8.590429
2010-02-12,8.631124
2010-02-22,8.407308
2010-02-23,8.647401
2010-02-24,8.663679
2010-02-25,8.736929
2010-02-26,8.952605
2010-03-01,8.952605
2010-03-02,8.875286
2010-03-03,8.944465
2010-03-04,8.867147
2010-03-05,8.936325
2010-03-08,8.948535
2010-03-09,8.932258
2010-03-10,8.598569
2010-03-11,8.346268
2010-03-12,8.305576
2010-03-15,8.146870
2010-03-16,8.106174
2010-03-17,8.325920
2010-03-18,8.228257
2010-03-19,8.293365
2010-03-22,8.289298
2010-03-23,8.142801
2010-03-24,8.171287
2010-03-25,7.971886
2010-03-26,8.028857
2010-03-29,8.321852
2010-03-30,8.423586
2010-03-31,8.329991
2010-04-01,8.586360
2010-04-02,8.602638
2010-04-06,8.610777
2010-04-07,8.464281
2010-04-08,8.216049
2010-04-09,8.317781
2010-04-12,8.183493
2010-04-13,8.228257
2010-04-14,8.354408
2010-04-15,8.252672
2010-04-16,8.199771
2010-04-19,7.768417
2010-04-20,7.524257
2010-04-21,7.731796
2010-04-22,7.638201
2010-04-23,7.398107
2010-04-26,7.585298
2010-04-27,7.564950
2010-04-28,7.784696
2010-04-29,7.703310
2010-04-30,7.670754
2010-05-04,7.491701
2010-05-05,7.483563
2010-05-06,7.267886
2010-05-07,7.072557
2010-05-10,7.060349
2010-05-11,6.869088
2010-05-12,6.856881
2010-05-13,7.223125
2010-05-14,7.084764
2010-05-17,6.596442
2010-05-18,6.747007
2010-05-19,6.742939
2010-05-20,6.633066
2010-05-21,6.848742
2010-05-24,7.105112
2010-05-25,7.105112
2010-05-26,7.007447
2010-05-27,7.023726
2010-05-28,7.027794
2010-05-31,6.763285
2010-06-01,6.604580
2010-06-02,6.718523
2010-06-03,6.677829
2010-06-04,6.702245
2010-06-07,6.515054
2010-06-08,6.585675
2010-06-09,6.649357
2010-06-10,6.559142
2010-06-11,6.580369
2010-06-15,6.580369
2010-06-17,6.649357
2010-06-18,6.394631
2010-06-21,6.394631
2010-06-22,6.394631
2010-06-23,6.394631
2010-06-24,6.394631
2010-06-25,6.506074
2010-06-28,6.649357
2010-06-29,6.484846
2010-06-30,6.511381
2010-07-01,6.606901
2010-07-02,6.575062
2010-07-05,6.532608
2010-07-06,6.601595
2010-07-07,6.675890
2010-07-08,6.925307
2010-07-09,7.132270
2010-07-12,7.238405
2010-07-13,7.233099
2010-07-14,7.307395
2010-07-15,7.339233
2010-07-16,7.339233
2010-07-19,7.556809
2010-07-20,7.620492
2010-07-21,7.848680
2010-07-22,7.859295
2010-07-23,7.742547
2010-07-26,7.742547
2010-07-27,7.673558
2010-07-28,7.885828
2010-07-29,8.129940
2010-07-30,8.135245
2010-08-02,8.283834
2010-08-03,7.997271
2010-08-04,8.039725
2010-08-05,8.098100
2010-08-06,8.161778
2010-08-09,8.098100
2010-08-10,7.954816
2010-08-11,8.007883
2010-08-12,7.891136
2010-08-13,7.976043
2010-08-16,8.129940
2010-08-17,8.220156
2010-08-18,8.554480
2010-08-19,8.644695
2010-08-20,8.522638
2010-08-23,8.538558
2010-08-24,8.501412
2010-08-25,8.283834
2010-08-26,8.262609
2010-08-27,8.405890
2010-08-30,8.687148
2010-08-31,8.708375
2010-09-01,8.527945
2010-09-02,9.286811
2010-09-03,9.387639
2010-09-06,9.233743
2010-09-07,9.377026
2010-09-08,9.552149
2010-09-09,9.249664
2010-09-10,9.297422
2010-09-13,9.270890
2010-09-14,9.339877
2010-09-15,9.016168
2010-09-16,8.814507
2010-09-17,8.803897
2010-09-20,8.989634
2010-09-21,9.233743
2010-09-27,9.334571
2010-09-28,9.005551
2010-09-29,8.777364
2010-09-30,8.941871
2010-10-08,9.016168
2010-10-11,9.143527
2010-10-12,10.056291
2010-10-13,10.528588
2010-10-14,10.422455
2010-10-15,10.581657
2010-10-18,9.955460
2010-10-19,10.953128
2010-10-20,11.255612
2010-10-21,11.101718
2010-10-22,11.584634
2010-10-25,11.674846
2010-10-26,11.674846
2010-10-27,11.096412
2010-10-28,10.682486
2010-10-29,10.624110
2010-11-01,10.905367
2010-11-02,10.778005
2010-11-03,10.581657
2010-11-04,10.852302
2010-11-05,10.714325
2010-11-08,11.138865
2010-11-09,10.762087
2010-11-10,10.454294
2010-11-11,10.438375
2010-11-12,9.541535
2010-11-15,9.706043
2010-11-16,9.101075
2010-11-17,9.106380
2010-11-18,9.552149
2010-11-19,9.663589
2010-11-22,9.440704
2010-11-23,9.196595
2010-11-24,9.461932
2010-11-25,9.509694
2010-11-26,9.334571
2010-11-29,9.170062
2010-11-30,9.085154
2010-12-01,8.979020
2010-12-02,8.957792
2010-12-03,8.809204
2010-12-06,8.692455
2010-12-07,8.841044
2010-12-08,8.766748
2010-12-09,8.485492
2010-12-10,8.400583
2010-12-13,9.143527
2010-12-14,9.132916
2010-12-15,8.936564
2010-12-16,8.692455
2010-12-17,8.671227
2010-12-20,8.623467
2010-12-21,8.697761
2010-12-22,8.628773
2010-12-23,8.490797
2010-12-24,8.294448
2010-12-27,8.039725
2010-12-28,7.747854
2010-12-29,7.832761
2010-12-30,7.647026
2010-12-31,7.790307
2011-01-04,7.970737
2011-01-05,8.071565
2011-01-06,7.970737
2011-01-07,8.198926
2011-01-10,8.023804
2011-01-11,7.960124
2011-01-12,8.214846
2011-01-13,8.257299
2011-01-14,8.342210
2011-01-17,8.347513
2011-01-18,8.326287
2011-01-19,8.363437
2011-01-20,7.960124
2011-01-21,8.506720
2011-01-24,8.458959
2011-01-25,8.581011
2011-01-26,8.628773
2011-01-27,8.872883
2011-01-28,9.196595
2011-01-31,9.223129
2011-02-01,8.994939
2011-02-09,8.862270
2011-02-10,9.748497
2011-02-11,9.790952
2011-02-14,9.790952
2011-02-15,9.790952
2011-02-16,9.790952
2011-02-17,9.790952
2011-02-18,9.790952
2011-02-21,9.790952
2011-02-22,9.790952
2011-02-23,9.790952
2011-02-24,9.790952
2011-02-25,9.790952
2011-02-28,9.790952
2011-03-01,9.790952
2011-03-02,9.790952
2011-03-03,9.790952
2011-03-04,9.790952
2011-03-07,9.790952
2011-03-08,9.790952
2011-03-09,9.790952
2011-03-10,9.790952
2011-03-11,9.790952
2011-03-14,9.790952
2011-03-15,9.790952
2011-03-16,9.790952
2011-03-17,9.790952
2011-03-18,9.790952
2011-03-21,9.790952
2011-03-22,9.790952
2011-03-23,9.790952
2011-03-24,9.790952
2011-03-25,9.790952
2011-03-28,9.790952
2011-03-29,9.790952
2011-03-30,9.790952
2011-03-31,9.790952
2011-04-01,9.790952
2011-04-06,9.806871
2011-04-07,9.759111
2011-04-08,10.560431
2011-04-11,10.464909
2011-04-12,10.326933
2011-04-13,10.082824
2011-04-14,10.135889
2011-04-15,9.812178
2011-04-18,9.748497
2011-04-19,9.408866
2011-04-20,9.605214
2011-04-21,9.716658
2011-04-22,9.589295
2011-04-25,9.599910
2011-04-26,9.652977
2011-04-27,9.446012
2011-04-28,9.419479
2011-04-29,9.668897
2011-05-03,9.621134
2011-05-04,9.079848
2011-05-05,9.005551
2011-05-06,9.074541
2011-05-09,9.090461
2011-05-10,9.053312
2011-05-11,8.814507
2011-05-12,8.787975
2011-05-13,8.793282
2011-05-16,8.819818
2011-05-17,8.936564
2011-05-18,8.973713
2011-05-19,8.899419
2011-05-20,8.782669
2011-05-23,8.496104
2011-05-24,8.591626
2011-05-25,8.586319
2011-05-26,8.469571
2011-05-27,8.469571
2011-05-30,8.602240
2011-05-31,8.782669
2011-06-01,8.989634
2011-06-02,9.016168
2011-06-03,9.254970
2011-06-07,9.207209
2011-06-08,9.424787
2011-06-09,9.217824
2011-06-10,9.058619
2011-06-13,8.968405
2011-06-14,9.398252
2011-06-15,9.308039
2011-06-16,9.101075
2011-06-17,8.782669
2011-06-20,8.941871
2011-06-21,9.488465
2011-06-22,9.509694
2011-06-23,9.780339
2011-06-24,10.066901
2011-06-27,10.024446
2011-06-28,9.913006
2011-06-29,9.923622
2011-06-30,9.944846
2011-07-01,9.987760
2011-07-04,10.298872
2011-07-05,10.390059
2011-07-06,10.266687
2011-07-07,9.955574
2011-07-08,9.821477
2011-07-11,10.003850
2011-07-12,9.735651
2011-07-13,9.832203
2011-07-14,9.912663
2011-07-15,9.832203
2011-07-18,9.864387
2011-07-19,9.671281
2011-07-20,9.537184
2011-07-21,9.660556
2011-07-22,9.655191
2011-07-25,9.338715
2011-07-26,9.370900
2011-07-27,9.252891
2011-07-28,9.113429
2011-07-29,9.113429
2011-08-01,9.113429
2011-08-02,9.113429
2011-08-03,9.097336
2011-08-04,9.145611
2011-08-05,8.850592
2011-08-08,8.668217
2011-08-09,8.796951
2011-08-10,8.866684
2011-08-11,8.882774
2011-08-12,8.823773
2011-08-15,8.888140
2011-08-16,8.807678
2011-08-17,8.721856
2011-08-18,8.432200
2011-08-19,8.174728
2011-08-22,8.206913
2011-08-23,8.249823
2011-08-24,8.174728
2011-08-25,8.571662
2011-08-26,8.566300
2011-08-29,8.335648
2011-08-30,8.276644
2011-08-31,8.287371
2011-09-01,8.217641
2011-09-02,8.260551
2011-09-05,8.255189
2011-09-06,7.911891
2011-09-07,8.196184
2011-09-08,8.121089
2011-09-09,7.981626
2011-09-13,7.992353
2011-09-14,8.110360
2011-09-15,8.298101
2011-09-16,8.383924
2011-09-19,8.367831
2011-09-20,8.389288
2011-09-21,8.834498
2011-09-22,8.459020
2011-09-23,8.244460
2011-09-26,8.249823
2011-09-27,8.630669
2011-09-28,8.485839
2011-09-29,8.630669
2011-09-30,8.571662
2011-10-10,8.142544
2011-10-11,8.040628
2011-10-12,8.400017
2011-10-13,8.528750
2011-10-14,8.544844
2011-10-17,8.582392
2011-10-18,8.255189
2011-10-19,8.131817
2011-10-20,8.088904
2011-10-21,8.045994
2011-10-24,8.244460
2011-10-25,8.437562
2011-10-26,8.662850
2011-10-27,8.662850
2011-10-28,8.839864
2011-10-31,8.764767
2011-11-01,8.673578
2011-11-02,8.813046
2011-11-03,8.947144
2011-11-04,8.920323
2011-11-07,8.523388
2011-11-08,8.437562
2011-11-09,8.566300
2011-11-10,8.303462
2011-11-11,8.308828
2011-11-14,8.523388
2011-11-15,8.367831
2011-11-16,8.121089
2011-11-17,8.062085
2011-11-18,8.045994
2011-11-21,8.121089
2011-11-22,7.949441
2011-11-23,7.724154
2011-11-24,7.584690
2011-11-25,7.557869
2011-11-28,7.488138
2011-11-29,7.606145
2011-11-30,7.257484
2011-12-01,7.439862
2011-12-02,7.150205
2011-12-05,6.967830
2011-12-06,6.973193
2011-12-07,7.150205
2011-12-08,7.289669
2011-12-09,7.203845
2011-12-12,7.026834
2011-12-13,6.812274
2011-12-14,6.849822
2011-12-15,6.935647
2011-12-16,7.337945
2011-12-19,7.364766
2011-12-20,7.423769
2011-12-21,7.316489
2011-12-22,7.327217
2011-12-23,7.525684
2011-12-26,7.514957
2011-12-27,7.209208
2011-12-28,7.150205
2011-12-29,7.445224
2011-12-30,7.584690
2012-01-04,7.595417
2012-01-05,7.718789
2012-01-06,7.616872
2012-01-09,7.992353
2012-01-10,8.180093
2012-01-11,8.099632
2012-01-12,8.201548
2012-01-13,7.879708
2012-01-16,7.718789
2012-01-17,8.223003
2012-01-18,8.158636
2012-01-19,8.292735
2012-01-20,8.324921
2012-01-30,8.303462
2012-01-31,8.094268
2012-02-01,8.008445
2012-02-02,8.164002
2012-02-03,8.260551
2012-02-06,8.180093
2012-02-07,8.164002
2012-02-08,8.362469
2012-02-09,8.308828
2012-02-10,8.287371
2012-02-13,8.453657
2012-02-14,8.324921
2012-02-15,8.223003
2012-02-16,8.099632
2012-02-17,8.024536
2012-02-20,8.099632
2012-02-21,8.196184
2012-02-22,8.528750
2012-02-23,8.544844
2012-02-24,8.587756
2012-02-27,8.560936
2012-02-28,8.566300
2012-02-29,8.459020
2012-03-01,8.485839
2012-03-02,8.786223
2012-03-05,8.582392
2012-03-06,8.603848
2012-03-07,8.630669
2012-03-08,8.695036
2012-03-09,8.695036
2012-03-12,8.518023
2012-03-13,8.485839
2012-03-14,8.164002
2012-03-15,7.944076
2012-03-16,8.126453
2012-03-19,7.997715
2012-03-20,7.697332
2012-03-21,7.745610
2012-03-22,7.788522
2012-03-23,7.638328
2012-03-26,7.568596
2012-03-27,7.606145
2012-03-28,7.520321
2012-03-29,7.632966
2012-03-30,7.954806
2012-04-05,8.008445
2012-04-06,8.040628
2012-04-09,7.858253
2012-04-10,8.019173
2012-04-11,8.024536
2012-04-12,8.104998
2012-04-13,8.147908
2012-04-16,8.287371
2012-04-17,8.180093
2012-04-18,8.330284
2012-04-19,8.201548
2012-04-20,8.255189
2012-04-23,8.104998
2012-04-24,8.142544
2012-04-25,8.239097
2012-04-26,8.153273
2012-04-27,8.249823
2012-05-02,8.555573
2012-05-03,8.593121
2012-05-04,8.630669
2012-05-07,8.684307
2012-05-08,8.582392
2012-05-09,8.330284
2012-05-10,8.308828
2012-05-11,8.201548
2012-05-14,8.287371
2012-05-15,8.164002
2012-05-16,8.115725
2012-05-17,8.298101
2012-05-18,8.142544
2012-05-21,8.110360
2012-05-22,8.201548
2012-05-23,8.196184
2012-05-24,8.196184
2012-05-25,7.922621
2012-05-28,8.335648
2012-05-29,8.394650
2012-05-30,8.453657
2012-05-31,8.432200
2012-06-01,8.319557
2012-06-04,8.035265
2012-06-05,8.013808
2012-06-06,7.944076
2012-06-07,7.804613
2012-06-08,7.826069
2012-06-11,8.008445
2012-06-12,7.858253
2012-06-13,8.008445
2012-06-14,8.094268
2012-06-15,8.040628
2012-06-18,8.045994
2012-06-19,7.879708
2012-06-20,7.831433
2012-06-21,7.713427
2012-06-25,7.627601
2012-06-26,7.563232
2012-06-27,7.616872
2012-06-28,7.563232
2012-06-29,7.665150
2012-07-02,7.016105
2012-07-03,7.026834
2012-07-04,7.048290
2012-07-05,7.064757
2012-07-06,7.295308
2012-07-09,7.114161
2012-07-10,7.185522
2012-07-11,7.191011
2012-07-12,7.119651
2012-07-13,6.856163
2012-07-16,6.696973
2012-07-17,6.757355
2012-07-18,6.861652
2012-07-19,7.037311
2012-07-20,6.960461
2012-07-23,6.806759
2012-07-24,6.867142
2012-07-25,6.922036
2012-07-26,7.026332
2012-07-27,7.042800
2012-07-30,7.075736
2012-07-31,7.026332
2012-08-01,7.097693
2012-08-02,7.070247
2012-08-03,6.795781
2012-08-06,6.850673
2012-08-07,6.834205
2012-08-08,6.867142
2012-08-09,6.987906
2012-08-10,6.911056
2012-08-13,6.751866
2012-08-14,6.806759
2012-08-15,6.773824
2012-08-16,6.696973
2012-08-17,6.729908
2012-08-20,6.713440
2012-08-21,6.729908
2012-08-22,6.499357
2012-08-23,6.493867
2012-08-24,6.493867
2012-08-27,6.318210
2012-08-28,6.334677
2012-08-29,6.427995
2012-08-30,6.378592
2012-08-31,6.230381
2012-09-03,6.499357
2012-09-04,6.433486
2012-09-05,6.477399
2012-09-06,6.543272
2012-09-07,6.784802
2012-09-10,6.861652
2012-09-11,6.856163
2012-09-12,6.861652
2012-09-13,6.861652
2012-09-14,7.031822
2012-09-17,6.806759
2012-09-18,6.922036
2012-09-19,7.075736
2012-09-20,6.911056
2012-09-21,6.916545
2012-09-24,6.839696
2012-09-25,6.889099
2012-09-26,6.856163
2012-09-27,7.097693
2012-09-28,7.432541
2012-10-08,7.432541
2012-10-09,7.575263
2012-10-10,7.520370
2012-10-11,7.273351
2012-10-12,7.306288
2012-10-15,7.191011
2012-10-16,7.053779
2012-10-17,7.141608
2012-10-18,7.405095
2012-10-19,7.355691
2012-10-22,7.372159
2012-10-23,7.256883
2012-10-24,7.300798
2012-10-25,7.212969
2012-10-26,6.976929
2012-10-29,6.971439
2012-10-30,6.949481
2012-10-31,7.114161
2012-11-01,7.388627
2012-11-02,7.394116
2012-11-05,7.333734
2012-11-06,7.410584
2012-11-07,7.597221
2012-11-08,7.492924
2012-11-09,7.427053
2012-11-12,7.542328
2012-11-13,7.372159
2012-11-14,7.377648
2012-11-15,7.174545
2012-11-16,7.174545
2012-11-19,7.191011
2012-11-20,7.223948
2012-11-21,7.339224
2012-11-22,7.229436
2012-11-23,7.443521
2012-11-26,7.492924
2012-11-27,7.394116
2012-11-28,7.317266
2012-11-29,7.394116
2012-11-30,7.723476
2012-12-03,7.860706
2012-12-04,7.860706
2012-12-05,7.981474
2012-12-06,7.965005
2012-12-07,8.080282
2012-12-10,8.157130
2012-12-11,8.283386
2012-12-12,8.223003
2012-12-13,8.168112
2012-12-14,8.459047
2012-12-17,8.442575
2012-12-18,8.623724
2012-12-19,8.777426
2012-12-20,8.991508
2012-12-21,9.046402
2012-12-24,9.128742
2012-12-25,9.315379
2012-12-26,9.051892
2012-12-27,9.057381
2012-12-28,9.386741
2012-12-31,9.683163
2013-01-04,9.655717
2013-01-07,9.518484
2013-01-08,9.282445
2013-01-09,9.293422
2013-01-10,9.139721
2013-01-11,9.167169
2013-01-14,9.556909
2013-01-15,9.502015
2013-01-16,9.156189
2013-01-17,8.964064
2013-01-18,9.381251
2013-01-21,9.326359
2013-01-22,9.167169
2013-01-23,9.117764
2013-01-24,8.870746
2013-01-25,9.150700
2013-01-28,9.622782
2013-01-29,9.540441
2013-01-30,9.414188
2013-01-31,9.265974
2013-02-01,9.282445
2013-02-04,9.249507
2013-02-05,9.578868
2013-02-06,9.392230
2013-02-07,9.436146
2013-02-08,10.133288
2013-02-18,10.265034
2013-02-19,9.803929
2013-02-20,9.908224
2013-02-21,9.408696
2013-02-22,9.106785
2013-02-25,9.139721
2013-02-26,8.942107
2013-02-27,8.996999
2013-02-28,9.244019
2013-03-01,9.046402
2013-03-04,8.513939
2013-03-05,8.678618
2013-03-06,8.821340
2013-03-07,8.689596
2013-03-08,8.848787
2013-03-11,8.695085
2013-03-12,8.623724
2013-03-13,8.354750
2013-03-14,8.338280
2013-03-15,8.261430
2013-03-18,8.047347
2013-03-19,8.179090
2013-03-20,8.508449
2013-03-21,8.563341
2013-03-22,8.552363
2013-03-25,8.343770
2013-03-26,8.124195
2013-03-27,8.190068
2013-03-28,8.360235
2013-03-29,8.124195
2013-04-01,7.954026
2013-04-02,8.025388
2013-04-03,8.069304
2013-04-08,8.085771
2013-04-09,8.420620
2013-04-10,8.563341
2013-04-11,8.552363
2013-04-12,8.393173
2013-04-15,8.195559
2013-04-16,8.502959
2013-04-17,8.470024
2013-04-18,8.563341
2013-04-19,8.700576
2013-04-22,8.629214
2013-04-23,8.288877
2013-04-24,8.261430
2013-04-25,8.168112
2013-04-26,8.179090
2013-05-02,8.179090
2013-05-03,8.376706
2013-05-06,8.464535
2013-05-07,8.524918
2013-05-08,8.996999
2013-05-09,8.684107
2013-05-10,8.733512
2013-05-13,8.453555
2013-05-14,8.288877
2013-05-15,8.321813
2013-05-16,8.442575
2013-05-17,8.475513
2013-05-20,8.640194
2013-05-21,8.585300
2013-05-22,8.706064
2013-05-23,8.404151
2013-05-24,8.376706
2013-05-27,8.393173
2013-05-28,8.552363
2013-05-29,8.728020
2013-05-30,8.640194
2013-05-31,8.579811
2013-06-03,8.541385
2013-06-04,8.398663
2013-06-05,8.470024
2013-06-06,8.376706
2013-06-07,8.266918
2013-06-13,7.943047
2013-06-14,8.030878
2013-06-17,7.778369
2013-06-18,7.783859
2013-06-19,7.608199
2013-06-20,7.262373
2013-06-21,7.399605
2013-06-24,7.092204
2013-06-25,7.333734
2013-06-26,7.355691
2013-06-27,7.201991
2013-06-28,7.251392
2013-07-01,7.201991
2013-07-02,7.229436
2013-07-03,7.086714
2013-07-04,7.328246
2013-07-05,7.372159
2013-07-08,7.169054
2013-07-09,7.229436
2013-07-10,7.405095
2013-07-11,7.634889
2013-07-12,7.416584
2013-07-15,7.548717
2013-07-16,7.525735
2013-07-17,7.422329
2013-07-18,7.255730
2013-07-19,7.014447
2013-07-22,7.043170
2013-07-23,7.215515
2013-07-24,7.123599
2013-07-25,7.054661
2013-07-26,7.077640
2013-07-29,6.888059
2013-07-30,6.911039
2013-07-31,7.031680
2013-08-01,7.129344
2013-08-02,7.146578
2013-08-05,7.272964
2013-08-06,7.663612
2013-08-07,7.686593
2013-08-08,7.617655
2013-08-09,7.640634
2013-08-12,7.818723
2013-08-13,7.853192
2013-08-14,7.985324
2013-08-15,7.755531
2013-08-16,7.801490
2013-08-19,7.864682
2013-08-20,7.634889
2013-08-21,7.519991
2013-08-22,7.548717
2013-08-23,7.451054
2013-08-26,7.692338
2013-08-27,7.675102
2013-08-28,7.732551
2013-08-29,7.623399
2013-08-30,7.502757
2013-09-02,7.565951
2013-09-03,7.623399
2013-09-04,7.611909
2013-09-05,7.479778
2013-09-06,7.565951
2013-09-09,7.790000
2013-09-10,7.956600
2013-09-11,7.991069
2013-09-12,7.962344
2013-09-13,8.146180
2013-09-16,7.916386
2013-09-17,8.082987
2013-09-18,7.973833
2013-09-23,8.215117
2013-09-24,8.048516
2013-09-25,7.916386
2013-09-26,7.698081
2013-09-27,7.738297
2013-09-30,7.772765
2013-10-08,7.812979
2013-10-09,7.985324
2013-10-10,7.910642
2013-10-11,8.220862
2013-10-14,8.404696
2013-10-15,8.358738
2013-10-16,8.117455
2013-10-17,8.077242
2013-10-18,8.105965
2013-10-21,8.215117
2013-10-22,7.985324
2013-10-23,7.812979
2013-10-24,8.232353
2013-10-25,8.025537
2013-10-28,7.985324
2013-10-29,7.979579
2013-10-30,8.284056
2013-10-31,8.238096
2013-11-01,8.358738
2013-11-04,8.640235
2013-11-05,8.732153
2013-11-06,8.439165
2013-11-07,8.433421
2013-11-08,8.444911
2013-11-11,8.496615
2013-11-12,8.490869
2013-11-13,8.220862
2013-11-14,8.554062
2013-11-15,8.640235
2013-11-18,8.806835
2013-11-19,8.829815
2013-11-20,8.904496
2013-11-21,8.703428
2013-11-22,8.772367
2013-11-25,8.818325
2013-11-26,8.623000
2013-11-27,8.703428
2013-11-28,8.927477
2013-11-29,8.835559
2013-12-02,8.691940
2013-12-03,8.881517
2013-12-04,9.168760
2013-12-05,9.185996
2013-12-06,9.082587
2013-12-09,9.134292
2013-12-10,9.151525
2013-12-11,8.910243
2013-12-12,8.893009
2013-12-13,8.835559
2013-12-16,8.358738
2013-12-17,8.209373
2013-12-18,8.249586
2013-12-19,8.220862
2013-12-20,7.801490
2013-12-23,7.927877
2013-12-24,7.922132
2013-12-25,7.933621
2013-12-26,7.686593
2013-12-27,7.968091
2013-12-30,8.037027
2013-12-31,8.123199
2014-01-02,7.956600
2014-01-03,7.726806
2014-01-06,7.491269
2014-01-07,7.548717
2014-01-08,7.698081
2014-01-09,7.502757
2014-01-10,7.502757
2014-01-13,7.474034
2014-01-14,7.531482
2014-01-15,7.583187
2014-01-16,7.525735
2014-01-17,7.255730
2014-01-20,7.169558
2014-01-21,7.284453
2014-01-22,7.519991
2014-01-23,7.508503
2014-01-24,7.571695
2014-01-27,7.508503
2014-01-28,7.519991
2014-01-29,7.519991
2014-01-30,7.456800
2014-02-07,7.439564
2014-02-10,7.744040
2014-02-11,7.767020
2014-02-12,7.686593
2014-02-13,7.703828
2014-02-14,7.755531
2014-02-17,7.870427
2014-02-18,7.732551
2014-02-19,7.824469
2014-02-20,7.835959
2014-02-21,7.790000
2014-02-24,7.548717
2014-02-25,7.301689
2014-02-26,7.290199
2014-02-27,7.267220
2014-02-28,7.295943
2014-03-03,7.399351
2014-03-04,7.537226
2014-03-05,7.387862
2014-03-06,7.353393
2014-03-07,7.341904
2014-03-10,7.267220
2014-03-11,7.192537
2014-03-12,7.221260
2014-03-13,7.267220
2014-03-14,7.215515
2014-03-17,7.324667
2014-03-18,7.313178
2014-03-19,7.227006
2014-03-20,7.083383
2014-03-21,7.324667
2014-03-24,7.399351
2014-03-25,7.525735
2014-03-26,7.445309
2014-03-27,7.359137
2014-03-28,7.973833
2014-03-31,7.956600
2014-04-01,7.979579
2014-04-02,8.111711
2014-04-03,7.996813
2014-04-04,8.060006
2014-04-08,8.370228
2014-04-09,8.364485
2014-04-10,8.571298
2014-04-11,8.594276
2014-04-14,8.559807
2014-04-15,8.226606
2014-04-16,8.215117
2014-04-17,8.261076
2014-04-18,8.295545
2014-04-21,8.094475
2014-04-22,8.238096
2014-04-23,8.255331
2014-04-24,8.243841
2014-04-25,8.197884
2014-04-28,8.077242
2014-04-29,8.330014
2014-04-30,8.341504
2014-05-05,8.330014
2014-05-06,8.284056
2014-05-07,8.238096
2014-05-08,8.370228
2014-05-09,8.284056
2014-05-12,8.496615
2014-05-13,8.410442
2014-05-14,8.416186
2014-05-15,8.370228
2014-05-16,8.398952
2014-05-19,8.215117
2014-05-20,8.243841
2014-05-21,8.318524
2014-05-22,8.330014
2014-05-23,8.427676
2014-05-26,8.496615
2014-05-27,8.427676
2014-05-28,8.467889
2014-05-29,8.416186
2014-05-30,8.387464
2014-06-03,8.335756
2014-06-04,8.318524
2014-06-05,8.410442
2014-06-06,8.427676
2014-06-09,8.531083
2014-06-10,8.674704
2014-06-11,8.720663
2014-06-12,8.680449
2014-06-13,8.870028
2014-06-16,9.076841
2014-06-17,8.887265
2014-06-18,8.984926
2014-06-19,8.749387
2014-06-20,8.887265
2014-06-23,8.858539
2014-06-24,8.933223
2014-06-25,8.783855
2014-06-26,8.789600
2014-06-27,8.801092
2014-06-30,8.789600
2014-07-01,8.852795
2014-07-02,8.864284
2014-07-03,8.990669
2014-07-04,8.938968
2014-07-07,8.829815
2014-07-08,8.864284
2014-07-09,8.893009
2014-07-10,8.829815
2014-07-11,8.973436
2014-07-14,9.191741
2014-07-15,9.185996
2014-07-16,9.174507
2014-07-17,8.950457
2014-07-18,9.105569
2014-07-21,9.341105
2014-07-22,9.501962
2014-07-23,9.599622
2014-07-24,9.915589
2014-07-25,10.076446
2014-07-28,10.156872
2014-07-29,10.128148
2014-07-30,9.961710
2014-07-31,10.041848
2014-08-01,10.023353
2014-08-04,10.214450
2014-08-05,10.128149
2014-08-06,10.023353
2014-08-07,9.745954
2014-08-08,9.881572
2014-08-11,10.091163
2014-08-12,10.091163
2014-08-13,10.060340
2014-08-14,10.461026
2014-08-15,10.701441
2014-08-18,10.682947
2014-08-19,10.621302
2014-08-20,10.417877
2014-08-21,10.541165
2014-08-22,10.498013
2014-08-25,10.319247
2014-08-26,10.189795
2014-08-27,10.306915
2014-08-28,10.208286
2014-08-29,10.436369
2014-09-01,10.578152
2014-09-02,10.652125
2014-09-03,10.898702
2014-09-04,11.052814
2014-09-05,11.521309
2014-09-09,11.490484
2014-09-10,11.317883
2014-09-11,11.139113
2014-09-12,11.416512
2014-09-15,11.299388
2014-09-16,10.787743
2014-09-17,10.886373
2014-09-18,11.052814
2014-09-19,11.268567
2014-09-22,11.046650
2014-09-23,11.095963
2014-09-24,11.268567
2014-09-25,11.095963
2014-09-26,11.095963
2014-09-29,11.213089
2014-09-30,11.145278
2014-10-08,11.219252
2014-10-09,11.139113
2014-10-10,10.849385
2014-10-13,10.830894
2014-10-14,10.627466
2014-10-15,10.781578
2014-10-16,10.806237
2014-10-17,10.935688
2014-10-20,10.861716
2014-10-21,10.689112
2014-10-22,10.701441
2014-10-23,10.608973
2014-10-24,10.584317
2014-10-27,10.454863
2014-10-28,10.615136
2014-10-29,10.701441
2014-10-30,10.904866
2014-10-31,11.009662
2014-11-03,10.948016
2014-11-04,10.830894
2014-11-05,10.812399
2014-11-06,10.880208
2014-11-07,10.701441
2014-11-10,11.237745
2014-11-11,11.009662
2014-11-12,11.373362
2014-11-13,11.398020
2014-11-14,11.632269
2014-11-17,12.002132
2014-11-18,12.057612
2014-11-19,11.496651
2014-11-20,11.700073
2014-11-21,11.891174
2014-11-24,12.088437
2014-11-25,12.421314
2014-11-26,12.273369
2014-11-27,12.082270
2014-11-28,12.193233
2014-12-01,11.965148
2014-12-02,12.156243
2014-12-03,12.680220
2014-12-04,13.130220
2014-12-05,13.302827
2014-12-08,13.894613
2014-12-09,13.198032
2014-12-10,14.172010
2014-12-11,13.851460
2014-12-12,13.487759
2014-12-15,13.413785
2014-12-16,13.561731
2014-12-17,13.617212
2014-12-18,13.549403
2014-12-19,13.962419
2014-12-22,14.042557
2014-12-23,13.987079
2014-12-24,13.117895
2014-12-25,13.216526
2014-12-26,13.629542
2014-12-29,13.339814
2014-12-30,12.852821
2014-12-31,13.235019
2015-01-05,14.560368
2015-01-06,15.207632
2015-01-07,15.201466
2015-01-08,14.880919
2015-01-09,14.634342
2015-01-12,15.170650
2015-01-13,15.503525
2015-01-14,14.998040
2015-01-15,15.207632
2015-01-16,15.318593
2015-01-19,14.085710
2015-01-20,14.381600
2015-01-21,14.763795
2015-01-22,14.837770
2015-01-23,14.665164
2015-01-26,14.548039
2015-01-27,14.911740
2015-01-28,14.720644
2015-01-29,14.430916
2015-01-30,13.962419
2015-02-02,13.537074
2015-02-03,13.869955
2015-02-04,13.524747
2015-02-05,13.450773
2015-02-06,13.567899
2015-02-09,13.857626
2015-02-10,14.172010
2015-02-11,14.252148
2015-02-12,14.178173
2015-02-13,14.116532
2015-02-16,14.276804
2015-02-17,14.541877
2015-02-25,14.893248
2015-02-26,15.238456
2015-02-27,15.016533
2015-03-02,14.967220
2015-03-03,14.449409
2015-03-04,14.665164
2015-03-05,14.363109
2015-03-06,14.005572
2015-03-09,14.252148
2015-03-10,14.153517
2015-03-11,14.535709
2015-03-12,15.232289
2015-03-13,15.244621
2015-03-16,15.343251
2015-03-17,15.485031
2015-03-18,15.509689
2015-03-19,15.232289
2015-03-20,15.232289
2015-03-23,15.694623
2015-03-24,15.725444
2015-03-25,15.281606
2015-03-26,15.275444
2015-03-27,15.213799
2015-03-30,15.651470
2015-03-31,15.324758
2015-04-01,15.922705
2015-04-02,15.756269
2015-04-03,16.169283
2015-04-07,16.082983
2015-04-08,16.150787
2015-04-09,15.713116
2015-04-10,15.861061
2015-04-13,15.762431
2015-04-14,15.762431
2015-04-15,15.873393
2015-04-16,17.038465
2015-04-17,16.995316
2015-04-20,16.804220
2015-04-21,17.383675
2015-04-22,17.420660
2015-04-23,17.266552
2015-04-24,16.748741
2015-04-27,16.921343
2015-04-28,16.674767
2015-04-29,16.835041
2015-04-30,16.643944
2015-05-04,16.730247
2015-05-05,15.885721
2015-05-06,15.632977
2015-05-07,15.632977
2015-05-08,15.620647
2015-05-11,15.965859
2015-05-12,15.848735
2015-05-13,15.491197
2015-05-14,15.158319
2015-05-15,14.961057
2015-05-18,14.683658
2015-05-19,15.213799
2015-05-20,15.466540
2015-05-21,15.583663
2015-05-22,15.898051
2015-05-25,16.261751
2015-05-26,16.298738
2015-05-27,15.928870
2015-05-28,14.893248
2015-05-29,14.782289
2015-06-01,15.380239
2015-06-02,15.306267
2015-06-03,15.478868
2015-06-04,15.324758
2015-06-05,15.540514
2015-06-08,16.403534
2015-06-09,16.095312
2015-06-10,16.138462
2015-06-11,16.039831
2015-06-12,16.089146
2015-06-15,15.632977
2015-06-16,15.145991
2015-06-17,15.263116
2015-06-18,14.529547
2015-06-19,13.863789
2015-06-23,14.375435
2015-06-24,14.492559
2015-06-25,13.919268
2015-06-26,12.951455
2015-06-29,12.932962
2015-06-30,13.931599
2015-07-01,13.327485
2015-07-02,13.037756
2015-07-03,12.489120
2015-07-06,13.500089
2015-07-07,14.227488
2015-07-08,14.172010
2015-07-09,15.552842
2015-07-10,16.095312
2015-07-13,15.312428
2015-07-14,14.332287
2015-07-15,14.609686
2015-07-16,14.652838
2015-07-17,15.022700
2015-07-20,14.856261
2015-07-21,15.096673
2015-07-22,14.269902
2015-07-23,14.321983
2015-07-24,13.872794
2015-07-27,12.492679
2015-07-28,12.564287
2015-07-29,12.896296
2015-07-30,12.447108
2015-07-31,12.544759
2015-08-03,12.883276
2015-08-04,13.072064
2015-08-05,12.635899
2015-08-06,12.622877
2015-08-07,12.740057
2015-08-10,13.221794
2015-08-11,13.059047
2015-08-12,12.915826
2015-08-13,13.046028
2015-08-14,12.896296
2015-08-17,12.733545
2015-08-18,11.874227
2015-08-19,11.958857
2015-08-20,11.652889
2015-08-21,11.066988
2015-08-24,10.018880
2015-08-25,9.185600
2015-08-26,9.778009
2015-08-27,10.754510
2015-08-28,11.034439
2015-08-31,11.262287
2015-09-01,11.353429
2015-09-02,11.665910
2015-09-07,10.969337
2015-09-08,11.099537
2015-09-09,11.164638
2015-09-10,11.184169
2015-09-11,11.171149
2015-09-14,11.451077
2015-09-15,11.392489
2015-09-16,11.945838
2015-09-17,11.359939
2015-09-18,11.262287
2015-09-21,11.275309
2015-09-22,11.320877
2015-09-23,10.774038
2015-09-24,10.806589
2015-09-25,10.630818
2015-09-28,10.787059
2015-09-29,10.520150
2015-09-30,10.936788
2015-10-08,11.568258
2015-10-09,11.568258
2015-10-12,11.568258
2015-10-13,11.568258
2015-10-14,11.568258
2015-10-15,11.568258
2015-10-16,11.568258
2015-10-19,11.568258
2015-10-20,11.568258
2015-10-21,11.568258
2015-10-22,11.568258
2015-10-23,11.568258
2015-10-26,11.568258
2015-10-27,11.568258
2015-10-28,11.568258
2015-10-29,11.568258
2015-10-30,11.568258
2015-11-02,11.568258
2015-11-03,11.568258
2015-11-04,11.568258
2015-11-05,11.568258
2015-11-06,12.727035
2015-11-09,13.586356
2015-11-10,13.462665
2015-11-11,13.221794
2015-11-12,12.954886
2015-11-13,13.104614
2015-11-16,13.156696
2015-11-17,13.072064
2015-11-18,12.896296
2015-11-19,12.948375
2015-11-20,12.993946
2015-11-23,12.948375
2015-11-24,12.915826
2015-11-25,12.967904
2015-11-26,12.902805
2015-11-27,12.336436
2015-11-30,12.453615
2015-12-01,12.740057
2015-12-02,13.430114
2015-12-03,13.762125
2015-12-04,13.436625
2015-12-07,13.436625
2015-12-08,13.072064
2015-12-09,13.657969
2015-12-10,13.436625
2015-12-11,13.286897
2015-12-14,13.508237
2015-12-15,13.384545
2015-12-16,13.299914
2015-12-17,13.443134
2015-12-18,13.475686
2015-12-21,14.061586
2015-12-22,14.029036
2015-12-23,14.250376
2015-12-24,14.178766
2015-12-25,14.224337
2015-12-28,13.807694
2015-12-29,13.918365
2015-12-30,13.879308
2015-12-31,13.814204
2016-01-04,12.844216
2016-01-05,12.980927
2016-01-06,13.137166
2016-01-07,12.355965
2016-01-08,12.700997
2016-01-11,12.368987
2016-01-12,12.355965
2016-01-13,12.525227
2016-01-14,12.915826
2016-01-15,12.824687
2016-01-18,12.687978
2016-01-19,13.026497
2016-01-20,12.525227
2016-01-21,12.212747
2016-01-22,12.303887
2016-01-25,12.310395
2016-01-26,11.711477
2016-01-27,11.646378
2016-01-28,11.594296
2016-01-29,12.121609
2016-02-01,12.102077
2016-02-02,12.264828
2016-02-03,11.971876
2016-02-04,12.095568
2016-02-05,11.971876
2016-02-15,12.056506
2016-02-16,12.271338
2016-02-17,12.323419
2016-02-18,12.206238
2016-02-19,12.128117
2016-02-22,12.297376
2016-02-23,12.219257
2016-02-24,12.251807
2016-02-25,11.724498
2016-02-26,11.763556
2016-02-29,11.932817
2016-03-01,11.978386
2016-03-02,12.329926
2016-03-03,12.355965
2016-03-04,12.844216
2016-03-07,12.714016
2016-03-08,12.850724
2016-03-09,13.019986
2016-03-10,12.681465
2016-03-11,12.720529
2016-03-14,12.629387
2016-03-15,12.635899
2016-03-16,13.091598
2016-03-17,12.948375
2016-03-18,12.909318
2016-03-21,12.987438
2016-03-22,12.935356
2016-03-23,12.935356
2016-03-24,12.805156
2016-03-25,12.935356
2016-03-28,12.727035
2016-03-29,12.512207
2016-03-30,12.863746
2016-03-31,13.059047
2016-04-01,13.260857
2016-04-05,13.247835
2016-04-06,13.254347
2016-04-07,13.143678
2016-04-08,13.137166
2016-04-11,13.293406
2016-04-12,13.273874
2016-04-13,13.286897
2016-04-14,13.397565
2016-04-15,13.332466
2016-04-18,13.143678
2016-04-19,13.182735
2016-04-20,13.156696
2016-04-21,13.039518
2016-04-22,13.202267
2016-04-25,13.299914
2016-04-26,13.325954
2016-04-27,13.182735
2016-04-28,13.150187
2016-04-29,13.241326
2016-05-03,13.378036
2016-05-04,13.312938
2016-05-05,13.117637
2016-05-06,12.883276
2016-05-09,12.831195
2016-05-10,13.000454
2016-05-11,13.059047
2016-05-12,13.059047
2016-05-13,12.889786
2016-05-16,12.941867
2016-05-17,12.948375
2016-05-18,12.902805
2016-05-19,12.896296
2016-05-20,12.896296
2016-05-23,12.870256
2016-05-24,12.870256
2016-05-25,12.876768
2016-05-26,12.857237
2016-05-27,12.857237
2016-05-30,12.961398
2016-05-31,13.208776
2016-06-01,13.156696
2016-06-02,13.163207
2016-06-03,13.378036
2016-06-06,13.273874
2016-06-07,13.234816
2016-06-08,13.228308
2016-06-13,13.052534
2016-06-14,13.137166
2016-06-15,13.247835
2016-06-16,13.104614
2016-06-17,13.137166
2016-06-20,13.208776
2016-06-21,13.208776
2016-06-22,13.273874
2016-06-23,13.169716
2016-06-24,13.052534
2016-06-27,13.117637
2016-06-28,13.072064
2016-06-29,13.130656
2016-06-30,13.208776
2016-07-01,13.267365
2016-07-04,13.775146
2016-07-05,13.762125
2016-07-06,13.762125
2016-07-07,13.807694
2016-07-08,13.772916
2016-07-11,13.918991
2016-07-12,15.101515
2016-07-13,14.802404
2016-07-14,14.691111
2016-07-15,14.892836
2016-07-18,15.372801
2016-07-19,15.108472
2016-07-20,15.157164
2016-07-21,15.303241
2016-07-22,14.962398
2016-07-25,14.802404
2016-07-26,15.797116
2016-07-27,15.991886
2016-07-28,16.325773
2016-07-29,16.158831
2016-08-01,16.110138
2016-08-02,16.131006
2016-08-03,16.033621
2016-08-04,16.005796
2016-08-05,16.012753
2016-08-08,16.367510
2016-08-09,16.277081
2016-08-10,15.873634
2016-08-11,15.838855
2016-08-12,16.277081
2016-08-15,16.764004
2016-08-16,16.402290
2016-08-17,16.464893
2016-08-18,16.221434
2016-08-19,16.367510
2016-08-22,16.325773
2016-08-23,16.374468
2016-08-24,16.464893
2016-08-25,16.096224
2016-08-26,15.657994
2016-08-29,15.477140
2016-08-30,15.588435
2016-08-31,15.358886
2016-09-01,15.254548
2016-09-02,15.428449
2016-09-05,15.261504
2016-09-06,15.296280
2016-09-07,15.344975
2016-09-08,15.344975
2016-09-09,15.052823
2016-09-12,15.004131
2016-09-13,14.885878
2016-09-14,14.711977
2016-09-19,14.865009
2016-09-20,14.920658
2016-09-21,14.837189
2016-09-22,15.066733
2016-09-23,15.011087
2016-09-26,14.753715
2016-09-27,14.878922
2016-09-28,15.080647
2016-09-29,15.157164
2016-09-30,15.198899
2016-10-10,15.630172
2016-10-11,15.574525
2016-10-12,15.400622
2016-10-13,15.539742
2016-10-14,15.567569
2016-10-17,15.435406
2016-10-18,15.706688
2016-10-19,15.977974
2016-10-20,16.200565
2016-10-21,16.402290
2016-10-24,16.277081
2016-10-25,16.089270
2016-10-26,16.026667
2016-10-27,16.096224
2016-10-28,16.263168
2016-10-31,16.471851
2016-11-01,16.367510
2016-11-02,16.179697
2016-11-03,16.235344
2016-11-04,16.137962
2016-11-07,16.137962
2016-11-08,16.416201
2016-11-09,16.311865
2016-11-10,16.666618
2016-11-11,16.680529
2016-11-14,16.437069
2016-11-15,16.242302
2016-11-16,16.332731
2016-11-17,16.360552
2016-11-18,16.471851
2016-11-21,16.430115
2016-11-22,16.318815
2016-11-23,16.450981
2016-11-24,17.035288
2016-11-25,17.348307
2016-11-28,16.791824
2016-11-29,17.668283
2016-11-30,17.563944
2016-12-01,17.897831
2016-12-02,17.445694
2016-12-05,17.181366
2016-12-06,17.028332
2016-12-07,17.021376
2016-12-08,17.250923
2016-12-09,17.230057
2016-12-12,16.930946
2016-12-13,17.007463
2016-12-14,16.673573
2016-12-15,15.880589
2016-12-16,16.089270
2016-12-19,15.971015
2016-12-20,15.971015
2016-12-21,16.019709
2016-12-22,16.318815
2016-12-23,16.117090
2016-12-26,16.061447
2016-12-27,15.964061
2016-12-28,16.075356
2016-12-29,15.929283
2016-12-30,16.311865
2017-01-03,16.617928
2017-01-04,16.896172
2017-01-05,16.729223
2017-01-06,16.631838
2017-01-09,16.805738
2017-01-10,16.701399
2017-01-11,16.590101
2017-01-12,16.659664
2017-01-13,16.805738
2017-01-16,17.146585
2017-01-17,17.223101
2017-01-18,17.390047
2017-01-19,17.522207
2017-01-20,17.522207
2017-01-23,17.355265
2017-01-24,17.390047
2017-01-25,17.647417
2017-01-26,17.640463
2017-02-03,17.466562
2017-02-06,17.661325
2017-02-07,17.710020
2017-02-08,17.515251
2017-02-09,17.445694
2017-02-10,17.508297
2017-02-13,17.278751
2017-02-14,17.285704
2017-02-15,17.299616
2017-02-16,17.181366
2017-02-17,17.320486
2017-02-20,17.696110
2017-02-21,17.703068
2017-02-22,18.155209
2017-02-23,18.099560
2017-02-24,17.932613
2017-02-27,17.723934
2017-02-28,17.932613
2017-03-01,17.946527
2017-03-02,17.897831
2017-03-03,17.897831
2017-03-06,17.675241
2017-03-07,17.598728
2017-03-08,17.529165
2017-03-09,17.250923
2017-03-10,17.487429
2017-03-13,17.285704
2017-03-14,17.438736
2017-03-15,17.431780
2017-03-16,17.390047
2017-03-17,16.951815
2017-03-20,16.889212
2017-03-21,17.160498
2017-03-22,17.000509
2017-03-23,17.369175
2017-03-24,17.556990
2017-03-27,17.438736
2017-03-28,17.167452
2017-03-29,17.146585
2017-03-30,17.202232
2017-03-31,17.654373
2017-04-05,17.654373
2017-04-06,17.925657
2017-04-07,17.863056
2017-04-10,17.668283
2017-04-11,17.751759
2017-04-12,17.821320
2017-04-13,17.703068
2017-04-14,17.682199
2017-04-17,17.793493
2017-04-18,18.092604
2017-04-19,18.162165
2017-04-20,18.885592
2017-04-21,18.920366
2017-04-24,18.941235
2017-04-25,18.976015
2017-04-26,19.289038
2017-04-27,19.511631
2017-04-28,18.955145
2017-05-02,18.941235
2017-05-03,19.358597
2017-05-04,19.386423
2017-05-05,19.462940
2017-05-08,19.532497
2017-05-09,18.913412
2017-05-10,18.920366
2017-05-11,19.163830
2017-05-12,19.490761
2017-05-15,19.455984
2017-05-16,19.671618
2017-05-17,19.595104
2017-05-18,19.525543
2017-05-19,19.810740
2017-05-22,20.026375
2017-05-23,20.332441
2017-05-24,20.450693
2017-05-25,20.408957
2017-05-26,20.603725
2017-05-31,20.916744
2017-06-01,21.229767
2017-06-02,21.069778
2017-06-05,20.332441
2017-06-06,21.007175
2017-06-07,20.916744
2017-06-08,21.480185
2017-06-09,21.521921
2017-06-12,21.737555
2017-06-13,22.739222
2017-06-14,22.287085
2017-06-15,22.134047
2017-06-16,21.385733
2017-06-19,21.385733
2017-06-20,21.312366
2017-06-21,21.987320
2017-06-22,22.090031
2017-06-23,22.222088
2017-06-26,22.838350
2017-06-27,22.955730
2017-06-28,22.574236
2017-06-29,22.552227
2017-06-30,22.779655
2017-07-03,22.581573
2017-07-04,22.581573
2017-07-05,23.021761
2017-07-06,23.704050
2017-07-07,23.513298
2017-07-10,23.095123
2017-07-11,23.432598
2017-07-12,23.227179
2017-07-13,22.889702
2017-07-14,23.351898
2017-07-17,23.579329
2017-07-18,23.124468
2017-07-19,22.985079
2017-07-20,23.234516
2017-07-21,22.985079
2017-07-24,23.212505
2017-07-25,23.153816
2017-07-26,22.368814
2017-07-27,22.339474
2017-07-28,22.273441
2017-07-31,22.112038
2017-08-01,22.119377
2017-08-02,22.068022
2017-08-03,21.334375
2017-08-04,21.510454
2017-08-07,21.686525
2017-08-08,21.268349
2017-08-09,21.525122
2017-08-10,21.723209
2017-08-11,21.803907
2017-08-14,21.708534
2017-08-15,21.774563
2017-08-16,21.642509
2017-08-17,21.561808
2017-08-18,21.459099
2017-08-21,21.459099
2017-08-22,21.913958
2017-08-23,21.994656
2017-08-24,22.258768
2017-08-25,22.354141
2017-08-28,22.544889
2017-08-29,22.156059
2017-08-30,21.899282
2017-08-31,21.811245
2017-09-01,21.679190
2017-09-04,21.715872
2017-09-05,21.657181
2017-09-06,21.451759
2017-09-07,21.473768
2017-09-08,21.437088
2017-09-11,21.576479
2017-09-12,21.913958
2017-09-13,21.598490
2017-09-14,21.312366
2017-09-15,21.319706
2017-09-18,21.715872
2017-09-19,21.481108
2017-09-20,21.444424
2017-09-21,21.657181
2017-09-22,22.236759
2017-09-25,22.376152
2017-09-26,22.346807
2017-09-27,22.324795
2017-09-28,22.317465
2017-09-29,22.148724
2017-10-09,22.941057
2017-10-10,22.368814
2017-10-11,23.285872
2017-10-12,23.557320
2017-10-13,23.454609
2017-10-16,23.483953
2017-10-17,23.117136
2017-10-18,23.968157
2017-10-19,24.195591
2017-10-20,23.894794
2017-10-23,23.762739
2017-10-24,24.063534
2017-10-25,24.107553
2017-10-26,23.689375
2017-10-27,23.792086
2017-10-30,24.092880
2017-10-31,23.102459
2017-11-01,22.544889
2017-11-02,22.566898
2017-11-03,22.662271
2017-11-06,22.684282
2017-11-07,23.007088
2017-11-08,23.014421
2017-11-09,23.065777
2017-11-10,23.806759
2017-11-13,23.843439
2017-11-14,23.997505
2017-11-15,23.850777
2017-11-16,23.638021
2017-11-17,24.371664
2017-11-20,24.283628
2017-11-21,24.312975
2017-11-22,25.075962
2017-11-23,23.718723
2017-11-24,23.403254
2017-11-27,23.293205
2017-11-28,23.183161
2017-11-29,22.757647
2017-11-30,22.654936
2017-12-01,22.684282
2017-12-04,22.728298
2017-12-05,23.373907
2017-12-06,23.087786
2017-12-07,23.029095
2017-12-08,22.919048
2017-12-11,23.491291
2017-12-12,23.029095
2017-12-13,23.263863
2017-12-14,22.823675
2017-12-15,22.823675
2017-12-18,22.889702
2017-12-19,23.007088
2017-12-20,23.117136
2017-12-21,23.190496
2017-12-22,23.175825
2017-12-25,23.395918
2017-12-26,23.263863
2017-12-27,22.860357
2017-12-28,22.889702
2017-12-29,23.505964
2018-01-02,23.307882
2018-01-03,23.131804
2018-01-04,23.205170
2018-01-05,23.417929
2018-01-08,23.777414
2018-01-09,23.799421
2018-01-10,24.848534
2018-01-11,24.819191
2018-01-12,24.877880
2018-01-15,24.577084
2018-01-16,23.711384
2018-01-17,23.865448
2018-01-18,23.865448
2018-01-19,24.085546
2018-01-22,24.760496
2018-01-23,24.921900
2018-01-24,24.914562
2018-01-25,25.589512
2018-01-26,25.662878
2018-01-29,25.281385
2018-01-30,25.252037
2018-01-31,25.230026
2018-02-01,25.582176
2018-02-02,25.457460
2018-02-05,25.053953
2018-02-06,25.053953
2018-02-07,24.965914
2018-02-08,24.085546
2018-02-09,23.483953
2018-02-12,23.711384
2018-02-13,24.151569
2018-02-14,24.364326
2018-02-22,24.958580
2018-02-23,24.995262
2018-02-26,25.296053
2018-02-27,25.230026
2018-02-28,24.679796
2018-03-01,24.892553
2018-03-02,25.692225
2018-03-05,25.816946
2018-03-06,25.736244
2018-03-07,26.381851
2018-03-08,26.286478
2018-03-09,26.609283
2018-03-12,27.247549
2018-03-13,27.086145
2018-03-14,27.049469
2018-03-15,26.976107
2018-03-16,27.020121
2018-03-19,27.379608
2018-03-20,27.093483
2018-03-21,26.543253
2018-03-22,26.374510
2018-03-23,26.081057
2018-03-26,25.009937
2018-03-27,24.613766
2018-03-28,23.872787
2018-03-29,24.166245
2018-03-30,24.943907
2018-04-02,24.936573
2018-04-03,24.290962
2018-04-04,24.870543
2018-04-09,24.980587
2018-04-10,24.921900
2018-04-11,24.246943
2018-04-12,24.173580
2018-04-13,24.180916
2018-04-16,23.828768
2018-04-17,23.014421
2018-04-18,22.999750
2018-04-19,23.439936
2018-04-20,23.395918
2018-04-23,23.058443
2018-04-24,23.447273
2018-04-25,23.410589
2018-04-26,23.161148
2018-04-27,23.425264
2018-05-02,24.026852
2018-05-03,24.298298
2018-05-04,23.968157
2018-05-07,24.283628
2018-05-08,24.987925
2018-05-09,25.230026
2018-05-10,25.530823
2018-05-11,25.391428
2018-05-14,25.824278
2018-05-15,25.684887
2018-05-16,25.296053
2018-05-17,25.303394
2018-05-18,25.640871
2018-05-21,25.310726
2018-05-22,25.508818
2018-05-23,25.574842
2018-05-24,25.031944
2018-05-25,25.398766
2018-05-28,25.912317
2018-05-29,26.169094
2018-05-30,25.860964
2018-05-31,26.594608
2018-06-01,26.169094
2018-06-04,26.557922
2018-06-05,26.587275
2018-06-06,26.403862
2018-06-07,26.110405
2018-06-08,26.440540
2018-06-11,26.697315
2018-06-12,26.939423
2018-06-13,26.888065
2018-06-14,26.939423
2018-06-15,26.800028
2018-06-19,26.998110
2018-06-20,26.359844
2018-06-21,26.279139
2018-06-22,25.868296
2018-06-25,25.787600
2018-06-26,25.787600
2018-06-27,25.853624
2018-06-28,24.907221
2018-06-29,25.670216
2018-07-02,24.533066
2018-07-03,24.085546
2018-07-04,24.085546
2018-07-05,24.452366
2018-07-06,24.738491
2018-07-09,25.296053
2018-07-10,25.413443
2018-07-11,25.442785
2018-07-12,25.230026
2018-07-13,25.699558
2018-07-16,25.714231
2018-07-17,25.296244
2018-07-18,25.242058
2018-07-19,24.615068
2018-07-20,25.079504
2018-07-23,25.234316
2018-07-24,25.211094
2018-07-25,25.342688
2018-07-26,24.878250
2018-07-27,24.135155
2018-07-30,24.522184
2018-07-31,24.676994
2018-08-01,24.282223
2018-08-02,23.500423
2018-08-03,22.501888
2018-08-06,22.718628
2018-08-07,23.237244
2018-08-08,22.478668
2018-08-09,23.221766
2018-08-10,23.214024
2018-08-13,22.927622
2018-08-14,23.136616
2018-08-15,22.579294
2018-08-16,21.936827
2018-08-17,21.696871
2018-08-20,21.751051
2018-08-21,22.021973
2018-08-22,22.099377
2018-08-23,21.882643
2018-08-24,21.960049
2018-08-27,22.563812
2018-08-28,22.347080
2018-08-29,22.060673
2018-08-30,22.153563
2018-08-31,22.563812
2018-09-03,22.494148
2018-09-04,22.486406
2018-09-05,21.735571
2018-09-06,21.890383
2018-09-07,21.991011
2018-09-10,22.021973
2018-09-11,21.890383
2018-09-12,21.851679
2018-09-13,22.292894
2018-09-14,22.718628
2018-09-17,22.695406
2018-09-18,22.888918
2018-09-19,23.105654
2018-09-20,22.966326
2018-09-21,24.212559
2018-09-25,24.320927
2018-09-26,24.537664
2018-09-27,24.235779
2018-09-28,25.760675
2018-10-08,23.229504
2018-10-09,23.260464
2018-10-10,22.718628
2018-10-11,22.029711
2018-10-12,21.975531
2018-10-15,20.899588
2018-10-16,21.015696
2018-10-17,21.456909
2018-10-18,21.294359
2018-10-19,21.797495
2018-10-22,22.339336
2018-10-23,21.503355
2018-10-24,21.387243
2018-10-25,21.232433
2018-10-26,21.302097
2018-10-29,20.969255
2018-10-30,21.224691
2018-10-31,20.984735
2018-11-01,21.232433
2018-11-02,21.751051
2018-11-05,21.441429
2018-11-06,21.325319
2018-11-07,20.915070
2018-11-08,21.054398
2018-11-09,21.069880
2018-11-12,21.170509
2018-11-13,21.263393
2018-11-14,20.891848
2018-11-15,20.667370
2018-11-16,20.202934
2018-11-19,19.932014
2018-11-20,19.877831
2018-11-21,19.676575
2018-11-22,19.947496
2018-11-23,19.444357
2018-11-26,19.157955
2018-11-27,19.026365
2018-11-28,19.297285
2018-11-29,19.297285
2018-11-30,19.235359
2018-12-03,19.645615
2018-12-04,19.428875
2018-12-05,19.343727
2018-12-06,19.119253
2018-12-07,19.134731
2018-12-10,18.809626
2018-12-11,18.933479
2018-12-12,19.142475
2018-12-13,19.196657
2018-12-14,19.142475
2018-12-17,19.436617
2018-12-18,19.351471
2018-12-19,19.738499
2018-12-20,19.645615
2018-12-21,19.815905
2018-12-24,20.017162
2018-12-25,20.311300
2018-12-26,20.706074
2018-12-27,21.023438
2018-12-28,20.644148
2019-01-02,19.537243
2019-01-03,19.181179
2019-01-04,19.157955
2019-01-07,19.041847
2019-01-08,18.809626
2019-01-09,19.506283
2019-01-10,19.227621
2019-01-11,19.483061
2019-01-14,19.250843
2019-01-15,19.459837
2019-01-16,19.699797
2019-01-17,19.374693
2019-01-18,19.653351
2019-01-21,20.226156
2019-01-22,19.668835
2019-01-23,19.583689
2019-01-24,19.893311
2019-01-25,20.303560
2019-01-28,20.195196
2019-01-29,20.264860
2019-01-30,20.133270
2019-01-31,20.589964
2019-02-01,20.628664
2019-02-11,20.891848
2019-02-12,20.744778
2019-02-13,21.495615
2019-02-14,21.364023
2019-02-15,20.303560
2019-02-18,21.131804
2019-02-19,21.379503
2019-02-20,21.843941
2019-02-21,22.161303
2019-02-22,21.991011
2019-02-25,22.687662
2019-02-26,22.021973
2019-02-27,21.898125
2019-02-28,21.921347
2019-03-01,22.200008
2019-03-04,22.091639
2019-03-05,21.766533
2019-03-06,21.495615
2019-03-07,20.907328
2019-03-08,20.504816
2019-03-11,20.651888
2019-03-12,20.698332
2019-03-13,19.784941
2019-03-14,19.939756
2019-03-15,19.955236
2019-03-18,20.396452
2019-03-19,20.589964
2019-03-20,20.419672
2019-03-21,20.257120
2019-03-22,20.311300
2019-03-25,19.800423
2019-03-26,19.908792
2019-03-27,19.653351
2019-03-28,19.630131
2019-03-29,20.179712
2019-04-01,20.582224
2019-04-02,20.450634
2019-04-03,21.031178
2019-04-04,22.145824
2019-04-08,21.735571
2019-04-09,22.122601
2019-04-10,22.625738
2019-04-11,22.432224
2019-04-12,21.905863
2019-04-15,21.720091
2019-04-16,22.076157
2019-04-17,23.392056
2019-04-18,22.865698
2019-04-19,22.935360
2019-04-22,21.998751
2019-04-23,21.991011
2019-04-24,21.998751
2019-04-25,21.201469
2019-04-26,20.574484
2019-05-06,20.218416
2019-05-07,20.257120
2019-05-08,20.071346
2019-05-09,19.777203
2019-05-10,20.380968
2019-05-13,19.753981
2019-05-14,19.552725
2019-05-15,19.901052
2019-05-16,20.148750
2019-05-17,19.723017
2019-05-20,19.258583
2019-05-21,19.320507
2019-05-22,18.956701
2019-05-23,18.066532
2019-05-24,18.167160
2019-05-27,18.360672
2019-05-28,19.181179
2019-05-29,18.801889
2019-05-30,18.616114
2019-05-31,18.538710
2019-06-03,18.887033
2019-06-04,19.096031
2019-06-05,18.979923
2019-06-06,19.010883
2019-06-10,18.794147
2019-06-11,19.003141
2019-06-12,19.150215
2019-06-13,19.026365
2019-06-14,18.809626
2019-06-17,18.856071
2019-06-18,18.654818
2019-06-19,18.902515
2019-06-20,19.343727
2019-06-21,19.552725
2019-06-24,19.661093
2019-06-25,19.568207
2019-06-26,19.815905
2019-06-27,19.769463
2019-06-28,19.738499
2019-07-01,20.164230
2019-07-02,20.729294
2019-07-03,20.744778
2019-07-04,20.783480
2019-07-05,20.876366
2019-07-08,20.272600
2019-07-09,20.303560
2019-07-10,19.885571
2019-07-11,19.761721
2019-07-12,19.460451
2019-07-15,19.696583
2019-07-16,19.509304
2019-07-17,19.615156
2019-07-18,19.265032
2019-07-19,19.305742
2019-07-22,19.045187
2019-07-23,19.452307
2019-07-24,20.103704
2019-07-25,19.826860
2019-07-26,19.826860
2019-07-29,20.087420
2019-07-30,20.274694
2019-07-31,20.225842
2019-08-01,20.022282
2019-08-02,19.688440
2019-08-05,19.224321
2019-08-06,19.395309
2019-08-07,19.232464
2019-08-08,19.851286
2019-08-09,19.851286
2019-08-12,19.794287
2019-08-13,19.484879
2019-08-14,19.867573
2019-08-15,20.071135
2019-08-16,19.981569
2019-08-19,19.948997
2019-08-20,19.753578
2019-08-21,19.615156
2019-08-22,19.761723
2019-08-23,20.030422
2019-08-26,19.566303
2019-08-27,20.323549
2019-08-28,20.421261
2019-08-29,20.128130
2019-08-30,20.421261
2019-09-02,20.307264
2019-09-03,20.038565
2019-09-04,20.054848
2019-09-05,20.567823
2019-09-06,21.121510
2019-09-09,21.235504
2019-09-10,20.763243
2019-09-11,20.632963
2019-09-12,20.470114
2019-09-16,20.364262
2019-09-17,20.111847
2019-09-18,20.168844
2019-09-19,20.176989
2019-09-20,20.079277
2019-09-23,19.761723
2019-09-24,19.704727
2019-09-25,19.273172
2019-09-26,19.379026
2019-09-27,19.297600
2019-09-30,19.362743
2019-10-08,19.297600
2019-10-09,19.085897
2019-10-10,19.468596
2019-10-11,19.484879
2019-10-14,19.859430
2019-10-15,19.484879
2019-10-16,19.664011
2019-10-17,19.362743
2019-10-18,19.094042
2019-10-21,18.857908
2019-10-22,18.939335
2019-10-23,18.890482
2019-10-24,18.882338
2019-10-25,18.784628
2019-10-28,19.281317
2019-10-29,19.151039
2019-10-30,18.971903
2019-10-31,19.134752
2019-11-01,19.419739
2019-11-04,19.427881
2019-11-05,19.370884
2019-11-06,19.313885
2019-11-07,19.623301
2019-11-08,19.338314
2019-11-11,19.053328
2019-11-12,18.955620
2019-11-13,18.784628
2019-11-14,18.703205
2019-11-15,18.866051
2019-11-18,18.581068
2019-11-19,18.581068
2019-11-20,18.540356
2019-11-21,18.369362
2019-11-22,18.320507
2019-11-25,18.809055
2019-11-26,19.077755
2019-11-27,19.012615
2019-11-28,18.760201
2019-11-29,18.931190
2019-12-02,18.874193
2019-12-03,18.898621
2019-12-04,18.532209
2019-12-05,18.564781
2019-12-06,18.524069
2019-12-09,18.467073
2019-12-10,18.857908
2019-12-11,19.069613
2019-12-12,19.151039
2019-12-13,19.297600
2019-12-16,19.395309
2019-12-17,19.460451
2019-12-18,19.444166
2019-12-19,19.436024
2019-12-20,19.525589
2019-12-23,19.297600
2019-12-24,19.232464
2019-12-25,19.232464
2019-12-26,19.265032
2019-12-27,19.444166
2019-12-30,19.419739
2019-12-31,19.419739
2020-01-02,19.680298
2020-01-03,19.623301
2020-01-06,19.020760
2020-01-07,19.159184
2020-01-08,19.452307
2020-01-09,20.315407
2020-01-10,20.396832
2020-01-13,20.600395
2020-01-14,20.331690
2020-01-15,19.997852
2020-01-16,20.193270
2020-01-17,20.144417
2020-01-20,19.664011
2020-01-21,18.809055
2020-01-22,18.898621
2020-01-23,18.410076
2020-02-03,16.692017
2020-02-04,16.610594
2020-02-05,17.009573
2020-02-06,17.107285
2020-02-07,17.302702
2020-02-10,17.424839
2020-02-11,17.367842
2020-02-12,17.628401
2020-02-13,17.555117
2020-02-14,17.498119
2020-02-17,18.515926
2020-02-18,18.385649
2020-02-19,18.524069
2020-02-20,18.727631
2020-02-21,19.419739
2020-02-24,19.297600
2020-02-25,19.281317
2020-02-26,19.142897
2020-02-27,19.012615
2020-02-28,18.084375
2020-03-02,18.890482
2020-03-03,19.134752
2020-03-04,19.281317
2020-03-05,19.224321
2020-03-06,18.662491
2020-03-09,18.125092
2020-03-10,18.971903
2020-03-11,18.646208
2020-03-12,18.458931
2020-03-13,18.043665
2020-03-16,16.985146
2020-03-17,16.863010
2020-03-18,16.366322
2020-03-19,15.486936
2020-03-20,15.511361
2020-03-23,14.412133
2020-03-24,15.470652
2020-03-25,16.716446
2020-03-26,16.358177
2020-03-27,16.716446
2020-03-30,17.164282
2020-03-31,16.692017
2020-04-01,16.056906
2020-04-02,15.837062
2020-04-03,15.739353
2020-04-07,15.812636
2020-04-08,15.706784
2020-04-09,15.853345
2020-04-10,15.405509
2020-04-13,15.210094
2020-04-14,15.429939
2020-04-15,15.136809
2020-04-16,15.446222
2020-04-17,15.470652
2020-04-20,15.307803
2020-04-21,15.153097
2020-04-22,15.104241
2020-04-23,14.957677
2020-04-24,14.868110
2020-04-27,14.648264
2020-04-28,14.542412
2020-04-29,14.729689
2020-04-30,15.389226
2020-05-06,15.975483
2020-05-07,15.999908
2020-05-08,16.521029
2020-05-11,16.366322
2020-05-12,16.113905
2020-05-13,15.894058
2020-05-14,15.421795
2020-05-15,15.144955
2020-05-18,15.047244
2020-05-19,15.234520
2020-05-20,15.153097
2020-05-21,15.071671
2020-05-22,14.949535
2020-05-25,15.267092
2020-05-26,15.299662
2020-05-27,14.843682
2020-05-28,14.802970
2020-05-29,14.591267
2020-06-01,14.900678
2020-06-02,14.843682
2020-06-03,15.421795
2020-06-04,14.843682
2020-06-05,14.843682
2020-06-08,14.900678
2020-06-09,14.900678
2020-06-10,14.745975
2020-06-11,14.697118
2020-06-12,14.648264
2020-06-15,14.428417
2020-06-16,14.493556
2020-06-17,14.550555
2020-06-18,14.526129
2020-06-19,14.859966
2020-06-22,14.754118
2020-06-23,14.631980
2020-06-24,14.811115
2020-06-29,14.640121
2020-06-30,14.545944
2020-07-01,14.768542
2020-07-02,15.290793
2020-07-03,15.967152
2020-07-06,16.917473
2020-07-07,16.438034
2020-07-08,16.420908
2020-07-09,16.540770
2020-07-10,16.206871
2020-07-13,16.472277
2020-07-14,17.259933
2020-07-15,16.446592
2020-07-16,15.830168
2020-07-17,15.890096
2020-07-20,16.335293
2020-07-21,16.206871
2020-07-22,16.215431
2020-07-23,15.915780
2020-07-24,15.376407
2020-07-27,15.479145
2020-07-28,15.419215
2020-07-29,15.718868
2020-07-30,15.513394
2020-07-31,15.564760
2020-08-03,15.735991
2020-08-04,15.753111
2020-08-05,15.573325
2020-08-06,15.641814
2020-08-07,15.496268
2020-08-10,15.667497
2020-08-11,15.701743
2020-08-12,15.684621
2020-08-13,15.735991
2020-08-14,15.795921
2020-08-17,16.155506
2020-08-18,16.069889
2020-08-19,15.761677
2020-08-20,15.547641
2020-08-21,15.641814
2020-08-24,15.958589
2020-08-25,16.001396
2020-08-26,15.667497
2020-08-27,16.438034
2020-08-28,16.215431
2020-08-31,15.975712
2020-09-01,16.283924
2020-09-02,16.189747
2020-09-03,16.446592
2020-09-04,16.489399
2020-09-07,16.609261
2020-09-08,17.157196
2020-09-09,16.438034
2020-09-10,16.386663
2020-09-11,16.258240
2020-09-14,16.634945
2020-09-15,16.840422
2020-09-16,17.028770
2020-09-17,17.396917
2020-09-18,17.336987
2020-09-21,17.234249
2020-09-22,16.900352
2020-09-23,16.977407
2020-09-24,16.523643
2020-09-25,16.446592
2020-09-28,16.515087
2020-09-29,16.378099
2020-09-30,16.378099
2020-10-09,16.951721
2020-10-12,17.208565
2020-10-13,17.696569
2020-10-14,17.551022
2020-10-15,17.516777
2020-10-16,17.628078
2020-10-19,17.542461
2020-10-20,18.073275
2020-10-21,18.424295
2020-10-22,18.098957
2020-10-23,18.193134
2020-10-26,18.116081
2020-10-27,18.056152
2020-10-28,18.595524
2020-10-29,19.434547
2020-10-30,19.819813
2020-11-02,20.633156
2020-11-03,20.384871
2020-11-04,21.754707
2020-11-05,23.544052
2020-11-06,23.732409
2020-11-09,24.314589
2020-11-10,22.901945
2020-11-11,22.473871
2020-11-12,22.619417
2020-11-13,22.422503
2020-11-16,22.174219
2020-11-17,22.311203
2020-11-18,21.960182
2020-11-19,22.268396
2020-11-20,23.218719
2020-11-23,22.987560
2020-11-24,22.302639
2020-11-25,22.413942
2020-11-26,21.360878
2020-11-27,23.184473
2020-11-30,22.696470
2020-12-01,22.687910
2020-12-02,22.011553
2020-12-03,21.934498
2020-12-04,21.609161
2020-12-07,20.838627
2020-12-08,20.855751
2020-12-09,20.273571
2020-12-10,20.342062
2020-12-11,20.376310
2020-12-14,20.864313
2020-12-15,20.804380
2020-12-16,20.401995
2020-12-17,20.855751
2020-12-18,21.121159
2020-12-21,21.206774
2020-12-22,19.888306
2020-12-23,20.847191
2020-12-24,20.479046
2020-12-25,20.033850
2020-12-28,22.037237
2020-12-29,20.393431
2020-12-30,20.898558
2020-12-31,20.924244
2021-01-04,20.162271
2021-01-05,19.443108
2021-01-06,19.665709
2021-01-07,19.888306
2021-01-08,21.874569
2021-01-11,22.627979
2021-01-12,22.396818
2021-01-13,21.446493
2021-01-14,21.506424
2021-01-15,22.002989
2021-01-18,21.206774
2021-01-19,20.282133
2021-01-20,20.076660
2021-01-21,20.316378
2021-01-22,20.179396
2021-01-25,19.734196
2021-01-26,19.434547
2021-01-27,20.008167
2021-01-28,19.434547
2021-01-29,18.783876
2021-02-01,18.561279
2021-02-02,19.391741
2021-02-03,18.963665
2021-02-04,18.544153
2021-02-05,18.467100
2021-02-08,18.595524
2021-02-09,18.210257
2021-02-10,18.775314
2021-02-18,18.826681
2021-02-19,19.092089
2021-02-22,19.092089
2021-02-23,18.723946
2021-02-24,18.244501
2021-02-25,18.535593
2021-02-26,18.193134
2021-03-01,18.167450
2021-03-02,17.884920
2021-03-03,18.124641
2021-03-04,17.739376
2021-03-05,17.842113
2021-03-08,17.508219
2021-03-09,17.516777
2021-03-10,17.105825
2021-03-11,17.182878
2021-03-12,17.414040
2021-03-15,17.191441
2021-03-16,17.388353
2021-03-17,17.568146
2021-03-18,17.482534
2021-03-19,17.157196
2021-03-22,17.559586
2021-03-23,17.422602
2021-03-24,17.277054
2021-03-25,17.080143
2021-03-26,17.208565
2021-03-29,17.020212
2021-03-30,16.943159
2021-03-31,16.840422
2021-04-01,16.951721
2021-04-02,17.037334
2021-04-06,17.182878
2021-04-07,17.217125
2021-04-08,17.405478
2021-04-09,17.148634
2021-04-12,17.148634
2021-04-13,16.985968
2021-04-14,17.080143
2021-04-15,16.934599
2021-04-16,17.533899
2021-04-19,18.278751
2021-04-20,17.602390
2021-04-21,17.191441
2021-04-22,17.208565
2021-04-23,17.071581
2021-04-26,16.977407
2021-04-27,16.771929
2021-04-28,16.634945
2021-04-29,16.908913
2021-04-30,17.174316
2021-05-06,17.354109
2021-05-07,17.071581
2021-05-10,17.362669
2021-05-11,17.208565
2021-05-12,17.670885
2021-05-13,17.234249
2021-05-14,17.439726
2021-05-17,17.619514
2021-05-18,17.465408
2021-05-19,17.696569
2021-05-20,17.499655
2021-05-21,17.285616
2021-05-24,17.105825
2021-05-25,17.319862
2021-05-26,17.396917
2021-05-27,17.379793
2021-05-28,17.448286
2021-05-31,17.362669
2021-06-01,17.414040
2021-06-02,17.465408
2021-06-03,17.319862
2021-06-04,17.234249
2021-06-07,17.174316
2021-06-08,17.225689
2021-06-09,17.140072
2021-06-10,17.080143
2021-06-11,17.045897
2021-06-15,18.064713
2021-06-16,17.533899
2021-06-17,17.354109
2021-06-18,18.578402
2021-06-21,18.201694
2021-06-22,18.920858
2021-06-23,18.878050
2021-06-24,18.826681
2021-06-25,19.323246
2021-06-28,19.186264
2021-06-29,18.621208
2021-06-30,18.809559
2021-07-01,18.458538
2021-07-02,18.013344
2021-07-05,18.047590
2021-07-06,18.021904
2021-07-07,18.372923
2021-07-08,18.227379
2021-07-09,18.775314
2021-07-12,18.664015
2021-07-13,18.561279
2021-07-14,17.807867
2021-07-15,17.568146
2021-07-16,17.799307
2021-07-19,17.679443
2021-07-20,17.473970
2021-07-21,17.533899
2021-07-22,17.448286
2021-07-23,17.722252
2021-07-26,17.054457
2021-07-27,16.977407
2021-07-28,16.301048
2021-07-29,16.343857
2021-07-30,16.228819
2021-08-02,16.733206
2021-08-03,16.591625
2021-08-04,16.786299
2021-08-05,16.857088
2021-08-06,16.954426
2021-08-09,16.892487
2021-08-10,16.919035
2021-08-11,16.910183
2021-08-12,17.432266
2021-08-13,17.051764
2021-08-16,16.963276
2021-08-17,16.556227
2021-08-18,16.653566
2021-08-19,16.591625
2021-08-20,16.264215
2021-08-23,16.290764
2021-08-24,16.450041
2021-08-25,16.423494
2021-08-26,16.255367
2021-08-27,16.715506
2021-08-30,17.149101
2021-08-31,17.096010
2021-09-01,17.396872
2021-09-02,17.582697
2021-09-03,17.202194
2021-09-06,17.653488
2021-09-07,18.529526
2021-09-08,18.449886
2021-09-09,18.547222
2021-09-10,18.582619
2021-09-13,18.290607
2021-09-14,18.078234
2021-09-15,17.883556
2021-09-16,17.706581
2021-09-17,17.795069
2021-09-22,17.653488
2021-09-23,17.715427
2021-09-24,17.414568
2021-09-27,17.458813
2021-09-28,17.281836
2021-09-29,16.989822
2021-09-30,16.883636
2021-10-08,17.299530
2021-10-11,17.485359
2021-10-12,17.299530
2021-10-13,17.918955
2021-10-14,18.184418
2021-10-15,18.423336
2021-10-18,18.591469
2021-10-19,18.547222
2021-10-20,18.564920
2021-10-21,18.564920
2021-10-22,18.547222
2021-10-25,18.556072
2021-10-26,18.343697
2021-10-27,18.033989
2021-10-28,17.556150
2021-10-29,17.945499
2021-11-01,17.671185
2021-11-02,17.892408
2021-11-03,17.865860
2021-11-04,18.281757
2021-11-05,20.113472
2021-11-08,20.361240
2021-11-09,19.609087
2021-11-10,18.954273
2021-11-11,18.865782
2021-11-12,18.918877
2021-11-15,18.706503
2021-11-16,18.246361
2021-11-17,18.370247
2021-11-18,18.264061
2021-11-19,18.299456
2021-11-22,18.476433
2021-11-23,18.618015
2021-11-24,18.228662
2021-11-25,18.193266
2021-11-26,17.839314
2021-11-29,17.777372
2021-11-30,17.653488
2021-12-01,17.865860
2021-12-02,18.219816
2021-12-03,18.157873
2021-12-06,17.918955
2021-12-07,18.458733
2021-12-08,18.520678
2021-12-09,19.281679
2021-12-10,19.317076
2021-12-13,19.228584
2021-12-14,18.821537
2021-12-15,18.697653
2021-12-16,18.856934
2021-12-17,18.538374
2021-12-20,18.219816
2021-12-21,18.467585
2021-12-22,18.272905
2021-12-23,18.423336
2021-12-24,18.219816
2021-12-27,18.414490
2021-12-28,18.441038
2021-12-29,18.219816
2021-12-30,18.166721
2021-12-31,18.255209
2022-01-04,18.308304
2022-01-05,18.538374
2022-01-06,18.237513
2022-01-07,18.281757
2022-01-10,18.361395
2022-01-11,17.972044
2022-01-12,18.025141
2022-01-13,17.803919
2022-01-14,17.538450
2022-01-17,17.688881
2022-01-18,17.812767
2022-01-19,17.733128
2022-01-20,17.759674
2022-01-21,17.476509
2022-01-24,17.272987
2022-01-25,16.865936
2022-01-26,16.936729
2022-01-27,16.662416
2022-01-28,16.511984
2022-02-07,16.750902
2022-02-08,16.901333
2022-02-09,16.989822
2022-02-10,16.919035
2022-02-11,16.883636
2022-02-14,16.635868
2022-02-15,16.635868
2022-02-16,16.795147
2022-02-17,16.697813
2022-02-18,16.724358
2022-02-21,16.662416
2022-02-22,16.335005
2022-02-23,16.582775
2022-02-24,16.219973
2022-02-25,16.255367
2022-02-28,16.025297
2022-03-01,16.281912
2022-03-02,16.281912
2022-03-03,16.379251
2022-03-04,16.503136
2022-03-07,16.211123
2022-03-08,15.733285
2022-03-09,15.742130
2022-03-10,16.025297
2022-03-11,15.883715
2022-03-14,15.750981
2022-03-15,15.025373
2022-03-16,15.273143
2022-03-17,15.388177
2022-03-18,15.458966
2022-03-21,15.211202
2022-03-22,15.317386
2022-03-23,15.228896
2022-03-24,15.149259
2022-03-25,15.025373
2022-03-28,15.016524
2022-03-29,14.821849
2022-03-30,14.998828
2022-03-31,15.043072
2022-04-01,15.087316
2022-04-06,15.087316
2022-04-07,14.972281
2022-04-08,14.989980
2022-04-11,14.494441
2022-04-12,14.627176
2022-04-13,14.432500
2022-04-14,14.600629
2022-04-15,14.910339
2022-04-18,14.998828
2022-04-19,14.804152
2022-04-20,14.609478
2022-04-21,14.335162
2022-04-22,14.344010
2022-04-25,13.724590
2022-04-26,13.326391
2022-04-27,13.397183
2022-04-28,13.653800
2022-04-29,14.113941
2022-05-05,14.680268
2022-05-06,14.459047
2022-05-09,14.122789
2022-05-10,14.051999
2022-05-11,14.149336
2022-05-12,13.981209
2022-05-13,14.689117
2022-05-16,14.317465
2022-05-17,14.600629
2022-05-18,14.582930
2022-05-19,14.627176
2022-05-20,14.866094
2022-05-23,15.166955
2022-05-24,15.228896
2022-05-25,15.343933
2022-05-26,15.237747
2022-05-27,15.158107
2022-05-30,15.308537
2022-05-31,15.211202
2022-06-01,15.627096
2022-06-02,15.706736
2022-06-06,15.618248
2022-06-07,15.246596
2022-06-08,15.423573
2022-06-09,15.140410
2022-06-10,15.529759
2022-06-13,15.600549
2022-06-14,16.175726
2022-06-15,16.149179
2022-06-16,15.812924
2022-06-17,15.830620
2022-06-20,15.866016
2022-06-21,15.750981
2022-06-22,15.538608
2022-06-23,16.246519
2022-06-24,16.096088
2022-06-27,16.290764
2022-06-28,16.582775
2022-06-29,15.857166
2022-06-30,15.759830
2022-07-01,15.450119
2022-07-04,15.237747
2022-07-05,15.317386
2022-07-06,15.175805
2022-07-07,15.547458
2022-07-08,16.423494
2022-07-11,15.423573
2022-07-12,15.264293
2022-07-13,15.264293
2022-07-14,15.096165
2022-07-15,14.867575
2022-07-18,15.457484
2022-07-19,15.356092
2022-07-20,15.153314
2022-07-21,14.932097
2022-07-22,15.042704
2022-07-25,14.747749
2022-07-26,14.812271
2022-07-27,14.747749
2022-07-28,14.821487
2022-07-29,14.922879
2022-08-01,15.098008
2022-08-02,14.627924
2022-08-03,14.646358
2022-08-04,14.674011
2022-08-05,14.821487
2022-08-08,14.932097
2022-08-09,14.895226
2022-08-10,14.895226
2022-08-11,15.079574
2022-08-12,15.107224
2022-08-15,15.061140
2022-08-16,15.098008
2022-08-17,15.263920
2022-08-18,15.079574
2022-08-19,14.996618
2022-08-22,15.180964
2022-08-23,15.015053
2022-08-24,14.720098
2022-08-25,14.913661
2022-08-26,14.637141
2022-08-29,14.286882
2022-08-30,14.268447
2022-08-31,14.259231
2022-09-01,14.102534
2022-09-02,14.065666
2022-09-05,14.019580
2022-09-06,14.213143
2022-09-07,14.194709
2022-09-08,14.148623
2022-09-09,14.268447
2022-09-13,14.425142
2022-09-14,14.231578
2022-09-15,14.139404
2022-09-16,13.844450
2022-09-19,13.835232
2022-09-20,13.724624
2022-09-21,13.752275
2022-09-22,13.650887
2022-09-23,13.614017
2022-09-26,13.411236
2022-09-27,13.503407
2022-09-28,13.355930
2022-09-29,13.153150
2022-09-30,13.180801
2022-10-10,13.088627
2022-10-11,13.051757
2022-10-12,13.226888
2022-10-13,13.079411
2022-10-14,13.420452
2022-10-17,13.558712
2022-10-18,13.521842
2022-10-19,13.263757
2022-10-20,13.226888
2022-10-21,13.097845
2022-10-24,12.821324
2022-10-25,13.079411
2022-10-26,13.051757
2022-10-27,13.208453
2022-10-28,12.941150
2022-10-31,12.673847
2022-11-01,13.005672
2022-11-02,13.208453
2022-11-03,13.060976
2022-11-04,13.365148
2022-11-07,13.374365
2022-11-08,13.263757
2022-11-09,13.162366
2022-11-10,13.134713
2022-11-11,13.374365
2022-11-14,13.263757
2022-11-15,13.438887
2022-11-16,13.411236
2022-11-17,13.374365
2022-11-18,13.282191
2022-11-21,13.236105
2022-11-22,13.300627
2022-11-23,13.411236
2022-11-24,13.383583
2022-11-25,13.503407
2022-11-28,13.236105
2022-11-29,13.614017
2022-11-30,13.991928
2022-12-01,13.890535
2022-12-02,13.881319
2022-12-05,14.065666
2022-12-06,14.093318
2022-12-07,14.038013
2022-12-08,14.047231
2022-12-09,14.047231
2022-12-12,13.862885
2022-12-13,13.927404
2022-12-14,13.955058
2022-12-15,13.945840
2022-12-16,14.056448
2022-12-19,13.853666
2022-12-20,13.567930
2022-12-21,13.540277
2022-12-22,13.614017
2022-12-23,13.521842
2022-12-26,13.558712
2022-12-27,13.604799
2022-12-28,13.484973
2022-12-29,13.208453
2022-12-30,13.282191
2023-01-03,13.282191
2023-01-04,13.282191
2023-01-05,13.337496
2023-01-06,13.337496
2023-01-09,13.346712
2023-01-10,13.355930
2023-01-11,13.300627
2023-01-12,13.254540
2023-01-13,13.383583
2023-01-16,13.549494
2023-01-17,13.577146
2023-01-18,13.567930
2023-01-19,13.595581
2023-01-20,13.678537
2023-01-30,13.844450
2023-01-31,13.844450
2023-02-01,14.001144
2023-02-02,13.789145
2023-02-03,13.678537
2023-02-06,13.687755
2023-02-07,13.733842
2023-02-08,13.687755
2023-02-09,13.733842
2023-02-10,13.669320
2023-02-13,13.715406
2023-02-14,13.752275
2023-02-15,13.779928
2023-02-16,13.650887
2023-02-17,13.549494
2023-02-20,13.826015
2023-02-21,14.019580
2023-02-22,13.945840
2023-02-23,13.955058
2023-02-24,13.789145
2023-02-27,13.724624
2023-02-28,13.853666
2023-03-01,14.001144
2023-03-02,14.019580
2023-03-03,14.084101
2023-03-06,14.010362
2023-03-07,13.955058
2023-03-08,13.908972
2023-03-09,13.761495
2023-03-10,13.143932
2023-03-13,13.005672
2023-03-14,12.950368
2023-03-15,13.005672
2023-03-16,13.060976
2023-03-17,13.097845
2023-03-20,13.070193
2023-03-21,13.088627
2023-03-22,13.171583
2023-03-23,13.190019
2023-03-24,13.143932
2023-03-27,13.116279
2023-03-28,13.153150
2023-03-29,13.134713
2023-03-30,13.226888
2023-03-31,13.236105
2023-04-03,13.245322
2023-04-04,13.346712
2023-04-06,13.190019
2023-04-07,13.199235
2023-04-10,13.116279
2023-04-11,13.079411
2023-04-12,13.060976
2023-04-13,13.088627
2023-04-14,13.143932
2023-04-17,13.337496
2023-04-18,13.411236
2023-04-19,13.236105
2023-04-20,13.125497
2023-04-21,12.839760
2023-04-24,12.775238
2023-04-25,12.710716
2023-04-26,12.729153
2023-04-27,12.876628
2023-04-28,13.014889
2023-05-04,12.858193
2023-05-05,12.766021
2023-05-08,12.922716
2023-05-09,12.941150
2023-05-10,13.143932
2023-05-11,13.024106
2023-05-12,12.913498
2023-05-15,12.968801
2023-05-16,12.876628
2023-05-17,12.848976
2023-05-18,12.729153
2023-05-19,12.609325
2023-05-22,12.664630
2023-05-23,12.590891
2023-05-24,12.351239
2023-05-25,12.185328
2023-05-26,12.166894
2023-05-29,12.424978
2023-05-30,12.461848
2023-05-31,12.369675
2023-06-01,12.434196
2023-06-02,12.572457
2023-06-05,12.544804
2023-06-06,12.415761
2023-06-07,12.388108
2023-06-08,12.544804
2023-06-09,12.719934
2023-06-12,12.784454
2023-06-13,12.839760
2023-06-14,12.941150
2023-06-15,13.033323
2023-06-16,12.968801
2023-06-19,13.042541
2023-06-20,13.014889
2023-06-21,12.987237
2023-06-26,12.941150
2023-06-27,12.978020
2023-06-28,13.024106
2023-06-29,13.042541
2023-06-30,13.060976
2023-07-03,13.162366
2023-07-04,13.319061
2023-07-05,13.245322
2023-07-06,13.309843
2023-07-07,13.282191
2023-07-10,13.199235
2023-07-11,13.402017
2023-07-12,13.309843
2023-07-13,13.319061
2023-07-14,13.282191
2023-07-17,13.236105
2023-07-18,13.346712
2023-07-19,13.476094
2023-07-20,13.277917
2023-07-21,13.372287
2023-07-24,13.428908
2023-07-25,13.636524
2023-07-26,13.589339
2023-07-27,13.796954
2023-07-28,14.315991
2023-07-31,14.617976
2023-08-01,14.485859
2023-08-02,14.466984
2023-08-03,14.410361
2023-08-04,14.438672
2023-08-07,14.448111
2023-08-08,14.466984
2023-08-09,14.438672
2023-08-10,14.372614
2023-08-11,13.966822
2023-08-14,13.655398
2023-08-15,13.608212
2023-08-16,13.542154
2023-08-17,13.579902
2023-08-18,13.410035
2023-08-21,13.183546
2023-08-22,13.249605
2023-08-23,13.183546
2023-08-24,13.164672
2023-08-25,13.249605
2023-08-28,13.428908
2023-08-29,13.494969
2023-08-30,13.343977
2023-08-31,13.551591
2023-09-01,13.721457
2023-09-04,13.910199
2023-09-05,13.881888
2023-09-06,13.966822
2023-09-07,13.900761
2023-09-08,13.768644
2023-09-11,14.051754
2023-09-12,14.108377
2023-09-13,14.042317
2023-09-14,13.995131
2023-09-15,13.910199
2023-09-18,14.004569
2023-09-19,14.098939
2023-09-20,14.136687
2023-09-21,14.070628
2023-09-22,14.212184
2023-09-25,14.127252
2023-09-26,14.023442
2023-09-27,14.004569
2023-09-28,13.966822
2023-10-09,14.127252
2023-10-10,14.080065
2023-10-11,13.985695
2023-10-12,14.315991
2023-10-13,14.268806
2023-10-16,14.268806
2023-10-17,14.221621
2023-10-18,14.325429
2023-10-19,13.910199
2023-10-20,13.778080
2023-10-23,13.730896
2023-10-24,13.683710
2023-10-25,13.985695
2023-10-26,14.155562
2023-10-27,14.315991
2023-10-30,13.966822
2023-10-31,13.702585
2023-11-01,13.702585
2023-11-02,13.947948
2023-11-03,13.995131
2023-11-06,14.164999
2023-11-07,14.080065
2023-11-08,14.070628
2023-11-09,14.032880
2023-11-10,13.778080
2023-11-13,13.627087
2023-11-14,13.589339
2023-11-15,13.664835
2023-11-16,13.513843
2023-11-17,13.664835
2023-11-20,13.627087
2023-11-21,13.617651
2023-11-22,13.561028
2023-11-23,13.863013
2023-11-24,13.759207
2023-11-27,14.617976
2023-11-28,14.504732
2023-11-29,14.202746
2023-11-30,14.042317
2023-12-01,14.023442
2023-12-04,13.881888
2023-12-05,13.627087
2023-12-06,13.296791
2023-12-07,13.249605
2023-12-08,13.325103
2023-12-11,13.202420
2023-12-12,13.211858
2023-12-13,12.994806
2023-12-14,12.843813
2023-12-15,12.730569
2023-12-18,12.711695
2023-12-19,12.692821
2023-12-20,12.532391
2023-12-21,12.598450
2023-12-22,12.645635
2023-12-25,12.626760
2023-12-26,12.541827
2023-12-27,12.551265
2023-12-28,12.758880
2023-12-29,12.768316
2024-01-02,12.664510
2024-01-03,12.740005
2024-01-04,12.664510
2024-01-05,12.589013
2024-01-08,12.381398
2024-01-09,12.475769
2024-01-10,12.475769
2024-01-11,12.626760
2024-01-12,12.570138
2024-01-15,12.570138
2024-01-16,12.702258
2024-01-17,12.504080
2024-01-18,12.617324
2024-01-19,12.655072
2024-01-22,12.494643
2024-01-23,12.456895
2024-01-24,12.749442
2024-01-25,12.985368
2024-01-26,13.108051
2024-01-29,13.126925
2024-01-30,12.938184
2024-01-31,12.900436
2024-02-01,12.938184
2024-02-02,12.975931
2024-02-05,13.004242
2024-02-06,13.353414
2024-02-07,13.598776
2024-02-08,13.759207
2024-02-19,13.730896
2024-02-20,13.806391
2024-02-21,13.900761
2024-02-22,14.014006
2024-02-23,14.061192
2024-02-26,13.947948
2024-02-27,14.051754
2024-02-28,13.929073
2024-02-29,14.117814
2024-03-01,14.136687
2024-03-04,14.127252
2024-03-05,14.325429
2024-03-06,14.164999
2024-03-07,14.155562
2024-03-08,14.155562
2024-03-11,14.136687
2024-03-12,14.070628
2024-03-13,13.995131
2024-03-14,13.844139
2024-03-15,13.806391
2024-03-18,14.004569
2024-03-19,13.910199
2024-03-20,14.061192
2024-03-21,14.061192
2024-03-22,14.014006
2024-03-25,13.900761
2024-03-26,14.164999
2024-03-27,14.127252
2024-03-28,14.108377
2024-03-29,14.221621
2024-04-01,14.410361
2024-04-02,14.429235
2024-04-03,14.485859
2024-04-08,14.448111
2024-04-09,14.438672
2024-04-10,14.419799
2024-04-11,14.410361
2024-04-12,14.174437
2024-04-15,14.353741
2024-04-16,14.372614
2024-04-17,14.334866
2024-04-18,14.495295
2024-04-19,14.372614
2024-04-22,14.240496
2024-04-23,14.164999
2024-04-24,14.098939
2024-04-25,14.287681
2024-04-26,14.344302
2024-04-29,14.419799
2024-04-30,14.023442
2024-05-06,13.966822
2024-05-07,13.740333
2024-05-08,13.730896
2024-05-09,13.749769
2024-05-10,13.787516
2024-05-13,13.778080
2024-05-14,13.778080
2024-05-15,13.645962
2024-05-16,13.589339
2024-05-17,13.702585
2024-05-20,13.608212
2024-05-21,13.655398
2024-05-22,13.617651
2024-05-23,13.381724
2024-05-24,13.391161
2024-05-27,13.570465
2024-05-28,13.296791
2024-05-29,13.334539
2024-05-30,13.428908
2024-05-31,13.277917
2024-06-03,13.589339
2024-06-04,13.457221
2024-06-05,13.372287
2024-06-06,13.343977
2024-06-07,13.315665
2024-06-11,13.306229
2024-06-12,13.391161
2024-06-13,13.183546
2024-06-14,13.494969
2024-06-17,13.513843
2024-06-18,13.551591
2024-06-19,13.362850
2024-06-20,13.230732
2024-06-21,13.259044
2024-06-24,13.211858
2024-06-25,13.174109
2024-06-26,13.155235
2024-06-27,13.013680
2024-06-28,13.079740
2024-07-01,13.079740
2024-07-02,12.975931
2024-07-03,12.994806
2024-07-04,12.928746
2024-07-05,12.928746
2024-07-08,12.626760
2024-07-09,12.740005
2024-07-10,13.041990
2024-07-11,13.230732
2024-07-12,13.400598
2024-07-15,13.428908
2024-07-16,13.702585
2024-07-17,13.976259
2024-07-18,13.938511
2024-07-19,14.032880
2024-07-22,14.070628
2024-07-23,13.863013
2024-07-24,13.674273
2024-07-25,13.683710
2024-07-26,13.617651
2024-07-29,13.778080
2024-07-30,13.636524
2024-07-31,13.853577
2024-08-01,13.900761
2024-08-02,13.730896
2024-08-05,13.702585
2024-08-06,13.447783
2024-08-07,13.381724
2024-08-08,13.287354
2024-08-09,13.079740
2024-08-12,12.966495
2024-08-13,12.881561
2024-08-14,12.579576
2024-08-15,12.702258
2024-08-16,12.692981
2024-08-19,12.702684
2024-08-20,12.498898
2024-08-21,12.460082
2024-08-22,12.295113
2024-08-23,12.615347
2024-08-26,12.498898
2024-08-27,12.382449
2024-08-28,12.178662
2024-08-29,12.178662
2024-08-30,12.188367
2024-09-02,11.809906
2024-09-03,11.868131
2024-09-04,11.732273
2024-09-05,11.790498
2024-09-06,11.916651
2024-09-09,11.780794
2024-09-10,11.441150
2024-09-11,11.470263
2024-09-12,11.324700
2024-09-13,11.208251
2024-09-18,11.431445
2024-09-19,11.479966
2024-09-20,11.509078
2024-09-23,11.538192
2024-09-24,11.868131
2024-09-25,12.188367
2024-09-26,12.828838
2024-09-27,13.168481
2024-09-30,14.197118
2024-10-08,14.468833
2024-10-09,13.187890
2024-10-10,13.508125
2024-10-11,13.265524
2024-10-14,13.226707
2024-10-15,12.809430
2024-10-16,12.683275
2024-10-17,12.421266
2024-10-18,12.722093
2024-10-21,12.557122
2024-10-22,12.731797
2024-10-23,13.052032
2024-10-24,12.790022
2024-10-25,12.954991
2024-10-28,13.052032
2024-10-29,12.906471
2024-10-30,12.790022
2024-10-31,12.489194
2024-11-01,12.508603
2024-11-04,12.780318
2024-11-05,12.877359
2024-11-06,12.887062
2024-11-07,13.158778
2024-11-08,13.032625
2024-11-11,13.420789
2024-11-12,14.759957
2024-11-13,16.234982
2024-11-14,16.225277
2024-11-15,16.759005
2024-11-18,17.807049
2024-11-19,16.031195
2024-11-20,16.642553
2024-11-21,17.739120
2024-11-22,17.447994
2024-11-25,18.923021
2024-11-26,17.826458
2024-11-27,17.399477
2024-11-28,16.914270
2024-11-29,17.059832
2024-12-02,18.437817
2024-12-03,18.369888
2024-12-04,17.321842
2024-12-05,17.739120
2024-12-06,17.234507
2024-12-09,17.535334
2024-12-10,17.438292
2024-12-11,17.195688
2024-12-12,16.904566
2024-12-13,18.185509
2024-12-16,17.690598
2024-12-17,17.729416
2024-12-18,18.418406
2024-12-19,17.787640
2024-12-20,17.651783
2024-12-23,17.593557
2024-12-24,18.069061
2024-12-25,18.292253
2024-12-26,18.282549
2024-12-27,19.223848
2024-12-30,20.417456
2024-12-31,20.145741
2025-01-02,18.466928
2025-01-03,17.477108
2025-01-06,17.341251
2025-01-07,18.039948
2025-01-08,17.360659
2025-01-09,16.894861
2025-01-10,17.108351
2025-01-13,15.788593
2025-01-14,16.545513
2025-01-15,15.817704
2025-01-16,16.380543
2025-01-17,16.302910
2025-01-20,16.584330
2025-01-21,16.409655
2025-01-22,15.788593
2025-01-23,15.788593
2025-01-24,16.438768
2025-01-27,16.652258
2025-02-05,16.545513
2025-02-06,16.477583
2025-02-07,17.515924
2025-02-10,17.642078
2025-02-11,18.447519
2025-02-12,17.855568
2025-02-13,17.981722
2025-02-14,17.787640
2025-02-17,17.904091
2025-02-18,17.059832
2025-02-19,17.137465
2025-02-20,17.166578
2025-02-21,16.788116
2025-02-24,16.865749
2025-02-25,16.516401
2025-02-26,16.380543
2025-02-27,16.477583
2025-02-28,15.963266
2025-03-03,16.099123
2025-03-04,16.070011
2025-03-05,15.934154
2025-03-06,16.157349
2025-03-07,15.914745
2025-03-10,15.759480
2025-03-11,15.264570
2025-03-12,15.186937
2025-03-13,14.866701
2025-03-14,15.138417
2025-03-17,15.109304
2025-03-18,15.235457
2025-03-19,15.148121
2025-03-20,15.128714
2025-03-21,14.866701
2025-03-24,14.837589
2025-03-25,14.798773
2025-03-26,14.944335
2025-03-27,15.031672
2025-03-28,14.983150
2025-03-31,15.322795
2025-04-01,15.254867
2025-04-02,15.196642
2025-04-03,15.012264
2025-04-07,13.508125
2025-04-08,14.187414
2025-04-09,14.750252
2025-04-10,14.604691
2025-04-11,14.711436
2025-04-14,15.041376
2025-04-15,14.963743
2025-04-16,15.283978
2025-04-17,15.051080
2025-04-18,14.895815
2025-04-21,14.905518
2025-04-22,14.827886
2025-04-23,14.954039
2025-04-24,15.070488
2025-04-25,15.254867
2025-04-28,15.031672
2025-04-29,15.128714
2025-04-30,15.759480
2025-05-06,15.895338
2025-05-07,15.982675
2025-05-08,16.050604
2025-05-09,16.060308
2025-05-12,15.963266
2025-05-13,16.137939
2025-05-14,16.186462
2025-05-15,16.225277
2025-05-16,16.390247
2025-05-19,16.186462
2025-05-20,16.312614
2025-05-21,16.361137
2025-05-22,16.632851
2025-05-23,16.370840
2025-05-26,15.963266
2025-05-27,15.817704
2025-05-28,15.701255
2025-05-29,15.749776
2025-05-30,15.730366
2025-06-03,14.808477
2025-06-04,14.934630
2025-06-05,14.963743
2025-06-06,14.876406
2025-06-09,15.225754
2025-06-10,15.128714
2025-06-11,15.565399
2025-06-12,15.672143
2025-06-13,15.643032
2025-06-16,15.497470
2025-06-17,15.497470
2025-06-18,15.303387
2025-06-19,15.128714
2025-06-20,15.070488
2025-06-23,15.119008
2025-06-24,15.604214
2025-06-25,15.720665
2025-06-26,15.575101
2025-06-27,15.565399
2025-06-30,15.575101
2025-07-01,15.487764
2025-07-02,15.623624
2025-07-03,15.798297
2025-07-04,16.555218
2025-07-07,16.826933
2025-07-08,16.953085
2025-07-09,16.720186
2025-07-10,16.603739
2025-07-11,16.526106
2025-07-14,17.224802
2025-07-15,17.671190
2025-07-16,17.409180
2025-07-17,17.389771
2025-07-18,17.331547
2025-07-21,17.156874
2025-07-22,17.040422
2025-07-23,17.273321
2025-07-24,17.079239
2025-07-25,16.953085
2025-07-28,17.069536
2025-07-29,17.156874
2025-07-30,17.030720
2025-07-31,16.755684
2025-08-01,16.804449
2025-08-04,16.940992
2025-08-05,17.487160
2025-08-06,17.097040
2025-08-07,16.980003
2025-08-08,16.950743
2025-08-11,17.165312
2025-08-12,17.565186
2025-08-13,17.545677
2025-08-14,17.613949
2025-08-15,17.945551
2025-08-18,17.799257
2025-08-19,17.555431
2025-08-20,19.310974
2025-08-21,19.310974
2025-08-22,19.710848
2025-08-25,20.022945
2025-08-26,19.164679
2025-08-27,18.442955
2025-08-28,18.462461
2025-08-29,18.325920
2025-09-01,18.569746
2025-09-02,18.481968
2025-09-03,18.579498
2025-09-04,18.238144
2025-09-05,18.550240
2025-09-08,18.481968
2025-09-09,18.520979
2025-09-10,18.384438
2025-09-11,18.501472
2025-09-12,18.091846
2025-09-15,18.296661
2025-09-16,18.218637
2025-09-17,18.433203
2025-09-18,18.345425
2025-09-19,18.774559
2025-09-22,18.589251
2025-09-23,18.238144
2025-09-24,17.223829
2025-09-25,16.736177
2025-09-26,16.619143
2025-09-29,16.482599
2025-09-30,16.697166
2025-10-09,17.087288
2025-10-10,16.706919
2025-10-13,16.375317
2025-10-14,16.111986
2025-10-15,16.404575
2025-10-16,16.375317
2025-10-17,15.946184
2025-10-20,16.033960
2025-10-21,16.102232
2025-10-22,16.053465
2025-10-23,16.121738
2025-10-24,16.268034
2025-10-27,16.268034
2025-10-28,16.150997
2025-10-29,16.277786
2025-10-30,16.336304
2025-10-31,16.219267
2025-11-03,15.819393
2025-11-04,15.575569
2025-11-05,15.507298
2025-11-06,15.487792
2025-11-07,15.575569
2025-11-10,15.682852
2025-11-11,15.507298
2025-11-12,15.273225
2025-11-13,15.526804
2025-11-14,15.419521
2025-11-17,15.273225
2025-11-18,15.000141
2025-11-19,14.922117
2025-11-20,14.649033
2025-11-21,14.336935
2025-11-24,14.424713
2025-11-25,14.551502
2025-11-26,14.492984
2025-11-27,14.492984
2025-11-28,14.600267
2025-12-01,15.087918
2025-12-02,15.136683
2025-12-03,15.000141
2025-12-04,14.970882
2025-12-05,15.068412
2025-12-08,14.863598
2025-12-09,14.775821
2025-12-10,14.970882
2025-12-11,15.097671
2025-12-12,15.331743
2025-12-15,15.409768
2025-12-16,15.273225
2025-12-17,15.263472
2025-12-18,15.097671
2025-12-19,15.321990
2025-12-22,15.204954
2025-12-23,15.107424
2025-12-24,15.058659
2025-12-25,15.058659
2025-12-26,15.107424
2025-12-29,14.990388
2025-12-30,14.970882
2025-12-31,14.844092
2026-01-05,14.883105
2026-01-06,15.156189
2026-01-07,14.922117
2026-01-08,14.990388
2026-01-09,15.019647
2026-01-12,15.039153
2026-01-13,15.107424
2026-01-14,14.707550
2026-01-15,14.502737
2026-01-16,14.619773
2026-01-19,14.873352
2026-01-20,14.902611
2026-01-21,14.746562
2026-01-22,14.590514
2026-01-23,14.453972
2026-01-26,14.249158
2026-01-27,14.024839
2026-01-28,13.849284
2026-01-29,14.015086
2026-01-30,13.790767
2026-02-02,13.702990
2026-02-03,13.907804
2026-02-04,14.073605
2026-02-05,14.122369
2026-02-06,14.093110
2026-02-09,14.141875
2026-02-10,14.122369
2026-02-11,14.151628
2026-02-12,14.044345
2026-02-13,13.966321
2026-02-24,14.063851
2026-02-25,14.054098
2026-02-26,13.946815
2026-02-27,13.976074
2026-03-02,13.927309
2026-03-03,13.732248
2026-03-04,13.400645
2026-03-05,13.790767
2026-03-06,13.810272
2026-03-09,13.605459
2026-03-10,13.702990
2026-03-11,13.937062
2026-03-12,14.044345
2026-03-13,14.268664
2026-03-16,14.278418
2026-03-17,14.268664
2026-03-18,14.044345
2026-03-19,13.927309
2026-03-20,13.927309
2026-03-23,13.585954
2026-03-24,13.732248
2026-03-25,14.141875
2026-03-26,13.995581
2026-03-27,14.044345
2026-03-30,14.024839
2026-03-31,14.229652
2026-04-01,14.453972
2026-04-02,13.956569
2026-04-03,13.732248
2026-04-07,13.595706
2026-04-08,13.878543
2026-04-09,13.673731
2026-04-10,13.800519
2026-04-13,13.800519
2026-04-14,13.761507
2026-04-15,13.693236
2026-04-16,13.702990
2026-04-17,13.576200
2026-04-20,13.556694
2026-04-21,13.498177
2026-04-22,13.488423
2026-04-23,13.546942
2026-04-24,13.371387
2026-04-27,13.361633
2026-04-28,13.264104
2026-04-29,13.351880
2026-04-30,13.439658
2026-05-06,13.332375
2026-05-07,13.254351
2026-05-08,13.303116
2026-05-11,13.225092
2026-05-12,13.069043
2026-05-13,12.971514
2026-05-14,12.747193
2026-05-15,12.620404
2026-05-18,12.337566
2026-05-19,12.327814
2026-05-20,12.083989
2026-05-21,12.093741
2026-05-22,12.171765
2026-05-25,12.025471
2026-05-26,11.957200
2026-05-27,11.820657
2026-05-28,11.742633
2026-05-29,12.015718
2026-06-01,11.908434
2026-06-02,11.976706
2026-06-03,11.781645
2026-06-04,11.528067
2026-06-05,11.479302
2026-06-08,11.186711
2026-06-09,11.040416
2026-06-10,10.816096
2026-06-11,10.601530
2026-06-12,10.650295
2026-06-15,10.523506
2026-06-16,10.386963
2026-06-17,10.299187
2026-06-18,10.201656
2026-06-22,10.240668
2026-06-23,10.055362
2026-06-24,9.831041
2026-06-25,9.811536
2026-06-26,9.489685
2026-06-29,9.577463
2026-06-30,9.518946
2026-07-01,9.538451
2026-07-02,9.635982
2026-07-03,9.860300
2026-07-06,10.006597
2026-07-07,9.879807
2026-07-08,9.772524
2026-07-09,9.665240
2026-07-10,9.870053
2026-07-13,9.694499
2026-07-14,9.801783
2026-07-15,10.084620
2026-07-16,10.260175
2026-07-17,10.133386
2026-07-20,10.338199
2026-07-21,10.201656
2026-07-22,10.269927
2026-07-23,10.347951
2026-07-24,10.123632
2026-07-27,10.182150
2026-07-28,10.318692
2026-07-29,10.504001
2026-07-30,10.874614
2026-07-31,11.040416
2026-08-03,10.972145
2026-08-04,10.708813
2026-08-05,10.591777
2026-08-06,10.504001
2026-08-07,10.450000
2026-08-10,10.480000
2026-08-11,10.300000
2026-08-12,10.370000
2026-08-13,10.170000
2026-08-14,10.100000
2026-08-17,10.070000
2026-08-18,10.010000
2026-08-19,9.990000
2026-08-20,10.180000
2026-08-21,10.140000
2026-08-24,10.190000
2026-08-25,10.310000
2026-08-26,10.390000
2026-08-27,10.240000
2026-08-28,10.340000
2026-08-31,10.400000
2026-09-01,10.490000
2026-09-02,10.360000
2026-09-03,10.340000
2026-09-04,10.470000
2026-09-07,10.580000
2026-09-08,10.710000
2026-09-09,10.930000
2026-09-10,11.150000
2026-09-11,11.720000
