date,close
2004-01-01,0.251614
2004-01-02,0.246516
2004-01-05,0.244117
2004-01-06,0.261211
2004-01-07,0.261810
2004-01-08,0.266309
2004-01-09,0.264809
2004-01-12,0.273206
2004-01-13,0.274406
2004-01-14,0.269008
2004-01-15,0.266309
2004-01-16,0.271707
2004-01-19,0.271707
2004-01-20,0.271707
2004-01-21,0.271707
2004-01-22,0.271707
2004-01-23,0.271707
2004-01-26,0.271707
2004-01-27,0.271707
2004-01-28,0.271707
2004-01-29,0.279504
2004-01-30,0.275306
2004-02-02,0.281904
2004-02-03,0.281603
2004-02-04,0.284303
2004-02-05,0.283103
2004-02-06,0.275906
2004-02-09,0.291200
2004-02-10,0.289401
2004-02-11,0.300797
2004-02-12,0.301997
2004-02-13,0.310394
2004-02-16,0.315792
2004-02-17,0.322990
2004-02-18,0.321490
2004-02-19,0.315792
2004-02-20,0.311893
2004-02-23,0.301397
2004-02-24,0.310094
2004-02-25,0.306195
2004-02-26,0.307395
2004-02-27,0.312193
2004-03-01,0.314593
2004-03-02,0.307994
2004-03-03,0.302596
2004-03-04,0.304696
2004-03-05,0.303496
2004-03-08,0.300797
2004-03-09,0.302297
2004-03-10,0.307695
2004-03-11,0.312793
2004-03-12,0.311893
2004-03-15,0.315192
2004-03-16,0.313392
2004-03-17,0.314593
2004-03-18,0.308894
2004-03-19,0.320590
2004-03-22,0.325089
2004-03-23,0.335885
2004-03-24,0.336484
2004-03-25,0.344882
2004-03-26,0.335885
2004-03-29,0.333786
2004-03-30,0.342183
2004-03-31,0.351480
2004-04-01,0.353279
2004-04-02,0.348781
2004-04-05,0.355679
2004-04-06,0.355679
2004-04-07,0.365275
2004-04-08,0.366475
2004-04-09,0.349980
2004-04-12,0.348181
2004-04-13,0.354779
2004-04-14,0.351480
2004-04-15,0.351180
2004-04-16,0.366774
2004-04-19,0.382369
2004-04-20,0.383569
2004-04-21,0.365575
2004-04-22,0.376371
2004-04-23,0.372773
2004-04-26,0.385368
2004-04-27,0.385668
2004-04-28,0.376071
2004-04-29,0.359877
2004-04-30,0.376971
2004-05-03,0.376971
2004-05-04,0.376971
2004-05-05,0.376971
2004-05-06,0.376971
2004-05-07,0.376971
2004-05-10,0.370073
2004-05-11,0.363176
2004-05-12,0.377271
2004-05-13,0.385368
2004-05-14,0.382669
2004-05-17,0.377570
2004-05-18,0.379670
2004-05-19,0.393165
2004-05-20,0.384169
2004-05-21,0.389867
2004-05-24,0.390166
2004-05-25,0.381469
2004-05-26,0.379670
2004-05-27,0.389267
2004-05-28,0.389066
2004-05-31,0.386349
2004-06-01,0.386953
2004-06-02,0.381821
2004-06-03,0.351034
2004-06-04,0.349223
2004-06-07,0.352544
2004-06-08,0.344394
2004-06-09,0.344394
2004-06-10,0.351638
2004-06-11,0.356165
2004-06-14,0.351034
2004-06-15,0.351034
2004-06-16,0.353751
2004-06-17,0.345903
2004-06-18,0.328094
2004-06-21,0.324473
2004-06-22,0.337451
2004-06-23,0.338055
2004-06-24,0.343790
2004-06-25,0.339564
2004-06-28,0.340470
2004-06-29,0.333830
2004-06-30,0.335037
2004-07-01,0.343790
2004-07-02,0.348620
2004-07-05,0.348016
2004-07-06,0.353147
2004-07-07,0.343488
2004-07-08,0.344092
2004-07-09,0.347110
2004-07-12,0.340168
2004-07-13,0.341074
2004-07-14,0.341677
2004-07-15,0.335641
2004-07-16,0.343790
2004-07-19,0.352845
2004-07-20,0.353147
2004-07-21,0.352544
2004-07-22,0.344696
2004-07-23,0.342281
2004-07-26,0.339564
2004-07-27,0.336546
2004-07-28,0.342884
2004-07-29,0.344092
2004-07-30,0.341074
2004-08-02,0.344696
2004-08-03,0.339867
2004-08-04,0.344092
2004-08-05,0.339867
2004-08-06,0.331717
2004-08-09,0.321756
2004-08-10,0.325680
2004-08-11,0.325680
2004-08-12,0.322964
2004-08-13,0.332623
2004-08-16,0.329000
2004-08-17,0.335641
2004-08-18,0.333830
2004-08-19,0.331717
2004-08-20,0.329303
2004-08-23,0.325982
2004-08-24,0.325680
2004-08-25,0.325680
2004-08-26,0.325982
2004-08-27,0.323567
2004-08-30,0.310890
2004-08-31,0.306061
2004-09-01,0.296704
2004-09-02,0.300326
2004-09-03,0.300930
2004-09-06,0.302740
2004-09-07,0.301836
2004-09-08,0.304853
2004-09-09,0.304853
2004-09-10,0.306664
2004-09-13,0.306363
2004-09-14,0.316927
2004-09-15,0.333528
2004-09-16,0.332623
2004-09-17,0.344696
2004-09-20,0.354053
2004-09-21,0.357977
2004-09-22,0.356165
2004-09-23,0.362203
2004-09-24,0.363711
2004-09-27,0.362203
2004-09-28,0.364013
2004-09-29,0.364013
2004-09-30,0.358580
2004-10-01,0.358580
2004-10-04,0.358580
2004-10-05,0.358580
2004-10-06,0.358580
2004-10-07,0.358580
2004-10-08,0.371560
2004-10-11,0.384840
2004-10-12,0.378501
2004-10-13,0.371560
2004-10-14,0.360995
2004-10-15,0.363711
2004-10-18,0.362203
2004-10-19,0.366126
2004-10-20,0.371257
2004-10-21,0.376690
2004-10-22,0.379407
2004-10-25,0.389367
2004-10-26,0.396913
2004-10-27,0.406874
2004-10-28,0.404460
2004-10-29,0.398423
2004-11-01,0.391178
2004-11-02,0.374577
2004-11-03,0.388764
2004-11-04,0.378501
2004-11-05,0.379105
2004-11-08,0.378501
2004-11-09,0.381821
2004-11-10,0.396611
2004-11-11,0.399026
2004-11-12,0.397517
2004-11-15,0.395103
2004-11-16,0.392386
2004-11-17,0.388160
2004-11-18,0.396310
2004-11-19,0.401139
2004-11-22,0.407780
2004-11-23,0.399328
2004-11-24,0.397819
2004-11-25,0.399931
2004-11-26,0.397517
2004-11-29,0.398121
2004-11-30,0.392386
2004-12-01,0.382425
2004-12-02,0.378803
2004-12-03,0.380313
2004-12-06,0.380313
2004-12-07,0.373068
2004-12-08,0.368843
2004-12-09,0.372767
2004-12-10,0.376388
2004-12-13,0.371257
2004-12-14,0.371257
2004-12-15,0.368843
2004-12-16,0.372767
2004-12-17,0.374577
2004-12-20,0.370654
2004-12-21,0.365523
2004-12-22,0.373068
2004-12-23,0.370956
2004-12-24,0.370351
2004-12-27,0.371257
2004-12-28,0.369748
2004-12-29,0.367031
2004-12-30,0.368541
2004-12-31,0.376388
2005-01-03,0.376388
2005-01-04,0.363711
2005-01-05,0.366730
2005-01-06,0.360391
2005-01-07,0.345300
2005-01-10,0.351638
2005-01-11,0.359486
2005-01-12,0.361900
2005-01-13,0.360693
2005-01-14,0.361297
2005-01-17,0.356165
2005-01-18,0.355864
2005-01-19,0.354657
2005-01-20,0.360995
2005-01-21,0.361297
2005-01-24,0.367334
2005-01-25,0.386349
2005-01-26,0.387557
2005-01-27,0.380313
2005-01-28,0.373370
2005-01-31,0.385746
2005-02-01,0.383029
2005-02-02,0.387858
2005-02-03,0.395103
2005-02-04,0.392386
2005-02-07,0.392386
2005-02-08,0.392386
2005-02-09,0.392386
2005-02-10,0.392386
2005-02-11,0.392386
2005-02-14,0.392386
2005-02-15,0.392386
2005-02-16,0.392386
2005-02-17,0.388764
2005-02-18,0.380916
2005-02-21,0.383934
2005-02-22,0.401139
2005-02-23,0.396310
2005-02-24,0.389066
2005-02-25,0.395706
2005-02-28,0.395706
2005-03-01,0.390877
2005-03-02,0.383331
2005-03-03,0.380614
2005-03-04,0.381821
2005-03-07,0.393291
2005-03-08,0.403251
2005-03-09,0.402950
2005-03-10,0.399328
2005-03-11,0.416533
2005-03-14,0.436756
2005-03-15,0.430115
2005-03-16,0.416834
2005-03-17,0.427701
2005-03-18,0.409288
2005-03-21,0.424078
2005-03-22,0.429511
2005-03-23,0.431021
2005-03-24,0.415627
2005-03-25,0.414420
2005-03-28,0.421060
2005-03-29,0.416533
2005-03-30,0.413816
2005-03-31,0.424078
2005-04-01,0.443396
2005-04-04,0.454564
2005-04-05,0.459091
2005-04-06,0.469052
2005-04-07,0.452451
2005-04-08,0.459393
2005-04-11,0.454262
2005-04-12,0.462110
2005-04-13,0.456978
2005-04-14,0.465128
2005-04-15,0.453960
2005-04-18,0.451545
2005-04-19,0.440378
2005-04-20,0.449734
2005-04-21,0.464827
2005-04-22,0.456375
2005-04-25,0.470260
2005-04-26,0.482634
2005-04-27,0.479617
2005-04-28,0.482333
2005-04-29,0.471467
2005-05-02,0.471467
2005-05-03,0.471467
2005-05-04,0.471467
2005-05-05,0.471467
2005-05-06,0.471467
2005-05-09,0.469354
2005-05-10,0.460601
2005-05-11,0.437661
2005-05-12,0.444000
2005-05-13,0.443698
2005-05-16,0.437057
2005-05-17,0.447320
2005-05-18,0.452753
2005-05-19,0.444905
2005-05-20,0.449433
2005-05-23,0.440076
2005-05-24,0.421060
2005-05-25,0.402347
2005-05-26,0.368239
2005-05-27,0.368843
2005-05-30,0.376690
2005-05-31,0.382123
2005-06-01,0.380614
2005-06-02,0.370956
2005-06-03,0.373974
2005-06-06,0.386047
2005-06-07,0.379105
2005-06-08,0.408987
2005-06-09,0.392990
2005-06-10,0.380916
2005-06-13,0.374577
2005-06-14,0.370654
2005-06-15,0.370050
2005-06-16,0.371172
2005-06-17,0.369642
2005-06-20,0.388614
2005-06-21,0.381881
2005-06-22,0.373313
2005-06-23,0.379434
2005-06-24,0.380963
2005-06-27,0.403913
2005-06-28,0.407892
2005-06-29,0.404525
2005-06-30,0.397488
2005-07-01,0.389838
2005-07-04,0.390756
2005-07-05,0.391980
2005-07-06,0.383412
2005-07-07,0.384941
2005-07-08,0.386472
2005-07-11,0.384330
2005-07-12,0.390756
2005-07-13,0.387389
2005-07-14,0.393509
2005-07-15,0.394427
2005-07-18,0.393815
2005-07-19,0.392285
2005-07-20,0.391980
2005-07-21,0.400241
2005-07-22,0.409116
2005-07-25,0.412176
2005-07-26,0.420437
2005-07-27,0.418602
2005-07-28,0.416153
2005-07-29,0.411258
2005-08-01,0.417683
2005-08-02,0.422273
2005-08-03,0.422886
2005-08-04,0.432065
2005-08-05,0.440633
2005-08-08,0.443998
2005-08-09,0.440633
2005-08-10,0.434513
2005-08-11,0.436961
2005-08-12,0.426863
2005-08-15,0.428393
2005-08-16,0.434513
2005-08-17,0.436349
2005-08-18,0.426863
2005-08-19,0.426251
2005-08-22,0.431453
2005-08-23,0.428393
2005-08-24,0.435737
2005-08-25,0.464194
2005-08-26,0.458074
2005-08-29,0.447059
2005-08-30,0.451955
2005-08-31,0.454708
2005-09-01,0.459298
2005-09-02,0.470315
2005-09-05,0.483472
2005-09-06,0.483472
2005-09-07,0.492346
2005-09-08,0.481024
2005-09-09,0.480718
2005-09-12,0.482554
2005-09-13,0.492652
2005-09-14,0.495406
2005-09-15,0.498772
2005-09-16,0.496018
2005-09-19,0.489592
2005-09-20,0.476128
2005-09-21,0.471233
2005-09-22,0.472762
2005-09-23,0.478882
2005-09-26,0.487756
2005-09-27,0.489286
2005-09-28,0.470620
2005-09-29,0.488674
2005-09-30,0.485308
2005-10-03,0.485308
2005-10-04,0.485308
2005-10-05,0.485308
2005-10-06,0.485308
2005-10-07,0.485308
2005-10-10,0.476434
2005-10-11,0.485920
2005-10-12,0.480412
2005-10-13,0.480412
2005-10-14,0.483166
2005-10-17,0.482248
2005-10-18,0.480106
2005-10-19,0.467560
2005-10-20,0.483472
2005-10-21,0.480412
2005-10-24,0.473680
2005-10-25,0.475517
2005-10-26,0.474598
2005-10-27,0.475822
2005-10-28,0.470620
2005-10-31,0.470008
2005-11-01,0.462052
2005-11-02,0.450425
2005-11-03,0.434207
2005-11-04,0.440327
2005-11-07,0.437879
2005-11-08,0.438491
2005-11-09,0.450731
2005-11-10,0.450731
2005-11-11,0.458074
2005-11-14,0.453485
2005-11-15,0.448895
2005-11-16,0.453790
2005-11-17,0.449201
2005-11-18,0.452566
2005-11-21,0.450731
2005-11-22,0.450425
2005-11-23,0.452873
2005-11-24,0.451648
2005-11-25,0.446140
2005-11-28,0.440938
2005-11-29,0.438796
2005-11-30,0.437267
2005-12-01,0.439409
2005-12-02,0.439715
2005-12-05,0.426863
2005-12-06,0.406974
2005-12-07,0.406361
2005-12-08,0.403913
2005-12-09,0.416460
2005-12-12,0.417989
2005-12-13,0.415847
2005-12-14,0.425027
2005-12-15,0.425027
2005-12-16,0.430535
2005-12-19,0.428393
2005-12-20,0.422886
2005-12-21,0.428087
2005-12-22,0.443693
2005-12-23,0.446753
2005-12-26,0.445529
2005-12-27,0.445835
2005-12-28,0.457156
2005-12-29,0.458992
2005-12-30,0.451343
2006-01-04,0.455932
2006-01-05,0.450425
2006-01-06,0.437573
2006-01-09,0.437879
2006-01-10,0.439409
2006-01-11,0.429923
2006-01-12,0.447059
2006-01-13,0.451955
2006-01-16,0.447671
2006-01-17,0.460523
2006-01-18,0.461747
2006-01-19,0.458381
2006-01-20,0.460523
2006-01-23,0.454097
2006-01-24,0.448283
2006-01-25,0.444305
2006-02-06,0.451343
2006-02-07,0.448283
2006-02-08,0.438796
2006-02-09,0.443387
2006-02-10,0.449201
2006-02-13,0.463582
2006-02-14,0.457768
2006-02-15,0.453790
2006-02-16,0.433289
2006-02-17,0.426251
2006-02-20,0.407279
2006-02-21,0.413093
2006-02-22,0.416460
2006-02-23,0.409116
2006-02-24,0.419213
2006-02-27,0.406361
2006-02-28,0.413093
2006-03-01,0.429311
2006-03-02,0.442469
2006-03-03,0.444305
2006-03-06,0.446447
2006-03-07,0.432371
2006-03-08,0.429005
2006-03-09,0.425639
2006-03-10,0.428393
2006-03-13,0.425945
2006-03-14,0.428087
2006-03-15,0.436043
2006-03-16,0.448283
2006-03-17,0.454403
2006-03-20,0.457768
2006-03-21,0.473068
2006-03-22,0.487144
2006-03-23,0.485614
2006-03-24,0.480718
2006-03-27,0.488062
2006-03-28,0.500608
2006-03-29,0.523251
2006-03-30,0.532432
2006-03-31,0.551097
2006-04-03,0.569457
2006-04-04,0.582614
2006-04-05,0.567009
2006-04-06,0.559971
2006-04-07,0.556605
2006-04-10,0.574353
2006-04-11,0.596691
2006-04-12,0.592407
2006-04-13,0.573741
2006-04-14,0.594242
2006-04-17,0.593324
2006-04-18,0.593937
2006-04-19,0.653299
2006-04-20,0.623312
2006-04-21,0.658807
2006-04-24,0.657890
2006-04-25,0.657583
2006-04-26,0.656359
2006-04-27,0.681145
2006-04-28,0.681145
2006-05-08,0.681145
2006-05-09,0.681145
2006-05-10,0.681145
2006-05-11,0.681145
2006-05-12,0.681145
2006-05-15,0.681145
2006-05-16,0.681145
2006-05-17,0.681145
2006-05-18,0.749382
2006-05-19,0.824351
2006-05-22,0.832307
2006-05-23,0.855868
2006-05-24,0.842098
2006-05-25,0.819149
2006-05-26,0.819149
2006-05-29,0.819149
2006-05-30,0.819149
2006-05-31,0.819149
2006-06-01,0.819149
2006-06-02,0.819149
2006-06-05,0.819149
2006-06-06,0.819149
2006-06-07,0.819149
2006-06-08,0.819149
2006-06-09,0.819149
2006-06-12,0.819149
2006-06-13,0.819149
2006-06-14,0.819149
2006-06-15,0.819149
2006-06-16,0.819149
2006-06-19,0.819149
2006-06-20,0.921810
2006-06-21,0.906511
2006-06-22,0.918751
2006-06-23,0.917985
2006-06-26,0.878972
2006-06-27,0.885473
2006-06-28,0.880884
2006-06-29,0.889299
2006-06-30,0.904598
2006-07-03,0.940935
2006-07-04,0.935580
2006-07-05,0.929078
2006-07-06,0.933285
2006-07-07,0.913396
2006-07-10,0.888533
2006-07-11,0.868262
2006-07-12,0.862524
2006-07-13,0.856021
2006-07-14,0.870939
2006-07-17,0.879736
2006-07-18,0.886804
2006-07-19,0.869840
2006-07-20,0.897986
2006-07-21,0.889889
2006-07-24,0.950038
2006-07-25,0.958905
2006-07-26,0.967773
2006-07-27,0.962761
2006-07-28,0.943868
2006-07-31,0.923434
2006-08-01,0.924204
2006-08-02,0.924204
2006-08-03,0.877165
2006-08-04,0.854802
2006-08-07,0.848248
2006-08-08,0.865984
2006-08-09,0.848248
2006-08-10,0.879479
2006-08-11,0.876394
2006-08-14,0.867526
2006-08-15,0.872539
2006-08-16,0.872539
2006-08-17,0.859429
2006-08-18,0.865984
2006-08-21,0.867911
2006-08-22,0.867911
2006-08-23,0.875238
2006-08-24,0.932301
2006-08-25,0.929602
2006-08-28,0.929988
2006-08-29,0.938818
2006-08-30,0.938818
2006-08-31,0.935810
2006-09-01,0.918267
2006-09-04,0.917264
2006-09-05,0.903731
2006-09-06,0.932301
2006-09-07,0.929795
2006-09-08,0.923279
2006-09-11,0.942327
2006-09-12,0.922778
2006-09-13,0.917264
2006-09-14,0.909746
2006-09-15,0.913254
2006-09-18,0.907240
2006-09-19,0.907240
2006-09-20,0.916262
2006-09-21,0.912753
2006-09-22,0.916262
2006-09-25,0.914257
2006-09-26,0.907741
2006-09-27,0.948341
2006-09-28,1.043074
2006-09-29,1.070643
2006-10-09,1.102722
2006-10-10,1.072147
2006-10-11,1.090693
2006-10-12,1.072147
2006-10-13,1.044078
2006-10-16,1.042072
2006-10-17,1.045080
2006-10-18,1.050092
2006-10-19,1.090693
2006-10-20,1.087684
2006-10-23,1.101218
2006-10-24,1.152345
2006-10-25,1.150339
2006-10-26,1.129288
2006-10-27,1.099213
2006-10-30,1.097209
2006-10-31,1.131794
2006-11-01,1.132797
2006-11-02,1.110240
2006-11-03,1.095204
2006-11-06,1.059616
2006-11-07,1.060117
2006-11-08,1.050594
2006-11-09,0.970897
2006-11-10,0.999968
2006-11-13,0.969894
2006-11-14,0.946336
2006-11-15,0.992450
2006-11-16,0.990445
2006-11-17,0.992450
2006-11-20,1.075655
2006-11-21,1.089690
2006-11-22,1.090192
2006-11-23,1.066132
2006-11-24,1.027537
2006-11-27,1.051596
2006-11-28,1.051596
2006-11-29,1.106230
2006-11-30,1.165377
2006-12-01,1.203471
2006-12-04,1.286676
2006-12-05,1.269634
2006-12-06,1.221014
2006-12-07,1.243069
2006-12-08,1.218007
2006-12-11,1.267629
2006-12-12,1.267629
2006-12-13,1.275148
2006-12-14,1.383415
2006-12-15,1.388427
2006-12-18,1.402462
2006-12-19,1.391436
2006-12-20,1.419003
2006-12-21,1.510228
2006-12-22,1.504714
2006-12-25,1.568873
2006-12-26,1.553836
2006-12-27,1.562859
2006-12-28,1.613483
2006-12-29,1.616992
2007-01-04,1.519752
2007-01-05,1.465618
2007-01-08,1.492685
2007-01-09,1.568873
2007-01-10,1.527271
2007-01-11,1.493687
2007-01-12,1.559350
2007-01-15,1.685161
2007-01-16,1.831521
2007-01-17,1.970365
2007-01-18,1.979888
2007-01-19,2.095172
2007-01-22,2.020489
2007-01-23,1.853576
2007-01-24,2.034522
2007-01-25,1.904702
2007-01-26,1.949313
2007-01-29,2.004949
2007-01-30,1.937283
2007-01-31,1.759845
2007-02-01,1.830520
2007-02-02,1.794430
2007-02-05,1.794430
2007-02-06,1.754331
2007-02-07,1.922747
2007-02-08,1.961844
2007-02-09,1.922247
2007-02-12,2.017480
2007-02-13,2.105198
2007-02-14,2.109708
2007-02-15,2.116224
2007-02-16,2.119233
2007-02-26,2.055074
2007-02-27,1.895179
2007-02-28,1.852073
2007-03-01,1.743304
2007-03-02,1.736287
2007-03-05,1.754331
2007-03-06,1.754331
2007-03-07,1.832023
2007-03-08,1.850067
2007-03-09,1.787412
2007-03-12,1.823502
2007-03-13,1.790421
2007-03-14,1.780395
2007-03-15,1.776887
2007-03-16,1.778892
2007-03-19,1.780897
2007-03-20,1.693681
2007-03-21,1.634034
2007-03-22,1.682654
2007-03-23,1.701701
2007-03-26,1.757339
2007-03-27,1.789418
2007-03-28,1.803953
2007-03-29,1.798440
2007-03-30,1.753329
2007-04-02,1.753697
2007-04-03,1.776618
2007-04-04,1.914136
2007-04-05,1.969800
2007-04-06,1.954738
2007-04-09,1.936402
2007-04-10,2.064099
2007-04-11,2.038559
2007-04-12,2.030046
2007-04-13,2.040524
2007-04-16,2.062788
2007-04-17,2.028736
2007-04-18,1.992064
2007-04-19,1.848651
2007-04-20,1.937057
2007-04-23,1.984861
2007-04-24,1.960631
2007-04-25,1.932472
2007-04-26,1.915447
2007-04-27,1.994029
2007-04-30,1.996648
2007-05-03,1.996648
2007-05-04,1.996648
2007-05-08,2.196379
2007-05-09,2.109938
2007-05-10,2.184592
2007-05-11,2.290678
2007-05-14,2.274961
2007-05-15,2.277580
2007-05-16,2.257935
2007-05-17,2.324730
2007-05-18,2.297226
2007-05-21,2.282165
2007-05-22,2.301156
2007-05-23,2.513327
2007-05-24,2.539522
2007-05-25,2.572919
2007-05-28,2.539522
2007-05-29,2.663945
2007-05-30,2.597804
2007-05-31,2.701272
2007-06-01,2.551309
2007-06-04,2.402658
2007-06-05,2.422958
2007-06-06,2.509398
2007-06-07,2.605662
2007-06-08,2.606317
2007-06-11,2.800153
2007-06-12,3.080431
2007-06-13,3.163598
2007-06-14,3.071919
2007-06-15,2.993991
2007-06-18,3.085669
2007-06-19,3.074538
2007-06-20,2.980239
2007-06-21,2.897727
2007-06-22,2.882010
2007-06-25,2.927850
2007-06-26,3.079776
2007-06-27,3.085015
2007-06-28,2.986132
2007-06-29,2.962557
2007-07-02,3.086325
2007-07-03,3.047033
2007-07-04,2.948151
2007-07-05,2.724846
2007-07-06,2.778543
2007-07-09,2.774615
2007-07-10,2.775924
2007-07-11,2.735324
2007-07-12,2.734668
2007-07-13,2.661979
2007-07-16,2.603043
2007-07-17,2.685555
2007-07-18,2.684244
2007-07-19,2.665909
2007-07-20,2.727466
2007-07-23,2.808667
2007-07-24,2.794260
2007-07-25,2.832896
2007-07-26,2.802773
2007-07-27,2.771996
2007-07-30,2.870878
2007-07-31,2.888559
2007-08-01,2.815870
2007-08-02,2.821764
2007-08-03,2.836826
2007-08-06,2.837481
2007-08-07,2.866950
2007-08-08,3.011672
2007-08-09,2.967796
2007-08-10,2.888559
2007-08-13,2.953389
2007-08-14,2.978928
2007-08-15,2.903621
2007-08-16,2.802118
2007-08-17,2.815215
2007-08-20,2.895762
2007-08-21,2.914753
2007-08-22,2.933744
2007-08-23,2.953389
2007-08-24,2.984823
2007-08-27,2.948151
2007-08-28,2.879391
2007-08-29,2.826348
2007-08-30,2.883975
2007-08-31,3.012326
2007-09-03,3.072573
2007-09-04,3.005123
2007-09-05,2.962557
2007-09-06,2.964522
2007-09-07,2.978274
2007-09-10,3.077811
2007-09-11,2.985478
2007-09-12,2.946841
2007-09-13,2.758898
2007-09-14,2.782473
2007-09-17,2.763482
2007-09-18,2.783783
2007-09-19,2.811286
2007-09-20,2.749075
2007-09-21,2.641024
2007-09-24,2.601078
2007-09-25,2.650192
2007-09-26,2.587326
2007-09-27,2.645608
2007-09-28,2.737943
2007-10-08,2.739253
2007-10-09,2.741217
2007-10-10,2.735978
2007-10-11,2.631202
2007-10-12,2.639059
2007-10-15,2.553274
2007-10-16,2.627272
2007-10-17,2.652157
2007-10-18,2.684900
2007-10-19,2.711749
2007-10-22,2.716987
2007-10-23,2.809322
2007-10-24,2.864984
2007-10-25,2.795570
2007-10-26,2.811286
2007-10-29,2.751694
2007-10-30,2.760208
2007-10-31,2.815215
2007-11-01,2.743837
2007-11-02,2.684244
2007-11-05,2.724190
2007-11-06,2.614830
2007-11-07,2.660014
2007-11-08,2.610900
2007-11-09,2.668529
2007-11-12,2.722881
2007-11-13,2.705856
2007-11-14,2.789676
2007-11-15,2.771340
2007-11-16,2.771996
2007-11-19,2.859091
2007-11-20,2.946841
2007-11-21,2.878081
2007-11-22,3.018220
2007-11-23,3.090254
2007-11-26,3.138059
2007-11-27,3.181934
2007-11-28,3.159669
2007-11-29,3.109900
2007-11-30,3.081741
2007-12-03,3.045069
2007-12-04,3.075192
2007-12-05,3.077811
2007-12-06,3.080431
2007-12-07,3.169491
2007-12-10,3.326001
2007-12-11,3.502157
2007-12-12,3.501502
2007-12-13,3.343682
2007-12-14,3.416370
2007-12-17,3.439291
2007-12-18,3.508050
2007-12-19,3.456317
2007-12-20,3.666525
2007-12-21,3.612827
2007-12-24,3.596457
2007-12-25,3.653429
2007-12-26,3.711055
2007-12-27,3.756896
2007-12-28,3.735285
2008-01-02,3.781779
2008-01-03,3.786363
2008-01-04,3.629853
2008-01-07,3.560438
2008-01-08,3.602349
2008-01-09,3.661287
2008-01-10,3.698613
2008-01-11,3.675693
2008-01-14,3.697303
2008-01-15,3.713020
2008-01-16,3.667180
2008-01-17,3.652118
2008-01-18,3.682241
2008-01-21,3.622650
2008-01-22,3.547342
2008-01-23,3.733321
2008-01-24,3.707127
2008-01-25,3.945493
2008-01-28,3.798806
2008-01-29,3.686825
2008-01-30,3.686825
2008-01-31,3.589252
2008-02-01,3.411788
2008-02-04,3.685516
2008-02-05,3.683552
2008-02-13,3.684861
2008-02-14,3.732665
2008-02-15,3.693374
2008-02-18,3.777851
2008-02-19,3.779815
2008-02-20,3.746417
2008-02-21,3.798151
2008-02-22,3.731356
2008-02-25,3.401309
2008-02-26,3.281471
2008-02-27,3.384938
2008-02-28,3.384938
2008-02-29,3.392141
2008-03-03,3.515909
2008-03-04,3.511980
2008-03-05,3.517873
2008-03-06,3.555855
2008-03-07,3.481856
2008-03-10,3.318143
2008-03-11,3.278852
2008-03-12,3.117758
2008-03-13,3.056856
2008-03-14,3.078466
2008-03-17,3.045069
2008-03-18,2.946841
2008-03-19,3.110554
2008-03-20,3.221225
2008-03-21,3.145917
2008-03-24,3.032627
2008-03-25,2.996610
2008-03-26,2.996610
2008-03-27,2.802773
2008-03-28,2.888559
2008-03-31,2.789676
2008-04-01,2.717643
2008-04-02,2.718298
2008-04-03,2.876118
2008-04-07,2.963213
2008-04-08,2.944222
2008-04-09,2.946841
2008-04-10,2.932435
2008-04-11,3.063698
2008-04-14,3.055035
2008-04-15,2.992028
2008-04-16,2.880979
2008-04-17,2.756541
2008-04-18,2.685658
2008-04-21,2.661243
2008-04-22,2.673844
2008-04-23,2.770718
2008-04-24,3.047947
2008-04-25,3.019594
2008-04-28,2.913270
2008-04-29,2.922721
2008-04-30,3.056610
2008-05-05,3.111740
2008-05-06,3.110953
2008-05-07,2.968401
2008-05-08,3.203100
2008-05-09,3.228304
2008-05-12,3.339352
2008-05-13,3.467728
2008-05-14,3.386607
2008-05-15,3.229878
2008-05-16,3.282647
2008-05-19,3.248780
2008-05-20,3.135368
2008-05-21,3.294460
2008-05-22,3.217277
2008-05-23,3.222003
2008-05-26,3.130642
2008-05-27,3.177897
2008-05-28,3.173960
2008-05-29,3.110953
2008-05-30,3.210189
2008-06-02,3.170022
2008-06-03,3.105440
2008-06-04,3.041646
2008-06-05,3.044009
2008-06-06,2.927447
2008-06-10,2.826635
2008-06-11,2.884917
2008-06-12,2.849476
2008-06-13,2.896731
2008-06-16,2.882555
2008-06-17,2.867589
2008-06-18,2.899093
2008-06-19,2.662031
2008-06-20,2.635253
2008-06-23,2.541531
2008-06-24,2.622652
2008-06-25,2.725037
2008-06-26,2.756541
2008-06-27,2.771506
2008-06-30,2.748665
2008-07-01,2.764417
2008-07-02,2.800646
2008-07-03,2.832149
2008-07-04,2.835299
2008-07-07,2.992028
2008-07-08,2.970764
2008-07-09,2.937685
2008-07-10,2.929810
2008-07-11,2.869164
2008-07-14,2.969975
2008-07-15,2.906970
2008-07-16,2.858139
2008-07-17,2.898305
2008-07-18,2.966826
2008-07-21,3.081812
2008-07-22,3.054248
2008-07-23,3.042434
2008-07-24,3.027470
2008-07-25,3.032195
2008-07-28,3.081025
2008-07-29,3.062911
2008-07-30,3.071574
2008-07-31,3.037709
2008-08-01,3.049522
2008-08-04,3.060549
2008-08-05,3.038496
2008-08-06,3.040071
2008-08-07,3.056610
2008-08-08,3.054248
2008-08-11,2.923509
2008-08-12,2.947924
2008-08-13,2.988878
2008-08-14,3.111740
2008-08-15,3.118829
2008-08-18,3.034558
2008-08-19,3.030620
2008-08-20,3.144032
2008-08-21,2.953437
2008-08-22,2.878616
2008-08-25,2.811672
2008-08-26,2.709285
2008-08-27,2.638403
2008-08-28,2.653367
2008-08-29,2.679357
2008-09-01,2.745515
2008-09-02,2.756541
2008-09-03,2.740002
2008-09-04,2.754966
2008-09-05,2.704561
2008-09-08,2.740789
2008-09-09,2.740789
2008-09-10,2.670694
2008-09-11,2.641554
2008-09-12,2.480099
2008-09-16,2.506877
2008-09-17,2.599025
2008-09-18,2.581698
2008-09-19,2.840024
2008-09-22,2.788044
2008-09-23,2.548618
2008-09-24,2.665968
2008-09-25,2.701410
2008-09-26,2.765992
2008-10-06,2.678570
2008-10-07,2.717162
2008-10-08,2.666757
2008-10-09,2.677783
2008-10-10,2.707710
2008-10-13,2.635253
2008-10-14,2.657305
2008-10-15,2.662031
2008-10-16,2.677783
2008-10-17,2.635253
2008-10-20,2.422606
2008-10-21,2.484037
2008-10-22,2.496639
2008-10-23,2.473012
2008-10-24,2.441507
2008-10-27,2.409217
2008-10-28,2.417092
2008-10-29,2.417880
2008-10-30,2.449384
2008-10-31,2.481674
2008-11-03,2.488762
2008-11-04,2.489550
2008-11-05,2.512390
2008-11-06,2.528142
2008-11-07,2.445446
2008-11-10,2.481674
2008-11-11,2.443083
2008-11-12,2.469073
2008-11-13,2.594298
2008-11-14,2.597450
2008-11-17,2.662031
2008-11-18,2.588786
2008-11-19,2.654155
2008-11-20,2.643129
2008-11-21,2.607687
2008-11-24,2.602174
2008-11-25,2.608474
2008-11-26,2.620288
2008-11-27,2.658094
2008-11-28,2.714011
2008-12-01,2.782531
2008-12-02,2.763630
2008-12-03,2.756541
2008-12-04,2.736851
2008-12-05,2.693534
2008-12-08,2.795920
2008-12-09,2.809309
2008-12-10,2.896731
2008-12-11,2.882555
2008-12-12,2.874678
2008-12-15,2.922721
2008-12-16,3.014081
2008-12-17,3.035345
2008-12-18,3.019594
2008-12-19,3.107016
2008-12-22,3.063698
2008-12-23,3.023531
2008-12-24,2.995179
2008-12-25,2.984152
2008-12-26,2.973914
2008-12-29,3.008568
2008-12-30,3.034558
2008-12-31,3.032982
2009-01-05,3.024320
2009-01-06,2.952648
2009-01-07,2.923509
2009-01-08,2.923509
2009-01-09,2.981789
2009-01-12,2.940047
2009-01-13,2.901457
2009-01-14,2.941623
2009-01-15,2.929021
2009-01-16,2.921933
2009-01-19,2.906182
2009-01-20,2.921933
2009-01-21,2.914058
2009-01-22,2.929021
2009-01-23,2.894368
2009-02-02,2.912483
2009-02-03,2.926659
2009-02-04,2.925872
2009-02-05,2.892792
2009-02-06,2.919571
2009-02-09,3.021956
2009-02-10,3.114892
2009-02-11,3.052672
2009-02-12,3.075512
2009-02-13,3.107016
2009-02-16,3.190499
2009-02-17,3.307062
2009-02-18,3.270045
2009-02-19,3.283434
2009-02-20,3.249568
2009-02-23,3.261382
2009-02-24,3.163722
2009-02-25,3.164509
2009-02-26,3.076299
2009-02-27,3.060549
2009-03-02,3.114892
2009-03-03,3.165296
2009-03-04,3.247992
2009-03-05,3.198375
2009-03-06,3.127493
2009-03-09,3.067637
2009-03-10,3.085751
2009-03-11,3.172385
2009-03-12,3.185774
2009-03-13,3.144032
2009-03-16,3.118829
2009-03-17,3.151120
2009-03-18,3.139307
2009-03-19,3.110165
2009-03-20,3.110165
2009-03-23,3.102290
2009-03-24,3.131431
2009-03-25,3.079450
2009-03-26,3.077087
2009-03-27,3.055035
2009-03-30,3.055035
2009-03-31,3.140094
2009-04-01,3.123554
2009-04-02,3.088113
2009-04-03,3.124342
2009-04-07,3.101503
2009-04-08,3.066061
2009-04-09,3.090476
2009-04-10,3.110165
2009-04-13,3.101503
2009-04-14,3.068424
2009-04-15,3.129067
2009-04-16,3.193650
2009-04-17,3.166872
2009-04-20,3.165296
2009-04-21,3.244055
2009-04-22,3.133793
2009-04-23,3.172385
2009-04-24,3.162934
2009-04-27,3.162146
2009-04-28,3.272408
2009-04-29,3.229878
2009-04-30,3.216456
2009-05-04,3.221193
2009-05-05,3.233510
2009-05-06,3.178560
2009-05-07,3.134032
2009-05-08,3.078135
2009-05-11,3.105609
2009-05-12,3.127400
2009-05-13,3.109399
2009-05-14,3.169086
2009-05-15,3.196561
2009-05-18,3.148243
2009-05-19,3.117926
2009-05-20,3.070555
2009-05-21,2.997604
2009-05-22,3.017500
2009-05-25,3.000446
2009-05-26,3.050659
2009-05-27,3.068660
2009-06-01,3.140664
2009-06-02,3.126452
2009-06-03,3.123610
2009-06-04,3.124557
2009-06-05,3.218351
2009-06-08,3.252458
2009-06-09,3.268564
2009-06-10,3.342462
2009-06-11,3.351936
2009-06-12,3.249615
2009-06-15,3.333935
2009-06-16,3.364253
2009-06-17,3.396465
2009-06-18,3.342462
2009-06-19,3.391727
2009-06-22,3.445729
2009-06-23,3.458045
2009-06-24,3.386990
2009-06-25,3.332988
2009-06-26,3.329198
2009-06-29,3.353831
2009-06-30,3.307407
2009-07-01,3.254353
2009-07-02,3.278986
2009-07-03,3.345304
2009-07-06,3.334882
2009-07-07,3.422992
2009-07-08,3.486468
2009-07-09,3.449519
2009-07-10,3.501626
2009-07-13,3.534786
2009-07-14,3.559419
2009-07-15,3.484573
2009-07-16,3.433414
2009-07-17,3.420150
2009-07-20,3.410675
2009-07-21,3.474152
2009-07-22,3.424887
2009-07-23,3.417307
2009-07-24,3.372779
2009-07-27,3.424887
2009-07-28,3.400254
2009-07-29,3.315934
2009-07-30,3.285616
2009-07-31,3.318776
2009-08-03,3.315934
2009-08-04,3.519628
2009-08-05,3.472257
2009-08-06,3.471309
2009-08-07,3.575525
2009-08-10,3.657002
2009-08-11,3.587840
2009-08-12,3.482678
2009-08-13,3.419201
2009-08-14,3.308355
2009-08-17,3.238248
2009-08-18,3.315934
2009-08-19,3.372779
2009-08-20,3.553734
2009-08-21,3.618158
2009-08-24,3.726164
2009-08-25,3.847431
2009-08-26,3.838904
2009-08-27,3.897644
2009-08-28,3.756481
2009-08-31,3.769743
2009-09-01,3.801008
2009-09-02,3.724268
2009-09-03,3.741322
2009-09-04,3.986700
2009-09-07,4.063441
2009-09-08,4.008492
2009-09-09,3.922276
2009-09-10,4.072915
2009-09-11,4.013228
2009-09-14,4.028386
2009-09-15,4.027439
2009-09-16,3.966805
2009-09-17,3.968700
2009-09-18,3.988596
2009-09-21,4.168604
2009-09-22,4.203658
2009-09-23,4.226395
2009-09-24,4.072915
2009-09-25,4.039756
2009-09-28,4.111758
2009-09-29,3.894801
2009-09-30,3.962069
2009-10-09,4.084284
2009-10-12,4.013228
2009-10-13,3.979122
2009-10-14,4.001859
2009-10-15,3.959225
2009-10-16,3.902382
2009-10-19,3.890064
2009-10-20,3.882486
2009-10-21,3.985753
2009-10-22,3.903329
2009-10-23,3.991438
2009-10-26,4.048283
2009-10-27,3.954487
2009-10-28,3.963014
2009-10-29,3.944067
2009-10-30,4.081442
2009-11-02,4.272818
2009-11-03,4.284187
2009-11-04,4.340085
2009-11-05,4.273766
2009-11-06,4.294609
2009-11-09,4.367559
2009-11-10,4.389349
2009-11-11,4.413034
2009-11-12,4.445246
2009-11-13,4.367559
2009-11-16,4.520092
2009-11-17,4.530514
2009-11-18,4.509671
2009-11-19,4.524828
2009-11-20,4.535251
2009-11-23,4.550409
2009-11-24,4.340085
2009-11-25,4.470826
2009-11-26,4.434826
2009-11-27,4.505883
2009-11-30,4.661257
2009-12-01,4.822316
2009-12-02,4.768314
2009-12-03,4.736103
2009-12-04,4.741786
2009-12-07,4.732313
2009-12-08,4.751260
2009-12-09,4.646099
2009-12-10,4.645150
2009-12-11,4.661257
2009-12-14,4.605359
2009-12-15,4.675468
2009-12-16,4.642310
2009-12-17,4.599673
2009-12-18,4.474617
2009-12-21,4.507777
2009-12-22,4.592095
2009-12-23,4.652730
2009-12-24,4.704837
2009-12-25,4.898109
2009-12-28,4.821369
2009-12-29,4.890529
2009-12-30,4.893372
2009-12-31,4.973902
2010-01-04,4.831790
2010-01-05,4.665047
2010-01-06,4.642310
2010-01-07,4.587358
2010-01-08,4.670730
2010-01-11,4.546620
2010-01-12,4.704837
2010-01-13,4.708627
2010-01-14,4.793893
2010-01-15,4.729470
2010-01-18,4.745576
2010-01-19,4.651783
2010-01-20,4.631886
2010-01-21,4.638519
2010-01-22,4.532408
2010-01-25,4.535251
2010-01-26,4.542830
2010-01-27,4.501144
2010-01-28,4.586412
2010-01-29,4.526724
2010-02-01,4.546620
2010-02-02,4.520092
2010-02-03,4.449036
2010-02-04,4.463249
2010-02-05,4.430088
2010-02-08,4.320189
2010-02-09,4.293662
2010-02-10,4.386508
2010-02-11,4.443352
2010-02-12,4.594938
2010-02-22,4.604412
2010-02-23,4.607255
2010-02-24,4.718102
2010-02-25,4.652730
2010-02-26,4.657467
2010-03-01,4.657467
2010-03-02,4.602517
2010-03-03,4.612937
2010-03-04,4.490722
2010-03-05,4.490722
2010-03-08,4.515357
2010-03-09,4.514408
2010-03-10,4.534304
2010-03-11,4.488827
2010-03-12,4.361876
2010-03-15,4.275661
2010-03-16,4.319242
2010-03-17,4.464135
2010-03-18,4.449322
2010-03-19,4.489201
2010-03-22,4.475528
2010-03-23,4.418559
2010-03-24,4.392353
2010-03-25,4.351335
2010-03-26,4.357031
2010-03-29,4.468692
2010-03-30,4.466413
2010-03-31,4.467553
2010-04-01,4.533638
2010-04-02,4.669226
2010-04-06,4.660109
2010-04-07,4.743285
2010-04-08,4.737588
2010-04-09,4.737588
2010-04-12,4.737588
2010-04-13,4.975721
2010-04-14,5.289053
2010-04-15,5.150048
2010-04-16,5.159164
2010-04-19,5.170557
2010-04-20,5.339188
2010-04-21,5.344884
2010-04-22,5.405272
2010-04-23,5.341468
2010-04-26,5.248035
2010-04-27,5.159164
2010-04-28,5.224108
2010-04-29,5.009904
2010-04-30,4.874315
2010-05-04,4.980278
2010-05-05,5.011042
2010-05-06,4.980278
2010-05-07,5.083964
2010-05-10,4.970024
2010-05-11,4.905079
2010-05-12,4.718218
2010-05-13,4.862922
2010-05-14,5.074849
2010-05-17,4.992813
2010-05-18,4.878872
2010-05-19,4.956352
2010-05-20,4.910776
2010-05-21,4.944957
2010-05-24,5.081684
2010-05-25,5.203599
2010-05-26,5.072570
2010-05-27,5.191065
2010-05-28,5.320956
2010-05-31,5.204740
2010-06-01,5.124982
2010-06-02,5.036109
2010-06-03,5.104472
2010-06-04,5.346025
2010-06-07,5.587574
2010-06-08,5.611502
2010-06-09,5.700375
2010-06-10,5.711768
2010-06-11,5.583017
2010-06-15,5.583017
2010-06-17,5.137515
2010-06-18,4.946097
2010-06-21,4.905079
2010-06-22,4.932425
2010-06-23,4.783164
2010-06-24,4.818486
2010-06-25,4.588328
2010-06-28,4.588328
2010-06-29,4.477808
2010-06-30,4.451602
2010-07-01,4.210051
2010-07-02,4.259044
2010-07-05,4.317153
2010-07-06,4.317153
2010-07-07,4.409443
2010-07-08,4.329687
2010-07-09,4.443625
2010-07-12,4.444765
2010-07-13,4.448184
2010-07-14,4.329687
2010-07-15,4.352475
2010-07-16,4.363868
2010-07-19,4.375261
2010-07-20,4.522244
2010-07-21,4.580353
2010-07-22,4.589468
2010-07-23,4.677200
2010-07-26,4.833297
2010-07-27,4.897104
2010-07-28,4.900521
2010-07-29,4.738727
2010-07-30,4.759237
2010-08-02,4.862922
2010-08-03,4.796837
2010-08-04,4.680618
2010-08-05,4.805952
2010-08-06,4.825321
2010-08-09,5.045224
2010-08-10,4.989394
2010-08-11,5.017877
2010-08-12,5.026993
2010-08-13,5.091939
2010-08-16,5.123842
2010-08-17,5.036109
2010-08-18,4.968884
2010-08-19,4.887988
2010-08-20,4.715940
2010-08-23,4.660109
2010-08-24,4.679480
2010-08-25,4.788862
2010-08-26,4.842412
2010-08-27,4.902800
2010-08-30,5.038388
2010-08-31,5.000788
2010-09-01,4.902800
2010-09-02,4.933564
2010-09-03,5.014460
2010-09-06,4.993952
2010-09-07,4.947236
2010-09-08,5.017877
2010-09-09,5.204740
2010-09-10,5.407551
2010-09-13,5.320956
2010-09-14,5.521490
2010-09-15,5.458823
2010-09-16,5.309563
2010-09-17,5.485029
2010-09-20,5.485029
2010-09-21,5.692399
2010-09-27,5.708351
2010-09-28,5.651380
2010-09-29,5.448569
2010-09-30,5.559090
2010-10-08,5.698095
2010-10-11,5.344884
2010-10-12,5.167139
2010-10-13,5.138654
2010-10-14,5.150048
2010-10-15,5.039528
2010-10-18,5.112448
2010-10-19,5.226386
2010-10-20,5.339188
2010-10-21,5.290193
2010-10-22,5.324375
2010-10-25,5.465660
2010-10-26,5.472496
2010-10-27,5.456544
2010-10-28,5.407551
2010-10-29,5.387041
2010-11-01,5.526047
2010-11-02,5.514653
2010-11-03,5.710629
2010-11-04,5.690119
2010-11-05,5.698095
2010-11-08,5.961295
2010-11-09,6.019404
2010-11-10,6.199426
2010-11-11,6.141319
2010-11-12,6.159549
2010-11-15,6.733802
2010-11-16,7.035742
2010-11-17,6.655184
2010-11-18,6.587961
2010-11-19,6.903571
2010-11-22,6.779377
2010-11-23,6.667718
2010-11-24,6.982188
2010-11-25,6.935474
2010-11-26,6.944591
2010-11-29,6.857994
2010-11-30,6.676833
2010-12-01,6.478579
2010-12-02,6.425026
2010-12-03,6.379452
2010-12-06,6.382870
2010-12-07,6.658603
2010-12-08,6.634675
2010-12-09,6.641512
2010-12-10,6.659742
2010-12-13,6.707595
2010-12-14,6.439839
2010-12-15,6.486553
2010-12-16,6.454650
2010-12-17,6.323621
2010-12-20,6.307670
2010-12-21,6.213100
2010-12-22,6.264373
2010-12-23,6.116252
2010-12-24,6.263233
2010-12-27,6.296276
2010-12-28,6.322482
2010-12-29,6.458068
2010-12-30,6.640372
2010-12-31,6.786213
2011-01-04,6.548080
2011-01-05,6.338432
2011-01-06,6.210822
2011-01-07,6.380590
2011-01-10,6.038773
2011-01-11,5.786969
2011-01-12,5.722022
2011-01-13,5.766458
2011-01-14,5.782411
2011-01-17,5.556810
2011-01-18,5.564787
2011-01-19,5.696956
2011-01-20,5.549975
2011-01-21,5.414387
2011-01-24,5.292472
2011-01-25,5.289053
2011-01-26,5.302725
2011-01-27,5.603526
2011-01-28,5.627453
2011-01-31,5.629732
2011-02-01,5.629732
2011-02-09,5.514653
2011-02-10,5.649102
2011-02-11,5.736835
2011-02-14,5.879259
2011-02-15,5.849634
2011-02-16,5.818871
2011-02-17,5.908882
2011-02-18,5.870143
2011-02-21,5.863307
2011-02-22,5.849634
2011-02-23,5.925973
2011-02-24,6.036495
2011-02-25,6.053585
2011-02-28,5.919137
2011-03-01,5.866724
2011-03-02,5.667332
2011-03-03,5.595551
2011-03-04,5.624034
2011-03-07,5.549975
2011-03-08,5.510097
2011-03-09,5.560229
2011-03-10,5.620616
2011-03-11,5.520350
2011-03-14,5.637708
2011-03-15,5.736835
2011-03-16,5.589852
2011-03-17,5.400713
2011-03-18,5.387041
2011-03-21,5.291332
2011-03-22,5.301588
2011-03-23,5.384762
2011-03-24,5.441732
2011-03-25,5.441732
2011-03-28,5.181951
2011-03-29,5.176254
2011-03-30,5.170557
2011-03-31,5.225247
2011-04-01,5.242338
2011-04-06,5.226386
2011-04-07,5.152327
2011-04-08,5.259429
2011-04-11,5.320956
2011-04-12,5.365393
2011-04-13,5.371089
2011-04-14,5.363114
2011-04-15,5.384762
2011-04-18,5.351720
2011-04-19,5.375648
2011-04-20,5.518073
2011-04-21,5.472496
2011-04-22,5.527186
2011-04-25,5.560229
2011-04-26,5.416942
2011-04-27,5.386115
2011-04-28,5.228556
2011-04-29,5.274796
2011-05-03,5.274796
2011-05-04,5.345013
2011-05-05,5.511135
2011-05-06,5.631016
2011-05-09,5.564225
2011-05-10,5.526549
2011-05-11,5.586488
2011-05-12,5.550524
2011-05-13,5.545386
2011-05-16,5.625878
2011-05-17,5.583065
2011-05-18,5.576213
2011-05-19,5.586488
2011-05-20,5.625878
2011-05-23,5.434067
2011-05-24,5.375840
2011-05-25,5.235407
2011-05-26,5.132650
2011-05-27,5.206293
2011-05-30,5.231981
2011-05-31,5.262809
2011-06-01,5.274796
2011-06-02,5.374127
2011-06-03,5.387828
2011-06-07,5.389540
2011-06-08,5.312474
2011-06-09,5.137789
2011-06-10,5.199442
2011-06-13,5.137789
2011-06-14,5.137789
2011-06-15,5.137789
2011-06-16,5.137789
2011-06-17,4.975093
2011-06-20,4.791845
2011-06-21,4.790132
2011-06-22,4.783282
2011-06-23,4.891175
2011-06-24,5.038458
2011-06-27,5.122375
2011-06-28,5.069284
2011-06-29,5.072710
2011-06-30,5.132650
2011-07-01,5.122375
2011-07-04,5.261095
2011-07-05,5.309049
2011-07-06,5.324461
2011-07-07,5.392966
2011-07-08,5.343301
2011-07-11,5.362139
2011-07-12,5.396391
2011-07-13,5.480308
2011-07-14,5.649855
2011-07-15,5.807415
2011-07-18,5.780013
2011-07-19,5.687531
2011-07-20,5.634441
2011-07-21,5.617315
2011-07-22,5.687531
2011-07-25,5.494008
2011-07-26,5.459757
2011-07-27,5.523123
2011-07-28,5.576213
2011-07-29,5.565938
2011-08-01,5.464895
2011-08-02,5.463182
2011-08-03,5.382690
2011-08-04,5.394677
2011-08-05,5.403241
2011-08-08,5.375840
2011-08-09,5.276509
2011-08-10,5.357003
2011-08-11,5.545386
2011-08-12,5.660131
2011-08-15,5.730348
2011-08-16,5.583065
2011-08-17,5.458045
2011-08-18,5.401528
2011-08-19,5.368989
2011-08-22,5.353576
2011-08-23,5.482020
2011-08-24,5.398103
2011-08-25,5.476883
2011-08-26,5.375840
2011-08-29,5.291923
2011-08-30,5.309049
2011-08-31,5.326175
2011-09-01,5.204580
2011-09-02,5.163477
2011-09-05,5.146352
2011-09-06,5.105250
2011-09-07,5.231981
2011-09-08,5.231981
2011-09-09,5.180604
2011-09-13,5.137789
2011-09-14,5.166904
2011-09-15,5.158341
2011-09-16,5.137789
2011-09-19,5.070999
2011-09-20,5.062435
2011-09-21,5.137789
2011-09-22,5.057297
2011-09-23,4.995644
2011-09-26,4.882612
2011-09-27,4.959680
2011-09-28,4.976804
2011-09-29,4.918577
2011-09-30,4.976804
2011-10-10,5.023045
2011-10-11,5.017907
2011-10-12,5.029895
2011-10-13,5.036745
2011-10-14,4.985367
2011-10-17,4.987080
2011-10-18,4.933990
2011-10-19,4.964816
2011-10-20,4.853497
2011-10-21,4.750741
2011-10-24,4.808970
2011-10-25,4.865486
2011-10-26,4.935703
2011-10-27,5.035033
2011-10-28,5.055584
2011-10-31,4.942553
2011-11-01,4.945978
2011-11-02,5.117238
2011-11-03,5.223419
2011-11-04,5.228556
2011-11-07,5.291923
2011-11-08,5.286784
2011-11-09,5.273083
2011-11-10,5.278223
2011-11-11,5.278223
2011-11-14,5.353576
2011-11-15,5.427218
2011-11-16,5.295348
2011-11-17,5.281647
2011-11-18,5.151490
2011-11-21,5.168616
2011-11-22,5.142928
2011-11-23,5.142928
2011-11-24,5.319324
2011-11-25,5.334736
2011-11-28,5.422079
2011-11-29,5.416942
2011-11-30,5.302197
2011-12-01,5.408379
2011-12-02,5.437493
2011-12-05,5.346725
2011-12-06,5.233694
2011-12-07,5.238832
2011-12-08,5.338162
2011-12-09,5.406666
2011-12-12,5.250820
2011-12-13,5.165189
2011-12-14,5.076135
2011-12-15,5.028181
2011-12-16,5.050445
2011-12-19,5.172041
2011-12-20,5.187454
2011-12-21,5.124087
2011-12-22,5.178891
2011-12-23,5.166904
2011-12-26,5.117238
2011-12-27,4.947691
2011-12-28,4.949402
2011-12-29,4.947691
2011-12-30,5.041883
2012-01-04,4.872337
2012-01-05,4.624009
2012-01-06,4.546943
2012-01-09,4.692512
2012-01-10,4.752455
2012-01-11,4.743891
2012-01-12,4.687376
2012-01-13,4.589759
2012-01-16,4.452750
2012-01-17,4.456175
2012-01-18,4.223263
2012-01-19,4.315742
2012-01-20,4.569207
2012-01-30,4.485290
2012-01-31,4.452750
2012-02-01,4.428773
2012-02-02,4.493854
2012-02-03,4.519540
2012-02-06,4.632572
2012-02-07,4.543519
2012-02-08,4.553794
2012-02-09,4.612022
2012-02-10,4.560644
2012-02-13,4.622298
2012-02-14,4.601745
2012-02-15,4.653123
2012-02-16,4.723341
2012-02-17,4.692512
2012-02-20,4.690801
2012-02-21,4.646274
2012-02-22,4.647986
2012-02-23,4.668537
2012-02-24,4.726767
2012-02-27,4.762731
2012-02-28,4.730191
2012-02-29,4.586332
2012-03-01,4.463025
2012-03-02,4.557219
2012-03-05,4.466450
2012-03-06,4.456175
2012-03-07,4.558930
2012-03-08,4.610309
2012-03-09,4.591471
2012-03-12,4.704502
2012-03-13,4.726767
2012-03-14,4.624009
2012-03-15,4.711352
2012-03-16,4.853497
2012-03-19,4.814108
2012-03-20,4.706214
2012-03-21,4.706214
2012-03-22,4.738754
2012-03-23,4.702789
2012-03-26,4.731904
2012-03-27,4.637710
2012-03-28,4.454462
2012-03-29,4.487003
2012-03-30,4.492139
2012-04-05,4.521255
2012-04-06,4.492139
2012-04-09,4.476727
2012-04-10,4.493854
2012-04-11,4.493854
2012-04-12,4.570919
2012-04-13,4.586332
2012-04-16,4.670249
2012-04-17,4.701077
2012-04-18,4.740466
2012-04-19,4.671962
2012-04-20,4.666824
2012-04-23,4.629148
2012-04-24,4.637710
2012-04-25,4.630860
2012-04-26,4.647986
2012-04-27,4.618872
2012-05-02,4.743891
2012-05-03,4.803833
2012-05-04,4.807257
2012-05-07,4.862061
2012-05-08,4.844933
2012-05-09,4.759305
2012-05-10,4.862061
2012-05-11,4.848360
2012-05-14,4.927140
2012-05-15,4.896314
2012-05-16,4.916864
2012-05-17,4.882612
2012-05-18,4.778144
2012-05-21,4.795270
2012-05-22,4.829521
2012-05-23,4.767869
2012-05-24,4.742179
2012-05-25,4.730191
2012-05-28,4.788418
2012-05-29,4.834465
2012-05-30,4.838244
2012-05-31,4.936520
2012-06-01,5.085826
2012-06-04,5.083936
2012-06-05,5.112285
2012-06-06,5.125515
2012-06-07,5.097166
2012-06-08,5.099055
2012-06-11,5.148194
2012-06-12,5.314509
2012-06-13,5.458144
2012-06-14,5.420345
2012-06-15,5.391996
2012-06-18,5.460035
2012-06-19,5.412786
2012-06-20,5.280489
2012-06-21,5.229462
2012-06-25,5.246470
2012-06-26,5.248362
2012-06-27,5.316399
2012-06-28,5.424126
2012-06-29,5.426015
2012-07-02,5.461924
2012-07-03,5.367426
2012-07-04,5.282379
2012-07-05,5.390107
2012-07-06,5.467594
2012-07-09,5.420345
2012-07-10,5.350418
2012-07-11,5.482714
2012-07-12,5.620678
2012-07-13,5.664148
2012-07-16,5.528072
2012-07-17,5.580990
2012-07-18,5.501612
2012-07-19,5.669817
2012-07-20,5.747304
2012-07-23,5.666038
2012-07-24,5.579100
2012-07-25,5.749195
2012-07-26,5.654698
2012-07-27,5.412786
2012-07-30,5.412786
2012-07-31,5.414674
2012-08-01,5.486493
2012-08-02,5.501612
2012-08-03,5.545084
2012-08-06,5.622570
2012-08-07,5.662258
2012-08-08,5.494052
2012-08-09,5.669817
2012-08-10,5.788884
2012-08-13,5.766205
2012-08-14,5.628239
2012-08-15,5.577210
2012-08-16,5.516734
2012-08-17,5.437355
2012-08-20,5.473262
2012-08-21,5.556420
2012-08-22,5.511063
2012-08-23,5.669817
2012-08-24,5.717066
2012-08-27,5.718956
2012-08-28,5.669817
2012-08-29,5.732185
2012-08-30,5.737855
2012-08-31,5.675488
2012-09-03,5.754864
2012-09-04,5.747304
2012-09-05,5.743525
2012-09-06,5.752975
2012-09-07,5.945749
2012-09-10,5.943859
2012-09-11,6.008116
2012-09-12,5.936299
2012-09-13,5.873930
2012-09-14,5.911731
2012-09-17,5.790774
2012-09-18,5.675488
2012-09-19,5.743525
2012-09-20,5.650918
2012-09-21,5.607449
2012-09-24,5.632019
2012-09-25,5.626349
2012-09-26,5.707617
2012-09-27,5.707617
2012-09-28,5.728406
2012-10-08,5.692497
2012-10-09,5.847471
2012-10-10,5.898500
2012-10-11,5.819123
2012-10-12,5.769984
2012-10-15,5.866371
2012-10-16,5.907950
2012-10-17,5.900390
2012-10-18,5.838023
2012-10-19,5.752975
2012-10-22,5.737855
2012-10-23,5.654698
2012-10-24,5.656588
2012-10-25,5.677377
2012-10-26,5.630129
2012-10-29,5.594220
2012-10-30,5.584771
2012-10-31,5.679267
2012-11-01,5.726516
2012-11-02,5.669817
2012-11-05,5.728406
2012-11-06,5.694386
2012-11-07,5.615010
2012-11-08,5.562091
2012-11-09,5.565871
2012-11-12,5.439245
2012-11-13,5.382548
2012-11-14,5.450584
2012-11-15,5.480824
2012-11-16,5.475154
2012-11-19,5.420345
2012-11-20,5.397667
2012-11-21,5.420345
2012-11-22,5.391996
2012-11-23,5.439245
2012-11-26,5.480824
2012-11-27,5.426015
2012-11-28,5.293720
2012-11-29,5.263481
2012-11-30,5.265371
2012-12-03,5.189773
2012-12-04,5.138745
2012-12-05,5.231351
2012-12-06,5.244581
2012-12-07,5.374988
2012-12-10,5.244581
2012-12-11,5.242691
2012-12-12,5.320179
2012-12-13,5.356088
2012-12-14,5.456254
2012-12-17,5.282379
2012-12-18,5.272931
2012-12-19,5.284271
2012-12-20,5.257811
2012-12-21,5.254031
2012-12-24,5.367426
2012-12-25,5.548861
2012-12-26,5.575321
2012-12-27,5.582880
2012-12-28,5.666038
2012-12-31,5.688717
2013-01-04,5.382548
2013-01-07,5.486493
2013-01-08,5.571541
2013-01-09,5.598000
2013-01-10,5.552642
2013-01-11,5.552642
2013-01-14,5.698166
2013-01-15,5.683046
2013-01-16,5.819123
2013-01-17,5.904169
2013-01-18,5.974097
2013-01-21,5.898500
2013-01-22,5.796444
2013-01-23,5.924959
2013-01-24,5.924959
2013-01-25,6.181991
2013-01-28,6.284048
2013-01-29,6.274598
2013-01-30,6.178211
2013-01-31,6.170650
2013-02-01,6.011897
2013-02-04,5.875820
2013-02-05,5.977878
2013-02-06,6.147972
2013-02-07,6.147972
2013-02-08,6.195220
2013-02-18,6.104504
2013-02-19,6.236800
2013-02-20,6.465482
2013-02-21,6.327517
2013-02-22,6.325626
2013-02-25,6.353975
2013-02-26,6.257588
2013-02-27,6.176322
2013-02-28,6.227349
2013-03-01,6.399334
2013-03-04,6.425793
2013-03-05,6.520290
2013-03-06,6.418233
2013-03-07,6.304836
2013-03-08,6.304836
2013-03-11,6.293498
2013-03-12,6.136632
2013-03-13,6.102614
2013-03-14,6.206560
2013-03-15,6.234909
2013-03-18,6.087493
2013-03-19,6.028906
2013-03-20,6.140413
2013-03-21,6.236800
2013-03-22,6.331295
2013-03-25,6.240580
2013-03-26,6.208451
2013-03-27,6.287828
2013-03-28,6.355865
2013-03-29,6.352085
2013-04-01,6.134742
2013-04-02,5.936299
2013-04-03,5.838023
2013-04-08,6.028906
2013-04-09,5.877712
2013-04-10,5.821013
2013-04-11,5.764316
2013-04-12,5.752975
2013-04-15,5.662258
2013-04-16,5.709507
2013-04-17,5.752975
2013-04-18,5.630129
2013-04-19,5.752975
2013-04-22,5.915510
2013-04-23,5.839912
2013-04-24,5.856922
2013-04-25,5.677377
2013-04-26,5.760534
2013-05-02,5.751084
2013-05-03,5.864482
2013-05-06,5.979767
2013-05-07,6.034575
2013-05-08,6.102614
2013-05-09,6.036465
2013-05-10,6.042135
2013-05-13,5.975988
2013-05-14,5.957088
2013-05-15,6.062925
2013-05-16,5.966537
2013-05-17,6.134742
2013-05-20,5.845581
2013-05-21,5.771874
2013-05-22,5.584771
2013-05-23,5.652809
2013-05-24,5.645248
2013-05-27,5.777545
2013-05-28,5.794553
2013-05-29,5.792664
2013-05-30,5.790774
2013-05-31,5.923069
2013-06-03,5.947639
2013-06-04,5.790774
2013-06-05,5.885271
2013-06-06,5.783214
2013-06-07,5.823765
2013-06-13,5.784161
2013-06-14,5.980094
2013-06-17,6.053047
2013-06-18,6.011358
2013-06-19,5.913393
2013-06-20,5.830018
2013-06-21,5.688280
2013-06-24,5.448576
2013-06-25,5.369369
2013-06-26,5.458997
2013-06-27,5.544457
2013-06-28,5.494432
2013-07-01,5.634086
2013-07-02,5.938406
2013-07-03,6.025950
2013-07-04,5.892549
2013-07-05,5.907140
2013-07-08,5.832102
2013-07-09,5.771655
2013-07-10,5.877959
2013-07-11,6.067638
2013-07-12,6.159351
2013-07-15,6.776328
2013-07-16,7.022285
2013-07-17,7.043129
2013-07-18,6.913897
2013-07-19,6.782580
2013-07-22,7.224469
2013-07-23,7.091069
2013-07-24,7.207794
2013-07-25,7.201541
2013-07-26,7.232807
2013-07-29,7.293254
2013-07-30,7.105660
2013-07-31,6.972260
2013-08-01,7.070226
2013-08-02,7.063973
2013-08-05,7.266158
2013-08-06,7.422485
2013-08-07,7.380799
2013-08-08,7.624670
2013-08-09,7.539212
2013-08-12,7.295339
2013-08-13,7.191119
2013-08-14,7.259904
2013-08-15,6.828436
2013-08-16,6.592901
2013-08-19,6.857618
2013-08-20,6.786750
2013-08-21,6.749230
2013-08-22,6.890967
2013-08-23,7.068140
2013-08-26,7.045213
2013-08-27,6.920150
2013-08-28,6.705457
2013-08-29,6.722133
2013-08-30,6.672108
2013-09-02,6.636674
2013-09-03,6.838859
2013-09-04,6.809678
2013-09-05,6.895137
2013-09-06,6.886800
2013-09-09,6.824268
2013-09-10,6.634589
2013-09-11,6.711711
2013-09-12,6.765905
2013-09-13,6.778412
2013-09-16,6.897222
2013-09-17,6.778412
2013-09-18,6.776328
2013-09-23,7.134843
2013-09-24,7.168192
2013-09-25,7.047297
2013-09-26,7.464174
2013-09-27,7.455836
2013-09-30,7.580899
2013-10-08,7.412064
2013-10-09,7.378714
2013-10-10,7.099407
2013-10-11,7.270326
2013-10-14,7.003525
2013-10-15,6.834690
2013-10-16,6.836774
2013-10-17,6.957669
2013-10-18,6.813847
2013-10-21,6.853448
2013-10-22,6.932657
2013-10-23,6.997272
2013-10-24,6.776328
2013-10-25,6.674192
2013-10-28,6.686700
2013-10-29,6.617914
2013-10-30,6.613746
2013-10-31,6.607493
2013-11-01,6.728387
2013-11-04,6.449080
2013-11-05,6.438658
2013-11-06,6.253148
2013-11-07,6.301088
2013-11-08,6.311511
2013-11-11,6.486598
2013-11-12,6.494936
2013-11-13,6.434489
2013-11-14,6.630421
2013-11-15,6.649180
2013-11-18,6.751314
2013-11-19,6.730471
2013-11-20,6.730471
2013-11-21,6.970176
2013-11-22,6.963921
2013-11-25,7.220301
2013-11-26,7.122334
2013-11-27,7.149433
2013-11-28,7.061889
2013-11-29,7.061889
2013-12-02,6.868041
2013-12-03,7.120251
2013-12-04,7.155685
2013-12-05,7.205710
2013-12-06,7.057719
2013-12-09,7.184867
2013-12-10,7.193204
2013-12-11,7.166107
2013-12-12,7.399558
2013-12-13,7.503777
2013-12-16,7.324521
2013-12-17,7.630925
2013-12-18,7.668443
2013-12-19,7.447498
2013-12-20,7.687202
2013-12-23,7.995691
2013-12-24,7.726806
2013-12-25,7.622586
2013-12-26,7.791421
2013-12-27,7.797674
2013-12-30,7.972763
2013-12-31,7.916486
2014-01-02,8.141596
2014-01-03,8.087404
2014-01-06,7.814350
2014-01-07,8.079066
2014-01-08,8.085320
2014-01-09,8.108246
2014-01-10,7.866459
2014-01-13,7.726806
2014-01-14,7.672612
2014-01-15,8.112416
2014-01-16,7.933158
2014-01-17,7.741397
2014-01-20,7.601745
2014-01-21,7.620502
2014-01-22,7.785168
2014-01-23,7.528790
2014-01-24,7.610081
2014-01-27,7.520453
2014-01-28,7.572561
2014-01-29,7.749734
2014-01-30,7.810181
2014-02-07,7.724720
2014-02-10,7.901893
2014-02-11,7.939413
2014-02-12,7.920653
2014-02-13,7.724720
2014-02-14,7.956089
2014-02-17,7.939413
2014-02-18,7.655937
2014-02-19,7.635093
2014-02-20,7.620502
2014-02-21,7.730975
2014-02-24,8.045717
2014-02-25,7.814350
2014-02-26,7.770577
2014-02-27,7.207794
2014-02-28,7.526706
2014-03-03,7.505861
2014-03-04,7.214048
2014-03-05,7.084816
2014-03-06,7.016032
2014-03-07,7.130672
2014-03-10,7.128587
2014-03-11,7.480849
2014-03-12,7.428740
2014-03-13,7.482933
2014-03-14,7.305761
2014-03-17,7.345365
2014-03-18,7.209878
2014-03-19,7.139010
2014-03-20,6.966006
2014-03-21,7.172360
2014-03-24,7.143180
2014-03-25,7.124420
2014-03-26,7.186951
2014-03-27,7.066056
2014-03-28,6.888885
2014-03-31,6.978512
2014-04-01,6.940994
2014-04-02,6.824268
2014-04-03,6.913897
2014-04-04,6.945162
2014-04-08,7.241145
2014-04-09,7.149433
2014-04-10,7.080647
2014-04-11,7.222385
2014-04-14,7.226555
2014-04-15,7.259904
2014-04-16,7.253651
2014-04-17,7.136924
2014-04-18,7.151517
2014-04-21,7.001441
2014-04-22,6.949331
2014-04-23,6.980597
2014-04-24,6.918065
2014-04-25,6.807593
2014-04-28,6.734639
2014-04-29,6.751314
2014-04-30,6.951416
2014-05-05,6.953498
2014-05-06,6.999356
2014-05-07,6.972260
2014-05-08,6.922235
2014-05-09,7.101491
2014-05-12,7.055634
2014-05-13,7.055634
2014-05-14,7.153601
2014-05-15,7.114938
2014-05-16,7.103444
2014-05-19,7.036777
2014-05-20,7.087352
2014-05-21,7.110340
2014-05-22,7.181604
2014-05-23,7.342525
2014-05-26,7.264364
2014-05-27,7.280456
2014-05-28,7.289650
2014-05-29,7.441375
2014-05-30,7.445973
2014-06-03,7.570110
2014-06-04,7.436777
2014-06-05,7.629880
2014-06-06,7.558615
2014-06-09,7.703444
2014-06-10,7.728730
2014-06-11,7.816086
2014-06-12,7.740224
2014-06-13,7.668961
2014-06-16,7.590799
2014-06-17,7.542524
2014-06-18,7.673559
2014-06-19,7.577007
2014-06-20,7.572409
2014-06-23,7.703444
2014-06-24,7.705743
2014-06-25,7.554018
2014-06-26,7.528731
2014-06-27,7.498846
2014-06-30,7.622984
2014-07-01,7.666663
2014-07-02,7.586201
2014-07-03,7.671260
2014-07-04,7.549420
2014-07-07,7.517237
2014-07-08,7.549420
2014-07-09,7.275858
2014-07-10,7.271260
2014-07-11,7.337928
2014-07-14,7.434479
2014-07-15,7.489650
2014-07-16,7.271260
2014-07-17,7.294249
2014-07-18,7.301145
2014-07-21,7.416088
2014-07-22,7.466661
2014-07-23,7.388501
2014-07-24,7.420685
2014-07-25,7.422984
2014-07-28,7.434479
2014-07-29,7.468961
2014-07-30,7.641375
2014-07-31,7.597696
2014-08-01,7.728730
2014-08-04,7.744822
2014-08-05,7.629880
2014-08-06,7.634477
2014-08-07,7.588500
2014-08-08,7.609191
2014-08-11,7.719536
2014-08-12,7.790800
2014-08-13,7.779305
2014-08-14,7.717237
2014-08-15,7.845973
2014-08-18,7.990799
2014-08-19,7.963213
2014-08-20,7.880454
2014-08-21,7.928730
2014-08-22,7.917236
2014-08-25,7.887352
2014-08-26,7.921834
2014-08-27,7.790800
2014-08-28,7.788501
2014-08-29,7.781605
2014-09-01,7.836776
2014-09-02,7.834477
2014-09-03,7.931029
2014-09-04,7.887352
2014-09-05,7.910338
2014-09-09,7.809191
2014-09-10,7.806892
2014-09-11,7.717237
2014-09-12,7.795398
2014-09-15,7.783903
2014-09-16,7.799995
2014-09-17,8.183902
2014-09-18,8.429880
2014-09-19,8.524132
2014-09-22,8.466661
2014-09-23,8.680454
2014-09-24,8.756317
2014-09-25,8.625282
2014-09-26,8.673558
2014-09-29,8.634480
2014-09-30,8.521834
2014-10-08,8.965512
2014-10-09,8.940225
2014-10-10,8.901145
2014-10-13,9.096546
2014-10-14,8.935627
2014-10-15,8.954017
2014-10-16,8.712637
2014-10-17,8.797694
2014-10-20,8.673558
2014-10-21,8.866660
2014-10-22,8.751719
2014-10-23,8.708039
2014-10-24,8.742523
2014-10-27,8.963213
2014-10-28,9.062062
2014-10-29,9.068958
2014-10-30,9.096546
2014-10-31,8.954017
2014-11-03,8.896547
2014-11-04,8.825282
2014-11-05,8.871260
2014-11-06,8.988502
2014-11-07,8.760915
2014-11-10,8.733328
2014-11-11,8.813787
2014-11-12,9.039075
2014-11-13,8.799994
2014-11-14,8.777008
2014-11-17,8.689651
2014-11-18,8.744821
2014-11-19,8.811489
2014-11-20,8.560915
2014-11-21,8.560915
2014-11-24,8.344819
2014-11-25,8.409190
2014-11-26,8.337926
2014-11-27,8.280456
2014-11-28,8.199996
2014-12-01,8.494249
2014-12-02,8.448271
2014-12-03,8.551718
2014-12-04,8.687352
2014-12-05,8.611487
2014-12-08,8.427580
2014-12-09,8.234479
2014-12-10,8.503444
2014-12-11,8.517236
2014-12-12,8.655166
2014-12-15,8.983903
2014-12-16,8.917236
2014-12-17,8.616088
2014-12-18,8.694246
2014-12-19,8.595396
2014-12-22,8.436776
2014-12-23,8.335626
2014-12-24,8.393099
2014-12-25,8.429880
2014-12-26,8.457466
2014-12-29,8.457466
2014-12-30,8.560915
2014-12-31,8.616088
2015-01-05,8.912638
2015-01-06,9.101146
2015-01-07,9.009190
2015-01-08,9.073559
2015-01-09,9.009190
2015-01-12,9.241374
2015-01-13,9.250568
2015-01-14,9.002294
2015-01-15,8.963213
2015-01-16,8.944822
2015-01-19,8.965512
2015-01-20,9.055168
2015-01-21,9.372409
2015-01-22,9.648271
2015-01-23,9.622983
2015-01-26,9.756315
2015-01-27,9.687350
2015-01-28,9.459765
2015-01-29,9.377006
2015-01-30,9.358615
2015-02-02,9.657466
2015-02-03,9.521833
2015-02-04,9.374707
2015-02-05,9.222982
2015-02-06,9.241374
2015-02-09,9.388500
2015-02-10,9.390798
2015-02-11,9.468960
2015-02-12,9.501144
2015-02-13,9.324133
2015-02-16,9.473558
2015-02-17,9.508039
2015-02-25,9.508039
2015-02-26,9.379307
2015-02-27,9.278154
2015-03-02,9.195396
2015-03-03,9.218387
2015-03-04,9.618385
2015-03-05,9.841373
2015-03-06,9.731030
2015-03-09,9.779305
2015-03-10,9.894246
2015-03-11,10.025281
2015-03-12,9.880455
2015-03-13,9.850571
2015-03-16,9.880455
2015-03-17,9.742523
2015-03-18,9.885053
2015-03-19,9.717235
2015-03-20,10.135627
2015-03-23,10.163212
2015-03-24,10.048270
2015-03-25,10.388501
2015-03-26,10.395397
2015-03-27,10.225281
2015-03-30,10.377006
2015-03-31,10.597694
2015-04-01,11.142522
2015-04-02,11.135627
2015-04-03,11.209188
2015-04-07,11.287350
2015-04-08,11.328728
2015-04-09,11.349417
2015-04-10,11.767808
2015-04-13,12.310337
2015-04-14,12.193096
2015-04-15,12.542521
2015-04-16,12.666658
2015-04-17,12.526427
2015-04-20,12.360913
2015-04-21,13.002289
2015-04-22,13.377004
2015-04-23,13.222981
2015-04-24,13.094243
2015-04-27,13.154016
2015-04-28,12.763211
2015-04-29,13.022982
2015-04-30,13.105739
2015-05-04,12.832177
2015-05-05,13.085048
2015-05-06,13.248268
2015-05-07,12.979302
2015-05-08,13.034475
2015-05-11,13.356314
2015-05-12,13.599992
2015-05-13,13.383900
2015-05-14,13.275853
2015-05-15,12.887349
2015-05-18,12.832177
2015-05-19,13.034475
2015-05-20,13.232177
2015-05-21,13.705738
2015-05-22,13.758614
2015-05-25,13.864358
2015-05-26,14.696543
2015-05-27,15.459761
2015-05-28,13.983898
2015-05-29,14.425278
2015-06-01,15.039072
2015-06-02,14.737924
2015-06-03,14.172406
2015-06-04,13.636774
2015-06-05,14.016084
2015-06-08,13.650566
2015-06-09,13.657463
2015-06-10,14.064359
2015-06-11,14.365510
2015-06-12,14.360910
2015-06-15,13.757186
2015-06-16,13.083696
2015-06-17,13.326154
2015-06-18,12.820287
2015-06-19,12.538916
2015-06-23,13.550649
2015-06-24,13.517723
2015-06-25,12.730485
2015-06-26,11.988151
2015-06-29,12.314420
2015-06-30,13.332138
2015-07-01,13.397991
2015-07-02,13.209414
2015-07-03,12.467077
2015-07-06,13.032808
2015-07-07,12.461089
2015-07-08,11.215879
2015-07-09,12.338365
2015-07-10,13.571604
2015-07-13,14.337887
2015-07-14,13.742219
2015-07-15,12.610754
2015-07-16,13.221387
2015-07-17,13.867938
2015-07-20,13.700315
2015-07-21,13.571604
2015-07-22,13.748206
2015-07-23,13.805079
2015-07-24,13.344112
2015-07-27,12.110873
2015-07-28,12.954982
2015-07-29,13.469830
2015-07-30,12.811307
2015-07-31,13.451873
2015-08-03,14.197201
2015-08-04,14.337887
2015-08-05,14.029579
2015-08-06,13.966718
2015-08-07,13.999645
2015-08-10,14.927565
2015-08-11,14.493538
2015-08-12,14.056517
2015-08-13,14.068488
2015-08-14,14.026584
2015-08-17,14.200195
2015-08-18,13.879913
2015-08-19,14.260059
2015-08-20,13.724259
2015-08-21,13.077708
2015-08-24,11.862433
2015-08-25,11.967196
2015-08-26,12.805319
2015-08-27,13.056755
2015-08-28,13.305201
2015-08-31,13.290232
2015-09-01,12.724500
2015-09-02,12.544902
2015-09-07,13.233359
2015-09-08,14.376798
2015-09-09,13.817052
2015-09-10,14.008623
2015-09-11,13.652424
2015-09-14,13.894877
2015-09-15,13.275266
2015-09-16,14.071483
2015-09-17,13.580582
2015-09-18,13.604529
2015-09-21,13.790112
2015-09-22,13.718275
2015-09-23,13.565615
2015-09-24,13.999645
2015-09-25,13.802086
2015-09-28,14.128355
2015-09-29,13.981685
2015-09-30,13.826033
2015-10-08,14.367819
2015-10-09,14.427685
2015-10-12,14.397753
2015-10-13,14.068488
2015-10-14,14.035563
2015-10-15,14.149309
2015-10-16,14.083455
2015-10-19,14.565376
2015-10-20,14.574355
2015-10-21,14.266047
2015-10-22,14.613269
2015-10-23,14.661161
2015-10-26,15.550172
2015-10-27,15.400505
2015-10-28,15.526226
2015-10-29,16.002157
2015-10-30,15.729771
2015-11-02,15.418467
2015-11-03,15.259821
2015-11-04,15.819566
2015-11-05,15.627995
2015-11-06,15.409486
2015-11-09,15.364587
2015-11-10,14.646194
2015-11-11,15.364587
2015-11-12,15.313700
2015-11-13,15.092197
2015-11-16,15.406490
2015-11-17,15.469353
2015-11-18,15.289755
2015-11-19,15.361592
2015-11-20,15.250841
2015-11-23,15.083217
2015-11-24,15.179003
2015-11-25,15.032331
2015-11-26,15.128116
2015-11-27,14.795860
2015-11-30,14.810827
2015-12-01,15.077230
2015-12-02,15.247849
2015-12-03,15.271795
2015-12-04,15.313700
2015-12-07,15.421460
2015-12-08,15.026344
2015-12-09,14.969472
2015-12-10,14.966478
2015-12-11,14.855725
2015-12-14,14.682115
2015-12-15,14.900626
2015-12-16,14.840760
2015-12-17,14.930557
2015-12-18,14.888653
2015-12-21,15.271795
2015-12-22,15.143085
2015-12-23,15.107163
2015-12-24,14.921576
2015-12-25,14.774907
2015-12-28,14.643204
2015-12-29,14.795860
2015-12-30,14.631229
2015-12-31,14.703069
2016-01-04,14.128355
2016-01-05,14.236115
2016-01-06,14.523471
2016-01-07,13.826033
2016-01-08,14.263055
2016-01-11,13.634461
2016-01-12,13.481805
2016-01-13,13.152540
2016-01-14,13.266286
2016-01-15,12.877157
2016-01-18,12.984919
2016-01-19,13.269281
2016-01-20,13.266286
2016-01-21,12.838245
2016-01-22,12.966957
2016-01-25,13.161521
2016-01-26,12.844232
2016-01-27,12.975938
2016-01-28,12.742459
2016-01-29,13.170503
2016-02-01,13.371052
2016-02-02,13.451873
2016-02-03,13.769160
2016-02-04,13.703307
2016-02-05,13.547656
2016-02-15,13.577590
2016-02-16,13.793108
2016-02-17,13.625481
2016-02-18,13.442890
2016-02-19,13.628476
2016-02-22,13.843992
2016-02-23,13.975698
2016-02-24,14.053524
2016-02-25,13.667388
2016-02-26,13.769160
2016-02-29,13.460851
2016-03-01,13.392005
2016-03-02,13.733240
2016-03-03,13.978690
2016-03-04,14.209174
2016-03-07,14.281013
2016-03-08,14.266047
2016-03-09,14.418706
2016-03-10,13.960732
2016-03-11,13.939778
2016-03-14,14.002636
2016-03-15,14.349860
2016-03-16,14.400746
2016-03-17,14.487552
2016-03-18,14.263055
2016-03-21,14.322922
2016-03-22,14.131350
2016-03-23,14.134342
2016-03-24,14.149309
2016-03-25,14.182235
2016-03-28,14.047539
2016-03-29,13.969712
2016-03-30,14.161282
2016-03-31,14.137336
2016-04-01,14.233121
2016-04-05,14.337887
2016-04-06,14.245094
2016-04-07,14.281013
2016-04-08,14.170261
2016-04-11,14.074476
2016-04-12,14.074476
2016-04-13,14.107402
2016-04-14,14.134342
2016-04-15,14.260059
2016-04-18,14.409725
2016-04-19,14.301967
2016-04-20,14.322922
2016-04-21,13.990664
2016-04-22,14.026584
2016-04-25,13.924811
2016-04-26,14.170261
2016-04-27,14.167270
2016-04-28,13.996651
2016-04-29,13.972704
2016-05-03,14.304960
2016-05-04,14.307953
2016-05-05,14.233121
2016-05-06,14.044543
2016-05-09,13.879913
2016-05-10,13.864946
2016-05-11,14.146316
2016-05-12,14.044543
2016-05-13,14.014610
2016-05-16,14.071483
2016-05-17,14.173254
2016-05-18,14.116383
2016-05-19,13.957738
2016-05-20,13.912837
2016-05-23,13.745214
2016-05-24,13.742219
2016-05-25,13.538677
2016-05-26,13.514729
2016-05-27,13.424930
2016-05-30,13.469830
2016-05-31,13.751199
2016-06-01,13.685349
2016-06-02,13.634461
2016-06-03,13.981685
2016-06-06,13.948757
2016-06-07,13.930798
2016-06-08,13.975698
2016-06-13,13.796100
2016-06-14,13.742219
2016-06-15,13.829027
2016-06-16,14.006614
2016-06-17,14.161403
2016-06-20,14.100207
2016-06-21,14.111006
2016-06-22,14.316193
2016-06-23,14.355789
2016-06-24,14.175801
2016-06-27,14.532176
2016-06-28,14.596972
2016-06-29,14.506979
2016-06-30,14.438583
2016-07-01,14.506979
2016-07-04,14.694164
2016-07-05,14.600573
2016-07-06,14.697765
2016-07-07,14.748163
2016-07-08,14.600573
2016-07-11,15.147733
2016-07-12,15.568906
2016-07-13,15.511308
2016-07-14,15.439315
2016-07-15,15.550905
2016-07-18,15.644500
2016-07-19,15.363717
2016-07-20,15.406915
2016-07-21,15.352919
2016-07-22,15.162132
2016-07-25,15.428514
2016-07-26,15.450112
2016-07-27,15.529307
2016-07-28,15.766888
2016-07-29,15.723694
2016-08-01,15.540105
2016-08-02,15.766888
2016-08-03,15.774090
2016-08-04,15.669698
2016-08-05,15.784890
2016-08-08,15.723694
2016-08-09,16.170063
2016-08-10,16.101667
2016-08-11,16.051270
2016-08-12,16.116066
2016-08-15,16.310452
2016-08-16,16.303251
2016-08-17,16.155663
2016-08-18,16.022472
2016-08-19,16.004475
2016-08-22,16.062069
2016-08-23,15.903683
2016-08-24,15.867682
2016-08-25,15.885684
2016-08-26,15.892881
2016-08-29,15.975677
2016-08-30,15.565305
2016-08-31,15.601302
2016-09-01,15.680496
2016-09-02,16.026068
2016-09-05,15.882080
2016-09-06,15.892881
2016-09-07,15.723694
2016-09-08,15.651701
2016-09-09,15.550905
2016-09-12,15.792088
2016-09-13,15.684095
2016-09-14,15.363717
2016-09-19,15.543706
2016-09-20,15.658897
2016-09-21,15.676894
2016-09-22,15.734492
2016-09-23,16.011677
2016-09-26,15.784890
2016-09-27,15.720094
2016-09-28,15.752489
2016-09-29,15.802886
2016-09-30,15.856882
2016-10-10,16.270855
2016-10-11,16.497639
2016-10-12,16.429243
2016-10-13,16.609230
2016-10-14,16.530037
2016-10-17,16.861212
2016-10-18,16.846817
2016-10-19,16.954807
2016-10-20,16.756817
2016-10-21,16.774818
2016-10-24,16.670424
2016-10-25,16.558832
2016-10-26,16.742424
2016-10-27,16.771221
2016-10-28,16.638029
2016-10-31,16.609230
2016-11-01,16.879210
2016-11-02,16.836014
2016-11-03,16.764021
2016-11-04,16.468843
2016-11-07,16.339247
2016-11-08,16.656029
2016-11-09,16.641628
2016-11-10,16.519238
2016-11-11,16.432842
2016-11-14,16.242058
2016-11-15,16.306852
2016-11-16,16.501238
2016-11-17,16.508436
2016-11-18,16.389647
2016-11-21,16.512037
2016-11-22,16.666828
2016-11-23,16.594831
2016-11-24,16.785618
2016-11-25,16.778418
2016-11-28,16.688425
2016-11-29,16.688425
2016-11-30,16.868412
2016-12-01,16.872013
2016-12-02,16.933207
2016-12-05,16.951208
2016-12-06,17.228386
2016-12-07,17.213989
2016-12-08,17.016001
2016-12-09,16.886408
2016-12-12,17.044802
2016-12-13,16.846817
2016-12-14,16.825218
2016-12-15,16.731623
2016-12-16,16.771221
2016-12-19,16.832413
2016-12-20,16.515636
2016-12-21,16.591234
2016-12-22,16.317654
2016-12-23,16.317654
2016-12-26,16.465242
2016-12-27,16.526434
2016-12-28,16.368048
2016-12-29,16.382444
2016-12-30,16.378847
2017-01-03,16.558832
2017-01-04,16.767622
2017-01-05,16.771221
2017-01-06,16.555235
2017-01-09,16.404045
2017-01-10,16.573235
2017-01-11,16.296055
2017-01-12,16.292448
2017-01-13,16.436443
2017-01-16,16.731623
2017-01-17,16.670424
2017-01-18,16.746021
2017-01-19,16.904409
2017-01-20,16.918810
2017-01-23,17.138393
2017-01-24,16.861212
2017-01-25,17.199589
2017-01-26,17.217585
2017-02-03,17.599163
2017-02-06,17.379578
2017-02-07,17.260788
2017-02-08,17.372377
2017-02-09,17.332781
2017-02-10,17.210386
2017-02-13,17.239185
2017-02-14,17.390375
2017-02-15,17.231989
2017-02-16,17.786346
2017-02-17,17.667555
2017-02-20,17.905146
2017-02-21,17.944738
2017-02-22,17.984335
2017-02-23,18.117525
2017-02-24,18.488300
2017-02-27,18.290316
2017-02-28,18.139124
2017-03-01,17.941135
2017-03-02,17.854744
2017-03-03,17.926737
2017-03-06,18.070728
2017-03-07,18.412706
2017-03-08,18.495499
2017-03-09,18.416307
2017-03-10,18.459501
2017-03-13,18.272312
2017-03-14,18.319111
2017-03-15,18.805077
2017-03-16,18.650288
2017-03-17,18.704283
2017-03-20,18.866274
2017-03-21,19.251450
2017-03-22,19.316240
2017-03-23,19.309038
2017-03-24,19.251450
2017-03-27,19.366638
2017-03-28,19.381035
2017-03-29,19.204647
2017-03-30,19.165052
2017-03-31,19.557421
2017-04-05,19.615019
2017-04-06,19.697815
2017-04-07,19.737411
2017-04-10,19.402634
2017-04-11,19.039059
2017-04-12,19.208248
2017-04-13,19.496227
2017-04-14,19.438631
2017-04-17,19.503424
2017-04-18,19.784208
2017-04-19,19.787806
2017-04-20,20.079388
2017-04-21,20.259375
2017-04-24,20.370964
2017-04-25,20.298973
2017-04-26,20.007391
2017-04-27,19.694212
2017-04-28,19.305443
2017-05-02,19.129051
2017-05-03,19.334236
2017-05-04,19.579023
2017-05-05,19.669016
2017-05-08,19.697815
2017-05-09,19.575420
2017-05-10,19.928198
2017-05-11,20.129784
2017-05-12,20.144182
2017-05-15,20.338566
2017-05-16,20.813738
2017-05-17,20.676943
2017-05-18,21.177313
2017-05-19,21.141310
2017-05-22,21.353695
2017-05-23,21.670473
2017-05-24,21.638077
2017-05-25,21.094515
2017-05-26,21.198908
2017-05-31,21.557184
2017-06-01,21.977158
2017-06-02,21.682741
2017-06-05,21.115564
2017-06-06,21.427296
2017-06-07,21.795313
2017-06-08,22.193636
2017-06-09,22.141680
2017-06-12,22.180647
2017-06-13,21.994476
2017-06-14,22.003138
2017-06-15,21.873245
2017-06-16,22.236933
2017-06-19,22.236933
2017-06-20,21.345028
2017-06-21,21.643776
2017-06-22,21.435953
2017-06-23,21.704391
2017-06-26,22.120035
2017-06-27,22.124365
2017-06-28,21.691399
2017-06-29,21.916542
2017-06-30,21.903553
2017-07-03,21.682741
2017-07-04,21.293076
2017-07-05,21.539865
2017-07-06,21.332045
2017-07-07,21.137215
2017-07-10,21.353691
2017-07-11,21.440285
2017-07-12,21.245453
2017-07-13,21.258438
2017-07-14,21.089586
2017-07-17,21.232462
2017-07-18,21.704391
2017-07-19,21.868916
2017-07-20,21.808304
2017-07-21,21.609138
2017-07-24,21.674084
2017-07-25,21.700058
2017-07-26,21.747684
2017-07-27,21.851597
2017-07-28,22.033443
2017-07-31,22.167660
2017-08-01,22.210957
2017-08-02,21.752016
2017-08-03,21.695732
2017-08-04,21.704391
2017-08-07,21.959839
2017-08-08,21.968500
2017-08-09,22.921015
2017-08-10,22.769476
2017-08-11,23.007607
2017-08-14,23.791269
2017-08-15,23.613754
2017-08-16,23.410263
2017-08-17,23.202440
2017-08-18,23.254396
2017-08-21,23.726322
2017-08-22,23.479536
2017-08-23,23.639730
2017-08-24,23.721992
2017-08-25,23.678701
2017-08-28,23.388613
2017-08-29,23.379955
2017-08-30,23.410263
2017-08-31,23.440565
2017-09-01,24.107330
2017-09-04,25.289316
2017-09-05,25.207056
2017-09-06,24.921299
2017-09-07,25.271999
2017-09-08,25.730940
2017-09-11,25.293646
2017-09-12,25.233032
2017-09-13,25.297979
2017-09-14,25.003563
2017-09-15,25.211388
2017-09-18,25.371582
2017-09-19,25.445181
2017-09-20,25.492811
2017-09-21,25.215714
2017-09-22,25.172419
2017-09-25,25.163757
2017-09-26,25.146439
2017-09-27,25.302307
2017-09-28,26.012363
2017-09-29,25.947418
2017-10-09,26.822002
2017-10-10,26.376051
2017-10-11,27.012510
2017-10-12,27.246305
2017-10-13,27.237646
2017-10-16,27.276611
2017-10-17,27.627314
2017-10-18,27.549379
2017-10-19,28.328712
2017-10-20,28.133879
2017-10-23,28.190165
2017-10-24,28.077593
2017-10-25,28.926201
2017-10-26,28.692398
2017-10-27,28.523548
2017-10-30,28.146868
2017-10-31,29.108042
2017-11-01,29.662233
2017-11-02,29.904692
2017-11-03,31.151621
2017-11-06,32.775234
2017-11-07,31.303162
2017-11-08,30.510841
2017-11-09,30.731649
2017-11-10,30.965450
2017-11-13,30.064890
2017-11-14,29.038771
2017-11-15,29.484718
2017-11-16,30.251064
2017-11-17,29.320194
2017-11-20,29.839750
2017-11-21,29.965305
2017-11-22,29.774805
2017-11-23,28.103571
2017-11-24,28.246450
2017-11-27,27.809158
2017-11-28,28.683741
2017-11-29,28.272425
2017-11-30,28.224800
2017-12-01,28.614466
2017-12-04,29.185976
2017-12-05,28.748686
2017-12-06,28.307062
2017-12-07,27.908739
2017-12-08,28.328712
2017-12-11,30.056231
2017-12-12,29.779133
2017-12-13,30.073549
2017-12-14,30.151484
2017-12-15,29.246592
2017-12-18,29.502037
2017-12-19,29.718519
2017-12-20,30.038912
2017-12-21,30.653719
2017-12-22,30.839890
2017-12-25,30.744642
2017-12-26,30.614752
2017-12-27,29.506367
2017-12-28,30.056231
2017-12-29,29.865728
2018-01-02,29.731512
2018-01-03,29.800783
2018-01-04,30.554136
2018-01-05,30.445896
2018-01-08,30.852879
2018-01-09,32.342270
2018-01-10,32.428867
2018-01-11,32.156094
2018-01-12,32.303303
2018-01-15,32.251350
2018-01-16,32.515461
2018-01-17,31.840040
2018-01-18,31.519644
2018-01-19,32.195065
2018-01-22,33.073978
2018-01-23,33.203861
2018-01-24,33.801353
2018-01-25,32.931099
2018-01-26,33.403027
2018-01-29,31.710148
2018-01-30,32.082493
2018-01-31,32.770901
2018-02-01,32.138779
2018-02-02,32.160427
2018-02-05,31.766432
2018-02-06,29.878716
2018-02-07,29.307203
2018-02-08,29.922012
2018-02-09,29.250919
2018-02-12,30.727322
2018-02-13,30.839890
2018-02-14,31.142965
2018-02-22,31.376766
2018-02-23,31.727463
2018-02-26,32.368248
2018-02-27,31.896322
2018-02-28,31.381096
2018-03-01,32.121460
2018-03-02,31.939615
2018-03-05,32.242691
2018-03-06,32.987385
2018-03-07,32.645340
2018-03-08,33.883617
2018-03-09,34.372864
2018-03-12,34.623981
2018-03-13,34.121746
2018-03-14,34.598000
2018-03-15,35.801636
2018-03-16,35.481243
2018-03-19,37.386280
2018-03-20,37.879852
2018-03-21,37.455551
2018-03-22,37.187119
2018-03-23,36.637257
2018-03-26,37.814915
2018-03-27,37.542145
2018-03-28,36.044098
2018-03-29,35.849266
2018-03-30,37.672031
2018-04-02,36.745499
2018-04-03,36.741161
2018-04-04,36.416443
2018-04-09,35.767002
2018-04-10,36.524689
2018-04-11,36.827755
2018-04-12,37.117844
2018-04-13,35.104568
2018-04-16,36.061417
2018-04-17,35.013645
2018-04-18,35.520218
2018-04-19,35.948841
2018-04-20,36.381805
2018-04-23,36.494381
2018-04-24,36.693539
2018-04-25,37.866867
2018-04-26,36.269234
2018-04-27,36.143673
2018-05-02,35.472588
2018-05-03,35.888226
2018-05-04,35.693394
2018-05-07,36.589626
2018-05-08,37.044235
2018-05-09,37.174126
2018-05-10,39.654995
2018-05-11,38.741451
2018-05-14,39.460167
2018-05-15,40.018688
2018-05-16,39.667984
2018-05-17,38.936279
2018-05-18,39.945084
2018-05-21,39.737259
2018-05-22,41.192013
2018-05-23,40.984196
2018-05-24,40.737404
2018-05-25,42.157524
2018-05-28,43.841743
2018-05-29,41.313251
2018-05-30,41.943638
2018-05-31,42.849827
2018-06-01,41.656586
2018-06-04,42.630314
2018-06-05,45.112488
2018-06-06,46.384533
2018-06-07,46.159393
2018-06-08,45.675339
2018-06-11,43.913612
2018-06-12,44.273842
2018-06-13,43.356396
2018-06-14,42.939880
2018-06-15,42.748512
2018-06-19,42.208179
2018-06-20,44.431438
2018-06-21,44.009296
2018-06-22,44.448326
2018-06-25,44.814178
2018-06-26,44.887344
2018-06-27,43.029942
2018-06-28,41.003681
2018-06-29,42.641571
2018-07-02,42.438950
2018-07-03,40.812309
2018-07-04,39.438950
2018-07-05,38.268227
2018-07-06,39.388298
2018-07-09,40.688484
2018-07-10,40.998047
2018-07-11,40.733509
2018-07-12,41.482101
2018-07-13,42.208179
2018-07-16,42.050587
2018-07-17,40.947392
2018-07-18,41.707241
2018-07-19,41.211933
2018-07-20,41.515873
2018-07-23,39.506496
2018-07-24,39.968037
2018-07-25,40.463337
2018-07-26,39.680981
2018-07-27,39.624695
2018-07-30,38.864853
2018-07-31,38.763535
2018-08-01,38.448338
2018-08-02,39.061840
2018-08-03,37.423950
2018-08-06,34.812325
2018-08-07,35.707256
2018-08-08,35.256977
2018-08-09,37.739140
2018-08-10,39.416447
2018-08-13,39.596550
2018-08-14,40.024315
2018-08-15,38.009308
2018-08-16,37.840462
2018-08-17,36.517757
2018-08-20,35.403309
2018-08-21,37.710999
2018-08-22,37.468975
2018-08-23,38.026199
2018-08-24,38.256969
2018-08-27,39.596550
2018-08-28,39.697865
2018-08-29,39.270096
2018-08-30,38.268227
2018-08-31,37.232578
2018-09-03,36.968044
2018-09-04,36.996181
2018-09-05,36.467102
2018-09-06,35.797310
2018-09-07,36.934265
2018-09-10,36.011192
2018-09-11,36.433331
2018-09-12,34.559032
2018-09-13,33.151913
2018-09-14,32.718517
2018-09-17,31.181931
2018-09-18,32.341412
2018-09-19,33.292625
2018-09-20,33.315136
2018-09-21,34.232582
2018-09-25,34.615322
2018-09-26,35.290737
2018-09-27,35.318890
2018-09-28,35.741028
2018-10-08,32.864857
2018-10-09,33.078735
2018-10-10,32.724144
2018-10-11,31.266359
2018-10-12,32.251350
2018-10-15,32.414577
2018-10-16,32.650974
2018-10-17,32.718517
2018-10-18,31.204447
2018-10-19,31.857357
2018-10-22,34.452091
2018-10-23,33.968044
2018-10-24,32.960541
2018-10-25,31.969921
2018-10-26,32.532776
2018-10-29,31.806694
2018-10-30,32.853603
2018-10-31,34.660351
2018-11-01,35.178165
2018-11-02,38.048706
2018-11-05,37.142521
2018-11-06,36.816071
2018-11-07,36.512131
2018-11-08,36.748528
2018-11-09,36.286991
2018-11-12,36.602184
2018-11-13,36.810440
2018-11-14,36.095619
2018-11-15,36.151909
2018-11-16,35.071232
2018-11-19,35.634079
2018-11-20,35.256977
2018-11-21,36.033710
2018-11-22,35.639706
2018-11-23,35.251343
2018-11-26,35.206314
2018-11-27,35.183796
2018-11-28,36.281361
2018-11-29,36.044964
2018-11-30,36.838581
2018-12-03,37.677227
2018-12-04,37.682858
2018-12-05,37.660343
2018-12-06,35.262596
2018-12-07,32.859226
2018-12-10,33.208195
2018-12-11,33.838589
2018-12-12,33.118141
2018-12-13,33.726017
2018-12-14,33.151913
2018-12-17,32.189438
2018-12-18,31.981182
2018-12-19,31.018703
2018-12-20,29.802950
2018-12-21,28.193195
2018-12-24,29.921144
2018-12-25,30.061857
2018-12-26,29.268238
2018-12-27,28.986813
2018-12-28,29.690378
2019-01-02,29.814203
2019-01-03,28.744785
2019-01-04,30.590939
2019-01-07,30.151915
2019-01-08,30.382683
2019-01-09,31.255102
2019-01-10,31.671608
2019-01-11,31.491499
2019-01-14,30.579683
2019-01-15,31.767294
2019-01-16,32.347027
2019-01-17,32.285118
2019-01-18,33.303879
2019-01-21,33.247597
2019-01-22,32.470860
2019-01-23,32.656601
2019-01-24,33.422077
2019-01-25,33.202564
2019-01-28,30.855478
2019-01-29,32.183804
2019-01-30,32.307632
2019-01-31,33.236336
2019-02-01,34.232582
2019-02-11,34.812325
2019-02-12,35.741028
2019-02-13,36.917377
2019-02-14,37.035576
2019-02-15,36.185677
2019-02-18,37.615318
2019-02-19,37.108749
2019-02-20,36.557159
2019-02-21,36.832947
2019-02-22,37.317005
2019-02-25,38.555283
2019-02-26,38.273849
2019-02-27,38.724129
2019-02-28,40.468975
2019-03-01,40.525249
2019-03-04,40.677216
2019-03-05,40.592789
2019-03-06,40.103119
2019-03-07,39.613434
2019-03-08,39.208187
2019-03-11,39.568409
2019-03-12,39.292614
2019-03-13,39.332012
2019-03-14,39.433323
2019-03-15,40.255093
2019-03-18,41.707241
2019-03-19,40.581539
2019-03-20,40.930500
2019-03-21,40.750393
2019-03-22,41.161278
2019-03-25,40.074970
2019-03-26,40.271973
2019-03-27,41.853577
2019-03-28,43.795540
2019-03-29,44.317154
2019-04-01,44.540703
2019-04-02,44.222313
2019-04-03,44.425541
2019-04-04,44.804897
2019-04-08,43.341656
2019-04-09,43.910698
2019-04-10,44.527157
2019-04-11,43.341656
2019-04-12,43.775208
2019-04-15,42.914879
2019-04-16,43.937794
2019-04-17,43.714249
2019-04-18,43.443268
2019-04-19,43.660049
2019-04-22,42.095203
2019-04-23,42.569397
2019-04-24,42.576172
2019-04-25,43.287468
2019-04-26,42.223907
2019-05-06,43.490696
2019-05-07,44.804897
2019-05-08,43.511021
2019-05-09,42.339073
2019-05-10,43.436501
2019-05-13,43.470367
2019-05-14,42.698109
2019-05-15,44.310379
2019-05-16,43.544888
2019-05-17,42.515202
2019-05-20,40.814869
2019-05-21,41.194221
2019-05-22,41.363575
2019-05-23,40.381306
2019-05-24,40.692928
2019-05-27,41.458420
2019-05-28,42.352615
2019-05-29,41.939388
2019-05-30,41.939388
2019-05-31,42.108746
2019-06-03,42.826817
2019-06-04,42.020679
2019-06-05,39.968082
2019-06-06,39.277107
2019-06-10,39.717438
2019-06-11,40.726791
2019-06-12,40.882603
2019-06-13,41.526161
2019-06-14,41.512608
2019-06-17,41.729385
2019-06-18,42.400043
2019-06-19,43.612633
2019-06-20,44.378124
2019-06-21,44.642319
2019-06-24,44.750710
2019-06-25,44.730385
2019-06-26,45.048771
2019-06-27,45.319740
2019-06-28,44.710056
2019-07-01,46.220718
2019-07-02,47.562019
2019-07-03,46.315556
2019-07-04,44.784580
2019-07-05,45.658451
2019-07-08,45.048771
2019-07-09,45.035221
2019-07-10,45.665230
2019-07-11,45.157158
2019-07-12,45.014904
2019-07-15,45.644901
2019-07-16,44.750710
2019-07-17,44.872639
2019-07-18,44.723606
2019-07-19,44.723606
2019-07-22,45.075867
2019-07-23,44.743931
2019-07-24,45.116512
2019-07-25,45.197803
2019-07-26,45.265553
2019-07-29,45.150387
2019-07-30,45.360390
2019-07-31,45.346836
2019-08-01,45.204582
2019-08-02,44.737156
2019-08-05,43.422951
2019-08-06,43.856503
2019-08-07,44.371349
2019-08-08,45.157158
2019-08-09,45.306190
2019-08-12,45.556839
2019-08-13,45.428131
2019-08-14,46.532333
2019-08-15,46.742332
2019-08-16,46.823627
2019-08-19,48.733963
2019-08-20,48.747517
2019-08-21,48.578156
2019-08-22,48.591705
2019-08-23,51.890766
2019-08-26,51.179470
2019-08-27,51.348827
2019-08-28,52.243023
2019-08-29,52.121090
2019-08-30,54.227890
2019-09-02,53.929810
2019-09-03,53.177872
2019-09-04,53.028843
2019-09-05,53.164326
2019-09-06,54.268524
2019-09-09,53.685944
2019-09-10,54.580147
2019-09-11,52.900127
2019-09-12,53.245613
2019-09-16,54.031433
2019-09-17,53.536907
2019-09-18,54.065300
2019-09-19,54.288845
2019-09-20,55.210152
2019-09-23,54.939175
2019-09-24,55.887569
2019-09-25,56.111126
2019-09-26,55.081436
2019-09-27,54.905312
2019-09-30,54.654659
2019-10-08,54.431107
2019-10-09,53.306580
2019-10-10,56.226288
2019-10-11,56.490486
2019-10-14,56.605644
2019-10-15,57.750496
2019-10-16,58.238239
2019-10-17,58.123077
2019-10-18,57.086613
2019-10-21,55.962090
2019-10-22,56.693710
2019-10-23,56.077259
2019-10-24,56.029831
2019-10-25,59.301796
2019-10-28,61.699890
2019-10-29,61.483109
2019-10-30,61.090202
2019-10-31,61.564400
2019-11-01,62.661827
2019-11-04,62.458599
2019-11-05,61.848919
2019-11-06,61.774399
2019-11-07,61.361176
2019-11-08,61.848919
2019-11-11,60.209541
2019-11-12,60.744709
2019-11-13,61.909885
2019-11-14,63.901512
2019-11-15,62.797314
2019-11-18,62.932789
2019-11-19,64.782166
2019-11-20,64.355385
2019-11-21,62.729565
2019-11-22,60.277290
2019-11-25,59.694702
2019-11-26,60.223091
2019-11-27,60.731163
2019-11-28,60.751488
2019-11-29,58.190819
2019-12-02,56.720810
2019-12-03,57.276299
2019-12-04,58.021461
2019-12-05,58.197594
2019-12-06,59.003727
2019-12-09,56.646290
2019-12-10,57.242420
2019-12-11,57.581142
2019-12-12,57.648876
2019-12-13,58.834370
2019-12-16,57.750496
2019-12-17,58.285656
2019-12-18,57.411774
2019-12-19,57.486294
2019-12-20,57.513393
2019-12-23,57.736950
2019-12-24,57.242420
2019-12-25,56.483711
2019-12-26,57.161129
2019-12-27,57.161129
2019-12-30,57.919849
2019-12-31,59.288250
2020-01-02,59.396637
2020-01-03,58.224689
2020-01-06,56.964676
2020-01-07,57.493069
2020-01-08,57.364357
2020-01-09,58.854698
2020-01-10,59.274700
2020-01-13,59.505016
2020-01-14,58.604050
2020-01-15,58.888565
2020-01-16,58.556629
2020-01-17,61.415363
2020-01-20,61.035999
2020-01-21,61.218910
2020-01-22,61.191811
2020-01-23,59.606640
2020-02-03,57.892754
2020-02-04,58.766632
2020-02-05,60.229866
2020-02-06,61.029228
2020-02-07,60.731163
2020-02-10,59.952122
2020-02-11,61.069874
2020-02-12,62.973438
2020-02-13,61.950527
2020-02-14,62.018272
2020-02-17,62.580532
2020-02-18,61.374714
2020-02-19,60.751488
2020-02-20,61.510201
2020-02-21,61.103748
2020-02-24,59.870834
2020-02-25,59.823418
2020-02-26,58.719208
2020-02-27,59.078251
2020-02-28,56.964676
2020-03-02,57.716614
2020-03-03,59.843739
2020-03-04,59.477932
2020-03-05,62.119884
2020-03-06,62.492466
2020-03-09,60.216316
2020-03-10,61.374714
2020-03-11,60.311161
2020-03-12,58.515984
2020-03-13,57.377907
2020-03-16,55.582726
2020-03-17,54.932404
2020-03-18,54.600464
2020-03-19,53.516586
2020-03-20,54.302395
2020-03-23,55.752094
2020-03-24,58.028236
2020-03-25,60.270515
2020-03-26,61.157948
2020-03-27,61.571171
2020-03-30,61.442459
2020-03-31,62.343437
2020-04-01,60.968262
2020-04-02,62.221497
2020-04-03,63.495064
2020-04-07,64.694099
2020-04-08,64.206345
2020-04-09,65.567986
2020-04-10,65.175072
2020-04-13,65.486694
2020-04-14,66.719604
2020-04-15,66.001541
2020-04-16,65.987984
2020-04-17,65.439270
2020-04-20,65.507011
2020-04-21,64.558609
2020-04-22,66.048958
2020-04-23,65.066689
2020-04-24,64.545067
2020-04-27,65.269913
2020-04-28,65.066689
2020-04-29,63.264736
2020-04-30,63.000542
2020-05-06,65.317337
2020-05-07,65.439270
2020-05-08,65.744110
2020-05-11,63.461182
2020-05-12,64.653458
2020-05-13,64.829597
2020-05-14,65.845734
2020-05-15,64.240234
2020-05-18,65.845734
2020-05-19,66.347015
2020-05-20,66.319923
2020-05-21,67.566376
2020-05-22,64.951523
2020-05-25,65.963318
2020-05-26,66.411484
2020-05-27,65.083260
2020-05-28,63.966892
2020-05-29,64.129875
2020-06-01,65.368462
2020-06-02,65.515144
2020-06-03,65.327728
2020-06-04,66.167030
2020-06-05,67.063385
2020-06-08,65.433640
2020-06-09,67.609329
2020-06-10,68.888672
2020-06-11,68.823486
2020-06-12,69.947998
2020-06-15,68.644211
2020-06-16,71.007324
2020-06-17,73.052635
2020-06-18,72.767441
2020-06-19,75.766136
2020-06-22,75.969864
2020-06-23,77.004730
2020-06-24,75.741692
2020-06-29,75.154991
2020-06-30,75.212021
2020-07-01,74.193451
2020-07-02,74.315681
2020-07-03,74.869797
2020-07-06,75.888367
2020-07-07,79.278206
2020-07-08,79.090782
2020-07-09,80.272339
2020-07-10,80.956818
2020-07-13,81.339821
2020-07-14,80.207153
2020-07-15,83.922928
2020-07-16,78.512238
2020-07-17,78.495941
2020-07-20,78.626320
2020-07-21,80.916084
2020-07-22,80.973129
2020-07-23,80.973129
2020-07-24,77.241051
2020-07-27,77.729958
2020-07-28,77.086220
2020-07-29,78.104797
2020-07-30,77.387718
2020-07-31,76.906952
2020-08-03,75.945404
2020-08-04,76.581001
2020-08-05,75.611305
2020-08-06,74.152702
2020-08-07,74.315681
2020-08-10,73.981590
2020-08-11,74.788292
2020-08-12,73.345993
2020-08-13,72.425179
2020-08-14,72.930420
2020-08-17,74.071220
2020-08-18,76.108383
2020-08-19,75.562431
2020-08-20,74.723114
2020-08-21,74.804604
2020-08-24,75.309814
2020-08-25,76.589149
2020-08-26,77.069923
2020-08-27,76.686943
2020-08-28,77.729958
2020-08-31,77.306236
2020-09-01,76.589149
2020-09-02,77.167709
2020-09-03,77.412163
2020-09-04,76.198021
2020-09-07,74.641624
2020-09-08,75.236473
2020-09-09,73.582291
2020-09-10,73.940842
2020-09-11,74.812744
2020-09-14,74.446060
2020-09-15,74.234184
2020-09-16,73.125984
2020-09-17,70.314697
2020-09-18,72.506683
2020-09-21,72.115555
2020-09-22,72.767441
2020-09-23,73.207466
2020-09-24,71.594032
2020-09-25,72.074814
2020-09-28,72.180733
2020-09-29,73.248215
2020-09-30,73.191162
2020-10-09,74.926826
2020-10-12,76.760277
2020-10-13,76.352844
2020-10-14,75.782440
2020-10-15,75.912811
2020-10-16,75.863930
2020-10-19,74.576431
2020-10-20,74.160851
2020-10-21,72.995605
2020-10-22,72.979294
2020-10-23,71.830345
2020-10-26,72.669640
2020-10-27,72.710388
2020-10-28,74.446060
2020-10-29,74.185310
2020-10-30,72.392601
2020-11-02,72.710388
2020-11-03,73.460075
2020-11-04,73.476364
2020-11-05,74.315681
2020-11-06,72.433350
2020-11-09,72.824486
2020-11-10,71.667374
2020-11-11,70.216911
2020-11-12,70.526558
2020-11-13,69.670952
2020-11-16,69.776878
2020-11-17,69.695404
2020-11-18,70.575455
2020-11-19,71.137703
2020-11-20,70.819908
2020-11-23,70.176163
2020-11-24,71.031769
2020-11-25,70.184326
2020-11-26,70.078384
2020-11-27,70.852509
2020-11-30,70.070236
2020-12-01,71.390312
2020-12-02,71.325127
2020-12-03,73.329697
2020-12-04,74.413460
2020-12-07,73.240059
2020-12-08,73.394882
2020-12-09,71.903679
2020-12-10,72.522980
2020-12-11,72.930420
2020-12-14,73.427475
2020-12-15,79.058189
2020-12-16,79.050049
2020-12-17,85.707497
2020-12-18,86.098633
2020-12-21,87.891327
2020-12-22,86.538658
2020-12-23,86.375687
2020-12-24,88.657295
2020-12-25,93.717621
2020-12-28,90.449997
2020-12-29,88.233566
2020-12-30,91.835266
2020-12-31,90.824844
2021-01-04,90.612976
2021-01-05,92.267151
2021-01-06,92.666443
2021-01-07,93.709465
2021-01-08,92.259003
2021-01-11,90.694466
2021-01-12,92.976089
2021-01-13,91.729340
2021-01-14,89.781822
2021-01-15,89.496613
2021-01-18,87.866875
2021-01-19,85.520073
2021-01-20,86.351242
2021-01-21,88.127640
2021-01-22,91.753792
2021-01-25,90.816689
2021-01-26,87.190552
2021-01-27,86.880898
2021-01-28,85.283752
2021-01-29,84.550392
2021-02-01,83.564400
2021-02-02,86.375687
2021-02-03,85.560822
2021-02-04,83.768105
2021-02-05,87.435005
2021-02-08,86.603844
2021-02-09,89.423271
2021-02-10,88.983253
2021-02-18,85.479332
2021-02-19,85.691185
2021-02-22,81.494644
2021-02-23,82.056885
2021-02-24,81.242027
2021-02-25,82.342094
2021-02-26,82.953255
2021-03-01,81.739098
2021-03-02,80.141968
2021-03-03,82.586563
2021-03-04,81.893921
2021-03-05,81.730957
2021-03-08,75.065346
2021-03-09,74.788292
2021-03-10,76.108383
2021-03-11,76.173569
2021-03-12,75.122398
2021-03-15,73.003746
2021-03-16,72.677795
2021-03-17,72.213326
2021-03-18,72.694107
2021-03-19,71.748863
2021-03-22,71.797752
2021-03-23,71.422913
2021-03-24,70.502113
2021-03-25,71.080666
2021-03-26,74.331978
2021-03-29,73.769722
2021-03-30,76.271355
2021-03-31,75.040916
2021-04-01,76.475075
2021-04-02,75.521683
2021-04-06,74.071220
2021-04-07,73.891953
2021-04-08,75.326118
2021-04-09,74.315681
2021-04-12,72.954842
2021-04-13,72.506683
2021-04-14,69.687241
2021-04-15,66.965591
2021-04-16,65.694420
2021-04-19,66.892265
2021-04-20,65.441811
2021-04-21,67.780464
2021-04-22,66.981888
2021-04-23,67.633789
2021-04-26,66.427788
2021-04-27,67.674530
2021-04-28,67.519707
2021-04-29,67.104126
2021-04-30,68.530136
2021-05-06,66.916702
2021-05-07,65.181046
2021-05-10,65.458107
2021-05-11,68.212341
2021-05-12,67.780464
2021-05-13,66.598900
2021-05-14,68.310127
2021-05-17,69.573166
2021-05-18,69.858376
2021-05-19,69.304260
2021-05-20,68.212341
2021-05-21,66.957443
2021-05-24,67.927139
2021-05-25,70.282097
2021-05-26,70.314697
2021-05-27,70.330994
2021-05-28,69.956154
2021-05-31,70.322845
2021-06-01,71.276237
2021-06-02,68.742004
2021-06-03,67.291542
2021-06-04,67.348587
2021-06-07,67.177460
2021-06-08,67.617485
2021-06-09,68.570885
2021-06-10,71.552231
2021-06-11,71.513023
2021-06-15,70.454430
2021-06-16,69.405655
2021-06-17,69.738914
2021-06-18,70.023163
2021-06-21,68.131439
2021-06-22,69.082214
2021-06-23,69.738914
2021-06-24,66.651382
2021-06-25,66.710205
2021-06-28,67.239487
2021-06-29,66.847420
2021-06-30,66.621986
2021-07-01,68.307877
2021-07-02,65.583008
2021-07-05,61.701546
2021-07-06,60.829197
2021-07-07,61.211464
2021-07-08,60.152878
2021-07-09,60.868404
2021-07-12,61.868168
2021-07-13,60.711575
2021-07-14,58.917870
2021-07-15,59.074699
2021-07-16,58.908062
2021-07-19,59.751011
2021-07-20,61.926983
2021-07-21,61.730946
2021-07-22,60.064663
2021-07-23,60.270500
2021-07-26,58.045521
2021-07-27,53.419128
2021-07-28,54.801167
2021-07-29,54.017033
2021-07-30,53.301514
2021-08-02,54.154255
2021-08-03,56.261616
2021-08-04,55.212841
2021-08-05,54.693344
2021-08-06,53.713177
2021-08-09,55.791134
2021-08-10,56.594872
2021-08-11,55.761726
2021-08-12,54.693344
2021-08-13,55.408863
2021-08-16,55.350060
2021-08-17,53.664165
2021-08-18,53.899414
2021-08-19,52.772217
2021-08-20,47.498917
2021-08-23,46.244301
2021-08-24,46.263908
2021-08-25,46.469742
2021-08-26,44.411388
2021-08-27,45.136711
2021-08-30,44.695637
2021-08-31,44.303570
2021-09-01,45.666000
2021-09-02,44.950481
2021-09-03,45.185726
2021-09-06,47.146053
2021-09-07,47.126450
2021-09-08,46.802998
2021-09-09,46.499146
2021-09-10,46.508949
2021-09-13,45.822830
2021-09-14,45.871838
2021-09-15,44.813259
2021-09-16,45.234730
2021-09-17,46.018864
2021-09-22,46.950024
2021-09-23,46.842205
2021-09-24,48.812344
2021-09-27,49.743500
2021-09-28,49.390640
2021-09-29,48.929962
2021-09-30,49.233814
2021-10-08,53.115276
2021-10-11,52.546780
2021-10-12,52.733013
2021-10-13,51.899864
2021-10-14,50.047352
2021-10-15,49.057381
2021-10-18,48.126221
2021-10-19,48.626106
2021-10-20,50.557037
2021-10-21,49.498459
2021-10-22,50.282593
2021-10-25,50.194374
2021-10-26,48.420277
2021-10-27,48.087021
2021-10-28,47.792965
2021-10-29,48.263447
2021-11-01,48.812344
2021-11-02,47.538124
2021-11-03,48.145824
2021-11-04,50.194374
2021-11-05,50.782475
2021-11-08,48.635914
2021-11-09,48.822144
2021-11-10,52.664398
2021-11-11,51.948879
2021-11-12,51.507801
2021-11-15,52.311539
2021-11-16,53.272102
2021-11-17,52.850632
2021-11-18,50.753067
2021-11-19,50.958908
2021-11-22,50.988316
2021-11-23,51.047123
2021-11-24,50.851093
2021-11-25,51.939079
2021-11-26,51.311768
2021-11-29,50.076756
2021-11-30,49.175003
2021-12-01,49.498459
2021-12-02,48.087021
2021-12-03,48.224243
2021-12-06,48.302654
2021-12-07,49.184803
2021-12-08,49.361237
2021-12-09,50.370808
2021-12-10,50.243385
2021-12-13,49.988541
2021-12-14,49.988541
2021-12-15,49.008373
2021-12-16,49.233814
2021-12-17,48.792740
2021-12-20,48.890759
2021-12-21,49.047581
2021-12-22,48.675121
2021-12-23,48.430073
2021-12-24,49.125992
2021-12-27,49.410240
2021-12-28,49.175003
2021-12-29,48.733929
2021-12-30,49.018177
2021-12-31,49.704288
2022-01-04,49.390640
2022-01-05,49.910130
2022-01-06,49.116196
2022-01-07,49.870922
2022-01-10,50.106163
2022-01-11,49.184803
2022-01-12,48.606506
2022-01-13,46.538353
2022-01-14,45.724819
2022-01-17,45.489571
2022-01-18,45.293537
2022-01-19,44.823059
2022-01-20,44.783852
2022-01-21,44.048725
2022-01-24,42.431450
2022-01-25,41.970776
2022-01-26,41.255249
2022-01-27,40.275078
2022-01-28,40.137856
2022-02-07,40.324093
2022-02-08,40.892590
2022-02-09,41.176838
2022-02-10,40.745560
2022-02-11,40.441708
2022-02-14,38.961658
2022-02-15,40.382904
2022-02-16,39.765396
2022-02-17,39.804604
2022-02-18,40.147659
2022-02-21,40.118252
2022-02-22,39.314522
2022-02-23,40.088852
2022-02-24,38.893047
2022-02-25,39.314522
2022-02-28,39.285110
2022-03-01,40.245674
2022-03-02,39.804604
2022-03-03,39.353725
2022-03-04,38.991062
2022-03-07,36.805290
2022-03-08,35.952545
2022-03-09,35.325237
2022-03-10,35.452652
2022-03-11,36.873901
2022-03-14,36.658264
2022-03-15,35.413456
2022-03-16,36.011356
2022-03-17,36.677868
2022-03-18,36.756279
2022-03-21,36.560249
2022-03-22,36.207386
2022-03-23,36.619053
2022-03-24,36.893509
2022-03-25,35.648689
2022-03-28,35.188011
2022-03-29,35.207615
2022-03-30,36.677868
2022-03-31,36.089767
2022-04-01,36.050556
2022-04-06,35.531075
2022-04-07,34.619514
2022-04-08,33.257080
2022-04-11,32.149494
2022-04-12,33.002235
2022-04-13,32.972832
2022-04-14,33.149265
2022-04-15,33.413906
2022-04-18,33.286488
2022-04-19,32.453346
2022-04-20,33.639347
2022-04-21,32.512154
2022-04-22,32.345531
2022-04-25,29.110973
2022-04-26,27.189844
2022-04-27,27.503500
2022-04-28,27.885767
2022-04-29,28.895336
2022-05-05,29.091372
2022-05-06,28.758114
2022-05-09,28.718906
2022-05-10,28.807121
2022-05-11,29.356018
2022-05-12,29.434431
2022-05-13,29.385422
2022-05-16,28.846333
2022-05-17,28.875732
2022-05-18,28.797319
2022-05-19,28.669899
2022-05-20,29.640268
2022-05-23,29.503040
2022-05-24,28.042593
2022-05-25,28.356245
2022-05-26,28.464067
2022-05-27,29.189388
2022-05-30,29.120773
2022-05-31,29.718679
2022-06-01,29.385422
2022-06-02,29.248199
2022-06-06,29.924517
2022-06-07,30.571424
2022-06-08,31.453577
2022-06-09,30.336185
2022-06-10,30.934084
2022-06-13,30.679239
2022-06-14,30.992895
2022-06-15,31.953455
2022-06-16,31.963263
2022-06-17,32.708191
2022-06-20,32.796410
2022-06-21,32.355331
2022-06-22,31.992668
2022-06-23,32.276917
2022-06-24,32.855213
2022-06-27,34.854763
2022-06-28,34.952774
2022-06-29,34.815548
2022-06-30,36.354416
2022-07-01,38.167721
2022-07-04,40.353493
2022-07-05,39.861500
2022-07-06,38.788948
2022-07-07,38.031277
2022-07-08,37.834480
2022-07-11,37.460560
2022-07-12,36.279770
2022-07-13,36.388008
2022-07-14,37.913197
2022-07-15,36.643848
2022-07-18,37.322800
2022-07-19,37.037441
2022-07-20,37.411362
2022-07-21,38.080471
2022-07-22,38.375671
2022-07-25,37.863998
2022-07-26,35.590973
2022-07-27,35.650021
2022-07-28,35.522091
2022-07-29,34.725060
2022-08-01,34.616829
2022-08-02,33.652515
2022-08-03,34.144512
2022-08-04,36.122334
2022-08-05,37.421200
2022-08-08,37.480244
2022-08-09,36.732410
2022-08-10,36.260086
2022-08-11,36.830807
2022-08-12,36.840645
2022-08-15,36.309292
2022-08-16,35.866497
2022-08-17,36.043613
2022-08-18,35.463058
2022-08-19,35.325302
2022-08-22,34.479065
2022-08-23,34.065788
2022-08-24,33.928028
2022-08-25,34.429871
2022-08-26,34.213390
2022-08-29,33.682030
2022-08-30,33.130993
2022-08-31,34.105148
2022-09-01,33.790272
2022-09-02,33.357315
2022-09-05,33.190041
2022-09-06,33.337635
2022-09-07,32.894840
2022-09-08,33.190041
2022-09-09,34.223228
2022-09-13,34.951378
2022-09-14,35.108822
2022-09-15,34.921860
2022-09-16,34.272427
2022-09-19,34.134670
2022-09-20,33.583630
2022-09-21,32.894840
2022-09-22,32.117489
2022-09-23,32.402847
2022-09-26,31.389332
2022-09-27,33.111317
2022-09-28,32.934200
2022-09-29,34.410191
2022-09-30,34.538105
2022-10-10,33.711555
2022-10-11,33.554111
2022-10-12,32.717724
2022-10-13,33.987072
2022-10-14,37.381844
2022-10-17,38.916866
2022-10-18,38.828312
2022-10-19,38.375671
2022-10-20,38.552792
2022-10-21,39.330147
2022-10-24,38.355995
2022-10-25,37.509758
2022-10-26,39.084148
2022-10-27,39.084148
2022-10-28,38.326473
2022-10-31,39.556465
2022-11-01,40.825813
2022-11-02,41.307964
2022-11-03,41.416210
2022-11-04,41.130852
2022-11-07,41.317810
2022-11-08,40.048458
2022-11-09,40.097660
2022-11-10,39.546623
2022-11-11,38.592152
2022-11-14,40.107494
2022-11-15,39.595821
2022-11-16,39.851662
2022-11-17,39.753265
2022-11-18,39.625343
2022-11-21,40.137016
2022-11-22,39.280945
2022-11-23,38.867668
2022-11-24,38.739750
2022-11-25,38.995586
2022-11-28,38.552792
2022-11-29,39.408867
2022-11-30,39.192387
2022-12-01,39.822140
2022-12-02,39.851662
2022-12-05,39.241585
2022-12-06,39.241585
2022-12-07,39.930382
2022-12-08,38.247753
2022-12-09,38.198551
2022-12-12,38.257599
2022-12-13,37.765602
2022-12-14,37.824635
2022-12-15,37.352322
2022-12-16,37.391685
2022-12-19,36.594650
2022-12-20,35.925533
2022-12-21,35.561459
2022-12-22,36.043613
2022-12-23,36.161694
2022-12-26,36.958725
2022-12-27,36.476570
2022-12-28,36.801289
2022-12-29,37.519600
2022-12-30,37.913197
2023-01-03,37.824635
2023-01-04,38.149357
2023-01-05,38.916866
2023-01-06,38.680710
2023-01-09,38.916866
2023-01-10,38.749588
2023-01-11,37.834480
2023-01-12,37.185043
2023-01-13,38.641354
2023-01-16,42.439560
2023-01-17,41.504765
2023-01-18,40.904530
2023-01-19,42.941395
2023-01-20,42.842995
2023-01-30,42.557636
2023-01-31,41.534283
2023-02-01,41.957405
2023-02-02,42.311638
2023-02-03,42.114838
2023-02-06,41.809811
2023-02-07,41.426044
2023-02-08,42.272278
2023-02-09,42.951241
2023-02-10,42.902031
2023-02-13,44.250103
2023-02-14,44.496098
2023-02-15,44.092670
2023-02-16,43.088993
2023-02-17,43.462906
2023-02-20,44.496098
2023-02-21,43.787624
2023-02-22,43.403873
2023-02-23,42.823315
2023-02-24,42.498596
2023-02-27,42.439560
2023-02-28,42.803638
2023-03-01,43.069313
2023-03-02,42.498596
2023-03-03,42.705238
2023-03-06,42.724915
2023-03-07,41.445724
2023-03-08,41.288288
2023-03-09,41.061970
2023-03-10,41.189888
2023-03-13,40.756935
2023-03-14,40.815975
2023-03-15,40.717575
2023-03-16,40.530617
2023-03-17,40.166534
2023-03-20,39.753265
2023-03-21,40.934048
2023-03-22,41.947563
2023-03-23,41.986919
2023-03-24,41.032452
2023-03-27,42.587154
2023-03-28,42.311638
2023-03-29,42.469082
2023-03-30,42.321476
2023-03-31,42.134521
2023-04-03,41.878681
2023-04-04,42.459244
2023-04-06,42.095161
2023-04-07,44.427223
2023-04-10,45.529293
2023-04-11,45.273449
2023-04-12,44.899536
2023-04-13,46.592003
2023-04-14,46.956081
2023-04-17,48.500950
2023-04-18,48.146709
2023-04-19,47.881031
2023-04-20,47.034798
2023-04-21,46.562485
2023-04-24,47.575993
2023-04-25,47.211914
2023-04-26,47.428398
2023-04-27,47.428398
2023-04-28,47.871193
2023-05-04,48.481266
2023-05-05,46.710083
2023-05-08,45.765450
2023-05-09,45.194736
2023-05-10,45.608009
2023-05-11,45.686733
2023-05-12,44.781456
2023-05-15,46.680565
2023-05-16,48.343510
2023-05-17,47.723595
2023-05-18,47.251282
2023-05-19,48.343510
2023-05-22,47.920395
2023-05-23,48.313992
2023-05-24,47.192234
2023-05-25,47.290634
2023-05-26,47.625198
2023-05-29,47.526794
2023-05-30,47.516956
2023-05-31,44.820816
2023-06-01,45.194736
2023-06-02,45.293133
2023-06-05,45.755611
2023-06-06,45.568653
2023-06-07,44.771622
2023-06-08,45.018486
2023-06-09,45.215977
2023-06-12,44.139641
2023-06-13,44.435883
2023-06-14,45.423347
2023-06-15,46.341686
2023-06-16,46.904541
2023-06-19,46.292316
2023-06-20,46.193569
2023-06-21,45.818336
2023-06-26,45.778831
2023-06-27,45.373974
2023-06-28,45.620842
2023-06-29,46.460178
2023-06-30,47.299530
2023-07-03,46.766300
2023-07-04,48.237617
2023-07-05,48.573353
2023-07-06,47.506893
2023-07-07,47.783382
2023-07-10,47.013165
2023-07-11,47.635265
2023-07-12,47.171158
2023-07-13,47.408146
2023-07-14,46.924290
2023-07-17,46.608303
2023-07-18,46.608303
2023-07-19,46.104694
2023-07-20,45.383846
2023-07-21,45.354225
2023-07-24,46.697174
2023-07-25,47.161278
2023-07-26,47.477272
2023-07-27,47.506893
2023-07-28,48.435112
2023-07-31,44.021149
2023-08-01,42.836193
2023-08-02,41.749977
2023-08-03,41.740105
2023-08-04,40.555149
2023-08-07,38.639469
2023-08-08,39.636806
2023-08-09,39.705925
2023-08-10,39.399815
2023-08-11,38.708588
2023-08-14,40.110790
2023-08-15,39.992294
2023-08-16,40.495899
2023-08-17,40.061417
2023-08-18,39.449188
2023-08-21,38.313602
2023-08-22,38.659218
2023-08-23,38.214855
2023-08-24,39.933041
2023-08-25,40.209538
2023-08-28,41.394489
2023-08-29,41.720356
2023-08-30,41.621609
2023-08-31,41.256248
2023-09-01,41.009380
2023-09-04,40.683521
2023-09-05,40.693394
2023-09-06,40.219410
2023-09-07,39.784927
2023-09-08,40.071293
2023-09-11,42.460953
2023-09-12,42.372078
2023-09-13,41.670982
2023-09-14,42.056095
2023-09-15,43.053429
2023-09-18,43.803905
2023-09-19,44.070518
2023-09-20,43.794029
2023-09-21,43.339794
2023-09-22,43.507668
2023-09-25,44.287758
2023-09-26,44.139641
2023-09-27,44.741993
2023-09-28,44.376633
2023-10-09,44.198887
2023-10-10,43.813778
2023-10-11,44.485252
2023-10-12,44.386509
2023-10-13,44.090267
2023-10-16,43.675537
2023-10-17,43.912525
2023-10-18,43.270672
2023-10-19,42.865814
2023-10-20,42.184467
2023-10-23,42.530079
2023-10-24,42.688068
2023-10-25,42.628822
2023-10-26,43.892776
2023-10-27,44.830868
2023-10-30,45.996078
2023-10-31,47.339027
2023-11-01,47.368652
2023-11-02,47.299530
2023-11-03,46.914413
2023-11-06,47.724136
2023-11-07,47.822884
2023-11-08,48.662228
2023-11-09,47.773510
2023-11-10,47.783382
2023-11-13,46.707047
2023-11-14,46.450310
2023-11-15,46.736675
2023-11-16,46.213314
2023-11-17,46.549053
2023-11-20,46.894669
2023-11-21,46.983540
2023-11-22,46.549053
2023-11-23,46.578674
2023-11-24,46.341686
2023-11-27,46.213314
2023-11-28,46.904541
2023-11-29,47.072411
2023-11-30,47.418026
2023-12-01,45.996078
2023-12-04,45.413471
2023-12-05,44.682747
2023-12-06,44.840740
2023-12-07,44.218639
2023-12-08,45.018486
2023-12-11,45.946701
2023-12-12,45.225849
2023-12-13,45.048111
2023-12-14,45.156731
2023-12-15,44.100147
2023-12-18,44.919743
2023-12-19,44.218639
2023-12-20,43.675537
2023-12-21,43.932278
2023-12-22,43.458290
2023-12-25,43.448418
2023-12-26,43.428669
2023-12-27,43.537289
2023-12-28,44.189014
2023-12-29,44.662998
2024-01-02,43.912525
2024-01-03,43.675537
2024-01-04,43.241051
2024-01-05,41.424114
2024-01-08,40.594646
2024-01-09,40.683521
2024-01-10,40.979755
2024-01-11,40.960011
2024-01-12,40.584774
2024-01-15,40.989632
2024-01-16,40.890884
2024-01-17,39.607182
2024-01-18,40.772388
2024-01-19,40.890884
2024-01-22,40.268784
2024-01-23,39.794800
2024-01-24,40.012047
2024-01-25,40.683521
2024-01-26,39.794800
2024-01-29,38.757965
2024-01-30,38.204983
2024-01-31,36.980530
2024-02-01,36.694164
2024-02-02,35.499329
2024-02-05,36.931156
2024-02-06,40.486027
2024-02-07,41.315495
2024-02-08,41.345116
2024-02-19,41.137753
2024-02-20,41.335243
2024-02-21,41.690731
2024-02-22,41.898098
2024-02-23,41.858601
2024-02-26,41.552486
2024-02-27,41.740105
2024-02-28,41.700607
2024-02-29,42.105469
2024-03-01,41.986973
2024-03-04,43.349674
2024-03-05,44.001400
2024-03-06,43.408920
2024-03-07,41.424114
2024-03-08,41.364868
2024-03-11,43.053429
2024-03-12,44.366756
2024-03-13,44.119892
2024-03-14,46.440434
2024-03-15,46.539181
2024-03-18,46.687294
2024-03-19,45.393726
2024-03-20,45.057983
2024-03-21,45.057983
2024-03-22,45.354225
2024-03-25,45.581341
2024-03-26,45.689960
2024-03-27,45.334473
2024-03-28,45.630711
2024-03-29,45.393726
2024-04-01,45.739334
2024-04-02,44.890114
2024-04-03,44.198887
2024-04-08,44.830868
2024-04-09,44.969109
2024-04-10,44.880241
2024-04-11,44.376633
2024-04-12,43.537289
2024-04-15,44.001400
2024-04-16,43.705158
2024-04-17,43.833527
2024-04-18,41.819103
2024-04-19,41.157505
2024-04-22,41.335243
2024-04-23,43.517536
2024-04-24,43.152180
2024-04-25,43.744652
2024-04-26,45.038235
2024-04-29,45.601089
2024-04-30,45.581341
2024-05-06,46.568806
2024-05-07,46.637924
2024-05-08,45.838078
2024-05-09,46.312065
2024-05-10,45.897327
2024-05-13,44.959236
2024-05-14,44.761745
2024-05-15,44.110016
2024-05-16,44.129768
2024-05-17,44.189014
2024-05-20,43.260799
2024-05-21,43.250923
2024-05-22,42.994183
2024-05-23,42.510326
2024-05-24,41.907970
2024-05-27,42.164715
2024-05-28,42.727573
2024-05-29,42.480701
2024-05-30,42.342457
2024-05-31,41.828976
2024-06-03,41.967220
2024-06-04,43.280548
2024-06-05,43.369415
2024-06-06,42.372078
2024-06-07,41.621609
2024-06-11,42.184467
2024-06-12,41.572231
2024-06-13,41.532742
2024-06-14,41.374744
2024-06-17,41.996841
2024-06-18,41.443867
2024-06-19,40.841515
2024-06-20,40.091038
2024-06-21,39.538063
2024-06-24,39.784927
2024-06-25,39.202324
2024-06-26,39.399815
2024-06-27,38.748093
2024-06-28,37.977867
2024-07-01,37.790245
2024-07-02,37.000278
2024-07-03,38.185234
2024-07-04,37.967995
2024-07-05,37.967995
2024-07-08,38.718464
2024-07-09,38.501225
2024-07-10,38.915958
2024-07-11,40.091038
2024-07-12,40.954388
2024-07-15,40.468132
2024-07-16,40.636833
2024-07-17,41.420792
2024-07-18,41.827656
2024-07-19,41.907043
2024-07-22,42.442913
2024-07-23,41.093311
2024-07-24,41.083393
2024-07-25,41.142929
2024-07-26,40.755917
2024-07-29,40.180351
2024-07-30,39.694099
2024-07-31,41.887196
2024-08-01,41.629185
2024-08-02,41.847504
2024-08-05,42.323833
2024-08-06,42.581844
2024-08-07,41.827656
2024-08-08,42.254372
2024-08-09,42.095589
2024-08-12,43.296341
2024-08-13,42.343678
2024-08-14,42.174980
2024-08-15,42.591763
2024-08-16,42.790234
2024-08-19,41.787964
2024-08-20,41.926891
2024-08-21,41.986431
2024-08-22,43.594044
2024-08-23,43.286411
2024-08-26,42.988708
2024-08-27,43.266567
2024-08-28,43.167332
2024-08-29,43.981064
2024-08-30,43.792515
2024-09-02,43.564274
2024-09-03,44.239071
2024-09-04,44.169605
2024-09-05,44.655861
2024-09-06,44.060448
2024-09-09,44.209301
2024-09-10,44.139835
2024-09-11,45.082573
2024-09-12,44.626091
2024-09-13,44.427620
2024-09-18,44.774940
2024-09-19,44.655861
2024-09-20,42.383373
2024-09-23,42.383373
2024-09-24,43.326107
2024-09-25,43.504730
2024-09-26,46.104694
2024-09-27,48.307716
2024-09-30,51.900032
2024-10-08,55.581657
2024-10-09,51.284771
2024-10-10,52.167969
2024-10-11,49.816093
2024-10-14,50.996994
2024-10-15,50.213032
2024-10-16,48.803894
2024-10-17,48.843590
2024-10-18,50.093948
2024-10-21,50.173340
2024-10-22,50.371807
2024-10-23,50.302341
2024-10-24,48.297791
2024-10-25,47.632915
2024-10-28,48.218403
2024-10-29,47.811539
2024-10-30,46.839035
2024-10-31,46.243622
2024-11-01,47.196285
2024-11-04,47.622997
2024-11-05,48.307716
2024-11-06,48.377182
2024-11-07,49.617622
2024-11-08,49.121449
2024-11-11,49.051983
2024-11-12,48.913052
2024-11-13,48.972591
2024-11-14,48.079475
2024-11-15,47.335213
2024-11-18,46.839035
2024-11-19,47.067276
2024-11-20,50.074104
2024-11-21,49.806168
2024-11-22,47.900852
2024-11-25,47.394753
2024-11-26,48.307716
2024-11-27,49.607700
2024-11-28,49.319916
2024-11-29,50.302341
2024-12-02,50.064182
2024-12-03,49.250454
2024-12-04,49.022213
2024-12-05,48.575653
2024-12-06,49.151218
2024-12-09,49.002361
2024-12-10,47.761921
2024-12-11,47.781773
2024-12-12,47.672611
2024-12-13,46.233704
2024-12-16,45.717678
2024-12-17,46.144386
2024-12-18,46.233704
2024-12-19,46.184086
2024-12-20,45.896301
2024-12-23,45.499359
2024-12-24,45.975693
2024-12-25,46.263474
2024-12-26,45.757370
2024-12-27,45.747448
2024-12-30,45.787140
2024-12-31,45.548981
2025-01-02,44.606243
2025-01-03,44.020756
2025-01-06,44.665783
2025-01-07,43.703201
2025-01-08,43.216949
2025-01-09,42.750546
2025-01-10,42.343678
2025-01-13,42.482613
2025-01-14,43.951290
2025-01-15,43.544426
2025-01-16,42.571922
2025-01-17,42.512379
2025-01-20,44.179531
2025-01-21,44.784866
2025-01-22,44.090218
2025-01-23,43.623814
2025-01-24,44.298615
2025-01-27,44.308540
2025-02-05,43.673431
2025-02-06,44.020756
2025-02-07,44.943645
2025-02-10,44.536781
2025-02-11,43.852055
2025-02-12,44.100143
2025-02-13,44.298615
2025-02-14,45.152035
2025-02-17,44.913872
2025-02-18,44.477238
2025-02-19,44.368076
2025-02-20,46.144386
2025-02-21,47.910778
2025-02-24,47.722229
2025-02-25,47.007732
2025-02-26,47.186359
2025-02-27,47.543606
2025-02-28,45.608517
2025-03-03,45.568825
2025-03-04,45.509281
2025-03-05,45.628368
2025-03-06,46.164234
2025-03-07,45.330658
2025-03-10,45.142117
2025-03-11,44.993263
2025-03-12,44.655861
2025-03-13,44.685631
2025-03-14,46.184086
2025-03-17,46.124542
2025-03-18,46.144386
2025-03-19,46.928349
2025-03-20,46.273396
2025-03-21,44.507008
2025-03-24,44.010830
2025-03-25,44.526852
2025-03-26,45.876453
2025-03-27,48.019932
2025-03-28,48.238255
2025-03-31,48.823742
2025-04-01,51.403858
2025-04-02,50.461121
2025-04-03,50.649670
2025-04-07,48.327564
2025-04-08,48.327564
2025-04-09,47.851238
2025-04-10,48.129093
2025-04-11,48.010014
2025-04-14,48.496262
2025-04-15,47.900852
2025-04-16,48.526035
2025-04-17,48.406952
2025-04-18,47.632915
2025-04-21,48.793968
2025-04-22,50.580204
2025-04-23,50.699287
2025-04-24,50.738983
2025-04-25,49.885559
2025-04-28,49.587852
2025-04-29,49.220680
2025-04-30,50.709209
2025-05-06,50.609974
2025-05-07,51.116074
2025-05-08,51.165691
2025-05-09,52.406132
2025-05-12,50.302341
2025-05-13,50.838215
2025-05-14,52.495445
2025-05-15,53.279404
2025-05-16,53.438179
2025-05-19,53.041237
2025-05-20,54.033592
2025-05-21,55.512196
2025-05-22,55.174793
2025-05-23,54.278454
2025-05-26,53.133129
2025-05-27,53.202843
2025-05-28,54.029472
2025-05-29,53.880081
2025-05-30,54.517483
2025-06-03,54.656910
2025-06-04,55.065247
2025-06-05,53.660976
2025-06-06,53.581299
2025-06-09,54.139027
2025-06-10,54.905895
2025-06-11,54.487602
2025-06-12,55.593090
2025-06-13,53.670933
2025-06-16,53.541462
2025-06-17,51.629269
2025-06-18,51.599392
2025-06-19,51.370327
2025-06-20,51.549591
2025-06-23,51.748779
2025-06-24,51.938011
2025-06-25,52.734756
2025-06-26,51.868294
2025-06-27,51.738823
2025-06-30,51.689026
2025-07-01,52.246746
2025-07-02,52.037601
2025-07-03,52.256710
2025-07-04,53.043495
2025-07-07,52.435978
2025-07-08,53.182930
2025-07-09,56.957520
2025-07-10,57.365852
2025-07-11,56.668701
2025-07-14,56.977440
2025-07-15,56.987400
2025-07-16,56.987400
2025-07-17,57.495323
2025-07-18,58.521137
2025-07-21,57.764229
2025-07-22,57.176624
2025-07-23,56.897766
2025-07-24,57.266262
2025-07-25,56.170734
2025-07-28,61.787807
2025-07-29,63.540649
2025-07-30,63.331505
2025-07-31,62.644310
2025-08-01,61.060776
2025-08-04,61.747967
2025-08-05,62.046749
2025-08-06,61.329678
2025-08-07,60.562805
2025-08-08,60.742077
2025-08-11,60.821747
2025-08-12,60.602642
2025-08-13,62.355488
2025-08-14,62.564632
2025-08-15,63.142277
2025-08-18,62.823578
2025-08-19,61.439228
2025-08-20,62.594509
2025-08-21,63.729881
2025-08-22,64.715858
2025-08-25,65.990654
2025-08-26,65.034554
2025-08-27,62.793697
2025-08-28,62.773781
2025-08-29,65.960777
2025-09-01,68.072151
2025-09-02,68.590042
2025-09-03,71.687401
2025-09-04,68.370934
2025-09-05,72.175407
2025-09-08,72.016052
2025-09-09,70.801010
2025-09-10,70.034149
2025-09-11,68.012398
2025-09-12,68.729477
2025-09-15,68.819107
2025-09-16,68.868904
2025-09-17,69.844917
2025-09-18,70.801010
2025-09-19,69.366875
2025-09-22,70.761185
2025-09-23,69.416664
2025-09-24,69.825005
2025-09-25,71.976219
2025-09-26,69.795120
2025-09-29,68.918694
2025-09-30,71.259148
2025-10-09,70.860771
2025-10-10,67.922760
2025-10-13,66.707726
2025-10-14,64.008736
2025-10-15,66.130081
2025-10-16,66.568291
2025-10-17,64.835365
2025-10-20,64.865242
2025-10-21,65.731705
2025-10-22,64.994720
2025-10-23,64.875206
2025-10-24,65.233742
2025-10-27,66.737602
2025-10-28,63.361382
2025-10-29,63.759754
2025-10-30,62.624390
2025-10-31,63.889229
2025-11-03,63.142277
2025-11-04,61.668293
2025-11-05,61.708130
2025-11-06,62.166260
2025-11-07,61.329678
2025-11-10,61.578659
2025-11-11,60.811790
2025-11-12,61.847561
2025-11-13,63.301628
2025-11-14,62.644310
2025-11-17,61.548779
2025-11-18,61.528862
2025-11-19,60.861588
2025-11-20,60.383537
2025-11-21,59.258129
2025-11-24,60.413414
2025-11-25,60.632523
2025-11-26,62.106506
2025-11-27,61.837601
2025-11-28,61.827644
2025-12-01,61.688210
2025-12-02,60.871544
2025-12-03,60.722157
2025-12-04,61.001015
2025-12-05,61.369511
2025-12-08,62.206097
2025-12-09,62.823578
2025-12-10,63.122360
2025-12-11,63.142277
2025-12-12,63.022762
2025-12-15,61.130489
2025-12-16,58.909554
2025-12-17,60.054878
2025-12-18,59.756096
2025-12-19,60.602642
2025-12-22,60.682316
2025-12-23,61.548779
2025-12-24,60.981098
2025-12-25,61.150410
2025-12-26,60.811790
2025-12-29,60.264023
2025-12-30,59.935368
2025-12-31,59.327847
2026-01-05,62.823578
2026-01-06,62.803661
2026-01-07,63.590446
2026-01-08,63.341461
2026-01-09,63.520729
2026-01-12,63.590446
2026-01-13,64.257721
2026-01-14,63.351425
2026-01-15,62.913208
2026-01-16,61.688210
2026-01-19,60.871544
2026-01-20,60.254066
2026-01-21,59.855690
2026-01-22,59.198372
2026-01-23,58.750206
2026-01-26,57.923576
2026-01-27,56.967480
2026-01-28,56.320122
2026-01-29,57.873783
2026-01-30,57.923576
2026-02-02,56.260368
2026-02-03,57.236385
2026-02-04,57.365852
2026-02-05,57.923576
2026-02-06,57.077034
2026-02-09,57.216465
2026-02-10,58.162601
2026-02-11,58.660572
2026-02-12,58.501221
2026-02-13,57.993294
2026-02-24,57.774185
2026-02-25,57.624798
2026-02-26,56.489433
2026-02-27,56.330082
2026-03-02,54.318295
2026-03-03,53.392075
2026-03-04,52.764633
2026-03-05,53.501629
2026-03-06,55.334148
2026-03-09,54.716667
2026-03-10,56.320122
2026-03-11,55.603050
2026-03-12,55.075203
2026-03-13,54.885975
2026-03-16,55.364025
2026-03-17,56.071136
2026-03-18,56.648781
2026-03-19,55.792278
2026-03-20,54.915852
2026-03-23,52.565445
2026-03-24,53.421951
2026-03-25,53.880081
2026-03-26,51.420124
2026-03-27,54.955692
2026-03-30,55.533333
2026-03-31,54.995529
2026-04-01,57.495323
2026-04-02,57.136787
2026-04-03,56.150814
2026-04-07,55.891869
2026-04-08,57.216465
2026-04-09,56.728455
2026-04-10,56.828049
2026-04-13,54.975609
2026-04-14,55.951626
2026-04-15,57.495323
2026-04-16,57.236385
2026-04-17,56.101017
2026-04-20,56.110977
2026-04-21,55.523373
2026-04-22,55.214634
2026-04-23,56.170734
2026-04-24,55.822155
2026-04-27,55.154881
2026-04-28,54.617073
2026-04-29,54.766464
2026-04-30,53.660976
2026-05-06,53.411995
2026-05-07,53.461788
2026-05-08,52.585365
2026-05-11,53.302441
2026-05-12,55.881912
2026-05-13,55.632927
2026-05-14,54.099186
2026-05-15,53.770531
2026-05-18,52.216869
2026-05-19,51.380283
2026-05-20,50.742886
2026-05-21,51.240856
2026-05-22,50.264839
2026-05-25,49.229065
2026-05-26,49.000000
2026-05-27,50.369999
2026-05-28,48.000000
2026-05-29,50.189999
2026-06-01,49.169998
2026-06-02,48.400002
2026-06-03,47.200001
2026-06-04,46.630001
2026-06-05,47.080002
2026-06-08,45.939999
2026-06-09,46.380001
2026-06-10,47.009998
2026-06-11,46.980000
2026-06-12,48.490002
2026-06-15,47.880001
2026-06-16,47.349998
2026-06-17,46.990002
2026-06-18,48.419998
2026-06-22,49.360001
2026-06-23,48.980000
2026-06-24,50.250000
2026-06-25,50.040001
2026-06-26,48.669998
2026-06-29,52.930000
2026-06-30,52.040001
2026-07-01,53.779999
2026-07-02,53.490002
2026-07-03,54.450001
2026-07-06,56.770000
2026-07-07,55.360001
2026-07-08,54.009998
2026-07-09,55.610001
2026-07-10,55.750000
2026-07-13,55.750000
2026-07-14,54.820000
2026-07-15,57.500000
2026-07-16,55.990002
2026-07-17,53.189999
2026-07-20,55.570000
2026-07-21,54.930000
2026-07-22,55.389999
2026-07-23,54.910000
2026-07-24,53.450001
2026-07-27,53.599998
2026-07-28,53.290001
2026-07-29,53.889999
2026-07-30,54.650002
2026-07-31,54.080002
2026-08-03,53.000000
2026-08-04,53.419998
2026-08-05,53.540001
2026-08-06,52.110001
2026-08-07,54.619999
2026-08-10,54.180000
2026-08-11,54.970001
2026-08-12,54.360001
2026-08-13,53.759998
2026-08-14,52.619999
2026-08-17,52.869999
2026-08-18,52.369999
2026-08-19,52.660000
2026-08-20,49.500000
2026-08-21,47.740002
2026-08-24,46.759998
2026-08-25,46.490002
2026-08-26,46.740002
2026-08-27,47.610001
2026-08-28,47.320000
2026-08-31,46.070000
2026-09-01,46.230000
2026-09-02,45.570000
2026-09-03,45.959999
2026-09-04,46.020000
2026-09-07,46.259998
2026-09-08,45.709999
2026-09-09,44.709999
2026-09-10,42.930000
2026-09-11,42.669998
