date,close
2004-01-01,1.673164
2004-01-02,1.702086
2004-01-05,1.707870
2004-01-06,1.713655
2004-01-07,1.728116
2004-01-08,1.822114
2004-01-09,1.741131
2004-01-12,1.749808
2004-01-13,1.739686
2004-01-14,1.725224
2004-01-15,1.738239
2004-01-16,1.762823
2004-01-19,1.762823
2004-01-20,1.762823
2004-01-21,1.762823
2004-01-22,1.762823
2004-01-23,1.762823
2004-01-26,1.762823
2004-01-27,1.762823
2004-01-28,1.762823
2004-01-29,1.810545
2004-01-30,1.741131
2004-02-02,1.796084
2004-02-03,1.882851
2004-02-04,1.884297
2004-02-05,1.907435
2004-02-06,1.862605
2004-02-09,1.879959
2004-02-10,1.872728
2004-02-11,1.849591
2004-02-12,1.859713
2004-02-13,1.887189
2004-02-16,1.956604
2004-02-17,1.981187
2004-02-18,1.953712
2004-02-19,1.981187
2004-02-20,2.017340
2004-02-23,1.939250
2004-02-24,1.933467
2004-02-25,1.894421
2004-02-26,1.800422
2004-02-27,1.832237
2004-03-01,1.835129
2004-03-02,1.822114
2004-03-03,1.827898
2004-03-04,1.881405
2004-03-05,1.874175
2004-03-08,1.816330
2004-03-09,1.807652
2004-03-10,1.833683
2004-03-11,1.859713
2004-03-12,1.895866
2004-03-15,1.920450
2004-03-16,1.905990
2004-03-17,1.911773
2004-03-18,1.866943
2004-03-19,1.877067
2004-03-22,1.884297
2004-03-23,1.856821
2004-03-24,1.848144
2004-03-25,1.853928
2004-03-26,1.901651
2004-03-29,1.907435
2004-03-30,1.943588
2004-03-31,1.937805
2004-04-01,1.921897
2004-04-02,1.936357
2004-04-05,1.994203
2004-04-06,2.073739
2004-04-07,2.066509
2004-04-08,2.107000
2004-04-09,2.008664
2004-04-12,2.008664
2004-04-13,1.969620
2004-04-14,1.936357
2004-04-15,1.940696
2004-04-16,1.932019
2004-04-19,1.946481
2004-04-20,1.949373
2004-04-21,1.881405
2004-04-22,1.882851
2004-04-23,1.862605
2004-04-26,1.840914
2004-04-27,1.825007
2004-04-28,1.825007
2004-04-29,1.798975
2004-04-30,1.809099
2004-05-03,1.809099
2004-05-04,1.809099
2004-05-05,1.809099
2004-05-06,1.809099
2004-05-07,1.809099
2004-05-10,1.757039
2004-05-11,1.757039
2004-05-12,1.800422
2004-05-13,1.780177
2004-05-14,1.733901
2004-05-17,1.706424
2004-05-18,1.742577
2004-05-19,1.736793
2004-05-20,1.725224
2004-05-21,1.755593
2004-05-24,1.765715
2004-05-25,1.589288
2004-05-26,1.529998
2004-05-27,1.579166
2004-05-28,1.595709
2004-05-31,1.607741
2004-06-01,1.699483
2004-06-02,1.741595
2004-06-03,1.681435
2004-06-04,1.682940
2004-06-07,1.633308
2004-06-08,1.631804
2004-06-09,1.616765
2004-06-10,1.610748
2004-06-11,1.639324
2004-06-14,1.631804
2004-06-15,1.658876
2004-06-16,1.655868
2004-06-17,1.676924
2004-06-18,1.703995
2004-06-21,1.747609
2004-06-22,1.744602
2004-06-23,1.717531
2004-06-24,1.705499
2004-06-25,1.649852
2004-06-28,1.618269
2004-06-29,1.568637
2004-06-30,1.546078
2004-07-01,1.580669
2004-07-02,1.552095
2004-07-05,1.523519
2004-07-06,1.556606
2004-07-07,1.531039
2004-07-08,1.550590
2004-07-09,1.546078
2004-07-12,1.493440
2004-07-13,1.473888
2004-07-14,1.475392
2004-07-15,1.479904
2004-07-16,1.526527
2004-07-19,1.538558
2004-07-20,1.532543
2004-07-21,1.532543
2004-07-22,1.544574
2004-07-23,1.565630
2004-07-26,1.640829
2004-07-27,1.640829
2004-07-28,1.726554
2004-07-29,1.722043
2004-07-30,1.675420
2004-08-02,1.678428
2004-08-03,1.669404
2004-08-04,1.722043
2004-08-05,1.682940
2004-08-06,1.705499
2004-08-09,1.688955
2004-08-10,1.691963
2004-08-11,1.702491
2004-08-12,1.681435
2004-08-13,1.682940
2004-08-16,1.625789
2004-08-17,1.639324
2004-08-18,1.654364
2004-08-19,1.631804
2004-08-20,1.646844
2004-08-23,1.652860
2004-08-24,1.669404
2004-08-25,1.670908
2004-08-26,1.711514
2004-08-27,1.723546
2004-08-30,1.723546
2004-08-31,1.749113
2004-09-01,1.726554
2004-09-02,1.752122
2004-09-03,1.731067
2004-09-06,1.705499
2004-09-07,1.744602
2004-09-08,1.741595
2004-09-09,1.685947
2004-09-10,1.673915
2004-09-13,1.618269
2004-09-14,1.675420
2004-09-15,1.753626
2004-09-16,1.750618
2004-09-17,1.788218
2004-09-20,1.846872
2004-09-21,1.848376
2004-09-22,1.803257
2004-09-23,1.879959
2004-09-24,1.818296
2004-09-27,1.821305
2004-09-28,1.931094
2004-09-29,1.914550
2004-09-30,1.976213
2004-10-01,1.976213
2004-10-04,1.976213
2004-10-05,1.976213
2004-10-06,1.976213
2004-10-07,1.976213
2004-10-08,2.039379
2004-10-11,2.021332
2004-10-12,2.022835
2004-10-13,2.022835
2004-10-14,1.879959
2004-10-15,2.067955
2004-10-18,2.030355
2004-10-19,1.932598
2004-10-20,1.955157
2004-10-21,1.959669
2004-10-22,2.010805
2004-10-25,2.018324
2004-10-26,2.105554
2004-10-27,2.105554
2004-10-28,2.051411
2004-10-29,2.018324
2004-11-01,1.958165
2004-11-02,2.004788
2004-11-03,2.042387
2004-11-04,2.004788
2004-11-05,1.959669
2004-11-08,1.917558
2004-11-09,1.937110
2004-11-10,2.036372
2004-11-11,2.003284
2004-11-12,2.003284
2004-11-15,2.039379
2004-11-16,2.042387
2004-11-17,1.983733
2004-11-18,2.004788
2004-11-19,1.983733
2004-11-22,1.983733
2004-11-23,1.947638
2004-11-24,1.959669
2004-11-25,1.980725
2004-11-26,1.941621
2004-11-29,1.928086
2004-11-30,1.926582
2004-12-01,1.922070
2004-12-02,1.852888
2004-12-03,1.866423
2004-12-06,1.855896
2004-12-07,1.813785
2004-12-08,1.813785
2004-12-09,1.864920
2004-12-10,1.822808
2004-12-13,1.848376
2004-12-14,1.849880
2004-12-15,1.858903
2004-12-16,1.821305
2004-12-17,1.758138
2004-12-20,1.735578
2004-12-21,1.752122
2004-12-22,1.801753
2004-12-23,1.658876
2004-12-24,1.658876
2004-12-27,1.636317
2004-12-28,1.654364
2004-12-29,1.654364
2004-12-30,1.661884
2004-12-31,1.681435
2005-01-03,1.681435
2005-01-04,1.693467
2005-01-05,1.696475
2005-01-06,1.702491
2005-01-07,1.722043
2005-01-10,1.714523
2005-01-11,1.726554
2005-01-12,1.717531
2005-01-13,1.693467
2005-01-14,1.691963
2005-01-17,1.682940
2005-01-18,1.710011
2005-01-19,1.687451
2005-01-20,1.681435
2005-01-21,1.705499
2005-01-24,1.705499
2005-01-25,1.759642
2005-01-26,1.738586
2005-01-27,1.731067
2005-01-28,1.728058
2005-01-31,1.723546
2005-02-01,1.711514
2005-02-02,1.785210
2005-02-03,1.756633
2005-02-04,1.807769
2005-02-07,1.807769
2005-02-08,1.807769
2005-02-09,1.807769
2005-02-10,1.807769
2005-02-11,1.807769
2005-02-14,1.807769
2005-02-15,1.807769
2005-02-16,1.821305
2005-02-17,1.831832
2005-02-18,1.849880
2005-02-21,1.913046
2005-02-22,1.956662
2005-02-23,1.947638
2005-02-24,1.938614
2005-02-25,1.962677
2005-02-28,1.905527
2005-03-01,1.929590
2005-03-02,1.887479
2005-03-03,1.885975
2005-03-04,1.887479
2005-03-07,1.901014
2005-03-08,1.997269
2005-03-09,1.997269
2005-03-10,1.949142
2005-03-11,1.970197
2005-03-14,2.040883
2005-03-15,2.037875
2005-03-16,1.977717
2005-03-17,2.027348
2005-03-18,1.922070
2005-03-21,1.992756
2005-03-22,2.039379
2005-03-23,1.964182
2005-03-24,1.923574
2005-03-25,1.893495
2005-03-28,1.830328
2005-03-29,1.804761
2005-03-30,1.774681
2005-03-31,1.821305
2005-04-01,1.869432
2005-04-04,1.836344
2005-04-05,1.896503
2005-04-06,1.955157
2005-04-07,1.949142
2005-04-08,1.986741
2005-04-11,2.034868
2005-04-12,2.034868
2005-04-13,2.057428
2005-04-14,2.045396
2005-04-15,2.036372
2005-04-18,2.031861
2005-04-19,2.042387
2005-04-20,2.055923
2005-04-21,2.243919
2005-04-22,2.209328
2005-04-25,2.290543
2005-04-26,2.290543
2005-04-27,2.338669
2005-04-28,2.362733
2005-04-29,2.319118
2005-05-02,2.319118
2005-05-03,2.319118
2005-05-04,2.319118
2005-05-05,2.319118
2005-05-06,2.319118
2005-05-09,2.391308
2005-05-10,2.301069
2005-05-11,2.251440
2005-05-12,2.260463
2005-05-13,2.263471
2005-05-16,2.317614
2005-05-17,2.263471
2005-05-18,2.275503
2005-05-19,2.258959
2005-05-20,2.281519
2005-05-23,2.225872
2005-05-24,2.266478
2005-05-25,2.221360
2005-05-26,2.176241
2005-05-27,2.201808
2005-05-30,2.307458
2005-05-31,2.295208
2005-06-01,2.290615
2005-06-02,2.155873
2005-06-03,2.217119
2005-06-06,2.364111
2005-06-07,2.368704
2005-06-08,2.606035
2005-06-09,2.722402
2005-06-10,2.681061
2005-06-13,2.751494
2005-06-14,2.475886
2005-06-15,2.330425
2005-06-16,2.373298
2005-06-17,2.359518
2005-06-20,2.446794
2005-06-21,2.423826
2005-06-22,2.442200
2005-06-23,2.480480
2005-06-24,2.463637
2005-06-27,2.515696
2005-06-28,2.529476
2005-06-29,2.511102
2005-06-30,2.494259
2005-07-01,2.460574
2005-07-04,2.425358
2005-07-05,2.425358
2005-07-06,2.457511
2005-07-07,2.422295
2005-07-08,2.371767
2005-07-11,2.388609
2005-07-12,2.478947
2005-07-13,2.425358
2005-07-14,2.417701
2005-07-15,2.431482
2005-07-18,2.385547
2005-07-19,2.374829
2005-07-20,2.380954
2005-07-21,2.391672
2005-07-22,2.434544
2005-07-25,2.524883
2005-07-26,2.535601
2005-07-27,2.480480
2005-07-28,2.465167
2005-07-29,2.465167
2005-08-01,2.547851
2005-08-02,2.573880
2005-08-03,2.547851
2005-08-04,2.544788
2005-08-05,2.575411
2005-08-08,2.560099
2005-08-09,2.541725
2005-08-10,2.575411
2005-08-11,2.593784
2005-08-12,2.526414
2005-08-15,2.564692
2005-08-16,2.518759
2005-08-17,2.520289
2005-08-18,2.471292
2005-08-19,2.460574
2005-08-22,2.420764
2005-08-23,2.445263
2005-08-24,2.478947
2005-08-25,2.446794
2005-08-26,2.423826
2005-08-29,2.387079
2005-08-30,2.394734
2005-08-31,2.442200
2005-09-01,2.593784
2005-09-02,2.566224
2005-09-05,2.572348
2005-09-06,2.564692
2005-09-07,2.589191
2005-09-08,2.658094
2005-09-09,2.651969
2005-09-12,2.668812
2005-09-13,2.655032
2005-09-14,2.615221
2005-09-15,2.612159
2005-09-16,2.606035
2005-09-19,2.647376
2005-09-20,2.625939
2005-09-21,2.598378
2005-09-22,2.557037
2005-09-23,2.563162
2005-09-26,2.538663
2005-09-27,2.604503
2005-09-28,2.641251
2005-09-29,2.691779
2005-09-30,2.704028
2005-10-03,2.704028
2005-10-04,2.704028
2005-10-05,2.704028
2005-10-06,2.704028
2005-10-07,2.704028
2005-10-10,2.636657
2005-10-11,2.661156
2005-10-12,2.694842
2005-10-13,2.717809
2005-10-14,2.656563
2005-10-17,2.659626
2005-10-18,2.650437
2005-10-19,2.633595
2005-10-20,2.595317
2005-10-21,2.655032
2005-10-24,2.625939
2005-10-25,2.612159
2005-10-26,2.630533
2005-10-27,2.659626
2005-10-28,2.661156
2005-10-31,2.633595
2005-11-01,2.633595
2005-11-02,2.635126
2005-11-03,2.569286
2005-11-04,2.512633
2005-11-07,2.515696
2005-11-08,2.572348
2005-11-09,2.587661
2005-11-10,2.625939
2005-11-11,2.641251
2005-11-14,2.633595
2005-11-15,2.639720
2005-11-16,2.632064
2005-11-17,2.632064
2005-11-18,2.662687
2005-11-21,2.677999
2005-11-22,2.662687
2005-11-23,2.661156
2005-11-24,2.668812
2005-11-25,2.668812
2005-11-28,2.659626
2005-11-29,2.618283
2005-11-30,2.619815
2005-12-01,2.638188
2005-12-02,2.641251
2005-12-05,2.618283
2005-12-06,2.609096
2005-12-07,2.592254
2005-12-08,2.602972
2005-12-09,2.651969
2005-12-12,2.613690
2005-12-13,2.612159
2005-12-14,2.580005
2005-12-15,2.560099
2005-12-16,2.593784
2005-12-19,2.555506
2005-12-20,2.553975
2005-12-21,2.509571
2005-12-22,2.526414
2005-12-23,2.495791
2005-12-26,2.547851
2005-12-27,2.580005
2005-12-28,2.557037
2005-12-29,2.575411
2005-12-30,2.589191
2006-01-04,2.573880
2006-01-05,2.557037
2006-01-06,2.696372
2006-01-09,2.702497
2006-01-10,2.679530
2006-01-11,2.697904
2006-01-12,2.756088
2006-01-13,2.734652
2006-01-16,2.619815
2006-01-17,2.587661
2006-01-18,2.583067
2006-01-19,2.526414
2006-01-20,2.488135
2006-01-23,2.488135
2006-01-24,2.492729
2006-01-25,2.403921
2006-02-06,2.501916
2006-02-07,2.538663
2006-02-08,2.480480
2006-02-09,2.419231
2006-02-10,2.445263
2006-02-13,2.537132
2006-02-14,2.497322
2006-02-15,2.553975
2006-02-16,2.503446
2006-02-17,2.480480
2006-02-20,2.472823
2006-02-21,2.511102
2006-02-22,2.544788
2006-02-23,2.511102
2006-02-24,2.583067
2006-02-27,2.607565
2006-02-28,2.622877
2006-03-01,2.618283
2006-03-02,2.641251
2006-03-03,2.612159
2006-03-06,2.638188
2006-03-07,2.580005
2006-03-08,2.613690
2006-03-09,2.625939
2006-03-10,2.658094
2006-03-13,2.665750
2006-03-14,2.707091
2006-03-15,2.912266
2006-03-16,2.922984
2006-03-17,2.880112
2006-03-20,2.901548
2006-03-21,2.857144
2006-03-22,2.939827
2006-03-23,2.930640
2006-03-24,2.929110
2006-03-27,2.909204
2006-03-28,3.020979
2006-03-29,3.083756
2006-03-30,3.152658
2006-03-31,3.155721
2006-04-03,3.163377
2006-04-04,3.197062
2006-04-05,3.278214
2006-04-06,3.307306
2006-04-07,3.431330
2006-04-10,3.521668
2006-04-11,3.838619
2006-04-12,3.838619
2006-04-13,3.838619
2006-04-14,3.838619
2006-04-17,3.838619
2006-04-18,3.838619
2006-04-19,3.838619
2006-04-20,3.838619
2006-04-21,3.838619
2006-04-24,4.017764
2006-04-25,4.071354
2006-04-26,4.206097
2006-04-27,4.268478
2006-04-28,4.268478
2006-05-08,4.268478
2006-05-09,4.268478
2006-05-10,4.268478
2006-05-11,4.268478
2006-05-12,4.268478
2006-05-15,4.268478
2006-05-16,4.268478
2006-05-17,4.268478
2006-05-18,4.268478
2006-05-19,4.268478
2006-05-22,4.351759
2006-05-23,3.916583
2006-05-24,3.862685
2006-05-25,3.900612
2006-05-26,3.814775
2006-05-29,3.938541
2006-05-30,3.938541
2006-05-31,3.910593
2006-06-01,3.904606
2006-06-02,3.700990
2006-06-05,3.683025
2006-06-06,3.698994
2006-06-07,3.453459
2006-06-08,3.409542
2006-06-09,3.331691
2006-06-12,3.371615
2006-06-13,3.393574
2006-06-14,3.613158
2006-06-15,3.563252
2006-06-16,3.611161
2006-06-19,3.734926
2006-06-20,3.772855
2006-06-21,3.724945
2006-06-22,3.671047
2006-06-23,3.645097
2006-06-26,3.697000
2006-06-27,3.613158
2006-06-28,3.591199
2006-06-29,3.647093
2006-06-30,3.655078
2006-07-03,3.778842
2006-07-04,3.750897
2006-07-05,3.655078
2006-07-06,3.691010
2006-07-07,3.730934
2006-07-10,3.702987
2006-07-11,3.633120
2006-07-12,3.655078
2006-07-13,3.369619
2006-07-14,3.353648
2006-07-17,3.369619
2006-07-18,3.391576
2006-07-19,3.371615
2006-07-20,3.341671
2006-07-21,3.329693
2006-07-24,3.303743
2006-07-25,3.363630
2006-07-26,3.351652
2006-07-27,3.483402
2006-07-28,3.425513
2006-07-31,3.235871
2006-08-01,3.211916
2006-08-02,3.104120
2006-08-03,3.108114
2006-08-04,2.964386
2006-08-07,2.910487
2006-08-08,2.964386
2006-08-09,3.008303
2006-08-10,3.054215
2006-08-11,3.034253
2006-08-14,2.934442
2006-08-15,2.962390
2006-08-16,3.044235
2006-08-17,3.070186
2006-08-18,3.377604
2006-08-21,3.495380
2006-08-22,3.495380
2006-08-23,3.495380
2006-08-24,3.655078
2006-08-25,3.573233
2006-08-28,3.619145
2006-08-29,3.653081
2006-08-30,3.645097
2006-08-31,3.619145
2006-09-01,3.507357
2006-09-04,3.742911
2006-09-05,3.730934
2006-09-06,3.760877
2006-09-07,3.788825
2006-09-08,3.691010
2006-09-11,3.691010
2006-09-12,3.710972
2006-09-13,3.569240
2006-09-14,3.557264
2006-09-15,3.597188
2006-09-18,3.583214
2006-09-19,3.563252
2006-09-20,3.539297
2006-09-21,3.611161
2006-09-22,3.613158
2006-09-25,3.625134
2006-09-26,3.619145
2006-09-27,3.623138
2006-09-28,3.627131
2006-09-29,3.730934
2006-10-09,4.068295
2006-10-10,3.982458
2006-10-11,4.022383
2006-10-12,3.942534
2006-10-13,3.862685
2006-10-16,3.746904
2006-10-17,3.691010
2006-10-18,3.752893
2006-10-19,3.750897
2006-10-20,3.639108
2006-10-23,3.483402
2006-10-24,3.583214
2006-10-25,3.647093
2006-10-26,3.683025
2006-10-27,3.613158
2006-10-30,3.611161
2006-10-31,3.533308
2006-11-01,3.587207
2006-11-02,3.513346
2006-11-03,3.569240
2006-11-06,3.527320
2006-11-07,3.475418
2006-11-08,3.473422
2006-11-09,3.493383
2006-11-10,3.453459
2006-11-13,3.453459
2006-11-14,3.383592
2006-11-15,3.485399
2006-11-16,3.459449
2006-11-17,3.483402
2006-11-20,3.423516
2006-11-21,3.473422
2006-11-22,3.525324
2006-11-23,3.487396
2006-11-24,3.451463
2006-11-27,3.533308
2006-11-28,3.673044
2006-11-29,3.738919
2006-11-30,3.842723
2006-12-01,3.786828
2006-12-04,3.820763
2006-12-05,3.752893
2006-12-06,3.605173
2006-12-07,3.637112
2006-12-08,3.635116
2006-12-11,3.720953
2006-12-12,3.860689
2006-12-13,3.750897
2006-12-14,3.860689
2006-12-15,3.908598
2006-12-18,4.068295
2006-12-19,4.100235
2006-12-20,4.329800
2006-12-21,4.281890
2006-12-22,4.126186
2006-12-25,4.269913
2006-12-26,4.136166
2006-12-27,4.311834
2006-12-28,4.152136
2006-12-29,4.267917
2007-01-04,4.249951
2007-01-05,4.527425
2007-01-08,4.792922
2007-01-09,4.778948
2007-01-10,4.888742
2007-01-11,4.814881
2007-01-12,4.651192
2007-01-15,4.988554
2007-01-16,5.487608
2007-01-17,5.826964
2007-01-18,6.290088
2007-01-19,6.425831
2007-01-22,6.473740
2007-01-23,6.168318
2007-01-24,5.960712
2007-01-25,5.988657
2007-01-26,5.810995
2007-01-29,6.144363
2007-01-30,6.124401
2007-01-31,5.834949
2007-02-01,5.735139
2007-02-02,5.669263
2007-02-05,5.591411
2007-02-06,5.681241
2007-02-07,5.751109
2007-02-08,5.637323
2007-02-09,5.719168
2007-02-12,6.022593
2007-02-13,6.032574
2007-02-14,6.038564
2007-02-15,6.168318
2007-02-16,6.114419
2007-02-26,5.956719
2007-02-27,5.361846
2007-02-28,5.443690
2007-03-01,5.988657
2007-03-02,5.810995
2007-03-05,5.613368
2007-03-06,5.613368
2007-03-07,5.874875
2007-03-08,5.874875
2007-03-09,5.727154
2007-03-12,5.569452
2007-03-13,5.489603
2007-03-14,5.587418
2007-03-15,5.509566
2007-03-16,5.545497
2007-03-19,5.561467
2007-03-20,5.617362
2007-03-21,5.625347
2007-03-22,5.803010
2007-03-23,5.988657
2007-03-26,6.114419
2007-03-27,5.906813
2007-03-28,5.643312
2007-03-29,5.627343
2007-03-30,5.639320
2007-04-02,5.627343
2007-04-03,5.641317
2007-04-04,5.795026
2007-04-05,5.886850
2007-04-06,6.441800
2007-04-09,6.537619
2007-04-10,6.595509
2007-04-11,7.234299
2007-04-12,7.138481
2007-04-13,7.300176
2007-04-16,7.346087
2007-04-17,7.306163
2007-04-18,7.483827
2007-04-19,7.044658
2007-04-20,7.443901
2007-04-23,7.635540
2007-04-24,7.867101
2007-04-25,8.024802
2007-04-26,8.024802
2007-04-27,7.799228
2007-04-30,7.645520
2007-05-03,7.645520
2007-05-04,7.645520
2007-05-08,7.976893
2007-05-09,7.717385
2007-05-10,7.415956
2007-05-11,7.497801
2007-05-14,7.234299
2007-05-15,7.262247
2007-05-16,7.471849
2007-05-17,7.545711
2007-05-18,7.399986
2007-05-21,7.409966
2007-05-22,7.611584
2007-05-23,7.641526
2007-05-24,7.595615
2007-05-25,7.729362
2007-05-28,7.965357
2007-05-29,8.566442
2007-05-30,7.727345
2007-05-31,7.918966
2007-06-01,8.011750
2007-06-04,7.479245
2007-06-05,7.259387
2007-06-06,7.503450
2007-06-07,7.886692
2007-06-08,7.957290
2007-06-11,8.754029
2007-06-12,9.363177
2007-06-13,9.189711
2007-06-14,9.084825
2007-06-15,9.109027
2007-06-18,9.115080
2007-06-19,9.012211
2007-06-20,9.066671
2007-06-21,9.054569
2007-06-22,8.449450
2007-06-25,7.753567
2007-06-26,7.922998
2007-06-27,8.080329
2007-06-28,7.555894
2007-06-29,7.594218
2007-07-02,7.483280
2007-07-03,7.291660
2007-07-04,7.436889
2007-07-05,6.924555
2007-07-06,7.215012
2007-07-09,7.352172
2007-07-10,7.327968
2007-07-11,7.223081
2007-07-12,7.200893
2007-07-13,7.356207
2007-07-16,7.059698
2007-07-17,7.102057
2007-07-18,6.983052
2007-07-19,6.857992
2007-07-20,7.208961
2007-07-23,7.549845
2007-07-24,7.442939
2007-07-25,7.485298
2007-07-26,7.533709
2007-07-27,7.501433
2007-07-30,7.783823
2007-07-31,7.789873
2007-08-01,7.311832
2007-08-02,8.044023
2007-08-03,8.086381
2007-08-06,8.098483
2007-08-07,8.221523
2007-08-08,7.953256
2007-08-09,8.169081
2007-08-10,7.810043
2007-08-13,7.818112
2007-08-14,8.179165
2007-08-15,7.866523
2007-08-16,7.852404
2007-08-17,7.670868
2007-08-20,7.925017
2007-08-21,8.068228
2007-08-22,8.169081
2007-08-23,8.189252
2007-08-24,8.058142
2007-08-27,8.019818
2007-08-28,7.803992
2007-08-29,7.652716
2007-08-30,7.769702
2007-08-31,7.846350
2007-09-03,7.888707
2007-09-04,7.733397
2007-09-05,7.828197
2007-09-06,7.935102
2007-09-07,7.949221
2007-09-10,7.836266
2007-09-11,7.356207
2007-09-12,7.128279
2007-09-13,7.158535
2007-09-14,7.323933
2007-09-17,7.263422
2007-09-18,7.217030
2007-09-19,7.061718
2007-09-20,7.215012
2007-09-21,7.178706
2007-09-24,7.047596
2007-09-25,7.059698
2007-09-26,7.160552
2007-09-27,7.190807
2007-09-28,7.338053
2007-10-08,7.229133
2007-10-09,7.259387
2007-10-10,7.795926
2007-10-11,7.703141
2007-10-12,7.539758
2007-10-15,7.541778
2007-10-16,7.971408
2007-10-17,7.872574
2007-10-18,7.826180
2007-10-19,7.638594
2007-10-22,7.247283
2007-10-23,7.459075
2007-10-24,7.384447
2007-10-25,6.646203
2007-10-26,6.305319
2007-10-29,6.168160
2007-10-30,6.289183
2007-10-31,6.684527
2007-11-01,6.410206
2007-11-02,6.180261
2007-11-05,6.214552
2007-11-06,6.224638
2007-11-07,6.212535
2007-11-08,6.055204
2007-11-09,5.869635
2007-11-12,5.647759
2007-11-13,5.639691
2007-11-14,5.849465
2007-11-15,5.871653
2007-11-16,6.367848
2007-11-19,6.642169
2007-11-20,6.605862
2007-11-21,6.422309
2007-11-22,6.351712
2007-11-23,6.490891
2007-11-26,6.517110
2007-11-27,6.494924
2007-11-28,6.492906
2007-11-29,6.587707
2007-11-30,6.377933
2007-12-03,6.757140
2007-12-04,6.755123
2007-12-05,6.734953
2007-12-06,6.656288
2007-12-07,6.670407
2007-12-10,6.878163
2007-12-11,6.902369
2007-12-12,7.118194
2007-12-13,7.172655
2007-12-14,7.275525
2007-12-17,7.442939
2007-12-18,7.404616
2007-12-19,7.509502
2007-12-20,7.366291
2007-12-21,7.321916
2007-12-24,7.501433
2007-12-25,7.475213
2007-12-26,7.598251
2007-12-27,7.834249
2007-12-28,7.640612
2008-01-02,7.761633
2008-01-03,7.846350
2008-01-04,7.648680
2008-01-07,7.559929
2008-01-08,7.475213
2008-01-09,7.695073
2008-01-10,7.543794
2008-01-11,7.436889
2008-01-14,7.493365
2008-01-15,7.715242
2008-01-16,7.834249
2008-01-17,7.529673
2008-01-18,7.416717
2008-01-21,7.190807
2008-01-22,6.496940
2008-01-23,6.857992
2008-01-24,7.176689
2008-01-25,7.293680
2008-01-28,6.882198
2008-01-29,7.069787
2008-01-30,7.442939
2008-01-31,7.301744
2008-02-01,7.136348
2008-02-04,7.818112
2008-02-05,7.749534
2008-02-13,7.705157
2008-02-14,7.842318
2008-02-15,7.652716
2008-02-18,7.929052
2008-02-19,7.888707
2008-02-20,7.826180
2008-02-21,7.565980
2008-02-22,7.410667
2008-02-25,7.410667
2008-02-26,7.200893
2008-02-27,7.168620
2008-02-28,7.225097
2008-02-29,7.219047
2008-03-03,7.749534
2008-03-04,7.614390
2008-03-05,7.902828
2008-03-06,8.461555
2008-03-07,8.231608
2008-03-10,7.898794
2008-03-11,7.844335
2008-03-12,7.664816
2008-03-13,7.412684
2008-03-14,7.545811
2008-03-17,7.364273
2008-03-18,6.989102
2008-03-19,7.196859
2008-03-20,7.382429
2008-03-21,7.293680
2008-03-24,6.690577
2008-03-25,6.763192
2008-03-26,6.591742
2008-03-27,6.428360
2008-03-28,6.454581
2008-03-31,6.273046
2008-04-01,6.073357
2008-04-02,5.801056
2008-04-03,5.827277
2008-04-07,6.139920
2008-04-08,5.982591
2008-04-09,5.893840
2008-04-10,6.073357
2008-04-11,6.121767
2008-04-14,5.865601
2008-04-15,5.760714
2008-04-16,5.613469
2008-04-17,5.567077
2008-04-18,5.450088
2008-04-21,5.446054
2008-04-22,5.492446
2008-04-23,5.651794
2008-04-24,6.188330
2008-04-25,5.970488
2008-04-28,5.720373
2008-04-29,5.621537
2008-04-30,6.053188
2008-05-05,6.083444
2008-05-06,6.024948
2008-05-07,5.964437
2008-05-08,6.051171
2008-05-09,6.129836
2008-05-12,6.359780
2008-05-13,6.765207
2008-05-14,6.494924
2008-05-15,6.262962
2008-05-16,6.154041
2008-05-19,6.154041
2008-05-20,5.577162
2008-05-21,5.653809
2008-05-22,5.587248
2008-05-23,5.444036
2008-05-26,5.343184
2008-05-27,5.462189
2008-05-28,5.561026
2008-05-29,5.409746
2008-05-30,5.450088
2008-06-02,5.504549
2008-06-03,5.425883
2008-06-04,5.425883
2008-06-05,5.421848
2008-06-06,5.401679
2008-06-10,4.861107
2008-06-11,4.931704
2008-06-12,4.675538
2008-06-13,4.548464
2008-06-16,4.377015
2008-06-17,4.072438
2008-06-18,4.360877
2008-06-19,4.241869
2008-06-20,4.427439
2008-06-23,4.647298
2008-06-24,4.748150
2008-06-25,4.919600
2008-06-26,4.875224
2008-06-27,4.554513
2008-06-30,4.814715
2008-07-01,4.859090
2008-07-02,4.812697
2008-07-03,5.062812
2008-07-04,4.982548
2008-07-07,5.159541
2008-07-08,5.176005
2008-07-09,5.134844
2008-07-10,4.964026
2008-07-11,4.935213
2008-07-14,5.040173
2008-07-15,4.879647
2008-07-16,4.706770
2008-07-17,4.959909
2008-07-18,4.988723
2008-07-21,5.114264
2008-07-22,5.064871
2008-07-23,5.013419
2008-07-24,5.062812
2008-07-25,5.029884
2008-07-28,5.147194
2008-07-29,5.128671
2008-07-30,5.091626
2008-07-31,4.937271
2008-08-01,4.968143
2008-08-04,4.873472
2008-08-05,4.801441
2008-08-06,4.665608
2008-08-07,4.507139
2008-08-08,4.288986
2008-08-11,4.013206
2008-08-12,4.017322
2008-08-13,4.081121
2008-08-14,4.155210
2008-08-15,4.124340
2008-08-18,4.000856
2008-08-19,4.021437
2008-08-20,4.270462
2008-08-21,4.270462
2008-08-22,4.023495
2008-08-25,4.004973
2008-08-26,3.967927
2008-08-27,3.848561
2008-08-28,3.768296
2008-08-29,3.743600
2008-09-01,3.521330
2008-09-02,3.422544
2008-09-03,3.319641
2008-09-04,3.358744
2008-09-05,3.292886
2008-09-08,3.181751
2008-09-09,3.208506
2008-09-10,3.253783
2008-09-11,3.189984
2008-09-12,3.220854
2008-09-16,3.218797
2008-09-17,3.317583
2008-09-18,3.424601
2008-09-19,3.766238
2008-09-22,3.725078
2008-09-23,3.447240
2008-09-24,3.399905
2008-09-25,3.494576
2008-09-26,3.439009
2008-10-06,3.288770
2008-10-07,3.404021
2008-10-08,3.424601
2008-10-09,3.486343
2008-10-10,3.428717
2008-10-13,3.449298
2008-10-14,3.354627
2008-10-15,3.395788
2008-10-16,3.350512
2008-10-17,3.204390
2008-10-20,3.229087
2008-10-21,3.212622
2008-10-22,3.257899
2008-10-23,3.379325
2008-10-24,3.478111
2008-10-27,3.284655
2008-10-28,3.319641
2008-10-29,3.282596
2008-10-30,3.436949
2008-10-31,3.389615
2008-11-03,3.422544
2008-11-04,3.292886
2008-11-05,3.340221
2008-11-06,3.249667
2008-11-07,3.224970
2008-11-10,3.432834
2008-11-11,3.383441
2008-11-12,3.313466
2008-11-13,3.393730
2008-11-14,3.681859
2008-11-17,3.729193
2008-11-18,3.729193
2008-11-19,3.906187
2008-11-20,3.692147
2008-11-21,3.591304
2008-11-24,3.539853
2008-11-25,3.494576
2008-11-26,3.480169
2008-11-27,3.500750
2008-11-28,3.453414
2008-12-01,3.595420
2008-12-02,3.698324
2008-12-03,3.784760
2008-12-04,3.827981
2008-12-05,3.900012
2008-12-08,3.945289
2008-12-09,3.902070
2008-12-10,4.095528
2008-12-11,4.033786
2008-12-12,3.889722
2008-12-15,3.910302
2008-12-16,3.949405
2008-12-17,4.044075
2008-12-18,4.035843
2008-12-19,4.091412
2008-12-22,4.188139
2008-12-23,3.998798
2008-12-24,3.998798
2008-12-25,4.023495
2008-12-26,4.023495
2008-12-29,3.904129
2008-12-30,3.889722
2008-12-31,3.883547
2009-01-05,3.881491
2009-01-06,3.951462
2009-01-07,3.924709
2009-01-08,3.764180
2009-01-09,4.033786
2009-01-12,4.033786
2009-01-13,4.060540
2009-01-14,4.134631
2009-01-15,4.060540
2009-01-16,4.054366
2009-01-19,4.111991
2009-01-20,4.004973
2009-01-21,3.897955
2009-01-22,4.068773
2009-01-23,4.344553
2009-02-02,4.484499
2009-02-03,4.780860
2009-02-04,4.731465
2009-02-05,4.636795
2009-02-06,4.784976
2009-02-09,5.122497
2009-02-10,5.103974
2009-02-11,5.132786
2009-02-12,5.289199
2009-02-13,5.334477
2009-02-16,5.245979
2009-02-17,5.103974
2009-02-18,4.879647
2009-02-19,4.929040
2009-02-20,5.114264
2009-02-23,5.371521
2009-02-24,5.196586
2009-02-25,5.046347
2009-02-26,4.838486
2009-02-27,4.595634
2009-03-02,4.671782
2009-03-03,4.754104
2009-03-04,5.023709
2009-03-05,4.937271
2009-03-06,4.836427
2009-03-09,4.737640
2009-03-10,4.972258
2009-03-11,5.011361
2009-03-12,5.019592
2009-03-13,4.957852
2009-03-16,5.001071
2009-03-17,5.157484
2009-03-18,5.198644
2009-03-19,5.229515
2009-03-20,5.138961
2009-03-23,5.101915
2009-03-24,5.120438
2009-03-25,5.149251
2009-03-26,5.101915
2009-03-27,4.996955
2009-03-30,4.939330
2009-03-31,4.953737
2009-04-01,5.046347
2009-04-02,4.992840
2009-04-03,4.926980
2009-04-07,4.966084
2009-04-08,4.817904
2009-04-09,4.926980
2009-04-10,4.953737
2009-04-13,5.027826
2009-04-14,4.990780
2009-04-15,5.009304
2009-04-16,5.159541
2009-04-17,4.961968
2009-04-20,5.042233
2009-04-21,5.005187
2009-04-22,5.031941
2009-04-23,4.863181
2009-04-24,4.863181
2009-04-27,4.673841
2009-04-28,4.799382
2009-04-29,4.712943
2009-04-30,4.733523
2009-05-04,4.830252
2009-05-05,4.966084
2009-05-06,4.931097
2009-05-07,4.850833
2009-05-08,4.937271
2009-05-11,4.817904
2009-05-12,4.770568
2009-05-13,4.741755
2009-05-14,4.756163
2009-05-15,4.813788
2009-05-18,4.797323
2009-05-19,4.811730
2009-05-20,4.737640
2009-05-21,4.789091
2009-05-22,4.758220
2009-05-25,4.737640
2009-05-26,4.815846
2009-05-27,4.863181
2009-06-01,5.007246
2009-06-02,4.968143
2009-06-03,5.151309
2009-06-04,5.171890
2009-06-05,5.239806
2009-06-08,5.338592
2009-06-09,5.350941
2009-06-10,5.369463
2009-06-11,5.331620
2009-06-12,5.464068
2009-06-15,5.432534
2009-06-16,5.436738
2009-06-17,5.480888
2009-06-18,5.321108
2009-06-19,5.234910
2009-06-22,5.159225
2009-06-23,5.205478
2009-06-24,5.243320
2009-06-25,5.152918
2009-06-26,5.211783
2009-06-29,5.237012
2009-06-30,5.228604
2009-07-01,5.171839
2009-07-02,5.106666
2009-07-03,5.115077
2009-07-06,5.155020
2009-07-07,5.249627
2009-07-08,5.211783
2009-07-09,5.329516
2009-07-10,5.411510
2009-07-13,5.358951
2009-07-14,5.455659
2009-07-15,5.474582
2009-07-16,5.426228
2009-07-17,5.464068
2009-07-20,5.623851
2009-07-21,5.453558
2009-07-22,5.480888
2009-07-23,5.501913
2009-07-24,5.485094
2009-07-27,5.609133
2009-07-28,5.710046
2009-07-29,5.613338
2009-07-30,6.174672
2009-07-31,6.147341
2009-08-03,6.212513
2009-08-04,6.288199
2009-08-05,6.262972
2009-08-06,6.040121
2009-08-07,6.292405
2009-08-10,6.908400
2009-08-11,6.622477
2009-08-12,6.361783
2009-08-13,6.365988
2009-08-14,6.162058
2009-08-17,6.092679
2009-08-18,5.943410
2009-08-19,6.136829
2009-08-20,6.229333
2009-08-21,6.305018
2009-08-24,6.565713
2009-08-25,6.336555
2009-08-26,6.351271
2009-08-27,6.490027
2009-08-28,6.162058
2009-08-31,5.886647
2009-09-01,5.848804
2009-09-02,6.012789
2009-09-03,6.157852
2009-09-04,6.265073
2009-09-07,6.405934
2009-09-08,6.418547
2009-09-09,6.418547
2009-09-10,6.296609
2009-09-11,6.391216
2009-09-14,6.605659
2009-09-15,6.656115
2009-09-16,6.803280
2009-09-17,6.860044
2009-09-18,6.790668
2009-09-21,7.166993
2009-09-22,7.194323
2009-09-23,6.914708
2009-09-24,6.771747
2009-09-25,6.796975
2009-09-28,6.660320
2009-09-29,6.508949
2009-09-30,6.946243
2009-10-09,7.066079
2009-10-12,6.963062
2009-10-13,6.979881
2009-10-14,6.996700
2009-10-15,7.066079
2009-10-16,7.053464
2009-10-19,7.759861
2009-10-20,7.633720
2009-10-21,7.621108
2009-10-22,7.476042
2009-10-23,7.774579
2009-10-26,7.892311
2009-10-27,7.997429
2009-10-28,8.153007
2009-10-29,8.180338
2009-10-30,8.136185
2009-11-02,8.335912
2009-11-03,8.270739
2009-11-04,8.113059
2009-11-05,8.110958
2009-11-06,7.974305
2009-11-09,8.071014
2009-11-10,8.167724
2009-11-11,8.472567
2009-11-12,8.356936
2009-11-13,8.613426
2009-11-16,8.644959
2009-11-17,8.663881
2009-11-18,8.628144
2009-11-19,8.644959
2009-11-20,8.609222
2009-11-23,8.609222
2009-11-24,8.176131
2009-11-25,8.430518
2009-11-26,8.068910
2009-11-27,8.115165
2009-11-30,8.453646
2009-12-01,8.512512
2009-12-02,8.546151
2009-12-03,8.605016
2009-12-04,8.434723
2009-12-07,8.472567
2009-12-08,8.377961
2009-12-09,8.174029
2009-12-10,8.188746
2009-12-11,8.171926
2009-12-14,8.251820
2009-12-15,8.438930
2009-12-16,8.340117
2009-12-17,8.022658
2009-12-18,7.661052
2009-12-21,7.728325
2009-12-22,7.627411
2009-12-23,7.717814
2009-12-24,7.967999
2009-12-25,8.216077
2009-12-28,8.302272
2009-12-29,8.342218
2009-12-30,8.323298
2009-12-31,8.264433
2010-01-04,8.516715
2010-01-05,8.464156
2010-01-06,8.459953
2010-01-07,8.195054
2010-01-08,8.230793
2010-01-11,8.230793
2010-01-12,8.396881
2010-01-13,8.268634
2010-01-14,8.449441
2010-01-15,8.422109
2010-01-18,8.758491
2010-01-19,8.632346
2010-01-20,8.377961
2010-01-21,8.430518
2010-01-22,8.207669
2010-01-25,8.121471
2010-01-26,8.031068
2010-01-27,7.898620
2010-01-28,8.031068
2010-01-29,8.110958
2010-02-01,8.031068
2010-02-02,7.940667
2010-02-03,7.799807
2010-02-04,7.759861
2010-02-05,7.768273
2010-02-08,7.734636
2010-02-09,7.612697
2010-02-10,7.768273
2010-02-11,7.726224
2010-02-12,7.774579
2010-02-22,7.877593
2010-02-23,7.877593
2010-02-24,8.031068
2010-02-25,8.157209
2010-02-26,8.251820
2010-03-01,8.256021
2010-03-02,8.131981
2010-03-03,8.249713
2010-03-04,8.043682
2010-03-05,7.917542
2010-03-08,7.913334
2010-03-09,7.934360
2010-03-10,7.747246
2010-03-11,7.787193
2010-03-12,7.652639
2010-03-15,7.442404
2010-03-16,7.402458
2010-03-17,7.587468
2010-03-18,7.522296
2010-03-19,7.511780
2010-03-22,7.692586
2010-03-23,7.623207
2010-03-24,7.736734
2010-03-25,7.736734
2010-03-26,8.005840
2010-03-29,7.825037
2010-03-30,7.782989
2010-03-31,7.690484
2010-04-01,7.780886
2010-04-02,7.755654
2010-04-06,7.770373
2010-04-07,7.841855
2010-04-08,8.131981
2010-04-09,8.224489
2010-04-12,8.312788
2010-04-13,8.426313
2010-04-14,8.485182
2010-04-15,8.218179
2010-04-16,8.161414
2010-04-19,7.980611
2010-04-20,8.480976
2010-04-21,8.726953
2010-04-22,8.808946
2010-04-23,8.838380
2010-04-26,8.844687
2010-04-27,8.588199
2010-04-28,8.617629
2010-04-29,8.617629
2010-04-30,8.640757
2010-05-04,9.021286
2010-05-05,9.260955
2010-05-06,9.294594
2010-05-07,9.109584
2010-05-10,8.808946
2010-05-11,8.295966
2010-05-12,7.972200
2010-05-13,8.573479
2010-05-14,8.804742
2010-05-17,8.409493
2010-05-18,8.806845
2010-05-19,8.825766
2010-05-20,8.771103
2010-05-21,8.491486
2010-05-24,8.682803
2010-05-25,8.975035
2010-05-26,9.059129
2010-05-27,9.107484
2010-05-28,9.195785
2010-05-31,9.195785
2010-06-01,8.817355
2010-06-02,8.802637
2010-06-03,9.019184
2010-06-04,9.059129
2010-06-07,9.122201
2010-06-08,9.454374
2010-06-09,9.502729
2010-06-10,9.473297
2010-06-11,9.418633
2010-06-15,9.418633
2010-06-17,8.712236
2010-06-18,8.478871
2010-06-21,8.869915
2010-06-22,8.801835
2010-06-23,8.829491
2010-06-24,8.801835
2010-06-25,8.661412
2010-06-28,8.535886
2010-06-29,8.363551
2010-06-30,8.314613
2010-07-01,8.248661
2010-07-02,7.508260
2010-07-05,7.489111
2010-07-06,7.514642
2010-07-07,7.469962
2010-07-08,7.361456
2010-07-09,7.535917
2010-07-12,7.550811
2010-07-13,7.425283
2010-07-14,7.461451
2010-07-15,7.406134
2010-07-16,7.855057
2010-07-19,7.969946
2010-07-20,8.038029
2010-07-21,7.976328
2010-07-22,8.278445
2010-07-23,8.433758
2010-07-26,8.512481
2010-07-27,8.752897
2010-07-28,8.763535
2010-07-29,8.944382
2010-07-30,9.074163
2010-08-02,9.093314
2010-08-03,8.889066
2010-08-04,9.137992
2010-08-05,9.212456
2010-08-06,9.352877
2010-08-09,9.574149
2010-08-10,9.512447
2010-08-11,9.518832
2010-08-12,9.312455
2010-08-13,9.420960
2010-08-16,10.076258
2010-08-17,10.118810
2010-08-18,10.244336
2010-08-19,10.110299
2010-08-20,9.808181
2010-08-23,9.784779
2010-08-24,9.897540
2010-08-25,10.227317
2010-08-26,10.286889
2010-08-27,10.397523
2010-08-30,10.569860
2010-08-31,10.591135
2010-09-01,10.350718
2010-09-02,10.531564
2010-09-03,10.393270
2010-09-06,10.169872
2010-09-07,10.199656
2010-09-08,10.167744
2010-09-09,10.365610
2010-09-10,10.863466
2010-09-13,10.810277
2010-09-14,10.893253
2010-09-15,10.559221
2010-09-16,10.125193
2010-09-17,10.397523
2010-09-20,10.248594
2010-09-21,10.597518
2010-09-27,11.212388
2010-09-28,11.199624
2010-09-29,11.225156
2010-09-30,11.486850
2010-10-08,12.005980
2010-10-11,11.399617
2010-10-12,11.437916
2010-10-13,11.374085
2010-10-14,11.157072
2010-10-15,10.629429
2010-10-18,11.057076
2010-10-19,11.371960
2010-10-20,11.699610
2010-10-21,11.654929
2010-10-22,11.688972
2010-10-25,11.697482
2010-10-26,11.810245
2010-10-27,11.614506
2010-10-28,11.691099
2010-10-29,11.948538
2010-11-01,12.378307
2010-11-02,12.142146
2010-11-03,11.916621
2010-11-04,12.157041
2010-11-05,12.154913
2010-11-08,12.293204
2010-11-09,12.591069
2010-11-10,13.399550
2010-11-11,13.137857
2010-11-12,12.784677
2010-11-15,14.063360
2010-11-16,15.039924
2010-11-17,13.535716
2010-11-18,14.184633
2010-11-19,15.603731
2010-11-22,17.118578
2010-11-23,17.186657
2010-11-24,18.905752
2010-11-25,18.273857
2010-11-26,17.914293
2010-11-29,18.027054
2010-11-30,17.252615
2010-12-01,16.561148
2010-12-02,16.633484
2010-12-03,15.867555
2010-12-06,16.690929
2010-12-07,16.650503
2010-12-08,16.718592
2010-12-09,15.878194
2010-12-10,16.014355
2010-12-13,16.295200
2010-12-14,16.224987
2010-12-15,16.363283
2010-12-16,16.807945
2010-12-17,16.824968
2010-12-20,16.405832
2010-12-21,16.414343
2010-12-22,16.473913
2010-12-23,16.050526
2010-12-24,15.688837
2010-12-27,14.912267
2010-12-28,14.642064
2010-12-29,15.076093
2010-12-30,15.444163
2010-12-31,15.488844
2011-01-04,15.293110
2011-01-05,14.933543
2011-01-06,14.888864
2011-01-07,14.678233
2011-01-10,14.678233
2011-01-11,13.508059
2011-01-12,13.403808
2011-01-13,13.408065
2011-01-14,13.376147
2011-01-17,12.916587
2011-01-18,13.014459
2011-01-19,13.893151
2011-01-20,13.410189
2011-01-21,12.999564
2011-01-24,12.269802
2011-01-25,12.361288
2011-01-26,12.440008
2011-01-27,12.699575
2011-01-28,12.703832
2011-01-31,13.244236
2011-02-01,13.231472
2011-02-09,13.418699
2011-02-10,13.727200
2011-02-11,13.720818
2011-02-14,13.769749
2011-02-15,13.829324
2011-02-16,13.869751
2011-02-17,13.703795
2011-02-18,13.454867
2011-02-21,13.829324
2011-02-22,13.571884
2011-02-23,13.795283
2011-02-24,14.178249
2011-02-25,14.001659
2011-02-28,13.805920
2011-03-01,13.763370
2011-03-02,13.859111
2011-03-03,13.201685
2011-03-04,13.276151
2011-03-07,13.222960
2011-03-08,13.388914
2011-03-09,13.371891
2011-03-10,14.018678
2011-03-11,13.956979
2011-03-14,14.188887
2011-03-15,13.771878
2011-03-16,14.448452
2011-03-17,14.531431
2011-03-18,14.499513
2011-03-21,14.231439
2011-03-22,14.010171
2011-03-23,13.971872
2011-03-24,14.091017
2011-03-25,13.999532
2011-03-28,13.412317
2011-03-29,12.750637
2011-03-30,12.812336
2011-03-31,12.803826
2011-04-01,12.859143
2011-04-06,12.457028
2011-04-07,12.822976
2011-04-08,13.048500
2011-04-11,12.886801
2011-04-12,12.852760
2011-04-13,13.071903
2011-04-14,13.203813
2011-04-15,12.950631
2011-04-18,12.748508
2011-04-19,12.759148
2011-04-20,12.925097
2011-04-21,12.993182
2011-04-22,13.884640
2011-04-25,13.748475
2011-04-26,13.931448
2011-04-27,14.042083
2011-04-28,13.118710
2011-04-29,13.118710
2011-05-03,13.814430
2011-05-04,13.716563
2011-05-05,13.980383
2011-05-06,14.463345
2011-05-09,14.771845
2011-05-10,14.559087
2011-05-11,14.625040
2011-05-12,14.401646
2011-05-13,14.280370
2011-05-16,14.078255
2011-05-17,13.933576
2011-05-18,14.097400
2011-05-19,14.573981
2011-05-20,14.429304
2011-05-23,14.127186
2011-05-24,14.073997
2011-05-25,13.976129
2011-05-26,13.450614
2011-05-27,13.148495
2011-05-30,13.118710
2011-05-31,13.422955
2011-06-01,13.442103
2011-06-02,13.171898
2011-06-03,13.380402
2011-06-07,13.461249
2011-06-08,13.233600
2011-06-09,13.337852
2011-06-10,13.412317
2011-06-13,13.257004
2011-06-14,13.322958
2011-06-15,13.418699
2011-06-16,13.310191
2011-06-17,12.908080
2011-06-20,12.450648
2011-06-21,12.586812
2011-06-22,12.676170
2011-06-23,12.766594
2011-06-24,13.216545
2011-06-27,13.459819
2011-06-28,13.535171
2011-06-29,13.442595
2011-06-30,13.541630
2011-07-01,13.535171
2011-07-04,14.004498
2011-07-05,14.000196
2011-07-06,14.006653
2011-07-07,14.075544
2011-07-08,13.989429
2011-07-11,14.000196
2011-07-12,14.148744
2011-07-13,14.295138
2011-07-14,14.620224
2011-07-15,15.156293
2011-07-18,14.936695
2011-07-19,14.794609
2011-07-20,15.162755
2011-07-21,15.614857
2011-07-22,15.649300
2011-07-25,15.595480
2011-07-26,16.135855
2011-07-27,16.241346
2011-07-28,16.110018
2011-07-29,15.634230
2011-08-01,15.382344
2011-08-02,15.496446
2011-08-03,15.666523
2011-08-04,15.655761
2011-08-05,15.679439
2011-08-08,15.274698
2011-08-09,15.201503
2011-08-10,15.233799
2011-08-11,16.043278
2011-08-12,15.970080
2011-08-15,15.974388
2011-08-16,15.789237
2011-08-17,15.485685
2011-08-18,15.207961
2011-08-19,15.207961
2011-08-22,14.910865
2011-08-23,14.824749
2011-08-24,15.014203
2011-08-25,15.253172
2011-08-26,15.001284
2011-08-29,15.031423
2011-08-30,14.897947
2011-08-31,14.760159
2011-09-01,14.971143
2011-09-02,14.966837
2011-09-05,14.598694
2011-09-06,14.090616
2011-09-07,14.331738
2011-09-08,14.181037
2011-09-09,14.082003
2011-09-13,13.978665
2011-09-14,13.832271
2011-09-15,13.855951
2011-09-16,13.970053
2011-09-19,13.838727
2011-09-20,13.741849
2011-09-21,14.019569
2011-09-22,13.642816
2011-09-23,13.690179
2011-09-26,13.358635
2011-09-27,13.337107
2011-09-28,13.334952
2011-09-29,13.003409
2011-09-30,13.128278
2011-10-10,13.188555
2011-10-11,13.339258
2011-10-12,14.209023
2011-10-13,14.454453
2011-10-14,14.473826
2011-10-17,14.426464
2011-10-18,14.284375
2011-10-19,14.456603
2011-10-20,14.424312
2011-10-21,14.919475
2011-10-24,15.550271
2011-10-25,15.489985
2011-10-26,15.371580
2011-10-27,15.326369
2011-10-28,15.500754
2011-10-31,15.744031
2011-11-01,15.705274
2011-11-02,16.133698
2011-11-03,15.911954
2011-11-04,15.825841
2011-11-07,16.041126
2011-11-08,16.015289
2011-11-09,16.077724
2011-11-10,16.534134
2011-11-11,16.559973
2011-11-14,16.738663
2011-11-15,17.128332
2011-11-16,16.734352
2011-11-17,16.981934
2011-11-18,16.988396
2011-11-21,17.545992
2011-11-22,17.569670
2011-11-23,17.653637
2011-11-24,17.761280
2011-11-25,17.690231
2011-11-28,17.690231
2011-11-29,16.893667
2011-11-30,16.547054
2011-12-01,16.471708
2011-12-02,16.551363
2011-12-05,15.849519
2011-12-06,15.810768
2011-12-07,16.120783
2011-12-08,16.361908
2011-12-09,16.439407
2011-12-12,16.051897
2011-12-13,15.819382
2011-12-14,15.888273
2011-12-15,16.101404
2011-12-16,16.409271
2011-12-19,16.605183
2011-12-20,16.142311
2011-12-21,15.909804
2011-12-22,15.561035
2011-12-23,15.530893
2011-12-26,15.698822
2011-12-27,15.479223
2011-12-28,15.375884
2011-12-29,15.597633
2011-12-30,15.961466
2012-01-04,15.722496
2012-01-05,15.177821
2012-01-06,15.087399
2012-01-09,15.091707
2012-01-10,15.500754
2012-01-11,15.683748
2012-01-12,15.929174
2012-01-13,15.442621
2012-01-16,14.887182
2012-01-17,15.263939
2012-01-18,13.737544
2012-01-19,13.840881
2012-01-20,14.153049
2012-01-30,13.965749
2012-01-31,14.193954
2012-02-01,14.320973
2012-02-02,14.353269
2012-02-03,14.400631
2012-02-06,14.727871
2012-02-07,14.686962
2012-02-08,14.811832
2012-02-09,14.805372
2012-02-10,14.770928
2012-02-13,14.783842
2012-02-14,14.917323
2012-02-15,14.932393
2012-02-16,15.177821
2012-02-17,15.104622
2012-02-20,15.078789
2012-02-21,15.044341
2012-02-22,15.136915
2012-02-23,15.068025
2012-02-24,15.009895
2012-02-27,15.195045
2012-02-28,15.214421
2012-02-29,15.070179
2012-03-01,14.833356
2012-03-02,14.900098
2012-03-05,14.768771
2012-03-06,14.618070
2012-03-07,14.206870
2012-03-08,14.475980
2012-03-09,14.902251
2012-03-12,15.085246
2012-03-13,15.085246
2012-03-14,15.111082
2012-03-15,15.511516
2012-03-16,15.672985
2012-03-19,15.632076
2012-03-20,15.216576
2012-03-21,15.216576
2012-03-22,15.080943
2012-03-23,14.755856
2012-03-26,15.795694
2012-03-27,15.720344
2012-03-28,15.070179
2012-03-29,14.803218
2012-03-30,14.869958
2012-04-05,15.104622
2012-04-06,15.139069
2012-04-09,15.048649
2012-04-10,14.876416
2012-04-11,14.874265
2012-04-12,15.261783
2012-04-13,15.423247
2012-04-16,14.958229
2012-04-17,14.831204
2012-04-18,14.882877
2012-04-19,14.648212
2012-04-20,14.652515
2012-04-23,14.555638
2012-04-24,14.426464
2012-04-25,14.773079
2012-04-26,14.654672
2012-04-27,14.885029
2012-05-02,15.328525
2012-05-03,15.401725
2012-05-04,15.347899
2012-05-07,15.873201
2012-05-08,15.873201
2012-05-09,15.509366
2012-05-10,16.060503
2012-05-11,16.118629
2012-05-14,16.385588
2012-05-15,16.038973
2012-05-16,16.088488
2012-05-17,16.224125
2012-05-18,16.043278
2012-05-21,16.792482
2012-05-22,16.820471
2012-05-23,17.670860
2012-05-24,17.257504
2012-05-25,17.037909
2012-05-28,18.036850
2012-05-29,17.927048
2012-05-30,17.838783
2012-05-31,17.769306
2012-06-01,18.474951
2012-06-04,18.431530
2012-06-05,18.930912
2012-06-06,18.474951
2012-06-07,18.214405
2012-06-08,17.903923
2012-06-11,18.889652
2012-06-12,19.968756
2012-06-13,19.823284
2012-06-14,19.766838
2012-06-15,19.328243
2012-06-18,19.512800
2012-06-19,20.300953
2012-06-20,19.093752
2012-06-21,19.002560
2012-06-25,19.276133
2012-06-26,19.080723
2012-06-27,18.872288
2012-06-28,19.082897
2012-06-29,19.082897
2012-07-02,20.787310
2012-07-03,20.478991
2012-07-04,20.626629
2012-07-05,21.126017
2012-07-06,21.710073
2012-07-09,22.854317
2012-07-10,22.042274
2012-07-11,24.246069
2012-07-12,24.539181
2012-07-13,24.995136
2012-07-16,24.953888
2012-07-17,23.622927
2012-07-18,22.776150
2012-07-19,22.815233
2012-07-20,22.498234
2012-07-23,22.328876
2012-07-24,22.700155
2012-07-25,22.348417
2012-07-26,21.742643
2012-07-27,21.223724
2012-07-30,21.219379
2012-07-31,21.360510
2012-08-01,21.338799
2012-08-02,22.624163
2012-08-03,22.852144
2012-08-06,22.858654
2012-08-07,22.760954
2012-08-08,22.096554
2012-08-09,23.151770
2012-08-10,22.756607
2012-08-13,22.832603
2012-08-14,22.598108
2012-08-15,22.083523
2012-08-16,21.744816
2012-08-17,21.699223
2012-08-20,21.760015
2012-08-21,22.059645
2012-08-22,21.516840
2012-08-23,21.256290
2012-08-24,21.271490
2012-08-27,20.980545
2012-08-28,21.377880
2012-08-29,21.152073
2012-08-30,20.507217
2012-08-31,20.340036
2012-09-03,20.676575
2012-09-04,20.574528
2012-09-05,21.108650
2012-09-06,21.132532
2012-09-07,21.994509
2012-09-10,21.833839
2012-09-11,21.903315
2012-09-12,21.879433
2012-09-13,21.777388
2012-09-14,21.755674
2012-09-17,20.756912
2012-09-18,20.926268
2012-09-19,21.927200
2012-09-20,21.306234
2012-09-21,21.456043
2012-09-24,21.720934
2012-09-25,21.529863
2012-09-26,21.416962
2012-09-27,21.779554
2012-09-28,22.244198
2012-10-08,22.237684
2012-10-09,23.051893
2012-10-10,22.945507
2012-10-11,22.665421
2012-10-12,22.821745
2012-10-15,22.884706
2012-10-16,23.444883
2012-10-17,23.292896
2012-10-18,23.859591
2012-10-19,23.631613
2012-10-22,23.657665
2012-10-23,22.452637
2012-10-24,21.573294
2012-10-25,21.725277
2012-10-26,21.725277
2012-10-29,21.725277
2012-10-30,21.388737
2012-10-31,21.427818
2012-11-01,21.807787
2012-11-02,22.098728
2012-11-05,21.866405
2012-11-06,22.354929
2012-11-07,22.394016
2012-11-08,22.580740
2012-11-09,22.394016
2012-11-12,21.731791
2012-11-13,21.588488
2012-11-14,21.955423
2012-11-15,21.951084
2012-11-16,21.853378
2012-11-19,21.156416
2012-11-20,21.010942
2012-11-21,21.004433
2012-11-22,20.589725
2012-11-23,20.733025
2012-11-26,20.819874
2012-11-27,19.831966
2012-11-28,19.810255
2012-11-29,19.844995
2012-11-30,20.348719
2012-12-03,20.027380
2012-12-04,20.146793
2012-12-05,20.934954
2012-12-06,20.887182
2012-12-07,21.278006
2012-12-10,21.167271
2012-12-11,20.841589
2012-12-12,20.670061
2012-12-13,20.472479
2012-12-14,20.961004
2012-12-17,20.387800
2012-12-18,20.196739
2012-12-19,20.476822
2012-12-20,20.327007
2012-12-21,21.260633
2012-12-24,22.035761
2012-12-25,22.107418
2012-12-26,22.344074
2012-12-27,22.611137
2012-12-28,22.932474
2012-12-31,23.648985
2013-01-04,22.274593
2013-01-07,21.938055
2013-01-08,22.376642
2013-01-09,22.443949
2013-01-10,22.402699
2013-01-11,22.291967
2013-01-14,23.077951
2013-01-15,23.436201
2013-01-16,23.510023
2013-01-17,23.423174
2013-01-18,24.649916
2013-01-21,24.391541
2013-01-22,23.740173
2013-01-23,24.313375
2013-01-24,23.516541
2013-01-25,24.793217
2013-01-28,24.851841
2013-01-29,24.456680
2013-01-30,23.555620
2013-01-31,23.136572
2013-02-01,23.186508
2013-02-04,23.071434
2013-02-05,23.329813
2013-02-06,23.232103
2013-02-07,24.076714
2013-02-08,25.563999
2013-02-18,25.455441
2013-02-19,25.822372
2013-02-20,26.921015
2013-02-21,26.410782
2013-02-22,25.692101
2013-02-25,25.980879
2013-02-26,26.590992
2013-02-27,26.004761
2013-02-28,26.332617
2013-03-01,26.858053
2013-03-04,26.680010
2013-03-05,27.170708
2013-03-06,27.628834
2013-03-07,26.647444
2013-03-08,26.080750
2013-03-11,26.126348
2013-03-12,25.516237
2013-03-13,25.338192
2013-03-14,26.888449
2013-03-15,26.842855
2013-03-18,27.157679
2013-03-19,26.163258
2013-03-20,26.686527
2013-03-21,26.940556
2013-03-22,27.498562
2013-03-25,27.122942
2013-03-26,27.175049
2013-03-27,27.961031
2013-03-28,27.505075
2013-03-29,27.437773
2013-04-01,27.374805
2013-04-02,25.907053
2013-04-03,25.600914
2013-04-08,25.911398
2013-04-09,25.926596
2013-04-10,25.418530
2013-04-11,25.396816
2013-04-12,25.190548
2013-04-15,24.992964
2013-04-16,24.361143
2013-04-17,25.531433
2013-04-18,25.388134
2013-04-19,25.655195
2013-04-22,25.377275
2013-04-23,25.587885
2013-04-24,26.076412
2013-04-25,26.621393
2013-04-26,26.471577
2013-05-02,25.894030
2013-05-03,25.961336
2013-05-06,26.030817
2013-05-07,25.828892
2013-05-08,26.475912
2013-05-09,26.486769
2013-05-10,27.094717
2013-05-13,26.660473
2013-05-14,26.363014
2013-05-15,26.399920
2013-05-16,26.599676
2013-05-17,26.653954
2013-05-20,26.161089
2013-05-21,26.304390
2013-05-22,26.187143
2013-05-23,25.579201
2013-05-24,25.846260
2013-05-27,25.635656
2013-05-28,26.009100
2013-05-29,26.276165
2013-05-30,26.089439
2013-05-31,26.006931
2013-06-03,25.617857
2013-06-04,25.652830
2013-06-05,26.605844
2013-06-06,26.317320
2013-06-07,26.000376
2013-06-13,25.816769
2013-06-14,27.082357
2013-06-17,29.790594
2013-06-18,30.573116
2013-06-19,31.051815
2013-06-20,29.906450
2013-06-21,29.906450
2013-06-24,29.906450
2013-06-25,29.906450
2013-06-26,29.906450
2013-06-27,29.906450
2013-06-28,29.906450
2013-07-01,30.380281
2013-07-02,31.539648
2013-07-03,31.353662
2013-07-04,30.829536
2013-07-05,30.899586
2013-07-08,30.614573
2013-07-09,30.561432
2013-07-10,30.240189
2013-07-11,30.336803
2013-07-12,31.155613
2013-07-15,31.017929
2013-07-16,31.943022
2013-07-17,31.805340
2013-07-18,31.360914
2013-07-19,30.800554
2013-07-22,31.261883
2013-07-23,31.583130
2013-07-24,32.090343
2013-07-25,31.674908
2013-07-26,31.372982
2013-07-29,31.377823
2013-07-30,31.121788
2013-07-31,30.203955
2013-08-01,30.744999
2013-08-02,30.508295
2013-08-05,31.426134
2013-08-06,31.414047
2013-08-07,30.889919
2013-08-08,30.600077
2013-08-09,31.264309
2013-08-12,31.798092
2013-08-13,31.793261
2013-08-14,31.409224
2013-08-15,30.795725
2013-08-16,30.682196
2013-08-19,30.841616
2013-08-20,30.307825
2013-08-21,30.464819
2013-08-22,30.505880
2013-08-23,30.319901
2013-08-26,30.428583
2013-08-27,30.402025
2013-08-28,29.708813
2013-08-29,29.167772
2013-08-30,28.774069
2013-09-02,29.068745
2013-09-03,29.786104
2013-09-04,29.049419
2013-09-05,28.701614
2013-09-06,28.928656
2013-09-09,28.812719
2013-09-10,28.319984
2013-09-11,28.435926
2013-09-12,28.464907
2013-09-13,28.800644
2013-09-16,29.276463
2013-09-17,29.136374
2013-09-18,29.735384
2013-09-23,29.679832
2013-09-24,29.735384
2013-09-25,29.276463
2013-09-26,29.271637
2013-09-27,30.044546
2013-09-30,29.672581
2013-10-08,29.341675
2013-10-09,29.293373
2013-10-10,28.658136
2013-10-11,28.761997
2013-10-14,28.469740
2013-10-15,29.177433
2013-10-16,28.522875
2013-10-17,28.503553
2013-10-18,28.346561
2013-10-21,28.612240
2013-10-22,28.481813
2013-10-23,28.317572
2013-10-24,28.288588
2013-10-25,27.126802
2013-10-28,25.911880
2013-10-29,25.832174
2013-10-30,25.366016
2013-10-31,25.368429
2013-11-01,25.653440
2013-11-04,24.436102
2013-11-05,24.395039
2013-11-06,23.936129
2013-11-07,23.494116
2013-11-08,23.247753
2013-11-11,23.653526
2013-11-12,24.143845
2013-11-13,23.928881
2013-11-14,24.274273
2013-11-15,24.230797
2013-11-18,23.827435
2013-11-19,23.769464
2013-11-20,23.774296
2013-11-21,24.020662
2013-11-22,23.904724
2013-11-25,24.119694
2013-11-26,24.153509
2013-11-27,24.300838
2013-11-28,24.573782
2013-11-29,25.404661
2013-12-02,24.795988
2013-12-03,25.151043
2013-12-04,25.136557
2013-12-05,24.808067
2013-12-06,24.791162
2013-12-09,24.366058
2013-12-10,23.953035
2013-12-11,24.006170
2013-12-12,23.921631
2013-12-13,23.933712
2013-12-16,23.699421
2013-12-17,23.742899
2013-12-18,24.368467
2013-12-19,24.194571
2013-12-20,23.419239
2013-12-23,22.933758
2013-12-24,22.704294
2013-12-25,22.989305
2013-12-26,22.718786
2013-12-27,23.197029
2013-12-30,23.061768
2013-12-31,22.779173
2014-01-02,24.066555
2014-01-03,23.998924
2014-01-06,23.549669
2014-01-07,23.774296
2014-01-08,23.593143
2014-01-09,23.815357
2014-01-10,23.573824
2014-01-13,22.791248
2014-01-14,22.767096
2014-01-15,22.498993
2014-01-16,22.549711
2014-01-17,21.694679
2014-01-20,20.455606
2014-01-21,20.513573
2014-01-22,20.929016
2014-01-23,21.356527
2014-01-24,21.919308
2014-01-27,21.366190
2014-01-28,21.233347
2014-01-29,20.747860
2014-01-30,20.943502
2014-02-07,20.593281
2014-02-10,21.965199
2014-02-11,22.448269
2014-02-12,22.329918
2014-02-13,21.941048
2014-02-14,22.146349
2014-02-17,22.240551
2014-02-18,21.786467
2014-02-19,22.170504
2014-02-20,22.921677
2014-02-21,23.308136
2014-02-24,22.409626
2014-02-25,21.617388
2014-02-26,21.054613
2014-02-27,20.576370
2014-02-28,20.878294
2014-03-03,21.194698
2014-03-04,20.924183
2014-03-05,20.738195
2014-03-06,20.325174
2014-03-07,21.738157
2014-03-10,20.832397
2014-03-11,21.317886
2014-03-12,20.851725
2014-03-13,21.523190
2014-03-14,21.146393
2014-03-17,21.134315
2014-03-18,20.784096
2014-03-19,20.298607
2014-03-20,19.574005
2014-03-21,19.523281
2014-03-24,19.494299
2014-03-25,19.235855
2014-03-26,19.344545
2014-03-27,18.834906
2014-03-28,18.450863
2014-03-31,18.112715
2014-04-01,18.470186
2014-04-02,18.397728
2014-04-03,18.704475
2014-04-04,18.578875
2014-04-08,18.967751
2014-04-09,18.895288
2014-04-10,18.750364
2014-04-11,20.624680
2014-04-14,20.380726
2014-04-15,19.955627
2014-04-16,20.112627
2014-04-17,19.801046
2014-04-18,19.813124
2014-04-21,20.003935
2014-04-22,20.458017
2014-04-23,19.648876
2014-04-24,19.470144
2014-04-25,18.583704
2014-04-28,18.276957
2014-04-29,18.315603
2014-04-30,18.716551
2014-05-05,18.653751
2014-05-06,18.685154
2014-05-07,18.711721
2014-05-08,18.670662
2014-05-09,18.378405
2014-05-12,18.965330
2014-05-13,18.856640
2014-05-14,18.786600
2014-05-15,18.523321
2014-05-16,18.595783
2014-05-19,18.141699
2014-05-20,18.216578
2014-05-21,18.322847
2014-05-22,18.349419
2014-05-23,18.475019
2014-05-26,18.781765
2014-05-27,18.639269
2014-05-28,18.767275
2014-05-29,18.716551
2014-05-30,18.632011
2014-06-03,18.547476
2014-06-04,18.037836
2014-06-05,18.124792
2014-06-06,17.926729
2014-06-09,17.931562
2014-06-10,18.083736
2014-06-11,18.100637
2014-06-12,18.013687
2014-06-13,18.194836
2014-06-16,18.470186
2014-06-17,18.578875
2014-06-18,18.214157
2014-06-19,17.909824
2014-06-20,18.129623
2014-06-23,18.192421
2014-06-24,18.395309
2014-06-25,18.305944
2014-06-26,18.445646
2014-06-27,18.590250
2014-06-30,19.002003
2014-07-01,19.073082
2014-07-02,19.021612
2014-07-03,19.531403
2014-07-04,19.548561
2014-07-07,19.180922
2014-07-08,19.004457
2014-07-09,18.874554
2014-07-10,18.835344
2014-07-11,18.867205
2014-07-14,18.994652
2014-07-15,19.673557
2014-07-16,19.531403
2014-07-17,19.381903
2014-07-18,19.847570
2014-07-21,21.107347
2014-07-22,21.102446
2014-07-23,21.141659
2014-07-24,21.597534
2014-07-25,21.617138
2014-07-28,21.555864
2014-07-29,21.224995
2014-07-30,21.678410
2014-07-31,21.553415
2014-08-01,21.386753
2014-08-04,21.396557
2014-08-05,21.376947
2014-08-06,21.097542
2014-08-07,21.036268
2014-08-08,20.318153
2014-08-11,20.575499
2014-08-12,20.521576
2014-08-13,20.501966
2014-08-14,20.320604
2014-08-15,20.649027
2014-08-18,20.754416
2014-08-19,20.994608
2014-08-20,20.859800
2014-08-21,20.649027
2014-08-22,20.585304
2014-08-25,20.323048
2014-08-26,20.092669
2014-08-27,20.139236
2014-08-28,19.869627
2014-08-29,20.048548
2014-09-01,20.212757
2014-09-02,20.347561
2014-09-03,20.472561
2014-09-04,20.908825
2014-09-05,20.918629
2014-09-09,20.722549
2014-09-10,20.631866
2014-09-11,20.568146
2014-09-12,20.600008
2014-09-15,20.761766
2014-09-16,20.261778
2014-09-17,20.325504
2014-09-18,20.274033
2014-09-19,20.376970
2014-09-22,19.972572
2014-09-23,20.151487
2014-09-24,20.369619
2014-09-25,20.320604
2014-09-26,20.274033
2014-09-29,20.340208
2014-09-30,20.293644
2014-10-08,21.747040
2014-10-09,21.251951
2014-10-10,21.278913
2014-10-13,21.805861
2014-10-14,21.800961
2014-10-15,22.970053
2014-10-16,22.722507
2014-10-17,23.077890
2014-10-20,23.364647
2014-10-21,22.433300
2014-10-22,21.815664
2014-10-23,21.911247
2014-10-24,21.462730
2014-10-27,21.631845
2014-10-28,21.921059
2014-10-29,21.884289
2014-10-30,21.548515
2014-10-31,21.663704
2014-11-03,21.622044
2014-11-04,21.117151
2014-11-05,20.688238
2014-11-06,20.435797
2014-11-07,20.783825
2014-11-10,21.509302
2014-11-11,21.300972
2014-11-12,21.543612
2014-11-13,21.141659
2014-11-14,22.266634
2014-11-17,21.945564
2014-11-18,21.425972
2014-11-19,21.327934
2014-11-20,21.244600
2014-11-21,21.345087
2014-11-24,21.300972
2014-11-25,21.401463
2014-11-26,21.921059
2014-11-27,21.776445
2014-11-28,21.675962
2014-12-01,22.050955
2014-12-02,21.869587
2014-12-03,22.156345
2014-12-04,22.433300
2014-12-05,21.823017
2014-12-08,21.921059
2014-12-09,21.852430
2014-12-10,22.352415
2014-12-11,22.347517
2014-12-12,22.087717
2014-12-15,22.065662
2014-12-16,21.813215
2014-12-17,21.396557
2014-12-18,21.320576
2014-12-19,21.114700
2014-12-22,20.739706
2014-12-23,21.019114
2014-12-24,21.055883
2014-12-25,21.053427
2014-12-26,20.933331
2014-12-29,20.815693
2014-12-30,21.200481
2014-12-31,21.489693
2015-01-05,21.678410
2015-01-06,22.541138
2015-01-07,22.058304
2015-01-08,22.019093
2015-01-09,21.683315
2015-01-12,21.756845
2015-01-13,22.058304
2015-01-14,21.761744
2015-01-15,21.629391
2015-01-16,21.751938
2015-01-19,22.063210
2015-01-20,22.516628
2015-01-21,22.448004
2015-01-22,23.352394
2015-01-23,23.242104
2015-01-26,24.217567
2015-01-27,24.607267
2015-01-28,24.394033
2015-01-29,23.739639
2015-01-30,23.987183
2015-02-02,25.359699
2015-02-03,25.469994
2015-02-04,24.759222
2015-02-05,24.271492
2015-02-06,24.447956
2015-02-09,25.237152
2015-02-10,24.935692
2015-02-11,25.158724
2015-02-12,24.722460
2015-02-13,24.614618
2015-02-16,24.538637
2015-02-17,24.859709
2015-02-25,24.293549
2015-02-26,24.477364
2015-02-27,24.548441
2015-03-02,24.266586
2015-03-03,23.994537
2015-03-04,24.979805
2015-03-05,24.697948
2015-03-06,24.430799
2015-03-09,24.773930
2015-03-10,24.697948
2015-03-11,25.121960
2015-03-12,27.634153
2015-03-13,27.675823
2015-03-16,29.239510
2015-03-17,29.712536
2015-03-18,29.514013
2015-03-19,28.668442
2015-03-20,28.354727
2015-03-23,28.629230
2015-03-24,29.658615
2015-03-25,28.840012
2015-03-26,28.406193
2015-03-27,28.330215
2015-03-30,28.420898
2015-03-31,28.553249
2015-04-01,29.288530
2015-04-02,30.386541
2015-04-03,30.729670
2015-04-07,30.683102
2015-04-08,30.124294
2015-04-09,29.401272
2015-04-10,31.342403
2015-04-13,33.437943
2015-04-14,35.156040
2015-04-15,33.687939
2015-04-16,37.055500
2015-04-17,35.535931
2015-04-20,32.986969
2015-04-21,33.920769
2015-04-22,34.790852
2015-04-23,34.009003
2015-04-24,33.457550
2015-04-27,33.790871
2015-04-28,33.886456
2015-04-29,34.268799
2015-04-30,34.352131
2015-05-04,34.281059
2015-05-05,33.452644
2015-05-06,34.060474
2015-05-07,34.388897
2015-05-08,37.251575
2015-05-11,37.785877
2015-05-12,37.981953
2015-05-13,39.067707
2015-05-14,38.280968
2015-05-15,37.160892
2015-05-18,37.464802
2015-05-19,38.224594
2015-05-20,39.329960
2015-05-21,40.173069
2015-05-22,40.128956
2015-05-25,43.641132
2015-05-26,44.329842
2015-05-27,46.329803
2015-05-28,44.707287
2015-05-29,49.177765
2015-06-01,54.096775
2015-06-02,55.895748
2015-06-03,55.118805
2015-06-04,60.633381
2015-06-05,56.708466
2015-06-08,51.430103
2015-06-09,49.787544
2015-06-10,50.981022
2015-06-11,49.941345
2015-06-12,49.135437
2015-06-15,47.905060
2015-06-16,45.019810
2015-06-17,46.133301
2015-06-18,43.020420
2015-06-19,40.005981
2015-06-23,43.838631
2015-06-24,46.010262
2015-06-25,46.010262
2015-06-26,41.408619
2015-06-29,37.286831
2015-06-30,41.014893
2015-07-01,39.907551
2015-07-02,38.775600
2015-07-03,38.326504
2015-07-06,39.433861
2015-07-07,35.490467
2015-07-08,35.490467
2015-07-09,35.490467
2015-07-10,35.490467
2015-07-13,35.490467
2015-07-14,35.490467
2015-07-15,39.040131
2015-07-16,38.874031
2015-07-17,41.045658
2015-07-20,43.420300
2015-07-21,43.777111
2015-07-22,42.977360
2015-07-23,43.204987
2015-07-24,41.956146
2015-07-27,37.772839
2015-07-28,38.523369
2015-07-29,39.735294
2015-07-30,38.264988
2015-07-31,38.141945
2015-08-03,38.738686
2015-08-04,39.993679
2015-08-05,39.538429
2015-08-06,39.403091
2015-08-07,40.491989
2015-08-10,42.509815
2015-08-11,41.722370
2015-08-12,41.740822
2015-08-13,41.642391
2015-08-14,41.513203
2015-08-17,41.119480
2015-08-18,38.584885
2015-08-19,39.895245
2015-08-20,38.830963
2015-08-21,38.351112
2015-08-24,34.518463
2015-08-25,31.067232
2015-08-26,29.603079
2015-08-27,31.996168
2015-08-28,34.038620
2015-08-31,32.014626
2015-09-01,30.027555
2015-09-02,29.861456
2015-09-07,30.076771
2015-09-08,30.981100
2015-09-09,31.719337
2015-09-10,31.054926
2015-09-11,30.808851
2015-09-14,29.024790
2015-09-15,27.905140
2015-09-16,30.292088
2015-09-17,28.914055
2015-09-18,28.963270
2015-09-21,29.830696
2015-09-22,29.904516
2015-09-23,29.178589
2015-09-24,30.525871
2015-09-25,29.676897
2015-09-28,30.027555
2015-09-29,29.369297
2015-09-30,29.480036
2015-10-08,30.845762
2015-10-09,30.870377
2015-10-12,32.279160
2015-10-13,31.996168
2015-10-14,32.371445
2015-10-15,32.925117
2015-10-16,33.201950
2015-10-19,32.740562
2015-10-20,33.134277
2015-10-21,32.174576
2015-10-22,33.177345
2015-10-23,36.493229
2015-10-26,36.099506
2015-10-27,37.336048
2015-10-28,36.148716
2015-10-29,36.062592
2015-10-30,35.662720
2015-11-02,35.668869
2015-11-03,35.059830
2015-11-04,36.370190
2015-11-05,36.142570
2015-11-06,36.536301
2015-11-09,37.914326
2015-11-10,37.908176
2015-11-11,37.729767
2015-11-12,37.243771
2015-11-13,36.677792
2015-11-16,36.868496
2015-11-17,36.597813
2015-11-18,36.241005
2015-11-19,36.511692
2015-11-20,36.357887
2015-11-23,36.099506
2015-11-24,36.277912
2015-11-25,36.634727
2015-11-26,36.333279
2015-11-27,34.413879
2015-11-30,33.798687
2015-12-01,34.149345
2015-12-02,34.684563
2015-12-03,34.746086
2015-12-04,34.413879
2015-12-07,36.911568
2015-12-08,36.505531
2015-12-09,36.105667
2015-12-10,36.271763
2015-12-11,35.496613
2015-12-14,35.970318
2015-12-15,36.831589
2015-12-16,36.517841
2015-12-17,36.948475
2015-12-18,37.705162
2015-12-21,41.476299
2015-12-22,43.051178
2015-12-23,43.857086
2015-12-24,41.630089
2015-12-25,41.783890
2015-12-28,40.313572
2015-12-29,41.365559
2015-12-30,42.700527
2015-12-31,42.319103
2016-01-04,38.105030
2016-01-05,38.461845
2016-01-06,38.566425
2016-01-07,34.856812
2016-01-08,35.601200
2016-01-11,32.937424
2016-01-12,33.380352
2016-01-13,32.463718
2016-01-14,33.251167
2016-01-15,31.436352
2016-01-18,31.460953
2016-01-19,32.482178
2016-01-20,32.309925
2016-01-21,30.999557
2016-01-22,31.620901
2016-01-25,32.106903
2016-01-26,29.670742
2016-01-27,29.080160
2016-01-28,27.677519
2016-01-29,28.514183
2016-02-01,27.868231
2016-02-02,28.883297
2016-02-03,28.791021
2016-02-04,29.252415
2016-02-05,29.246258
2016-02-15,29.289324
2016-02-16,30.359760
2016-02-17,30.347450
2016-02-18,30.341305
2016-02-19,30.390520
2016-02-22,31.011866
2016-02-23,30.433582
2016-02-24,30.581230
2016-02-25,28.175823
2016-02-26,28.274256
2016-02-29,27.671370
2016-03-01,28.612614
2016-03-02,29.898371
2016-03-03,29.652285
2016-03-04,30.218267
2016-03-07,30.630445
2016-03-08,30.175200
2016-03-09,29.553858
2016-03-10,29.215502
2016-03-11,28.889448
2016-03-14,29.763021
2016-03-15,30.476645
2016-03-16,30.076771
2016-03-17,30.488947
2016-03-18,31.159512
2016-03-21,31.565540
2016-03-22,30.974955
2016-03-23,31.030325
2016-03-24,30.513557
2016-03-25,31.159512
2016-03-28,31.805466
2016-03-29,31.590151
2016-03-30,33.484936
2016-03-31,33.860203
2016-04-01,33.121975
2016-04-05,33.860203
2016-04-06,34.376972
2016-04-07,33.411114
2016-04-08,33.792538
2016-04-11,34.432335
2016-04-12,34.647652
2016-04-13,34.469242
2016-04-14,34.401577
2016-04-15,34.530762
2016-04-18,33.755627
2016-04-19,33.786388
2016-04-20,32.328373
2016-04-21,32.008469
2016-04-22,32.273010
2016-04-25,32.069992
2016-04-26,32.500633
2016-04-27,32.371445
2016-04-28,32.439102
2016-04-29,32.599060
2016-05-03,33.835598
2016-05-04,34.401577
2016-05-05,34.069378
2016-05-06,33.306534
2016-05-09,32.506783
2016-05-10,32.432961
2016-05-11,34.641506
2016-05-12,34.309296
2016-05-13,34.579979
2016-05-16,36.277912
2016-05-17,35.798058
2016-05-18,35.570442
2016-05-19,35.588902
2016-05-20,35.914955
2016-05-23,35.914955
2016-05-24,36.306042
2016-05-25,34.862736
2016-05-26,34.313347
2016-05-27,34.592705
2016-05-30,34.248161
2016-05-31,35.374874
2016-06-01,35.421429
2016-06-02,35.430744
2016-06-03,36.631947
2016-06-06,36.240852
2016-06-07,36.445713
2016-06-08,35.914955
2016-06-13,34.927914
2016-06-14,35.067593
2016-06-15,35.812527
2016-06-16,35.319008
2016-06-17,36.268791
2016-06-20,36.883366
2016-06-21,36.389847
2016-06-22,37.442051
2016-06-23,37.265137
2016-06-24,36.780933
2016-06-27,38.186989
2016-06-28,41.781277
2016-06-29,41.045662
2016-06-30,41.911636
2016-07-01,41.492619
2016-07-04,41.790585
2016-07-05,41.790585
2016-07-06,44.490959
2016-07-07,46.167049
2016-07-08,45.543175
2016-07-11,46.651257
2016-07-12,46.809559
2016-07-13,45.831833
2016-07-14,45.301067
2016-07-15,45.813213
2016-07-18,45.450058
2016-07-19,44.118496
2016-07-20,44.239544
2016-07-21,46.045998
2016-07-22,45.645607
2016-07-25,44.779617
2016-07-26,46.036694
2016-07-27,45.086899
2016-07-28,46.316040
2016-07-29,48.783623
2016-08-01,45.636288
2016-08-02,45.645607
2016-08-03,45.273129
2016-08-04,45.366253
2016-08-05,45.031033
2016-08-08,45.133465
2016-08-09,45.412819
2016-08-10,46.474331
2016-08-11,45.673531
2016-08-12,45.552486
2016-08-15,46.492962
2016-08-16,46.288105
2016-08-17,46.446400
2016-08-18,45.990131
2016-08-19,45.477989
2016-08-22,44.872738
2016-08-23,45.254513
2016-08-24,44.975166
2016-08-25,45.198643
2016-08-26,45.180019
2016-08-29,45.161400
2016-08-30,45.040344
2016-08-31,44.975166
2016-09-01,44.639946
2016-09-02,43.867077
2016-09-05,43.103531
2016-09-06,43.652916
2016-09-07,43.746029
2016-09-08,43.606358
2016-09-09,43.755348
2016-09-12,43.215267
2016-09-13,44.025375
2016-09-14,43.429436
2016-09-19,43.466682
2016-09-20,43.131466
2016-09-21,43.187332
2016-09-22,43.466682
2016-09-23,43.168701
2016-09-26,41.855766
2016-09-27,42.079243
2016-09-28,43.159393
2016-09-29,44.463024
2016-09-30,44.509583
2016-10-10,44.984474
2016-10-11,44.723751
2016-10-12,44.574764
2016-10-13,44.369911
2016-10-14,44.435089
2016-10-17,44.705128
2016-10-18,44.863426
2016-10-19,44.686504
2016-10-20,44.509583
2016-10-21,44.444405
2016-10-24,44.518894
2016-10-25,44.872738
2016-10-26,45.943573
2016-10-27,45.226578
2016-10-28,44.909985
2016-10-31,44.770313
2016-11-01,45.133465
2016-11-02,44.677189
2016-11-03,44.444405
2016-11-04,44.044010
2016-11-07,43.857765
2016-11-08,44.435089
2016-11-09,43.895012
2016-11-10,44.090561
2016-11-11,43.895012
2016-11-14,43.895012
2016-11-15,44.006752
2016-11-16,44.034683
2016-11-17,43.988129
2016-11-18,43.801899
2016-11-21,43.727406
2016-11-22,43.811211
2016-11-23,43.746029
2016-11-24,44.258167
2016-11-25,43.941570
2016-11-28,44.192986
2016-11-29,45.058971
2016-11-30,44.546837
2016-12-01,44.341972
2016-12-02,43.680847
2016-12-05,43.205952
2016-12-06,43.261822
2016-12-07,43.373569
2016-12-08,43.429436
2016-12-09,43.299065
2016-12-12,42.749687
2016-12-13,43.010410
2016-12-14,42.973167
2016-12-15,42.703121
2016-12-16,42.563450
2016-12-19,43.112831
2016-12-20,43.075592
2016-12-21,43.112831
2016-12-22,42.740376
2016-12-23,42.470341
2016-12-26,42.209621
2016-12-27,42.060623
2016-12-28,41.883705
2016-12-29,41.399502
2016-12-30,42.637951
2017-01-03,42.488960
2017-01-04,42.693817
2017-01-05,42.488960
2017-01-06,42.274788
2017-01-09,42.042004
2017-01-10,41.948879
2017-01-11,41.716095
2017-01-12,41.464680
2017-01-13,41.837147
2017-01-16,42.349293
2017-01-17,42.144424
2017-01-18,42.237541
2017-01-19,41.893013
2017-01-20,42.079243
2017-01-23,42.144424
2017-01-24,42.069939
2017-01-25,42.135120
2017-01-26,42.125809
2017-02-03,42.088558
2017-02-06,42.023384
2017-02-07,41.716095
2017-02-08,41.771969
2017-02-09,41.855766
2017-02-10,42.051315
2017-02-13,42.554142
2017-02-14,42.433090
2017-02-15,42.144424
2017-02-16,42.209621
2017-02-17,42.042004
2017-02-20,43.038357
2017-02-21,42.973167
2017-02-22,44.332664
2017-02-23,44.360596
2017-02-24,44.211605
2017-02-27,44.518894
2017-02-28,44.723751
2017-03-01,44.556141
2017-03-02,44.118496
2017-03-03,43.997448
2017-03-06,44.369911
2017-03-07,44.584072
2017-03-08,44.286106
2017-03-09,44.025375
2017-03-10,44.556141
2017-03-13,45.161400
2017-03-14,44.798241
2017-03-15,44.947227
2017-03-16,44.556141
2017-03-17,44.397842
2017-03-20,44.779617
2017-03-21,45.897015
2017-03-22,47.256516
2017-03-23,46.995796
2017-03-24,47.033028
2017-03-27,46.567451
2017-03-28,46.353283
2017-03-29,46.558136
2017-03-30,45.738720
2017-03-31,46.828178
2017-04-05,48.485645
2017-04-06,49.165394
2017-04-07,49.239891
2017-04-10,50.981167
2017-04-11,50.450405
2017-04-12,50.087254
2017-04-13,49.603043
2017-04-14,49.640289
2017-04-17,49.193336
2017-04-18,52.051998
2017-04-19,52.219608
2017-04-20,53.979515
2017-04-21,52.815552
2017-04-24,51.930946
2017-04-25,53.970192
2017-04-26,52.945911
2017-04-27,53.253201
2017-04-28,51.381569
2017-05-02,51.744720
2017-05-03,52.070629
2017-05-04,51.595734
2017-05-05,49.714787
2017-05-08,49.826519
2017-05-09,50.003445
2017-05-10,49.826519
2017-05-11,49.928947
2017-05-12,51.809895
2017-05-15,52.070629
2017-05-16,52.601383
2017-05-17,51.558483
2017-05-18,50.850803
2017-05-19,51.335003
2017-05-22,52.107872
2017-05-23,52.973854
2017-05-24,51.390881
2017-05-25,51.018410
2017-05-26,50.357285
2017-05-31,49.779964
2017-06-01,50.804245
2017-06-02,50.366589
2017-06-05,50.636639
2017-06-06,51.158081
2017-06-07,51.651600
2017-06-08,52.694508
2017-06-09,52.675888
2017-06-12,52.769436
2017-06-13,53.265327
2017-06-14,51.871239
2017-06-15,51.899311
2017-06-16,51.468922
2017-06-19,51.468922
2017-06-20,52.385834
2017-06-21,54.490997
2017-06-22,53.022064
2017-06-23,56.427753
2017-06-26,56.811363
2017-06-27,56.511967
2017-06-28,55.258217
2017-06-29,55.772812
2017-06-30,57.110756
2017-07-03,55.697956
2017-07-04,54.126106
2017-07-05,54.603275
2017-07-06,54.060608
2017-07-07,54.069965
2017-07-10,54.313229
2017-07-11,54.743618
2017-07-12,53.648933
2017-07-13,53.190479
2017-07-14,53.443092
2017-07-17,51.272442
2017-07-18,51.955448
2017-07-19,52.554245
2017-07-20,52.891075
2017-07-21,52.544891
2017-07-24,52.245495
2017-07-25,52.675884
2017-07-26,51.656044
2017-07-27,51.730896
2017-07-28,51.899311
2017-07-31,52.872364
2017-08-01,52.563606
2017-08-02,51.843174
2017-08-03,51.440853
2017-08-04,51.010456
2017-08-07,51.515701
2017-08-08,51.075958
2017-08-09,52.863007
2017-08-10,52.470043
2017-08-11,52.170647
2017-08-14,53.293392
2017-08-15,53.162403
2017-08-16,52.834934
2017-08-17,52.760082
2017-08-18,52.161285
2017-08-21,52.367126
2017-08-22,52.226772
2017-08-23,51.833817
2017-08-24,51.684109
2017-08-25,52.020947
2017-08-28,51.721535
2017-08-29,51.496994
2017-08-30,51.459564
2017-08-31,51.169521
2017-09-01,50.673637
2017-09-04,51.394070
2017-09-05,51.674755
2017-09-06,51.150810
2017-09-07,51.225651
2017-09-08,51.515701
2017-09-11,51.356640
2017-09-12,51.188232
2017-09-13,51.955448
2017-09-14,51.749607
2017-09-15,52.245495
2017-09-18,52.423260
2017-09-19,52.123859
2017-09-20,51.656044
2017-09-21,51.571838
2017-09-22,51.319218
2017-09-25,54.229019
2017-09-26,54.490997
2017-09-27,54.116753
2017-09-28,55.211433
2017-09-29,54.509712
2017-10-09,54.640701
2017-10-10,55.613750
2017-10-11,56.390324
2017-10-12,56.268696
2017-10-13,55.445339
2017-10-16,57.550499
2017-10-17,57.279171
2017-10-18,59.534031
2017-10-19,59.262703
2017-10-20,59.646309
2017-10-23,60.712929
2017-10-24,60.656799
2017-10-25,60.179623
2017-10-26,60.067341
2017-10-27,61.770191
2017-10-30,62.668385
2017-10-31,63.388809
2017-11-01,62.705818
2017-11-02,63.108135
2017-11-03,62.827446
2017-11-06,65.372375
2017-11-07,65.129105
2017-11-08,63.154919
2017-11-09,63.192345
2017-11-10,63.819210
2017-11-13,63.388809
2017-11-14,61.236881
2017-11-15,61.246243
2017-11-16,63.201702
2017-11-17,62.397076
2017-11-20,62.621609
2017-11-21,63.800495
2017-11-22,64.090546
2017-11-23,59.842793
2017-11-24,59.496613
2017-11-27,58.392570
2017-11-28,58.626476
2017-11-29,57.934105
2017-11-30,57.578571
2017-12-01,57.924759
2017-12-04,59.056866
2017-12-05,58.383209
2017-12-06,58.860382
2017-12-07,58.523556
2017-12-08,58.879097
2017-12-11,60.039268
2017-12-12,59.384338
2017-12-13,59.861511
2017-12-14,59.290771
2017-12-15,57.784409
2017-12-18,57.887333
2017-12-19,59.047512
2017-12-20,59.842793
2017-12-21,60.217045
2017-12-22,60.301250
2017-12-25,59.926998
2017-12-26,60.142193
2017-12-27,58.345791
2017-12-28,58.813602
2017-12-29,59.131721
2018-01-02,61.311733
2018-01-03,61.461433
2018-01-04,63.351402
2018-01-05,63.370125
2018-01-08,64.633224
2018-01-09,67.440094
2018-01-10,67.767563
2018-01-11,68.085686
2018-01-12,69.264587
2018-01-15,68.244743
2018-01-16,70.125343
2018-01-17,67.804977
2018-01-18,69.002594
2018-01-19,68.235390
2018-01-22,71.743988
2018-01-23,71.697212
2018-01-24,71.070343
2018-01-25,70.368622
2018-01-26,71.435226
2018-01-29,68.684502
2018-01-30,68.254097
2018-01-31,68.572212
2018-02-01,66.233147
2018-02-02,67.945335
2018-02-05,67.758217
2018-02-06,64.717415
2018-02-07,64.315102
2018-02-08,65.784035
2018-02-09,65.288155
2018-02-12,67.945335
2018-02-13,67.299744
2018-02-14,67.711441
2018-02-22,68.665764
2018-02-23,69.330055
2018-02-26,69.938225
2018-02-27,69.348785
2018-02-28,68.188591
2018-03-01,68.310219
2018-03-02,69.367470
2018-03-05,72.445709
2018-03-06,73.764946
2018-03-07,74.691223
2018-03-08,77.441963
2018-03-09,76.964798
2018-03-12,76.852524
2018-03-13,74.803490
2018-03-14,74.812851
2018-03-15,77.086433
2018-03-16,75.177742
2018-03-19,76.337921
2018-03-20,78.967049
2018-03-21,78.770554
2018-03-22,78.517937
2018-03-23,78.527298
2018-03-26,80.763451
2018-03-27,80.248848
2018-03-28,80.145927
2018-03-29,75.973022
2018-03-30,77.638443
2018-04-02,77.254845
2018-04-03,76.244362
2018-04-04,75.973022
2018-04-09,79.219658
2018-04-10,79.556480
2018-04-11,79.051247
2018-04-12,83.514191
2018-04-13,81.287399
2018-04-16,82.204315
2018-04-17,79.640694
2018-04-18,79.678116
2018-04-19,79.996231
2018-04-20,80.164642
2018-04-23,81.184464
2018-04-24,82.363365
2018-04-25,84.187859
2018-04-26,83.411270
2018-04-27,87.443832
2018-05-02,88.987625
2018-05-03,87.920998
2018-05-04,89.483513
2018-05-07,91.925499
2018-05-08,90.727875
2018-05-09,90.718529
2018-05-10,92.589806
2018-05-11,90.933723
2018-05-14,95.312477
2018-05-15,96.294868
2018-05-16,101.758957
2018-05-17,101.038506
2018-05-18,101.235008
2018-05-21,101.955444
2018-05-22,106.568062
2018-05-23,109.440460
2018-05-24,109.917633
2018-05-25,112.350250
2018-05-28,121.463303
2018-05-29,109.318817
2018-05-30,101.328560
2018-05-31,104.182220
2018-06-01,99.260818
2018-06-04,100.364853
2018-06-05,106.783272
2018-06-06,106.811340
2018-06-07,105.651161
2018-06-08,106.787605
2018-06-11,103.979370
2018-06-12,105.904755
2018-06-13,105.275482
2018-06-14,102.702057
2018-06-15,99.339699
2018-06-19,100.250732
2018-06-20,101.706505
2018-06-21,103.800934
2018-06-22,105.097023
2018-06-25,106.092598
2018-06-26,105.604195
2018-06-27,99.536949
2018-06-28,102.288811
2018-06-29,105.125206
2018-07-02,106.966042
2018-07-03,106.214684
2018-07-04,104.843445
2018-07-05,104.721352
2018-07-06,103.406464
2018-07-09,106.966042
2018-07-10,109.614609
2018-07-11,111.230042
2018-07-12,116.386276
2018-07-13,117.024940
2018-07-16,121.091682
2018-07-17,119.325981
2018-07-18,117.926567
2018-07-19,114.160347
2018-07-20,114.554840
2018-07-23,110.272049
2018-07-24,110.694695
2018-07-25,111.164299
2018-07-26,111.915665
2018-07-27,109.116837
2018-07-30,106.346191
2018-07-31,108.149445
2018-08-01,103.857269
2018-08-02,105.397591
2018-08-03,101.133591
2018-08-06,92.089050
2018-08-07,97.001091
2018-08-08,94.380707
2018-08-09,97.573997
2018-08-10,100.936356
2018-08-13,100.532509
2018-08-14,99.471184
2018-08-15,96.569054
2018-08-16,96.550270
2018-08-17,94.775162
2018-08-20,91.196785
2018-08-21,95.141457
2018-08-22,94.202255
2018-08-23,94.972404
2018-08-24,95.930397
2018-08-27,101.434128
2018-08-28,100.166199
2018-08-29,98.776184
2018-08-30,97.959084
2018-08-31,96.625397
2018-09-03,95.798897
2018-09-04,96.174599
2018-09-05,94.127121
2018-09-06,92.981285
2018-09-07,93.760818
2018-09-10,89.506233
2018-09-11,89.553185
2018-09-12,87.064301
2018-09-13,86.726173
2018-09-14,86.688622
2018-09-17,85.110748
2018-09-18,86.406868
2018-09-19,88.848801
2018-09-20,88.670341
2018-09-21,91.178017
2018-09-25,90.501778
2018-09-26,94.437065
2018-09-27,94.484001
2018-09-28,95.103905
2018-10-08,89.750427
2018-10-09,88.238289
2018-10-10,85.843338
2018-10-11,83.082062
2018-10-12,84.519051
2018-10-15,83.636208
2018-10-16,78.883812
2018-10-17,77.672249
2018-10-18,75.465111
2018-10-19,77.249619
2018-10-22,81.419670
2018-10-23,77.061752
2018-10-24,77.315346
2018-10-25,76.066216
2018-10-26,74.366241
2018-10-29,67.200111
2018-10-30,69.360275
2018-10-31,72.788376
2018-11-01,73.821503
2018-11-02,77.841309
2018-11-05,76.545204
2018-11-06,76.075607
2018-11-07,75.183357
2018-11-08,74.694969
2018-11-09,74.122055
2018-11-12,74.854637
2018-11-13,75.934723
2018-11-14,74.300522
2018-11-15,74.826462
2018-11-16,74.666801
2018-11-19,77.954025
2018-11-20,76.084984
2018-11-21,77.155693
2018-11-22,77.531372
2018-11-23,78.141846
2018-11-26,76.920876
2018-11-27,76.131950
2018-11-28,76.451286
2018-11-29,75.408775
2018-11-30,76.357361
2018-12-03,80.048431
2018-12-04,80.696487
2018-12-05,83.551682
2018-12-06,81.992592
2018-12-07,81.569954
2018-12-10,79.832413
2018-12-11,83.767693
2018-12-12,83.476532
2018-12-13,86.726173
2018-12-14,86.294151
2018-12-17,84.199738
2018-12-18,84.293640
2018-12-19,81.682663
2018-12-20,80.818596
2018-12-21,78.545708
2018-12-24,81.156708
2018-12-25,82.048943
2018-12-26,81.166092
2018-12-27,81.663872
2018-12-28,81.382111
2019-01-02,79.259506
2019-01-03,76.066216
2019-01-04,77.653458
2019-01-07,78.320312
2019-01-08,78.423607
2019-01-09,80.020256
2019-01-10,79.456734
2019-01-11,79.973297
2019-01-14,79.456734
2019-01-15,81.898666
2019-01-16,82.650024
2019-01-17,80.771614
2019-01-18,85.073174
2019-01-21,84.828979
2019-01-22,82.988159
2019-01-23,83.213562
2019-01-24,82.640640
2019-01-25,82.621857
2019-01-28,82.837875
2019-01-29,83.589241
2019-01-30,83.401398
2019-01-31,83.006927
2019-02-01,85.749405
2019-02-11,88.012894
2019-02-12,91.074699
2019-02-13,93.826576
2019-02-14,94.474632
2019-02-15,92.258110
2019-02-18,99.349091
2019-02-19,98.616516
2019-02-20,96.832024
2019-02-21,95.798897
2019-02-22,97.620949
2019-02-25,99.565132
2019-02-26,98.409897
2019-02-27,97.667931
2019-02-28,99.489975
2019-03-01,100.823647
2019-03-04,100.485535
2019-03-05,100.457367
2019-03-06,99.320930
2019-03-07,96.897774
2019-03-08,94.718819
2019-03-11,97.583382
2019-03-12,96.785072
2019-03-13,96.371811
2019-03-14,96.916550
2019-03-15,97.583382
2019-03-18,105.143990
2019-03-19,102.110367
2019-03-20,101.884956
2019-03-21,102.063400
2019-03-22,102.185501
2019-03-25,101.255684
2019-03-26,100.870605
2019-03-27,105.143990
2019-03-28,106.101990
2019-03-29,107.914642
2019-04-01,109.530075
2019-04-02,108.938385
2019-04-03,109.229538
2019-04-04,111.277008
2019-04-08,110.262657
2019-04-09,113.061493
2019-04-10,115.052612
2019-04-11,109.511299
2019-04-12,111.323959
2019-04-15,109.051094
2019-04-16,109.783661
2019-04-17,110.901321
2019-04-18,109.511299
2019-04-19,109.990288
2019-04-22,109.417366
2019-04-23,109.182587
2019-04-24,108.947769
2019-04-25,108.027359
2019-04-26,102.551788
2019-05-06,102.091568
2019-05-07,105.237915
2019-05-08,101.847382
2019-05-09,97.799416
2019-05-10,100.476158
2019-05-13,102.185501
2019-05-14,100.156807
2019-05-15,103.012001
2019-05-16,104.176605
2019-05-17,101.894341
2019-05-20,99.903229
2019-05-21,101.321419
2019-05-22,100.992714
2019-05-23,97.893341
2019-05-24,98.503815
2019-05-27,99.405441
2019-05-28,100.682755
2019-05-29,100.072289
2019-05-30,99.781120
2019-05-31,100.964531
2019-06-03,101.058456
2019-06-04,97.883949
2019-06-05,97.141975
2019-06-06,96.456337
2019-06-10,97.677315
2019-06-11,101.903732
2019-06-12,101.002098
2019-06-13,101.405952
2019-06-14,100.222557
2019-06-17,102.213661
2019-06-18,101.884956
2019-06-19,103.030762
2019-06-20,105.895348
2019-06-21,106.130165
2019-06-24,107.924034
2019-06-25,107.745590
2019-06-26,108.102493
2019-06-27,108.857780
2019-06-28,108.763374
2019-07-01,110.642197
2019-07-02,110.273979
2019-07-03,106.667404
2019-07-04,105.638313
2019-07-05,107.517120
2019-07-08,105.789375
2019-07-09,105.638313
2019-07-10,105.156807
2019-07-11,104.231567
2019-07-12,104.854698
2019-07-15,101.965660
2019-07-16,101.380302
2019-07-17,99.256020
2019-07-18,97.462173
2019-07-19,97.037331
2019-07-22,95.167961
2019-07-23,96.782410
2019-07-24,96.820175
2019-07-25,98.661224
2019-07-26,99.860260
2019-07-29,99.605347
2019-07-30,99.114403
2019-07-31,98.189156
2019-08-01,98.179726
2019-08-02,97.386650
2019-08-05,96.130959
2019-08-06,95.328453
2019-08-07,96.319794
2019-08-08,96.329239
2019-08-09,89.503197
2019-08-12,90.645592
2019-08-13,90.541733
2019-08-14,91.108215
2019-08-15,92.137299
2019-08-16,93.204178
2019-08-19,94.497627
2019-08-20,93.657349
2019-08-21,91.627480
2019-08-22,95.347328
2019-08-23,95.120743
2019-08-26,96.867393
2019-08-27,97.075089
2019-08-28,95.252937
2019-08-29,94.459862
2019-08-30,94.138855
2019-09-02,94.733658
2019-09-03,93.430756
2019-09-04,93.610138
2019-09-05,94.544815
2019-09-06,95.658897
2019-09-09,95.422867
2019-09-10,96.300903
2019-09-11,94.809181
2019-09-12,94.450424
2019-09-16,94.601471
2019-09-17,93.610138
2019-09-18,95.932693
2019-09-19,96.942909
2019-09-20,99.076630
2019-09-23,97.462173
2019-09-24,97.481064
2019-09-25,96.423637
2019-09-26,94.790314
2019-09-27,95.470070
2019-09-30,96.187607
2019-10-08,98.472404
2019-10-09,98.821716
2019-10-10,101.956230
2019-10-11,101.861809
2019-10-14,102.994766
2019-10-15,105.789375
2019-10-16,108.102486
2019-10-17,107.724831
2019-10-18,107.790924
2019-10-21,105.949890
2019-10-22,107.630424
2019-10-23,106.308640
2019-10-24,105.232353
2019-10-25,100.549477
2019-10-28,100.936569
2019-10-29,101.767395
2019-10-30,101.776840
2019-10-31,102.456604
2019-11-01,102.522690
2019-11-04,102.437721
2019-11-05,102.267792
2019-11-06,102.135612
2019-11-07,102.418854
2019-11-08,104.864136
2019-11-11,103.334641
2019-11-12,101.588020
2019-11-13,100.360641
2019-11-14,101.030975
2019-11-15,98.859489
2019-11-18,98.878372
2019-11-19,99.322105
2019-11-20,99.416519
2019-11-21,97.481064
2019-11-22,95.800522
2019-11-25,96.215942
2019-11-26,96.867393
2019-11-27,95.942139
2019-11-28,96.093193
2019-11-29,94.204941
2019-12-02,93.666786
2019-12-03,93.827293
2019-12-04,94.497627
2019-12-05,94.884720
2019-12-06,95.413414
2019-12-09,94.639244
2019-12-10,94.780861
2019-12-11,95.196281
2019-12-12,94.308807
2019-12-13,96.848488
2019-12-16,96.980690
2019-12-17,98.170280
2019-12-18,97.584923
2019-12-19,97.273361
2019-12-20,97.377205
2019-12-23,98.614006
2019-12-24,98.680092
2019-12-25,103.806717
2019-12-26,103.825584
2019-12-27,102.097862
2019-12-30,103.060860
2019-12-31,103.731178
2020-01-02,103.117493
2020-01-03,102.909798
2020-01-06,102.569893
2020-01-07,103.901123
2020-01-08,103.759506
2020-01-09,107.724831
2020-01-10,108.244102
2020-01-13,109.679169
2020-01-14,108.244102
2020-01-15,109.159920
2020-01-16,112.209427
2020-01-17,116.486328
2020-01-20,118.950500
2020-01-21,122.358803
2020-01-22,120.914291
2020-01-23,121.594040
2020-02-03,112.738159
2020-02-04,116.533546
2020-02-05,128.184052
2020-02-06,126.786751
2020-02-07,125.040100
2020-02-10,122.566505
2020-02-11,124.284798
2020-02-12,122.821411
2020-02-13,119.989037
2020-02-14,120.300606
2020-02-17,120.999252
2020-02-18,120.026802
2020-02-19,118.006378
2020-02-20,119.328148
2020-02-21,121.018135
2020-02-24,118.903305
2020-02-25,118.015816
2020-02-26,114.475327
2020-02-27,116.221970
2020-02-28,113.389595
2020-03-02,116.863976
2020-03-03,120.800987
2020-03-04,119.715240
2020-03-05,123.019707
2020-03-06,122.509850
2020-03-09,117.033920
2020-03-10,117.930855
2020-03-11,117.307716
2020-03-12,114.163780
2020-03-13,112.587082
2020-03-16,111.803459
2020-03-17,110.472252
2020-03-18,110.821564
2020-03-19,111.690178
2020-03-20,114.003281
2020-03-23,110.472252
2020-03-24,112.964745
2020-03-25,115.032379
2020-03-26,117.590950
2020-03-27,117.789230
2020-03-30,117.062248
2020-03-31,117.354927
2020-04-01,114.890770
2020-04-02,116.221970
2020-04-03,119.894623
2020-04-07,121.037010
2020-04-08,123.047997
2020-04-09,123.803322
2020-04-10,122.453209
2020-04-13,121.943382
2020-04-14,126.786751
2020-04-15,127.145508
2020-04-16,127.532600
2020-04-17,127.306023
2020-04-20,127.560928
2020-04-21,125.247833
2020-04-22,127.504295
2020-04-23,127.853615
2020-04-24,128.967682
2020-04-27,130.997559
2020-04-28,137.842468
2020-04-29,134.538055
2020-04-30,132.413727
2020-05-06,137.360962
2020-05-07,137.559219
2020-05-08,136.926651
2020-05-11,137.238235
2020-05-12,139.957336
2020-05-13,140.655945
2020-05-14,140.023407
2020-05-15,136.898346
2020-05-18,140.372726
2020-05-19,141.061966
2020-05-20,136.898346
2020-05-21,137.275986
2020-05-22,134.821289
2020-05-25,136.369629
2020-05-26,140.117813
2020-05-27,137.795258
2020-05-28,135.774826
2020-05-29,138.522247
2020-06-01,140.250000
2020-06-02,138.871567
2020-06-03,143.318405
2020-06-04,142.072144
2020-06-05,143.035156
2020-06-08,143.554443
2020-06-09,145.867538
2020-06-10,146.953293
2020-06-11,145.027283
2020-06-12,145.518204
2020-06-15,143.526123
2020-06-16,144.734589
2020-06-17,146.537857
2020-06-18,145.518204
2020-06-19,149.549652
2020-06-22,152.806885
2020-06-23,158.112869
2020-06-24,156.794067
2020-06-29,157.116653
2020-06-30,161.528458
2020-07-01,164.744766
2020-07-02,162.477249
2020-07-03,163.255188
2020-07-06,163.539825
2020-07-07,169.374802
2020-07-08,171.281830
2020-07-09,171.670822
2020-07-10,173.112961
2020-07-13,188.046631
2020-07-14,196.727905
2020-07-15,191.651978
2020-07-16,173.530396
2020-07-17,175.095901
2020-07-20,176.642380
2020-07-21,183.919464
2020-07-22,185.646240
2020-07-23,186.822708
2020-07-24,179.308426
2020-07-27,182.116806
2020-07-28,184.422302
2020-07-29,186.974533
2020-07-30,191.367325
2020-07-31,193.739273
2020-08-03,194.128250
2020-08-04,193.653870
2020-08-05,194.023926
2020-08-06,193.264862
2020-08-07,190.295242
2020-08-10,190.333176
2020-08-11,190.608292
2020-08-12,189.336945
2020-08-13,186.813202
2020-08-14,188.226913
2020-08-17,189.754425
2020-08-18,192.724075
2020-08-19,192.970749
2020-08-20,189.820831
2020-08-21,196.386337
2020-08-24,197.534348
2020-08-25,199.232651
2020-08-26,208.729874
2020-08-27,214.896866
2020-08-28,223.777390
2020-08-31,238.957718
2020-09-01,235.380859
2020-09-02,258.900940
2020-09-03,252.335419
2020-09-04,233.265121
2020-09-07,231.699646
2020-09-08,226.253677
2020-09-09,215.893082
2020-09-10,229.991837
2020-09-11,248.625717
2020-09-14,240.988129
2020-09-15,237.382751
2020-09-16,242.022263
2020-09-17,232.449188
2020-09-18,231.775528
2020-09-21,226.756531
2020-09-22,222.866547
2020-09-23,224.194855
2020-09-24,219.166367
2020-09-25,217.183426
2020-09-28,219.033508
2020-09-29,223.663559
2020-09-30,230.855255
2020-10-09,233.018417
2020-10-12,238.767990
2020-10-13,236.860947
2020-10-14,237.952042
2020-10-15,234.441605
2020-10-16,234.175919
2020-10-19,229.602844
2020-10-20,232.923538
2020-10-21,230.665451
2020-10-22,228.929199
2020-10-23,223.796387
2020-10-26,212.800064
2020-10-27,221.215714
2020-10-28,221.633179
2020-10-29,223.435822
2020-10-30,217.553421
2020-11-02,216.509781
2020-11-03,217.838089
2020-11-04,217.164444
2020-11-05,218.435791
2020-11-06,214.555328
2020-11-09,219.469955
2020-11-10,219.488937
2020-11-11,215.257401
2020-11-12,213.568604
2020-11-13,211.291534
2020-11-16,209.194778
2020-11-17,204.128326
2020-11-18,206.965164
2020-11-19,207.477478
2020-11-20,208.407288
2020-11-23,207.287735
2020-11-24,205.048630
2020-11-25,201.357880
2020-11-26,199.602676
2020-11-27,202.211792
2020-11-30,198.312363
2020-12-01,208.919601
2020-12-02,211.016418
2020-12-03,212.638779
2020-12-04,218.075272
2020-12-07,215.655914
2020-12-08,216.291595
2020-12-09,226.348572
2020-12-10,233.274582
2020-12-11,228.654068
2020-12-14,235.295471
2020-12-15,233.872330
2020-12-16,239.100037
2020-12-17,237.989990
2020-12-18,233.464340
2020-12-21,233.521271
2020-12-22,232.733795
2020-12-23,232.278366
2020-12-24,233.976685
2020-12-25,237.193024
2020-12-28,237.183548
2020-12-29,231.500397
2020-12-30,242.031769
2020-12-31,253.806046
2021-01-04,265.637238
2021-01-05,281.197083
2021-01-06,279.365967
2021-01-07,284.546234
2021-01-08,281.396301
2021-01-11,279.109772
2021-01-12,284.631622
2021-01-13,296.491302
2021-01-14,278.179962
2021-01-15,269.631500
2021-01-18,271.832672
2021-01-19,268.976898
2021-01-20,278.179962
2021-01-21,282.724548
2021-01-22,284.204651
2021-01-25,293.644928
2021-01-26,281.832733
2021-01-27,280.248322
2021-01-28,273.749268
2021-01-29,283.255920
2021-02-01,290.390625
2021-02-02,308.967590
2021-02-03,308.948700
2021-02-04,319.736176
2021-02-05,326.851990
2021-02-08,359.537170
2021-02-09,363.379700
2021-02-10,373.778259
2021-02-18,369.356934
2021-02-19,363.360779
2021-02-22,335.874817
2021-02-23,327.070221
2021-02-24,301.719025
2021-02-25,293.360352
2021-02-26,282.250214
2021-03-01,286.643005
2021-03-02,277.041443
2021-03-03,283.208466
2021-03-04,268.217896
2021-03-05,267.107849
2021-03-08,242.942566
2021-03-09,229.384628
2021-03-10,243.606735
2021-03-11,255.532776
2021-03-12,254.413208
2021-03-15,244.972977
2021-03-16,248.938843
2021-03-17,255.086899
2021-03-18,259.185577
2021-03-19,250.390442
2021-03-22,249.621918
2021-03-23,249.527023
2021-03-24,249.821213
2021-03-25,251.823090
2021-03-26,267.193207
2021-03-29,273.227417
2021-03-30,270.551849
2021-03-31,272.259644
2021-04-01,279.280548
2021-04-02,293.170563
2021-04-06,289.574707
2021-04-07,311.529327
2021-04-08,314.982819
2021-04-09,308.417328
2021-04-12,292.506439
2021-04-13,295.295746
2021-04-14,298.388855
2021-04-15,295.827148
2021-04-16,293.170563
2021-04-19,312.136475
2021-04-20,312.478088
2021-04-21,319.736176
2021-04-22,316.567261
2021-04-23,327.146118
2021-04-26,311.244690
2021-04-27,316.624237
2021-04-28,326.927887
2021-04-29,326.292175
2021-04-30,321.927856
2021-05-06,314.043549
2021-05-07,313.673523
2021-05-10,318.218109
2021-05-11,322.667908
2021-05-12,327.326385
2021-05-13,330.352966
2021-05-14,354.442261
2021-05-17,358.237335
2021-05-18,358.151917
2021-05-19,353.389160
2021-05-20,356.036224
2021-05-21,350.761047
2021-05-24,349.280975
2021-05-25,361.956573
2021-05-26,362.222229
2021-05-27,365.239349
2021-05-28,357.971680
2021-05-31,364.233612
2021-06-01,369.821869
2021-06-02,364.195648
2021-06-03,381.188141
2021-06-04,381.975677
2021-06-07,396.947296
2021-06-08,357.687103
2021-06-09,371.093231
2021-06-10,386.036377
2021-06-11,383.673981
2021-06-15,378.901611
2021-06-16,379.129303
2021-06-17,386.387451
2021-06-18,384.243225
2021-06-21,383.522125
2021-06-22,408.171234
2021-06-23,406.406525
2021-06-24,406.548859
2021-06-25,424.898651
2021-06-28,429.224731
2021-06-29,427.380249
2021-06-30,426.229736
2021-07-01,434.102112
2021-07-02,419.289154
2021-07-05,434.140106
2021-07-06,424.042969
2021-07-07,423.947876
2021-07-08,423.063751
2021-07-09,410.779724
2021-07-12,402.888397
2021-07-13,400.910797
2021-07-14,403.126038
2021-07-15,420.239899
2021-07-16,412.976044
2021-07-19,445.777557
2021-07-20,444.028137
2021-07-21,465.648682
2021-07-22,419.080017
2021-07-23,396.090363
2021-07-26,372.102448
2021-07-27,343.208618
2021-07-28,359.409729
2021-07-29,362.994141
2021-07-30,347.981506
2021-08-02,354.446747
2021-08-03,359.457245
2021-08-04,356.063049
2021-08-05,362.223999
2021-08-06,357.498688
2021-08-09,360.617188
2021-08-10,371.760193
2021-08-11,375.249512
2021-08-12,369.858673
2021-08-13,368.004669
2021-08-16,368.964935
2021-08-17,352.640228
2021-08-18,356.947205
2021-08-19,359.713959
2021-08-20,329.631683
2021-08-23,350.405914
2021-08-24,352.450134
2021-08-25,355.749298
2021-08-26,343.855164
2021-08-27,343.893219
2021-08-30,336.962067
2021-08-31,329.964386
2021-09-01,330.049957
2021-09-02,315.246490
2021-09-03,312.565338
2021-09-06,330.858124
2021-09-07,326.741241
2021-09-08,324.421448
2021-09-09,323.736847
2021-09-10,324.621063
2021-09-13,325.657440
2021-09-14,323.033325
2021-09-15,318.517120
2021-09-16,315.579254
2021-09-17,328.956543
2021-09-22,318.317505
2021-09-23,315.626801
2021-09-24,322.928680
2021-09-27,342.989960
2021-09-28,336.144379
2021-09-29,338.045898
2021-09-30,359.580872
2021-10-08,376.457031
2021-10-11,375.468201
2021-10-12,371.741211
2021-10-13,401.157959
2021-10-14,399.132843
2021-10-15,401.794983
2021-10-18,403.126038
2021-10-19,417.321045
2021-10-20,416.389313
2021-10-21,412.538696
2021-10-22,413.575043
2021-10-25,412.633759
2021-10-26,403.126038
2021-10-27,394.569092
2021-10-28,389.149750
2021-10-29,392.591522
2021-11-01,394.569092
2021-11-02,400.074097
2021-11-03,386.962952
2021-11-04,390.129089
2021-11-05,398.847626
2021-11-08,403.411316
2021-11-09,402.175323
2021-11-10,401.966125
2021-11-11,397.478485
2021-11-12,407.452057
2021-11-15,415.733276
2021-11-16,434.026062
2021-11-17,427.380249
2021-11-18,430.508179
2021-11-19,425.545197
2021-11-22,421.190704
2021-11-23,421.846741
2021-11-24,419.812042
2021-11-25,419.270142
2021-11-26,417.083374
2021-11-29,416.712585
2021-11-30,424.993713
2021-12-01,411.692505
2021-12-02,422.103424
2021-12-03,440.272614
2021-12-06,429.262695
2021-12-07,433.693298
2021-12-08,436.944916
2021-12-09,443.039337
2021-12-10,432.599915
2021-12-13,439.160187
2021-12-14,447.812195
2021-12-15,440.206085
2021-12-16,435.167023
2021-12-17,434.026062
2021-12-20,435.528259
2021-12-21,443.181976
2021-12-22,455.522949
2021-12-23,452.423462
2021-12-24,456.179016
2021-12-27,449.048218
2021-12-28,452.708649
2021-12-29,407.442535
2021-12-30,402.203827
2021-12-31,415.628693
2022-01-04,411.017426
2022-01-05,394.559631
2022-01-06,382.209167
2022-01-07,374.897736
2022-01-10,375.534790
2022-01-11,374.431885
2022-01-12,375.363586
2022-01-13,370.799927
2022-01-14,367.091919
2022-01-17,373.481110
2022-01-18,380.212555
2022-01-19,371.750671
2022-01-20,367.938141
2022-01-21,360.550629
2022-01-24,357.679321
2022-01-25,351.023956
2022-01-26,352.288452
2022-01-27,344.853455
2022-01-28,339.652679
2022-02-07,337.408936
2022-02-08,329.070648
2022-02-09,332.731110
2022-02-10,333.434753
2022-02-11,323.290009
2022-02-14,325.638397
2022-02-15,335.136597
2022-02-16,336.144379
2022-02-17,338.806549
2022-02-18,340.660522
2022-02-21,337.523010
2022-02-22,334.613708
2022-02-23,341.326080
2022-02-24,333.472748
2022-02-25,339.396027
2022-02-28,343.522369
2022-03-01,345.889740
2022-03-02,340.964783
2022-03-03,321.664154
2022-03-04,300.595123
2022-03-07,290.079620
2022-03-08,290.650085
2022-03-09,295.489502
2022-03-10,296.544861
2022-03-11,302.838959
2022-03-14,291.486755
2022-03-15,283.500305
2022-03-16,291.201538
2022-03-17,300.252838
2022-03-18,297.571747
2022-03-21,297.980499
2022-03-22,292.931946
2022-03-23,303.694672
2022-03-24,301.907196
2022-03-25,295.261261
2022-03-28,293.749573
2022-03-29,293.692535
2022-03-30,304.160522
2022-03-31,301.612488
2022-04-01,300.984955
2022-04-06,293.958740
2022-04-07,293.673553
2022-04-08,291.886108
2022-04-11,281.427612
2022-04-12,292.722778
2022-04-13,293.312256
2022-04-14,297.600220
2022-04-15,298.265778
2022-04-18,297.923492
2022-04-19,291.524780
2022-04-20,289.319000
2022-04-21,282.416443
2022-04-22,281.589264
2022-04-25,273.992584
2022-04-26,278.023895
2022-04-27,287.027649
2022-04-28,290.459961
2022-04-29,291.077942
2022-05-05,293.645020
2022-05-06,283.500305
2022-05-09,283.319672
2022-05-10,282.777740
2022-05-11,286.989655
2022-05-12,285.829651
2022-05-13,290.127197
2022-05-16,284.612701
2022-05-17,285.782166
2022-05-18,282.188232
2022-05-19,278.328094
2022-05-20,290.745148
2022-05-23,288.092560
2022-05-24,281.684296
2022-05-25,280.334229
2022-05-26,280.743103
2022-05-27,280.838165
2022-05-30,284.375031
2022-05-31,294.453186
2022-06-01,289.081329
2022-06-02,286.200500
2022-06-06,290.079620
2022-06-07,300.528564
2022-06-08,303.295319
2022-06-09,297.352997
2022-06-10,301.726532
2022-06-13,296.240601
2022-06-14,301.194153
2022-06-15,308.362915
2022-06-16,309.922180
2022-06-17,321.664154
2022-06-20,323.356537
2022-06-21,320.409149
2022-06-22,316.225800
2022-06-23,320.218994
2022-06-24,325.438721
2022-06-27,335.621521
2022-06-28,335.602448
2022-06-29,331.818390
2022-06-30,339.167847
2022-07-01,333.510773
2022-07-04,336.039795
2022-07-05,334.347443
2022-07-06,328.024841
2022-07-07,328.005829
2022-07-08,321.825775
2022-07-11,318.326935
2022-07-12,311.747711
2022-07-13,310.140869
2022-07-14,308.115692
2022-07-15,304.575134
2022-07-18,304.145721
2022-07-19,295.384918
2022-07-20,294.840942
2022-07-21,295.203583
2022-07-22,296.320160
2022-07-25,295.461273
2022-07-26,296.014740
2022-07-27,292.035248
2022-07-28,290.403320
2022-07-29,282.215118
2022-08-01,280.144196
2022-08-02,275.649353
2022-08-03,278.884552
2022-08-04,283.522583
2022-08-05,285.030457
2022-08-08,285.755707
2022-08-09,282.864075
2022-08-10,279.657532
2022-08-11,285.326294
2022-08-12,286.309235
2022-08-15,284.486420
2022-08-16,282.864075
2022-08-17,285.364410
2022-08-18,281.337128
2022-08-19,280.001099
2022-08-22,279.104065
2022-08-23,277.806091
2022-08-24,276.374634
2022-08-25,277.042633
2022-08-26,280.573700
2022-08-29,277.796570
2022-08-30,275.191223
2022-08-31,287.244446
2022-09-01,284.677307
2022-09-02,282.587311
2022-09-05,280.573700
2022-09-06,280.592743
2022-09-07,278.168793
2022-09-08,280.335114
2022-09-09,284.495972
2022-09-13,288.208313
2022-09-14,286.576416
2022-09-15,284.925476
2022-09-16,279.810242
2022-09-19,276.279205
2022-09-20,276.136017
2022-09-21,268.243713
2022-09-22,248.937576
2022-09-23,241.150223
2022-09-26,235.519638
2022-09-27,252.010529
2022-09-28,249.557922
2022-09-29,253.947815
2022-09-30,254.615814
2022-10-10,242.381317
2022-10-11,241.274292
2022-10-12,242.495834
2022-10-13,245.072510
2022-10-14,258.099182
2022-10-17,256.305023
2022-10-18,259.912445
2022-10-19,250.130478
2022-10-20,249.347961
2022-10-21,245.606934
2022-10-24,221.042419
2022-10-25,217.587769
2022-10-26,224.420776
2022-10-27,221.405075
2022-10-28,217.807266
2022-10-31,217.587769
2022-11-01,231.549637
2022-11-02,238.201340
2022-11-03,236.397659
2022-11-04,243.211594
2022-11-07,245.731018
2022-11-08,246.179550
2022-11-09,244.738525
2022-11-10,245.082077
2022-11-11,246.484940
2022-11-14,250.531342
2022-11-15,252.564026
2022-11-16,252.678528
2022-11-17,251.151657
2022-11-18,250.979874
2022-11-21,248.870789
2022-11-22,244.652618
2022-11-23,242.868011
2022-11-24,241.627396
2022-11-25,241.694183
2022-11-28,237.561935
2022-11-29,243.097061
2022-11-30,243.306992
2022-12-01,247.162491
2022-12-02,247.859177
2022-12-05,252.516327
2022-12-06,260.828583
2022-12-07,257.927368
2022-12-08,256.562714
2022-12-09,260.532715
2022-12-12,272.290100
2022-12-13,268.520477
2022-12-14,272.461853
2022-12-15,278.474152
2022-12-16,279.075348
2022-12-19,272.566833
2022-12-20,267.012665
2022-12-21,275.792511
2022-12-22,274.761810
2022-12-23,276.326874
2022-12-26,276.136017
2022-12-27,274.962189
2022-12-28,275.878357
2022-12-29,276.393707
2022-12-30,275.286652
2023-01-03,270.915894
2023-01-04,268.549103
2023-01-05,276.660919
2023-01-06,274.847717
2023-01-09,278.168793
2023-01-10,278.321472
2023-01-11,277.519836
2023-01-12,279.905670
2023-01-13,284.104736
2023-01-16,298.095184
2023-01-17,297.560791
2023-01-18,296.224762
2023-01-19,298.515137
2023-01-20,303.258148
2023-01-30,309.680847
2023-01-31,296.606476
2023-02-01,296.930939
2023-02-02,295.299011
2023-02-03,290.689636
2023-02-06,285.555328
2023-02-07,283.341248
2023-02-08,284.037933
2023-02-09,289.735291
2023-02-10,292.865479
2023-02-13,296.969086
2023-02-14,298.228821
2023-02-15,297.226807
2023-02-16,298.037964
2023-02-17,295.852570
2023-02-20,300.185242
2023-02-21,303.296356
2023-02-22,301.588074
2023-02-23,297.474915
2023-02-24,293.991608
2023-02-27,293.199554
2023-02-28,294.630981
2023-03-01,300.213837
2023-03-02,297.913879
2023-03-03,294.888672
2023-03-06,296.262909
2023-03-07,290.947266
2023-03-08,289.210388
2023-03-09,286.299713
2023-03-10,287.120392
2023-03-13,291.939789
2023-03-14,289.162628
2023-03-15,283.532135
2023-03-16,275.658905
2023-03-17,271.507507
2023-03-20,265.781525
2023-03-21,268.549103
2023-03-22,270.476868
2023-03-23,270.362305
2023-03-24,268.377319
2023-03-27,266.067841
2023-03-28,266.067841
2023-03-29,268.644501
2023-03-30,269.388916
2023-03-31,271.393005
2023-04-03,269.007202
2023-04-04,275.782959
2023-04-06,278.082886
2023-04-07,278.178314
2023-04-10,271.688873
2023-04-11,273.082153
2023-04-12,267.842896
2023-04-13,269.121674
2023-04-14,268.463165
2023-04-17,261.296173
2023-04-18,262.517731
2023-04-19,261.448822
2023-04-20,257.669678
2023-04-21,256.868103
2023-04-24,250.397690
2023-04-25,256.581787
2023-04-26,254.997574
2023-04-27,257.097107
2023-04-28,259.511536
2023-05-04,261.153015
2023-05-05,261.305725
2023-05-08,287.435303
2023-05-09,298.658325
2023-05-10,295.318146
2023-05-11,287.492615
2023-05-12,288.494598
2023-05-15,291.739380
2023-05-16,291.653473
2023-05-17,291.071381
2023-05-18,291.863434
2023-05-19,291.882538
2023-05-22,300.080261
2023-05-23,295.270416
2023-05-24,290.842285
2023-05-25,292.770050
2023-05-26,292.598297
2023-05-29,294.163361
2023-05-30,291.090424
2023-05-31,290.307922
2023-06-01,284.391022
2023-06-02,288.284668
2023-06-05,285.727081
2023-06-06,282.959534
2023-06-07,277.872986
2023-06-08,274.532806
2023-06-09,272.127838
2023-06-12,277.328949
2023-06-13,276.851807
2023-06-14,282.825867
2023-06-15,286.194733
2023-06-16,284.667816
2023-06-19,280.497345
2023-06-20,279.523926
2023-06-21,275.592102
2023-06-26,276.069244
2023-06-27,272.996307
2023-06-28,272.423676
2023-06-29,272.729065
2023-06-30,273.282562
2023-07-03,274.637726
2023-07-04,274.360962
2023-07-05,272.290100
2023-07-06,269.217133
2023-07-07,268.348755
2023-07-10,271.345276
2023-07-11,273.168060
2023-07-12,271.068878
2023-07-13,273.733551
2023-07-14,271.778229
2023-07-17,273.120148
2023-07-18,274.136200
2023-07-19,271.164764
2023-07-20,269.889954
2023-07-21,269.372314
2023-07-24,266.017517
2023-07-25,268.864349
2023-07-26,270.129547
2023-07-27,269.496948
2023-07-28,278.037354
2023-07-31,277.941467
2023-08-01,277.759399
2023-08-02,274.222443
2023-08-03,276.292816
2023-08-04,279.417664
2023-08-07,283.683044
2023-08-08,284.219757
2023-08-09,281.996094
2023-08-10,281.603088
2023-08-11,276.820038
2023-08-14,275.861511
2023-08-15,277.922333
2023-08-16,275.554779
2023-08-17,277.634766
2023-08-18,271.164764
2023-08-21,269.314850
2023-08-22,268.078369
2023-08-23,260.927765
2023-08-24,261.915100
2023-08-25,259.375031
2023-08-28,263.812958
2023-08-29,265.174011
2023-08-30,267.014404
2023-08-31,264.876923
2023-09-01,266.496826
2023-09-04,268.864349
2023-09-05,265.691650
2023-09-06,264.436005
2023-09-07,260.621063
2023-09-08,258.723206
2023-09-11,259.470886
2023-09-12,259.518799
2023-09-13,256.671997
2023-09-14,256.403595
2023-09-15,253.182999
2023-09-18,260.697784
2023-09-19,259.739258
2023-09-20,258.301483
2023-09-21,256.231049
2023-09-22,263.477478
2023-09-25,264.934387
2023-09-26,265.087799
2023-09-27,265.519135
2023-09-28,263.793762
2023-10-09,263.161133
2023-10-10,258.608185
2023-10-11,259.537933
2023-10-12,259.662537
2023-10-13,256.001007
2023-10-16,253.806030
2023-10-17,240.866013
2023-10-18,240.453873
2023-10-19,235.479141
2023-10-20,229.354202
2023-10-23,230.571548
2023-10-24,233.312897
2023-10-25,235.105331
2023-10-26,236.763550
2023-10-27,240.473038
2023-10-30,240.588043
2023-10-31,239.821213
2023-11-01,240.779755
2023-11-02,239.437836
2023-11-03,240.990616
2023-11-06,245.102676
2023-11-07,242.783051
2023-11-08,241.489044
2023-11-09,240.463440
2023-11-10,239.370728
2023-11-13,238.230072
2023-11-14,238.201340
2023-11-15,240.779755
2023-11-16,236.830658
2023-11-17,238.383453
2023-11-20,245.093063
2023-11-21,248.150772
2023-11-22,247.326447
2023-11-23,246.243301
2023-11-24,245.141022
2023-11-27,241.306946
2023-11-28,244.192078
2023-11-29,241.834122
2023-11-30,242.275024
2023-12-01,241.652008
2023-12-04,238.393051
2023-12-05,231.961380
2023-12-06,230.552353
2023-12-07,228.798264
2023-12-08,232.153076
2023-12-11,236.466400
2023-12-12,235.699585
2023-12-13,230.408600
2023-12-14,226.497833
2023-12-15,226.440323
2023-12-18,223.813980
2023-12-19,222.587082
2023-12-20,220.315399
2023-12-21,225.587234
2023-12-22,225.865204
2023-12-25,227.063339
2023-12-26,226.018570
2023-12-27,225.510559
2023-12-28,233.207458
2023-12-29,231.951813
2024-01-02,228.136902
2024-01-03,226.890823
2024-01-04,222.759613
2024-01-05,222.280350
2024-01-08,219.308945
2024-01-09,214.420502
2024-01-10,209.934647
2024-01-11,213.730362
2024-01-12,210.394730
2024-01-15,209.848373
2024-01-16,211.353256
2024-01-17,205.314575
2024-01-18,210.902740
2024-01-19,212.120071
2024-01-22,212.388443
2024-01-23,215.551559
2024-01-24,215.887024
2024-01-25,218.542145
2024-01-26,218.551697
2024-01-29,215.187317
2024-01-30,210.394730
2024-01-31,191.128510
2024-02-01,183.278259
2024-02-02,180.690247
2024-02-05,184.572250
2024-02-06,197.387634
2024-02-07,204.164368
2024-02-08,207.020721
2024-02-19,203.502960
2024-02-20,204.327301
2024-02-21,206.292267
2024-02-22,208.199707
2024-02-23,209.148651
2024-02-26,207.998428
2024-02-27,209.723770
2024-02-28,209.925049
2024-02-29,213.749527
2024-03-01,214.094620
2024-03-04,214.583466
2024-03-05,220.315399
2024-03-06,218.695496
2024-03-07,218.609238
2024-03-08,215.216080
2024-03-11,220.104523
2024-03-12,227.312561
2024-03-13,226.363647
2024-03-14,225.807678
2024-03-15,223.890656
2024-03-18,225.232574
2024-03-19,226.286957
2024-03-20,225.922729
2024-03-21,225.807678
2024-03-22,224.206970
2024-03-25,221.590225
2024-03-26,222.548737
2024-03-27,221.302673
2024-03-28,221.034286
2024-03-29,219.040558
2024-04-01,224.695831
2024-04-02,224.206970
2024-04-03,220.938431
2024-04-08,213.596161
2024-04-09,216.184174
2024-04-10,213.634537
2024-04-11,210.969833
2024-04-12,207.595856
2024-04-15,213.778305
2024-04-16,215.666565
2024-04-17,218.120392
2024-04-18,217.027664
2024-04-19,216.653854
2024-04-22,217.957428
2024-04-23,219.836151
2024-04-24,215.570709
2024-04-25,211.094452
2024-04-26,216.327942
2024-04-29,225.884369
2024-04-30,227.398834
2024-05-06,232.881577
2024-05-07,232.900742
2024-05-08,230.274399
2024-05-09,229.181686
2024-05-10,227.983536
2024-05-13,228.702438
2024-05-14,232.728210
2024-05-15,227.820572
2024-05-16,227.111282
2024-05-17,227.264648
2024-05-20,227.763077
2024-05-21,227.638474
2024-05-22,224.024857
2024-05-23,222.817139
2024-05-24,220.746750
2024-05-27,221.791519
2024-05-28,219.126831
2024-05-29,219.308945
2024-05-30,216.768875
2024-05-31,217.583618
2024-06-03,218.992630
2024-06-04,222.270782
2024-06-05,222.452881
2024-06-06,221.408112
2024-06-07,219.094009
2024-06-11,221.698578
2024-06-12,219.307007
2024-06-13,215.327545
2024-06-14,215.434036
2024-06-17,213.284546
2024-06-18,212.461533
2024-06-19,209.537460
2024-06-20,206.235748
2024-06-21,206.235748
2024-06-24,206.361603
2024-06-25,203.718292
2024-06-26,207.591263
2024-06-27,204.396088
2024-06-28,200.590881
2024-07-01,199.680725
2024-07-02,200.251999
2024-07-03,198.557587
2024-07-04,194.713638
2024-07-05,194.713638
2024-07-08,193.193497
2024-07-09,194.471588
2024-07-10,197.231079
2024-07-11,202.740372
2024-07-12,201.975464
2024-07-15,203.824799
2024-07-16,209.905365
2024-07-17,216.140869
2024-07-18,215.956894
2024-07-19,223.722198
2024-07-22,222.105240
2024-07-23,217.806229
2024-07-24,216.886398
2024-07-25,200.426270
2024-07-26,203.224503
2024-07-29,199.855026
2024-07-30,200.445663
2024-07-31,205.993668
2024-08-01,203.427841
2024-08-02,201.878647
2024-08-05,204.270203
2024-08-06,204.570358
2024-08-07,202.382141
2024-08-08,204.618790
2024-08-09,202.614502
2024-08-12,201.394516
2024-08-13,201.200882
2024-08-14,199.632309
2024-08-15,203.311646
2024-08-16,200.910400
2024-08-19,198.489792
2024-08-20,198.489792
2024-08-21,197.511856
2024-08-22,196.650146
2024-08-23,199.022339
2024-08-26,197.424713
2024-08-27,195.836807
2024-08-28,197.066483
2024-08-29,198.605988
2024-08-30,201.965790
2024-09-02,196.746933
2024-09-03,197.569977
2024-09-04,196.224121
2024-09-05,197.521561
2024-09-06,196.040146
2024-09-09,196.146652
2024-09-10,195.468887
2024-09-11,197.405365
2024-09-12,195.507599
2024-09-13,193.687317
2024-09-18,187.355011
2024-09-19,190.937500
2024-09-20,194.616821
2024-09-23,191.489395
2024-09-24,198.489792
2024-09-25,204.289566
2024-09-26,218.222595
2024-09-27,227.527405
2024-09-30,250.281097
2024-10-08,264.136658
2024-10-09,238.671890
2024-10-10,242.157562
2024-10-11,231.051804
2024-10-14,229.928635
2024-10-15,223.083160
2024-10-16,219.210190
2024-10-17,216.063385
2024-10-18,223.218704
2024-10-21,234.314774
2024-10-22,232.184204
2024-10-23,232.670639
2024-10-24,230.199554
2024-10-25,231.425369
2024-10-28,234.392593
2024-10-29,230.471939
2024-10-30,229.197510
2024-10-31,227.991150
2024-11-01,230.861099
2024-11-04,231.542099
2024-11-05,234.995773
2024-11-06,236.406448
2024-11-07,249.637421
2024-11-08,247.594406
2024-11-11,245.162231
2024-11-12,244.452057
2024-11-13,244.208817
2024-11-14,241.231857
2024-11-15,237.953293
2024-11-18,239.908768
2024-11-19,240.969193
2024-11-20,240.395187
2024-11-21,238.819138
2024-11-22,229.596375
2024-11-25,229.596375
2024-11-26,225.053085
2024-11-27,229.109940
2024-11-28,226.152435
2024-11-29,226.784790
2024-12-02,226.356735
2024-12-03,224.138596
2024-12-04,219.896896
2024-12-05,217.999817
2024-12-06,219.926071
2024-12-09,217.133972
2024-12-10,218.885132
2024-12-11,218.398697
2024-12-12,220.256851
2024-12-13,217.435562
2024-12-16,212.503098
2024-12-17,213.067368
2024-12-18,213.086823
2024-12-19,215.081223
2024-12-20,214.516953
2024-12-23,212.084793
2024-12-24,214.147278
2024-12-25,213.544098
2024-12-26,212.629593
2024-12-27,212.911743
2024-12-30,212.133423
2024-12-31,208.679749
2025-01-02,203.387360
2025-01-03,199.923965
2025-01-06,203.134430
2025-01-07,202.560425
2025-01-08,200.896835
2025-01-09,199.923965
2025-01-10,198.853806
2025-01-13,199.437531
2025-01-14,203.484665
2025-01-15,201.295715
2025-01-16,198.785721
2025-01-17,200.167175
2025-01-20,201.480560
2025-01-21,200.157455
2025-01-22,198.075531
2025-01-23,198.279816
2025-01-24,195.555786
2025-01-27,197.015076
2025-02-05,198.163071
2025-02-06,200.507690
2025-02-07,200.410400
2025-02-10,201.334610
2025-02-11,197.929581
2025-02-12,199.787750
2025-02-13,200.838455
2025-02-14,203.961349
2025-02-17,201.529190
2025-02-18,199.165115
2025-02-19,199.418060
2025-02-20,198.260361
2025-02-21,199.038651
2025-02-24,197.939331
2025-02-25,195.546066
2025-02-26,196.392441
2025-02-27,196.577286
2025-02-28,198.980270
2025-03-03,197.939331
2025-03-04,195.925476
2025-03-05,195.225006
2025-03-06,196.051971
2025-03-07,195.088821
2025-03-10,195.487701
2025-03-11,197.997681
2025-03-12,197.034561
2025-03-13,197.394501
2025-03-14,202.249115
2025-03-17,203.601410
2025-03-18,201.451370
2025-03-19,199.914230
2025-03-20,199.058105
2025-03-21,200.429871
2025-03-24,200.264465
2025-03-25,200.575790
2025-03-26,199.447250
2025-03-27,200.536880
2025-03-28,198.270096
2025-03-31,196.762146
2025-04-01,198.464661
2025-04-02,197.637726
2025-04-03,197.219406
2025-04-07,194.096481
2025-04-08,199.242966
2025-04-09,200.283920
2025-04-10,200.410400
2025-04-11,199.437531
2025-04-14,198.863541
2025-04-15,200.196381
2025-04-16,203.319260
2025-04-17,204.301865
2025-04-18,201.752945
2025-04-21,200.410400
2025-04-22,200.536880
2025-04-23,199.486176
2025-04-24,199.466721
2025-04-25,200.507690
2025-04-28,199.515366
2025-04-29,199.242966
2025-04-30,199.758591
2025-05-06,199.758591
2025-05-07,202.356125
2025-05-08,201.509750
2025-05-09,201.918335
2025-05-12,201.402725
2025-05-13,200.926025
2025-05-14,202.871750
2025-05-15,203.309540
2025-05-16,203.037140
2025-05-19,201.247055
2025-05-20,201.354065
2025-05-21,200.702255
2025-05-22,200.838455
2025-05-23,199.846146
2025-05-26,198.416016
2025-05-27,198.532776
2025-05-28,198.464661
2025-05-29,198.591141
2025-05-30,198.513306
2025-06-03,199.242966
2025-06-04,198.318741
2025-06-05,197.783661
2025-06-06,197.297226
2025-06-09,197.618286
2025-06-10,196.596771
2025-06-11,196.324371
2025-06-12,195.691986
2025-06-13,195.964386
2025-06-16,195.419586
2025-06-17,195.448776
2025-06-18,194.689926
2025-06-19,194.670502
2025-06-20,194.563477
2025-06-23,193.503052
2025-06-24,195.020721
2025-06-25,196.470291
2025-06-26,195.351501
2025-06-27,195.040176
2025-06-30,194.582916
2025-07-01,194.232697
2025-07-02,193.600327
2025-07-03,193.571167
2025-07-04,192.967987
2025-07-07,191.888077
2025-07-08,193.269562
2025-07-09,192.744202
2025-07-10,192.627472
2025-07-11,192.627472
2025-07-14,192.423157
2025-07-15,191.654602
2025-07-16,191.985382
2025-07-17,192.773392
2025-07-18,193.561417
2025-07-21,193.133377
2025-07-22,199.398621
2025-07-23,199.145676
2025-07-24,200.215820
2025-07-25,198.299271
2025-07-28,196.518936
2025-07-29,198.445190
2025-07-30,198.688416
2025-07-31,195.331314
2025-08-01,197.029510
2025-08-04,198.295776
2025-08-05,197.863876
2025-08-06,197.804962
2025-08-07,197.412338
2025-08-08,196.597595
2025-08-11,199.100723
2025-08-12,197.500687
2025-08-13,196.862625
2025-08-14,198.227066
2025-08-15,197.235626
2025-08-18,197.647934
2025-08-19,198.825867
2025-08-20,203.998978
2025-08-21,208.376953
2025-08-22,210.310745
2025-08-25,210.055527
2025-08-26,206.580597
2025-08-27,204.185471
2025-08-28,201.917938
2025-08-29,205.373215
2025-09-01,203.517975
2025-09-02,202.330215
2025-09-03,200.641830
2025-09-04,199.198868
2025-09-05,200.121582
2025-09-08,202.016098
2025-09-09,200.543686
2025-09-10,199.463898
2025-09-11,200.622208
2025-09-12,199.503174
2025-09-15,198.305603
2025-09-16,197.765717
2025-09-17,197.746078
2025-09-18,196.322739
2025-09-19,195.566895
2025-09-22,194.163193
2025-09-23,192.396286
2025-09-24,193.829453
2025-09-25,194.310425
2025-09-26,193.633118
2025-09-29,194.280991
2025-09-30,194.547897
2025-10-09,193.974533
2025-10-10,193.766907
2025-10-13,191.769928
2025-10-14,192.778305
2025-10-15,193.134201
2025-10-16,195.032333
2025-10-17,194.103027
2025-10-20,184.958420
2025-10-21,183.267914
2025-10-22,179.333252
2025-10-23,179.422241
2025-10-24,178.660995
2025-10-27,175.467804
2025-10-28,176.169708
2025-10-29,176.782654
2025-10-30,174.983383
2025-10-31,176.100510
2025-11-03,176.654129
2025-11-04,175.131668
2025-11-05,173.549911
2025-11-06,173.816833
2025-11-07,173.668533
2025-11-10,178.700546
2025-11-11,177.820679
2025-11-12,180.153793
2025-11-13,179.748474
2025-11-14,178.730194
2025-11-17,176.940826
2025-11-18,174.884521
2025-11-19,174.202393
2025-11-20,173.955246
2025-11-21,174.192490
2025-11-24,174.844986
2025-11-25,174.726349
2025-11-26,173.708084
2025-11-27,172.670044
2025-11-28,169.911835
2025-12-01,170.020569
2025-12-02,167.301910
2025-12-03,169.526276
2025-12-04,166.827377
2025-12-05,167.025101
2025-12-08,167.410660
2025-12-09,165.621277
2025-12-10,171.197021
2025-12-11,169.546051
2025-12-12,168.933121
2025-12-15,170.247971
2025-12-16,168.913345
2025-12-17,169.328552
2025-12-18,170.682938
2025-12-19,171.572693
2025-12-22,170.020569
2025-12-23,168.063141
2025-12-24,167.875305
2025-12-25,168.300415
2025-12-26,168.260849
2025-12-29,168.369598
2025-12-30,167.173401
2025-12-31,166.857040
2026-01-05,168.349823
2026-01-06,169.595474
2026-01-07,168.241074
2026-01-08,169.763550
2026-01-09,170.050232
2026-01-12,171.305771
2026-01-13,169.753662
2026-01-14,167.539185
2026-01-15,167.549057
2026-01-16,166.777939
2026-01-19,165.907990
2026-01-20,165.314819
2026-01-21,164.187805
2026-01-22,162.546707
2026-01-23,160.401428
2026-01-26,158.473648
2026-01-27,155.705551
2026-01-28,154.321518
2026-01-29,164.899597
2026-01-30,158.572510
2026-02-02,158.572510
2026-02-03,158.869095
2026-02-04,162.022751
2026-02-05,168.498123
2026-02-06,168.063141
2026-02-09,167.163498
2026-02-10,163.822021
2026-02-11,165.680588
2026-02-12,164.059280
2026-02-13,165.631165
2026-02-24,164.434952
2026-02-25,163.980194
2026-02-26,161.142883
2026-02-27,161.380157
2026-03-02,157.682770
2026-03-03,156.990753
2026-03-04,154.657639
2026-03-05,155.211258
2026-03-06,156.526093
2026-03-09,155.329880
2026-03-10,156.407471
2026-03-11,155.853836
2026-03-12,154.618088
2026-03-13,154.637863
2026-03-16,159.284302
2026-03-17,158.058441
2026-03-18,156.496445
2026-03-19,155.211258
2026-03-20,154.499451
2026-03-23,150.327530
2026-03-24,150.950363
2026-03-25,152.314636
2026-03-26,150.416504
2026-03-27,151.187607
2026-03-30,150.762527
2026-03-31,149.378479
2026-04-01,151.256821
2026-04-02,150.278091
2026-04-03,149.309265
2026-04-07,148.884171
2026-04-08,151.068985
2026-04-09,149.170868
2026-04-10,148.983032
2026-04-13,147.075027
2026-04-14,146.867401
2026-04-15,147.282623
2026-04-16,146.382996
2026-04-17,144.643036
2026-04-20,143.427063
2026-04-21,142.468109
2026-04-22,140.303055
2026-04-23,140.807251
2026-04-24,140.243744
2026-04-27,138.711395
2026-04-28,137.663483
2026-04-29,137.732697
2026-04-30,141.914490
2026-05-06,139.690125
2026-05-07,139.581375
2026-05-08,139.571487
2026-05-11,139.294678
2026-05-12,137.930405
2026-05-13,136.279434
2026-05-14,136.437607
2026-05-15,133.768372
2026-05-18,128.914307
2026-05-19,127.026077
2026-05-20,126.047356
2026-05-21,124.673187
2026-05-22,122.666321
2026-05-25,122.547684
2026-05-26,121.598625
2026-05-27,122.666321
2026-05-28,119.651070
2026-05-29,126.946991
2026-06-01,127.441292
2026-06-02,123.081535
2026-06-03,122.873924
2026-06-04,119.947655
2026-06-05,120.105827
2026-06-08,117.762833
2026-06-09,115.627441
2026-06-10,116.161285
2026-06-11,117.001602
2026-06-12,118.197815
2026-06-15,117.219093
2026-06-16,114.797012
2026-06-17,113.294327
2026-06-18,111.603806
2026-06-22,112.987862
2026-06-23,112.019020
2026-06-24,108.193115
2026-06-25,109.517845
2026-06-26,106.769524
2026-06-29,112.078346
2026-06-30,108.034935
2026-07-01,113.462387
2026-07-02,112.503441
2026-07-03,112.898880
2026-07-06,113.640335
2026-07-07,109.596939
2026-07-08,110.328506
2026-07-09,109.053200
2026-07-10,115.716415
2026-07-13,124.149231
2026-07-14,125.177383
2026-07-15,126.858017
2026-07-16,139.541824
2026-07-17,144.959396
2026-07-20,138.424713
2026-07-21,143.397400
2026-07-22,138.404938
2026-07-23,135.023911
2026-07-24,128.825333
2026-07-27,132.740219
2026-07-28,134.460388
2026-07-29,134.836060
2026-07-30,136.230011
2026-07-31,139.440002
2026-08-03,138.110001
2026-08-04,137.500000
2026-08-05,136.830002
2026-08-06,135.789993
2026-08-07,136.990005
2026-08-10,139.770004
2026-08-11,138.809998
2026-08-12,135.080002
2026-08-13,133.660004
2026-08-14,132.589996
2026-08-17,130.179993
2026-08-18,128.759995
2026-08-19,127.300003
2026-08-20,129.649994
2026-08-21,124.099998
2026-08-24,123.760002
2026-08-25,126.139999
2026-08-26,127.400002
2026-08-27,126.370003
2026-08-28,127.300003
2026-08-31,122.129997
2026-09-01,123.099998
2026-09-02,122.900002
2026-09-03,122.459999
2026-09-04,123.750000
2026-09-07,122.680000
2026-09-08,123.339996
2026-09-09,121.879997
2026-09-10,119.059998
2026-09-11,119.730003
