date,close
2004-01-01,1.813512
2004-01-02,1.857938
2004-01-05,1.937270
2004-01-06,2.051506
2004-01-07,2.256181
2004-01-08,2.259354
2004-01-09,2.398977
2004-01-12,2.452922
2004-01-13,2.387870
2004-01-14,2.395804
2004-01-15,2.430709
2004-01-16,2.457682
2004-01-19,2.457682
2004-01-20,2.457682
2004-01-21,2.457682
2004-01-22,2.457682
2004-01-23,2.457682
2004-01-26,2.457682
2004-01-27,2.457682
2004-01-28,2.457682
2004-01-29,2.432296
2004-01-30,2.268873
2004-02-02,2.364071
2004-02-03,2.322819
2004-02-04,2.325992
2004-02-05,2.292672
2004-02-06,2.340272
2004-02-09,2.346619
2004-02-10,2.343446
2004-02-11,2.291087
2004-02-12,2.260941
2004-02-13,2.295846
2004-02-16,2.327579
2004-02-17,2.327579
2004-02-18,2.337099
2004-02-19,2.440228
2004-02-20,2.468788
2004-02-23,2.360898
2004-02-24,2.354551
2004-02-25,2.335512
2004-02-26,2.362484
2004-02-27,2.402151
2004-03-01,2.435469
2004-03-02,2.443402
2004-03-03,2.411669
2004-03-04,2.373591
2004-03-05,2.376764
2004-03-08,2.362484
2004-03-09,2.359311
2004-03-10,2.394218
2004-03-11,2.394218
2004-03-12,2.425949
2004-03-15,2.529080
2004-03-16,2.521147
2004-03-17,2.471962
2004-03-18,2.416429
2004-03-19,2.414843
2004-03-22,2.395804
2004-03-23,2.395804
2004-03-24,2.457682
2004-03-25,2.451335
2004-03-26,2.464028
2004-03-29,2.419603
2004-03-30,2.394218
2004-03-31,2.400564
2004-04-01,2.449749
2004-04-02,2.464028
2004-04-05,2.513214
2004-04-06,2.491001
2004-04-07,2.540186
2004-04-08,2.594132
2004-04-09,2.532253
2004-04-12,2.529080
2004-04-13,2.475135
2004-04-14,2.346619
2004-04-15,2.248248
2004-04-16,2.295846
2004-04-19,2.203823
2004-04-20,2.154637
2004-04-21,2.154637
2004-04-22,2.195889
2004-04-23,2.170503
2004-04-26,2.213342
2004-04-27,2.173676
2004-04-28,2.051506
2004-04-29,2.019773
2004-04-30,2.059439
2004-05-03,2.059439
2004-05-04,2.059439
2004-05-05,2.059439
2004-05-06,2.059439
2004-05-07,2.059439
2004-05-10,1.932510
2004-05-11,1.918230
2004-05-12,1.918230
2004-05-13,1.956309
2004-05-14,1.911883
2004-05-17,1.892843
2004-05-18,1.888083
2004-05-19,1.943616
2004-05-20,1.919816
2004-05-21,1.935682
2004-05-24,1.959482
2004-05-25,1.983281
2004-05-26,2.010254
2004-05-27,2.037226
2004-05-28,2.049919
2004-05-31,2.046746
2004-06-01,2.070545
2004-06-02,2.040399
2004-06-03,2.015014
2004-06-04,1.992801
2004-06-07,2.026120
2004-06-08,1.999148
2004-06-09,2.008667
2004-06-10,2.024659
2004-06-11,1.991076
2004-06-14,1.992674
2004-06-15,2.058244
2004-06-16,2.045451
2004-06-17,1.975082
2004-06-18,1.866333
2004-06-21,1.853539
2004-06-22,1.883925
2004-06-23,1.899917
2004-06-24,1.887123
2004-06-25,1.912711
2004-06-28,1.907913
2004-06-29,1.907913
2004-06-30,1.904715
2004-07-01,1.915910
2004-07-02,1.899917
2004-07-05,1.879127
2004-07-06,1.912711
2004-07-07,1.946295
2004-07-08,1.957491
2004-07-09,1.978281
2004-07-12,1.995873
2004-07-13,1.965487
2004-07-14,1.947895
2004-07-15,2.015064
2004-07-16,2.051847
2004-07-19,2.104623
2004-07-20,2.071038
2004-07-21,2.039053
2004-07-22,1.962288
2004-07-23,1.951093
2004-07-26,1.827951
2004-07-27,1.835947
2004-07-28,1.821554
2004-07-29,1.803962
2004-07-30,1.807160
2004-08-02,1.754385
2004-08-03,1.624845
2004-08-04,1.660029
2004-08-05,1.634441
2004-08-06,1.652032
2004-08-09,1.684018
2004-08-10,1.727198
2004-08-11,1.755984
2004-08-12,1.749587
2004-08-13,1.759182
2004-08-16,1.739992
2004-08-17,1.754385
2004-08-18,1.767179
2004-08-19,1.763980
2004-08-20,1.794366
2004-08-23,1.775176
2004-08-24,1.743190
2004-08-25,1.743190
2004-08-26,1.743190
2004-08-27,1.751187
2004-08-30,1.759182
2004-08-31,1.810359
2004-09-01,1.768779
2004-09-02,1.747988
2004-09-03,1.759182
2004-09-06,1.739992
2004-09-07,1.749587
2004-09-08,1.743190
2004-09-09,1.735194
2004-09-10,1.771977
2004-09-13,1.739992
2004-09-14,1.771977
2004-09-15,1.831149
2004-09-16,1.872730
2004-09-17,1.983079
2004-09-20,2.047049
2004-09-21,2.063042
2004-09-22,2.069438
2004-09-23,2.107821
2004-09-24,2.128611
2004-09-27,2.158998
2004-09-28,2.171791
2004-09-29,2.151001
2004-09-30,2.131810
2004-10-01,2.131810
2004-10-04,2.131810
2004-10-05,2.131810
2004-10-06,2.131810
2004-10-07,2.131810
2004-10-08,2.202177
2004-10-11,2.182986
2004-10-12,2.040652
2004-10-13,1.991076
2004-10-14,1.936700
2004-10-15,1.789568
2004-10-18,1.623246
2004-10-19,1.664827
2004-10-20,1.621647
2004-10-21,1.592860
2004-10-22,1.610452
2004-10-25,1.588062
2004-10-26,1.525692
2004-10-27,1.551280
2004-10-28,1.597658
2004-10-29,1.461721
2004-11-01,1.442530
2004-11-02,1.453725
2004-11-03,1.474515
2004-11-04,1.468118
2004-11-05,1.511298
2004-11-08,1.503302
2004-11-09,1.504901
2004-11-10,1.551280
2004-11-11,1.528890
2004-11-12,1.492107
2004-11-15,1.562474
2004-11-16,1.596059
2004-11-17,1.560875
2004-11-18,1.567272
2004-11-19,1.584864
2004-11-22,1.551280
2004-11-23,1.548081
2004-11-24,1.535287
2004-11-25,1.500103
2004-11-26,1.500103
2004-11-29,1.456923
2004-11-30,1.479313
2004-12-01,1.495305
2004-12-02,1.471316
2004-12-03,1.455324
2004-12-06,1.471316
2004-12-07,1.468118
2004-12-08,1.463320
2004-12-09,1.519294
2004-12-10,1.496905
2004-12-13,1.493706
2004-12-14,1.464920
2004-12-15,1.474515
2004-12-16,1.455324
2004-12-17,1.423339
2004-12-20,1.378560
2004-12-21,1.381758
2004-12-22,1.352972
2004-12-23,1.289001
2004-12-24,1.293799
2004-12-27,1.316189
2004-12-28,1.287402
2004-12-29,1.290601
2004-12-30,1.312990
2004-12-31,1.308192
2005-01-03,1.308192
2005-01-04,1.303394
2005-01-05,1.253817
2005-01-06,1.239424
2005-01-07,1.229829
2005-01-10,1.241023
2005-01-11,1.228230
2005-01-12,1.263413
2005-01-13,1.261814
2005-01-14,1.245821
2005-01-17,1.180252
2005-01-18,1.194645
2005-01-19,1.215435
2005-01-20,1.229829
2005-01-21,1.279406
2005-01-24,1.304994
2005-01-25,1.308192
2005-01-26,1.287402
2005-01-27,1.268211
2005-01-28,1.282604
2005-01-31,1.295398
2005-02-01,1.258615
2005-02-02,1.338578
2005-02-03,1.392953
2005-02-04,1.429736
2005-02-07,1.429736
2005-02-08,1.429736
2005-02-09,1.429736
2005-02-10,1.429736
2005-02-11,1.429736
2005-02-14,1.429736
2005-02-15,1.429736
2005-02-16,1.450526
2005-02-17,1.421740
2005-02-18,1.391354
2005-02-21,1.399350
2005-02-22,1.432934
2005-02-23,1.386556
2005-02-24,1.364166
2005-02-25,1.396152
2005-02-28,1.415343
2005-03-01,1.400950
2005-03-02,1.362567
2005-03-03,1.257016
2005-03-04,1.239424
2005-03-07,1.239424
2005-03-08,1.271410
2005-03-09,1.287402
2005-03-10,1.258615
2005-03-11,1.237825
2005-03-14,1.229829
2005-03-15,1.223432
2005-03-16,1.207439
2005-03-17,1.165859
2005-03-18,1.137072
2005-03-21,1.119480
2005-03-22,1.068304
2005-03-23,1.055510
2005-03-24,1.069903
2005-03-25,1.050712
2005-03-28,1.018727
2005-03-29,1.034719
2005-03-30,1.052311
2005-03-31,1.063506
2005-04-01,1.085896
2005-04-04,1.045914
2005-04-05,1.021925
2005-04-06,1.049112
2005-04-07,1.098690
2005-04-08,1.129076
2005-04-11,1.103487
2005-04-12,1.116281
2005-04-13,1.157862
2005-04-14,1.129076
2005-04-15,1.087495
2005-04-18,1.087495
2005-04-19,1.090693
2005-04-20,1.090693
2005-04-21,1.079499
2005-04-22,1.079499
2005-04-25,1.017128
2005-04-26,1.025124
2005-04-27,0.962753
2005-04-28,0.981944
2005-04-29,1.004333
2005-05-02,1.004333
2005-05-03,1.004333
2005-05-04,1.004333
2005-05-05,1.004333
2005-05-06,1.004333
2005-05-09,0.996337
2005-05-10,1.001135
2005-05-11,1.018727
2005-05-12,1.037918
2005-05-13,1.031521
2005-05-16,1.001135
2005-05-17,1.002734
2005-05-18,1.002734
2005-05-19,1.036319
2005-05-20,1.047513
2005-05-23,1.009131
2005-05-24,1.010730
2005-05-25,0.999536
2005-05-26,0.994738
2005-05-27,0.989940
2005-05-30,1.018727
2005-05-31,1.018727
2005-06-01,0.999536
2005-06-02,0.980345
2005-06-03,1.010730
2005-06-06,1.060308
2005-06-07,1.070094
2005-06-08,1.135344
2005-06-09,1.112507
2005-06-10,1.076620
2005-06-13,1.079882
2005-06-14,1.074988
2005-06-15,1.060307
2005-06-16,1.060307
2005-06-17,1.058676
2005-06-20,1.081514
2005-06-21,1.073357
2005-06-22,1.063570
2005-06-23,1.096195
2005-06-24,1.091301
2005-06-27,1.112507
2005-06-28,1.092932
2005-06-29,1.109244
2005-06-30,1.081514
2005-07-01,1.060307
2005-07-04,1.052151
2005-07-05,1.068464
2005-07-06,1.053782
2005-07-07,1.027682
2005-07-08,1.009739
2005-07-11,1.003214
2005-07-12,1.024420
2005-07-13,1.019526
2005-07-14,1.029314
2005-07-15,1.027682
2005-07-18,0.993426
2005-07-19,1.004845
2005-07-20,1.057045
2005-07-21,1.048888
2005-07-22,1.073357
2005-07-25,1.060307
2005-07-26,1.081514
2005-07-27,1.092932
2005-07-28,1.115770
2005-07-29,1.122295
2005-08-01,1.123926
2005-08-02,1.133713
2005-08-03,1.163075
2005-08-04,1.156550
2005-08-05,1.169601
2005-08-08,1.171232
2005-08-09,1.133713
2005-08-10,1.159813
2005-08-11,1.231587
2005-08-12,1.194069
2005-08-15,1.205488
2005-08-16,1.164707
2005-08-17,1.163075
2005-08-18,1.123926
2005-08-19,1.125557
2005-08-22,1.159813
2005-08-23,1.143500
2005-08-24,1.150026
2005-08-25,1.154919
2005-08-26,1.154919
2005-08-29,1.154919
2005-08-30,1.176125
2005-08-31,1.179388
2005-09-01,1.223431
2005-09-02,1.203857
2005-09-05,1.174494
2005-09-06,1.148394
2005-09-07,1.182650
2005-09-08,1.177757
2005-09-09,1.171232
2005-09-12,1.158182
2005-09-13,1.185913
2005-09-14,1.194069
2005-09-15,1.181019
2005-09-16,1.177757
2005-09-19,1.171232
2005-09-20,1.141869
2005-09-21,1.127188
2005-09-22,1.099457
2005-09-23,1.089669
2005-09-26,1.114138
2005-09-27,1.117401
2005-09-28,1.117401
2005-09-29,1.182650
2005-09-30,1.195700
2005-10-03,1.195700
2005-10-04,1.195700
2005-10-05,1.195700
2005-10-06,1.195700
2005-10-07,1.195700
2005-10-10,1.166338
2005-10-11,1.174494
2005-10-12,1.181019
2005-10-13,1.159813
2005-10-14,1.163075
2005-10-17,1.151657
2005-10-18,1.158182
2005-10-19,1.177757
2005-10-20,1.249531
2005-10-21,1.244637
2005-10-24,1.254425
2005-10-25,1.272369
2005-10-26,1.288681
2005-10-27,1.285419
2005-10-28,1.244637
2005-10-31,1.265844
2005-11-01,1.262581
2005-11-02,1.254425
2005-11-03,1.264212
2005-11-04,1.282156
2005-11-07,1.265844
2005-11-08,1.272369
2005-11-09,1.269106
2005-11-10,1.270737
2005-11-11,1.309887
2005-11-14,1.321306
2005-11-15,1.301731
2005-11-16,1.357193
2005-11-17,1.350669
2005-11-18,1.366981
2005-11-21,1.345775
2005-11-22,1.357193
2005-11-23,1.352300
2005-11-24,1.342512
2005-11-25,1.337618
2005-11-28,1.327831
2005-11-29,1.353931
2005-11-30,1.358824
2005-12-01,1.357193
2005-12-02,1.362087
2005-12-05,1.360456
2005-12-06,1.340881
2005-12-07,1.321306
2005-12-08,1.321306
2005-12-09,1.329462
2005-12-12,1.415918
2005-12-13,1.455068
2005-12-14,1.446911
2005-12-15,1.435493
2005-12-16,1.435493
2005-12-19,1.451805
2005-12-20,1.448543
2005-12-21,1.477906
2005-12-22,1.579042
2005-12-23,1.548049
2005-12-26,1.593724
2005-12-27,1.561099
2005-12-28,1.559467
2005-12-29,1.614930
2005-12-30,1.562730
2006-01-04,1.554573
2006-01-05,1.582305
2006-01-06,1.577411
2006-01-09,1.631242
2006-01-10,1.685073
2006-01-11,1.694861
2006-01-12,1.647554
2006-01-13,1.641029
2006-01-16,1.641029
2006-01-17,1.641029
2006-01-18,1.641029
2006-01-19,1.641029
2006-01-20,1.641029
2006-01-23,1.641029
2006-01-24,1.641029
2006-01-25,1.641029
2006-02-06,1.805785
2006-02-07,1.924865
2006-02-08,1.900397
2006-02-09,1.900397
2006-02-10,1.900397
2006-02-13,1.900397
2006-02-14,1.900397
2006-02-15,1.900397
2006-02-16,1.900397
2006-02-17,1.900397
2006-02-20,1.900397
2006-02-21,1.900397
2006-02-22,1.900397
2006-02-23,1.900397
2006-02-24,1.900397
2006-02-27,1.900397
2006-02-28,1.900397
2006-03-01,2.181244
2006-03-02,1.851716
2006-03-03,1.861079
2006-03-06,1.853590
2006-03-07,1.806781
2006-03-08,1.670103
2006-03-09,1.675719
2006-03-10,1.675719
2006-03-13,1.791803
2006-03-14,1.926610
2006-03-15,1.965928
2006-03-16,1.935971
2006-03-17,1.891035
2006-03-20,1.922865
2006-03-21,1.877929
2006-03-22,1.891035
2006-03-23,1.827377
2006-03-24,1.808654
2006-03-27,1.907886
2006-03-28,1.920993
2006-03-29,1.943460
2006-03-30,1.919120
2006-03-31,1.872313
2006-04-03,1.919120
2006-04-04,1.862950
2006-04-05,1.846100
2006-04-06,1.851716
2006-04-07,1.808654
2006-04-10,1.825505
2006-04-11,1.801164
2006-04-12,1.812398
2006-04-13,1.808654
2006-04-14,1.902269
2006-04-17,1.881674
2006-04-18,1.971545
2006-04-19,2.007119
2006-04-20,2.035203
2006-04-21,2.183116
2006-04-24,2.121330
2006-04-25,2.072649
2006-04-26,2.096989
2006-04-27,2.164393
2006-04-28,2.095118
2006-05-08,2.304817
2006-05-09,2.342263
2006-05-10,2.499537
2006-05-11,2.434006
2006-05-12,2.514515
2006-05-15,2.550089
2006-05-16,2.402177
2006-05-17,2.463963
2006-05-18,2.711108
2006-05-19,2.791618
2006-05-22,2.643705
2006-05-23,2.630599
2006-05-24,2.557579
2006-05-25,2.632471
2006-05-26,2.793490
2006-05-29,2.757916
2006-05-30,2.757916
2006-05-31,2.653066
2006-06-01,2.630599
2006-06-02,2.568812
2006-06-05,2.610003
2006-06-06,2.507026
2006-06-07,2.402177
2006-06-08,2.276731
2006-06-09,2.280477
2006-06-12,2.394688
2006-06-13,2.359113
2006-06-14,2.329157
2006-06-15,2.291711
2006-06-16,2.291711
2006-06-19,2.419027
2006-06-20,2.340391
2006-06-21,2.265498
2006-06-22,2.293582
2006-06-23,2.291711
2006-06-26,2.347880
2006-06-27,2.463963
2006-06-28,2.531366
2006-06-29,2.602515
2006-06-30,2.581918
2006-07-03,2.544473
2006-07-04,2.550089
2006-07-05,2.574429
2006-07-06,2.598894
2006-07-07,2.681697
2006-07-10,2.743800
2006-07-11,2.615831
2006-07-12,2.785201
2006-07-13,2.785201
2006-07-14,2.785201
2006-07-17,2.820957
2006-07-18,2.764500
2006-07-19,2.653469
2006-07-20,2.657233
2006-07-21,2.683579
2006-07-24,2.613950
2006-07-25,2.726863
2006-07-26,2.696753
2006-07-27,2.691106
2006-07-28,2.512327
2006-07-31,2.410705
2006-08-01,2.403177
2006-08-02,2.423878
2006-08-03,2.414468
2006-08-04,2.446460
2006-08-07,2.465280
2006-08-08,2.563138
2006-08-09,2.662878
2006-08-10,2.630886
2006-08-11,2.640296
2006-08-14,2.597012
2006-08-15,2.623358
2006-08-16,2.636532
2006-08-17,2.638414
2006-08-18,2.634650
2006-08-21,2.587602
2006-08-22,2.666642
2006-08-23,2.691106
2006-08-24,2.668524
2006-08-25,2.692988
2006-08-28,2.798374
2006-08-29,2.749445
2006-08-30,2.755092
2006-08-31,2.706161
2006-09-01,2.691106
2006-09-04,2.762618
2006-09-05,2.847304
2006-09-06,2.841658
2006-09-07,2.804020
2006-09-08,2.928225
2006-09-11,3.011028
2006-09-12,3.154052
2006-09-13,3.065604
2006-09-14,3.046785
2006-09-15,3.095713
2006-09-18,3.172871
2006-09-19,3.152169
2006-09-20,3.161580
2006-09-21,3.123941
2006-09-22,3.046785
2006-09-25,2.937634
2006-09-26,2.813430
2006-09-27,2.877413
2006-09-28,2.845422
2006-09-29,2.916934
2006-10-09,2.920697
2006-10-10,2.943280
2006-10-11,3.086304
2006-10-12,3.161580
2006-10-13,3.148406
2006-10-16,3.058075
2006-10-17,3.120178
2006-10-18,3.208626
2006-10-19,3.265083
2006-10-20,3.419399
2006-10-23,3.293312
2006-10-24,3.509729
2006-10-25,3.443864
2006-10-26,3.455156
2006-10-27,3.349770
2006-10-30,3.323422
2006-10-31,3.408107
2006-11-01,3.419399
2006-11-02,3.389289
2006-11-03,3.425045
2006-11-06,3.415635
2006-11-07,3.334714
2006-11-08,3.268848
2006-11-09,3.377997
2006-11-10,3.317776
2006-11-13,3.184163
2006-11-14,3.199217
2006-11-15,3.291430
2006-11-16,3.394935
2006-11-17,3.419399
2006-11-20,3.464565
2006-11-21,3.615116
2006-11-22,3.976439
2006-11-23,4.051715
2006-11-24,4.019723
2006-11-27,4.392338
2006-11-28,4.324589
2006-11-29,4.516543
2006-11-30,4.892920
2006-12-01,4.734843
2006-12-04,4.704732
2006-12-05,4.911739
2006-12-06,4.804473
2006-12-07,4.680266
2006-12-08,4.492077
2006-12-11,4.531598
2006-12-12,4.531598
2006-12-13,4.708496
2006-12-14,4.943732
2006-12-15,4.943732
2006-12-18,5.436789
2006-12-19,5.335166
2006-12-20,5.436789
2006-12-21,5.431143
2006-12-22,5.504537
2006-12-25,5.504537
2006-12-26,5.395387
2006-12-27,5.449962
2006-12-28,5.455607
2006-12-29,5.645679
2007-01-04,5.410441
2007-01-05,5.173323
2007-01-08,5.414207
2007-01-09,5.316347
2007-01-10,5.325757
2007-01-11,5.271181
2007-01-12,5.154504
2007-01-15,5.410441
2007-01-16,5.519592
2007-01-17,5.158267
2007-01-18,5.673907
2007-01-19,5.758591
2007-01-22,5.911025
2007-01-23,6.193310
2007-01-24,6.520760
2007-01-25,6.402199
2007-01-26,6.451128
2007-01-29,6.468066
2007-01-30,6.413491
2007-01-31,6.116151
2007-02-01,6.172609
2007-02-02,5.848923
2007-02-05,5.553466
2007-02-06,5.743536
2007-02-07,5.576049
2007-02-08,5.380331
2007-02-09,5.323874
2007-02-12,5.559112
2007-02-13,5.788702
2007-02-14,5.798113
2007-02-15,5.858332
2007-02-16,5.984419
2007-02-26,5.916672
2007-02-27,5.325757
2007-02-28,5.466899
2007-03-01,5.271181
2007-03-02,5.551583
2007-03-05,5.408560
2007-03-06,5.459372
2007-03-07,5.847041
2007-03-08,6.236594
2007-03-09,6.246001
2007-03-12,6.212128
2007-03-13,6.748467
2007-03-14,6.799279
2007-03-15,6.686364
2007-03-16,6.370206
2007-03-19,6.959239
2007-03-20,6.727767
2007-03-21,6.703302
2007-03-22,6.505703
2007-03-23,6.302459
2007-03-26,6.370206
2007-03-27,6.453011
2007-03-28,6.364560
2007-03-29,6.285521
2007-03-30,6.210247
2007-04-02,6.434192
2007-04-03,6.626144
2007-04-04,6.550868
2007-04-05,6.733413
2007-04-06,6.588508
2007-04-09,6.628026
2007-04-10,7.265989
2007-04-11,7.267871
2007-04-12,7.313036
2007-04-13,7.531334
2007-04-16,7.807972
2007-04-17,7.555800
2007-04-18,7.326208
2007-04-19,6.874554
2007-04-20,7.215178
2007-04-23,7.284806
2007-04-24,7.141782
2007-04-25,7.164366
2007-04-26,7.444767
2007-04-27,7.407131
2007-04-30,7.617902
2007-05-03,7.617902
2007-05-04,7.617902
2007-05-08,8.018744
2007-05-09,7.621667
2007-05-10,7.433477
2007-05-11,7.343146
2007-05-14,8.077084
2007-05-15,8.353724
2007-05-16,8.455344
2007-05-17,8.451580
2007-05-18,8.430879
2007-05-21,9.209985
2007-05-22,9.211865
2007-05-23,9.955212
2007-05-24,9.590126
2007-05-25,9.501677
2007-05-28,9.804661
2007-05-29,10.344765
2007-05-30,9.503558
2007-05-31,10.359820
2007-06-01,9.616469
2007-06-04,9.492268
2007-06-05,9.400053
2007-06-06,9.394409
2007-06-07,9.597654
2007-06-08,9.597654
2007-06-11,10.103881
2007-06-12,10.103881
2007-06-13,10.026725
2007-06-14,10.028607
2007-06-15,9.975916
2007-06-18,10.333474
2007-06-19,10.201739
2007-06-20,10.009787
2007-06-21,10.156575
2007-06-22,10.508489
2007-06-25,10.350409
2007-06-26,10.180420
2007-06-27,10.652612
2007-06-28,10.393850
2007-06-29,11.136135
2007-07-02,10.658279
2007-07-03,10.765936
2007-07-04,10.289969
2007-07-05,9.377698
2007-07-06,9.910329
2007-07-09,10.165313
2007-07-10,9.526911
2007-07-11,9.334255
2007-07-12,9.256818
2007-07-13,9.457028
2007-07-16,9.230375
2007-07-17,9.338034
2007-07-18,9.151049
2007-07-19,8.905508
2007-07-20,9.339924
2007-07-23,9.689342
2007-07-24,9.309704
2007-07-25,9.774337
2007-07-26,9.766784
2007-07-27,9.534465
2007-07-30,9.649679
2007-07-31,9.810225
2007-08-01,9.492913
2007-08-02,9.638348
2007-08-03,9.608128
2007-08-06,9.810225
2007-08-07,10.187976
2007-08-08,9.914106
2007-08-09,10.182309
2007-08-10,10.388184
2007-08-13,10.416517
2007-08-14,10.779160
2007-08-15,10.779160
2007-08-16,10.390075
2007-08-17,10.084094
2007-08-20,10.386297
2007-08-21,10.966146
2007-08-22,11.309900
2007-08-23,12.441270
2007-08-24,12.484710
2007-08-27,12.775578
2007-08-28,12.350607
2007-08-29,11.630991
2007-08-30,11.976634
2007-08-31,12.405384
2007-09-03,12.405384
2007-09-04,12.437491
2007-09-05,12.592372
2007-09-06,12.603702
2007-09-07,12.545151
2007-09-10,12.777469
2007-09-11,13.045672
2007-09-12,13.057004
2007-09-13,14.058048
2007-09-14,15.463287
2007-09-17,15.697491
2007-09-18,15.410403
2007-09-19,15.166750
2007-09-20,16.619207
2007-09-21,16.426554
2007-09-24,16.054470
2007-09-25,15.689937
2007-09-26,15.332961
2007-09-27,15.374516
2007-09-28,15.774933
2007-10-08,15.578503
2007-10-09,15.127087
2007-10-10,16.526653
2007-10-11,17.238722
2007-10-12,17.115952
2007-10-15,16.560654
2007-10-16,16.857193
2007-10-17,16.526653
2007-10-18,16.058247
2007-10-19,16.256567
2007-10-22,15.714494
2007-10-23,15.774933
2007-10-24,16.012913
2007-10-25,15.298965
2007-10-26,15.094980
2007-10-29,15.127087
2007-10-30,14.991098
2007-10-31,15.478399
2007-11-01,14.728560
2007-11-02,14.437691
2007-11-05,13.691628
2007-11-06,13.213773
2007-11-07,13.221328
2007-11-08,12.994676
2007-11-09,12.633921
2007-11-12,12.280725
2007-11-13,12.088071
2007-11-14,13.259103
2007-11-15,13.463090
2007-11-16,13.410205
2007-11-19,13.228884
2007-11-20,13.298762
2007-11-21,13.151443
2007-11-22,12.698141
2007-11-23,12.624479
2007-11-26,12.749137
2007-11-27,12.768024
2007-11-28,12.182506
2007-11-29,12.290171
2007-11-30,12.235394
2007-12-03,12.554596
2007-12-04,12.726471
2007-12-05,12.843573
2007-12-06,12.890792
2007-12-07,13.140108
2007-12-10,13.094782
2007-12-11,12.947457
2007-12-12,12.624479
2007-12-13,11.889750
2007-12-14,12.076735
2007-12-17,11.670654
2007-12-18,11.695208
2007-12-19,12.598034
2007-12-20,12.837910
2007-12-21,12.828465
2007-12-24,13.429090
2007-12-25,13.778508
2007-12-26,13.974941
2007-12-27,13.863503
2007-12-28,13.753956
2008-01-02,14.188375
2008-01-03,13.891836
2008-01-04,14.088269
2008-01-07,14.197818
2008-01-08,13.786070
2008-01-09,13.933390
2008-01-10,14.398026
2008-01-11,14.626565
2008-01-14,15.334851
2008-01-15,14.802221
2008-01-16,14.260144
2008-01-17,13.859727
2008-01-18,13.880505
2008-01-21,12.792580
2008-01-22,11.806644
2008-01-23,12.276944
2008-01-24,12.154178
2008-01-25,12.930457
2008-01-28,13.024896
2008-01-29,13.277988
2008-01-30,13.277988
2008-01-31,12.862463
2008-02-01,12.273169
2008-02-04,13.500863
2008-02-05,13.634965
2008-02-13,13.786070
2008-02-14,13.878616
2008-02-15,14.029716
2008-02-18,14.171373
2008-02-19,14.547237
2008-02-20,13.931498
2008-02-21,13.597187
2008-02-22,12.894572
2008-02-25,12.088071
2008-02-26,11.710319
2008-02-27,12.050297
2008-02-28,12.416716
2008-02-29,12.579145
2008-03-03,12.739695
2008-03-04,12.692473
2008-03-05,12.547039
2008-03-06,12.454492
2008-03-07,11.923749
2008-03-10,11.389230
2008-03-11,11.139915
2008-03-12,10.934036
2008-03-13,10.577060
2008-03-14,10.187976
2008-03-17,9.220932
2008-03-18,8.499426
2008-03-19,8.811070
2008-03-20,8.928175
2008-03-21,9.064163
2008-03-24,9.324813
2008-03-25,9.627015
2008-03-26,9.704453
2008-03-27,9.462693
2008-03-28,10.046318
2008-03-31,10.104873
2008-04-01,9.781895
2008-04-02,9.931105
2008-04-03,10.652612
2008-04-07,10.839601
2008-04-08,10.794271
2008-04-09,9.715786
2008-04-10,9.844224
2008-04-11,10.199309
2008-04-14,9.825335
2008-04-15,9.842335
2008-04-16,9.768672
2008-04-17,9.764893
2008-04-18,9.729009
2008-04-21,9.842335
2008-04-22,10.257863
2008-04-23,10.826380
2008-04-24,11.863307
2008-04-25,11.311790
2008-04-28,10.824492
2008-04-29,10.947261
2008-04-30,11.338230
2008-05-05,11.332566
2008-05-06,11.685765
2008-05-07,11.181464
2008-05-08,11.381675
2008-05-09,11.425117
2008-05-12,11.496888
2008-05-13,12.123957
2008-05-14,12.256170
2008-05-15,12.273169
2008-05-16,12.273169
2008-05-19,12.273169
2008-05-20,12.273169
2008-05-21,12.273169
2008-05-22,11.073806
2008-05-23,10.777271
2008-05-26,10.578950
2008-05-27,10.427850
2008-05-28,10.673388
2008-05-29,10.714941
2008-05-30,10.866039
2008-06-02,10.866039
2008-06-03,10.569506
2008-06-04,10.486403
2008-06-05,9.861222
2008-06-06,10.070874
2008-06-10,9.113272
2008-06-11,9.147269
2008-06-12,9.018834
2008-06-13,8.982949
2008-06-16,9.249264
2008-06-17,9.035833
2008-06-18,9.317259
2008-06-19,8.423873
2008-06-20,8.218000
2008-06-23,7.759029
2008-06-24,7.638150
2008-06-25,7.934685
2008-06-26,7.942240
2008-06-27,7.674036
2008-06-30,7.553156
2008-07-01,7.177290
2008-07-02,7.130072
2008-07-03,7.390722
2008-07-04,7.162180
2008-07-07,7.672149
2008-07-08,7.505936
2008-07-09,7.732588
2008-07-10,8.061233
2008-07-11,8.121673
2008-07-14,8.146226
2008-07-15,7.668369
2008-07-16,7.228287
2008-07-17,7.233955
2008-07-18,7.137627
2008-07-21,7.254732
2008-07-22,6.937419
2008-07-23,7.182958
2008-07-24,7.698589
2008-07-25,7.458718
2008-07-28,7.375611
2008-07-29,7.130072
2008-07-30,7.145183
2008-07-31,6.973306
2008-08-01,6.907199
2008-08-04,6.686215
2008-08-05,6.225357
2008-08-06,6.164916
2008-08-07,5.998705
2008-08-08,5.741834
2008-08-11,5.498184
2008-08-12,5.702168
2008-08-13,5.704058
2008-08-14,5.687059
2008-08-15,5.503850
2008-08-18,4.954220
2008-08-19,4.914556
2008-08-20,5.401856
2008-08-21,5.233756
2008-08-22,5.078878
2008-08-25,5.275311
2008-08-26,5.233756
2008-08-27,5.279087
2008-08-28,5.435854
2008-08-29,5.677617
2008-09-01,5.320641
2008-09-02,5.473630
2008-09-03,5.375412
2008-09-04,5.195982
2008-09-05,4.988218
2008-09-08,5.243201
2008-09-09,5.331972
2008-09-10,5.237535
2008-09-11,4.714348
2008-09-12,4.257267
2008-09-16,4.196827
2008-09-17,4.032505
2008-09-18,3.881404
2008-09-19,4.270488
2008-09-22,4.627464
2008-09-23,4.330928
2008-09-24,4.391369
2008-09-25,4.789897
2008-09-26,4.954220
2008-10-06,4.699237
2008-10-07,4.674683
2008-10-08,4.208159
2008-10-09,4.087279
2008-10-10,4.015505
2008-10-13,4.257267
2008-10-14,4.270488
2008-10-15,4.021172
2008-10-16,3.618865
2008-10-17,3.428101
2008-10-20,3.463988
2008-10-21,3.473431
2008-10-22,3.267555
2008-10-23,3.263779
2008-10-24,3.156120
2008-10-27,2.840696
2008-10-28,2.878471
2008-10-29,2.878471
2008-10-30,3.165563
2008-10-31,3.203338
2008-11-03,3.303443
2008-11-04,3.154230
2008-11-05,3.469654
2008-11-06,3.492319
2008-11-07,3.560314
2008-11-10,3.917290
2008-11-11,4.123165
2008-11-12,4.332818
2008-11-13,4.357372
2008-11-14,4.619909
2008-11-17,4.844671
2008-11-18,4.361149
2008-11-19,4.653908
2008-11-20,4.538692
2008-11-21,4.795564
2008-11-24,4.576467
2008-11-25,4.425367
2008-11-26,4.568913
2008-11-27,5.025993
2008-11-28,5.018437
2008-12-01,5.224313
2008-12-02,5.084544
2008-12-03,5.180873
2008-12-04,5.209203
2008-12-05,5.127986
2008-12-08,5.267755
2008-12-09,5.309308
2008-12-10,5.466074
2008-12-11,5.250756
2008-12-12,4.874893
2008-12-15,4.816340
2008-12-16,5.012772
2008-12-17,5.175205
2008-12-18,5.275311
2008-12-19,5.341416
2008-12-22,5.137430
2008-12-23,4.857893
2008-12-24,4.788010
2008-12-25,4.806896
2008-12-26,4.755900
2008-12-29,4.880558
2008-12-30,4.882446
2008-12-31,4.897558
2009-01-05,5.386746
2009-01-06,5.626620
2009-01-07,5.681393
2009-01-08,5.611508
2009-01-09,5.700282
2009-01-12,5.462296
2009-01-13,5.269644
2009-01-14,5.473630
2009-01-15,5.422633
2009-01-16,5.396190
2009-01-19,5.475518
2009-01-20,5.486851
2009-01-21,5.401856
2009-01-22,5.539736
2009-01-23,5.437742
2009-02-02,5.626620
2009-02-03,5.677617
2009-02-04,5.898601
2009-02-05,5.838161
2009-02-06,5.947709
2009-02-09,6.036480
2009-02-10,5.930709
2009-02-11,6.070478
2009-02-12,5.989263
2009-02-13,6.219690
2009-02-16,6.516225
2009-02-17,6.516225
2009-02-18,6.553999
2009-02-19,6.994083
2009-02-20,6.988416
2009-02-23,6.986527
2009-02-24,6.688102
2009-02-25,6.563443
2009-02-26,6.113919
2009-02-27,5.955265
2009-03-02,6.402900
2009-03-03,6.440673
2009-03-04,6.869424
2009-03-05,6.805206
2009-03-06,6.559668
2009-03-09,6.140363
2009-03-10,6.331127
2009-03-11,6.257465
2009-03-12,6.266910
2009-03-13,6.419899
2009-03-16,6.610664
2009-03-17,6.737212
2009-03-18,6.680546
2009-03-19,6.705102
2009-03-20,6.618219
2009-03-23,6.988416
2009-03-24,7.029970
2009-03-25,6.688102
2009-03-26,6.788208
2009-03-27,6.803317
2009-03-30,6.742877
2009-03-31,6.625773
2009-04-01,6.591776
2009-04-02,6.757988
2009-04-03,6.635218
2009-04-07,6.495450
2009-04-08,6.440673
2009-04-09,6.553999
2009-04-10,6.706989
2009-04-13,7.009192
2009-04-14,7.101740
2009-04-15,7.218845
2009-04-16,7.220733
2009-04-17,7.114962
2009-04-20,7.133850
2009-04-21,7.003526
2009-04-22,6.916642
2009-04-23,7.086630
2009-04-24,7.279286
2009-04-27,7.383166
2009-04-28,7.464382
2009-04-29,7.721255
2009-04-30,8.380432
2009-05-04,8.663746
2009-05-05,8.605195
2009-05-06,8.607084
2009-05-07,8.627859
2009-05-08,8.471092
2009-05-11,8.032901
2009-05-12,8.051789
2009-05-13,8.146226
2009-05-14,8.065010
2009-05-15,8.505092
2009-05-18,8.427651
2009-05-19,8.450317
2009-05-20,8.331324
2009-05-21,8.257664
2009-05-22,8.302993
2009-05-25,8.023457
2009-05-26,7.674036
2009-05-27,7.844023
2009-06-01,8.180224
2009-06-02,8.078233
2009-06-03,8.015899
2009-06-04,7.923353
2009-06-05,7.923353
2009-06-08,7.660816
2009-06-09,7.464382
2009-06-10,7.927130
2009-06-11,7.666481
2009-06-12,7.524823
2009-06-15,7.587154
2009-06-16,7.398278
2009-06-17,7.494602
2009-06-18,7.766586
2009-06-19,7.802473
2009-06-22,7.600374
2009-06-23,7.674036
2009-06-24,8.041278
2009-06-25,8.140225
2009-06-26,7.972777
2009-06-29,8.182086
2009-06-30,8.018444
2009-07-01,7.972777
2009-07-02,7.989902
2009-07-03,7.835774
2009-07-06,7.852900
2009-07-07,7.988001
2009-07-08,8.052696
2009-07-09,8.410423
2009-07-10,8.674915
2009-07-13,8.642567
2009-07-14,8.811916
2009-07-15,8.905156
2009-07-16,8.707262
2009-07-17,8.798596
2009-07-20,9.146811
2009-07-21,9.112561
2009-07-22,9.234343
2009-07-23,9.076408
2009-07-24,8.939406
2009-07-27,9.076408
2009-07-28,9.045963
2009-07-29,8.870903
2009-07-30,8.754831
2009-07-31,9.211507
2009-08-03,9.573042
2009-08-04,10.079187
2009-08-05,9.875587
2009-08-06,9.384664
2009-08-07,9.104950
2009-08-10,9.015516
2009-08-11,9.082117
2009-08-12,8.705360
2009-08-13,8.735803
2009-08-14,8.265812
2009-08-17,8.035569
2009-08-18,8.105974
2009-08-19,7.706383
2009-08-20,7.967070
2009-08-21,8.457993
2009-08-24,8.490342
2009-08-25,8.144031
2009-08-26,8.537912
2009-08-27,8.560745
2009-08-28,8.204919
2009-08-31,7.476144
2009-09-01,7.567479
2009-09-02,7.752050
2009-09-03,8.197308
2009-09-04,8.231559
2009-09-07,8.288644
2009-09-08,8.541718
2009-09-09,8.958433
2009-09-10,8.931794
2009-09-11,8.973656
2009-09-14,8.907058
2009-09-15,8.832849
2009-09-16,8.897543
2009-09-17,9.021227
2009-09-18,8.855682
2009-09-21,8.669207
2009-09-22,8.526497
2009-09-23,8.524591
2009-09-24,8.235366
2009-09-25,8.161156
2009-09-28,8.109780
2009-09-29,8.212532
2009-09-30,8.187794
2009-10-09,8.629247
2009-10-12,8.376174
2009-10-13,8.343823
2009-10-14,8.273421
2009-10-15,8.332409
2009-10-16,8.235366
2009-10-19,8.351439
2009-10-20,8.482733
2009-10-21,8.419937
2009-10-22,8.343823
2009-10-23,8.400909
2009-10-26,8.218240
2009-10-27,8.096461
2009-10-28,8.233463
2009-10-29,8.102168
2009-10-30,8.168767
2009-11-02,8.336212
2009-11-03,8.284838
2009-11-04,8.199212
2009-11-05,8.119293
2009-11-06,8.731998
2009-11-09,8.566454
2009-11-10,8.526497
2009-11-11,8.463702
2009-11-12,8.467508
2009-11-13,8.330505
2009-11-16,8.560745
2009-11-17,8.486536
2009-11-18,8.555037
2009-11-19,8.665400
2009-11-20,8.941308
2009-11-23,9.122075
2009-11-24,8.652081
2009-11-25,8.870903
2009-11-26,8.151641
2009-11-27,8.064111
2009-11-30,8.326700
2009-12-01,8.800500
2009-12-02,8.882321
2009-12-03,8.941308
2009-12-04,8.876613
2009-12-07,8.943212
2009-12-08,8.941308
2009-12-09,8.874708
2009-12-10,9.074505
2009-12-11,9.122075
2009-12-14,9.289523
2009-12-15,9.582556
2009-12-16,9.363731
2009-12-17,9.072603
2009-12-18,8.665400
2009-12-21,8.834751
2009-12-22,8.716776
2009-12-23,8.716776
2009-12-24,9.040255
2009-12-25,9.321871
2009-12-28,9.361828
2009-12-29,9.211507
2009-12-30,9.319967
2009-12-31,9.487418
2010-01-04,9.171548
2010-01-05,9.061185
2010-01-06,9.082117
2010-01-07,8.792888
2010-01-08,8.810016
2010-01-11,8.556940
2010-01-12,8.711067
2010-01-13,8.345729
2010-01-14,8.404716
2010-01-15,8.370465
2010-01-18,8.391395
2010-01-19,8.712971
2010-01-20,8.254392
2010-01-21,8.210629
2010-01-22,7.991805
2010-01-25,7.936625
2010-01-26,7.641687
2010-01-27,7.622661
2010-01-28,7.611243
2010-01-29,7.715897
2010-02-01,7.655006
2010-02-02,7.616950
2010-02-03,7.643592
2010-02-04,7.725411
2010-02-05,7.388614
2010-02-08,7.394323
2010-02-09,7.377195
2010-02-10,7.592217
2010-02-11,7.706383
2010-02-12,7.727315
2010-02-22,7.662621
2010-02-23,7.691161
2010-02-24,7.753953
2010-02-25,7.782497
2010-02-26,7.774884
2010-03-01,7.974680
2010-03-02,7.930915
2010-03-03,7.911888
2010-03-04,7.744440
2010-03-05,7.887149
2010-03-08,7.908082
2010-03-09,8.029860
2010-03-10,8.048889
2010-03-11,8.083140
2010-03-12,7.936625
2010-03-15,7.803427
2010-03-16,7.761565
2010-03-17,7.934721
2010-03-18,7.989902
2010-03-19,7.986097
2010-03-22,8.027958
2010-03-23,8.105974
2010-03-24,8.347631
2010-03-25,8.252490
2010-03-26,8.393297
2010-03-29,8.520786
2010-03-30,8.480828
2010-03-31,8.402814
2010-04-01,8.600703
2010-04-02,8.596899
2010-04-06,8.456093
2010-04-07,8.444674
2010-04-08,8.469410
2010-04-09,8.515077
2010-04-12,8.180185
2010-04-13,8.174476
2010-04-14,8.159253
2010-04-15,8.086946
2010-04-16,7.965166
2010-04-19,7.470437
2010-04-20,7.462824
2010-04-21,7.573186
2010-04-22,7.476144
2010-04-23,7.476144
2010-04-26,7.363878
2010-04-27,7.114609
2010-04-28,6.969995
2010-04-29,7.013760
2010-04-30,7.068942
2010-05-04,6.800646
2010-05-05,6.694088
2010-05-06,6.488583
2010-05-07,6.241221
2010-05-10,6.427695
2010-05-11,6.210774
2010-05-12,6.245026
2010-05-13,6.395348
2010-05-14,6.418182
2010-05-17,6.016687
2010-05-18,6.203163
2010-05-19,6.326845
2010-05-20,6.543766
2010-05-21,6.635101
2010-05-24,6.770199
2010-05-25,6.564698
2010-05-26,6.661742
2010-05-27,6.772104
2010-05-28,6.770199
2010-05-31,6.695991
2010-06-01,6.543766
2010-06-02,6.526641
2010-06-03,6.526641
2010-06-04,6.509517
2010-06-07,6.319235
2010-06-08,6.298303
2010-06-09,6.431500
2010-06-10,6.469556
2010-06-11,6.486682
2010-06-15,6.486682
2010-06-17,6.659838
2010-06-18,6.505711
2010-06-21,6.944038
2010-06-22,6.917123
2010-06-23,6.809464
2010-06-24,6.713341
2010-06-25,6.586456
2010-06-28,6.501864
2010-06-29,6.151971
2010-06-30,6.194267
2010-07-01,6.052002
2010-07-02,6.132746
2010-07-05,6.044312
2010-07-06,6.101987
2010-07-07,6.182732
2010-07-08,6.294236
2010-07-09,6.440345
2010-07-12,6.513401
2010-07-13,6.305772
2010-07-14,6.532625
2010-07-15,6.428810
2010-07-16,6.390361
2010-07-19,6.524935
2010-07-20,6.782547
2010-07-21,6.894054
2010-07-22,6.917123
2010-07-23,7.028626
2010-07-26,6.974798
2010-07-27,6.844069
2010-07-28,7.528473
2010-07-29,7.774554
2010-07-30,7.689964
2010-08-02,7.770710
2010-08-03,7.578460
2010-08-04,7.463110
2010-08-05,7.386210
2010-08-06,7.593839
2010-08-09,7.728414
2010-08-10,7.432351
2010-08-11,7.405437
2010-08-12,7.255481
2010-08-13,7.328538
2010-08-16,7.478491
2010-08-17,7.482336
2010-08-18,7.755330
2010-08-19,7.782245
2010-08-20,7.682274
2010-08-23,7.916819
2010-08-24,8.062927
2010-08-25,8.109068
2010-08-26,8.159051
2010-08-27,8.455116
2010-08-30,8.985724
2010-08-31,9.051088
2010-09-01,8.797320
2010-09-02,9.066470
2010-09-03,8.812697
2010-09-06,8.928049
2010-09-07,9.266407
2010-09-08,9.331773
2010-09-09,9.028019
2010-09-10,8.839613
2010-09-13,8.828080
2010-09-14,8.924205
2010-09-15,8.731956
2010-09-16,8.416666
2010-09-17,8.512792
2010-09-20,8.455116
2010-09-21,8.547395
2010-09-27,8.693503
2010-09-28,8.739644
2010-09-29,8.589690
2010-09-30,8.701194
2010-10-08,8.966499
2010-10-11,9.477882
2010-10-12,9.531712
2010-10-13,9.912365
2010-10-14,9.508641
2010-10-15,9.343307
2010-10-18,8.920358
2010-10-19,9.201042
2010-10-20,9.404826
2010-10-21,9.685512
2010-10-22,10.108459
2010-10-25,10.481421
2010-10-26,10.212274
2010-10-27,9.866224
2010-10-28,9.747030
2010-10-29,10.227653
2010-11-01,10.339159
2010-11-02,9.996953
2010-11-03,9.912365
2010-11-04,9.973886
2010-11-05,10.000801
2010-11-08,10.143064
2010-11-09,10.419902
2010-11-10,10.062317
2010-11-11,9.966196
2010-11-12,9.097228
2010-11-15,8.893444
2010-11-16,8.954962
2010-11-17,8.397443
2010-11-18,8.762714
2010-11-19,8.735801
2010-11-22,8.912669
2010-11-23,8.631985
2010-11-24,8.954962
2010-11-25,9.474036
2010-11-26,9.347152
2010-11-29,9.566317
2010-11-30,10.296862
2010-12-01,10.227653
2010-12-02,10.389142
2010-12-03,10.296862
2010-12-06,10.765948
2010-12-07,11.073549
2010-12-08,10.873609
2010-12-09,10.542940
2010-12-10,10.735191
2010-12-13,11.373460
2010-12-14,11.831010
2010-12-15,11.346543
2010-12-16,11.461893
2010-12-17,11.396527
2010-12-20,10.965890
2010-12-21,11.373460
2010-12-22,11.361924
2010-12-23,10.981271
2010-12-24,10.873609
2010-12-27,11.081242
2010-12-28,10.800555
2010-12-29,10.708275
2010-12-30,10.915906
2010-12-31,11.411908
2011-01-04,11.815633
2011-01-05,11.919447
2011-01-06,12.046332
2011-01-07,11.834856
2011-01-10,11.296558
2011-01-11,11.177362
2011-01-12,11.065860
2011-01-13,10.823624
2011-01-14,10.416056
2011-01-17,10.185359
2011-01-18,10.512182
2011-01-19,10.700587
2011-01-20,10.127685
2011-01-21,10.293018
2011-01-24,10.727502
2011-01-25,10.516027
2011-01-26,10.862074
2011-01-27,11.158138
2011-01-28,11.396527
2011-01-31,11.473429
2011-02-01,11.461893
2011-02-09,11.442668
2011-02-10,11.554172
2011-02-11,11.996345
2011-02-14,12.984505
2011-02-15,13.038335
2011-02-16,13.230584
2011-02-17,13.134459
2011-02-18,12.888379
2011-02-21,12.988350
2011-02-22,12.634612
2011-02-23,12.180906
2011-02-24,12.407759
2011-02-25,13.180601
2011-02-28,13.307485
2011-03-01,13.653530
2011-03-02,13.299796
2011-03-03,13.434368
2011-03-04,13.834246
2011-03-07,14.453289
2011-03-08,14.184141
2011-03-09,14.322557
2011-03-10,14.103395
2011-03-11,13.726587
2011-03-14,13.772726
2011-03-15,13.172912
2011-03-16,13.830400
2011-03-17,13.580477
2011-03-18,13.707364
2011-03-21,13.903457
2011-03-22,14.564791
2011-03-23,14.914687
2011-03-24,15.272269
2011-03-25,15.483747
2011-03-28,15.068485
2011-03-29,15.022346
2011-03-30,15.764427
2011-03-31,15.579871
2011-04-01,15.533728
2011-04-06,15.699062
2011-04-07,16.468063
2011-04-08,16.291191
2011-04-11,16.048958
2011-04-12,15.941301
2011-04-13,16.002819
2011-04-14,15.437608
2011-04-15,15.437608
2011-04-18,15.183835
2011-04-19,14.945447
2011-04-20,14.906996
2011-04-21,15.379929
2011-04-22,15.379929
2011-04-25,14.949293
2011-04-26,15.030035
2011-04-27,15.145385
2011-04-28,14.230279
2011-04-29,14.526343
2011-05-03,14.860858
2011-05-04,14.526343
2011-05-05,14.168760
2011-05-06,14.287953
2011-05-09,14.368700
2011-05-10,14.430220
2011-05-11,14.695523
2011-05-12,14.537879
2011-05-13,14.099549
2011-05-16,13.492042
2011-05-17,13.511266
2011-05-18,13.780417
2011-05-19,13.461286
2011-05-20,13.165220
2011-05-23,13.076784
2011-05-24,13.442060
2011-05-25,13.215206
2011-05-26,13.238274
2011-05-27,13.511266
2011-05-30,13.749659
2011-05-31,13.749659
2011-06-01,14.095707
2011-06-02,14.034185
2011-06-03,14.307179
2011-06-07,13.930373
2011-06-08,13.772726
2011-06-09,13.415144
2011-06-10,13.495889
2011-06-13,13.484351
2011-06-14,14.703216
2011-06-15,14.303336
2011-06-16,14.512651
2011-06-17,14.599868
2011-06-20,14.663826
2011-06-21,15.291774
2011-06-22,15.344107
2011-06-23,16.041830
2011-06-24,15.861584
2011-06-27,15.879029
2011-06-28,16.158117
2011-06-29,15.774368
2011-06-30,16.140675
2011-07-01,16.099970
2011-07-04,16.472094
2011-07-05,16.495352
2011-07-06,16.536051
2011-07-07,16.117418
2011-07-08,15.844141
2011-07-11,16.065086
2011-07-12,15.960429
2011-07-13,16.472094
2011-07-14,16.623264
2011-07-15,16.698853
2011-07-18,16.268591
2011-07-19,15.826697
2011-07-20,15.960429
2011-07-21,15.727854
2011-07-22,15.931358
2011-07-25,15.390620
2011-07-26,15.053386
2011-07-27,15.227822
2011-07-28,14.669638
2011-07-29,14.518467
2011-08-01,14.646382
2011-08-02,14.530094
2011-08-03,14.849884
2011-08-04,15.227822
2011-08-05,15.041760
2011-08-08,14.326594
2011-08-09,14.483577
2011-08-10,14.849884
2011-08-11,14.634752
2011-08-12,14.466137
2011-08-15,14.820812
2011-08-16,14.977803
2011-08-17,14.838254
2011-08-18,13.919588
2011-08-19,13.314894
2011-08-22,12.646239
2011-08-23,13.029989
2011-08-24,12.791602
2011-08-25,13.210236
2011-08-26,13.105575
2011-08-29,12.669499
2011-08-30,12.675313
2011-08-31,12.902077
2011-09-01,12.902077
2011-09-02,12.739271
2011-09-05,11.465926
2011-09-06,10.867046
2011-09-07,11.117065
2011-09-08,10.826348
2011-09-09,10.489113
2011-09-13,10.628655
2011-09-14,10.332126
2011-09-15,10.326308
2011-09-16,10.297238
2011-09-19,9.971633
2011-09-20,10.111178
2011-09-21,10.779832
2011-09-22,10.401896
2011-09-23,10.617029
2011-09-26,10.535629
2011-09-27,10.710058
2011-09-28,10.675171
2011-09-29,10.262350
2011-09-30,10.000704
2011-10-10,10.018147
2011-10-11,10.140250
2011-10-12,10.599585
2011-10-13,11.210092
2011-10-14,11.151950
2011-10-17,11.274051
2011-10-18,10.663544
2011-10-19,10.698429
2011-10-20,10.297238
2011-10-21,10.326308
2011-10-24,10.843787
2011-10-25,11.134505
2011-10-26,11.372895
2011-10-27,11.634541
2011-10-28,11.913632
2011-10-31,11.721758
2011-11-01,11.622915
2011-11-02,11.686872
2011-11-03,11.593842
2011-11-04,11.558956
2011-11-07,11.285680
2011-11-08,11.210092
2011-11-09,11.361267
2011-11-10,10.872861
2011-11-11,10.669357
2011-11-14,10.907746
2011-11-15,10.750758
2011-11-16,10.372826
2011-11-17,10.332126
2011-11-18,10.087921
2011-11-21,10.012335
2011-11-22,10.023963
2011-11-23,9.826275
2011-11-24,9.814645
2011-11-25,9.866975
2011-11-28,9.832088
2011-11-29,10.006519
2011-11-30,9.477411
2011-12-01,9.872790
2011-12-02,9.797202
2011-12-05,9.564630
2011-12-06,9.646029
2011-12-07,9.715799
2011-12-08,9.919304
2011-12-09,9.884418
2011-12-12,9.593699
2011-12-13,9.163437
2011-12-14,8.855275
2011-12-15,8.645959
2011-12-16,8.832020
2011-12-19,8.785502
2011-12-20,8.890162
2011-12-21,8.733173
2011-12-22,8.866905
2011-12-23,9.157623
2011-12-26,9.000635
2011-12-27,8.785502
2011-12-28,8.866905
2011-12-29,8.954121
2011-12-30,9.099481
2012-01-04,8.884346
2012-01-05,8.675030
2012-01-06,8.558744
2012-01-09,9.041337
2012-01-10,9.646029
2012-01-11,9.523928
2012-01-12,9.599515
2012-01-13,9.157623
2012-01-16,8.884346
2012-01-17,9.552999
2012-01-18,9.779759
2012-01-19,9.971633
2012-01-20,10.343755
2012-01-30,10.105363
2012-01-31,10.099550
2012-02-01,9.616960
2012-02-02,9.826275
2012-02-03,9.721616
2012-02-06,9.925118
2012-02-07,9.605330
2012-02-08,9.971633
2012-02-09,10.116991
2012-02-10,10.180950
2012-02-13,10.029777
2012-02-14,9.942561
2012-02-15,10.064663
2012-02-16,9.971633
2012-02-17,9.913489
2012-02-20,10.006519
2012-02-21,10.087921
2012-02-22,10.285609
2012-02-23,10.256538
2012-02-24,10.628655
2012-02-27,10.634473
2012-02-28,10.744943
2012-02-29,10.430968
2012-03-01,10.337939
2012-03-02,10.599585
2012-03-05,10.454226
2012-03-06,9.994891
2012-03-07,9.803018
2012-03-08,9.965819
2012-03-09,10.128622
2012-03-12,9.989077
2012-03-13,10.053037
2012-03-14,9.721616
2012-03-15,9.314610
2012-03-16,9.372753
2012-03-19,9.471599
2012-03-20,9.239025
2012-03-21,9.250653
2012-03-22,9.285539
2012-03-23,9.140181
2012-03-26,9.140181
2012-03-27,9.308796
2012-03-28,9.006450
2012-03-29,9.023892
2012-03-30,9.175066
2012-04-05,9.820460
2012-04-06,9.814645
2012-04-09,9.756501
2012-04-10,9.907675
2012-04-11,9.919304
2012-04-12,10.041408
2012-04-13,10.099550
2012-04-16,9.965819
2012-04-17,9.651842
2012-04-18,9.971633
2012-04-19,10.064663
2012-04-20,10.314681
2012-04-23,10.372826
2012-04-24,10.262350
2012-04-25,10.320495
2012-04-26,10.262350
2012-04-27,10.157694
2012-05-02,10.291424
2012-05-03,10.035592
2012-05-04,9.971633
2012-05-07,9.849533
2012-05-08,9.901862
2012-05-09,9.582071
2012-05-10,9.471599
2012-05-11,9.465786
2012-05-14,9.518113
2012-05-15,9.587885
2012-05-16,9.355310
2012-05-17,9.448340
2012-05-18,9.361125
2012-05-21,9.378569
2012-05-22,9.692545
2012-05-23,9.704171
2012-05-24,9.803018
2012-05-25,9.820460
2012-05-28,10.390267
2012-05-29,10.314681
2012-05-30,10.419340
2012-05-31,10.419340
2012-06-01,10.070478
2012-06-04,9.628585
2012-06-05,9.605330
2012-06-06,9.587885
2012-06-07,9.640216
2012-06-08,9.372753
2012-06-11,9.535556
2012-06-12,9.378569
2012-06-13,9.570441
2012-06-14,9.427865
2012-06-15,9.493213
2012-06-18,9.629848
2012-06-19,9.594206
2012-06-20,9.522918
2012-06-21,9.350637
2012-06-25,8.875381
2012-06-26,8.863502
2012-06-27,8.792213
2012-06-28,8.673398
2012-06-29,8.804094
2012-07-02,8.720924
2012-07-03,8.768450
2012-07-04,8.786272
2012-07-05,8.459535
2012-07-06,8.655577
2012-07-09,8.316958
2012-07-10,8.394187
2012-07-11,8.631815
2012-07-12,8.732805
2012-07-13,8.833797
2012-07-16,8.750628
2012-07-17,9.000136
2012-07-18,8.851618
2012-07-19,8.875381
2012-07-20,8.667459
2012-07-23,8.453594
2012-07-24,8.524882
2012-07-25,8.501120
2012-07-26,8.441713
2012-07-27,8.554585
2012-07-30,8.596169
2012-07-31,8.584290
2012-08-01,8.875381
2012-08-02,8.804094
2012-08-03,8.905086
2012-08-06,8.988256
2012-08-07,8.946671
2012-08-08,8.934791
2012-08-09,9.006078
2012-08-10,8.940731
2012-08-13,8.554585
2012-08-14,8.441713
2012-08-15,8.530821
2012-08-16,8.489239
2012-08-17,8.513001
2012-08-20,8.346662
2012-08-21,8.465475
2012-08-22,8.417951
2012-08-23,8.483297
2012-08-24,8.352602
2012-08-27,8.126857
2012-08-28,8.019924
2012-08-29,7.895170
2012-08-30,7.746653
2012-08-31,7.722891
2012-09-03,7.918931
2012-09-04,7.924873
2012-09-05,7.948637
2012-09-06,8.138737
2012-09-07,8.952609
2012-09-10,9.184296
2012-09-11,8.899146
2012-09-12,9.071425
2012-09-13,8.899146
2012-09-14,9.083306
2012-09-17,8.916966
2012-09-18,8.691220
2012-09-19,8.804094
2012-09-20,8.679340
2012-09-21,8.744687
2012-09-24,9.071425
2012-09-25,9.196180
2012-09-26,9.041719
2012-09-27,9.332814
2012-09-28,9.493213
2012-10-08,9.273408
2012-10-09,9.546679
2012-10-10,9.505095
2012-10-11,9.612027
2012-10-12,9.499155
2012-10-15,9.499155
2012-10-16,9.451630
2012-10-17,9.588264
2012-10-18,9.831834
2012-10-19,10.027874
2012-10-22,10.045697
2012-10-23,9.647672
2012-10-24,9.641733
2012-10-25,9.564502
2012-10-26,9.380341
2012-10-29,9.540739
2012-10-30,9.612027
2012-10-31,9.790248
2012-11-01,10.116984
2012-11-02,10.116984
2012-11-05,10.087282
2012-11-06,9.968469
2012-11-07,9.802129
2012-11-08,9.689256
2012-11-09,9.718959
2012-11-12,9.297172
2012-11-13,9.225883
2012-11-14,9.314993
2012-11-15,9.208061
2012-11-16,9.255586
2012-11-19,9.487272
2012-11-20,9.522918
2012-11-21,9.677375
2012-11-22,9.552622
2012-11-23,9.570441
2012-11-26,9.410044
2012-11-27,9.267468
2012-11-28,9.314993
2012-11-29,9.332814
2012-11-30,9.790248
2012-12-03,9.808070
2012-12-04,9.867476
2012-12-05,10.348672
2012-12-06,10.348672
2012-12-07,10.515011
2012-12-10,10.526894
2012-12-11,10.532831
2012-12-12,10.657588
2012-12-13,10.645707
2012-12-14,11.144724
2012-12-17,11.186309
2012-12-18,11.073436
2012-12-19,11.002148
2012-12-20,10.871450
2012-12-21,10.817985
2012-12-24,10.901155
2012-12-25,11.002148
2012-12-26,11.126902
2012-12-27,10.800165
2012-12-28,10.901155
2012-12-31,10.960561
2013-01-04,11.221951
2013-01-07,11.471462
2013-01-08,11.216011
2013-01-09,11.067494
2013-01-10,11.037792
2013-01-11,10.598180
2013-01-14,10.883333
2013-01-15,10.841748
2013-01-16,10.681351
2013-01-17,10.782341
2013-01-18,10.871450
2013-01-21,11.115022
2013-01-22,11.281359
2013-01-23,11.186309
2013-01-24,11.210073
2013-01-25,11.412053
2013-01-28,12.148698
2013-01-29,12.208105
2013-01-30,12.160582
2013-01-31,11.899192
2013-02-01,12.344744
2013-02-04,12.534842
2013-02-05,12.772471
2013-02-06,12.713065
2013-02-07,12.594252
2013-02-08,12.641777
2013-02-18,12.677420
2013-02-19,11.715029
2013-02-20,11.756615
2013-02-21,11.120961
2013-02-22,10.978385
2013-02-25,11.067494
2013-02-26,10.740758
2013-02-27,10.835808
2013-02-28,11.518987
2013-03-01,11.804140
2013-03-04,10.621944
2013-03-05,10.734816
2013-03-06,10.859570
2013-03-07,10.794224
2013-03-08,10.728874
2013-03-11,10.586302
2013-03-12,10.705113
2013-03-13,10.372434
2013-03-14,10.229857
2013-03-15,9.992231
2013-03-18,9.689256
2013-03-19,10.093223
2013-03-20,10.497190
2013-03-21,10.455605
2013-03-22,10.610063
2013-03-25,10.586302
2013-03-26,10.568479
2013-03-27,10.515011
2013-03-28,10.099163
2013-03-29,10.128865
2013-04-01,10.277382
2013-04-02,10.669468
2013-04-03,10.675409
2013-04-08,10.865515
2013-04-09,11.061555
2013-04-10,10.918976
2013-04-11,11.198190
2013-04-12,11.061555
2013-04-15,11.019969
2013-04-16,11.210073
2013-04-17,11.317003
2013-04-18,11.174425
2013-04-19,11.441758
2013-04-22,11.423936
2013-04-23,10.752639
2013-04-24,10.877394
2013-04-25,10.467486
2013-04-26,10.461545
2013-05-02,10.372434
2013-05-03,10.532831
2013-05-06,10.681351
2013-05-07,10.918976
2013-05-08,10.853631
2013-05-09,10.437782
2013-05-10,10.449663
2013-05-13,10.378376
2013-05-14,10.105104
2013-05-15,10.075399
2013-05-16,10.241739
2013-05-17,10.515011
2013-05-20,10.467486
2013-05-21,10.473426
2013-05-22,10.627884
2013-05-23,10.283325
2013-05-24,10.164511
2013-05-27,10.045697
2013-05-28,10.378376
2013-05-29,10.318970
2013-05-30,10.134808
2013-05-31,10.039758
2013-06-03,10.069458
2013-06-04,9.867476
2013-06-05,9.772427
2013-06-06,9.671434
2013-06-07,9.386281
2013-06-13,8.744687
2013-06-14,8.738645
2013-06-17,8.581518
2013-06-18,8.478782
2013-06-19,8.545258
2013-06-20,8.122225
2013-06-21,8.206831
2013-06-24,7.735452
2013-06-25,7.765669
2013-06-26,7.675020
2013-06-27,7.832146
2013-06-28,8.085964
2013-07-01,7.953011
2013-07-02,7.928838
2013-07-03,7.856319
2013-07-04,7.965098
2013-07-05,8.182658
2013-07-08,8.001358
2013-07-09,7.922794
2013-07-10,8.092008
2013-07-11,8.690298
2013-07-12,8.617777
2013-07-15,8.508998
2013-07-16,8.424391
2013-07-17,8.696342
2013-07-18,8.629866
2013-07-19,8.345829
2013-07-22,8.363957
2013-07-23,8.587562
2013-07-24,8.557344
2013-07-25,8.817206
2013-07-26,9.089157
2013-07-29,8.515042
2013-07-30,8.605691
2013-07-31,8.738645
2013-08-01,8.956203
2013-08-02,9.113329
2013-08-05,9.294629
2013-08-06,9.270457
2013-08-07,9.312759
2013-08-08,9.179807
2013-08-09,9.385281
2013-08-12,9.814356
2013-08-13,10.037958
2013-08-14,9.868745
2013-08-15,9.772052
2013-08-16,9.578666
2013-08-19,9.886875
2013-08-20,9.747879
2013-08-21,9.554493
2013-08-22,9.542406
2013-08-23,9.614926
2013-08-26,9.850616
2013-08-27,9.711618
2013-08-28,9.475929
2013-08-29,9.143546
2013-08-30,9.149591
2013-09-02,9.481974
2013-09-03,9.633056
2013-09-04,9.633056
2013-09-05,9.548450
2013-09-06,9.554493
2013-09-09,9.796225
2013-09-10,9.929178
2013-09-11,10.231345
2013-09-12,10.098392
2013-09-13,9.796225
2013-09-16,9.657228
2013-09-17,9.415497
2013-09-18,9.415497
2013-09-23,9.602839
2013-09-24,9.669316
2013-09-25,9.445713
2013-09-26,9.185849
2013-09-27,9.125418
2013-09-30,9.028723
2013-10-08,9.252326
2013-10-09,9.318802
2013-10-10,9.222109
2013-10-11,9.415497
2013-10-14,9.403410
2013-10-15,9.457800
2013-10-16,9.645143
2013-10-17,9.663275
2013-10-18,9.614926
2013-10-21,9.620970
2013-10-22,9.627012
2013-10-23,9.433625
2013-10-24,9.149591
2013-10-25,8.919944
2013-10-28,8.786990
2013-10-29,9.173763
2013-10-30,9.282543
2013-10-31,9.324846
2013-11-01,9.336933
2013-11-04,9.240240
2013-11-05,9.294629
2013-11-06,9.185849
2013-11-07,9.095201
2013-11-08,9.107286
2013-11-11,9.210023
2013-11-12,9.349021
2013-11-13,9.336933
2013-11-14,9.506146
2013-11-15,9.711618
2013-11-18,10.195085
2013-11-19,10.201127
2013-11-20,10.195085
2013-11-21,10.025871
2013-11-22,9.917091
2013-11-25,10.086305
2013-11-26,10.146740
2013-11-27,10.231345
2013-11-28,10.871938
2013-11-29,10.793373
2013-12-02,10.793373
2013-12-03,11.162018
2013-12-04,11.403749
2013-12-05,11.210361
2013-12-06,11.059280
2013-12-09,11.053238
2013-12-10,11.089496
2013-12-11,10.618119
2013-12-12,10.581858
2013-12-13,10.678552
2013-12-16,10.394514
2013-12-17,10.460991
2013-12-18,10.545598
2013-12-19,10.346169
2013-12-20,10.134652
2013-12-23,10.056088
2013-12-24,10.201127
2013-12-25,10.388472
2013-12-26,10.231345
2013-12-27,10.291778
2013-12-30,10.158824
2013-12-31,10.249474
2014-01-02,9.959395
2014-01-03,9.506146
2014-01-06,9.149591
2014-01-07,9.113329
2014-01-08,9.131458
2014-01-09,9.107286
2014-01-10,9.197936
2014-01-13,9.246284
2014-01-14,9.300674
2014-01-15,9.669316
2014-01-16,9.784139
2014-01-17,9.886875
2014-01-20,9.560535
2014-01-21,9.850616
2014-01-22,10.031916
2014-01-23,10.019830
2014-01-24,10.019830
2014-01-27,9.481974
2014-01-28,9.596797
2014-01-29,9.711618
2014-01-30,9.590753
2014-02-07,10.013785
2014-02-10,10.189042
2014-02-11,10.201127
2014-02-12,10.201127
2014-02-13,10.037958
2014-02-14,9.959395
2014-02-17,10.019830
2014-02-18,9.759965
2014-02-19,9.832484
2014-02-20,9.645143
2014-02-21,9.488016
2014-02-24,9.010593
2014-02-25,8.907858
2014-02-26,8.847424
2014-02-27,8.925986
2014-02-28,9.107286
2014-03-03,8.998507
2014-03-04,8.889726
2014-03-05,8.907858
2014-03-06,9.064984
2014-03-07,8.986420
2014-03-10,8.575474
2014-03-11,8.732599
2014-03-12,8.660081
2014-03-13,8.750730
2014-03-14,8.702384
2014-03-17,8.932030
2014-03-18,8.950161
2014-03-19,9.095201
2014-03-20,8.980375
2014-03-21,9.294629
2014-03-24,9.596797
2014-03-25,9.451756
2014-03-26,9.590753
2014-03-27,9.475929
2014-03-28,9.995655
2014-03-31,9.874789
2014-04-01,9.844572
2014-04-02,10.249474
2014-04-03,10.231345
2014-04-04,10.285736
2014-04-08,10.533511
2014-04-09,10.491209
2014-04-10,11.542746
2014-04-11,11.143887
2014-04-14,11.053238
2014-04-15,10.781288
2014-04-16,10.877980
2014-04-17,10.599988
2014-04-18,10.557686
2014-04-21,10.176955
2014-04-22,10.152781
2014-04-23,10.303864
2014-04-24,10.219258
2014-04-25,10.031916
2014-04-28,10.007741
2014-04-29,10.315950
2014-04-30,10.273647
2014-05-05,10.376386
2014-05-06,10.098392
2014-05-07,10.044003
2014-05-08,10.037958
2014-05-09,9.947308
2014-05-12,10.104437
2014-05-13,10.152781
2014-05-14,10.146740
2014-05-15,10.044003
2014-05-16,10.001698
2014-05-19,9.802268
2014-05-20,9.759965
2014-05-21,9.778096
2014-05-22,9.784139
2014-05-23,9.880833
2014-05-26,9.898962
2014-05-27,9.747879
2014-05-28,9.814356
2014-05-29,9.747879
2014-05-30,9.856657
2014-06-03,9.995655
2014-06-04,9.820400
2014-06-05,9.959395
2014-06-06,9.832484
2014-06-09,9.814356
2014-06-10,9.929178
2014-06-11,9.868745
2014-06-12,9.850616
2014-06-13,9.917091
2014-06-16,10.116521
2014-06-17,9.983568
2014-06-18,9.853911
2014-06-19,9.711905
2014-06-20,9.674862
2014-06-23,9.742778
2014-06-24,9.748951
2014-06-25,9.718080
2014-06-26,9.755125
2014-06-27,9.662514
2014-06-30,9.705732
2014-07-01,9.656339
2014-07-02,9.730430
2014-07-03,10.187313
2014-07-04,10.181141
2014-07-07,10.236709
2014-07-08,10.094703
2014-07-09,9.958872
2014-07-10,10.150270
2014-07-11,10.168791
2014-07-14,10.533066
2014-07-15,10.471324
2014-07-16,10.471324
2014-07-17,10.409583
2014-07-18,10.613330
2014-07-21,10.563937
2014-07-22,10.644200
2014-07-23,10.866468
2014-07-24,11.070215
2014-07-25,11.150477
2014-07-28,11.304832
2014-07-29,11.020820
2014-07-30,11.045518
2014-07-31,11.094913
2014-08-01,10.909689
2014-08-04,11.292486
2014-08-05,11.409792
2014-08-06,11.298658
2014-08-07,11.064042
2014-08-08,11.082562
2014-08-11,11.304832
2014-08-12,11.273962
2014-08-13,11.199870
2014-08-14,11.094913
2014-08-15,11.150477
2014-08-18,11.181352
2014-08-19,11.070215
2014-08-20,10.996125
2014-08-21,10.835597
2014-08-22,10.860295
2014-08-25,10.755334
2014-08-26,10.699767
2014-08-27,10.712113
2014-08-28,10.576283
2014-08-29,10.662724
2014-09-01,10.823250
2014-09-02,10.940558
2014-09-03,11.014648
2014-09-04,11.057866
2014-09-05,11.119610
2014-09-09,11.162827
2014-09-10,10.959081
2014-09-11,10.897338
2014-09-12,10.934384
2014-09-15,10.891166
2014-09-16,10.687418
2014-09-17,10.681243
2014-09-18,10.638026
2014-09-19,10.817077
2014-09-22,10.533066
2014-09-23,10.594808
2014-09-24,10.693594
2014-09-25,10.662724
2014-09-26,10.675072
2014-09-29,10.662724
2014-09-30,10.607157
2014-10-08,10.699767
2014-10-09,10.780029
2014-10-10,10.638026
2014-10-13,10.557762
2014-10-14,10.409583
2014-10-15,10.588632
2014-10-16,10.434279
2014-10-17,10.403409
2014-10-20,10.520719
2014-10-21,10.452803
2014-10-22,10.465150
2014-10-23,10.335494
2014-10-24,10.230534
2014-10-27,10.076181
2014-10-28,10.242882
2014-10-29,10.391060
2014-10-30,10.434279
2014-10-31,10.638026
2014-11-03,10.557762
2014-11-04,10.477499
2014-11-05,10.533066
2014-11-06,10.576283
2014-11-07,10.600982
2014-11-10,10.884990
2014-11-11,10.817077
2014-11-12,11.014648
2014-11-13,11.045518
2014-11-14,11.169001
2014-11-17,10.884990
2014-11-18,10.631852
2014-11-19,10.539240
2014-11-20,10.421930
2014-11-21,10.594808
2014-11-24,10.928211
2014-11-25,10.915861
2014-11-26,10.922036
2014-11-27,10.946732
2014-11-28,11.236917
2014-12-01,11.150477
2014-12-02,11.354226
2014-12-03,11.557971
2014-12-04,12.175385
2014-12-05,11.712324
2014-12-08,12.144512
2014-12-09,12.076597
2014-12-10,12.582874
2014-12-11,12.323562
2014-12-12,12.422350
2014-12-15,12.286517
2014-12-16,12.323562
2014-12-17,12.187733
2014-12-18,12.187733
2014-12-19,12.187733
2014-12-22,12.187733
2014-12-23,12.187733
2014-12-24,12.187733
2014-12-25,12.187733
2014-12-26,12.187733
2014-12-29,12.187733
2014-12-30,13.404036
2014-12-31,13.632482
2015-01-05,14.009102
2015-01-06,13.626304
2015-01-07,13.601608
2015-01-08,13.589261
2015-01-09,13.632482
2015-01-12,13.718916
2015-01-13,13.669522
2015-01-14,13.546041
2015-01-15,13.583085
2015-01-16,13.471953
2015-01-19,12.206256
2015-01-20,12.545833
2015-01-21,12.854537
2015-01-22,12.873062
2015-01-23,12.829843
2015-01-26,12.916280
2015-01-27,12.768102
2015-01-28,12.582874
2015-01-29,12.354433
2015-01-30,12.212429
2015-02-02,12.008684
2015-02-03,12.237125
2015-02-04,12.255647
2015-02-05,12.088945
2015-02-06,11.891374
2015-02-09,11.835808
2015-02-10,12.175385
2015-02-11,12.249474
2015-02-12,12.292692
2015-02-13,12.348258
2015-02-16,12.379128
2015-02-17,12.514960
2015-02-25,12.311216
2015-02-26,12.644616
2015-02-27,12.552006
2015-03-02,12.737227
2015-03-03,12.335910
2015-03-04,12.379128
2015-03-05,12.082772
2015-03-06,12.125991
2015-03-09,12.305041
2015-03-10,12.193905
2015-03-11,12.138340
2015-03-12,12.459396
2015-03-13,12.508787
2015-03-16,12.731056
2015-03-17,12.798968
2015-03-18,13.323771
2015-03-19,13.187943
2015-03-20,13.237335
2015-03-23,13.681873
2015-03-24,13.317597
2015-03-25,13.262032
2015-03-26,13.496647
2015-03-27,13.521347
2015-03-30,14.330154
2015-03-31,14.101714
2015-04-01,14.280763
2015-04-02,14.237543
2015-04-03,14.206673
2015-04-07,14.391897
2015-04-08,14.749997
2015-04-09,14.632688
2015-04-10,14.756168
2015-04-13,14.978437
2015-04-14,15.015481
2015-04-15,14.583297
2015-04-16,14.916698
2015-04-17,15.589679
2015-04-20,15.361233
2015-04-21,15.583503
2015-04-22,15.910734
2015-04-23,15.818121
2015-04-24,15.268621
2015-04-27,15.540285
2015-04-28,15.027832
2015-04-29,14.861132
2015-04-30,14.675906
2015-05-04,15.206882
2015-05-05,14.385719
2015-05-06,14.107887
2015-05-07,14.089364
2015-05-08,14.249890
2015-05-11,14.904351
2015-05-12,14.879651
2015-05-13,14.515379
2015-05-14,14.330154
2015-05-15,14.311631
2015-05-18,14.249890
2015-05-19,14.540075
2015-05-20,14.472160
2015-05-21,14.657386
2015-05-22,15.064878
2015-05-25,15.422976
2015-05-26,15.793422
2015-05-27,16.268831
2015-05-28,15.484721
2015-05-29,15.787249
2015-06-01,16.367619
2015-06-02,16.151525
2015-06-03,15.916906
2015-06-04,15.589679
2015-06-05,16.565191
2015-06-08,16.713371
2015-06-09,16.966509
2015-06-10,16.787460
2015-06-11,16.762762
2015-06-12,16.855373
2015-06-15,17.478960
2015-06-16,16.268831
2015-06-17,16.318226
2015-06-18,15.361233
2015-06-19,14.308834
2015-06-23,14.701899
2015-06-24,14.816016
2015-06-25,14.036225
2015-06-26,12.857032
2015-06-29,12.521022
2015-06-30,13.598782
2015-07-01,12.888730
2015-07-02,12.692197
2015-07-03,12.292792
2015-07-06,13.167680
2015-07-07,12.952125
2015-07-08,11.715875
2015-07-09,12.888730
2015-07-10,14.137663
2015-07-13,14.207401
2015-07-14,13.326173
2015-07-15,12.895068
2015-07-16,12.876051
2015-07-17,13.281795
2015-07-20,13.002847
2015-07-21,12.901409
2015-07-22,12.635139
2015-07-23,13.231079
2015-07-24,12.850692
2015-07-27,11.563720
2015-07-28,11.379868
2015-07-29,12.051883
2015-07-30,11.570058
2015-07-31,11.836329
2015-08-03,12.533705
2015-08-04,13.047221
2015-08-05,13.357872
2015-08-06,13.446626
2015-08-07,13.376890
2015-08-10,13.706562
2015-08-11,13.326173
2015-08-12,13.167680
2015-08-13,13.262775
2015-08-14,13.395909
2015-08-17,13.186697
2015-08-18,12.647820
2015-08-19,12.844353
2015-08-20,12.216718
2015-08-21,11.899728
2015-08-24,10.720531
2015-08-25,9.845645
2015-08-26,10.308447
2015-08-27,10.986802
2015-08-28,11.411566
2015-08-31,11.589077
2015-09-01,11.551042
2015-09-02,11.576399
2015-09-07,11.157976
2015-09-08,11.462285
2015-09-09,11.899728
2015-09-10,11.969463
2015-09-11,11.868029
2015-09-14,12.134297
2015-09-15,11.709535
2015-09-16,12.267433
2015-09-17,11.715875
2015-09-18,11.772932
2015-09-21,11.462285
2015-09-22,11.468625
2015-09-23,11.107258
2015-09-24,11.215034
2015-09-25,11.284769
2015-09-28,11.170656
2015-09-29,10.682493
2015-09-30,10.682493
2015-10-08,11.392546
2015-10-09,11.532022
2015-10-12,11.791952
2015-10-13,11.753912
2015-10-14,11.443263
2015-10-15,11.614437
2015-10-16,11.633457
2015-10-19,11.519342
2015-10-20,11.570058
2015-10-21,11.500322
2015-10-22,11.424247
2015-10-23,11.633457
2015-10-26,11.627118
2015-10-27,11.519342
2015-10-28,11.265752
2015-10-29,11.297451
2015-10-30,11.259411
2015-11-02,11.138957
2015-11-03,11.081898
2015-11-04,11.455943
2015-11-05,11.652475
2015-11-06,11.741236
2015-11-09,11.842668
2015-11-10,11.785613
2015-11-11,11.684175
2015-11-12,11.589077
2015-11-13,11.272092
2015-11-16,11.196013
2015-11-17,11.189673
2015-11-18,11.253071
2015-11-19,11.265752
2015-11-20,11.272092
2015-11-23,11.088239
2015-11-24,10.917066
2015-11-25,10.942424
2015-11-26,10.929744
2015-11-27,10.333806
2015-11-30,10.409885
2015-12-01,10.707853
2015-12-02,11.126275
2015-12-03,11.138957
2015-12-04,10.840987
2015-12-07,10.796610
2015-12-08,10.504980
2015-12-09,10.543018
2015-12-10,10.828307
2015-12-11,10.612756
2015-12-14,10.771251
2015-12-15,10.650793
2015-12-16,10.562038
2015-12-17,10.707853
2015-12-18,10.695174
2015-12-21,11.069218
2015-12-22,11.373528
2015-12-23,11.221375
2015-12-24,11.062879
2015-12-25,11.126275
2015-12-28,10.860005
2015-12-29,10.923403
2015-12-30,10.993141
2015-12-31,10.840987
2016-01-04,10.187993
2016-01-05,10.200670
2016-01-06,10.574718
2016-01-07,9.839306
2016-01-08,10.213353
2016-01-11,9.756888
2016-01-12,9.725190
2016-01-13,9.642774
2016-01-14,9.706170
2016-01-15,9.351145
2016-01-18,9.198990
2016-01-19,9.534998
2016-01-20,9.211669
2016-01-21,9.072194
2016-01-22,9.110234
2016-01-25,9.186311
2016-01-26,8.622071
2016-01-27,8.457239
2016-01-28,8.190969
2016-01-29,8.343122
2016-02-01,8.159270
2016-02-02,8.324103
2016-02-03,8.260705
2016-02-04,8.362142
2016-02-05,8.349463
2016-02-15,8.203649
2016-02-16,8.501616
2016-02-17,8.875663
2016-02-18,9.065854
2016-02-19,9.008797
2016-02-22,9.325786
2016-02-23,9.135593
2016-02-24,9.072194
2016-02-25,8.374821
2016-02-26,8.641090
2016-02-29,8.932720
2016-03-01,9.198990
2016-03-02,10.118257
2016-03-03,9.794927
2016-03-04,10.181652
2016-03-07,10.080217
2016-03-08,9.966101
2016-03-09,9.947081
2016-03-10,9.503297
2016-03-11,9.598396
2016-03-14,9.997800
2016-03-15,10.073878
2016-03-16,10.245049
2016-03-17,10.207012
2016-03-18,10.162635
2016-03-21,10.181652
2016-03-22,10.175312
2016-03-23,10.428904
2016-03-24,10.111915
2016-03-25,9.877345
2016-03-28,9.756888
2016-03-29,9.813948
2016-03-30,10.403543
2016-03-31,10.707853
2016-04-01,10.758571
2016-04-05,10.720531
2016-04-06,10.669812
2016-04-07,10.473281
2016-04-08,10.454262
2016-04-11,10.809286
2016-04-12,10.904386
2016-04-13,11.196013
2016-04-14,11.316467
2016-04-15,11.157976
2016-04-18,11.005822
2016-04-19,11.018501
2016-04-20,10.974122
2016-04-21,10.720531
2016-04-22,10.245049
2016-04-25,10.124595
2016-04-26,10.200670
2016-04-27,10.099236
2016-04-28,10.118257
2016-04-29,10.251390
2016-05-03,10.289428
2016-05-04,9.991460
2016-05-05,10.035839
2016-05-06,9.706170
2016-05-09,9.243370
2016-05-10,9.154613
2016-05-11,9.275068
2016-05-12,9.363821
2016-05-13,9.198990
2016-05-16,9.198990
2016-05-17,9.224349
2016-05-18,9.218009
2016-05-19,9.179971
2016-05-20,9.268727
2016-05-23,9.287745
2016-05-24,9.300426
2016-05-25,9.452580
2016-05-26,9.376505
2016-05-27,9.401862
2016-05-30,9.408202
2016-05-31,9.655453
2016-06-01,9.547676
2016-06-02,9.515978
2016-06-03,9.503297
2016-06-06,9.465261
2016-06-07,9.490620
2016-06-08,9.471600
2016-06-13,9.129253
2016-06-14,9.008797
2016-06-15,9.110234
2016-06-16,9.021478
2016-06-17,9.129253
2016-06-20,9.224349
2016-06-21,9.300426
2016-06-22,9.313488
2016-06-23,9.280832
2016-06-24,9.130614
2016-06-27,9.195928
2016-06-28,9.189396
2016-06-29,9.320020
2016-06-30,9.496362
2016-07-01,9.424519
2016-07-04,9.757610
2016-07-05,9.783734
2016-07-06,9.757610
2016-07-07,9.711890
2016-07-08,9.633518
2016-07-11,9.724955
2016-07-12,10.397667
2016-07-13,10.410729
2016-07-14,10.365012
2016-07-15,10.240920
2016-07-18,10.247450
2016-07-19,10.110296
2016-07-20,10.136420
2016-07-21,10.391138
2016-07-22,10.345417
2016-07-25,10.600134
2016-07-26,10.724228
2016-07-27,10.645853
2016-07-28,10.613196
2016-07-29,10.345417
2016-08-01,10.469512
2016-08-02,10.417261
2016-08-03,10.600134
2016-08-04,10.580541
2016-08-05,10.665447
2016-08-08,11.076912
2016-08-09,11.031195
2016-08-10,11.037724
2016-08-11,11.011600
2016-08-12,11.096505
2016-08-15,11.298972
2016-08-16,10.965882
2016-08-17,11.122631
2016-08-18,10.907101
2016-08-19,10.900569
2016-08-22,10.887508
2016-08-23,11.070380
2016-08-24,11.214068
2016-08-25,11.109569
2016-08-26,11.233661
2016-08-29,11.116100
2016-08-30,11.109569
2016-08-31,11.122631
2016-09-01,11.037724
2016-09-02,11.181413
2016-09-05,11.240191
2016-09-06,11.357753
2016-09-07,11.651659
2016-09-08,11.625531
2016-09-09,11.423066
2016-09-12,11.246723
2016-09-13,11.155287
2016-09-14,10.972412
2016-09-19,11.089974
2016-09-20,10.985475
2016-09-21,10.874444
2016-09-22,11.063850
2016-09-23,10.992005
2016-09-26,10.907101
2016-09-27,10.946287
2016-09-28,10.861382
2016-09-29,10.887508
2016-09-30,11.005069
2016-10-10,11.116100
2016-10-11,11.031195
2016-10-12,10.743822
2016-10-13,10.698102
2016-10-14,10.685040
2016-10-17,10.606667
2016-10-18,10.711164
2016-10-19,10.691572
2016-10-20,10.717695
2016-10-21,10.769944
2016-10-24,11.089974
2016-10-25,11.187942
2016-10-26,11.103037
2016-10-27,11.109569
2016-10-28,11.024662
2016-10-31,11.129163
2016-11-01,11.246723
2016-11-02,11.070380
2016-11-03,11.168349
2016-11-04,11.344693
2016-11-07,11.527563
2016-11-08,11.521032
2016-11-09,11.279382
2016-11-10,11.651659
2016-11-11,11.971686
2016-11-14,12.043530
2016-11-15,11.925969
2016-11-16,11.788812
2016-11-17,11.834532
2016-11-18,11.677782
2016-11-21,11.854122
2016-11-22,11.808408
2016-11-23,11.906374
2016-11-24,12.050059
2016-11-25,12.206810
2016-11-28,12.063125
2016-11-29,12.108841
2016-11-30,11.847592
2016-12-01,12.259059
2016-12-02,12.167623
2016-12-05,11.958624
2016-12-06,11.854122
2016-12-07,11.886781
2016-12-08,12.010874
2016-12-09,11.893311
2016-12-12,11.919435
2016-12-13,12.095780
2016-12-14,11.867188
2016-12-15,11.253254
2016-12-16,11.396941
2016-12-19,11.155287
2016-12-20,11.155287
2016-12-21,11.246723
2016-12-22,11.318567
2016-12-23,11.187942
2016-12-26,11.201003
2016-12-27,11.187942
2016-12-28,11.018133
2016-12-29,10.972412
2016-12-30,11.076912
2017-01-03,11.357753
2017-01-04,11.312036
2017-01-05,11.403472
2017-01-06,11.390411
2017-01-09,11.494909
2017-01-10,11.579813
2017-01-11,11.671253
2017-01-12,11.560221
2017-01-13,11.671253
2017-01-16,11.834532
2017-01-17,11.841061
2017-01-18,12.023936
2017-01-19,12.187216
2017-01-20,12.324371
2017-01-23,12.533370
2017-01-24,13.055864
2017-01-25,13.075459
2017-01-26,13.016678
2017-02-03,13.251802
2017-02-06,12.859928
2017-02-07,12.918711
2017-02-08,12.990555
2017-02-09,13.630612
2017-02-10,13.767766
2017-02-13,13.545706
2017-02-14,13.676330
2017-02-15,13.499987
2017-02-16,13.421613
2017-02-17,13.330175
2017-02-20,13.428142
2017-02-21,13.434674
2017-02-22,13.996358
2017-02-23,13.728579
2017-02-24,13.225678
2017-02-27,13.277926
2017-02-28,13.375893
2017-03-01,13.539174
2017-03-02,13.637142
2017-03-03,13.434674
2017-03-06,13.245272
2017-03-07,13.317114
2017-03-08,13.356300
2017-03-09,13.153832
2017-03-10,13.101584
2017-03-13,13.330175
2017-03-14,13.833080
2017-03-15,14.264138
2017-03-16,14.283732
2017-03-17,14.133512
2017-03-20,14.146575
2017-03-21,14.009419
2017-03-22,13.970231
2017-03-23,14.283732
2017-03-24,14.042073
2017-03-27,13.904921
2017-03-28,13.911449
2017-03-29,13.911449
2017-03-30,13.643674
2017-03-31,13.545706
2017-04-05,13.924515
2017-04-06,14.133512
2017-04-07,13.833080
2017-04-10,14.407825
2017-04-11,14.420886
2017-04-12,14.224950
2017-04-13,14.303325
2017-04-14,14.264138
2017-04-17,14.205355
2017-04-18,13.852669
2017-04-19,13.846139
2017-04-20,14.002889
2017-04-21,14.224950
2017-04-24,14.224950
2017-04-25,13.937576
2017-04-26,14.055141
2017-04-27,13.826549
2017-04-28,13.846139
2017-05-02,13.702455
2017-05-03,13.702455
2017-05-04,13.343238
2017-05-05,13.147303
2017-05-08,13.212614
2017-05-09,12.997083
2017-05-10,13.023211
2017-05-11,13.068927
2017-05-12,13.036270
2017-05-15,13.408550
2017-05-16,13.506518
2017-05-17,13.460799
2017-05-18,13.552239
2017-05-19,13.526112
2017-05-22,13.682861
2017-05-23,13.885327
2017-05-24,13.695923
2017-05-25,13.741642
2017-05-26,13.806954
2017-05-31,13.931046
2017-06-01,14.042073
2017-06-02,13.950642
2017-06-05,13.898390
2017-06-06,13.957171
2017-06-07,14.198826
2017-06-08,14.303325
2017-06-09,14.375170
2017-06-12,14.414354
2017-06-13,14.420886
2017-06-14,13.865731
2017-06-15,13.833080
2017-06-16,13.682861
2017-06-19,13.767766
2017-06-20,13.774299
2017-06-21,13.941544
2017-06-22,14.048579
2017-06-23,14.215823
2017-06-26,14.530246
2017-06-27,14.436588
2017-06-28,14.449968
2017-06-29,15.172463
2017-06-30,15.205914
2017-07-03,15.185844
2017-07-04,15.192536
2017-07-05,15.179155
2017-07-06,15.145705
2017-07-07,15.613993
2017-07-10,15.607302
2017-07-11,15.573852
2017-07-12,15.312950
2017-07-13,15.413296
2017-07-14,15.600610
2017-07-17,15.560474
2017-07-18,15.774547
2017-07-19,16.349873
2017-07-20,16.323112
2017-07-21,16.396696
2017-07-24,15.988620
2017-07-25,15.881586
2017-07-26,15.921721
2017-07-27,15.995310
2017-07-28,15.975241
2017-07-31,16.236143
2017-08-01,16.597393
2017-08-02,16.122416
2017-08-03,15.707648
2017-08-04,15.580544
2017-08-07,15.821377
2017-08-08,15.834754
2017-08-09,15.828068
2017-08-10,16.289663
2017-08-11,15.821377
2017-08-14,15.807995
2017-08-15,15.453438
2017-08-16,15.319640
2017-08-17,15.453438
2017-08-18,15.480198
2017-08-21,15.781239
2017-08-22,15.928413
2017-08-23,15.794618
2017-08-24,15.921721
2017-08-25,16.095657
2017-08-28,16.222761
2017-08-29,16.055519
2017-08-30,16.082279
2017-08-31,15.707648
2017-09-01,15.714342
2017-09-04,15.366469
2017-09-05,15.547094
2017-09-06,15.607302
2017-09-07,15.640752
2017-09-08,15.480198
2017-09-11,15.560474
2017-09-12,16.068901
2017-09-13,16.563944
2017-09-14,17.119198
2017-09-15,16.570633
2017-09-18,16.216072
2017-09-19,16.456907
2017-09-20,16.610771
2017-09-21,16.838224
2017-09-22,17.079060
2017-09-25,17.212854
2017-09-26,16.931883
2017-09-27,17.018850
2017-09-28,16.958643
2017-09-29,16.704430
2017-10-09,16.550566
2017-10-10,16.309731
2017-10-11,16.115728
2017-10-12,16.249523
2017-10-13,16.115728
2017-10-16,16.343180
2017-10-17,16.189312
2017-10-18,16.717810
2017-10-19,16.978712
2017-10-20,17.560724
2017-10-23,17.587484
2017-10-24,17.714588
2017-10-25,17.841696
2017-10-26,17.533964
2017-10-27,17.393478
2017-10-30,17.433617
2017-10-31,17.473755
2017-11-01,16.717810
2017-11-02,16.791397
2017-11-03,16.824842
2017-11-06,16.818155
2017-11-07,16.885054
2017-11-08,17.072369
2017-11-09,17.199472
2017-11-10,16.724499
2017-11-13,17.714588
2017-11-14,17.982180
2017-11-15,17.895214
2017-11-16,18.376877
2017-11-17,18.958895
2017-11-20,19.320139
2017-11-21,19.059238
2017-11-22,19.587736
2017-11-23,19.581045
2017-11-24,19.259932
2017-11-27,18.457157
2017-11-28,20.069397
2017-11-29,21.113008
2017-11-30,20.952452
2017-12-01,20.571133
2017-12-04,20.845415
2017-12-05,21.032728
2017-12-06,20.350370
2017-12-07,19.661320
2017-12-08,19.708151
2017-12-11,20.076088
2017-12-12,19.647942
2017-12-13,19.413801
2017-12-14,19.447247
2017-12-15,18.684612
2017-12-18,19.039167
2017-12-19,19.286695
2017-12-20,19.099377
2017-12-21,19.688084
2017-12-22,19.641251
2017-12-25,19.661320
2017-12-26,20.049326
2017-12-27,19.460627
2017-12-28,19.634563
2017-12-29,19.621181
2018-01-02,21.380598
2018-01-03,21.193287
2018-01-04,21.474255
2018-01-05,21.842197
2018-01-08,22.725252
2018-01-09,22.330553
2018-01-10,22.551317
2018-01-11,20.898935
2018-01-12,21.113008
2018-01-15,20.985903
2018-01-16,21.434118
2018-01-17,21.066177
2018-01-18,21.487635
2018-01-19,21.768608
2018-01-22,22.069649
2018-01-23,22.169994
2018-01-24,21.748537
2018-01-25,22.537931
2018-01-26,23.273815
2018-01-29,23.394228
2018-01-30,22.758698
2018-01-31,23.032980
2018-02-01,23.380852
2018-02-02,24.692049
2018-02-05,24.538185
2018-02-06,23.434366
2018-02-07,22.932634
2018-02-08,21.848885
2018-02-09,20.571133
2018-02-12,21.019350
2018-02-13,21.414047
2018-02-14,22.029510
2018-02-22,22.404140
2018-02-23,22.537931
2018-02-26,23.528025
2018-02-27,22.129860
2018-02-28,21.755230
2018-03-01,22.163307
2018-03-02,21.587982
2018-03-05,21.179905
2018-03-06,21.327082
2018-03-07,21.233421
2018-03-08,21.467566
2018-03-09,21.179905
2018-03-12,21.735163
2018-03-13,21.895716
2018-03-14,22.879112
2018-03-15,22.658352
2018-03-16,22.892494
2018-03-19,22.016132
2018-03-20,22.129860
2018-03-21,21.701710
2018-03-22,21.701710
2018-03-23,21.119698
2018-03-26,21.005970
2018-03-27,21.273560
2018-03-28,20.617964
2018-03-29,21.467566
2018-03-30,21.521084
2018-04-02,21.701710
2018-04-03,22.370691
2018-04-04,21.654881
2018-04-09,22.484417
2018-04-10,23.206913
2018-04-11,22.999533
2018-04-12,22.591454
2018-04-13,22.330553
2018-04-16,21.360533
2018-04-17,21.387289
2018-04-18,21.554531
2018-04-19,21.955921
2018-04-20,21.695023
2018-04-23,21.848885
2018-04-24,22.792147
2018-04-25,22.618214
2018-04-26,22.457657
2018-04-27,22.705179
2018-05-02,23.360777
2018-05-03,22.932634
2018-05-04,23.253740
2018-05-07,23.568161
2018-05-08,24.217072
2018-05-09,24.083277
2018-05-10,24.116730
2018-05-11,23.193537
2018-05-14,23.534712
2018-05-15,23.561478
2018-05-16,23.762169
2018-05-17,23.574854
2018-05-18,23.862516
2018-05-21,24.029758
2018-05-22,23.755480
2018-05-23,22.638285
2018-05-24,22.705179
2018-05-25,22.772079
2018-05-28,22.798840
2018-05-29,22.404140
2018-05-30,21.855572
2018-05-31,22.905874
2018-06-01,22.919254
2018-06-04,23.374161
2018-06-05,23.574854
2018-06-06,24.003000
2018-06-07,23.942795
2018-06-08,23.661821
2018-06-11,23.982929
2018-06-12,24.986403
2018-06-13,24.886053
2018-06-14,24.571632
2018-06-15,24.805779
2018-06-19,23.902653
2018-06-20,23.923422
2018-06-21,24.435669
2018-06-22,24.705637
2018-06-25,24.006491
2018-06-26,23.002756
2018-06-27,22.490511
2018-06-28,22.435129
2018-06-29,23.175816
2018-07-02,22.158236
2018-07-03,21.915958
2018-07-04,21.521387
2018-07-05,21.514467
2018-07-06,21.763670
2018-07-09,22.739710
2018-07-10,23.362715
2018-07-11,23.203503
2018-07-12,23.618841
2018-07-13,23.646528
2018-07-16,22.926609
2018-07-17,23.245039
2018-07-18,22.815857
2018-07-19,23.376564
2018-07-20,24.117247
2018-07-23,24.878695
2018-07-24,26.581579
2018-07-25,26.463900
2018-07-26,25.785515
2018-07-27,26.083176
2018-07-30,27.059216
2018-07-31,26.671568
2018-08-01,25.930882
2018-08-02,26.339300
2018-08-03,25.377104
2018-08-06,25.446325
2018-08-07,26.692335
2018-08-08,26.650797
2018-08-09,26.595421
2018-08-10,26.754635
2018-08-13,26.636955
2018-08-14,26.803093
2018-08-15,25.453249
2018-08-16,25.342489
2018-08-17,24.366447
2018-08-20,25.259422
2018-08-21,25.674763
2018-08-22,25.930882
2018-08-23,25.764751
2018-08-24,25.854740
2018-08-27,26.636955
2018-08-28,26.027794
2018-08-29,26.076254
2018-08-30,25.757826
2018-08-31,25.702448
2018-09-03,25.577848
2018-09-04,25.840893
2018-09-05,24.913309
2018-09-06,24.767941
2018-09-07,24.934072
2018-09-10,23.618841
2018-09-11,22.483585
2018-09-12,22.414366
2018-09-13,22.642797
2018-09-14,22.808931
2018-09-17,22.642797
2018-09-18,24.165701
2018-09-19,24.200312
2018-09-20,24.698717
2018-09-21,25.411713
2018-09-25,25.217890
2018-09-26,25.390947
2018-09-27,25.598616
2018-09-28,25.467089
2018-10-08,24.075708
2018-10-09,23.902653
2018-10-10,24.366447
2018-10-11,23.182739
2018-10-12,24.470282
2018-10-15,23.743441
2018-10-16,23.369638
2018-10-17,23.667295
2018-10-18,22.947380
2018-10-19,23.660374
2018-10-22,24.428749
2018-10-23,22.864311
2018-10-24,22.622032
2018-10-25,21.611378
2018-10-26,21.832893
2018-10-29,21.459085
2018-10-30,21.320642
2018-10-31,22.656643
2018-11-01,23.258877
2018-11-02,23.874966
2018-11-05,23.778053
2018-11-06,23.708832
2018-11-07,23.674217
2018-11-08,23.916500
2018-11-09,23.085825
2018-11-12,23.362715
2018-11-13,23.314260
2018-11-14,23.328104
2018-11-15,23.625761
2018-11-16,22.774323
2018-11-19,22.504353
2018-11-20,22.310528
2018-11-21,22.185926
2018-11-22,22.082094
2018-11-23,21.659834
2018-11-26,22.012871
2018-11-27,21.784433
2018-11-28,21.805201
2018-11-29,21.784433
2018-11-30,22.019791
2018-12-03,22.525120
2018-12-04,22.185926
2018-12-05,21.784433
2018-12-06,21.486774
2018-12-07,21.486774
2018-12-10,21.244497
2018-12-11,21.196043
2018-12-12,21.313721
2018-12-13,22.082094
2018-12-14,21.756746
2018-12-17,21.915958
2018-12-18,21.355253
2018-12-19,21.112976
2018-12-20,20.870693
2018-12-21,20.483044
2018-12-24,20.559191
2018-12-25,20.219997
2018-12-26,20.233841
2018-12-27,20.261534
2018-12-28,20.268456
2019-01-02,19.950029
2019-01-03,19.541616
2019-01-04,19.659294
2019-01-07,20.088474
2019-01-08,20.109241
2019-01-09,20.206152
2019-01-10,20.303064
2019-01-11,20.538424
2019-01-14,20.538424
2019-01-15,21.002216
2019-01-16,20.946838
2019-01-17,21.112976
2019-01-18,21.493700
2019-01-21,21.632145
2019-01-22,21.057592
2019-01-23,21.313721
2019-01-24,21.279108
2019-01-25,21.680601
2019-01-28,22.082094
2019-01-29,22.268993
2019-01-30,22.054405
2019-01-31,22.476665
2019-02-01,22.497431
2019-02-11,22.995836
2019-02-12,23.210423
2019-02-13,23.937267
2019-02-14,23.937267
2019-02-15,23.300417
2019-02-18,24.144938
2019-02-19,24.276461
2019-02-20,24.248766
2019-02-21,24.138016
2019-02-22,24.020332
2019-02-25,24.795630
2019-02-26,24.477203
2019-02-27,24.345680
2019-02-28,24.539507
2019-03-01,25.390947
2019-03-04,25.737061
2019-03-05,25.619381
2019-03-06,25.771671
2019-03-07,25.072519
2019-03-08,24.331839
2019-03-11,24.228001
2019-03-12,24.691793
2019-03-13,24.574116
2019-03-14,24.920229
2019-03-15,25.418634
2019-03-18,25.107134
2019-03-19,25.093288
2019-03-20,25.529392
2019-03-21,26.353148
2019-03-22,25.854740
2019-03-25,24.899466
2019-03-26,24.947922
2019-03-27,25.923964
2019-03-28,25.854740
2019-03-29,26.429289
2019-04-01,27.481476
2019-04-02,27.578390
2019-04-03,28.471365
2019-04-04,29.038990
2019-04-08,30.845707
2019-04-09,29.918125
2019-04-10,30.458059
2019-04-11,29.038990
2019-04-12,28.865932
2019-04-15,29.073603
2019-04-16,29.945810
2019-04-17,29.475096
2019-04-18,29.378180
2019-04-19,29.475096
2019-04-22,28.180630
2019-04-23,28.118324
2019-04-24,28.187550
2019-04-25,27.343027
2019-04-26,27.336105
2019-05-06,26.657726
2019-05-07,27.121519
2019-05-08,26.616188
2019-05-09,26.110865
2019-05-10,26.989994
2019-05-13,26.519279
2019-05-14,26.401602
2019-05-15,27.412254
2019-05-16,27.972956
2019-05-17,26.962307
2019-05-20,26.609266
2019-05-21,27.308422
2019-05-22,27.176897
2019-05-23,26.858469
2019-05-24,27.100750
2019-05-27,27.114590
2019-05-28,27.523008
2019-05-29,27.543779
2019-05-30,27.190741
2019-05-31,27.377642
2019-06-03,27.239193
2019-06-04,26.450058
2019-06-05,26.235464
2019-06-06,26.498512
2019-06-10,26.886158
2019-06-11,28.166780
2019-06-12,28.339842
2019-06-13,28.187550
2019-06-14,28.236006
2019-06-17,28.381372
2019-06-18,28.215242
2019-06-19,28.525776
2019-06-20,29.284054
2019-06-21,29.002401
2019-06-24,29.334606
2019-06-25,28.995188
2019-06-26,29.240725
2019-06-27,29.796797
2019-06-28,29.970118
2019-07-01,30.302315
2019-07-02,30.757288
2019-07-03,30.461195
2019-07-04,30.894493
2019-07-05,31.270023
2019-07-08,30.165100
2019-07-09,30.186768
2019-07-10,29.479040
2019-07-11,29.666807
2019-07-12,29.775129
2019-07-15,29.955673
2019-07-16,29.536814
2019-07-17,29.450157
2019-07-18,29.009624
2019-07-19,29.255167
2019-07-22,29.276834
2019-07-23,29.031294
2019-07-24,29.146843
2019-07-25,29.414042
2019-07-26,29.796797
2019-07-29,29.601810
2019-07-30,29.493484
2019-07-31,28.547438
2019-08-01,28.309124
2019-08-02,27.854155
2019-08-05,27.305304
2019-08-06,27.731382
2019-08-07,27.630278
2019-08-08,27.897484
2019-08-09,27.702497
2019-08-12,27.976929
2019-08-13,27.493071
2019-08-14,27.724167
2019-08-15,27.883045
2019-08-16,28.049143
2019-08-19,28.619654
2019-08-20,28.619654
2019-08-21,28.821863
2019-08-22,28.280233
2019-08-23,28.973518
2019-08-26,28.583546
2019-08-27,28.742418
2019-08-28,28.525776
2019-08-29,28.265789
2019-08-30,28.475224
2019-09-02,29.580143
2019-09-03,30.136217
2019-09-04,30.706732
2019-09-05,30.764502
2019-09-06,31.168919
2019-09-09,30.815050
2019-09-10,30.764502
2019-09-11,30.540634
2019-09-12,30.634510
2019-09-16,30.497301
2019-09-17,30.020668
2019-09-18,30.114550
2019-09-19,30.100111
2019-09-20,30.280647
2019-09-23,29.811241
2019-09-24,29.782354
2019-09-25,29.955673
2019-09-26,30.338428
2019-09-27,29.926790
2019-09-30,29.854568
2019-10-08,30.648956
2019-10-09,30.193989
2019-10-10,30.100111
2019-10-11,31.241138
2019-10-14,31.161703
2019-10-15,30.750063
2019-10-16,30.750063
2019-10-17,30.764502
2019-10-18,30.576740
2019-10-21,30.468412
2019-10-22,30.273434
2019-10-23,30.417864
2019-10-24,30.540634
2019-10-25,30.605629
2019-10-28,30.461195
2019-10-29,30.085663
2019-10-30,30.316761
2019-10-31,30.446749
2019-11-01,31.392797
2019-11-04,32.028305
2019-11-05,31.912758
2019-11-06,31.623886
2019-11-07,31.631111
2019-11-08,31.544453
2019-11-11,30.916164
2019-11-12,31.010044
2019-11-13,30.858389
2019-11-14,31.089483
2019-11-15,30.800611
2019-11-18,31.515560
2019-11-19,32.389393
2019-11-20,32.208843
2019-11-21,32.504936
2019-11-22,33.241547
2019-11-25,34.563129
2019-11-26,33.869843
2019-11-27,33.710964
2019-11-28,33.934841
2019-11-29,33.075455
2019-12-02,33.718185
2019-12-03,33.378769
2019-12-04,33.219887
2019-12-05,33.761513
2019-12-06,34.028721
2019-12-09,34.801441
2019-12-10,34.873661
2019-12-11,35.516396
2019-12-12,34.671455
2019-12-13,35.278076
2019-12-16,35.328625
2019-12-17,35.075871
2019-12-18,34.808662
2019-12-19,34.888103
2019-12-20,34.859215
2019-12-23,35.891926
2019-12-24,36.238567
2019-12-25,36.686310
2019-12-26,37.841789
2019-12-27,37.560143
2019-12-30,38.108990
2019-12-31,39.574993
2020-01-02,40.297169
2020-01-03,39.488338
2020-01-06,38.506184
2020-01-07,38.621731
2020-01-08,38.051220
2020-01-09,38.376194
2020-01-10,38.592842
2020-01-13,38.072887
2020-01-14,38.210094
2020-01-15,37.906784
2020-01-16,37.357929
2020-01-17,37.646801
2020-01-20,38.029552
2020-01-21,36.202454
2020-01-22,36.137459
2020-01-23,34.664230
2020-02-03,32.374950
2020-02-04,34.245373
2020-02-05,34.072052
2020-02-06,34.635345
2020-02-07,34.888103
2020-02-10,37.025730
2020-02-11,37.264042
2020-02-12,37.415707
2020-02-13,37.950111
2020-02-14,38.145100
2020-02-17,38.578400
2020-02-18,37.408482
2020-02-19,37.711800
2020-02-20,37.877899
2020-02-21,37.740681
2020-02-24,38.289532
2020-02-25,37.516811
2020-02-26,38.484516
2020-02-27,40.203285
2020-02-28,39.618332
2020-03-02,43.554161
2020-03-03,42.608116
2020-03-04,42.781441
2020-03-05,42.651451
2020-03-06,41.308208
2020-03-09,40.224949
2020-03-10,41.575413
2020-03-11,40.542706
2020-03-12,39.856644
2020-03-13,39.083920
2020-03-16,37.336266
2020-03-17,36.830750
2020-03-18,37.119614
2020-03-19,36.173569
2020-03-20,38.181206
2020-03-23,37.357929
2020-03-24,39.466671
2020-03-25,39.979412
2020-03-26,39.235577
2020-03-27,40.311615
2020-03-30,40.326054
2020-03-31,39.791649
2020-04-01,39.574993
2020-04-02,39.517227
2020-04-03,39.445004
2020-04-07,41.741508
2020-04-08,41.597076
2020-04-09,41.849842
2020-04-10,41.799286
2020-04-13,42.824768
2020-04-14,43.084751
2020-04-15,41.741508
2020-04-16,41.365982
2020-04-17,42.037601
2020-04-20,43.012531
2020-04-21,42.716446
2020-04-22,42.990871
2020-04-23,41.828171
2020-04-24,41.914837
2020-04-27,42.182034
2020-04-28,42.420357
2020-04-29,43.330288
2020-04-30,43.301399
2020-05-06,43.034199
2020-05-07,43.980244
2020-05-08,43.944130
2020-05-11,44.738525
2020-05-12,44.355774
2020-05-13,44.189674
2020-05-14,42.738106
2020-05-15,42.499794
2020-05-18,42.889767
2020-05-19,42.896988
2020-05-20,42.319248
2020-05-21,42.268692
2020-05-22,41.156548
2020-05-25,40.954346
2020-05-26,41.467083
2020-05-27,41.127663
2020-05-28,41.539307
2020-05-29,41.019341
2020-06-01,42.138706
2020-06-02,41.640408
2020-06-03,41.575413
2020-06-04,40.896572
2020-06-05,40.542706
2020-06-08,40.448822
2020-06-09,40.846016
2020-06-10,41.755955
2020-06-11,40.990456
2020-06-12,40.441601
2020-06-15,40.152733
2020-06-16,40.456047
2020-06-17,40.477711
2020-06-18,40.837181
2020-06-19,40.889606
2020-06-22,40.485203
2020-06-23,39.990932
2020-06-24,40.515156
2020-06-29,39.511639
2020-06-30,39.623970
2020-07-01,41.481228
2020-07-02,42.379898
2020-07-03,42.514698
2020-07-06,43.750378
2020-07-07,43.435841
2020-07-08,43.398399
2020-07-09,44.364468
2020-07-10,42.821751
2020-07-13,43.787827
2020-07-14,43.870201
2020-07-15,42.949059
2020-07-16,41.653473
2020-07-17,42.679462
2020-07-20,46.948154
2020-07-21,45.615120
2020-07-22,45.660053
2020-07-23,45.719971
2020-07-24,44.072399
2020-07-27,44.753891
2020-07-28,44.858742
2020-07-29,45.442879
2020-07-30,46.019531
2020-07-31,45.997063
2020-08-03,46.596176
2020-08-04,46.948154
2020-08-05,46.341549
2020-08-06,45.899700
2020-08-07,46.056973
2020-08-10,46.131863
2020-08-11,45.345524
2020-08-12,44.244648
2020-08-13,44.207199
2020-08-14,44.521740
2020-08-17,45.757412
2020-08-18,45.787373
2020-08-19,45.420414
2020-08-20,44.364468
2020-08-21,44.454342
2020-08-24,46.116882
2020-08-25,45.892212
2020-08-26,45.607635
2020-08-27,45.405437
2020-08-28,46.506306
2020-08-31,45.615120
2020-09-01,45.158298
2020-09-02,44.708961
2020-09-03,44.611603
2020-09-04,44.521740
2020-09-07,43.645535
2020-09-08,44.079891
2020-09-09,43.211174
2020-09-10,43.323502
2020-09-11,43.435841
2020-09-14,44.327030
2020-09-15,44.327030
2020-09-16,44.364468
2020-09-17,43.847736
2020-09-18,44.956093
2020-09-21,44.746407
2020-09-22,43.982536
2020-09-23,43.585625
2020-09-24,42.851707
2020-09-25,42.462280
2020-09-28,42.147747
2020-09-29,41.825722
2020-09-30,41.383869
2020-10-09,41.653473
2020-10-12,42.604572
2020-10-13,42.275059
2020-10-14,41.638496
2020-10-15,41.683434
2020-10-16,41.241581
2020-10-19,40.500183
2020-10-20,40.679916
2020-10-21,40.492691
2020-10-22,39.871109
2020-10-23,39.841152
2020-10-26,38.920013
2020-10-27,39.429260
2020-10-28,38.942482
2020-10-29,38.979927
2020-10-30,38.073761
2020-11-02,38.246010
2020-11-03,38.680367
2020-11-04,40.844673
2020-11-05,40.897087
2020-11-06,40.994446
2020-11-09,41.436295
2020-11-10,40.440266
2020-11-11,41.915585
2020-11-12,41.818230
2020-11-13,41.174187
2020-11-16,42.507217
2020-11-17,43.256104
2020-11-18,43.061394
2020-11-19,42.529682
2020-11-20,42.087833
2020-11-23,42.656990
2020-11-24,42.791790
2020-11-25,41.608540
2020-11-26,41.196648
2020-11-27,41.563602
2020-11-30,42.312500
2020-12-01,42.147747
2020-12-02,41.982990
2020-12-03,41.541142
2020-12-04,41.840694
2020-12-07,40.612511
2020-12-08,40.020882
2020-12-09,39.638954
2020-12-10,39.623970
2020-12-11,39.279480
2020-12-14,38.957455
2020-12-15,39.811199
2020-12-16,39.466709
2020-12-17,39.616486
2020-12-18,39.818680
2020-12-21,39.534107
2020-12-22,38.590500
2020-12-23,38.380810
2020-12-24,38.478165
2020-12-25,38.298431
2020-12-28,37.586983
2020-12-29,38.553055
2020-12-30,38.448208
2020-12-31,38.657902
2021-01-04,39.152172
2021-01-05,38.800194
2021-01-06,41.848186
2021-01-07,41.136738
2021-01-08,42.275059
2021-01-11,42.319992
2021-01-12,42.642017
2021-01-13,42.911617
2021-01-14,42.080345
2021-01-15,41.623528
2021-01-18,41.323959
2021-01-19,41.241581
2021-01-20,40.440266
2021-01-21,39.878601
2021-01-22,39.152172
2021-01-25,39.721333
2021-01-26,38.890057
2021-01-27,38.717808
2021-01-28,38.043804
2021-01-29,37.774200
2021-02-01,37.819138
2021-02-02,37.444695
2021-02-03,37.205048
2021-02-04,36.695797
2021-02-05,37.586983
2021-02-08,38.358345
2021-02-09,38.283447
2021-02-10,38.860100
2021-02-18,38.905033
2021-02-19,40.934544
2021-02-22,40.747318
2021-02-23,39.316929
2021-02-24,39.833660
2021-02-25,40.852158
2021-02-26,39.945995
2021-03-01,39.796223
2021-03-02,40.020882
2021-03-03,40.649960
2021-03-04,39.901062
2021-03-05,38.350849
2021-03-08,38.268475
2021-03-09,37.834118
2021-03-10,38.201073
2021-03-11,39.826176
2021-03-12,40.754803
2021-03-15,40.327934
2021-03-16,40.440266
2021-03-17,39.743797
2021-03-18,39.653931
2021-03-19,38.612965
2021-03-22,38.927502
2021-03-23,38.702835
2021-03-24,37.991386
2021-03-25,38.118698
2021-03-26,38.440720
2021-03-29,38.702835
2021-03-30,38.642925
2021-03-31,38.358345
2021-04-01,38.508125
2021-04-02,38.440720
2021-04-06,38.268475
2021-04-07,38.665390
2021-04-08,38.328388
2021-04-09,37.938961
2021-04-12,37.609451
2021-04-13,37.452183
2021-04-14,37.699318
2021-04-15,37.407246
2021-04-16,37.736755
2021-04-19,38.028831
2021-04-20,37.819138
2021-04-21,37.594471
2021-04-22,37.534557
2021-04-23,37.482136
2021-04-26,37.122665
2021-04-27,36.605934
2021-04-28,37.040291
2021-04-29,37.249977
2021-04-30,36.718258
2021-05-06,36.980381
2021-05-07,37.624428
2021-05-10,37.527069
2021-05-11,37.017826
2021-05-12,36.920460
2021-05-13,36.695797
2021-05-14,37.317379
2021-05-17,37.684338
2021-05-18,37.362312
2021-05-19,37.077732
2021-05-20,36.980381
2021-05-21,36.785660
2021-05-24,36.703289
2021-05-25,37.197552
2021-05-26,37.205048
2021-05-27,37.092712
2021-05-28,36.733242
2021-05-31,36.718258
2021-06-01,36.508579
2021-06-02,36.209015
2021-06-03,36.253952
2021-06-04,36.156597
2021-06-07,36.358795
2021-06-08,36.643375
2021-06-09,36.546013
2021-06-10,36.268929
2021-06-11,36.014301
2021-06-15,35.325321
2021-06-16,35.257923
2021-06-17,34.418823
2021-06-18,33.556194
2021-06-21,32.089729
2021-06-22,32.458302
2021-06-23,32.842567
2021-06-24,32.536728
2021-06-25,32.999409
2021-06-28,33.038616
2021-06-29,32.254410
2021-06-30,32.191677
2021-07-01,32.654354
2021-07-02,31.627048
2021-07-05,31.509418
2021-07-06,31.870153
2021-07-07,31.760359
2021-07-08,30.999681
2021-07-09,30.756578
2021-07-12,30.740894
2021-07-13,30.748734
2021-07-14,30.035107
2021-07-15,30.685999
2021-07-16,30.309584
2021-07-19,29.846897
2021-07-20,30.042948
2021-07-21,30.286051
2021-07-22,30.866367
2021-07-23,30.419373
2021-07-26,29.078377
2021-07-27,27.855015
2021-07-28,27.925592
2021-07-29,27.682487
2021-07-30,27.760910
2021-08-02,30.474258
2021-08-03,30.725208
2021-08-04,30.897734
2021-08-05,31.446680
2021-08-06,30.811472
2021-08-09,32.481831
2021-08-10,32.591618
2021-08-11,32.175987
2021-08-12,32.058361
2021-08-13,32.270100
2021-08-16,32.489674
2021-08-17,32.826881
2021-08-18,33.383667
2021-08-19,32.348518
2021-08-20,33.054306
2021-08-23,32.638672
2021-08-24,31.995625
2021-08-25,31.760359
2021-08-26,30.936947
2021-08-27,30.834993
2021-08-30,29.321482
2021-08-31,31.336891
2021-09-01,33.846352
2021-09-02,33.987511
2021-09-03,34.261982
2021-09-06,35.838238
2021-09-07,35.501026
2021-09-08,34.952080
2021-09-09,36.049969
2021-09-10,37.234123
2021-09-13,38.724121
2021-09-14,38.034012
2021-09-15,35.861763
2021-09-16,36.238182
2021-09-17,36.567547
2021-09-22,36.567547
2021-09-23,37.359592
2021-09-24,34.120823
2021-09-27,32.740620
2021-09-28,32.960197
2021-09-29,32.011311
2021-09-30,31.995625
2021-10-08,32.372044
2021-10-11,32.756306
2021-10-12,32.724930
2021-10-13,32.223045
2021-10-14,31.548624
2021-10-15,31.603519
2021-10-18,32.026989
2021-10-19,31.674097
2021-10-20,31.642729
2021-10-21,31.242785
2021-10-22,31.846624
2021-10-25,30.725208
2021-10-26,30.544838
2021-10-27,29.839056
2021-10-28,29.831215
2021-10-29,29.862583
2021-11-01,29.721422
2021-11-02,29.219530
2021-11-03,29.744951
2021-11-04,29.815535
2021-11-05,29.658688
2021-11-08,29.643005
2021-11-09,29.713583
2021-11-10,28.788219
2021-11-11,30.474258
2021-11-12,29.901791
2021-11-15,29.995897
2021-11-16,29.164635
2021-11-17,29.054848
2021-11-18,29.015638
2021-11-19,29.384220
2021-11-22,29.235220
2021-11-23,29.337162
2021-11-24,29.313641
2021-11-25,29.141109
2021-11-26,28.678434
2021-11-29,28.325539
2021-11-30,28.403957
2021-12-01,28.741169
2021-12-02,30.176270
2021-12-03,30.082161
2021-12-06,30.458586
2021-12-07,31.132998
2021-12-08,30.795788
2021-12-09,31.509418
2021-12-10,30.929106
2021-12-13,31.870153
2021-12-14,30.976156
2021-12-15,31.023212
2021-12-16,31.391779
2021-12-17,31.313366
2021-12-20,31.579994
2021-12-21,32.301460
2021-12-22,32.348518
2021-12-23,32.740620
2021-12-24,32.764149
2021-12-27,32.536728
2021-12-28,32.066204
2021-12-29,31.736834
2021-12-30,31.721155
2021-12-31,31.603519
2022-01-04,32.677879
2022-01-05,33.140564
2022-01-06,33.948299
2022-01-07,34.473713
2022-01-10,34.410984
2022-01-11,34.042408
2022-01-12,32.591618
2022-01-13,31.681938
2022-01-14,30.631105
2022-01-17,30.591896
2022-01-18,31.517260
2022-01-19,33.673824
2022-01-20,33.462086
2022-01-21,32.301460
2022-01-24,32.866096
2022-01-25,32.026989
2022-01-26,32.026989
2022-01-27,31.266312
2022-01-28,30.748734
2022-02-07,33.069984
2022-02-08,32.913147
2022-02-09,32.991562
2022-02-10,34.175720
2022-02-11,34.567822
2022-02-14,33.289562
2022-02-15,33.015087
2022-02-16,33.320934
2022-02-17,33.430721
2022-02-18,34.136509
2022-02-21,33.846352
2022-02-22,33.320934
2022-02-23,32.826881
2022-02-24,31.823099
2022-02-25,31.611362
2022-02-28,31.603519
2022-03-01,31.979939
2022-03-02,31.823099
2022-03-03,32.277935
2022-03-04,31.329046
2022-03-07,31.509418
2022-03-08,30.584051
2022-03-09,29.948845
2022-03-10,30.090004
2022-03-11,29.839056
2022-03-14,29.188164
2022-03-15,27.251175
2022-03-16,27.909906
2022-03-17,29.007795
2022-03-18,29.525377
2022-03-21,29.117584
2022-03-22,29.180326
2022-03-23,29.125427
2022-03-24,28.921535
2022-03-25,28.913692
2022-03-28,29.564583
2022-03-29,29.548899
2022-03-30,30.380161
2022-03-31,30.968311
2022-04-01,31.132998
2022-04-06,32.097565
2022-04-07,31.768206
2022-04-08,32.089729
2022-04-11,31.760359
2022-04-12,31.728996
2022-04-13,31.093792
2022-04-14,31.603519
2022-04-15,31.321203
2022-04-18,31.062420
2022-04-19,30.497787
2022-04-20,29.807688
2022-04-21,29.329323
2022-04-22,30.050791
2022-04-25,29.086218
2022-04-26,29.533216
2022-04-27,30.968311
2022-04-28,31.446680
2022-04-29,31.336891
2022-05-05,31.666258
2022-05-06,30.529160
2022-05-09,30.372318
2022-05-10,30.395840
2022-05-11,30.058636
2022-05-12,29.729267
2022-05-13,29.972368
2022-05-16,29.893951
2022-05-17,29.784163
2022-05-18,29.243059
2022-05-19,29.439112
2022-05-20,29.776320
2022-05-23,29.407738
2022-05-24,28.952902
2022-05-25,29.109745
2022-05-26,29.556738
2022-05-27,29.188164
2022-05-30,29.078377
2022-05-31,28.882324
2022-06-01,29.148956
2022-06-02,28.403957
2022-06-06,27.611910
2022-06-07,27.839325
2022-06-08,28.035381
2022-06-09,27.894226
2022-06-10,27.917747
2022-06-13,27.847170
2022-06-14,28.372589
2022-06-15,28.921535
2022-06-16,28.647060
2022-06-17,29.094055
2022-06-20,29.094055
2022-06-21,28.926466
2022-06-22,28.272858
2022-06-23,28.390173
2022-06-24,28.457207
2022-06-27,28.767254
2022-06-28,28.834291
2022-06-29,29.043777
2022-06-30,29.563316
2022-07-01,29.797949
2022-07-04,30.166651
2022-07-05,30.074476
2022-07-06,29.295172
2022-07-07,29.194616
2022-07-08,29.328690
2022-07-11,29.454386
2022-07-12,29.990679
2022-07-13,29.621977
2022-07-14,29.135960
2022-07-15,28.490725
2022-07-18,29.420868
2022-07-19,29.110819
2022-07-20,28.951605
2022-07-21,28.507486
2022-07-22,27.887394
2022-07-25,27.811974
2022-07-26,28.004705
2022-07-27,27.577349
2022-07-28,27.636005
2022-07-29,27.233784
2022-08-01,27.116468
2022-08-02,26.244987
2022-08-03,25.876284
2022-08-04,26.136053
2022-08-05,26.839939
2022-08-08,27.275681
2022-08-09,27.233784
2022-08-10,27.124847
2022-08-11,27.418137
2022-08-12,27.552208
2022-08-15,27.376234
2022-08-16,27.443272
2022-08-17,27.451653
2022-08-18,26.496376
2022-08-19,26.731005
2022-08-22,26.965635
2022-08-23,26.370682
2022-08-24,26.001980
2022-08-25,26.898596
2022-08-26,26.655588
2022-08-29,26.328783
2022-08-30,25.968458
2022-08-31,26.747763
2022-09-01,26.479616
2022-09-02,26.119289
2022-09-05,25.985220
2022-09-06,25.976837
2022-09-07,25.482441
2022-09-08,25.306471
2022-09-09,26.286884
2022-09-13,26.781282
2022-09-14,26.471235
2022-09-15,27.007532
2022-09-16,26.136053
2022-09-19,25.515959
2022-09-20,24.786932
2022-09-21,24.451748
2022-09-22,24.074663
2022-09-23,24.016006
2022-09-26,23.739479
2022-09-27,23.974110
2022-09-28,23.714338
2022-09-29,23.555126
2022-09-30,24.141699
2022-10-10,23.622166
2022-10-11,23.421055
2022-10-12,23.747860
2022-10-13,23.990868
2022-10-14,24.217117
2022-10-17,23.990868
2022-10-18,23.781376
2022-10-19,23.479712
2022-10-20,23.312119
2022-10-21,23.286982
2022-10-24,22.239527
2022-10-25,22.465776
2022-10-26,22.423878
2022-10-27,22.666885
2022-10-28,21.200451
2022-10-31,20.345730
2022-11-01,21.175312
2022-11-02,21.183693
2022-11-03,20.898787
2022-11-04,21.535639
2022-11-07,21.837305
2022-11-08,21.795404
2022-11-09,21.795404
2022-11-10,21.820547
2022-11-11,22.624989
2022-11-14,23.111008
2022-11-15,24.376329
2022-11-16,23.907072
2022-11-17,23.781376
2022-11-18,23.362394
2022-11-21,23.060728
2022-11-22,23.178043
2022-11-23,23.119387
2022-11-24,23.219942
2022-11-25,23.647301
2022-11-28,23.002073
2022-11-29,24.300915
2022-11-30,23.957348
2022-12-01,23.965729
2022-12-02,23.613785
2022-12-05,24.971283
2022-12-06,24.393091
2022-12-07,24.133320
2022-12-08,24.292534
2022-12-09,25.348368
2022-12-12,24.753414
2022-12-13,24.887489
2022-12-14,24.887489
2022-12-15,24.133320
2022-12-16,24.837208
2022-12-19,24.032766
2022-12-20,23.563507
2022-12-21,23.647301
2022-12-22,23.831656
2022-12-23,23.714338
2022-12-26,23.462950
2022-12-27,23.588644
2022-12-28,23.395914
2022-12-29,22.943415
2022-12-30,22.943415
2023-01-03,23.219942
2023-01-04,23.580267
2023-01-05,23.781376
2023-01-06,23.948971
2023-01-09,23.831656
2023-01-10,23.756239
2023-01-11,23.923828
2023-01-12,23.504847
2023-01-13,24.233875
2023-01-16,24.569059
2023-01-17,24.460125
2023-01-18,24.326052
2023-01-19,24.351192
2023-01-20,24.703136
2023-01-30,24.409849
2023-01-31,24.652857
2023-02-01,24.736654
2023-02-02,24.803692
2023-02-03,24.359571
2023-02-06,23.999247
2023-02-07,24.191978
2023-02-08,23.957348
2023-02-09,24.041145
2023-02-10,24.217117
2023-02-13,25.155634
2023-02-14,25.105356
2023-02-15,25.130495
2023-02-16,25.239431
2023-02-17,25.189154
2023-02-20,26.613691
2023-02-21,26.772905
2023-02-22,26.429338
2023-02-23,26.613691
2023-02-24,26.052254
2023-02-27,25.725452
2023-02-28,25.708693
2023-03-01,26.177950
2023-03-02,26.513134
2023-03-03,26.580170
2023-03-06,25.918182
2023-03-07,25.440542
2023-03-08,25.306471
2023-03-09,24.879107
2023-03-10,24.460125
2023-03-13,24.502026
2023-03-14,24.351192
2023-03-15,24.828829
2023-03-16,24.644478
2023-03-17,24.627718
2023-03-20,24.418228
2023-03-21,24.451748
2023-03-22,24.468508
2023-03-23,24.493645
2023-03-24,24.259018
2023-03-27,23.647301
2023-03-28,23.613785
2023-03-29,23.504847
2023-03-30,23.789759
2023-03-31,23.672441
2023-04-03,23.747860
2023-04-04,23.948971
2023-04-06,23.798136
2023-04-07,23.957348
2023-04-10,23.932211
2023-04-11,24.351192
2023-04-12,24.384710
2023-04-13,23.990868
2023-04-14,23.974110
2023-04-17,23.948971
2023-04-18,23.881933
2023-04-19,23.437813
2023-04-20,23.462950
2023-04-21,23.094248
2023-04-24,22.708786
2023-04-25,22.624989
2023-04-26,22.516054
2023-04-27,22.340084
2023-04-28,22.524433
2023-05-04,22.633368
2023-05-05,22.675264
2023-05-08,22.985313
2023-05-09,23.178043
2023-05-10,23.002073
2023-05-11,22.935036
2023-05-12,22.675264
2023-05-15,22.859617
2023-05-16,22.490913
2023-05-17,22.180866
2023-05-18,22.164110
2023-05-19,22.097073
2023-05-22,22.331701
2023-05-23,22.214388
2023-05-24,21.736750
2023-05-25,21.451841
2023-05-26,21.887583
2023-05-29,21.326147
2023-05-30,21.183693
2023-05-31,20.999342
2023-06-01,20.949064
2023-06-02,21.342905
2023-06-05,21.435083
2023-06-06,21.309387
2023-06-07,21.468601
2023-06-08,22.222765
2023-06-09,21.962997
2023-06-12,21.418324
2023-06-13,21.527258
2023-06-14,21.594294
2023-06-15,22.063555
2023-06-16,22.314941
2023-06-19,22.021656
2023-06-20,21.577669
2023-06-21,21.320160
2023-06-26,20.947212
2023-06-27,21.595430
2023-06-28,21.435596
2023-06-29,21.027130
2023-06-30,21.080408
2023-07-03,21.293520
2023-07-04,21.231363
2023-07-05,21.071527
2023-07-06,20.911692
2023-07-07,20.814018
2023-07-10,20.831776
2023-07-11,20.858416
2023-07-12,20.645304
2023-07-13,20.893934
2023-07-14,20.938334
2023-07-17,20.822897
2023-07-18,20.822897
2023-07-19,20.929451
2023-07-20,21.009371
2023-07-21,21.160326
2023-07-24,21.204723
2023-07-25,21.932858
2023-07-26,22.128212
2023-07-27,22.314686
2023-07-28,22.998421
2023-07-31,24.099506
2023-08-01,23.673283
2023-08-02,23.877514
2023-08-03,23.975189
2023-08-04,23.753199
2023-08-07,23.380251
2023-08-08,23.025063
2023-08-09,23.104979
2023-08-10,23.007303
2023-08-11,22.510040
2023-08-14,22.518919
2023-08-15,22.527800
2023-08-16,22.660995
2023-08-17,22.767551
2023-08-18,22.803070
2023-08-21,22.660995
2023-08-22,23.158258
2023-08-23,23.007303
2023-08-24,22.900747
2023-08-25,23.167139
2023-08-28,23.540085
2023-08-29,23.398010
2023-08-30,23.113859
2023-08-31,22.803070
2023-09-01,23.433529
2023-09-04,24.206062
2023-09-05,23.477928
2023-09-06,23.353609
2023-09-07,23.087219
2023-09-08,23.069460
2023-09-11,22.936266
2023-09-12,22.767551
2023-09-13,22.820831
2023-09-14,23.122742
2023-09-15,23.469048
2023-09-18,23.007303
2023-09-19,23.637764
2023-09-20,23.930792
2023-09-21,23.548964
2023-09-22,23.673283
2023-09-25,23.495686
2023-09-26,23.220415
2023-09-27,23.149378
2023-09-28,23.113859
2023-10-09,22.740913
2023-10-10,22.261406
2023-10-11,22.128212
2023-10-12,22.723154
2023-10-13,22.385723
2023-10-16,22.225889
2023-10-17,22.083815
2023-10-18,22.057175
2023-10-19,21.497753
2023-10-20,21.364559
2023-10-23,20.964972
2023-10-24,20.787378
2023-10-25,22.137094
2023-10-26,21.382318
2023-10-27,21.764145
2023-10-30,21.604311
2023-10-31,21.479996
2023-11-01,21.133686
2023-11-02,21.062645
2023-11-03,21.107048
2023-11-06,21.391197
2023-11-07,21.186966
2023-11-08,21.089289
2023-11-09,21.178085
2023-11-10,20.893934
2023-11-13,20.929451
2023-11-14,20.867294
2023-11-15,21.249125
2023-11-16,21.151445
2023-11-17,20.796257
2023-11-20,20.822897
2023-11-21,21.089289
2023-11-22,20.964972
2023-11-23,21.080408
2023-11-24,21.107048
2023-11-27,20.734100
2023-11-28,20.876175
2023-11-29,20.538744
2023-11-30,20.423309
2023-12-01,20.298994
2023-12-04,20.050362
2023-12-05,19.775091
2023-12-06,19.633018
2023-12-07,19.535339
2023-12-08,19.375505
2023-12-11,19.384386
2023-12-12,19.633018
2023-12-13,19.144634
2023-12-14,19.233429
2023-12-15,19.393265
2023-12-18,19.162394
2023-12-19,19.064716
2023-12-20,19.073597
2023-12-21,19.260071
2023-12-22,19.357744
2023-12-25,19.517580
2023-12-26,19.535339
2023-12-27,19.677416
2023-12-28,20.032602
2023-12-29,20.032602
2024-01-02,19.846130
2024-01-03,19.952684
2024-01-04,19.855009
2024-01-05,19.970444
2024-01-08,19.926048
2024-01-09,19.926048
2024-01-10,19.899408
2024-01-11,19.828371
2024-01-12,19.881649
2024-01-15,20.121401
2024-01-16,20.263474
2024-01-17,19.855009
2024-01-18,19.979324
2024-01-19,19.783972
2024-01-22,19.411024
2024-01-23,19.313347
2024-01-24,19.650776
2024-01-25,20.068123
2024-01-26,20.263474
2024-01-29,20.476587
2024-01-30,20.254597
2024-01-31,20.520987
2024-02-01,20.423309
2024-02-02,20.405550
2024-02-05,20.663063
2024-02-06,21.080408
2024-02-07,21.151445
2024-02-08,21.515512
2024-02-19,21.435596
2024-02-20,21.719746
2024-02-21,21.968378
2024-02-22,21.915100
2024-02-23,21.844063
2024-02-26,21.426714
2024-02-27,21.364559
2024-02-28,21.186966
2024-02-29,21.258003
2024-03-01,21.107048
2024-03-04,20.805136
2024-03-05,21.089289
2024-03-06,21.311279
2024-03-07,21.462234
2024-03-08,21.133686
2024-03-11,21.089289
2024-03-12,21.160326
2024-03-13,20.600904
2024-03-14,20.654182
2024-03-15,20.858416
2024-03-18,20.760738
2024-03-19,20.600904
2024-03-20,20.139160
2024-03-21,20.094761
2024-03-22,19.775091
2024-03-25,19.881649
2024-03-26,19.828371
2024-03-27,19.677416
2024-03-28,19.730694
2024-03-29,19.783972
2024-04-01,19.917166
2024-04-02,19.863890
2024-04-03,19.792854
2024-04-08,19.686296
2024-04-09,19.641897
2024-04-10,19.331108
2024-04-11,20.290115
2024-04-12,20.023722
2024-04-15,20.156919
2024-04-16,20.245714
2024-04-17,20.574265
2024-04-18,20.352272
2024-04-19,20.627544
2024-04-22,20.600904
2024-04-23,20.059242
2024-04-24,19.872766
2024-04-25,20.032602
2024-04-26,20.219078
2024-04-29,20.680824
2024-04-30,20.405550
2024-05-06,20.618662
2024-05-07,20.609783
2024-05-08,20.618662
2024-05-09,20.911692
2024-05-10,21.533272
2024-05-13,21.630951
2024-05-14,21.364559
2024-05-15,21.604311
2024-05-16,22.527800
2024-05-17,22.554436
2024-05-20,22.501160
2024-05-21,22.554436
2024-05-22,22.350204
2024-05-23,22.074934
2024-05-24,21.693110
2024-05-27,21.852942
2024-05-28,21.719746
2024-05-29,21.693110
2024-05-30,21.781904
2024-05-31,21.320160
2024-06-03,21.737505
2024-06-04,21.808544
2024-06-05,21.622070
2024-06-06,21.551031
2024-06-07,21.577669
2024-06-11,21.186966
2024-06-12,21.195845
2024-06-13,20.671942
2024-06-14,21.151445
2024-06-17,21.044888
2024-06-18,21.160326
2024-06-19,21.053768
2024-06-20,21.115927
2024-06-21,21.799662
2024-06-24,21.383816
2024-06-25,21.762697
2024-06-26,21.882833
2024-06-27,21.753460
2024-06-28,21.799664
2024-07-01,21.568638
2024-07-02,21.975245
2024-07-03,22.224751
2024-07-04,22.123102
2024-07-05,22.123102
2024-07-08,22.825420
2024-07-09,22.825420
2024-07-10,22.649841
2024-07-11,22.917830
2024-07-12,22.880867
2024-07-15,22.973278
2024-07-16,22.954796
2024-07-17,23.352161
2024-07-18,23.195065
2024-07-19,23.028725
2024-07-22,22.575914
2024-07-23,22.280199
2024-07-24,22.049173
2024-07-25,21.993725
2024-07-26,22.104618
2024-07-29,22.261717
2024-07-30,22.363367
2024-07-31,22.335644
2024-08-01,21.781179
2024-08-02,21.439262
2024-08-05,21.439262
2024-08-06,21.744217
2024-08-07,21.503950
2024-08-08,22.132341
2024-08-09,21.827387
2024-08-12,21.513191
2024-08-13,21.393055
2024-08-14,20.884800
2024-08-15,20.986450
2024-08-16,20.829353
2024-08-19,20.875557
2024-08-20,20.524397
2024-08-21,19.923729
2024-08-22,19.646496
2024-08-23,19.960693
2024-08-26,19.822077
2024-08-27,19.480158
2024-08-28,18.934935
2024-08-29,19.092031
2024-08-30,19.332302
2024-09-02,19.276854
2024-09-03,19.147478
2024-09-04,18.981142
2024-09-05,19.350784
2024-09-06,19.212168
2024-09-09,18.870249
2024-09-10,18.306543
2024-09-11,18.500607
2024-09-12,18.629978
2024-09-13,18.556051
2024-09-18,18.694666
2024-09-19,18.417435
2024-09-20,18.361990
2024-09-23,18.546810
2024-09-24,19.323059
2024-09-25,19.877523
2024-09-26,21.337610
2024-09-27,22.363367
2024-09-30,24.156136
2024-10-08,24.248545
2024-10-09,22.261717
2024-10-10,23.074928
2024-10-11,22.982519
2024-10-14,23.814215
2024-10-15,23.536982
2024-10-16,23.657118
2024-10-17,23.084171
2024-10-18,23.232029
2024-10-21,23.213547
2024-10-22,23.305956
2024-10-23,23.546225
2024-10-24,23.195065
2024-10-25,23.518501
2024-10-28,24.313232
2024-10-29,24.193100
2024-10-30,24.756805
2024-10-31,24.719839
2024-11-01,24.766043
2024-11-04,24.562740
2024-11-05,24.997068
2024-11-06,24.784525
2024-11-07,25.597740
2024-11-08,25.061758
2024-11-11,24.544258
2024-11-12,24.359438
2024-11-13,24.267027
2024-11-14,24.165375
2024-11-15,23.721804
2024-11-18,24.359438
2024-11-19,24.017517
2024-11-20,24.091446
2024-11-21,23.869661
2024-11-22,23.389126
2024-11-25,23.287476
2024-11-26,23.204306
2024-11-27,23.712564
2024-11-28,23.721804
2024-11-29,23.712564
2024-12-02,23.694082
2024-12-03,24.054483
2024-12-04,23.897385
2024-12-05,23.657118
2024-12-06,23.888144
2024-12-09,23.564707
2024-12-10,23.777250
2024-12-11,23.703321
2024-12-12,24.119171
2024-12-13,24.128412
2024-12-16,22.890108
2024-12-17,22.733011
2024-12-18,22.696047
2024-12-19,22.594395
2024-12-20,22.298679
2024-12-23,22.270958
2024-12-24,22.557432
2024-12-25,22.659082
2024-12-26,22.086136
2024-12-27,22.206270
2024-12-30,22.169306
2024-12-31,21.975245
2025-01-02,21.577879
2025-01-03,21.651806
2025-01-06,21.790422
2025-01-07,21.993725
2025-01-08,21.947521
2025-01-09,22.086136
2025-01-10,21.929037
2025-01-13,22.002968
2025-01-14,22.104618
2025-01-15,22.344887
2025-01-16,22.659082
2025-01-17,22.742252
2025-01-20,22.696047
2025-01-21,22.594395
2025-01-22,22.538950
2025-01-23,22.622118
2025-01-24,22.585155
2025-01-27,23.010242
2025-02-05,21.929037
2025-02-06,21.984488
2025-02-07,22.141582
2025-02-10,22.233994
2025-02-11,22.197029
2025-02-12,21.984488
2025-02-13,22.270958
2025-02-14,22.021450
2025-02-17,21.698011
2025-02-18,21.614843
2025-02-19,21.522434
2025-02-20,21.356092
2025-02-21,20.949486
2025-02-24,20.940245
2025-02-25,20.783146
2025-02-26,20.940245
2025-02-27,21.309887
2025-02-28,21.494709
2025-03-03,21.540915
2025-03-04,21.439262
2025-03-05,22.187788
2025-03-06,22.141582
2025-03-07,22.261717
2025-03-10,22.326405
2025-03-11,22.363367
2025-03-12,22.076897
2025-03-13,22.344887
2025-03-14,22.511227
2025-03-17,23.333679
2025-03-18,22.982519
2025-03-19,22.954796
2025-03-20,22.797697
2025-03-21,23.028725
2025-03-24,22.871626
2025-03-25,22.446539
2025-03-26,22.742252
2025-03-27,22.880867
2025-03-28,22.733011
2025-03-31,22.446539
2025-04-01,22.363367
2025-04-02,22.243233
2025-04-03,22.326405
2025-04-07,21.855108
2025-04-08,22.936312
2025-04-09,23.564707
2025-04-10,23.749529
2025-04-11,23.638636
2025-04-14,23.259750
2025-04-15,23.453812
2025-04-16,23.564707
2025-04-17,23.398365
2025-04-18,23.204306
2025-04-21,22.991760
2025-04-22,23.195065
2025-04-23,22.991760
2025-04-24,23.001003
2025-04-25,22.705286
2025-04-28,22.677567
2025-04-29,22.575914
2025-04-30,22.252476
2025-05-06,22.197029
2025-05-07,22.270958
2025-05-08,22.113861
2025-05-09,22.178547
2025-05-12,21.956762
2025-05-13,22.086136
2025-05-14,22.233994
2025-05-15,22.021450
2025-05-16,21.744217
2025-05-19,21.698011
2025-05-20,21.679529
2025-05-21,21.966003
2025-05-22,21.956762
2025-05-23,21.818146
2025-05-26,21.346851
2025-05-27,21.346851
2025-05-28,21.346851
2025-05-29,21.365334
2025-05-30,21.466986
2025-06-03,21.051138
2025-06-04,21.282164
2025-06-05,21.069618
2025-06-06,21.180511
2025-06-09,21.088100
2025-06-10,20.995691
2025-06-11,21.032656
2025-06-12,20.829353
2025-06-13,20.653772
2025-06-16,20.487434
2025-06-17,20.552120
2025-06-18,20.376539
2025-06-19,20.099308
2025-06-20,20.043863
2025-06-23,19.942211
2025-06-24,20.302610
2025-06-25,20.413506
2025-06-26,20.459711
2025-06-27,20.469257
2025-06-30,20.497900
2025-07-01,20.459709
2025-07-02,21.128016
2025-07-03,21.271225
2025-07-04,21.156658
2025-07-07,21.261677
2025-07-08,21.366695
2025-07-09,21.404884
2025-07-10,21.624472
2025-07-11,21.576736
2025-07-14,22.120928
2025-07-15,21.576736
2025-07-16,21.318960
2025-07-17,21.338055
2025-07-18,21.433527
2025-07-21,23.581654
2025-07-22,25.939819
2025-07-23,23.915806
2025-07-24,24.097204
2025-07-25,23.285690
2025-07-28,23.199762
2025-07-29,23.104292
2025-07-30,23.132933
2025-07-31,22.483721
2025-08-01,22.340513
2025-08-04,22.397797
2025-08-05,22.321419
2025-08-06,22.311872
2025-08-07,22.922895
2025-08-08,23.142481
2025-08-11,23.304785
2025-08-12,23.180670
2025-08-13,23.180670
2025-08-14,23.104292
2025-08-15,23.037460
2025-08-18,23.104292
2025-08-19,22.770140
2025-08-20,22.941990
2025-08-21,23.094746
2025-08-22,23.190218
2025-08-25,23.591200
2025-08-26,23.610294
2025-08-27,23.505276
2025-08-28,23.476635
2025-08-29,23.247501
2025-09-01,23.209312
2025-09-02,23.066103
2025-09-03,22.665121
2025-09-04,22.588741
2025-09-05,22.693762
2025-09-08,23.027914
2025-09-09,23.400257
2025-09-10,22.989725
2025-09-11,23.047009
2025-09-12,22.741497
2025-09-15,22.712858
2025-09-16,22.464628
2025-09-17,22.474176
2025-09-18,22.015907
2025-09-19,22.254589
2025-09-22,21.939529
2025-09-23,22.063644
2025-09-24,22.092285
2025-09-25,22.159117
2025-09-26,22.120928
2025-09-29,22.292778
2025-09-30,22.398886
2025-10-09,22.813681
2025-10-10,23.257416
2025-10-13,22.977669
2025-10-14,23.054840
2025-10-15,23.623978
2025-10-16,23.132011
2025-10-17,22.900499
2025-10-20,23.016256
2025-10-21,22.852268
2025-10-22,22.832973
2025-10-23,22.746157
2025-10-24,22.504997
2025-10-27,22.910145
2025-10-28,22.562876
2025-10-29,22.572521
2025-10-30,22.543583
2025-10-31,22.369949
2025-11-03,22.437473
2025-11-04,22.196314
2025-11-05,22.234898
2025-11-06,22.196314
2025-11-07,22.495350
2025-11-10,22.755804
2025-11-11,22.871559
2025-11-12,22.668985
2025-11-13,22.968023
2025-11-14,22.852268
2025-11-17,22.495350
2025-11-18,22.196314
2025-11-19,22.177021
2025-11-20,22.437473
2025-11-21,22.186666
2025-11-24,22.070910
2025-11-25,22.099850
2025-11-26,22.022678
2025-11-27,21.820105
2025-11-28,22.041971
2025-12-01,21.945507
2025-12-02,21.935862
2025-12-03,21.974447
2025-12-04,21.897276
2025-12-05,21.984095
2025-12-08,21.868336
2025-12-09,21.279907
2025-12-10,21.521067
2025-12-11,21.376371
2025-12-12,21.376371
2025-12-15,21.492128
2025-12-16,21.144859
2025-12-17,21.279907
2025-12-18,21.386019
2025-12-19,21.395664
2025-12-22,21.279907
2025-12-23,21.405312
2025-12-24,21.540359
2025-12-25,21.617531
2025-12-26,21.414957
2025-12-29,21.424603
2025-12-30,21.067688
2025-12-31,21.086981
2026-01-05,21.318493
2026-01-06,21.598238
2026-01-07,21.829750
2026-01-08,22.099850
2026-01-09,21.955154
2026-01-12,21.849043
2026-01-13,21.733288
2026-01-14,21.569300
2026-01-15,21.742935
2026-01-16,21.366724
2026-01-19,21.521067
2026-01-20,22.755804
2026-01-21,22.456766
2026-01-22,23.112719
2026-01-23,22.890852
2026-01-26,22.968023
2026-01-27,22.852268
2026-01-28,23.537159
2026-01-29,23.961601
2026-01-30,23.652916
2026-02-02,22.659340
2026-02-03,23.508221
2026-02-04,24.347456
2026-02-05,24.308870
2026-02-06,24.144882
2026-02-09,24.135235
2026-02-10,23.874783
2026-02-11,24.463213
2026-02-12,24.337809
2026-02-13,23.787966
2026-02-24,24.038771
2026-02-25,25.447142
2026-02-26,24.704372
2026-02-27,24.656139
2026-03-02,25.148104
2026-03-03,24.347456
2026-03-04,24.183466
2026-03-05,23.923014
2026-03-06,24.443920
2026-03-09,23.720442
2026-03-10,23.845842
2026-03-11,24.559675
2026-03-12,24.598261
2026-03-13,24.443920
2026-03-16,24.115942
2026-03-17,24.183466
2026-03-18,24.000185
2026-03-19,23.257416
2026-03-20,22.804035
2026-03-23,21.906921
2026-03-24,22.379595
2026-03-25,22.514645
2026-03-26,22.119143
2026-03-27,22.225254
2026-03-30,22.591814
2026-03-31,22.341009
2026-04-01,22.485704
2026-04-02,22.360302
2026-04-03,22.099850
2026-04-07,22.022678
2026-04-08,22.456766
2026-04-09,22.051619
2026-04-10,22.032326
2026-04-13,21.858690
2026-04-14,21.849043
2026-04-15,21.752579
2026-04-16,21.463188
2026-04-17,21.434250
2026-04-20,21.299200
2026-04-21,21.250969
2026-04-22,21.029100
2026-04-23,20.884405
2026-04-24,20.643246
2026-04-27,20.431026
2026-04-28,20.450319
2026-04-29,20.508198
2026-04-30,20.382793
2026-05-06,20.392441
2026-05-07,20.459965
2026-05-08,20.295979
2026-05-11,20.672186
2026-05-12,20.633600
2026-05-13,20.498550
2026-05-14,20.257391
2026-05-15,19.755779
2026-05-18,19.331341
2026-05-19,19.283108
2026-05-20,19.302401
2026-05-21,19.013008
2026-05-22,18.984070
2026-05-25,18.694677
2026-05-26,18.810434
2026-05-27,19.013008
2026-05-28,18.974424
2026-05-29,19.437449
2026-06-01,19.591791
2026-06-02,19.418156
2026-06-03,18.906898
2026-06-04,18.549982
2026-06-05,18.665739
2026-06-08,18.414934
2026-06-09,18.328115
2026-06-10,18.115896
2026-06-11,17.913322
2026-06-12,18.048370
2026-06-15,17.787920
2026-06-16,17.585344
2026-06-17,17.594992
2026-06-18,17.131966
2026-06-22,17.228430
2026-06-23,16.823282
2026-06-24,16.649647
2026-06-25,17.122318
2026-06-26,16.562830
2026-06-29,16.591768
2026-06-30,16.350609
2026-07-01,16.639999
2026-07-02,16.850000
2026-07-03,17.139999
2026-07-06,17.200001
2026-07-07,17.000000
2026-07-08,17.020000
2026-07-09,16.740000
2026-07-10,17.110001
2026-07-13,16.990000
2026-07-14,16.870001
2026-07-15,17.650000
2026-07-16,17.549999
2026-07-17,17.670000
2026-07-20,17.820000
2026-07-21,17.590000
2026-07-22,17.850000
2026-07-23,18.150000
2026-07-24,17.770000
2026-07-27,17.750000
2026-07-28,17.959999
2026-07-29,18.340000
2026-07-30,18.639999
2026-07-31,18.559999
2026-08-03,18.309999
2026-08-04,17.799999
2026-08-05,17.740000
2026-08-06,17.799999
2026-08-07,17.760000
2026-08-10,17.840000
2026-08-11,17.620001
2026-08-12,17.700001
2026-08-13,17.490000
2026-08-14,17.360001
2026-08-17,17.370001
2026-08-18,17.430000
2026-08-19,17.459999
2026-08-20,17.610001
2026-08-21,17.410000
2026-08-24,17.570000
2026-08-25,17.600000
2026-08-26,17.879999
2026-08-27,18.020000
2026-08-28,18.240000
2026-08-31,17.650000
2026-09-01,17.750000
2026-09-02,17.450001
2026-09-03,17.709999
2026-09-04,17.879999
2026-09-07,17.830000
2026-09-08,17.920000
2026-09-09,17.860001
2026-09-10,17.650000
2026-09-11,17.330000
2026-09-14,17.410000
