date,close
2004-01-01,0.762926
2004-01-02,0.790555
2004-01-05,0.816402
2004-01-06,0.803033
2004-01-07,0.815510
2004-01-08,0.822640
2004-01-09,0.795012
2004-01-12,0.807489
2004-01-13,0.796794
2004-01-14,0.802142
2004-01-15,0.792337
2004-01-16,0.810163
2004-01-19,0.810163
2004-01-20,0.810163
2004-01-21,0.810163
2004-01-22,0.810163
2004-01-23,0.810163
2004-01-26,0.810163
2004-01-27,0.810163
2004-01-28,0.810163
2004-01-29,0.843140
2004-01-30,0.823532
2004-02-02,0.845814
2004-02-03,0.846705
2004-02-04,0.860074
2004-02-05,0.856509
2004-02-06,0.901073
2004-02-09,0.904637
2004-02-10,0.893051
2004-02-11,0.901964
2004-02-12,0.884138
2004-02-13,0.873443
2004-02-16,0.893051
2004-02-17,0.895725
2004-02-18,0.891268
2004-02-19,0.893942
2004-02-20,0.885030
2004-02-23,0.864530
2004-02-24,0.850270
2004-02-25,0.838684
2004-02-26,0.835118
2004-02-27,0.845814
2004-03-01,0.852944
2004-03-02,0.857400
2004-03-03,0.836010
2004-03-04,0.840466
2004-03-05,0.827988
2004-03-08,0.817293
2004-03-09,0.811054
2004-03-10,0.824423
2004-03-11,0.831554
2004-03-12,0.827097
2004-03-15,0.846705
2004-03-16,0.843140
2004-03-17,0.872552
2004-03-18,0.854726
2004-03-19,0.861857
2004-03-22,0.876117
2004-03-23,0.885921
2004-03-24,0.899290
2004-03-25,0.901964
2004-03-26,0.904637
2004-03-29,0.887703
2004-03-30,0.876117
2004-03-31,0.888595
2004-04-01,0.890377
2004-04-02,0.909094
2004-04-05,0.919789
2004-04-06,0.913550
2004-04-07,0.928702
2004-04-08,0.917115
2004-04-09,0.902855
2004-04-12,0.891268
2004-04-13,0.880573
2004-04-14,0.883247
2004-04-15,0.867204
2004-04-16,0.866313
2004-04-19,0.872552
2004-04-20,0.853835
2004-04-21,0.852944
2004-04-22,0.863639
2004-04-23,0.851161
2004-04-26,0.853835
2004-04-27,0.859183
2004-04-28,0.868987
2004-04-29,0.827988
2004-04-30,0.837792
2004-05-03,0.837792
2004-05-04,0.837792
2004-05-05,0.837792
2004-05-06,0.837792
2004-05-07,0.837792
2004-05-10,0.821749
2004-05-11,0.822640
2004-05-12,0.840466
2004-05-13,0.836901
2004-05-14,0.826206
2004-05-17,0.806598
2004-05-18,0.811054
2004-05-19,0.808380
2004-05-20,0.804815
2004-05-21,0.808380
2004-05-24,0.810163
2004-05-25,0.795903
2004-05-26,0.795012
2004-05-27,0.809272
2004-05-28,0.805707
2004-05-31,0.811054
2004-06-01,0.818184
2004-06-02,0.810163
2004-06-03,0.798576
2004-06-04,0.807489
2004-06-07,0.792337
2004-06-08,0.787881
2004-06-09,0.766491
2004-06-10,0.772730
2004-06-11,0.769164
2004-06-14,0.756687
2004-06-15,0.765600
2004-06-16,0.767382
2004-06-17,0.750448
2004-06-18,0.736188
2004-06-21,0.746883
2004-06-22,0.746883
2004-06-23,0.763817
2004-06-24,0.759361
2004-06-25,0.754013
2004-06-28,0.769164
2004-06-29,0.776295
2004-06-30,0.761143
2004-07-01,0.776295
2004-07-02,0.779860
2004-07-05,0.779860
2004-07-06,0.785207
2004-07-07,0.788773
2004-07-08,0.793229
2004-07-09,0.782534
2004-07-12,0.768600
2004-07-13,0.765904
2004-07-14,0.752419
2004-07-15,0.772645
2004-07-16,0.796917
2004-07-19,0.807704
2004-07-20,0.805008
2004-07-21,0.802311
2004-07-22,0.779388
2004-07-23,0.779388
2004-07-26,0.772645
2004-07-27,0.760510
2004-07-28,0.767252
2004-07-29,0.775342
2004-07-30,0.771297
2004-08-02,0.764555
2004-08-03,0.764555
2004-08-04,0.776691
2004-08-05,0.761858
2004-08-06,0.760510
2004-08-09,0.755116
2004-08-10,0.755116
2004-08-11,0.748374
2004-08-12,0.742980
2004-08-13,0.747025
2004-08-16,0.740284
2004-08-17,0.734890
2004-08-18,0.734890
2004-08-19,0.706573
2004-08-20,0.711967
2004-08-23,0.705224
2004-08-24,0.710618
2004-08-25,0.701179
2004-08-26,0.699831
2004-08-27,0.698482
2004-08-30,0.697134
2004-08-31,0.711967
2004-09-01,0.701179
2004-09-02,0.707921
2004-09-03,0.705224
2004-09-06,0.701179
2004-09-07,0.699831
2004-09-08,0.697134
2004-09-09,0.689043
2004-09-10,0.690392
2004-09-13,0.682302
2004-09-14,0.710618
2004-09-15,0.736238
2004-09-16,0.736238
2004-09-17,0.755116
2004-09-20,0.780736
2004-09-21,0.761858
2004-09-22,0.747025
2004-09-23,0.760510
2004-09-24,0.756464
2004-09-27,0.756464
2004-09-28,0.756464
2004-09-29,0.752419
2004-09-30,0.736238
2004-10-01,0.736238
2004-10-04,0.736238
2004-10-05,0.736238
2004-10-06,0.736238
2004-10-07,0.736238
2004-10-08,0.740284
2004-10-11,0.734890
2004-10-12,0.717360
2004-10-13,0.721406
2004-10-14,0.691740
2004-10-15,0.695786
2004-10-18,0.698482
2004-10-19,0.697134
2004-10-20,0.702527
2004-10-21,0.690392
2004-10-22,0.690392
2004-10-25,0.680953
2004-10-26,0.686347
2004-10-27,0.697134
2004-10-28,0.767252
2004-10-29,0.745677
2004-11-01,0.749722
2004-11-02,0.726799
2004-11-03,0.775342
2004-11-04,0.757813
2004-11-05,0.782084
2004-11-08,0.769949
2004-11-09,0.764555
2004-11-10,0.799614
2004-11-11,0.791523
2004-11-12,0.795569
2004-11-15,0.811749
2004-11-16,0.811749
2004-11-17,0.791523
2004-11-18,0.798265
2004-11-19,0.786130
2004-11-22,0.794220
2004-11-23,0.815795
2004-11-24,0.800963
2004-11-25,0.794220
2004-11-26,0.790175
2004-11-29,0.769949
2004-11-30,0.768600
2004-12-01,0.765904
2004-12-02,0.757813
2004-12-03,0.764555
2004-12-06,0.765904
2004-12-07,0.753767
2004-12-08,0.751071
2004-12-09,0.765904
2004-12-10,0.744329
2004-12-13,0.730844
2004-12-14,0.729496
2004-12-15,0.730844
2004-12-16,0.730844
2004-12-17,0.724102
2004-12-20,0.707921
2004-12-21,0.713315
2004-12-22,0.733541
2004-12-23,0.722754
2004-12-24,0.724102
2004-12-27,0.707921
2004-12-28,0.699831
2004-12-29,0.699831
2004-12-30,0.694437
2004-12-31,0.694437
2005-01-03,0.694437
2005-01-04,0.690392
2005-01-05,0.695786
2005-01-06,0.695786
2005-01-07,0.703876
2005-01-10,0.699831
2005-01-11,0.711967
2005-01-12,0.705224
2005-01-13,0.705224
2005-01-14,0.697134
2005-01-17,0.682302
2005-01-18,0.687695
2005-01-19,0.686347
2005-01-20,0.674210
2005-01-21,0.691740
2005-01-24,0.698482
2005-01-25,0.689043
2005-01-26,0.683649
2005-01-27,0.682302
2005-01-28,0.676908
2005-01-31,0.663423
2005-02-01,0.663423
2005-02-02,0.694437
2005-02-03,0.682302
2005-02-04,0.699831
2005-02-07,0.699831
2005-02-08,0.699831
2005-02-09,0.699831
2005-02-10,0.699831
2005-02-11,0.699831
2005-02-14,0.699831
2005-02-15,0.699831
2005-02-16,0.698482
2005-02-17,0.697134
2005-02-18,0.693088
2005-02-21,0.705224
2005-02-22,0.726799
2005-02-23,0.722754
2005-02-24,0.718709
2005-02-25,0.717360
2005-02-28,0.721406
2005-03-01,0.729496
2005-03-02,0.707921
2005-03-03,0.706573
2005-03-04,0.701179
2005-03-07,0.701179
2005-03-08,0.711967
2005-03-09,0.707921
2005-03-10,0.683649
2005-03-11,0.691740
2005-03-14,0.684998
2005-03-15,0.680953
2005-03-16,0.676908
2005-03-17,0.674210
2005-03-18,0.662075
2005-03-21,0.656681
2005-03-22,0.637804
2005-03-23,0.628364
2005-03-24,0.636455
2005-03-25,0.636455
2005-03-28,0.628364
2005-03-29,0.628364
2005-03-30,0.610835
2005-03-31,0.612184
2005-04-01,0.631061
2005-04-04,0.616229
2005-04-05,0.613531
2005-04-06,0.616229
2005-04-07,0.632410
2005-04-08,0.644545
2005-04-11,0.649939
2005-04-12,0.636455
2005-04-13,0.662075
2005-04-14,0.652636
2005-04-15,0.641849
2005-04-18,0.624319
2005-04-19,0.629713
2005-04-20,0.620274
2005-04-21,0.616229
2005-04-22,0.618925
2005-04-25,0.637804
2005-04-26,0.651288
2005-04-27,0.639152
2005-04-28,0.640500
2005-04-29,0.631061
2005-05-02,0.631061
2005-05-03,0.631061
2005-05-04,0.631061
2005-05-05,0.631061
2005-05-06,0.631061
2005-05-09,0.614880
2005-05-10,0.627016
2005-05-11,0.621622
2005-05-12,0.610835
2005-05-13,0.618925
2005-05-16,0.613531
2005-05-17,0.625667
2005-05-18,0.627016
2005-05-19,0.628364
2005-05-20,0.621622
2005-05-23,0.610835
2005-05-24,0.617577
2005-05-25,0.614880
2005-05-26,0.610835
2005-05-27,0.609486
2005-05-30,0.629713
2005-05-31,0.622971
2005-06-01,0.618925
2005-06-02,0.617577
2005-06-03,0.618925
2005-06-06,0.622971
2005-06-07,0.625667
2005-06-08,0.663423
2005-06-09,0.663423
2005-06-10,0.647243
2005-06-13,0.644545
2005-06-14,0.637804
2005-06-15,0.636455
2005-06-16,0.640500
2005-06-17,0.647243
2005-06-20,0.653984
2005-06-21,0.645894
2005-06-22,0.658029
2005-06-23,0.644545
2005-06-24,0.643197
2005-06-27,0.656681
2005-06-28,0.643197
2005-06-29,0.640500
2005-06-30,0.629713
2005-07-01,0.616229
2005-07-04,0.617577
2005-07-05,0.613531
2005-07-06,0.617577
2005-07-07,0.616229
2005-07-08,0.612184
2005-07-11,0.616229
2005-07-12,0.632410
2005-07-13,0.637804
2005-07-14,0.630605
2005-07-15,0.611888
2005-07-18,0.607569
2005-07-19,0.601810
2005-07-20,0.603249
2005-07-21,0.600370
2005-07-22,0.610448
2005-07-25,0.601810
2005-07-26,0.610448
2005-07-27,0.624846
2005-07-28,0.620526
2005-07-29,0.610448
2005-08-01,0.614768
2005-08-02,0.620526
2005-08-03,0.627725
2005-08-04,0.620526
2005-08-05,0.630605
2005-08-08,0.637804
2005-08-09,0.637804
2005-08-10,0.639243
2005-08-11,0.647882
2005-08-12,0.636364
2005-08-15,0.645002
2005-08-16,0.642123
2005-08-17,0.646442
2005-08-18,0.633485
2005-08-19,0.616207
2005-08-22,0.620526
2005-08-23,0.611888
2005-08-24,0.621966
2005-08-25,0.621966
2005-08-26,0.619087
2005-08-29,0.609009
2005-08-30,0.610448
2005-08-31,0.620526
2005-09-01,0.627725
2005-09-02,0.629165
2005-09-05,0.632045
2005-09-06,0.617647
2005-09-07,0.642123
2005-09-08,0.645002
2005-09-09,0.656520
2005-09-12,0.652201
2005-09-13,0.657960
2005-09-14,0.656520
2005-09-15,0.652201
2005-09-16,0.652201
2005-09-19,0.662279
2005-09-20,0.652201
2005-09-21,0.639243
2005-09-22,0.639243
2005-09-23,0.613328
2005-09-26,0.613328
2005-09-27,0.603249
2005-09-28,0.600370
2005-09-29,0.607569
2005-09-30,0.604689
2005-10-03,0.604689
2005-10-04,0.604689
2005-10-05,0.604689
2005-10-06,0.604689
2005-10-07,0.604689
2005-10-10,0.600370
2005-10-11,0.607569
2005-10-12,0.611888
2005-10-13,0.604689
2005-10-14,0.601810
2005-10-17,0.598930
2005-10-18,0.601810
2005-10-19,0.600370
2005-10-20,0.574455
2005-10-21,0.571575
2005-10-24,0.577334
2005-10-25,0.565816
2005-10-26,0.555738
2005-10-27,0.548540
2005-10-28,0.537022
2005-10-31,0.547100
2005-11-01,0.554299
2005-11-02,0.555738
2005-11-03,0.548540
2005-11-04,0.551419
2005-11-07,0.548540
2005-11-08,0.557178
2005-11-09,0.552859
2005-11-10,0.534142
2005-11-11,0.537022
2005-11-14,0.541341
2005-11-15,0.542781
2005-11-16,0.548540
2005-11-17,0.548540
2005-11-18,0.560057
2005-11-21,0.558618
2005-11-22,0.551419
2005-11-23,0.561497
2005-11-24,0.561497
2005-11-25,0.561497
2005-11-28,0.567256
2005-11-29,0.555738
2005-11-30,0.558618
2005-12-01,0.560057
2005-12-02,0.560057
2005-12-05,0.549979
2005-12-06,0.554299
2005-12-07,0.555738
2005-12-08,0.558618
2005-12-09,0.562937
2005-12-12,0.564377
2005-12-13,0.561497
2005-12-14,0.565816
2005-12-15,0.564377
2005-12-16,0.565816
2005-12-19,0.565816
2005-12-20,0.567256
2005-12-21,0.560057
2005-12-22,0.561497
2005-12-23,0.564377
2005-12-26,0.580214
2005-12-27,0.577334
2005-12-28,0.583093
2005-12-29,0.600370
2005-12-30,0.590292
2006-01-04,0.596051
2006-01-05,0.609009
2006-01-06,0.609009
2006-01-09,0.627725
2006-01-10,0.624846
2006-01-11,0.611888
2006-01-12,0.620526
2006-01-13,0.614768
2006-01-16,0.600370
2006-01-17,0.600370
2006-01-18,0.611888
2006-01-19,0.611888
2006-01-20,0.611888
2006-01-23,0.619087
2006-01-24,0.624846
2006-01-25,0.616207
2006-02-06,0.630605
2006-02-07,0.624846
2006-02-08,0.632045
2006-02-09,0.616207
2006-02-10,0.621966
2006-02-13,0.620526
2006-02-14,0.629165
2006-02-15,0.639243
2006-02-16,0.642123
2006-02-17,0.627725
2006-02-20,0.647882
2006-02-21,0.657960
2006-02-22,0.668038
2006-02-23,0.668038
2006-02-24,0.668038
2006-02-27,0.668038
2006-02-28,0.668038
2006-03-01,0.668038
2006-03-02,0.668038
2006-03-03,0.668038
2006-03-06,0.668038
2006-03-07,0.668038
2006-03-08,0.668038
2006-03-09,0.673797
2006-03-10,0.676676
2006-03-13,0.672357
2006-03-14,0.672357
2006-03-15,0.675237
2006-03-16,0.669478
2006-03-17,0.675237
2006-03-20,0.685315
2006-03-21,0.680996
2006-03-22,0.683875
2006-03-23,0.678116
2006-03-24,0.679556
2006-03-27,0.691074
2006-03-28,0.699712
2006-03-29,0.728507
2006-03-30,0.738585
2006-03-31,0.744344
2006-04-03,0.744344
2006-04-04,0.744344
2006-04-05,0.744344
2006-04-06,0.744344
2006-04-07,0.744344
2006-04-10,0.744344
2006-04-11,0.744344
2006-04-12,0.744344
2006-04-13,0.744344
2006-04-14,0.744344
2006-04-17,0.744344
2006-04-18,0.744344
2006-04-19,0.744344
2006-04-20,0.744344
2006-04-21,0.744344
2006-04-24,0.744344
2006-04-25,0.744344
2006-04-26,0.744344
2006-04-27,0.744344
2006-04-28,0.744344
2006-05-08,0.744344
2006-05-09,0.744344
2006-05-10,0.744344
2006-05-11,0.744344
2006-05-12,0.744344
2006-05-15,0.744344
2006-05-16,0.818779
2006-05-17,0.726924
2006-05-18,0.728507
2006-05-19,0.738009
2006-05-22,0.750679
2006-05-23,0.728507
2006-05-24,0.711086
2006-05-25,0.707919
2006-05-26,0.715837
2006-05-29,0.728507
2006-05-30,0.728507
2006-05-31,0.731674
2006-06-01,0.745928
2006-06-02,0.741177
2006-06-05,0.733258
2006-06-06,0.741177
2006-06-07,0.700000
2006-06-08,0.700000
2006-06-09,0.704751
2006-06-12,0.706335
2006-06-13,0.701584
2006-06-14,0.693666
2006-06-15,0.684163
2006-06-16,0.700000
2006-06-19,0.698417
2006-06-20,0.706335
2006-06-21,0.700000
2006-06-22,0.696833
2006-06-23,0.701584
2006-06-26,0.723756
2006-06-27,0.719005
2006-06-28,0.719005
2006-06-29,0.738009
2006-06-30,0.741177
2006-07-03,0.742760
2006-07-04,0.728507
2006-07-05,0.715837
2006-07-06,0.730091
2006-07-07,0.722172
2006-07-10,0.717421
2006-07-11,0.725340
2006-07-12,0.722172
2006-07-13,0.696833
2006-07-14,0.700000
2006-07-17,0.704751
2006-07-18,0.712670
2006-07-19,0.701584
2006-07-20,0.709686
2006-07-21,0.709686
2006-07-24,0.703204
2006-07-25,0.714546
2006-07-26,0.714546
2006-07-27,0.711306
2006-07-28,0.717787
2006-07-31,0.695103
2006-08-01,0.698344
2006-08-02,0.696723
2006-08-03,0.699964
2006-08-04,0.688622
2006-08-07,0.664317
2006-08-08,0.670799
2006-08-09,0.674039
2006-08-10,0.696723
2006-08-11,0.709686
2006-08-14,0.706445
2006-08-15,0.709686
2006-08-16,0.712926
2006-08-17,0.701584
2006-08-18,0.703204
2006-08-21,0.696723
2006-08-22,0.709686
2006-08-23,0.708065
2006-08-24,0.703204
2006-08-25,0.701584
2006-08-28,0.709686
2006-08-29,0.724268
2006-08-30,0.724268
2006-08-31,0.722648
2006-09-01,0.712926
2006-09-04,0.712926
2006-09-05,0.714546
2006-09-06,0.711306
2006-09-07,0.722648
2006-09-08,0.724268
2006-09-11,0.721027
2006-09-12,0.719407
2006-09-13,0.719407
2006-09-14,0.716167
2006-09-15,0.730749
2006-09-18,0.737230
2006-09-19,0.764775
2006-09-20,0.777738
2006-09-21,0.795561
2006-09-22,0.785839
2006-09-25,0.785839
2006-09-26,0.785839
2006-09-27,0.815004
2006-09-28,0.803662
2006-09-29,0.852271
2006-10-09,0.847410
2006-10-10,0.849030
2006-10-11,0.829587
2006-10-12,0.849030
2006-10-13,0.844169
2006-10-16,0.861992
2006-10-17,0.887917
2006-10-18,0.887917
2006-10-19,0.902499
2006-10-20,0.905740
2006-10-23,0.873334
2006-10-24,0.891158
2006-10-25,0.913841
2006-10-26,0.918702
2006-10-27,0.934905
2006-10-30,0.936526
2006-10-31,0.928424
2006-11-01,0.928424
2006-11-02,0.917082
2006-11-03,0.920323
2006-11-06,0.934905
2006-11-07,0.941386
2006-11-08,0.933285
2006-11-09,0.975412
2006-11-10,1.024021
2006-11-13,1.077491
2006-11-14,1.059668
2006-11-15,1.061288
2006-11-16,1.035363
2006-11-17,1.049946
2006-11-20,1.077491
2006-11-21,1.140682
2006-11-22,1.119618
2006-11-23,1.132580
2006-11-24,1.109896
2006-11-27,1.169847
2006-11-28,1.156885
2006-11-29,1.160125
2006-11-30,1.171467
2006-12-01,1.161746
2006-12-04,1.207113
2006-12-05,1.194151
2006-12-06,1.150403
2006-12-07,1.137441
2006-12-08,1.049946
2006-12-11,1.088832
2006-12-12,1.105035
2006-12-13,1.142302
2006-12-14,1.174708
2006-12-15,1.195771
2006-12-18,1.182809
2006-12-19,1.150403
2006-12-20,1.231418
2006-12-21,1.187670
2006-12-22,1.236279
2006-12-25,1.328635
2006-12-26,1.458258
2006-12-27,1.458258
2006-12-28,1.427473
2006-12-29,1.493904
2007-01-04,1.587881
2007-01-05,1.604084
2007-01-08,1.717504
2007-01-09,1.709402
2007-01-10,1.798518
2007-01-11,1.758011
2007-01-12,1.626768
2007-01-15,1.694820
2007-01-16,1.761251
2007-01-17,1.672135
2007-01-18,1.652692
2007-01-19,1.740188
2007-01-22,1.913558
2007-01-23,1.960546
2007-01-24,1.920040
2007-01-25,1.783935
2007-01-26,1.728846
2007-01-29,1.774214
2007-01-30,1.717504
2007-01-31,1.561956
2007-02-01,1.560336
2007-02-02,1.505246
2007-02-05,1.471220
2007-02-06,1.521449
2007-02-07,1.523069
2007-02-08,1.610565
2007-02-09,1.586261
2007-02-12,1.680237
2007-02-13,1.683478
2007-02-14,1.698060
2007-02-15,1.735326
2007-02-16,1.811481
2007-02-26,1.861709
2007-02-27,1.675376
2007-02-28,1.683478
2007-03-01,1.599223
2007-03-02,1.597602
2007-03-05,1.568437
2007-03-06,1.599223
2007-03-07,1.647831
2007-03-08,1.673756
2007-03-09,1.646211
2007-03-12,1.618666
2007-03-13,1.675376
2007-03-14,1.646211
2007-03-15,1.743428
2007-03-16,1.676996
2007-03-19,1.714263
2007-03-20,1.748289
2007-03-21,1.751530
2007-03-22,1.787176
2007-03-23,1.869810
2007-03-26,1.884393
2007-03-27,1.884393
2007-03-28,2.035079
2007-03-29,1.968648
2007-03-30,1.929761
2007-04-02,1.971889
2007-04-03,1.965408
2007-04-04,2.015636
2007-04-05,2.062624
2007-04-06,2.022117
2007-04-09,2.046422
2007-04-10,2.057764
2007-04-11,2.014016
2007-04-12,2.086929
2007-04-13,2.085309
2007-04-16,2.114474
2007-04-17,2.090169
2007-04-18,2.179285
2007-04-19,2.010775
2007-04-20,2.073967
2007-04-23,2.179285
2007-04-24,2.289465
2007-04-25,2.375339
2007-04-26,2.459595
2007-04-27,2.368858
2007-04-30,2.427189
2007-05-03,2.427189
2007-05-04,2.427189
2007-05-08,2.634586
2007-05-09,2.558432
2007-05-10,2.550331
2007-05-11,2.456355
2007-05-14,2.422328
2007-05-15,2.318630
2007-05-16,2.398024
2007-05-17,2.446633
2007-05-18,2.448252
2007-05-21,2.490380
2007-05-22,2.500102
2007-05-23,2.595699
2007-05-24,2.527647
2007-05-25,2.537369
2007-05-28,2.670232
2007-05-29,2.697777
2007-05-30,2.428809
2007-05-31,2.441771
2007-06-01,2.355896
2007-06-04,2.120955
2007-06-05,2.252198
2007-06-06,2.320250
2007-06-07,2.368858
2007-06-08,2.396404
2007-06-11,2.517925
2007-06-12,2.517925
2007-06-13,2.579496
2007-06-14,2.692916
2007-06-15,2.694536
2007-06-18,2.963504
2007-06-19,2.968364
2007-06-20,2.822539
2007-06-21,2.825780
2007-06-22,2.616763
2007-06-25,2.498481
2007-06-26,2.675093
2007-06-27,2.775551
2007-06-28,2.568154
2007-06-29,2.592458
2007-07-02,2.675093
2007-07-03,2.696156
2007-07-04,2.605421
2007-07-05,2.399644
2007-07-06,2.608661
2007-07-09,2.681574
2007-07-10,2.543849
2007-07-11,2.540609
2007-07-12,2.566534
2007-07-13,2.592458
2007-07-16,2.479038
2007-07-17,2.474178
2007-07-18,2.449873
2007-07-19,2.412234
2007-07-20,2.484240
2007-07-23,2.659348
2007-07-24,2.690442
2007-07-25,2.746083
2007-07-26,2.786997
2007-07-27,2.746083
2007-07-30,2.752629
2007-07-31,2.908099
2007-08-01,2.719900
2007-08-02,2.780451
2007-08-03,2.754266
2007-08-06,2.906463
2007-08-07,2.963741
2007-08-08,2.909736
2007-08-09,2.939193
2007-08-10,2.809908
2007-08-13,2.816454
2007-08-14,2.931011
2007-08-15,3.096299
2007-08-16,3.191218
2007-08-17,3.191218
2007-08-20,3.505429
2007-08-21,3.529977
2007-08-22,3.436695
2007-08-23,3.747634
2007-08-24,3.731270
2007-08-27,3.655989
2007-08-28,3.613440
2007-08-29,3.520158
2007-08-30,3.652717
2007-08-31,3.713268
2007-09-03,3.989840
2007-09-04,4.081485
2007-09-05,4.140400
2007-09-06,4.034026
2007-09-07,3.945655
2007-09-10,4.336783
2007-09-11,4.034026
2007-09-12,4.398971
2007-09-13,4.413700
2007-09-14,4.443156
2007-09-17,4.560986
2007-09-18,4.544621
2007-09-19,4.389152
2007-09-20,4.367877
2007-09-21,4.279504
2007-09-24,4.117490
2007-09-25,4.169857
2007-09-26,3.988204
2007-09-27,4.056938
2007-09-28,4.114215
2007-10-08,4.083122
2007-10-09,3.960382
2007-10-10,3.876920
2007-10-11,3.822915
2007-10-12,3.757454
2007-10-15,3.922743
2007-10-16,3.878557
2007-10-17,3.858919
2007-10-18,3.826188
2007-10-19,3.760727
2007-10-22,3.436695
2007-10-23,3.420330
2007-10-24,3.295955
2007-10-25,3.243586
2007-10-26,3.192854
2007-10-29,3.351597
2007-10-30,3.291045
2007-10-31,3.503793
2007-11-01,3.369599
2007-11-02,3.169942
2007-11-05,3.197763
2007-11-06,3.255042
2007-11-07,3.223948
2007-11-08,3.183035
2007-11-09,3.147032
2007-11-12,2.849185
2007-11-13,2.868823
2007-11-14,2.994835
2007-11-15,2.896644
2007-11-16,2.940830
2007-11-19,3.003018
2007-11-20,3.076661
2007-11-21,3.048841
2007-11-22,2.901553
2007-11-23,2.945739
2007-11-26,2.896644
2007-11-27,2.847548
2007-11-28,2.773904
2007-11-29,2.832819
2007-11-30,2.729719
2007-12-03,2.716627
2007-12-04,2.749356
2007-12-05,2.855731
2007-12-06,2.862277
2007-12-07,2.935920
2007-12-10,3.068479
2007-12-11,3.124121
2007-12-12,3.057022
2007-12-13,2.931011
2007-12-14,3.035748
2007-12-17,3.263225
2007-12-18,3.358142
2007-12-19,3.425241
2007-12-20,3.456334
2007-12-21,3.595438
2007-12-24,3.687084
2007-12-25,3.703449
2007-12-26,3.755818
2007-12-27,3.718178
2007-12-28,3.675628
2008-01-02,3.932563
2008-01-03,4.016025
2008-01-04,3.955473
2008-01-07,3.989840
2008-01-08,3.850736
2008-01-09,3.908014
2008-01-10,3.845827
2008-01-11,3.875284
2008-01-14,3.950563
2008-01-15,4.140400
2008-01-16,4.073302
2008-01-17,3.845827
2008-01-18,4.016025
2008-01-21,3.909650
2008-01-22,3.557798
2008-01-23,3.909650
2008-01-24,4.052029
2008-01-25,3.962020
2008-01-28,3.678901
2008-01-29,3.682174
2008-01-30,3.642898
2008-01-31,3.307410
2008-02-01,3.183035
2008-02-04,3.477610
2008-02-05,3.492338
2008-02-13,3.502156
2008-02-14,3.538160
2008-02-15,3.513612
2008-02-18,3.567617
2008-02-19,3.721450
2008-02-20,3.718178
2008-02-21,3.721450
2008-02-22,3.747634
2008-02-25,3.705085
2008-02-26,3.353234
2008-02-27,3.389236
2008-02-28,3.336868
2008-02-29,3.359779
2008-03-03,3.457971
2008-03-04,3.420330
2008-03-05,3.392509
2008-03-06,3.381054
2008-03-07,3.251769
2008-03-10,3.086479
2008-03-11,3.047203
2008-03-12,2.929374
2008-03-13,2.968651
2008-03-14,2.867187
2008-03-17,2.606980
2008-03-18,2.346773
2008-03-19,2.408960
2008-03-20,2.534972
2008-03-21,2.531699
2008-03-24,2.399140
2008-03-25,2.436781
2008-03-26,2.433508
2008-03-27,2.315679
2008-03-28,2.407323
2008-03-31,2.197849
2008-04-01,1.991647
2008-04-02,1.976919
2008-04-03,2.114386
2008-04-07,2.258400
2008-04-08,2.314042
2008-04-09,2.197849
2008-04-10,2.268219
2008-04-11,2.286221
2008-04-14,2.119296
2008-04-15,2.189666
2008-04-16,2.096385
2008-04-17,1.888546
2008-04-18,1.700346
2008-04-21,1.651251
2008-04-22,1.593972
2008-04-23,1.752714
2008-04-24,1.927823
2008-04-25,2.003103
2008-04-28,1.991647
2008-04-29,2.089839
2008-04-30,2.196213
2008-05-05,2.276402
2008-05-06,2.210941
2008-05-07,2.053835
2008-05-08,2.104567
2008-05-09,2.194576
2008-05-12,2.366410
2008-05-13,2.291131
2008-05-14,2.335317
2008-05-15,2.310769
2008-05-16,2.271492
2008-05-19,2.237126
2008-05-20,2.237126
2008-05-21,2.168391
2008-05-22,2.070200
2008-05-23,2.075110
2008-05-26,1.931096
2008-05-27,1.962190
2008-05-28,2.024377
2008-05-29,1.950734
2008-05-30,1.988374
2008-06-02,1.968736
2008-06-03,1.932732
2008-06-04,1.890183
2008-06-05,1.890183
2008-06-06,1.908184
2008-06-10,1.716711
2008-06-11,1.639795
2008-06-12,1.598882
2008-06-13,1.526875
2008-06-16,1.474506
2008-06-17,1.382861
2008-06-18,1.517056
2008-06-19,1.364859
2008-06-20,1.389407
2008-06-23,1.392680
2008-06-24,1.463050
2008-06-25,1.463050
2008-06-26,1.463050
2008-06-27,1.528335
2008-06-30,1.479790
2008-07-01,1.498204
2008-07-02,1.514944
2008-07-03,1.571859
2008-07-04,1.524988
2008-07-07,1.638818
2008-07-08,1.702428
2008-07-09,1.739256
2008-07-10,1.665601
2008-07-11,1.657231
2008-07-14,1.680667
2008-07-15,1.596968
2008-07-16,1.560141
2008-07-17,1.513269
2008-07-18,1.580228
2008-07-21,1.712472
2008-07-22,1.724190
2008-07-23,1.824628
2008-07-24,1.841368
2008-07-25,1.841368
2008-07-28,1.856433
2008-07-29,1.816258
2008-07-30,1.814584
2008-07-31,1.839694
2008-08-01,1.789475
2008-08-04,1.776083
2008-08-05,1.774409
2008-08-06,1.715820
2008-08-07,1.720842
2008-08-08,1.591946
2008-08-11,1.484812
2008-08-12,1.484812
2008-08-13,1.506574
2008-08-14,1.521639
2008-08-15,1.570184
2008-08-18,1.518291
2008-08-19,1.648861
2008-08-20,1.752648
2008-08-21,1.652209
2008-08-22,1.603664
2008-08-25,1.655558
2008-08-26,1.601990
2008-08-27,1.571859
2008-08-28,1.580228
2008-08-29,1.615382
2008-09-01,1.558467
2008-09-02,1.516618
2008-09-03,1.504899
2008-09-04,1.511596
2008-09-05,1.458029
2008-09-08,1.411157
2008-09-09,1.458029
2008-09-10,1.473094
2008-09-11,1.439615
2008-09-12,1.476442
2008-09-16,1.474769
2008-09-17,1.429571
2008-09-18,1.352568
2008-09-19,1.488160
2008-09-22,1.575207
2008-09-23,1.473094
2008-09-24,1.479790
2008-09-25,1.524988
2008-09-26,1.524988
2008-10-06,1.468072
2008-10-07,1.461376
2008-10-08,1.404462
2008-10-09,1.357590
2008-10-10,1.287283
2008-10-13,1.317415
2008-10-14,1.307371
2008-10-15,1.304023
2008-10-16,1.243760
2008-10-17,1.206933
2008-10-20,1.228694
2008-10-21,1.247108
2008-10-22,1.267196
2008-10-23,1.309045
2008-10-24,1.317415
2008-10-27,1.253804
2008-10-28,1.287283
2008-10-29,1.314067
2008-10-30,1.324111
2008-10-31,1.329133
2008-11-03,1.315741
2008-11-04,1.317415
2008-11-05,1.339177
2008-11-06,1.307371
2008-11-07,1.324111
2008-11-10,1.407809
2008-11-11,1.402787
2008-11-12,1.406135
2008-11-13,1.456355
2008-11-14,1.506574
2008-11-17,1.521639
2008-11-18,1.372656
2008-11-19,1.454680
2008-11-20,1.553445
2008-11-21,1.506574
2008-11-24,1.474769
2008-11-25,1.471420
2008-11-26,1.453007
2008-11-27,1.503226
2008-11-28,1.499878
2008-12-01,1.551771
2008-12-02,1.615382
2008-12-03,1.667275
2008-12-04,1.672297
2008-12-05,1.690711
2008-12-08,1.730886
2008-12-09,1.655558
2008-12-10,1.677319
2008-12-11,1.632122
2008-12-12,1.576881
2008-12-15,1.566837
2008-12-16,1.648861
2008-12-17,1.635469
2008-12-18,1.640491
2008-12-19,1.665601
2008-12-22,1.607012
2008-12-23,1.518291
2008-12-24,1.530009
2008-12-25,1.530009
2008-12-26,1.519966
2008-12-29,1.524988
2008-12-30,1.499878
2008-12-31,1.504899
2009-01-05,1.548423
2009-01-06,1.583576
2009-01-07,1.546749
2009-01-08,1.483138
2009-01-09,1.509922
2009-01-12,1.493182
2009-01-13,1.473094
2009-01-14,1.504899
2009-01-15,1.511596
2009-01-16,1.528335
2009-01-19,1.546749
2009-01-20,1.528335
2009-01-21,1.463050
2009-01-22,1.456355
2009-01-23,1.441289
2009-02-02,1.496530
2009-02-03,1.528335
2009-02-04,1.585251
2009-02-05,1.556793
2009-02-06,1.623752
2009-02-09,1.673971
2009-02-10,1.710798
2009-02-11,1.695732
2009-02-12,1.806215
2009-02-13,1.889913
2009-02-16,1.863130
2009-02-17,1.786127
2009-02-18,1.692385
2009-02-19,1.722516
2009-02-20,1.772735
2009-02-23,1.792823
2009-02-24,1.690711
2009-02-25,1.685688
2009-02-26,1.568511
2009-02-27,1.565163
2009-03-02,1.563489
2009-03-03,1.531683
2009-03-04,1.608686
2009-03-05,1.618730
2009-03-06,1.610360
2009-03-09,1.521639
2009-03-10,1.523313
2009-03-11,1.526662
2009-03-12,1.503226
2009-03-13,1.518291
2009-03-16,1.538379
2009-03-17,1.595294
2009-03-18,1.617055
2009-03-19,1.638818
2009-03-20,1.601990
2009-03-23,1.632122
2009-03-24,1.655558
2009-03-25,1.625426
2009-03-26,1.647187
2009-03-27,1.640491
2009-03-30,1.645513
2009-03-31,1.662253
2009-04-01,1.690711
2009-04-02,1.687363
2009-04-03,1.655558
2009-04-07,1.668949
2009-04-08,1.583576
2009-04-09,1.586924
2009-04-10,1.650535
2009-04-13,1.667275
2009-04-14,1.699080
2009-04-15,1.724190
2009-04-16,1.709124
2009-04-17,1.697406
2009-04-20,1.791149
2009-04-21,1.774409
2009-04-22,1.690711
2009-04-23,1.727538
2009-04-24,1.781105
2009-04-27,1.705776
2009-04-28,1.684015
2009-04-29,1.675645
2009-04-30,1.702428
2009-05-04,1.734233
2009-05-05,1.720842
2009-05-06,1.747625
2009-05-07,1.697406
2009-05-08,1.682341
2009-05-11,1.620404
2009-05-12,1.782779
2009-05-13,1.941806
2009-05-14,1.976959
2009-05-15,1.975285
2009-05-18,2.015460
2009-05-19,1.993699
2009-05-20,1.925067
2009-05-21,1.913349
2009-05-22,1.993699
2009-05-25,2.010439
2009-05-26,2.115899
2009-05-27,2.125943
2009-06-01,2.129291
2009-06-02,2.132638
2009-06-03,2.100833
2009-06-04,2.092463
2009-06-05,2.144357
2009-06-08,2.104182
2009-06-09,2.099159
2009-06-10,2.197923
2009-06-11,2.264882
2009-06-12,2.199598
2009-06-15,2.219686
2009-06-16,2.228055
2009-06-17,2.283296
2009-06-18,2.306732
2009-06-19,2.306732
2009-06-22,2.254839
2009-06-23,2.273252
2009-06-24,2.291666
2009-06-25,2.315101
2009-06-26,2.281622
2009-06-29,2.231403
2009-06-30,2.219686
2009-07-01,2.229729
2009-07-02,2.209641
2009-07-03,2.209641
2009-07-06,2.223033
2009-07-07,2.261535
2009-07-08,2.276600
2009-07-09,2.313427
2009-07-10,2.353603
2009-07-13,2.373907
2009-07-14,2.399288
2009-07-15,2.390827
2009-07-16,2.362063
2009-07-17,2.348526
2009-07-20,2.429744
2009-07-21,2.417900
2009-07-22,2.490657
2009-07-23,2.483889
2009-07-24,2.448356
2009-07-27,2.451740
2009-07-28,2.451740
2009-07-29,2.304534
2009-07-30,2.282538
2009-07-31,2.341758
2009-08-03,2.326531
2009-08-04,2.560030
2009-08-05,2.561722
2009-08-06,2.614175
2009-08-07,2.617558
2009-08-10,2.554954
2009-08-11,2.717388
2009-08-12,2.609098
2009-08-13,2.658167
2009-08-14,2.487273
2009-08-17,2.287614
2009-08-18,2.384060
2009-08-19,2.389135
2009-08-20,2.485581
2009-08-21,2.538033
2009-08-24,2.659859
2009-08-25,2.595562
2009-08-26,2.688624
2009-08-27,2.661551
2009-08-28,2.588794
2009-08-31,2.411132
2009-09-01,2.411132
2009-09-02,2.483889
2009-09-03,2.587102
2009-09-04,2.619250
2009-09-07,2.654783
2009-09-08,2.690315
2009-09-09,2.685239
2009-09-10,2.609098
2009-09-11,2.754612
2009-09-14,2.754612
2009-09-15,2.778301
2009-09-16,2.730924
2009-09-17,2.818909
2009-09-18,2.730924
2009-09-21,2.859517
2009-09-22,2.888282
2009-09-23,2.820601
2009-09-24,2.759688
2009-09-25,2.781685
2009-09-28,2.720772
2009-09-29,2.637862
2009-09-30,2.637862
2009-10-09,2.876438
2009-10-12,2.935658
2009-10-13,2.935658
2009-10-14,2.944119
2009-10-15,2.989803
2009-10-16,2.937351
2009-10-19,3.013491
2009-10-20,3.099784
2009-10-21,3.035488
2009-10-22,3.074404
2009-10-23,3.113320
2009-10-26,3.181002
2009-10-27,3.169158
2009-10-28,3.252067
2009-10-29,3.255452
2009-10-30,3.235147
2009-11-02,3.292675
2009-11-03,3.395889
2009-11-04,3.461877
2009-11-05,3.455109
2009-11-06,3.433113
2009-11-09,3.455109
2009-11-10,3.436497
2009-11-11,3.490642
2009-11-12,3.646308
2009-11-13,3.766441
2009-11-16,3.735986
2009-11-17,3.656460
2009-11-18,3.612467
2009-11-19,3.730909
2009-11-20,3.742754
2009-11-23,3.805357
2009-11-24,3.575242
2009-11-25,3.697069
2009-11-26,3.521098
2009-11-27,3.612467
2009-11-30,3.974560
2009-12-01,4.143763
2009-12-02,4.155607
2009-12-03,4.099770
2009-12-04,4.069314
2009-12-07,4.109921
2009-12-08,4.213135
2009-12-09,4.096386
2009-12-10,4.096386
2009-12-11,4.096386
2009-12-14,4.172526
2009-12-15,4.133611
2009-12-16,4.037166
2009-12-17,3.977946
2009-12-18,3.966100
2009-12-21,4.011785
2009-12-22,3.964408
2009-12-23,4.035472
2009-12-24,4.157299
2009-12-25,4.170835
2009-12-28,4.191140
2009-12-29,4.191140
2009-12-30,4.187754
2009-12-31,4.194523
2010-01-04,4.071006
2010-01-05,3.889958
2010-01-06,3.800282
2010-01-07,3.685225
2010-01-08,3.705528
2010-01-11,3.529559
2010-01-12,3.631079
2010-01-13,3.593855
2010-01-14,3.796898
2010-01-15,3.786746
2010-01-18,3.737677
2010-01-19,3.757981
2010-01-20,3.690300
2010-01-21,3.634464
2010-01-22,3.455109
2010-01-25,3.334976
2010-01-26,3.368816
2010-01-27,3.483874
2010-01-28,3.516022
2010-01-29,3.416193
2010-02-01,3.439881
2010-02-02,3.470338
2010-02-03,3.512638
2010-02-04,3.482181
2010-02-05,3.384045
2010-02-08,3.350204
2010-02-09,3.395889
2010-02-10,3.477106
2010-02-11,3.502486
2010-02-12,3.510946
2010-02-22,3.492334
2010-02-23,3.522790
2010-02-24,3.620928
2010-02-25,3.710605
2010-02-26,3.747830
2010-03-01,3.724141
2010-03-02,3.654768
2010-03-03,3.722450
2010-03-04,3.639540
2010-03-05,3.554938
2010-03-08,3.568475
2010-03-09,3.615852
2010-03-10,3.570166
2010-03-11,3.558323
2010-03-12,3.490642
2010-03-15,3.412809
2010-03-16,3.382352
2010-03-17,3.439881
2010-03-18,3.400965
2010-03-19,3.441574
2010-03-22,3.558323
2010-03-23,3.565092
2010-03-24,3.605700
2010-03-25,3.492334
2010-03-26,3.571859
2010-03-29,3.561707
2010-03-30,3.575242
2010-03-31,3.543095
2010-04-01,3.565092
2010-04-02,3.686916
2010-04-06,3.641232
2010-04-07,3.592164
2010-04-08,3.514331
2010-04-09,3.551555
2010-04-12,3.556631
2010-04-13,3.607392
2010-04-14,3.578627
2010-04-15,3.450034
2010-04-16,3.571859
2010-04-19,3.382352
2010-04-20,3.211458
2010-04-21,3.252067
2010-04-22,3.284215
2010-04-23,3.177618
2010-04-26,3.115013
2010-04-27,2.983035
2010-04-28,3.131933
2010-04-29,3.043948
2010-04-30,3.057484
2010-05-04,3.037180
2010-05-05,3.059176
2010-05-06,2.994880
2010-05-07,2.751228
2010-05-10,2.851057
2010-05-11,2.896742
2010-05-12,2.801989
2010-05-13,2.996572
2010-05-14,2.974575
2010-05-17,2.851057
2010-05-18,2.933966
2010-05-19,3.025335
2010-05-20,3.071020
2010-05-21,3.140393
2010-05-24,3.260527
2010-05-25,3.175926
2010-05-26,3.140393
2010-05-27,3.191154
2010-05-28,3.162390
2010-05-31,3.184386
2010-06-01,3.121782
2010-06-02,3.187771
2010-06-03,3.265603
2010-06-04,3.265603
2010-06-07,3.126857
2010-06-08,3.123473
2010-06-09,3.384045
2010-06-10,3.394196
2010-06-11,3.414501
2010-06-15,3.414501
2010-06-17,3.451726
2010-06-18,3.382352
2010-06-21,3.499102
2010-06-22,3.509254
2010-06-23,3.424653
2010-06-24,3.441574
2010-06-25,3.441574
2010-06-28,3.488949
2010-06-29,3.252067
2010-06-30,3.231762
2010-07-01,3.123473
2010-07-02,3.143777
2010-07-05,3.179310
2010-07-06,3.299443
2010-07-07,3.439881
2010-07-08,3.421269
2010-07-09,3.510946
2010-07-12,3.499102
2010-07-13,3.355280
2010-07-14,3.475414
2010-07-15,3.492334
2010-07-16,3.516022
2010-07-19,3.600623
2010-07-20,3.654768
2010-07-21,3.604008
2010-07-22,3.653075
2010-07-23,3.619235
2010-07-26,3.622619
2010-07-27,3.678456
2010-07-28,3.735986
2010-07-29,3.790876
2010-07-30,3.754853
2010-08-02,3.801168
2010-08-03,3.687956
2010-08-04,3.627920
2010-08-05,3.651935
2010-08-06,3.670802
2010-08-09,3.814890
2010-08-10,3.727408
2010-08-11,3.914379
2010-08-12,3.931532
2010-08-13,3.986423
2010-08-16,3.998430
2010-08-17,3.955547
2010-08-18,3.934963
2010-08-19,3.917809
2010-08-20,3.883502
2010-08-23,3.957262
2010-08-24,3.910949
2010-08-25,3.813175
2010-08-26,3.909233
2010-08-27,3.909233
2010-08-30,3.909233
2010-08-31,3.893795
2010-09-01,3.715401
2010-09-02,3.785730
2010-09-03,3.825183
2010-09-06,3.883502
2010-09-07,3.797737
2010-09-08,3.806313
2010-09-09,3.687956
2010-09-10,3.648504
2010-09-13,3.648504
2010-09-14,3.825183
2010-09-15,3.866350
2010-09-16,3.919525
2010-09-17,3.883502
2010-09-20,3.814890
2010-09-21,3.907518
2010-09-27,4.070474
2010-09-28,4.034452
2010-09-29,4.034452
2010-09-30,4.032738
2010-10-08,4.082481
2010-10-11,3.960693
2010-10-12,3.972700
2010-10-13,4.247154
2010-10-14,4.130511
2010-10-15,4.094489
2010-10-18,4.106496
2010-10-19,4.254013
2010-10-20,4.370656
2010-10-21,4.394671
2010-10-22,4.636533
2010-10-25,4.859524
2010-10-26,4.893832
2010-10-27,4.713722
2010-10-28,4.619379
2010-10-29,4.725729
2010-11-01,4.744597
2010-11-02,4.578211
2010-11-03,4.521605
2010-11-04,4.657116
2010-11-05,4.591934
2010-11-08,4.736022
2010-11-09,4.598796
2010-11-10,4.583358
2010-11-11,4.609087
2010-11-12,4.475291
2010-11-15,4.631386
2010-11-16,4.715438
2010-11-17,4.252299
2010-11-18,4.326058
2010-11-19,4.374088
2010-11-22,4.298614
2010-11-23,4.257444
2010-11-24,4.401533
2010-11-25,4.487299
2010-11-26,4.495875
2010-11-29,4.392957
2010-11-30,4.300328
2010-12-01,4.444415
2010-12-02,4.380949
2010-12-03,4.339781
2010-12-06,4.374088
2010-12-07,4.528467
2010-12-08,4.473576
2010-12-09,4.413539
2010-12-10,4.332919
2010-12-13,4.499306
2010-12-14,4.651971
2010-12-15,4.615948
2010-12-16,4.626241
2010-12-17,4.667408
2010-12-20,4.754890
2010-12-21,4.766899
2010-12-22,4.832079
2010-12-23,4.655401
2010-12-24,4.650255
2010-12-27,4.540473
2010-12-28,4.502737
2010-12-29,4.555911
2010-12-30,4.672554
2010-12-31,4.838941
2011-01-04,4.802919
2011-01-05,4.778905
2011-01-06,4.751460
2011-01-07,4.748028
2011-01-10,4.612518
2011-01-11,4.665693
2011-01-12,4.657116
2011-01-13,4.670839
2011-01-14,4.670839
2011-01-17,4.250584
2011-01-18,4.339781
2011-01-19,4.413539
2011-01-20,4.271167
2011-01-21,4.283175
2011-01-24,4.205985
2011-01-25,4.286606
2011-01-26,4.245437
2011-01-27,4.200839
2011-01-28,4.224854
2011-01-31,4.224854
2011-02-01,4.320912
2011-02-09,4.374088
2011-02-10,4.700000
2011-02-11,4.770328
2011-02-14,4.862956
2011-02-15,4.854380
2011-02-16,4.909270
2011-02-17,4.984745
2011-02-18,4.861241
2011-02-21,5.089379
2011-02-22,4.917846
2011-02-23,4.890400
2011-02-24,4.895547
2011-02-25,4.977882
2011-02-28,5.291788
2011-03-01,5.290072
2011-03-02,5.315803
2011-03-03,5.176861
2011-03-04,5.109963
2011-03-07,5.332956
2011-03-08,5.267774
2011-03-09,5.190584
2011-03-10,5.130548
2011-03-11,5.094525
2011-03-14,5.094525
2011-03-15,4.902409
2011-03-16,5.043065
2011-03-17,4.950438
2011-03-18,5.001897
2011-03-21,4.945292
2011-03-22,5.087664
2011-03-23,5.171715
2011-03-24,5.058503
2011-03-25,5.123686
2011-03-28,5.197445
2011-03-29,4.972737
2011-03-30,4.921278
2011-03-31,4.832079
2011-04-01,4.830365
2011-04-06,4.751460
2011-04-07,4.991605
2011-04-08,5.058503
2011-04-11,4.991605
2011-04-12,4.959014
2011-04-13,4.921278
2011-04-14,4.883540
2011-04-15,4.862956
2011-04-18,4.777189
2011-04-19,4.770328
2011-04-20,4.802919
2011-04-21,4.777189
2011-04-22,4.914415
2011-04-25,4.852664
2011-04-26,4.878394
2011-04-27,4.929854
2011-04-28,4.813211
2011-04-29,4.856093
2011-05-03,4.845803
2011-05-04,4.725729
2011-05-05,4.736022
2011-05-06,4.808065
2011-05-09,4.826934
2011-05-10,4.804634
2011-05-11,4.768612
2011-05-12,4.753175
2011-05-13,4.694854
2011-05-16,4.650255
2011-05-17,4.629672
2011-05-18,4.691423
2011-05-19,4.682846
2011-05-20,4.693138
2011-05-23,4.547336
2011-05-24,4.543904
2011-05-25,4.440985
2011-05-26,4.384380
2011-05-27,4.356934
2011-05-30,4.317481
2011-05-31,4.494160
2011-06-01,4.452993
2011-06-02,4.389525
2011-06-03,4.408393
2011-06-07,4.494160
2011-06-08,4.494160
2011-06-09,4.403249
2011-06-10,4.384380
2011-06-13,4.394671
2011-06-14,4.531898
2011-06-15,4.435840
2011-06-16,4.435840
2011-06-17,4.377519
2011-06-20,4.403249
2011-06-21,4.521605
2011-06-22,4.518175
2011-06-23,4.624525
2011-06-24,4.737737
2011-06-27,4.739452
2011-06-28,4.790913
2011-06-29,4.790913
2011-06-30,4.794342
2011-07-01,4.742883
2011-07-04,4.785766
2011-07-05,4.730875
2011-07-06,4.758321
2011-07-07,4.684561
2011-07-08,4.667408
2011-07-11,4.782335
2011-07-12,4.850949
2011-07-13,4.922993
2011-07-14,4.967591
2011-07-15,4.902409
2011-07-18,4.854042
2011-07-19,4.753851
2011-07-20,4.798764
2011-07-21,4.601838
2011-07-22,4.619112
2011-07-25,4.353089
2011-07-26,4.377274
2011-07-27,4.425642
2011-07-28,4.373819
2011-07-29,4.387638
2011-08-01,4.359999
2011-08-02,4.290902
2011-08-03,4.194168
2011-08-04,4.201077
2011-08-05,4.128526
2011-08-08,4.011061
2011-08-09,4.090523
2011-08-10,4.142345
2011-08-11,4.159619
2011-08-12,4.076703
2011-08-15,4.024880
2011-08-16,4.011061
2011-08-17,3.931600
2011-08-18,3.924690
2011-08-19,3.921237
2011-08-22,3.886687
2011-08-23,3.955784
2011-08-24,3.941964
2011-08-25,4.031791
2011-08-26,3.952329
2011-08-29,3.872869
2011-08-30,3.855594
2011-08-31,3.876322
2011-09-01,3.862503
2011-09-02,3.772678
2011-09-05,3.703581
2011-09-06,3.523930
2011-09-07,3.582663
2011-09-08,3.613756
2011-09-09,3.579207
2011-09-13,3.541204
2011-09-14,3.558478
2011-09-15,3.537749
2011-09-16,3.520475
2011-09-19,3.406465
2011-09-20,3.392646
2011-09-21,3.520475
2011-09-22,3.392646
2011-09-23,3.313185
2011-09-26,3.268273
2011-09-27,3.282092
2011-09-28,3.254453
2011-09-29,3.174991
2011-09-30,3.171537
2011-10-10,3.185357
2011-10-11,3.136989
2011-10-12,3.320095
2011-10-13,3.396101
2011-10-14,3.403010
2011-10-17,3.434104
2011-10-18,3.371917
2011-10-19,3.344279
2011-10-20,3.233724
2011-10-21,3.212996
2011-10-24,3.375372
2011-10-25,3.447923
2011-10-26,3.517020
2011-10-27,3.523930
2011-10-28,3.606845
2011-10-31,3.568843
2011-11-01,3.506656
2011-11-02,3.548114
2011-11-03,3.572297
2011-11-04,3.586117
2011-11-07,3.520475
2011-11-08,3.517020
2011-11-09,3.541204
2011-11-10,3.441014
2011-11-11,3.413375
2011-11-14,3.465197
2011-11-15,3.375372
2011-11-16,3.264817
2011-11-17,3.278636
2011-11-18,3.195721
2011-11-21,3.116260
2011-11-22,3.057528
2011-11-23,3.060982
2011-11-24,3.060982
2011-11-25,3.005704
2011-11-28,2.967702
2011-11-29,3.036798
2011-11-30,2.943518
2011-12-01,3.029889
2011-12-02,2.991886
2011-12-05,2.953882
2011-12-06,2.998795
2011-12-07,3.040254
2011-12-08,3.047163
2011-12-09,3.005704
2011-12-12,2.933153
2011-12-13,2.870966
2011-12-14,2.812234
2011-12-15,2.798415
2011-12-16,2.877876
2011-12-19,2.877876
2011-12-20,2.908969
2011-12-21,2.874421
2011-12-22,2.940063
2011-12-23,2.998795
2011-12-26,3.040254
2011-12-27,2.974611
2011-12-28,2.960792
2011-12-29,3.019524
2011-12-30,3.085166
2012-01-04,3.033344
2012-01-05,3.016069
2012-01-06,3.036798
2012-01-09,3.133534
2012-01-10,3.254453
2012-01-11,3.199175
2012-01-12,3.188811
2012-01-13,3.050617
2012-01-16,3.005704
2012-01-17,3.209540
2012-01-18,3.136989
2012-01-19,3.247543
2012-01-20,3.285547
2012-01-30,3.192265
2012-01-31,3.181901
2012-02-01,3.143898
2012-02-02,3.174991
2012-02-03,3.168082
2012-02-06,3.202631
2012-02-07,3.133534
2012-02-08,3.206085
2012-02-09,3.223359
2012-02-10,3.223359
2012-02-13,3.206085
2012-02-14,3.192265
2012-02-15,3.295911
2012-02-16,3.292456
2012-02-17,3.309730
2012-02-20,3.365007
2012-02-21,3.423740
2012-02-22,3.551569
2012-02-23,3.530840
2012-02-24,3.561933
2012-02-27,3.689762
2012-02-28,3.707036
2012-02-29,3.624120
2012-03-01,3.793407
2012-03-02,3.997242
2012-03-05,3.941964
2012-03-06,4.214896
2012-03-07,4.138891
2012-03-08,4.194168
2012-03-09,4.145799
2012-03-12,4.163074
2012-03-13,4.145799
2012-03-14,3.966149
2012-03-15,3.945419
2012-03-16,4.011061
2012-03-19,3.952329
2012-03-20,3.903962
2012-03-21,3.810681
2012-03-22,3.855594
2012-03-23,3.783042
2012-03-26,3.700126
2012-03-27,3.644848
2012-03-28,3.468652
2012-03-29,3.510110
2012-03-30,3.555023
2012-04-05,3.644848
2012-04-06,3.637939
2012-04-09,3.624120
2012-04-10,3.689762
2012-04-11,3.717401
2012-04-12,3.765768
2012-04-13,3.848685
2012-04-16,3.793407
2012-04-17,3.727765
2012-04-18,3.862503
2012-04-19,3.852139
2012-04-20,3.848685
2012-04-23,3.841774
2012-04-24,3.734675
2012-04-25,3.772678
2012-04-26,3.758858
2012-04-27,3.855594
2012-05-02,3.921237
2012-05-03,3.924690
2012-05-04,4.031791
2012-05-07,4.138891
2012-05-08,4.142345
2012-05-09,4.028337
2012-05-10,4.035245
2012-05-11,4.004152
2012-05-14,3.910870
2012-05-15,4.214896
2012-05-16,4.156165
2012-05-17,4.180348
2012-05-18,4.180348
2012-05-21,4.156165
2012-05-22,4.197622
2012-05-23,4.194168
2012-05-24,4.142345
2012-05-25,4.066339
2012-05-28,4.104342
2012-05-29,4.211442
2012-05-30,4.194168
2012-05-31,4.211442
2012-06-01,4.142345
2012-06-04,4.021425
2012-06-05,4.087068
2012-06-06,4.118160
2012-06-07,4.097432
2012-06-08,4.042155
2012-06-11,4.111251
2012-06-12,4.114756
2012-06-13,4.202379
2012-06-14,4.247943
2012-06-15,4.247943
2012-06-18,4.258458
2012-06-19,4.265467
2012-06-20,4.230418
2012-06-21,4.226913
2012-06-25,4.153310
2012-06-26,4.146301
2012-06-27,4.027134
2012-06-28,4.034143
2012-06-29,4.107746
2012-07-02,4.086718
2012-07-03,4.139291
2012-07-04,4.149806
2012-07-05,3.971055
2012-07-06,4.160320
2012-07-09,3.995590
2012-07-10,3.848384
2012-07-11,3.883433
2012-07-12,3.890443
2012-07-13,3.904462
2012-07-16,3.785296
2012-07-17,3.655615
2012-07-18,3.883433
2012-07-19,3.957035
2012-07-20,3.893947
2012-07-23,3.879928
2012-07-24,3.869413
2012-07-25,3.834363
2012-07-26,3.813335
2012-07-27,3.841374
2012-07-30,3.802820
2012-07-31,3.918482
2012-08-01,3.932500
2012-08-02,3.869413
2012-08-03,3.855393
2012-08-06,3.872917
2012-08-07,3.820344
2012-08-08,3.771276
2012-08-09,3.788801
2012-08-10,3.799315
2012-08-13,3.767771
2012-08-14,3.725712
2012-08-15,3.638090
2012-08-16,3.638090
2012-08-17,3.655615
2012-08-20,3.543457
2012-08-21,3.567991
2012-08-22,3.518923
2012-08-23,3.518923
2012-08-24,3.511914
2012-08-27,3.480369
2012-08-28,3.424291
2012-08-29,3.508408
2012-08-30,3.525932
2012-08-31,3.662623
2012-09-03,3.732722
2012-09-04,3.666129
2012-09-05,3.788801
2012-09-06,3.813335
2012-09-07,3.914977
2012-09-10,3.928997
2012-09-11,3.928997
2012-09-12,3.809830
2012-09-13,3.785296
2012-09-14,3.799315
2012-09-17,3.750247
2012-09-18,3.708188
2012-09-19,3.771276
2012-09-20,3.673139
2012-09-21,3.704683
2012-09-24,3.732722
2012-09-25,3.718702
2012-09-26,3.715198
2012-09-27,3.841374
2012-09-28,3.971055
2012-10-08,3.932500
2012-10-09,4.034143
2012-10-10,4.058678
2012-10-11,4.009609
2012-10-12,4.051669
2012-10-15,4.076202
2012-10-16,4.069193
2012-10-17,4.006104
2012-10-18,4.041153
2012-10-19,3.999095
2012-10-22,4.020124
2012-10-23,3.992085
2012-10-24,3.978065
2012-10-25,3.988580
2012-10-26,3.928997
2012-10-29,3.897452
2012-10-30,3.925492
2012-10-31,3.981570
2012-11-01,4.030639
2012-11-02,4.048163
2012-11-05,4.016619
2012-11-06,4.065688
2012-11-07,4.104242
2012-11-08,4.023629
2012-11-09,4.020124
2012-11-12,4.027134
2012-11-13,3.907967
2012-11-14,3.936006
2012-11-15,3.939511
2012-11-16,3.897452
2012-11-19,3.876424
2012-11-20,3.834363
2012-11-21,3.851889
2012-11-22,3.827355
2012-11-23,3.851889
2012-11-26,3.785296
2012-11-27,3.760761
2012-11-28,3.781791
2012-11-29,3.806325
2012-11-30,3.911472
2012-12-03,3.904462
2012-12-04,3.914977
2012-12-05,4.076202
2012-12-06,4.104242
2012-12-07,4.090222
2012-12-10,4.090222
2012-12-11,4.027134
2012-12-12,4.041153
2012-12-13,4.076202
2012-12-14,4.202379
2012-12-17,4.247943
2012-12-18,4.268973
2012-12-19,4.230418
2012-12-20,4.423188
2012-12-21,4.549365
2012-12-24,4.566888
2012-12-25,4.661521
2012-12-26,4.619463
2012-12-27,4.542355
2012-12-28,4.559879
2012-12-31,4.696570
2013-01-04,4.703581
2013-01-07,4.703581
2013-01-08,4.619463
2013-01-09,4.580908
2013-01-10,4.665027
2013-01-11,4.661521
2013-01-14,4.924390
2013-01-15,4.906865
2013-01-16,4.850786
2013-01-17,4.808727
2013-01-18,4.962944
2013-01-21,4.959439
2013-01-22,4.857796
2013-01-23,4.843777
2013-01-24,4.714096
2013-01-25,4.742134
2013-01-28,4.934903
2013-01-29,4.959439
2013-01-30,4.959439
2013-01-31,4.892845
2013-02-01,4.962944
2013-02-04,4.829756
2013-02-05,4.794707
2013-02-06,4.791203
2013-02-07,4.784193
2013-02-08,4.899855
2013-02-18,4.885835
2013-02-19,4.763164
2013-02-20,4.787699
2013-02-21,4.640492
2013-02-22,4.563384
2013-02-25,4.587918
2013-02-26,4.514316
2013-02-27,4.521325
2013-02-28,4.619463
2013-03-01,4.640492
2013-03-04,4.374120
2013-03-05,4.514316
2013-03-06,4.507306
2013-03-07,4.412673
2013-03-08,4.426693
2013-03-11,4.426693
2013-03-12,4.279487
2013-03-13,4.202379
2013-03-14,4.297012
2013-03-15,4.384634
2013-03-18,4.311031
2013-03-19,4.388139
2013-03-20,4.482770
2013-03-21,4.482770
2013-03-22,4.570394
2013-03-25,4.563384
2013-03-26,4.605443
2013-03-27,4.615958
2013-03-28,4.500296
2013-03-29,4.461742
2013-04-01,4.524830
2013-04-02,4.573899
2013-04-03,4.538850
2013-04-08,4.549365
2013-04-09,4.577404
2013-04-10,4.563384
2013-04-11,4.503801
2013-04-12,4.454732
2013-04-15,4.444219
2013-04-16,4.500296
2013-04-17,4.643996
2013-04-18,4.629978
2013-04-19,4.717600
2013-04-22,4.689561
2013-04-23,4.521325
2013-04-24,4.601938
2013-04-25,4.535345
2013-04-26,4.493286
2013-05-02,4.430198
2013-05-03,4.622967
2013-05-06,4.682551
2013-05-07,4.654511
2013-05-08,4.654511
2013-05-09,4.549365
2013-05-10,4.615958
2013-05-13,4.584414
2013-05-14,4.475762
2013-05-15,4.493286
2013-05-16,4.538850
2013-05-17,4.542355
2013-05-20,4.619463
2013-05-21,4.601938
2013-05-22,4.556374
2013-05-23,4.524830
2013-05-24,4.510811
2013-05-27,4.444219
2013-05-28,4.517820
2013-05-29,4.531840
2013-05-30,4.475762
2013-05-31,4.444219
2013-06-03,4.465246
2013-06-04,4.377625
2013-06-05,4.339071
2013-06-06,4.314537
2013-06-07,4.332604
2013-06-13,4.260333
2013-06-14,4.263947
2013-06-17,4.101339
2013-06-18,4.206130
2013-06-19,4.206130
2013-06-20,4.173609
2013-06-21,4.119406
2013-06-24,3.949571
2013-06-25,3.964025
2013-06-26,3.967638
2013-06-27,3.884528
2013-06-28,3.942344
2013-07-01,3.927890
2013-07-02,3.996547
2013-07-03,4.043522
2013-07-04,4.151928
2013-07-05,4.159155
2013-07-08,4.047136
2013-07-09,3.982093
2013-07-10,4.079658
2013-07-11,4.177223
2013-07-12,4.177223
2013-07-15,4.245879
2013-07-16,4.300082
2013-07-17,4.278402
2013-07-18,4.191677
2013-07-19,4.104951
2013-07-22,4.191677
2013-07-23,4.231425
2013-07-24,4.188063
2013-07-25,4.068817
2013-07-26,4.104951
2013-07-29,4.039909
2013-07-30,4.003774
2013-07-31,4.097725
2013-08-01,4.173609
2013-08-02,4.184450
2013-08-05,4.195290
2013-08-06,4.202517
2013-08-07,4.231425
2013-08-08,4.216971
2013-08-09,4.263947
2013-08-12,4.379579
2013-08-13,4.357898
2013-08-14,4.336216
2013-08-15,4.321763
2013-08-16,4.307308
2013-08-19,4.404874
2013-08-20,4.300082
2013-08-21,4.368739
2013-08-22,4.332604
2013-08-23,4.314536
2013-08-26,4.357898
2013-08-27,4.390419
2013-08-28,4.441009
2013-08-29,4.632525
2013-08-30,4.639752
2013-09-02,4.581937
2013-09-03,4.679501
2013-09-04,4.657819
2013-09-05,4.654207
2013-09-06,4.589163
2013-09-09,4.542187
2013-09-10,4.553028
2013-09-11,4.672274
2013-09-12,4.813200
2013-09-13,4.813200
2013-09-16,4.813200
2013-09-17,4.813200
2013-09-18,4.813200
2013-09-23,4.813200
2013-09-24,4.813200
2013-09-25,4.813200
2013-09-26,4.813200
2013-09-27,4.813200
2013-09-30,4.813200
2013-10-08,4.990263
2013-10-09,5.170938
2013-10-10,5.687671
2013-10-11,5.716579
2013-10-14,5.763556
2013-10-15,5.792463
2013-10-16,5.561198
2013-10-17,5.460019
2013-10-18,5.496156
2013-10-21,6.045409
2013-10-22,5.983979
2013-10-23,5.857507
2013-10-24,5.918936
2013-10-25,5.561198
2013-10-28,5.861119
2013-10-29,5.716579
2013-10-30,5.796078
2013-10-31,5.611788
2013-11-01,5.702125
2013-11-04,5.947844
2013-11-05,5.850280
2013-11-06,5.796078
2013-11-07,5.441953
2013-11-08,5.351614
2013-11-11,5.438339
2013-11-12,5.582880
2013-11-13,5.452793
2013-11-14,5.521449
2013-11-15,5.684057
2013-11-18,5.973140
2013-11-19,5.980365
2013-11-20,6.077931
2013-11-21,6.244153
2013-11-22,6.103225
2013-11-25,5.973140
2013-11-26,6.157429
2013-11-27,6.099612
2013-11-28,6.233312
2013-11-29,6.222471
2013-12-02,6.005661
2013-12-03,6.161041
2013-12-04,6.500711
2013-12-05,6.540461
2013-12-06,6.540461
2013-12-09,6.540461
2013-12-10,7.194506
2013-12-11,7.328207
2013-12-12,7.208961
2013-12-13,7.176439
2013-12-16,7.357114
2013-12-17,6.847609
2013-12-18,6.703069
2013-12-19,6.731977
2013-12-20,6.569368
2013-12-23,6.872904
2013-12-24,6.919878
2013-12-25,6.923492
2013-12-26,6.757272
2013-12-27,7.039125
2013-12-30,7.006605
2013-12-31,7.046352
2014-01-02,6.956015
2014-01-03,6.746429
2014-01-06,6.713909
2014-01-07,6.674160
2014-01-08,6.710294
2014-01-09,6.479031
2014-01-10,6.572983
2014-01-13,6.504326
2014-01-14,6.905426
2014-01-15,7.190893
2014-01-16,7.227029
2014-01-17,7.205348
2014-01-20,7.136690
2014-01-21,7.237870
2014-01-22,7.505269
2014-01-23,7.657037
2014-01-24,7.877460
2014-01-27,7.743762
2014-01-28,7.646196
2014-01-29,7.790736
2014-01-30,7.653423
2014-02-07,7.769055
2014-02-10,8.076204
2014-02-11,7.722080
2014-02-12,7.711239
2014-02-13,7.516110
2014-02-14,7.563086
2014-02-17,7.581152
2014-02-18,7.783510
2014-02-19,7.877460
2014-02-20,7.797965
2014-02-21,7.479974
2014-02-24,6.731977
2014-02-25,6.468190
2014-02-26,6.410375
2014-02-27,6.471804
2014-02-28,6.594663
2014-03-03,6.713909
2014-03-04,6.522393
2014-03-05,6.327263
2014-03-06,6.197176
2014-03-07,6.330877
2014-03-10,6.110453
2014-03-11,6.012887
2014-03-12,6.005661
2014-03-13,6.153816
2014-03-14,6.222471
2014-03-17,6.146588
2014-03-18,6.204403
2014-03-19,6.009274
2014-03-20,5.532290
2014-03-21,5.857507
2014-03-24,5.734646
2014-03-25,5.792463
2014-03-26,5.792463
2014-03-27,5.676831
2014-03-28,5.864734
2014-03-31,5.868347
2014-04-01,5.871960
2014-04-02,5.911710
2014-04-03,5.781622
2014-04-04,5.806917
2014-04-08,6.117679
2014-04-09,6.161041
2014-04-10,6.175495
2014-04-11,6.175495
2014-04-14,6.254993
2014-04-15,6.063477
2014-04-16,5.947844
2014-04-17,6.034568
2014-04-18,5.850280
2014-04-21,5.788850
2014-04-22,5.716579
2014-04-23,5.651536
2014-04-24,5.680444
2014-04-25,5.525063
2014-04-28,5.423884
2014-04-29,5.553971
2014-04-30,5.546745
2014-05-05,5.499768
2014-05-06,5.463634
2014-05-07,5.282957
2014-05-08,5.225142
2014-05-09,5.163712
2014-05-12,5.246823
2014-05-13,5.344387
2014-05-14,5.217915
2014-05-15,5.073374
2014-05-16,5.170938
2014-05-19,5.091442
2014-05-20,4.990263
2014-05-21,5.087828
2014-05-22,5.116736
2014-05-23,5.286572
2014-05-26,5.279344
2014-05-27,5.297412
2014-05-28,5.423884
2014-05-29,5.434725
2014-05-30,5.438339
2014-06-03,5.449179
2014-06-04,5.293798
2014-06-05,5.431111
2014-06-06,5.416657
2014-06-09,5.456407
2014-06-10,5.575653
2014-06-11,5.561198
2014-06-12,5.467247
2014-06-13,5.597334
2014-06-16,5.673217
2014-06-17,5.579266
2014-06-18,5.482429
2014-06-19,5.422837
2014-06-20,5.404215
2014-06-23,5.285032
2014-06-24,5.173298
2014-06-25,5.210543
2014-06-26,5.352073
2014-06-27,5.355797
2014-06-30,5.497327
2014-07-01,5.381868
2014-07-02,5.359521
2014-07-03,5.326001
2014-07-04,5.359521
2014-07-07,5.255236
2014-07-08,5.247787
2014-07-09,5.117431
2014-07-10,5.121155
2014-07-11,5.203094
2014-07-14,5.348348
2014-07-15,5.322277
2014-07-16,5.288756
2014-07-17,5.322277
2014-07-18,5.437735
2014-07-21,5.653755
2014-07-22,5.631409
2014-07-23,5.780387
2014-07-24,5.921918
2014-07-25,5.996408
2014-07-28,5.959162
2014-07-29,6.063447
2014-07-30,5.992682
2014-07-31,6.037376
2014-08-01,6.074621
2014-08-04,6.231050
2014-08-05,6.197528
2014-08-06,5.977785
2014-08-07,5.799009
2014-08-08,5.754316
2014-08-11,5.836255
2014-08-12,5.787836
2014-08-13,5.836255
2014-08-14,5.772939
2014-08-15,5.880949
2014-08-18,6.037376
2014-08-19,6.015029
2014-08-20,6.029928
2014-08-21,5.944265
2014-08-22,5.951713
2014-08-25,5.813908
2014-08-26,5.657480
2014-08-27,5.679826
2014-08-28,5.683551
2014-08-29,5.936816
2014-09-01,5.970335
2014-09-02,6.029928
2014-09-03,6.089519
2014-09-04,6.327886
2014-09-05,6.346509
2014-09-09,6.305539
2014-09-10,6.156561
2014-09-11,6.324161
2014-09-12,6.286916
2014-09-15,6.383752
2014-09-16,6.137938
2014-09-17,6.126763
2014-09-18,6.070897
2014-09-19,6.156561
2014-09-22,6.044826
2014-09-23,6.231050
2014-09-24,6.249672
2014-09-25,6.257120
2014-09-26,6.253396
2014-09-29,6.082070
2014-09-30,5.884673
2014-10-08,5.974061
2014-10-09,6.007580
2014-10-10,5.925642
2014-10-13,5.813908
2014-10-14,5.858602
2014-10-15,5.873499
2014-10-16,5.776663
2014-10-17,5.806458
2014-10-20,5.888397
2014-10-21,5.787836
2014-10-22,5.780387
2014-10-23,5.731969
2014-10-24,5.780387
2014-10-27,5.787836
2014-10-28,5.851153
2014-10-29,5.851153
2014-10-30,5.851153
2014-10-31,6.156561
2014-11-03,6.204978
2014-11-04,6.182631
2014-11-05,6.041100
2014-11-06,6.063447
2014-11-07,6.067172
2014-11-10,6.342784
2014-11-11,6.242222
2014-11-12,6.447069
2014-11-13,6.439620
2014-11-14,6.599772
2014-11-17,6.521558
2014-11-18,6.301814
2014-11-19,6.290641
2014-11-20,6.324161
2014-11-21,6.350232
2014-11-24,6.450794
2014-11-25,6.584875
2014-11-26,6.569976
2014-11-27,6.450794
2014-11-28,6.372580
2014-12-01,6.525283
2014-12-02,6.677987
2014-12-03,6.767374
2014-12-04,6.867935
2014-12-05,6.726405
2014-12-08,6.942424
2014-12-09,6.819516
2014-12-10,7.229209
2014-12-11,7.110027
2014-12-12,7.016915
2014-12-15,7.054159
2014-12-16,6.961047
2014-12-17,6.875383
2014-12-18,7.013190
2014-12-19,6.961047
2014-12-22,7.169616
2014-12-23,7.106300
2014-12-24,6.856761
2014-12-25,6.890281
2014-12-26,6.949872
2014-12-29,6.826964
2014-12-30,6.700333
2014-12-31,6.912628
2015-01-05,7.445228
2015-01-06,7.579310
2015-01-07,7.448955
2015-01-08,7.389361
2015-01-09,7.299974
2015-01-12,7.597931
2015-01-13,7.810227
2015-01-14,7.802778
2015-01-15,7.813951
2015-01-16,7.910787
2015-01-19,7.218035
2015-01-20,7.560687
2015-01-21,7.679870
2015-01-22,7.597931
2015-01-23,7.515994
2015-01-26,7.635177
2015-01-27,7.653799
2015-01-28,7.497370
2015-01-29,7.370739
2015-01-30,7.430331
2015-02-02,7.329771
2015-02-03,7.460127
2015-02-04,7.575585
2015-02-05,7.370739
2015-02-06,7.132372
2015-02-09,7.095127
2015-02-10,7.381911
2015-02-11,7.493646
2015-02-12,7.501094
2015-02-13,7.504819
2015-02-16,7.583033
2015-02-17,7.657523
2015-02-25,7.657523
2015-02-26,7.612831
2015-02-27,7.612831
2015-03-02,7.650076
2015-03-03,7.486198
2015-03-04,7.560687
2015-03-05,7.385637
2015-03-06,7.210587
2015-03-09,7.329771
2015-03-10,7.460127
2015-03-11,8.205020
2015-03-12,8.320480
2015-03-13,8.491807
2015-03-16,8.648233
2015-03-17,8.681755
2015-03-18,8.901498
2015-03-19,8.633336
2015-03-20,8.562570
2015-03-23,8.674306
2015-03-24,8.935019
2015-03-25,9.136140
2015-03-26,8.786039
2015-03-27,8.849357
2015-03-30,9.117518
2015-03-31,9.624048
2015-04-01,9.691089
2015-04-02,10.350321
2015-04-03,10.309351
2015-04-07,10.193892
2015-04-08,9.951801
2015-04-09,9.702261
2015-04-10,10.164097
2015-04-13,10.044912
2015-04-14,9.851238
2015-04-15,9.657567
2015-04-16,9.985322
2015-04-17,10.219963
2015-04-20,9.869862
2015-04-21,10.707870
2015-04-22,10.789807
2015-04-23,10.547716
2015-04-24,10.313076
2015-04-27,10.417359
2015-04-28,10.268380
2015-04-29,10.346596
2015-04-30,10.097055
2015-05-04,10.011392
2015-05-05,9.568179
2015-05-06,9.530934
2015-05-07,9.586802
2015-05-08,9.888485
2015-05-11,10.048636
2015-05-12,9.951801
2015-05-13,10.078433
2015-05-14,9.985322
2015-05-15,9.646395
2015-05-18,9.620322
2015-05-19,9.985322
2015-05-20,10.272105
2015-05-21,10.860572
2015-05-22,11.165979
2015-05-25,11.165979
2015-05-26,11.706030
2015-05-27,11.534703
2015-05-28,10.838226
2015-05-29,10.931338
2015-06-01,11.467663
2015-06-02,11.516080
2015-06-03,11.888531
2015-06-04,11.743275
2015-06-05,11.847560
2015-06-08,11.974193
2015-06-09,11.992815
2015-06-10,11.989088
2015-06-11,11.802866
2015-06-12,11.627815
2015-06-15,11.393174
2015-06-16,11.106389
2015-06-17,11.244195
2015-06-18,10.652002
2015-06-19,10.063537
2015-06-23,11.028174
2015-06-24,11.370827
2015-06-25,10.882920
2015-06-26,10.126853
2015-06-29,10.368943
2015-06-30,11.296336
2015-07-01,10.543991
2015-07-02,9.799098
2015-07-03,9.393128
2015-07-06,9.955525
2015-07-07,9.456445
2015-07-08,9.136140
2015-07-09,10.048636
2015-07-10,11.054246
2015-07-13,11.642714
2015-07-14,10.897819
2015-07-15,10.782360
2015-07-16,10.555786
2015-07-17,10.767961
2015-07-20,10.351186
2015-07-21,9.987455
2015-07-22,9.964722
2015-07-23,10.070810
2015-07-24,9.782856
2015-07-27,8.805327
2015-07-28,8.547685
2015-07-29,8.888684
2015-07-30,8.335507
2015-07-31,8.471908
2015-08-03,8.615884
2015-08-04,8.903838
2015-08-05,8.593152
2015-08-06,8.434019
2015-08-07,8.600730
2015-08-10,9.153905
2015-08-11,9.320614
2015-08-12,9.131171
2015-08-13,9.328193
2015-08-14,9.252415
2015-08-17,9.100860
2015-08-18,8.615884
2015-08-19,8.721974
2015-08-20,8.737127
2015-08-21,8.055133
2015-08-24,7.251893
2015-08-25,6.524429
2015-08-26,6.675985
2015-08-27,7.176116
2015-08-28,7.441336
2015-08-31,7.608046
2015-09-01,7.661090
2015-09-02,7.842957
2015-09-07,7.403447
2015-09-08,7.494381
2015-09-09,7.592890
2015-09-10,7.524692
2015-09-11,7.411024
2015-09-14,7.517113
2015-09-15,7.320092
2015-09-16,7.714134
2015-09-17,7.395869
2015-09-18,7.486803
2015-09-21,7.539847
2015-09-22,7.555003
2015-09-23,7.304937
2015-09-24,7.342826
2015-09-25,7.145803
2015-09-28,7.100338
2015-09-29,6.842696
2015-09-30,6.865429
2015-10-08,7.077605
2015-10-09,7.100338
2015-10-12,7.365560
2015-10-13,7.365560
2015-10-14,7.244315
2015-10-15,7.411024
2015-10-16,7.517113
2015-10-19,7.517113
2015-10-20,7.517113
2015-10-21,7.517113
2015-10-22,7.517113
2015-10-23,7.517113
2015-10-26,7.517113
2015-10-27,7.517113
2015-10-28,7.517113
2015-10-29,7.517113
2015-10-30,7.517113
2015-11-02,7.517113
2015-11-03,7.517113
2015-11-04,7.517113
2015-11-05,7.517113
2015-11-06,7.517113
2015-11-09,7.517113
2015-11-10,7.517113
2015-11-11,7.517113
2015-11-12,7.517113
2015-11-13,7.517113
2015-11-16,7.517113
2015-11-17,7.517113
2015-11-18,7.517113
2015-11-19,7.517113
2015-11-20,7.517113
2015-11-23,7.517113
2015-11-24,7.517113
2015-11-25,7.517113
2015-11-26,7.517113
2015-11-27,7.517113
2015-11-30,7.517113
2015-12-01,7.517113
2015-12-02,7.517113
2015-12-03,7.517113
2015-12-04,7.517113
2015-12-07,7.517113
2015-12-08,7.517113
2015-12-09,7.517113
2015-12-10,7.517113
2015-12-11,7.517113
2015-12-14,7.517113
2015-12-15,7.517113
2015-12-16,7.517113
2015-12-17,7.517113
2015-12-18,7.517113
2015-12-21,7.517113
2015-12-22,7.517113
2015-12-23,7.517113
2015-12-24,7.517113
2015-12-25,7.517113
2015-12-28,7.517113
2015-12-29,7.517113
2015-12-30,7.517113
2015-12-31,7.517113
2016-01-04,7.517113
2016-01-05,7.517113
2016-01-06,7.517113
2016-01-07,7.517113
2016-01-08,7.517113
2016-01-11,7.517113
2016-01-12,7.517113
2016-01-13,7.517113
2016-01-14,7.517113
2016-01-15,7.517113
2016-01-18,7.517113
2016-01-19,7.517113
2016-01-20,7.517113
2016-01-21,7.517113
2016-01-22,7.517113
2016-01-25,7.517113
2016-01-26,7.517113
2016-01-27,7.517113
2016-01-28,7.517113
2016-01-29,7.517113
2016-02-01,6.766918
2016-02-02,6.448653
2016-02-03,6.266787
2016-02-04,6.365297
2016-02-05,6.274364
2016-02-15,6.145542
2016-02-16,6.380454
2016-02-17,6.418342
2016-02-18,6.365297
2016-02-19,6.312253
2016-02-22,6.456231
2016-02-23,6.365297
2016-02-24,6.327409
2016-02-25,5.895479
2016-02-26,5.903055
2016-02-29,5.668146
2016-03-01,6.236476
2016-03-02,6.509275
2016-03-03,6.486542
2016-03-04,6.592629
2016-03-07,6.509275
2016-03-08,6.494119
2016-03-09,6.501698
2016-03-10,6.304675
2016-03-11,6.266787
2016-03-14,6.418342
2016-03-15,6.441075
2016-03-16,6.547163
2016-03-17,6.569896
2016-03-18,6.645674
2016-03-21,6.759341
2016-03-22,6.675985
2016-03-23,6.660828
2016-03-24,6.471386
2016-03-25,6.441075
2016-03-28,6.418342
2016-03-29,6.342564
2016-03-30,6.463808
2016-03-31,6.418342
2016-04-01,6.478964
2016-04-05,6.509275
2016-04-06,6.478964
2016-04-07,6.418342
2016-04-08,6.297099
2016-04-11,6.395608
2016-04-12,6.350142
2016-04-13,6.372875
2016-04-14,6.395608
2016-04-15,6.372875
2016-04-18,6.281943
2016-04-19,6.312253
2016-04-20,6.145542
2016-04-21,6.054610
2016-04-22,6.062188
2016-04-25,6.031877
2016-04-26,5.993989
2016-04-27,5.978834
2016-04-28,6.062188
2016-04-29,6.312253
2016-05-03,6.600207
2016-05-04,6.547163
2016-05-05,6.562319
2016-05-06,6.312253
2016-05-09,6.251631
2016-05-10,6.562319
2016-05-11,6.903317
2016-05-12,6.873007
2016-05-13,6.804807
2016-05-16,6.873007
2016-05-17,6.691140
2016-05-18,6.729029
2016-05-19,6.698718
2016-05-20,6.926050
2016-05-23,6.895739
2016-05-24,6.804807
2016-05-25,6.713873
2016-05-26,6.736607
2016-05-27,6.789650
2016-05-30,6.645674
2016-05-31,6.933627
2016-06-01,6.910895
2016-06-02,7.047294
2016-06-03,7.100338
2016-06-06,7.024561
2016-06-07,7.009405
2016-06-08,6.956361
2016-06-13,6.744183
2016-06-14,6.759341
2016-06-15,6.850271
2016-06-16,6.729029
2016-06-17,6.751762
2016-06-20,6.744183
2016-06-21,6.683563
2016-06-22,6.729029
2016-06-23,6.668407
2016-06-24,6.539585
2016-06-27,6.668407
2016-06-28,6.660828
2016-06-29,6.691140
2016-06-30,6.729029
2016-07-01,6.751762
2016-07-04,6.933627
2016-07-05,7.001827
2016-07-06,6.986673
2016-07-07,7.251893
2016-07-08,7.236737
2016-07-11,7.176116
2016-07-12,7.842957
2016-07-13,7.744447
2016-07-14,7.661090
2016-07-15,7.850532
2016-07-18,7.858112
2016-07-19,7.653514
2016-07-20,7.729290
2016-07-21,7.896000
2016-07-22,7.827801
2016-07-25,7.774756
2016-07-26,8.008432
2016-07-27,7.969744
2016-07-28,8.294724
2016-07-29,8.464951
2016-08-01,8.186396
2016-08-02,8.163184
2016-08-03,8.209610
2016-08-04,8.054858
2016-08-05,8.093547
2016-08-08,8.124496
2016-08-09,8.225086
2016-08-10,8.093547
2016-08-11,7.946533
2016-08-12,8.039384
2016-08-15,8.232823
2016-08-16,8.147709
2016-08-17,8.170922
2016-08-18,8.085808
2016-08-19,7.969744
2016-08-22,7.938794
2016-08-23,7.938794
2016-08-24,7.931056
2016-08-25,7.900105
2016-08-26,7.915579
2016-08-29,7.884629
2016-08-30,7.977481
2016-08-31,8.109021
2016-09-01,8.008432
2016-09-02,8.294724
2016-09-05,8.201873
2016-09-06,8.263774
2016-09-07,8.139972
2016-09-08,8.093547
2016-09-09,7.946533
2016-09-12,7.907844
2016-09-13,7.884629
2016-09-14,7.776306
2016-09-19,8.232823
2016-09-20,8.132236
2016-09-21,8.016171
2016-09-22,8.116759
2016-09-23,8.070333
2016-09-26,7.814993
2016-09-27,7.884629
2016-09-28,7.814993
2016-09-29,7.814993
2016-09-30,7.845943
2016-10-10,8.008432
2016-10-11,7.985221
2016-10-12,7.892369
2016-10-13,7.861417
2016-10-14,7.853680
2016-10-17,7.830466
2016-10-18,7.900105
2016-10-19,7.853680
2016-10-20,7.838204
2016-10-21,7.900105
2016-10-24,7.962007
2016-10-25,7.954268
2016-10-26,7.853680
2016-10-27,7.876892
2016-10-28,7.892369
2016-10-31,7.722139
2016-11-01,7.760828
2016-11-02,7.698927
2016-11-03,7.745353
2016-11-04,7.706666
2016-11-07,7.722139
2016-11-08,7.760828
2016-11-09,7.667976
2016-11-10,7.706666
2016-11-11,7.722139
2016-11-14,7.698927
2016-11-15,7.729879
2016-11-16,7.722139
2016-11-17,7.722139
2016-11-18,7.667976
2016-11-21,7.683453
2016-11-22,7.737616
2016-11-23,7.900105
2016-11-24,8.039384
2016-11-25,7.962007
2016-11-28,8.256038
2016-11-29,8.348886
2016-11-30,8.279248
2016-12-01,8.426263
2016-12-02,8.263774
2016-12-05,7.992958
2016-12-06,8.000695
2016-12-07,8.000695
2016-12-08,7.931056
2016-12-09,7.946533
2016-12-12,7.830466
2016-12-13,7.791779
2016-12-14,7.722139
2016-12-15,7.675715
2016-12-16,7.737616
2016-12-19,7.675715
2016-12-20,7.683453
2016-12-21,7.714404
2016-12-22,7.698927
2016-12-23,7.660240
2016-12-26,7.629288
2016-12-27,7.637027
2016-12-28,7.644764
2016-12-29,7.575126
2016-12-30,7.644764
2017-01-03,7.691191
2017-01-04,7.768567
2017-01-05,7.768567
2017-01-06,7.753091
2017-01-09,7.745353
2017-01-10,7.753091
2017-01-11,7.745353
2017-01-12,7.698927
2017-01-13,7.675715
2017-01-16,7.799516
2017-01-17,7.768567
2017-01-18,7.760828
2017-01-19,7.675715
2017-01-20,7.698927
2017-01-23,7.737616
2017-01-24,7.768567
2017-01-25,7.784041
2017-01-26,7.822730
2017-02-03,7.853680
2017-02-06,7.799516
2017-02-07,7.760828
2017-02-08,7.760828
2017-02-09,7.768567
2017-02-10,7.776306
2017-02-13,7.861417
2017-02-14,7.876892
2017-02-15,7.791779
2017-02-16,7.838204
2017-02-17,7.915579
2017-02-20,8.225086
2017-02-21,8.240561
2017-02-22,8.248299
2017-02-23,8.101285
2017-02-24,8.139972
2017-02-27,8.225086
2017-02-28,8.441739
2017-03-01,8.364364
2017-03-02,8.395313
2017-03-03,8.403051
2017-03-06,8.557803
2017-03-07,8.604228
2017-03-08,8.519116
2017-03-09,8.333412
2017-03-10,8.534590
2017-03-13,8.735768
2017-03-14,8.720294
2017-03-15,8.851833
2017-03-16,8.789931
2017-03-17,8.689343
2017-03-20,8.697081
2017-03-21,8.805408
2017-03-22,8.704818
2017-03-23,8.867310
2017-03-24,9.200026
2017-03-27,9.006584
2017-03-28,9.022060
2017-03-29,9.285139
2017-03-30,9.246450
2017-03-31,9.424418
2017-04-05,9.354777
2017-04-06,9.401203
2017-04-07,9.285139
2017-04-10,9.184549
2017-04-11,9.091699
2017-04-12,9.138125
2017-04-13,9.114912
2017-04-14,8.944686
2017-04-17,9.029798
2017-04-18,9.223238
2017-04-19,9.230976
2017-04-20,9.463105
2017-04-21,9.563693
2017-04-24,9.633331
2017-04-25,9.610118
2017-04-26,9.718446
2017-04-27,9.710707
2017-04-28,9.432153
2017-05-02,10.020212
2017-05-03,10.144014
2017-05-04,10.136276
2017-05-05,10.167227
2017-05-08,10.236866
2017-05-09,9.950574
2017-05-10,9.942836
2017-05-11,10.244604
2017-05-12,10.174964
2017-05-15,10.190440
2017-05-16,10.291030
2017-05-17,10.159490
2017-05-18,10.174964
2017-05-19,10.306505
2017-05-22,10.438044
2017-05-23,10.592796
2017-05-24,10.608273
2017-05-25,10.530895
2017-05-26,10.801712
2017-05-31,10.964202
2017-06-01,11.126692
2017-06-02,11.064791
2017-06-05,11.010628
2017-06-06,11.335608
2017-06-07,11.343343
2017-06-08,11.645112
2017-06-09,11.614160
2017-06-12,11.660587
2017-06-13,11.621901
2017-06-14,11.103478
2017-06-15,10.902301
2017-06-16,10.832663
2017-06-19,10.995152
2017-06-20,10.801712
2017-06-21,11.335608
2017-06-22,11.064791
2017-06-23,11.451673
2017-06-26,11.761176
2017-06-27,11.792126
2017-06-28,11.606423
2017-06-29,11.637373
2017-06-30,11.645112
2017-07-03,11.265969
2017-07-04,11.018364
2017-07-05,11.111215
2017-07-06,11.002890
2017-07-07,10.971939
2017-07-10,10.940989
2017-07-11,11.227280
2017-07-12,10.964202
2017-07-13,10.894563
2017-07-14,10.979678
2017-07-17,11.057053
2017-07-18,10.940989
2017-07-19,10.964202
2017-07-20,11.320133
2017-07-21,11.250494
2017-07-24,11.405246
2017-07-25,11.204068
2017-07-26,11.049314
2017-07-27,10.886825
2017-07-28,10.855874
2017-07-31,10.863612
2017-08-01,10.901421
2017-08-02,10.799024
2017-08-03,10.365802
2017-08-04,10.357925
2017-08-07,10.476078
2017-08-08,10.381557
2017-08-09,10.515462
2017-08-10,10.428817
2017-08-11,10.420940
2017-08-14,10.413062
2017-08-15,10.389432
2017-08-16,10.200391
2017-08-17,10.263403
2017-08-18,10.271281
2017-08-21,10.413062
2017-08-22,10.460324
2017-08-23,10.405185
2017-08-24,10.413062
2017-08-25,10.609982
2017-08-28,11.011694
2017-08-29,11.169230
2017-08-30,11.121970
2017-08-31,11.051079
2017-09-01,10.988064
2017-09-04,11.011694
2017-09-05,11.192861
2017-09-06,11.051079
2017-09-07,11.011694
2017-09-08,10.862037
2017-09-11,11.019572
2017-09-12,11.106217
2017-09-13,11.303135
2017-09-14,11.224370
2017-09-15,11.437041
2017-09-18,11.137724
2017-09-19,11.114093
2017-09-20,11.090463
2017-09-21,11.263753
2017-09-22,11.492178
2017-09-25,11.570945
2017-09-26,11.437041
2017-09-27,11.657591
2017-09-28,11.744234
2017-09-29,11.886014
2017-10-09,12.090812
2017-10-10,11.626081
2017-10-11,11.657591
2017-10-12,12.303483
2017-10-13,12.547661
2017-10-16,12.539785
2017-10-17,12.689444
2017-10-18,12.957253
2017-10-19,13.043899
2017-10-20,12.665812
2017-10-23,12.705196
2017-10-24,12.902117
2017-10-25,13.382596
2017-10-26,13.059651
2017-10-27,13.169925
2017-10-30,13.366843
2017-10-31,13.626777
2017-11-01,13.256569
2017-11-02,13.288075
2017-11-03,13.374722
2017-11-06,14.272671
2017-11-07,14.154519
2017-11-08,14.233288
2017-11-09,14.934313
2017-11-10,15.123360
2017-11-13,15.020962
2017-11-14,14.713769
2017-11-15,15.052468
2017-11-16,15.107609
2017-11-17,15.170622
2017-11-20,15.005206
2017-11-21,15.942539
2017-11-22,15.753501
2017-11-23,14.690139
2017-11-24,14.698014
2017-11-27,14.422328
2017-11-28,14.453835
2017-11-29,13.839449
2017-11-30,13.618900
2017-12-01,13.650408
2017-12-04,13.902463
2017-12-05,14.170274
2017-12-06,13.973355
2017-12-07,13.674037
2017-12-08,14.044244
2017-12-11,14.501097
2017-12-12,14.146642
2017-12-13,14.824042
2017-12-14,14.831921
2017-12-15,14.587739
2017-12-18,14.879180
2017-12-19,14.997334
2017-12-20,15.162743
2017-12-21,15.296649
2017-12-22,15.194253
2017-12-25,15.280893
2017-12-26,15.036715
2017-12-27,14.564110
2017-12-28,14.690139
2017-12-29,14.839797
2018-01-02,14.957950
2018-01-03,14.753153
2018-01-04,14.997334
2018-01-05,14.950069
2018-01-08,15.619595
2018-01-09,15.926787
2018-01-10,16.344255
2018-01-11,16.509666
2018-01-12,16.935011
2018-01-15,17.368231
2018-01-16,17.226454
2018-01-17,17.005903
2018-01-18,16.966520
2018-01-19,16.659323
2018-01-22,18.014128
2018-01-23,17.722683
2018-01-24,17.360355
2018-01-25,16.911379
2018-01-26,17.139805
2018-01-29,16.375763
2018-01-30,16.241858
2018-01-31,16.698709
2018-02-01,16.879877
2018-02-02,16.675081
2018-02-05,16.131582
2018-02-06,15.903158
2018-02-07,15.139112
2018-02-08,15.162743
2018-02-09,14.839797
2018-02-12,15.265140
2018-02-13,15.162743
2018-02-14,15.603842
2018-02-22,16.076445
2018-02-23,16.178844
2018-02-26,16.265488
2018-02-27,15.588088
2018-02-28,15.406920
2018-03-01,15.430553
2018-03-02,15.761376
2018-03-05,15.777131
2018-03-06,15.517195
2018-03-07,15.517195
2018-03-08,16.084320
2018-03-09,16.186720
2018-03-12,16.115829
2018-03-13,16.147335
2018-03-14,15.997676
2018-03-15,16.375763
2018-03-16,16.013433
2018-03-19,16.052813
2018-03-20,15.745623
2018-03-21,15.438430
2018-03-22,14.989455
2018-03-23,14.690139
2018-03-26,14.319931
2018-03-27,14.272671
2018-03-28,13.532255
2018-03-29,14.083628
2018-03-30,13.878833
2018-04-02,13.611022
2018-04-03,13.634652
2018-04-04,13.910340
2018-04-09,13.674037
2018-04-10,14.170274
2018-04-11,14.052123
2018-04-12,14.004861
2018-04-13,13.863079
2018-04-16,13.650408
2018-04-17,13.437735
2018-04-18,13.185678
2018-04-19,13.461366
2018-04-20,13.453488
2018-04-23,13.689791
2018-04-24,14.059999
2018-04-25,13.941847
2018-04-26,13.689791
2018-04-27,13.500748
2018-05-02,13.768558
2018-05-03,14.162393
2018-05-04,13.941847
2018-05-07,14.359312
2018-05-08,14.477466
2018-05-09,14.304176
2018-05-10,14.335685
2018-05-11,14.138767
2018-05-14,14.571987
2018-05-15,14.800413
2018-05-16,14.800413
2018-05-17,14.327809
2018-05-18,14.477466
2018-05-21,14.627122
2018-05-22,14.485342
2018-05-23,14.193902
2018-05-24,14.170274
2018-05-25,14.438082
2018-05-28,14.753153
2018-05-29,14.831921
2018-05-30,14.831921
2018-05-31,15.832270
2018-06-01,15.477814
2018-06-04,15.974048
2018-06-05,16.123705
2018-06-06,16.296995
2018-06-07,16.266558
2018-06-08,16.306604
2018-06-11,16.306604
2018-06-12,16.562899
2018-06-13,16.554892
2018-06-14,16.314617
2018-06-15,16.522852
2018-06-19,16.034294
2018-06-20,16.178459
2018-06-21,16.322624
2018-06-22,16.298595
2018-06-25,16.787153
2018-06-26,16.274570
2018-06-27,15.153289
2018-06-28,14.632695
2018-06-29,15.425603
2018-07-02,15.033154
2018-07-03,14.760843
2018-07-04,14.560615
2018-07-05,14.584638
2018-07-06,14.592650
2018-07-09,15.241391
2018-07-10,15.193335
2018-07-11,14.864962
2018-07-12,15.169309
2018-07-13,15.073198
2018-07-16,15.001117
2018-07-17,14.888988
2018-07-18,14.736814
2018-07-19,14.776862
2018-07-20,14.584638
2018-07-23,14.400428
2018-07-24,14.488531
2018-07-25,14.488531
2018-07-26,14.184183
2018-07-27,13.727662
2018-07-30,13.759701
2018-07-31,13.799747
2018-08-01,13.287160
2018-08-02,12.942767
2018-08-03,12.534300
2018-08-06,12.534300
2018-08-07,13.014851
2018-08-08,12.670456
2018-08-09,12.894714
2018-08-10,13.207070
2018-08-13,13.070914
2018-08-14,12.750548
2018-08-15,12.270000
2018-08-16,12.141854
2018-08-17,11.893571
2018-08-20,12.117826
2018-08-21,12.462221
2018-08-22,12.157873
2018-08-23,12.157873
2018-08-24,12.045746
2018-08-27,12.398145
2018-08-28,12.261991
2018-08-29,12.053753
2018-08-30,12.133843
2018-08-31,11.925608
2018-09-03,11.925608
2018-09-04,12.141854
2018-09-05,12.037735
2018-09-06,11.957643
2018-09-07,11.925608
2018-09-10,11.989681
2018-09-11,11.997689
2018-09-12,11.845516
2018-09-13,12.077781
2018-09-14,12.270000
2018-09-17,12.021717
2018-09-18,12.149862
2018-09-19,12.726521
2018-09-20,13.030868
2018-09-21,13.295170
2018-09-25,12.974805
2018-09-26,13.126978
2018-09-27,13.151006
2018-09-28,13.231097
2018-10-08,12.574347
2018-10-09,12.662449
2018-10-10,12.542311
2018-10-11,11.973662
2018-10-12,11.797460
2018-10-15,10.716227
2018-10-16,10.724237
2018-10-17,10.908447
2018-10-18,10.732244
2018-10-19,10.892429
2018-10-22,11.172747
2018-10-23,10.644145
2018-10-24,10.620118
2018-10-25,10.179616
2018-10-26,10.355816
2018-10-29,9.739114
2018-10-30,9.763141
2018-10-31,10.139569
2018-11-01,10.315771
2018-11-02,10.940483
2018-11-05,10.852383
2018-11-06,10.716227
2018-11-07,10.716227
2018-11-08,10.588081
2018-11-09,10.532016
2018-11-12,10.836364
2018-11-13,10.900436
2018-11-14,10.740254
2018-11-15,10.836364
2018-11-16,11.068630
2018-11-19,11.372976
2018-11-20,11.132703
2018-11-21,11.244830
2018-11-22,11.316913
2018-11-23,10.892429
2018-11-26,11.148721
2018-11-27,11.052611
2018-11-28,11.140710
2018-11-29,11.044601
2018-11-30,11.012565
2018-12-03,11.869543
2018-12-04,11.733388
2018-12-05,11.541168
2018-12-06,11.148721
2018-12-07,11.012565
2018-12-10,10.780300
2018-12-11,10.892429
2018-12-12,10.940483
2018-12-13,11.621261
2018-12-14,11.525151
2018-12-17,11.557187
2018-12-18,11.268858
2018-12-19,11.316913
2018-12-20,11.164739
2018-12-21,11.092658
2018-12-24,11.124693
2018-12-25,11.060621
2018-12-26,11.092658
2018-12-27,11.284876
2018-12-28,11.092658
2019-01-02,10.836364
2019-01-03,10.772291
2019-01-04,10.884419
2019-01-07,10.748264
2019-01-08,10.620118
2019-01-09,11.212794
2019-01-10,11.180757
2019-01-11,11.268858
2019-01-14,11.172747
2019-01-15,11.741396
2019-01-16,11.717370
2019-01-17,11.709361
2019-01-18,12.125835
2019-01-21,12.157873
2019-01-22,11.989681
2019-01-23,11.917597
2019-01-24,12.261991
2019-01-25,12.382128
2019-01-28,12.470227
2019-01-29,12.470227
2019-01-30,12.454211
2019-01-31,12.814622
2019-02-01,12.966797
2019-02-11,13.102952
2019-02-12,12.950777
2019-02-13,12.934759
2019-02-14,13.223088
2019-02-15,12.638420
2019-02-18,12.926749
2019-02-19,12.862676
2019-02-20,12.814622
2019-02-21,12.798603
2019-02-22,12.782587
2019-02-25,13.375261
2019-02-26,13.175034
2019-02-27,13.343225
2019-02-28,13.199061
2019-03-01,13.751690
2019-03-04,13.959928
2019-03-05,14.040019
2019-03-06,13.823773
2019-03-07,13.375261
2019-03-08,12.590365
2019-03-11,12.926749
2019-03-12,12.710503
2019-03-13,12.862676
2019-03-14,12.894714
2019-03-15,13.503407
2019-03-18,13.823773
2019-03-19,13.687618
2019-03-20,13.391279
2019-03-21,13.359244
2019-03-22,13.351233
2019-03-25,13.094941
2019-03-26,13.159015
2019-03-27,13.551462
2019-03-28,13.199061
2019-03-29,13.703637
2019-04-01,14.480520
2019-04-02,14.312331
2019-04-03,14.552603
2019-04-04,14.608668
2019-04-08,14.496543
2019-04-09,14.792876
2019-04-10,14.528579
2019-04-11,13.967939
2019-04-12,13.791734
2019-04-15,13.735673
2019-04-16,14.120109
2019-04-17,14.240248
2019-04-18,14.312331
2019-04-19,14.704780
2019-04-22,14.160156
2019-04-23,14.176176
2019-04-24,13.991965
2019-04-25,13.631554
2019-04-26,13.415307
2019-05-06,13.070914
2019-05-07,13.423314
2019-05-08,13.207070
2019-05-09,12.734531
2019-05-10,13.159015
2019-05-13,12.606383
2019-05-14,12.646431
2019-05-15,13.030868
2019-05-16,13.118968
2019-05-17,12.638420
2019-05-20,12.670456
2019-05-21,12.990822
2019-05-22,12.862676
2019-05-23,12.902722
2019-05-24,12.910731
2019-05-27,12.934759
2019-05-28,13.054894
2019-05-29,12.854667
2019-05-30,12.702493
2019-05-31,12.734531
2019-06-03,12.854667
2019-06-04,12.638420
2019-06-05,12.598375
2019-06-06,12.462221
2019-06-10,12.790594
2019-06-11,13.151006
2019-06-12,13.062905
2019-06-13,13.006841
2019-06-14,13.078922
2019-06-17,12.926749
2019-06-18,13.078922
2019-06-19,13.239107
2019-06-20,13.607525
2019-06-21,13.599518
2019-06-24,13.751690
2019-06-25,13.599518
2019-06-26,13.831783
2019-06-27,13.871827
2019-06-28,13.847802
2019-07-01,14.256266
2019-07-02,14.400428
2019-07-03,14.368394
2019-07-04,14.240248
2019-07-05,14.240248
2019-07-08,13.983954
2019-07-09,13.959928
2019-07-10,13.863818
2019-07-11,13.863818
2019-07-12,13.863818
2019-07-15,13.967939
2019-07-16,13.767709
2019-07-17,13.567482
2019-07-18,13.383269
2019-07-19,13.463362
2019-07-22,13.255123
2019-07-23,13.375261
2019-07-24,13.519423
2019-07-25,13.607525
2019-07-26,13.479381
2019-07-29,13.359244
2019-07-30,13.519423
2019-07-31,13.479381
2019-08-01,13.519423
2019-08-02,12.958785
2019-08-05,12.654438
2019-08-06,12.358100
2019-08-07,12.342083
2019-08-08,12.416664
2019-08-09,12.449447
2019-08-12,12.605168
2019-08-13,12.342902
2019-08-14,12.416664
2019-08-15,12.195377
2019-08-16,12.228162
2019-08-19,12.621560
2019-08-20,12.711715
2019-08-21,12.547798
2019-08-22,12.490427
2019-08-23,12.490427
2019-08-26,12.400273
2019-08-27,12.842847
2019-08-28,12.859239
2019-08-29,12.744497
2019-08-30,13.039547
2019-09-02,13.105113
2019-09-03,12.908413
2019-09-04,12.998567
2019-09-05,13.088723
2019-09-06,13.129701
2019-09-09,13.039547
2019-09-10,12.957590
2019-09-11,12.990373
2019-09-12,13.064134
2019-09-16,12.973980
2019-09-17,12.719910
2019-09-18,12.785477
2019-09-19,12.965784
2019-09-20,12.973980
2019-09-23,12.842847
2019-09-24,12.670734
2019-09-25,12.416664
2019-09-26,12.498623
2019-09-27,12.596972
2019-09-30,12.539601
2019-10-08,12.744497
2019-10-09,12.777281
2019-10-10,12.892021
2019-10-11,12.924806
2019-10-14,12.957590
2019-10-15,12.810063
2019-10-16,12.818260
2019-10-17,12.785477
2019-10-18,12.695323
2019-10-21,12.719910
2019-10-22,12.703518
2019-10-23,12.678931
2019-10-24,12.465840
2019-10-25,12.703518
2019-10-28,12.859239
2019-10-29,12.859239
2019-10-30,12.474035
2019-10-31,13.113309
2019-11-01,14.227940
2019-11-04,14.432837
2019-11-05,14.760670
2019-11-06,14.859016
2019-11-07,14.998345
2019-11-08,15.211439
2019-11-11,14.629537
2019-11-12,14.654120
2019-11-13,14.703300
2019-11-14,14.539382
2019-11-15,14.400053
2019-11-18,14.539382
2019-11-19,15.022933
2019-11-20,14.842628
2019-11-21,14.629537
2019-11-22,14.432837
2019-11-25,14.645926
2019-11-26,14.432837
2019-11-27,14.195156
2019-11-28,14.268919
2019-11-29,13.982066
2019-12-02,13.850932
2019-12-03,13.875520
2019-12-04,13.891912
2019-12-05,13.867324
2019-12-06,13.932890
2019-12-09,13.834540
2019-12-10,13.793562
2019-12-11,14.170571
2019-12-12,14.072219
2019-12-13,15.170461
2019-12-16,15.375353
2019-12-17,15.293397
2019-12-18,15.145871
2019-12-19,15.252419
2019-12-20,15.416333
2019-12-23,15.539268
2019-12-24,15.908082
2019-12-25,15.670405
2019-12-26,16.309679
2019-12-27,15.940868
2019-12-30,15.826125
2019-12-31,15.981846
2020-01-02,16.293289
2020-01-03,15.654013
2020-01-06,15.563861
2020-01-07,15.776949
2020-01-08,15.760559
2020-01-09,15.949063
2020-01-10,16.301483
2020-01-13,16.301483
2020-01-14,16.391638
2020-01-15,16.104780
2020-01-16,16.014631
2020-01-17,15.940868
2020-01-20,15.924476
2020-01-21,15.891690
2020-01-22,15.867105
2020-01-23,15.219632
2020-02-03,13.932890
2020-02-04,14.219747
2020-02-05,14.342684
2020-02-06,14.531185
2020-02-07,14.555773
2020-02-10,14.752473
2020-02-11,15.203246
2020-02-12,15.252419
2020-02-13,14.998345
2020-02-14,14.916390
2020-02-17,15.227831
2020-02-18,15.170461
2020-02-19,14.924584
2020-02-20,15.481900
2020-02-21,15.424532
2020-02-24,15.006544
2020-02-25,14.588555
2020-02-26,14.432837
2020-02-27,14.588555
2020-02-28,13.949284
2020-03-02,14.457425
2020-03-03,14.457425
2020-03-04,14.662319
2020-03-05,15.154068
2020-03-06,14.777059
2020-03-09,14.416445
2020-03-10,14.506598
2020-03-11,14.219747
2020-03-12,13.727997
2020-03-13,13.310009
2020-03-16,12.736301
2020-03-17,12.375687
2020-03-18,12.310121
2020-03-19,11.924916
2020-03-20,11.974091
2020-03-23,11.351208
2020-03-24,11.982286
2020-03-25,12.326511
2020-03-26,11.990481
2020-03-27,12.105225
2020-03-30,11.720020
2020-03-31,11.801977
2020-04-01,12.031461
2020-04-02,12.170791
2020-04-03,12.113419
2020-04-07,12.269140
2020-04-08,12.154398
2020-04-09,12.187181
2020-04-10,12.531406
2020-04-13,12.678931
2020-04-14,12.629755
2020-04-15,12.228162
2020-04-16,12.080637
2020-04-17,12.146202
2020-04-20,12.211769
2020-04-21,12.056048
2020-04-22,12.178987
2020-04-23,12.375687
2020-04-24,12.203573
2020-04-27,12.211769
2020-04-28,12.342902
2020-04-29,12.892021
2020-04-30,12.670734
2020-05-06,12.474035
2020-05-07,12.269140
2020-05-08,12.580581
2020-05-11,12.760888
2020-05-12,12.703518
2020-05-13,12.539601
2020-05-14,12.392076
2020-05-15,12.392076
2020-05-18,12.342902
2020-05-19,12.637951
2020-05-20,12.564190
2020-05-21,12.646148
2020-05-22,12.334707
2020-05-25,12.375687
2020-05-26,12.785477
2020-05-27,13.154287
2020-05-28,13.039547
2020-05-29,13.564078
2020-06-01,13.613254
2020-06-02,13.957479
2020-06-03,13.473926
2020-06-04,13.367380
2020-06-05,13.727997
2020-06-08,13.932890
2020-06-09,14.244331
2020-06-10,14.047630
2020-06-11,13.711603
2020-06-12,13.596863
2020-06-15,13.129701
2020-06-16,13.482121
2020-06-17,13.760781
2020-06-18,14.080418
2020-06-19,14.350878
2020-06-22,14.350878
2020-06-23,14.170571
2020-06-24,14.686904
2020-06-29,14.703300
2020-06-30,14.506598
2020-07-01,14.711496
2020-07-02,14.850824
2020-07-03,14.736080
2020-07-06,15.424532
2020-07-07,15.236026
2020-07-08,15.244224
2020-07-09,15.268810
2020-07-10,14.727885
2020-07-13,14.998345
2020-07-14,14.793451
2020-07-15,15.203246
2020-07-16,14.203635
2020-07-17,14.613516
2020-07-20,14.872828
2020-07-21,14.680435
2020-07-22,15.006669
2020-07-23,14.730626
2020-07-24,13.860674
2020-07-27,13.601361
2020-07-28,13.685012
2020-07-29,15.056857
2020-07-30,15.056857
2020-07-31,15.056857
2020-08-03,16.562542
2020-08-04,17.332117
2020-08-05,18.302444
2020-08-06,17.800552
2020-08-07,18.896355
2020-08-10,18.678869
2020-08-11,18.151878
2020-08-12,18.076593
2020-08-13,17.976212
2020-08-14,18.653770
2020-08-17,20.151093
2020-08-18,19.891781
2020-08-19,19.473536
2020-08-20,19.289505
2020-08-21,19.239319
2020-08-24,19.214222
2020-08-25,19.440075
2020-08-26,18.904720
2020-08-27,18.879625
2020-08-28,19.440075
2020-08-31,18.653770
2020-09-01,18.402822
2020-09-02,18.319176
2020-09-03,17.817278
2020-09-04,17.817278
2020-09-07,17.641617
2020-09-08,17.817278
2020-09-09,17.491049
2020-09-10,17.834009
2020-09-11,17.800552
2020-09-14,18.402822
2020-09-15,18.511566
2020-09-16,18.511566
2020-09-17,18.561760
2020-09-18,19.013464
2020-09-21,18.904720
2020-09-22,18.662134
2020-09-23,18.938179
2020-09-24,18.427919
2020-09-25,17.976212
2020-09-28,18.068228
2020-09-29,18.561760
2020-09-30,18.252258
2020-10-09,18.486473
2020-10-12,19.072018
2020-10-13,19.582281
2020-10-14,19.573914
2020-10-15,19.264414
2020-10-16,18.637045
2020-10-19,18.603580
2020-10-20,18.570126
2020-10-21,19.130575
2020-10-22,19.172400
2020-10-23,19.005096
2020-10-26,19.222588
2020-10-27,19.256046
2020-10-28,20.125996
2020-10-29,21.171614
2020-10-30,20.795193
2020-11-02,22.075024
2020-11-03,22.501635
2020-11-04,23.572344
2020-11-05,23.630899
2020-11-06,24.174618
2020-11-09,23.764738
2020-11-10,23.840023
2020-11-11,23.421778
2020-11-12,23.965496
2020-11-13,23.756374
2020-11-16,24.032415
2020-11-17,24.341921
2020-11-18,23.513792
2020-11-19,24.341921
2020-11-20,24.709974
2020-11-23,25.429358
2020-11-24,24.216446
2020-11-25,23.672726
2020-11-26,22.869694
2020-11-27,23.672726
2020-11-30,22.560190
2020-12-01,23.170828
2020-12-02,23.179193
2020-12-03,22.878057
2020-12-04,22.769312
2020-12-07,22.602016
2020-12-08,22.560190
2020-12-09,22.008106
2020-12-10,21.916092
2020-12-11,21.999741
2020-12-14,21.665146
2020-12-15,21.757158
2020-12-16,22.401258
2020-12-17,22.861326
2020-12-18,23.137369
2020-12-21,22.250689
2020-12-22,22.100119
2020-12-23,22.953342
2020-12-24,23.756374
2020-12-25,23.781467
2020-12-28,24.241539
2020-12-29,23.396679
2020-12-30,23.505428
2020-12-31,24.433935
2021-01-04,25.103127
2021-01-05,26.583719
2021-01-06,26.474974
2021-01-07,27.336559
2021-01-08,27.604235
2021-01-11,27.328196
2021-01-12,29.444519
2021-01-13,29.385967
2021-01-14,28.315256
2021-01-15,27.863554
2021-01-18,29.243757
2021-01-19,28.239969
2021-01-20,27.813360
2021-01-21,28.440727
2021-01-22,28.566204
2021-01-25,29.536535
2021-01-26,27.771536
2021-01-27,28.189781
2021-01-28,26.767744
2021-01-29,26.642271
2021-02-01,26.600445
2021-02-02,27.821726
2021-02-03,27.436937
2021-02-04,27.411846
2021-02-05,28.173056
2021-02-08,28.992811
2021-02-09,28.758596
2021-02-10,29.193575
2021-02-18,28.039213
2021-02-19,27.269640
2021-02-22,24.693243
2021-02-23,25.496279
2021-02-24,25.094759
2021-02-25,25.178410
2021-02-26,24.191351
2021-03-01,24.785259
2021-03-02,24.718338
2021-03-03,24.626324
2021-03-04,23.664360
2021-03-05,23.538887
2021-03-08,23.421778
2021-03-09,23.538887
2021-03-10,24.233175
2021-03-11,24.567772
2021-03-12,25.086397
2021-03-15,24.233175
2021-03-16,24.668150
2021-03-17,25.429358
2021-03-18,25.571562
2021-03-19,24.818720
2021-03-22,25.069664
2021-03-23,24.760166
2021-03-24,24.425568
2021-03-25,24.174618
2021-03-26,24.827084
2021-03-29,25.337347
2021-03-30,25.086397
2021-03-31,26.081821
2021-04-01,27.068882
2021-04-02,26.876492
2021-04-06,26.642271
2021-04-07,26.935043
2021-04-08,27.077248
2021-04-09,26.784475
2021-04-12,26.525162
2021-04-13,26.165470
2021-04-14,26.600445
2021-04-15,26.341137
2021-04-16,26.324404
2021-04-19,26.759378
2021-04-20,27.294735
2021-04-21,27.520588
2021-04-22,27.093975
2021-04-23,27.160896
2021-04-26,27.160896
2021-04-27,27.185991
2021-04-28,27.687883
2021-04-29,27.587507
2021-04-30,27.712982
2021-05-06,27.562410
2021-05-07,25.931253
2021-05-10,25.755590
2021-05-11,25.345709
2021-05-12,24.894003
2021-05-13,23.840023
2021-05-14,24.090971
2021-05-17,24.617962
2021-05-18,24.969288
2021-05-19,24.258268
2021-05-20,24.852175
2021-05-21,25.186775
2021-05-24,25.161680
2021-05-25,25.153315
2021-05-26,26.073460
2021-05-27,26.081821
2021-05-28,25.663578
2021-05-31,25.236963
2021-06-01,25.052937
2021-06-02,25.345709
2021-06-03,24.768530
2021-06-04,24.709974
2021-06-07,24.358648
2021-06-08,24.040783
2021-06-09,23.865118
2021-06-10,23.630899
2021-06-11,23.287937
2021-06-15,22.476540
2021-06-16,22.668936
2021-06-17,22.208864
2021-06-18,22.008106
2021-06-21,21.338909
2021-06-22,21.640049
2021-06-23,22.183767
2021-06-24,21.907728
2021-06-25,22.217230
2021-06-28,22.150311
2021-06-29,21.631685
2021-06-30,21.673508
2021-07-01,22.526731
2021-07-02,21.497847
2021-07-05,20.970854
2021-07-06,21.113056
2021-07-07,21.288725
2021-07-08,21.012680
2021-07-09,21.464386
2021-07-12,21.581491
2021-07-13,23.070450
2021-07-14,22.811138
2021-07-15,22.794407
2021-07-16,22.384525
2021-07-19,22.794407
2021-07-20,22.526731
2021-07-21,23.070450
2021-07-22,22.526731
2021-07-23,21.949553
2021-07-26,21.723700
2021-07-27,20.452230
2021-07-28,20.452230
2021-07-29,19.824862
2021-07-30,20.895569
2021-08-02,21.665146
2021-08-03,22.627110
2021-08-04,22.417988
2021-08-05,22.610378
2021-08-06,22.384525
2021-08-09,22.819504
2021-08-10,23.254477
2021-08-11,23.304670
2021-08-12,23.070450
2021-08-13,23.112272
2021-08-16,23.672726
2021-08-17,22.861326
2021-08-18,22.685665
2021-08-19,22.451448
2021-08-20,21.840809
2021-08-23,22.210703
2021-08-24,22.499153
2021-08-25,22.609446
2021-08-26,21.845898
2021-08-27,22.227673
2021-08-30,21.761061
2021-08-31,22.957281
2021-09-01,24.569210
2021-09-02,24.102600
2021-09-03,24.128052
2021-09-06,24.433470
2021-09-07,24.246826
2021-09-08,23.890503
2021-09-09,23.576605
2021-09-10,23.915956
2021-09-13,23.169376
2021-09-14,22.600962
2021-09-15,22.074963
2021-09-16,21.811962
2021-09-17,22.736702
2021-09-22,22.057997
2021-09-23,21.421705
2021-09-24,20.921158
2021-09-27,21.116285
2021-09-28,21.744091
2021-09-29,22.083447
2021-09-30,22.185251
2021-10-08,22.651865
2021-10-11,22.677315
2021-10-12,22.600962
2021-10-13,22.414314
2021-10-14,21.862865
2021-10-15,22.236155
2021-10-18,21.973158
2021-10-19,22.193735
2021-10-20,21.718641
2021-10-21,21.879831
2021-10-22,23.508732
2021-10-25,22.846992
2021-10-26,22.524605
2021-10-27,21.998608
2021-10-28,22.668829
2021-10-29,23.076057
2021-11-01,23.398439
2021-11-02,22.414314
2021-11-03,22.422800
2021-11-04,22.533091
2021-11-05,22.312510
2021-11-08,21.828932
2021-11-09,21.727125
2021-11-10,21.404737
2021-11-11,22.728218
2021-11-12,23.330572
2021-11-15,23.432377
2021-11-16,23.720827
2021-11-17,23.347540
2021-11-18,23.101507
2021-11-19,23.915956
2021-11-22,23.771729
2021-11-23,23.661440
2021-11-24,23.576605
2021-11-25,23.203314
2021-11-26,23.406927
2021-11-29,22.770638
2021-11-30,23.093021
2021-12-01,23.508732
2021-12-02,23.652956
2021-12-03,24.391052
2021-12-06,25.197018
2021-12-07,25.621212
2021-12-08,25.527885
2021-12-09,25.850273
2021-12-10,25.875723
2021-12-13,26.053885
2021-12-14,25.434563
2021-12-15,24.942501
2021-12-16,25.197018
2021-12-17,24.984921
2021-12-20,24.543760
2021-12-21,25.086723
2021-12-22,25.256405
2021-12-23,25.035824
2021-12-24,24.594662
2021-12-27,24.526791
2021-12-28,25.748466
2021-12-29,24.815241
2021-12-30,25.180050
2021-12-31,25.358208
2022-01-04,24.942501
2022-01-05,25.451530
2022-01-06,25.570305
2022-01-07,26.130238
2022-01-10,25.612724
2022-01-11,25.163080
2022-01-12,25.621212
2022-01-13,24.314695
2022-01-14,24.034729
2022-01-17,23.907471
2022-01-18,24.289246
2022-01-19,24.560730
2022-01-20,25.460014
2022-01-21,25.281855
2022-01-24,24.984921
2022-01-25,24.772823
2022-01-26,24.840696
2022-01-27,24.145021
2022-01-28,23.457829
2022-02-07,23.559635
2022-02-08,23.126957
2022-02-09,23.483278
2022-02-10,22.745184
2022-02-11,22.524605
2022-02-14,21.964670
2022-02-15,22.168282
2022-02-16,22.227673
2022-02-17,22.066477
2022-02-18,22.244638
2022-02-21,22.295540
2022-02-22,21.727125
2022-02-23,22.024055
2022-02-24,21.506544
2022-02-25,21.718641
2022-02-28,21.625319
2022-03-01,21.811962
2022-03-02,21.379288
2022-03-03,21.192640
2022-03-04,20.743000
2022-03-07,19.580713
2022-03-08,19.003807
2022-03-09,18.732327
2022-03-10,18.969875
2022-03-11,19.071680
2022-03-14,18.681425
2022-03-15,17.620943
2022-03-16,18.291166
2022-03-17,18.859583
2022-03-18,18.834135
2022-03-21,18.868067
2022-03-22,18.986843
2022-03-23,18.885036
2022-03-24,18.995325
2022-03-25,18.579618
2022-03-28,18.486298
2022-03-29,18.197845
2022-03-30,19.003807
2022-03-31,19.597679
2022-04-01,20.149128
2022-04-06,20.038841
2022-04-07,19.512842
2022-04-08,19.368616
2022-04-11,19.131067
2022-04-12,19.886131
2022-04-13,20.250937
2022-04-14,21.082354
2022-04-15,20.912676
2022-04-18,20.513935
2022-04-19,20.284872
2022-04-20,20.759966
2022-04-21,20.395163
2022-04-22,20.870256
2022-04-25,20.166098
2022-04-26,20.115194
2022-04-27,20.183064
2022-04-28,20.810871
2022-04-29,21.981638
2022-05-05,22.473701
2022-05-06,21.676222
2022-05-09,21.413219
2022-05-10,21.735609
2022-05-11,21.345350
2022-05-12,21.684706
2022-05-13,21.820446
2022-05-16,21.769545
2022-05-17,21.956186
2022-05-18,21.990124
2022-05-19,21.455641
2022-05-20,22.125864
2022-05-23,21.718641
2022-05-24,21.065382
2022-05-25,21.226578
2022-05-26,21.201126
2022-05-27,21.311417
2022-05-30,21.472609
2022-05-31,21.540480
2022-06-01,21.599867
2022-06-02,21.413219
2022-06-06,21.268995
2022-06-07,21.124773
2022-06-08,20.649673
2022-06-09,19.962486
2022-06-10,20.378193
2022-06-13,20.021870
2022-06-14,20.446064
2022-06-15,20.785418
2022-06-16,20.759966
2022-06-17,21.201126
2022-06-20,21.667738
2022-06-21,21.939220
2022-06-22,21.574413
2022-06-23,21.616833
2022-06-24,22.583992
2022-06-27,23.160894
2022-06-28,22.914864
2022-06-29,22.753668
2022-06-30,23.296635
2022-07-01,22.906380
2022-07-04,23.059090
2022-07-05,22.558542
2022-07-06,22.583992
2022-07-07,22.312510
2022-07-08,22.210703
2022-07-11,22.337957
2022-07-12,22.906380
2022-07-13,22.337957
2022-07-14,21.591385
2022-07-15,20.912676
2022-07-18,21.608349
2022-07-19,21.328382
2022-07-20,21.531996
2022-07-21,21.167192
2022-07-22,21.175674
2022-07-25,21.336866
2022-07-26,21.718641
2022-07-27,21.430191
2022-07-28,21.336866
2022-07-29,21.031450
2022-08-01,20.641191
2022-08-02,20.217001
2022-08-03,19.775837
2022-08-04,19.767355
2022-08-05,19.894615
2022-08-08,19.954000
2022-08-09,19.920063
2022-08-10,19.343163
2022-08-11,19.920063
2022-08-12,20.089743
2022-08-15,20.030357
2022-08-16,20.038841
2022-08-17,20.632708
2022-08-18,20.361225
2022-08-19,20.624226
2022-08-22,20.700579
2022-08-23,20.978472
2022-08-24,21.013060
2022-08-25,21.151417
2022-08-26,21.039001
2022-08-29,21.246538
2022-08-30,21.964270
2022-08-31,22.370695
2022-09-01,22.664703
2022-09-02,22.163155
2022-09-05,22.119919
2022-09-06,22.215040
2022-09-07,22.310162
2022-09-08,22.379339
2022-09-09,22.915474
2022-09-13,22.898184
2022-09-14,22.906828
2022-09-15,23.244076
2022-09-16,22.534992
2022-09-19,22.621468
2022-09-20,22.370695
2022-09-21,21.782675
2022-09-22,21.237890
2022-09-23,21.186007
2022-09-26,21.575138
2022-09-27,22.137217
2022-09-28,21.877796
2022-09-29,21.566490
2022-09-30,21.419487
2022-10-10,21.454075
2022-10-11,21.480017
2022-10-12,21.609726
2022-10-13,20.917938
2022-10-14,21.307068
2022-10-17,21.125475
2022-10-18,21.419487
2022-10-19,20.329922
2022-10-20,20.217503
2022-10-21,19.958084
2022-10-24,19.162525
2022-10-25,19.093348
2022-10-26,18.842579
2022-10-27,18.764750
2022-10-28,18.418854
2022-10-31,17.986488
2022-11-01,18.548565
2022-11-02,18.903105
2022-11-03,18.522623
2022-11-04,19.214411
2022-11-07,19.413300
2022-11-08,19.447891
2022-11-09,19.387360
2022-11-10,19.335474
2022-11-11,20.476925
2022-11-14,20.788231
2022-11-15,20.883348
2022-11-16,20.736343
2022-11-17,20.701756
2022-11-18,20.770935
2022-11-21,20.407743
2022-11-22,20.675814
2022-11-23,20.753639
2022-11-24,20.597986
2022-11-25,20.926586
2022-11-28,20.355862
2022-11-29,21.272480
2022-11-30,21.211948
2022-12-01,21.177359
2022-12-02,20.770935
2022-12-05,21.436783
2022-12-06,21.436783
2022-12-07,21.220596
2022-12-08,21.272480
2022-12-09,22.007507
2022-12-12,21.531900
2022-12-13,21.540550
2022-12-14,21.557842
2022-12-15,21.350307
2022-12-16,21.618374
2022-12-19,21.436783
2022-12-20,20.788231
2022-12-21,21.151417
2022-12-22,21.393543
2022-12-23,21.246538
2022-12-26,20.952530
2022-12-27,21.696199
2022-12-28,21.566490
2022-12-29,21.350307
2022-12-30,21.151417
2023-01-03,21.073593
2023-01-04,21.497314
2023-01-05,22.232336
2023-01-06,22.171803
2023-01-09,22.102625
2023-01-10,22.266924
2023-01-11,22.552288
2023-01-12,22.258276
2023-01-13,22.820354
2023-01-16,23.538084
2023-01-17,23.295961
2023-01-18,22.958714
2023-01-19,22.794415
2023-01-20,22.820354
2023-01-30,22.612820
2023-01-31,22.223690
2023-02-01,22.275574
2023-02-02,22.794415
2023-02-03,22.405281
2023-02-06,22.042093
2023-02-07,22.387987
2023-02-08,22.621468
2023-02-09,22.725233
2023-02-10,22.621468
2023-02-13,23.088427
2023-02-14,23.148956
2023-02-15,22.707941
2023-02-16,22.742529
2023-02-17,22.431227
2023-02-20,23.823448
2023-02-21,23.866686
2023-02-22,23.702383
2023-02-23,23.468906
2023-02-24,22.950066
2023-02-27,22.690645
2023-02-28,22.751177
2023-03-01,22.630114
2023-03-02,22.483110
2023-03-03,22.465813
2023-03-06,21.834558
2023-03-07,21.428131
2023-03-08,21.255186
2023-03-09,20.883348
2023-03-10,20.321270
2023-03-13,20.848763
2023-03-14,20.390450
2023-03-15,20.494219
2023-03-16,20.502867
2023-03-17,20.217503
2023-03-20,19.958084
2023-03-21,20.606636
2023-03-22,20.303976
2023-03-23,20.234797
2023-03-24,20.303976
2023-03-27,20.200211
2023-03-28,20.243448
2023-03-29,20.312624
2023-03-30,20.943880
2023-03-31,19.612190
2023-04-03,19.266298
2023-04-04,19.024168
2023-04-06,19.274942
2023-04-07,19.447891
2023-04-10,19.499773
2023-04-11,19.646776
2023-04-12,19.880255
2023-04-13,19.698666
2023-04-14,19.681368
2023-04-17,20.234797
2023-04-18,20.338566
2023-04-19,19.828373
2023-04-20,20.312624
2023-04-21,19.932140
2023-04-24,19.551659
2023-04-25,19.447891
2023-04-26,19.421947
2023-04-27,19.413300
2023-04-28,20.494219
2023-05-04,20.321270
2023-05-05,19.543011
2023-05-08,19.352770
2023-05-09,19.249001
2023-05-10,19.577599
2023-05-11,19.344122
2023-05-12,19.378710
2023-05-15,19.413300
2023-05-16,19.300882
2023-05-17,19.101995
2023-05-18,19.101995
2023-05-19,19.352770
2023-05-22,19.984026
2023-05-23,19.828373
2023-05-24,19.274942
2023-05-25,19.266298
2023-05-26,19.162525
2023-05-29,18.954990
2023-05-30,18.764750
2023-05-31,18.574507
2023-06-01,18.557211
2023-06-02,19.672720
2023-06-05,19.759193
2023-06-06,19.672720
2023-06-07,19.568953
2023-06-08,19.888905
2023-06-09,19.715956
2023-06-12,20.156971
2023-06-13,20.105087
2023-06-14,20.174265
2023-06-15,20.554750
2023-06-16,20.623930
2023-06-19,20.243448
2023-06-20,20.407743
2023-06-21,20.252092
2023-06-26,20.260740
2023-06-27,20.580690
2023-06-28,20.606636
2023-06-29,20.355862
2023-06-30,20.303976
2023-07-03,20.148323
2023-07-04,19.949436
2023-07-05,19.837021
2023-07-06,19.715956
2023-07-07,19.767843
2023-07-10,20.001320
2023-07-11,20.182915
2023-07-12,20.044556
2023-07-13,20.165621
2023-07-14,19.932140
2023-07-17,19.733253
2023-07-18,19.715956
2023-07-19,19.940788
2023-07-20,19.992674
2023-07-21,19.845669
2023-07-24,19.612190
2023-07-25,20.623930
2023-07-26,20.658516
2023-07-27,20.425041
2023-07-28,21.142771
2023-07-31,21.358953
2023-08-01,21.246538
2023-08-02,21.246538
2023-08-03,21.358953
2023-08-04,21.272480
2023-08-07,21.047647
2023-08-08,20.935234
2023-08-09,20.840113
2023-08-10,20.917938
2023-08-11,20.407743
2023-08-14,20.122385
2023-08-15,20.269388
2023-08-16,20.234797
2023-08-17,20.208858
2023-08-18,19.811077
2023-08-21,19.603540
2023-08-22,19.785135
2023-08-23,19.344122
2023-08-24,19.888905
2023-08-25,20.019161
2023-08-28,20.772760
2023-08-29,20.675238
2023-08-30,20.790493
2023-08-31,20.843691
2023-09-01,21.499762
2023-09-04,21.969654
2023-09-05,21.916460
2023-09-06,21.818935
2023-09-07,21.712543
2023-09-08,21.499762
2023-09-11,21.384508
2023-09-12,21.393372
2023-09-13,21.313581
2023-09-14,21.278116
2023-09-15,21.145128
2023-09-18,21.153996
2023-09-19,21.278116
2023-09-20,21.375643
2023-09-21,21.216055
2023-09-22,21.482033
2023-09-25,21.286982
2023-09-26,21.162861
2023-09-27,21.207190
2023-09-28,20.923479
2023-10-09,20.719568
2023-10-10,20.533382
2023-10-11,20.462456
2023-10-12,20.622040
2023-10-13,20.409260
2023-10-16,20.231943
2023-10-17,20.462456
2023-10-18,20.524515
2023-10-19,20.054626
2023-10-20,19.930502
2023-10-23,19.708855
2023-10-24,19.575867
2023-10-25,19.629063
2023-10-26,19.779781
2023-10-27,20.072355
2023-10-30,19.877308
2023-10-31,19.699989
2023-11-01,19.753187
2023-11-02,19.886173
2023-11-03,20.045759
2023-11-06,20.045759
2023-11-07,19.886173
2023-11-08,19.797516
2023-11-09,19.753187
2023-11-10,19.788647
2023-11-13,19.345356
2023-11-14,19.620195
2023-11-15,19.921637
2023-11-16,19.824112
2023-11-17,19.699989
2023-11-20,19.948233
2023-11-21,19.992563
2023-11-22,19.859573
2023-11-23,19.903904
2023-11-24,19.939369
2023-11-27,19.478342
2023-11-28,19.726587
2023-11-29,19.469475
2023-11-30,19.611332
2023-12-01,19.017317
2023-12-04,18.839998
2023-12-05,18.529692
2023-12-06,18.476498
2023-12-07,18.485363
2023-12-08,18.441034
2023-12-11,18.272583
2023-12-12,18.476498
2023-12-13,17.882484
2023-12-14,17.917946
2023-12-15,17.891350
2023-12-18,17.988874
2023-12-19,18.104130
2023-12-20,17.820423
2023-12-21,18.024338
2023-12-22,18.378973
2023-12-25,18.449900
2023-12-26,18.281448
2023-12-27,18.370108
2023-12-28,18.689280
2023-12-29,18.618351
2024-01-02,18.432169
2024-01-03,18.405571
2024-01-04,18.441034
2024-01-05,18.981852
2024-01-08,18.786804
2024-01-09,18.981852
2024-01-10,19.052778
2024-01-11,19.035049
2024-01-12,19.026180
2024-01-15,19.194633
2024-01-16,19.247828
2024-01-17,19.070511
2024-01-18,19.176903
2024-01-19,19.203499
2024-01-22,19.203499
2024-01-23,19.105976
2024-01-24,19.487207
2024-01-25,19.549267
2024-01-26,19.708855
2024-01-29,20.116686
2024-01-30,19.948233
2024-01-31,19.779781
2024-02-01,19.957098
2024-02-02,19.886173
2024-02-05,20.364931
2024-02-06,21.100798
2024-02-07,21.269251
2024-02-08,21.233788
2024-02-19,20.905748
2024-02-20,21.322445
2024-02-21,21.331310
2024-02-22,21.366776
2024-02-23,21.180590
2024-02-26,21.109665
2024-02-27,21.224922
2024-02-28,21.091932
2024-02-29,21.357908
2024-03-01,21.632751
2024-03-04,21.765739
2024-03-05,21.943058
2024-03-06,21.810070
2024-03-07,22.129242
2024-03-08,21.943058
2024-03-11,21.765739
2024-03-12,21.668217
2024-03-13,21.552959
2024-03-14,21.650484
2024-03-15,21.171726
2024-03-18,20.958944
2024-03-19,20.976677
2024-03-20,20.941214
2024-03-21,20.648642
2024-03-22,20.701834
2024-03-25,20.888020
2024-03-26,20.914616
2024-03-27,21.083069
2024-03-28,22.235632
2024-03-29,22.120377
2024-04-01,22.714392
2024-04-02,23.015827
2024-04-03,23.361599
2024-04-08,23.397060
2024-04-09,23.175415
2024-04-10,23.237476
2024-04-11,23.388195
2024-04-12,23.503454
2024-04-15,24.106335
2024-04-16,24.611689
2024-04-17,24.691481
2024-04-18,25.250031
2024-04-19,25.480545
2024-04-22,25.258898
2024-04-23,25.161373
2024-04-24,24.877665
2024-04-25,25.205702
2024-04-26,25.134777
2024-04-29,25.533739
2024-04-30,26.828159
2024-05-06,28.113710
2024-05-07,27.732479
2024-05-08,27.723616
2024-05-09,27.874334
2024-05-10,27.830004
2024-05-13,29.168751
2024-05-14,28.689993
2024-05-15,28.778652
2024-05-16,28.388556
2024-05-17,27.998455
2024-05-20,26.996611
2024-05-21,27.005474
2024-05-22,26.464659
2024-05-23,26.641973
2024-05-24,26.650839
2024-05-27,27.262587
2024-05-28,26.730633
2024-05-29,26.952280
2024-05-30,26.774965
2024-05-31,26.189816
2024-06-03,27.023209
2024-06-04,26.704037
2024-06-05,26.508986
2024-06-06,27.475367
2024-06-07,27.147329
2024-06-11,27.165062
2024-06-12,26.934547
2024-06-13,26.535585
2024-06-14,27.173925
2024-06-17,26.792692
2024-06-18,26.677439
2024-06-19,26.243011
2024-06-20,26.092293
2024-06-21,25.870644
2024-06-24,26.358267
2024-06-25,26.446926
2024-06-26,26.030230
2024-06-27,25.179104
2024-06-28,25.161373
2024-07-01,25.170238
2024-07-02,24.168394
2024-07-03,23.725100
2024-07-04,23.716236
2024-07-05,23.716236
2024-07-08,23.432528
2024-07-09,23.317268
2024-07-10,23.370466
2024-07-11,23.884687
2024-07-12,24.372309
2024-07-15,23.627577
2024-07-16,23.733967
2024-07-17,23.636440
2024-07-18,23.822624
2024-07-19,23.955614
2024-07-22,23.583246
2024-07-23,22.873974
2024-07-24,22.457279
2024-07-25,22.421814
2024-07-26,24.283651
2024-07-29,23.920147
2024-07-30,22.962635
2024-07-31,24.194994
2024-08-01,23.760565
2024-08-02,23.405928
2024-08-05,22.989231
2024-08-06,22.590265
2024-08-07,22.608000
2024-08-08,22.501608
2024-08-09,22.537071
2024-08-12,22.865108
2024-08-13,22.501608
2024-08-14,22.111509
2024-08-15,22.093777
2024-08-16,22.204901
2024-08-19,21.902609
2024-08-20,21.746880
2024-08-21,21.545351
2024-08-22,22.049175
2024-08-23,22.653765
2024-08-26,22.745369
2024-08-27,22.058336
2024-08-28,21.856806
2024-08-29,21.636957
2024-08-30,22.653765
2024-09-02,22.369791
2024-09-03,23.065985
2024-09-04,23.185068
2024-09-05,23.130106
2024-09-06,22.946896
2024-09-09,22.278185
2024-09-10,22.241545
2024-09-11,22.992701
2024-09-12,22.809490
2024-09-13,23.157587
2024-09-18,23.917904
2024-09-19,24.696541
2024-09-20,24.943872
2024-09-23,25.172884
2024-09-24,25.374414
2024-09-25,26.052286
2024-09-26,27.298107
2024-09-27,27.572922
2024-09-30,29.450809
2024-10-08,30.339371
2024-10-09,28.525602
2024-10-10,29.377525
2024-10-11,28.809580
2024-10-14,29.478291
2024-10-15,28.846220
2024-10-16,28.214148
2024-10-17,27.737808
2024-10-18,28.516443
2024-10-21,28.543926
2024-10-22,29.469128
2024-10-23,28.919502
2024-10-24,28.626371
2024-10-25,28.232471
2024-10-28,28.012621
2024-10-29,27.966818
2024-10-30,27.389711
2024-10-31,26.766800
2024-11-01,26.922525
2024-11-04,27.206503
2024-11-05,27.252304
2024-11-06,26.262976
2024-11-07,26.766800
2024-11-08,26.702677
2024-11-11,26.070608
2024-11-12,26.464506
2024-11-13,27.114899
2024-11-14,27.417191
2024-11-15,27.105736
2024-11-18,26.382063
2024-11-19,26.519468
2024-11-20,26.501148
2024-11-21,26.382063
2024-11-22,26.473665
2024-11-25,25.749992
2024-11-26,25.914881
2024-11-27,26.354582
2024-11-28,25.832438
2024-11-29,25.951521
2024-12-02,26.244656
2024-12-03,26.528629
2024-12-04,26.656876
2024-12-05,26.180532
2024-12-06,26.785120
2024-12-09,26.931688
2024-12-10,27.224823
2024-12-11,26.977491
2024-12-12,27.133219
2024-12-13,26.015644
2024-12-16,25.841595
2024-12-17,26.006485
2024-12-18,25.997322
2024-12-19,26.107250
2024-12-20,25.795795
2024-12-23,26.281300
2024-12-24,26.702677
2024-12-25,26.208014
2024-12-26,26.079765
2024-12-27,26.043125
2024-12-30,25.869076
2024-12-31,26.079765
2025-01-02,25.832438
2025-01-03,25.282808
2025-01-06,25.356094
2025-01-07,26.116409
2025-01-08,26.858404
2025-01-09,26.995811
2025-01-10,26.024805
2025-01-13,24.916393
2025-01-14,25.090441
2025-01-15,24.614100
2025-01-16,24.879751
2025-01-17,25.246166
2025-01-20,25.438538
2025-01-21,25.191204
2025-01-22,24.898071
2025-01-23,25.062960
2025-01-24,25.237007
2025-01-27,25.438538
2025-02-05,24.375927
2025-02-06,24.504173
2025-02-07,24.714863
2025-02-10,24.824787
2025-02-11,24.714863
2025-02-12,24.495012
2025-02-13,24.513332
2025-02-14,24.623257
2025-02-17,24.513332
2025-02-18,24.256842
2025-02-19,24.183558
2025-02-20,24.174395
2025-02-21,23.972868
2025-02-24,24.421728
2025-02-25,23.807978
2025-02-26,23.917904
2025-02-27,24.568296
2025-02-28,24.046150
2025-03-03,23.753017
2025-03-04,23.817141
2025-03-05,24.018667
2025-03-06,24.211039
2025-03-07,24.357605
2025-03-10,24.568296
2025-03-11,24.870590
2025-03-12,24.247681
2025-03-13,24.146915
2025-03-14,25.007996
2025-03-17,25.227848
2025-03-18,25.585106
2025-03-19,25.777472
2025-03-20,25.356094
2025-03-21,25.191204
2025-03-24,25.914881
2025-03-25,25.832438
2025-03-26,25.585106
2025-03-27,25.704189
2025-03-28,24.879751
2025-03-31,25.044640
2025-04-01,24.687382
2025-04-02,24.751503
2025-04-03,24.000349
2025-04-07,21.600315
2025-04-08,22.672085
2025-04-09,22.937737
2025-04-10,23.368279
2025-04-11,22.965219
2025-04-14,22.690405
2025-04-15,22.690405
2025-04-16,22.891935
2025-04-17,22.580482
2025-04-18,22.488876
2025-04-21,22.699566
2025-04-22,22.607962
2025-04-23,22.791170
2025-04-24,22.699566
2025-04-25,22.919418
2025-04-28,22.864452
2025-04-29,22.937737
2025-04-30,22.708729
2025-05-06,23.011023
2025-05-07,23.065985
2025-05-08,23.276674
2025-05-09,23.258352
2025-05-12,23.936226
2025-05-13,23.807978
2025-05-14,23.936226
2025-05-15,23.835461
2025-05-16,23.524006
2025-05-19,23.560646
2025-05-20,24.091951
2025-05-21,24.018667
2025-05-22,23.991188
2025-05-23,23.597290
2025-05-26,23.368279
2025-05-27,23.102627
2025-05-28,23.001862
2025-05-29,23.267513
2025-05-30,22.937737
2025-06-03,22.653765
2025-06-04,22.754530
2025-06-05,22.635441
2025-06-06,22.745369
2025-06-09,22.882774
2025-06-10,22.791170
2025-06-11,23.038502
2025-06-12,22.873613
2025-06-13,22.388111
2025-06-16,22.369791
2025-06-17,22.818651
2025-06-18,22.901094
2025-06-19,22.626282
2025-06-20,22.580482
2025-06-23,22.488876
2025-06-24,22.644604
2025-06-25,22.836973
2025-06-26,22.644604
2025-06-27,22.754530
2025-06-30,22.699566
2025-07-01,22.681246
2025-07-02,23.432400
2025-07-03,23.588129
2025-07-04,23.679733
2025-07-07,23.459883
2025-07-08,23.377438
2025-07-09,23.166750
2025-07-10,23.130106
2025-07-11,23.221710
2025-07-14,23.276674
2025-07-15,23.633930
2025-07-16,23.524006
2025-07-17,23.643089
2025-07-18,23.624771
2025-07-21,23.862942
2025-07-22,24.559135
2025-07-23,25.191204
2025-07-24,25.108761
2025-07-25,24.524874
2025-07-28,24.353968
2025-07-29,24.126095
2025-07-30,24.287504
2025-07-31,23.584896
2025-08-01,23.641863
2025-08-04,23.698832
2025-08-05,23.765297
2025-08-06,23.955189
2025-08-07,23.793779
2025-08-08,23.850750
2025-08-11,23.841253
2025-08-12,24.240032
2025-08-13,24.211548
2025-08-14,24.221043
2025-08-15,24.173569
2025-08-18,24.107105
2025-08-19,23.926706
2025-08-20,24.021652
2025-08-21,24.296999
2025-08-22,24.477400
2025-08-25,24.866684
2025-08-26,24.933146
2025-08-27,24.477400
2025-08-28,24.686285
2025-08-29,24.933146
2025-09-01,24.638811
2025-09-02,24.971125
2025-09-03,24.866684
2025-09-04,24.391947
2025-09-05,25.123039
2025-09-08,25.104052
2025-09-09,25.569292
2025-09-10,25.236979
2025-09-11,25.274958
2025-09-12,24.866684
2025-09-15,24.686285
2025-09-16,24.610325
2025-09-17,25.426872
2025-09-18,24.733757
2025-09-19,24.990114
2025-09-22,24.401443
2025-09-23,24.287504
2025-09-24,24.553358
2025-09-25,24.069126
2025-09-26,24.420429
2025-09-29,24.259020
2025-09-30,24.050137
2025-10-09,24.154579
2025-10-10,24.363464
2025-10-13,23.850750
2025-10-14,24.135590
2025-10-15,24.126095
2025-10-16,23.974178
2025-10-17,23.755802
2025-10-20,23.822264
2025-10-21,24.069126
2025-10-22,24.315990
2025-10-23,24.458412
2025-10-24,24.334978
2025-10-27,24.591337
2025-10-28,24.259020
2025-10-29,24.306496
2025-10-30,24.505882
2025-10-31,25.455357
2025-11-03,25.369904
2025-11-04,25.303440
2025-11-05,25.350914
2025-11-06,25.597776
2025-11-07,25.510696
2025-11-10,25.990219
2025-11-11,25.779228
2025-11-12,26.086124
2025-11-13,26.220392
2025-11-14,25.827181
2025-11-17,25.481924
2025-11-18,25.261343
2025-11-19,25.433971
2025-11-20,25.692915
2025-11-21,25.913496
2025-11-24,25.817591
2025-11-25,25.827181
2025-11-26,26.277933
2025-11-27,26.460154
2025-11-28,26.450563
2025-12-01,26.345066
2025-12-02,26.623192
2025-12-03,26.786230
2025-12-04,26.469744
2025-12-05,26.412201
2025-12-08,26.057352
2025-12-09,25.616190
2025-12-10,25.606600
2025-12-11,25.462742
2025-12-12,25.836773
2025-12-15,26.229982
2025-12-16,26.076534
2025-12-17,26.364248
2025-12-18,26.287525
2025-12-19,26.383430
2025-12-22,26.210800
2025-12-23,26.095715
2025-12-24,25.740868
2025-12-25,25.779228
2025-12-26,25.644962
2025-12-29,25.491514
2025-12-30,25.453154
2025-12-31,25.021580
2026-01-05,25.242161
2026-01-06,25.318886
2026-01-07,25.222980
2026-01-08,25.050352
2026-01-09,24.983217
2026-01-12,25.127077
2026-01-13,24.839361
2026-01-14,24.868134
2026-01-15,24.762636
2026-01-16,24.647552
2026-01-19,24.877724
2026-01-20,25.299704
2026-01-21,24.829769
2026-01-22,24.829769
2026-01-23,24.628370
2026-01-26,24.551647
2026-01-27,24.455742
2026-01-28,24.100893
2026-01-29,24.417379
2026-01-30,24.081713
2026-02-02,23.976217
2026-02-03,24.168028
2026-02-04,24.973629
2026-02-05,25.251751
2026-02-06,25.002399
2026-02-09,24.896904
2026-02-10,25.079123
2026-02-11,24.964039
2026-02-12,24.829769
2026-02-13,24.647552
2026-02-24,24.954447
2026-02-25,25.040762
2026-02-26,24.896904
2026-02-27,24.647552
2026-03-02,24.283112
2026-03-03,24.052940
2026-03-04,23.535055
2026-03-05,23.611780
2026-03-06,23.841951
2026-03-09,23.400787
2026-03-10,23.851542
2026-03-11,24.158438
2026-03-12,24.206388
2026-03-13,24.052940
2026-03-16,23.909084
2026-03-17,24.052940
2026-03-18,23.918674
2026-03-19,23.544645
2026-03-20,23.506283
2026-03-23,22.480103
2026-03-24,22.393787
2026-03-25,22.623959
2026-03-26,22.163616
2026-03-27,21.319653
2026-03-30,20.705862
2026-03-31,20.504459
2026-04-01,20.897673
2026-04-02,20.504459
2026-04-03,20.283880
2026-04-07,19.823536
2026-04-08,20.303061
2026-04-09,19.900261
2026-04-10,20.024937
2026-04-13,19.890669
2026-04-14,20.082479
2026-04-15,20.187975
2026-04-16,20.197565
2026-04-17,19.996166
2026-04-20,19.919441
2026-04-21,19.976984
2026-04-22,19.833128
2026-04-23,19.689270
2026-04-24,19.641317
2026-04-27,19.679680
2026-04-28,20.466099
2026-04-29,20.753813
2026-04-30,20.648319
2026-05-06,20.696270
2026-05-07,20.562004
2026-05-08,20.514051
2026-05-11,20.609957
2026-05-12,20.351013
2026-05-13,20.216745
2026-05-14,20.408556
2026-05-15,20.523642
2026-05-18,20.226337
2026-05-19,20.120842
2026-05-20,20.024937
2026-05-21,19.602955
2026-05-22,19.545412
2026-05-25,19.478279
2026-05-26,19.391964
2026-05-27,19.334421
2026-05-28,19.286470
2026-05-29,20.024937
2026-06-01,20.216745
2026-06-02,20.264698
2026-06-03,19.852308
2026-06-04,19.526232
2026-06-05,19.478279
2026-06-08,19.344011
2026-06-09,19.248106
2026-06-10,19.583775
2026-06-11,20.245518
2026-06-12,20.264698
2026-06-15,20.111250
2026-06-16,19.871489
2026-06-17,19.650908
2026-06-18,18.653498
2026-06-22,19.161793
2026-06-23,18.912439
2026-06-24,18.548002
2026-06-25,19.046707
2026-06-26,18.912439
2026-06-29,19.583775
2026-06-30,19.574184
2026-07-01,19.468687
2026-07-02,19.583775
2026-07-03,19.737223
2026-07-06,19.737223
2026-07-07,19.487869
2026-07-08,19.459099
2026-07-09,19.190565
2026-07-10,19.516642
2026-07-13,19.420736
2026-07-14,19.497459
2026-07-15,20.159204
2026-07-16,20.245518
2026-07-17,20.092072
2026-07-20,20.581184
2026-07-21,20.955214
2026-07-22,21.022346
2026-07-23,20.964806
2026-07-24,20.868900
2026-07-27,20.974396
2026-07-28,21.482691
2026-07-29,22.038939
2026-07-30,22.317064
2026-07-31,22.240339
2026-08-03,21.981396
2026-08-04,21.569004
2026-08-05,21.425148
2026-08-06,21.214157
2026-08-07,21.031939
2026-08-10,21.338833
2026-08-11,21.099072
2026-08-12,20.859308
2026-08-13,20.897673
2026-08-14,20.868900
2026-08-17,20.609957
2026-08-18,20.763403
2026-08-19,21.070299
2026-08-20,20.878490
2026-08-21,20.860001
2026-08-24,20.940001
2026-08-25,21.230000
2026-08-26,21.150000
2026-08-27,21.120001
2026-08-28,21.120001
2026-08-31,21.180000
2026-09-01,21.420000
2026-09-02,21.330000
2026-09-03,21.820000
2026-09-04,22.000000
2026-09-07,21.610001
2026-09-08,21.420000
2026-09-09,21.299999
2026-09-10,21.170000
2026-09-11,21.010000
