Date,SPY,QQQ,DIA,XLE,XLP,XLV,XLU,AAPL,NVDA,MSFT,XLK
1996-01-01,36.3956,,,,,,,0.2561,,3.2769,
1996-01-08,35.5924,,,,,,,0.2533,,3.2532,
1996-01-15,36.2017,,,,,,,0.2234,,3.4855,
1996-01-22,36.7742,,,,,,,0.2290,,3.4334,
1996-01-29,37.6051,,,,,,,0.2187,,3.5282,
1996-02-05,38.8977,,,,,,,0.2075,,3.7985,
1996-02-12,38.3714,,,,,,,0.2056,,3.7132,
1996-02-19,38.9623,,,,,,,0.2234,,3.9266,
1996-02-26,38.3437,,,,,,,0.2010,,3.6231,
1996-03-04,37.5220,,,,,,,0.1944,,3.6088,
1996-03-11,38.0596,,,,,,,0.1935,,3.8839,
1996-03-18,38.6717,,,,,,,0.1897,,3.8365,
1996-03-25,38.3935,,,,,,,0.1837,,3.9123,
1996-04-01,38.8850,,,,,,,0.1804,,3.9598,
1996-04-08,37.8185,,,,,,,0.1907,,3.8365,
1996-04-15,38.3008,,,,,,,0.1874,,4.1637,
1996-04-22,38.8386,,,,,,,0.1851,,4.3059,
1996-04-29,38.1709,,,,,,,0.1785,,4.2064,
1996-05-06,38.8015,,,,,,,0.2038,,4.3581,
1996-05-13,39.8773,,,,,,,0.2066,,4.4387,
1996-05-20,40.4615,,,,,,,0.2000,,4.4956,
1996-05-27,39.6918,,,,,,,0.1953,,4.5051,
1996-06-03,40.1370,,,,,,,0.1823,,4.6000,
1996-06-10,39.7289,,,,,,,0.1790,,4.6664,
1996-06-17,39.8648,,,,,,,0.1692,,4.6995,
1996-06-24,40.0420,,,,,,,0.1570,,4.5573,
1996-07-01,39.1283,,,,,,,0.1458,,4.4909,
1996-07-08,38.5223,,,,,,,0.1351,,4.2633,
1996-07-15,38.1681,,,,,,,0.1552,,4.5899,
1996-07-22,38.0189,,,,,,,0.1645,,4.5193,
1996-07-29,39.7157,,,,,,,0.1617,,4.6806,
1996-08-05,39.5106,,,,,,,0.1729,,4.7233,
1996-08-12,39.8835,,,,,,,0.1682,,4.7138,
1996-08-19,39.8928,,,,,,,0.1785,,4.6758,
1996-08-26,38.9792,,,,,,,0.1813,,4.6474,
1996-09-02,39.3427,,,,,,,0.1720,,4.6474,
1996-09-09,40.9090,,,,,,,0.1570,,4.9699,
1996-09-16,41.1664,,,,,,,0.1710,,5.2402,
1996-09-23,41.1945,,,,,,,0.1668,,5.0979,
1996-09-30,42.1878,,,,,,,0.1706,,5.1738,
1996-10-07,42.1691,,,,,,,0.1813,,5.2022,
1996-10-14,42.7126,,,,,,,0.1986,,5.1121,
1996-10-21,42.1691,,,,,,,0.1832,,5.1761,
1996-10-28,42.3377,,,,,,,0.1813,,5.2117,
1996-11-04,44.0339,,,,,,,0.1963,,5.4441,
1996-11-11,44.3993,,,,,,,0.1869,,5.6527,
1996-11-18,45.0834,,,,,,,0.1888,,5.7096,
1996-11-25,45.5895,,,,,,,0.1804,,5.9515,
1996-12-02,44.5680,,,,,,,0.1879,,5.7997,
1996-12-09,43.9683,,,,,,,0.1738,,6.0700,
1996-12-16,45.1072,,,,,,,0.1757,,6.3451,
1996-12-23,45.7288,,,,,,,0.1729,,6.3925,
1996-12-30,45.2579,,,,,,,0.1626,,6.4210,
1997-01-06,45.8794,,,,,,,0.1365,,6.3925,
1997-01-13,46.7458,,,,,,,0.1252,,6.6107,
1997-01-20,46.2561,,,,,,,0.1262,,7.2793,
1997-01-27,47.2543,,,,,,,0.1243,,7.7393,
1997-02-03,47.7440,,,,,,,0.1182,,7.6160,
1997-02-10,48.9305,,,,,,,0.1220,,7.4263,
1997-02-17,48.4408,,,,,,,0.1224,,7.2082,
1997-02-24,47.7063,,,,,,,0.1215,,7.3979,
1997-03-03,48.7234,,,,,,,0.1234,,7.3410,
1997-03-10,48.0265,,,,,,,0.1238,,7.5117,
1997-03-17,47.4542,,,,,,,0.1243,,7.1323,
1997-03-24,46.5845,,,,,,,0.1393,,7.1133,
1997-03-31,45.8849,,,,,,,0.1439,,7.1465,
1997-04-07,44.3914,,,,,,,0.1365,,7.2082,
1997-04-14,46.3198,,,,,,,0.1374,,8.1661,
1997-04-21,46.3009,,,,,,,0.1309,,8.6214,
1997-04-28,49.2691,,,,,,,0.1271,,9.1620,
1997-05-05,49.9876,,,,,,,0.1276,,8.8585,
1997-05-12,50.3468,,,,,,,0.1290,,8.7589,
1997-05-19,51.2921,,,,,,,0.1262,,9.3232,
1997-05-26,51.5190,,,,,,,0.1243,,9.4086,
1997-06-02,52.2563,,,,,,,0.1252,,9.4133,
1997-06-09,54.2792,,,,,,,0.1182,,9.8354,
1997-06-16,54.4052,,,,,,,0.1164,,9.8543,
1997-06-23,53.9971,,,,,,,0.1098,,9.6741,
1997-06-30,55.9141,,,,,,,0.1023,,9.8306,
1997-07-07,55.7433,,,,,,,0.1136,,9.8449,
1997-07-14,55.4491,,,,,,,0.1297,,10.6605,
1997-07-21,57.1098,,,,,,,0.1215,,10.5088,
1997-07-28,57.6602,,,,,,,0.1435,,10.6700,
1997-08-04,56.7112,,,,,,,0.2005,,10.6226,
1997-08-11,54.5286,,,,,,,0.1738,,10.0820,
1997-08-18,56.2178,,,,,,,0.1767,,10.4139,
1997-08-25,54.8892,,,,,,,0.1626,,10.0298,
1997-09-01,56.5689,,,,,,,0.1659,,10.4187,
1997-09-08,56.2747,,,,,,,0.1650,,10.4661,
1997-09-15,57.9289,,,,,,,0.1640,,10.2574,
1997-09-22,57.5860,,,,,,,0.1594,,10.1199,
1997-09-29,58.9099,,,,,,,0.1654,,10.2385,
1997-10-06,59.0528,,,,,,,0.1696,,10.3570,
1997-10-13,57.4717,,,,,,,0.1505,,10.0346,
1997-10-20,57.3002,,,,,,,0.1238,,10.2717,
1997-10-27,56.1192,,,,,,,0.1273,,9.8638,
1997-11-03,56.6526,,,,,,,0.1477,,9.9824,
1997-11-10,56.7288,,,,,,,0.1379,,10.1152,
1997-11-17,58.9766,,,,,,,0.1360,,10.4614,
1997-11-24,58.2908,,,,,,,0.1327,,10.7364,
1997-12-01,60.3100,,,,,,,0.1182,,10.8597,
1997-12-08,58.3670,,,,,,,0.1056,,10.3760,
1997-12-15,58.0064,,,,,,,0.1023,,9.7642,
1997-12-22,57.3944,,,,,,,0.0995,,9.1620,
1997-12-29,59.7085,,,,,,,0.1215,,9.9492,
1998-01-05,56.4955,,,,,,,0.1360,,9.6362,
1998-01-12,58.9435,,,,,,,0.1407,,10.2622,
1998-01-19,58.7140,,42.4538,,,,,0.1458,,10.4898,
1998-01-26,60.1675,,43.6857,,,,,0.1369,,11.3197,
1998-02-02,62.1948,,45.2708,,,,,0.1383,,11.9978,
1998-02-09,62.4243,,46.1151,,,,,0.1458,,11.9504,
1998-02-16,63.4379,,46.4683,,,,,0.1495,,11.7702,
1998-02-23,64.3368,,47.1919,,,,,0.1767,,12.8609,
1998-03-02,64.8340,,47.4332,,,,,0.1827,,12.5574,
1998-03-09,65.5416,,47.5021,,,,,0.2028,,12.5005,
1998-03-16,67.4370,,49.1561,,,,,0.1972,,12.4151,
1998-03-23,67.2836,,48.6651,,,,,0.2014,,13.3257,
1998-03-30,69.1056,,49.6730,,,,,0.2024,,14.1129,
1998-04-06,68.2426,,49.8281,,,,,0.1916,,13.5059,
1998-04-13,68.9139,,50.7498,,,,,0.2089,,13.9801,
1998-04-20,68.0124,,50.1100,,,,,0.2089,,13.9801,
1998-04-27,69.1056,,50.7239,,,,,0.2094,,13.6007,
1998-05-04,68.2042,,50.3261,,,,,0.2276,,13.0127,
1998-05-11,68.1466,,50.2976,,,,,0.2211,,13.5723,
1998-05-18,68.2809,,50.5400,,,,,0.2084,,12.9842,
1998-05-25,66.9192,,49.2156,,,,,0.1991,,12.8704,
1998-06-01,68.7412,,50.3322,,,,,0.2010,,13.0885,
1998-06-08,67.7823,,49.0598,,,,,0.2103,,13.0127,
1998-06-15,67.7670,,48.3416,,,,,0.2024,,14.3689,
1998-06-22,69.9990,,49.7902,,,,,0.2108,,15.8485,
1998-06-29,70.7109,,50.1285,,,,,0.2168,,16.2753,
1998-07-06,71.7115,,50.6489,,,,,0.2397,,17.1764,
1998-07-13,73.0006,,51.8113,,,,,0.2757,,17.8972,
1998-07-20,70.2491,,49.6514,,,,,0.2594,,17.2712,
1998-07-27,68.8253,,49.1483,,,,,0.2589,,16.6832,
1998-08-03,67.1898,,47.8298,,,,,0.2729,,16.0667,
1998-08-10,65.3427,,46.8062,,,,,0.3028,,15.8201,
1998-08-17,66.8434,,47.6263,,,,,0.3215,,16.7875,
1998-08-24,63.6494,,44.9485,,,,,0.2556,,15.9718,
1998-08-31,60.1861,,42.7750,,,,,0.2626,,14.6630,
1998-09-07,62.6105,,43.8009,,,,,0.2813,,15.8201,
1998-09-14,63.0826,,43.9138,,,,,0.2748,,15.9908,
1998-09-21,64.4149,,44.6451,,,,,0.2897,,17.1574,
1998-09-28,62.2330,,43.5481,,,,,0.2622,,15.8011,
1998-10-05,60.8814,,44.1228,,,,,0.2626,,14.7009,
1998-10-12,65.4962,,46.9087,,,,,0.2743,,15.9434,
1998-10-19,66.0176,,46.9784,,,,,0.2654,,16.1425,
1998-10-26,67.9677,,47.9360,,,,,0.2776,,16.0667,
1998-11-02,70.5166,,50.0778,,,,,0.2846,,16.5883,
1998-11-09,69.9566,,49.8688,,,,,0.2668,,16.6926,
1998-11-16,72.0613,,51.1897,,,,,0.2640,,17.2427,
1998-11-23,73.8377,,52.0443,,,,,0.2622,,19.4336,
1998-11-30,73.1426,,50.5095,,,,,0.2449,,19.3293,
1998-12-07,72.3702,,49.0968,,,,,0.2524,,20.3347,
1998-12-14,73.4631,,49.5992,,,,,0.2631,,20.9132,
1998-12-21,76.0591,,51.4860,5.7835,14.2009,17.1961,5.8773,0.2935,,21.5107,
1998-12-28,76.4465,,51.1716,5.7147,14.2336,17.3631,5.8742,0.3061,,21.0460,
1999-01-04,79.1975,,53.9581,5.8677,14.1763,18.0205,5.9228,0.3365,,22.7437,
1999-01-11,77.1052,,52.3412,5.5617,13.6931,17.9161,5.7376,0.3089,,22.7247,
1999-01-18,75.9816,,51.1337,5.5311,13.3082,17.8118,5.9258,0.2897,0.0376,23.7111,
1999-01-25,79.1394,,52.2362,5.3398,14.0453,18.1978,5.7285,0.3080,0.0362,26.5565,
1999-02-01,76.9115,,52.1136,5.5999,13.7750,18.0309,5.5889,0.2715,0.0378,24.2802,
1999-02-08,76.6403,,52.0262,5.4240,13.7177,17.9474,5.5069,0.2818,0.0398,23.9388,
1999-02-15,77.0277,,52.4607,5.3169,13.8323,18.2083,5.6071,0.2781,0.0398,22.4213,
1999-02-22,76.6015,,52.1014,5.2939,13.8978,18.2187,5.5706,0.2603,0.0419,22.7817,
1999-03-01,79.0716,,54.7569,5.5961,14.1927,18.8031,5.5889,0.2482,0.0402,23.5120,
1999-03-08,80.2049,42.1844,55.3265,5.9977,14.3810,18.8657,5.5949,0.2482,0.0389,24.3086,
1999-03-15,80.5937,43.1587,55.3655,6.0884,14.5049,18.9596,5.5156,0.2505,0.0401,25.9779,
1999-03-22,79.8945,43.6063,55.2075,6.0807,14.1357,18.6361,5.3445,0.2486,0.0399,27.0307,
1999-03-29,80.3800,45.1337,55.1988,6.0347,13.9060,18.6987,5.3292,0.2697,0.0391,28.1309,
1999-04-05,83.8174,47.0296,57.2262,6.2343,14.1603,19.7630,5.5187,0.2748,0.0401,28.6051,
1999-04-12,81.7395,43.7907,58.7284,6.6681,13.7255,19.1787,5.5431,0.2650,0.0379,26.2909,
1999-04-19,84.4000,46.6082,60.1681,6.5721,13.9716,20.2952,5.7387,0.2930,0.0329,26.1012,
1999-04-26,82.8076,45.2653,60.4666,6.9368,13.3973,19.3665,5.7234,0.3440,0.0348,24.6785,
1999-05-03,83.8951,44.6333,62.0467,7.0366,13.6599,19.5543,5.7540,0.3430,0.0334,23.9957,
1999-05-10,83.1377,45.0020,61.3093,6.8331,13.5204,19.5335,5.7417,0.3318,0.0343,23.3318,
1999-05-17,82.8658,44.5543,60.9460,6.9253,13.6106,19.4709,5.7845,0.3285,0.0324,23.5404,
1999-05-24,80.9141,43.8433,59.1953,6.7871,13.2579,18.7717,5.7906,0.3295,0.0326,24.4889,
1999-05-31,82.7881,44.2910,60.9284,6.9560,13.6845,19.3665,5.8181,0.3599,0.0326,24.1474,
1999-06-07,80.6714,43.6327,59.0986,7.0327,12.9297,18.6778,5.8242,0.3472,0.0337,23.7111,
1999-06-14,83.7198,46.3976,61.1349,7.1301,13.2037,19.3665,6.0199,0.3524,0.0312,25.7977,
1999-06-21,82.0934,46.0816,59.5937,6.7751,12.9401,18.9491,5.8385,0.3155,0.0327,25.7787,
1999-06-28,86.8949,49.5048,62.9315,7.0028,13.6402,19.6587,6.0106,0.3463,0.0371,27.9222,
1999-07-05,87.5766,50.4264,63.1604,7.1571,13.5332,19.7839,5.9983,0.4159,0.0405,28.3016,
1999-07-12,88.3948,51.7167,63.1615,7.1918,13.6402,19.9300,6.1459,0.3968,0.0419,30.1795,
1999-07-19,84.6159,48.2672,61.4878,6.9835,13.2202,19.2413,6.1029,0.3986,0.0371,27.3911,
1999-07-26,82.7459,47.6879,59.9549,7.0568,12.9895,19.0117,6.0475,0.4164,0.0384,26.0443,
1999-08-02,81.2655,46.6214,60.3778,7.1996,12.6683,18.2813,6.0383,0.4047,0.0384,25.8356,
1999-08-09,82.9991,48.5832,62.0163,7.3693,12.7836,18.4274,5.9676,0.4491,0.0433,25.7029,
1999-08-16,83.4666,48.8465,62.7992,7.3693,13.0801,18.6570,5.8661,0.4426,0.0513,25.3045,
1999-08-23,84.1873,50.4528,62.7109,7.1340,13.3108,18.6674,5.8846,0.4842,0.0496,28.3016,
1999-08-30,84.7522,52.7963,62.8875,7.1224,13.3767,18.5631,5.8077,0.5496,0.0509,29.0983,
1999-09-06,84.6937,53.1913,62.3225,7.4156,13.1131,18.6778,5.7278,0.5790,0.0506,28.8328,
1999-09-13,83.6040,53.3493,61.3025,7.1779,12.8374,18.8135,5.8337,0.5753,0.0465,29.2690,
1999-09-20,79.8536,50.6239,58.0589,6.6974,12.2925,17.7283,5.6974,0.4856,0.0346,27.5998,
1999-09-27,80.3028,50.7359,58.0324,6.7826,12.2182,17.8431,5.8647,0.4615,0.0365,27.3105,
1999-10-04,83.6822,53.7246,60.2950,6.4764,12.9282,18.3544,5.8492,0.4902,0.0448,28.8138,
1999-10-11,78.0565,50.4528,56.5840,6.5307,12.0283,17.2274,5.6509,0.5575,0.0408,26.7272,
1999-10-18,81.3186,52.2171,59.1303,6.8408,12.9942,17.8222,5.6168,0.5529,0.0411,28.1309,
1999-10-25,85.6355,55.4033,60.8632,6.7051,13.1180,18.8135,5.9360,0.5991,0.0422,28.0930,
1999-11-01,86.1824,57.4572,60.8455,6.3408,13.2584,18.7926,5.8864,0.6603,0.0539,27.7894,
1999-11-08,87.3545,60.8277,61.1461,6.9144,13.1098,19.4083,5.8616,0.6776,0.0610,27.0686,
1999-11-15,89.0734,63.8560,62.3584,7.0307,13.2089,19.5752,5.8244,0.6912,0.0818,26.1012,
1999-11-22,88.4093,65.4622,62.0307,6.7594,13.3409,19.1578,5.7346,0.7108,0.0730,27.6567,
1999-11-29,89.9134,66.6735,64.0235,6.7284,13.2666,19.5335,5.8461,0.8599,0.0727,29.1742,
1999-12-06,88.6828,67.3318,63.7489,6.5268,12.5319,19.9613,5.7656,0.7702,0.0724,28.4913,
1999-12-13,89.4096,70.5970,64.0053,6.7171,12.1876,20.2013,5.7992,0.7477,0.0718,34.9787,
1999-12-20,91.7887,76.0215,64.9538,6.7404,12.3532,20.4455,5.7524,0.7739,0.0885,35.6426,
1999-12-27,92.0335,76.9958,65.3527,6.7404,12.2042,20.7498,5.6153,0.7688,0.0895,35.4339,
2000-01-03,91.3285,75.8372,65.5300,6.9853,12.9163,20.0151,5.4843,0.7440,0.0799,33.8216,
2000-01-10,92.0922,78.6811,66.6647,6.9814,12.8003,21.5580,5.3814,0.7510,0.0838,34.0682,
2000-01-17,90.5061,81.1036,64.0475,7.2380,12.3615,21.4530,5.5623,0.8323,0.0854,31.4884,
2000-01-24,85.1408,72.4666,60.9781,6.6394,12.0883,20.3195,5.2723,0.7599,0.0713,29.8191,
2000-01-31,89.3509,81.8673,62.3088,6.5461,12.0386,21.2536,5.4095,0.8076,0.0774,32.3420,
2000-02-07,86.9031,84.1582,59.3282,6.3983,11.4342,20.5924,5.2349,0.8132,0.0954,30.3313,
2000-02-14,84.7883,82.9469,58.1223,6.5966,11.2769,18.9446,4.9855,0.8319,0.1285,28.8517,
2000-02-21,83.5449,87.6867,56.0263,6.1729,10.7056,18.3673,4.6768,0.8253,0.1167,27.7136,
2000-02-28,88.4305,93.5852,59.0460,6.6860,10.7387,19.2385,5.2349,0.9571,0.1123,29.1742,
2000-03-06,87.8039,96.4817,56.5946,6.9037,10.3744,18.6927,5.1039,0.9403,0.2251,30.6537,
2000-03-13,92.3067,93.3745,60.4144,6.9346,11.2134,19.6898,5.3556,0.9347,0.1905,30.1606,
2000-03-20,96.4686,99.0623,63.2607,6.9970,10.9393,20.9702,5.2142,1.0370,0.1778,33.8974,
2000-03-27,94.4661,92.2685,62.3001,7.3168,11.2799,20.6029,5.3744,1.0155,0.1612,32.2471,
2000-04-03,95.1336,89.8459,63.1362,7.2037,11.5955,20.6659,5.5755,0.9851,0.1957,27.0307,
2000-04-10,85.4357,67.7268,58.3597,7.1140,11.5540,18.6192,5.5535,0.8365,0.1312,22.4971,
2000-04-17,90.3436,73.5199,61.9527,7.1413,12.0939,19.8787,5.5535,0.8889,0.1538,23.9577,
2000-04-24,91.1484,79.8397,61.2586,7.2076,11.8779,20.3615,5.7262,0.9277,0.1700,21.1693,
2000-05-01,90.1668,77.0484,60.2797,7.5041,12.3431,19.3749,5.5409,0.8459,0.1758,21.5866,
2000-05-08,89.7153,71.3080,60.5110,7.8902,12.3929,19.5638,5.6603,0.8048,0.1521,20.8848,
2000-05-15,88.6552,68.8327,60.7847,7.9409,12.7501,19.3749,5.5974,0.7029,0.1948,19.7466,
2000-05-22,86.6921,65.5149,58.8239,7.7108,12.9245,18.8291,5.6414,0.6459,0.2013,18.6464,
2000-05-29,92.8760,78.8917,61.3283,7.7069,12.3181,20.1726,5.7356,0.6921,0.2510,20.1260,
2000-06-05,92.0907,78.9971,60.6152,7.7810,12.6172,20.0256,5.8644,0.7160,0.2412,20.8848,
2000-06-12,92.3075,79.4183,59.6495,7.9636,12.9044,20.2355,5.8424,0.6818,0.2857,22.0229,
2000-06-19,90.9105,77.1011,59.6049,7.8813,12.8212,19.8157,5.8740,0.7730,0.2825,23.5784,
2000-06-26,91.4811,78.7337,59.5692,7.6109,13.4456,19.8577,5.5196,0.7833,0.2425,24.2802,
2000-07-03,93.2521,80.8403,60.6839,7.4502,13.4289,20.0676,5.8013,0.8141,0.2220,24.8872,
2000-07-10,95.2395,84.7902,61.7808,7.5247,12.9377,20.4245,5.7190,0.8627,0.2816,23.9577,
2000-07-17,92.9962,81.7356,61.1536,7.2582,12.8544,19.7947,5.6715,0.8010,0.2659,21.9470,
2000-07-24,89.4740,73.2039,60.0106,7.3679,13.0959,19.3749,5.5892,0.7225,0.2060,21.1503,
2000-07-31,92.1698,75.9425,61.4395,7.5247,13.3540,20.3300,5.8013,0.7085,0.2432,20.9796,
2000-08-07,92.8192,76.7325,63.0647,7.8382,13.0210,20.2145,5.7316,0.7132,0.2459,21.9850,
2000-08-14,94.2556,80.2610,63.1878,8.1204,12.9377,20.2355,5.6778,0.7477,0.2938,21.5487,
2000-08-21,95.2395,82.6046,64.2160,8.1831,13.0709,20.3510,5.6715,0.8496,0.2862,21.4349,
2000-08-28,96.0266,86.4754,64.3858,8.2027,12.7212,20.2355,5.8930,0.9487,0.3033,21.3021,
2000-09-04,94.3344,80.1557,64.1355,8.2458,12.6297,19.6058,6.1779,0.8805,0.2804,21.0365,
2000-09-11,92.1646,76.9431,62.4451,8.5491,12.6359,19.5848,6.2355,0.8260,0.2705,19.4811,
2000-09-18,91.7109,78.3124,62.3018,8.0571,13.3379,19.0600,6.1845,0.7805,0.2695,19.1965,
2000-09-25,90.6654,74.7839,61.0845,8.2539,13.3630,19.5218,6.5929,0.3851,0.3124,18.3050,
2000-10-02,89.0478,69.9387,60.8338,8.1240,13.4633,19.7108,6.5738,0.3318,0.2611,16.8634,
2000-10-09,86.8383,68.4641,58.3632,8.3129,13.4967,18.8186,6.4653,0.3299,0.2485,16.3133,
2000-10-16,88.3178,72.7299,58.7263,8.3287,13.6388,18.5982,6.4685,0.2916,0.2657,19.7846,
2000-10-23,87.9233,67.1738,60.9133,7.8406,14.0148,19.0076,6.6631,0.2776,0.2337,20.5433,
2000-10-30,90.1327,69.9914,62.0786,7.9665,14.0901,20.0571,6.9057,0.3327,0.2719,20.7140,
2000-11-06,86.2465,60.4591,60.8775,8.0768,14.6333,19.1125,6.9695,0.2851,0.2244,20.4485,
2000-11-13,86.2564,61.3675,61.0181,8.1830,14.4411,18.8921,6.8482,0.2767,0.2418,20.9606,
2000-11-20,85.1221,59.3531,60.3450,8.3129,14.4411,18.2519,6.8865,0.2888,0.2194,21.2262,
2000-11-27,83.4650,53.9286,59.6270,7.7776,14.5664,18.1364,6.8387,0.2552,0.1698,17.1858,
2000-12-04,84.5697,57.2992,60.0398,7.8052,14.5915,18.9026,6.8099,0.2253,0.1898,16.5219,
2000-12-11,82.9296,53.8233,59.6666,7.7811,14.6006,18.5982,6.9156,0.2103,0.1428,14.9285,
2000-12-18,82.9097,50.9794,61.5085,8.0851,14.7515,18.1082,6.6671,0.2243,0.1338,14.0939,
2000-12-25,83.0680,49.1888,61.4007,8.3851,15.3215,18.3077,6.8775,0.2225,0.1250,13.1644,
2001-01-01,81.8016,47.7142,61.1132,8.0654,13.9469,18.9795,6.4631,0.2449,0.1415,14.9096,
2001-01-08,83.5825,52.8622,60.5741,7.9627,13.8128,19.7773,6.4695,0.2570,0.1793,16.2374,
2001-01-15,84.8588,55.8772,60.7676,7.7338,13.8463,19.5779,6.4760,0.2916,0.1986,18.5136,
2001-01-22,86.0361,55.2321,61.3793,8.0298,14.1229,19.4729,6.4501,0.2926,0.1939,19.4242,
2001-01-29,85.3555,51.8642,62.5334,8.1483,14.4189,19.6581,6.4967,0.3084,0.1789,18.4567,
2001-02-05,83.4812,47.5246,62.1824,8.5702,14.5745,19.6513,6.6356,0.2860,0.1691,17.9446,
2001-02-12,82.5694,46.4545,62.3512,8.3428,14.2848,19.6110,6.6335,0.2841,0.2270,17.3945,
2001-02-19,79.1248,43.1261,60.2758,8.0952,14.0971,19.0668,6.6190,0.2813,0.2073,17.2238,
2001-02-26,78.2700,39.3511,60.4199,8.2948,14.2902,19.2214,6.5693,0.2879,0.1663,17.2048,
2001-03-05,78.1117,38.0029,61.1982,8.6081,14.0595,19.2079,6.5237,0.3028,0.1910,17.2048,
2001-03-12,73.0205,34.7166,56.8040,7.9702,13.0785,18.1900,6.2819,0.2935,0.2275,16.5599,
2001-03-19,72.6840,36.0648,55.0257,7.7371,12.7557,17.3367,6.0419,0.3440,0.2556,17.1669,
2001-03-26,74.0872,32.9892,57.2429,7.7802,13.2991,18.0221,6.5303,0.3301,0.2477,16.5978,
2001-04-02,71.9348,30.2927,56.7000,7.7650,13.1377,17.8675,6.3800,0.3079,0.2392,17.0531,
2001-04-09,75.4585,36.0648,58.7210,8.0235,13.1538,18.2102,6.5616,0.3353,0.2680,18.8718,
2001-04-16,79.0458,40.7835,61.2235,8.1248,13.1162,19.4735,6.6116,0.3745,0.3318,20.9417,
2001-04-23,79.8584,38.0450,62.5409,8.5835,13.4820,19.3525,6.8391,0.3918,0.3014,20.3711,
2001-04-30,80.8489,40.6150,63.4482,8.2845,13.6757,19.3929,6.8036,0.3851,0.3427,21.4728,
2001-05-07,79.4585,38.3820,62.7143,8.3048,13.5465,19.4600,6.7598,0.3417,0.2981,21.0631,
2001-05-14,82.3727,40.4802,65.4878,8.7888,13.9931,20.2261,6.9497,0.3519,0.3293,20.6655,
2001-05-21,81.3315,41.2807,63.7515,8.4594,13.6649,20.3202,6.8203,0.3404,0.3499,21.5214,
2001-05-28,80.4616,38.8034,63.9251,8.4644,13.9393,20.0312,6.8350,0.3124,0.3447,21.3484,
2001-06-04,80.6330,39.8988,63.5200,8.3098,13.8962,20.0917,6.6534,0.3188,0.3691,22.2134,
2001-06-11,77.5833,35.8962,61.8186,8.2470,13.6652,19.4278,6.4782,0.3057,0.3627,20.6442,
2001-06-18,78.2200,36.4439,61.5521,8.0280,13.5572,19.5690,6.4298,0.3329,0.3484,20.8901,
2001-06-25,78.0609,38.5084,60.9727,7.7276,13.1201,19.8647,6.5475,0.3477,0.3539,22.1557,
2001-07-02,75.8005,35.0958,59.4200,7.7378,13.0769,19.4009,6.6316,0.3295,0.3079,20.0494,
2001-07-09,77.8316,36.3597,61.2276,7.5545,13.1147,19.6026,6.6484,0.3716,0.3089,21.6519,
2001-07-16,77.2586,35.0958,61.3629,7.5519,13.6436,19.3807,6.5370,0.2988,0.2857,20.9963,
2001-07-23,76.9211,35.3486,60.5219,7.7200,13.3252,19.6093,6.4676,0.2835,0.3091,19.8703,
2001-07-30,77.6406,36.3850,61.1193,7.4908,13.5357,19.4883,6.5349,0.2916,0.3327,20.3013,
2001-08-06,75.9533,33.9413,60.4523,7.3788,13.5303,19.2261,6.4655,0.2844,0.3229,19.8855,
2001-08-13,74.3360,31.8179,59.5163,7.4679,13.7407,18.7488,6.3058,0.2702,0.3196,18.7807,
2001-08-20,75.7814,33.1155,60.7531,7.5417,14.0322,19.3673,6.3773,0.2777,0.3254,18.8323,
2001-08-27,72.6806,30.8657,57.9950,7.3151,13.5842,18.4799,6.2574,0.2774,0.3232,17.3148,
2001-09-03,69.2233,28.3968,55.6550,7.3279,13.4385,17.5253,6.2280,0.2584,0.2977,16.8140,
2001-09-10,70.0701,28.7339,56.0034,7.3508,13.7353,17.2968,6.3310,0.2598,0.2891,17.4757,
2001-09-17,62.1717,23.7539,48.1870,6.4217,12.7287,14.7685,6.1701,0.2352,0.2058,15.0871,
2001-09-24,66.7477,24.4196,51.4169,6.6112,13.5678,15.8042,6.1976,0.2319,0.2096,15.5302,
2001-10-01,68.5308,26.7621,53.0290,6.9645,13.7628,16.0732,6.3353,0.2414,0.2511,17.5182,
2001-10-08,69.9815,29.1130,54.4664,7.2487,13.7249,16.3825,6.2400,0.2693,0.3085,17.1115,
2001-10-15,68.6074,28.2704,53.5405,6.9005,13.8602,15.7974,6.2548,0.2737,0.3385,17.5728,
2001-10-22,70.5056,30.3433,55.4864,7.1719,13.8710,16.3153,5.9858,0.2792,0.3494,18.8779,
2001-10-29,69.8218,29.9978,54.4202,6.7930,13.7736,16.1942,5.9435,0.2777,0.3600,18.6351,
2001-11-05,72.0394,31.7926,56.1098,7.0029,13.7465,16.5910,6.0663,0.2798,0.4060,19.7914,
2001-11-12,73.0876,33.1745,57.6810,6.4780,13.9035,17.5191,6.0303,0.2837,0.4006,19.9553,
2001-11-19,73.9312,33.0987,58.2819,6.6752,14.1472,17.7208,5.9774,0.2967,0.3812,19.6397,
2001-11-26,72.8894,33.4105,57.5176,6.4934,14.0768,17.7276,5.7973,0.3185,0.4170,19.4879,
2001-12-03,74.4936,35.1632,58.8652,6.6521,13.9793,18.5548,5.8672,0.3371,0.4575,20.5866,
2001-12-10,72.3015,33.7981,57.5233,6.4268,13.4000,17.7545,5.7507,0.3049,0.5009,20.4682,
2001-12-17,73.7173,33.2672,58.7567,6.6590,13.9961,17.8398,5.8828,0.3141,0.4928,20.4986,
2001-12-24,74.3907,33.9835,59.1426,6.9418,13.8820,18.4394,5.9810,0.3354,0.5167,20.5987,
2001-12-31,75.4296,35.1126,60.1131,6.8030,13.6701,18.6079,6.0727,0.3543,0.5313,20.9113,
2002-01-07,73.7109,34.4216,58.5054,6.5690,13.5994,18.5607,5.9404,0.3148,0.4813,20.8233,
2002-01-14,72.5630,32.5173,57.2885,6.4019,13.6646,18.1699,5.9020,0.3315,0.4869,20.0615,
2002-01-21,72.8195,32.7195,57.6280,6.6975,13.6375,18.2238,5.8102,0.3477,0.4996,19.3635,
2002-01-28,72.2423,32.1381,58.0961,6.6564,13.7190,17.9880,5.7803,0.3650,0.4894,19.0175,
2002-02-04,70.6006,30.4781,57.1247,6.4764,13.5505,18.3586,5.6394,0.3594,0.4405,18.4074,
2002-02-11,71.1137,30.1495,58.0982,6.6281,13.8548,18.4259,5.7141,0.3574,0.4376,18.2800,
2002-02-18,70.3120,28.3547,58.5846,6.8081,14.0124,18.5944,5.6501,0.3401,0.3809,17.6001,
2002-02-25,72.9413,30.1158,60.8464,6.9444,14.2623,19.2075,5.8806,0.3507,0.4269,18.6259,
2002-03-04,75.0255,32.5847,62.1062,7.2555,14.0776,19.6993,6.0194,0.3688,0.4448,19.4090,
2002-03-11,75.0218,31.3713,62.2940,7.3986,14.4016,19.9642,6.0057,0.3731,0.4027,18.9659,
2002-03-18,73.9864,30.9078,61.1673,7.3315,14.2545,19.8900,6.0186,0.3603,0.3706,18.3467,
2002-03-25,73.6519,30.3854,60.8621,7.4528,14.2218,19.9440,6.0638,0.3540,0.3385,18.3042,
2002-04-01,72.4750,28.9614,60.4102,7.2154,13.8294,19.9035,6.0122,0.3700,0.3213,16.9567,
2002-04-08,71.6582,28.2451,59.8527,6.9910,13.9766,19.9238,5.8250,0.3748,0.2799,16.9749,
2002-04-15,72.5972,29.0372,60.2627,7.4218,14.0747,20.4630,5.8379,0.3736,0.2817,17.3603,
2002-04-22,69.0664,26.1554,58.0542,7.1716,13.7750,20.0855,5.6614,0.3441,0.2318,15.6304,
2002-04-29,69.1886,25.0600,58.7120,7.3083,13.7586,19.9844,5.6808,0.3516,0.2499,15.0416,
2002-05-06,67.9923,24.9083,58.4360,7.1019,13.5461,19.5935,5.4979,0.3487,0.2433,15.1903,
2002-05-13,71.3238,27.7480,60.8309,7.1613,13.7096,20.4023,5.5861,0.3740,0.2989,17.0052,
2002-05-20,69.9024,26.3239,59.4135,7.2180,13.5352,20.0249,5.8013,0.3612,0.2673,16.1645,
2002-05-27,68.9570,25.3128,58.3725,7.0581,13.5407,20.0990,5.6485,0.3484,0.2553,15.4513,
2002-06-03,66.4617,23.8466,56.5904,6.8078,13.0666,19.7485,5.4183,0.3200,0.2465,15.7761,
2002-06-10,65.2140,23.2736,55.8730,6.6582,12.8650,18.7442,5.3817,0.3006,0.2150,16.7685,
2002-06-17,64.0740,21.7568,54.6904,6.6750,12.5653,18.3849,5.3446,0.2520,0.1729,15.8671,
2002-06-24,63.8675,21.9928,54.5195,6.7996,12.1609,18.6613,5.2686,0.2650,0.1311,16.6016,
2002-07-01,64.0934,22.1950,55.4858,6.7996,12.2756,18.0882,5.0796,0.2803,0.1449,16.6471,
2002-07-08,59.2788,20.8973,51.0550,6.1170,11.3629,16.7871,4.5886,0.2619,0.1519,15.7396,
2002-07-15,54.6707,20.2148,47.2173,5.5538,10.3190,15.2837,4.0910,0.2237,0.1383,15.0416,
2002-07-22,55.2451,19.1025,48.8994,5.5279,11.1771,16.7399,4.0737,0.2145,0.1123,13.7638,
2002-07-29,56.0131,18.7486,49.1059,5.4500,11.5105,17.4747,4.3409,0.2161,0.0713,13.4786,
2002-08-05,58.9174,19.6587,51.7029,5.8523,11.9477,18.3444,4.5668,0.2243,0.0702,14.6045,
2002-08-12,60.1630,20.8131,51.8442,6.0469,12.0188,18.3647,4.5886,0.2364,0.0816,15.1751,
2002-08-19,61.0536,21.1923,52.4292,6.0262,11.9095,18.7827,4.8123,0.2352,0.0877,15.8489,
2002-08-26,59.2336,19.7935,51.1291,5.9457,11.7346,18.2972,4.6711,0.2206,0.0771,14.8959,
2002-09-02,58.0848,19.2542,49.9472,5.8004,11.5651,17.8658,4.5017,0.2151,0.0707,14.5135,
2002-09-09,57.8718,19.3722,49.3621,5.8030,11.6799,17.9601,4.3452,0.2119,0.0807,14.5408,
2002-09-16,54.6824,18.2599,47.1919,5.5502,11.2219,17.3262,4.0881,0.2224,0.0703,14.4042,
2002-09-23,53.6452,17.9566,45.5215,5.6311,11.0019,17.2450,4.0507,0.2201,0.0653,13.7335,
2002-09-30,52.3810,17.1476,44.9943,5.5736,11.0019,17.0895,3.8396,0.2098,0.0621,13.2843,
2002-10-07,54.5593,18.7234,46.7892,5.5528,11.2439,17.7928,3.6241,0.2170,0.0672,14.8322,
2002-10-14,57.4635,20.0631,49.2861,5.9050,11.4694,18.8748,3.5933,0.2145,0.0717,16.1312,
2002-10-21,58.4749,20.8131,50.1936,5.6754,11.4584,18.4894,3.8814,0.2306,0.0847,15.9885,
2002-10-28,58.5202,21.2765,50.5910,5.7720,11.4529,18.3473,4.0309,0.2447,0.1076,16.0856,
2002-11-04,58.1183,21.1249,50.5791,5.7015,11.1614,18.7802,3.9408,0.2369,0.0867,16.7230,
2002-11-11,59.2528,22.2793,51.0399,5.7093,11.1834,18.7869,3.9913,0.2385,0.1028,17.2056,
2002-11-18,60.5623,23.3578,52.4311,5.7459,11.0514,18.8004,4.1827,0.2394,0.1200,17.6699,
2002-11-25,60.9253,23.3578,52.8532,5.8555,10.9964,18.7261,4.1277,0.2318,0.1307,17.5060,
2002-12-02,59.6612,22.3046,51.6225,5.9755,11.1174,18.5773,4.0001,0.2236,0.1078,16.8353,
2002-12-09,57.9174,21.0996,50.1600,5.9677,11.1009,18.2459,4.1783,0.2212,0.1010,15.9339,
2002-12-16,58.6254,21.3355,50.8698,6.0168,11.0661,18.1105,4.2837,0.2115,0.0978,16.0978,
2002-12-23,56.9251,20.9142,49.4453,5.8175,11.0053,17.7779,4.2592,0.2103,0.0912,16.0765,
2002-12-30,59.5114,21.6389,51.4718,5.9696,11.2265,18.7011,4.4061,0.2228,0.0939,16.3254,
2003-01-06,60.6254,22.8354,52.4433,5.7939,11.2873,18.6740,4.5129,0.2201,0.0944,16.9719,
2003-01-13,59.0619,21.3271,51.3575,5.8280,11.3371,18.3956,4.3860,0.2109,0.0820,15.6182,
2003-01-20,56.2736,20.9142,48.5483,5.5919,10.8006,17.8662,4.2236,0.2064,0.0776,15.1296,
2003-01-27,56.0652,20.5940,48.2144,5.7099,10.6513,17.9612,4.1613,0.2148,0.0788,14.4042,
2003-02-03,54.3453,20.0631,47.0275,5.6758,10.4633,17.4793,3.9833,0.2116,0.0745,14.1371,
2003-02-10,54.8208,20.6361,47.4748,5.6313,10.5352,17.1874,3.9121,0.2194,0.0919,14.6592,
2003-02-17,55.4919,21.2091,48.0066,5.8306,10.4799,17.5064,4.0055,0.2243,0.0981,14.9986,
2003-02-24,55.3095,21.2007,47.4502,5.8778,10.3250,17.5607,3.9388,0.2245,0.0963,14.4323,
2003-03-03,54.2801,20.6783,46.3972,5.9276,10.0209,17.6490,3.9944,0.2173,0.0953,14.3470,
2003-03-10,54.8078,21.6726,47.2408,5.7178,10.2366,17.2756,3.9855,0.2210,0.1024,15.1387,
2003-03-17,58.6525,22.8944,50.9961,5.9008,10.8379,18.6087,4.2148,0.2243,0.1081,16.1800,
2003-03-24,56.7164,21.9759,48.8635,5.9799,10.4264,18.3977,4.1585,0.2179,0.1025,15.0230,
2003-03-31,57.7041,21.9506,49.6543,5.9034,10.4820,18.7380,4.2058,0.2155,0.1022,15.2787,
2003-04-07,57.0042,21.4956,49.2409,5.8296,10.5209,18.2275,4.1923,0.1974,0.1011,14.7368,
2003-04-14,58.5805,22.5995,50.0730,5.8797,10.6210,18.1527,4.3047,0.1962,0.1042,15.5284,
2003-04-21,59.0188,22.7090,49.8811,5.8639,10.4764,18.5202,4.4352,0.1996,0.1034,15.3579,
2003-04-28,60.9679,23.8297,51.4707,5.9562,10.7044,19.1260,4.4712,0.2161,0.1213,15.8938,
2003-05-05,61.3081,23.9393,51.6865,6.0722,10.8045,19.1668,4.4981,0.2737,0.1631,16.0521,
2003-05-12,62.0538,24.1836,52.2580,6.2198,10.7878,19.5003,4.7276,0.2812,0.1622,15.5710,
2003-05-19,61.3277,23.6780,51.8015,6.3596,10.9213,18.8810,4.9255,0.2740,0.1593,14.7489,
2003-05-26,63.4143,25.1021,53.3694,6.4545,11.1548,19.1736,4.9502,0.2684,0.1997,14.9864,
2003-06-02,64.9252,25.3886,54.5888,6.5310,11.2994,19.8679,4.9705,0.2565,0.1966,14.4140,
2003-06-09,65.1215,25.2453,55.0154,6.5784,11.3216,19.9564,5.0199,0.2605,0.1791,15.0108,
2003-06-16,65.2779,25.5993,55.3175,6.4776,11.3339,20.6143,5.1081,0.2871,0.1807,16.0338,
2003-06-23,64.1095,25.1358,54.1309,6.4113,11.2445,20.1501,4.9947,0.2801,0.1722,15.6076,
2003-06-30,64.8184,25.7678,54.6309,6.3478,11.3618,20.1979,4.9902,0.2861,0.1794,16.1374,
2003-07-07,65.8031,26.8295,55.0465,6.2815,11.3395,20.2389,4.8654,0.2969,0.1864,16.6306,
2003-07-14,65.3239,26.3576,55.3896,6.2948,11.3171,20.0819,4.7452,0.3120,0.1622,16.3748,
2003-07-21,65.7965,26.7958,56.0411,6.2073,11.3004,19.8771,4.7633,0.3221,0.1607,16.3748,
2003-07-28,64.6674,26.5093,55.3655,6.1305,11.1328,19.4197,4.6613,0.3100,0.1505,15.9364,
2003-08-04,64.5164,25.3380,55.6068,6.3186,11.2724,19.5017,4.6817,0.2937,0.1183,15.5771,
2003-08-11,65.3961,26.2649,56.3695,6.4325,11.4065,19.1808,4.7089,0.2948,0.1232,15.5528,
2003-08-18,65.4946,27.3351,56.5990,6.3928,11.2668,18.7576,4.6998,0.3123,0.1393,15.9669,
2003-08-25,66.5908,28.1356,57.0218,6.5385,11.4344,18.9897,4.7747,0.3381,0.1387,16.1495,
2003-09-01,67.5033,28.5990,57.6077,6.5438,11.5238,19.2013,4.8722,0.3365,0.1425,17.2822,
2003-09-08,67.2539,28.4979,57.4083,6.4882,11.5126,19.7815,4.9130,0.3455,0.1477,17.2578,
2003-09-15,68.3160,29.1383,58.3840,6.4569,11.6081,19.7101,4.9778,0.3377,0.1514,18.2443,
2003-09-22,65.8646,27.4531,56.4655,6.3717,11.4399,19.0391,4.9686,0.3094,0.1287,17.1665,
2003-09-29,68.1315,28.8097,58.0511,6.5768,11.6865,19.4225,5.0785,0.3244,0.1280,17.7085,
2003-10-06,68.9091,29.5007,58.8803,6.6300,11.7650,19.2103,5.0304,0.3541,0.1277,17.6049,
2003-10-13,68.7048,29.1636,58.9608,6.5581,11.7986,19.1350,5.0029,0.3402,0.1271,17.7160,
2003-10-20,68.2566,28.8181,58.2821,6.4756,11.7202,19.1350,5.0121,0.3380,0.1306,16.2952,
2003-10-27,69.3901,29.6439,59.4031,6.4649,11.9051,19.1692,5.0464,0.3423,0.1349,16.0074,
2003-11-03,69.5944,30.0231,59.4516,6.4463,11.9948,18.8954,4.9915,0.3365,0.1660,15.9829,
2003-11-10,69.4955,29.5259,59.3668,6.5421,11.8547,19.8744,4.9961,0.3209,0.1539,15.6155,
2003-11-17,68.6718,28.8434,58.6583,6.3824,11.8267,19.4020,4.9068,0.3033,0.1508,15.3767,
2003-11-24,70.1479,29.8124,59.6249,6.5155,12.0452,19.5800,5.0579,0.3127,0.1620,15.7441,
2003-12-01,70.4115,29.5259,60.0626,6.7978,11.9332,19.8401,5.1105,0.3118,0.1559,15.9095,
2003-12-08,71.2616,29.6945,61.1751,6.9948,12.0004,20.0798,5.1380,0.3124,0.1590,16.3197,
2003-12-15,72.1015,29.8799,62.5472,7.2535,12.0456,20.2802,5.2530,0.2946,0.1608,16.7545,
2003-12-22,72.6312,30.2203,62.8699,7.3177,12.0907,20.4039,5.3454,0.3108,0.1735,16.6627,
2003-12-29,73.6442,30.6502,63.5396,7.3659,12.1132,20.7611,5.3754,0.3182,0.1761,16.8096,
2004-01-05,74.4122,31.8050,63.7344,7.4809,12.0625,20.8298,5.3800,0.3440,0.1944,16.9382,
2004-01-12,75.6304,32.5131,64.6471,7.4301,12.1526,20.9260,5.3893,0.3398,0.1882,17.0301,
2004-01-19,75.7628,32.0411,64.4887,7.6922,12.2257,21.1459,5.4955,0.3374,0.1762,17.4404,
2004-01-26,75.1339,31.2487,64.0135,7.5344,12.2595,21.2833,5.5001,0.3374,0.1698,16.9321,
2004-02-02,75.7761,31.2993,64.5800,7.4782,12.6198,21.8191,5.4401,0.3396,0.1737,16.5831,
2004-02-09,76.2263,31.1391,65.0004,7.7805,12.6141,21.6680,5.4909,0.3440,0.1778,16.2830,
2004-02-16,76.0608,31.0717,64.9925,7.7537,12.8731,21.5168,5.4609,0.3350,0.1842,16.2707,
2004-02-23,76.1535,30.8272,64.7787,7.9302,12.9575,21.5100,5.6041,0.3577,0.1698,16.2463,
2004-03-01,77.0539,30.8778,64.8581,8.0479,13.0194,21.7298,5.6872,0.3999,0.1693,16.1360,
2004-03-08,74.5380,29.9337,62.5984,7.8259,12.7323,20.7817,5.5463,0.4122,0.1621,15.5420,
2004-03-15,73.7894,29.2930,62.3276,7.8645,12.7502,20.3722,5.6126,0.3867,0.1692,15.0828,
2004-03-22,73.7694,29.6892,62.4866,7.6282,12.6938,20.2689,5.5846,0.4044,0.1858,15.3277,
2004-03-29,76.1680,31.2740,64.1741,7.8242,12.8915,21.0058,5.6522,0.4113,0.2007,15.8298,
2004-04-05,75.9886,31.1391,64.0090,7.9344,12.8971,20.9369,5.6079,0.4117,0.2041,15.6033,
2004-04-12,75.6298,30.4226,64.0271,8.2030,13.0384,21.6807,5.4752,0.4364,0.1802,15.4073,
2004-04-19,75.9820,31.3667,64.1861,8.0848,13.1457,21.5912,5.4845,0.4142,0.1773,16.8648,
2004-04-26,73.7229,29.3099,62.6139,8.0150,13.0948,21.2537,5.4216,0.3855,0.1566,16.0013,
2004-05-03,73.0585,29.4785,61.8797,7.9935,12.9593,21.3915,5.2959,0.3988,0.1685,15.7870,
2004-05-10,73.1117,29.2930,61.4515,8.0176,12.8350,21.1435,5.2516,0.4047,0.1641,15.8360,
2004-05-17,72.9589,29.5206,61.2363,7.8189,12.8067,20.7716,5.2493,0.4054,0.1618,15.8543,
2004-05-24,74.9853,30.8104,62.6967,7.9908,13.0214,21.1849,5.4868,0.4196,0.1789,16.0625,
2004-05-31,75.0651,30.5069,62.9912,7.9720,13.1231,21.4121,5.4496,0.4304,0.1672,15.8911,
2004-06-07,75.9753,31.0548,63.9668,8.1224,13.2474,21.4052,5.4472,0.4597,0.1587,16.3932,
2004-06-14,75.7725,30.7176,64.0069,8.4190,13.1722,21.3129,5.5302,0.4922,0.1508,17.3608,
2004-06-21,75.9126,31.4679,63.9024,8.4999,13.0021,21.0229,5.5748,0.5040,0.1545,17.4955,
2004-06-28,75.2724,31.0379,63.2760,8.5323,12.9624,20.7949,5.5725,0.4648,0.1470,17.4955,
2004-07-05,74.5055,30.1360,62.8707,8.6105,12.9965,20.4980,5.5419,0.4491,0.1290,17.0607,
2004-07-12,73.8253,29.2256,62.5115,8.8046,12.9341,20.2424,5.6570,0.4815,0.1158,16.8280,
2004-07-19,72.6584,28.8378,61.3560,8.5862,12.5428,19.9731,5.5349,0.4591,0.1116,17.1648,
2004-07-26,73.9120,29.4110,62.5423,8.7507,12.4464,19.9731,5.6664,0.4836,0.1177,17.4465,
2004-08-02,71.2513,27.5818,60.4647,8.3408,12.2480,19.2548,5.7205,0.4454,0.0720,16.6198,
2004-08-09,71.4781,27.4132,60.6676,8.3947,12.5145,19.5104,5.7487,0.4612,0.0801,16.5463,
2004-08-16,73.6720,28.6692,62.4175,8.4729,12.6846,20.1596,5.8050,0.4606,0.0942,16.6565,
2004-08-23,74.3188,29.1329,62.9785,8.5134,12.7186,20.4427,5.8262,0.5137,0.0987,16.8654,
2004-08-30,74.7656,28.7788,63.4101,8.8559,12.8717,20.5463,5.9108,0.5269,0.0978,16.6504,
2004-09-06,75.3924,29.6049,63.6382,8.9314,12.6959,20.5256,5.9343,0.5364,0.1074,16.8838,
2004-09-13,75.7665,29.8662,63.5706,9.1836,12.5788,20.6770,5.9602,0.5554,0.1121,16.8961,
2004-09-20,74.6349,29.3352,62.1574,9.3731,12.2599,20.2060,5.8891,0.5577,0.1072,16.7610,
2004-09-27,76.1013,30.4310,63.0460,9.5924,12.4592,20.1298,5.9815,0.5783,0.1154,17.3506,
2004-10-04,75.3380,29.9927,62.1449,9.7982,12.3055,19.4094,6.0478,0.5841,0.1107,17.1909,
2004-10-11,74.5010,30.0348,61.3859,9.5193,12.2485,19.1947,6.0596,0.6804,0.1024,17.1909,
2004-10-18,73.6505,30.1781,60.3828,9.6059,12.1745,18.7306,6.0786,0.7090,0.1013,17.0373,
2004-10-25,75.8000,31.1054,62.0011,9.5139,12.4137,19.4994,6.2231,0.7836,0.1104,17.1786,
2004-11-01,78.5320,31.9989,64.3730,9.6736,12.9546,19.9012,6.3818,0.8183,0.1346,18.0016,
2004-11-08,79.5431,32.5890,65.2562,9.7197,13.0799,19.9774,6.5903,0.8300,0.1381,18.4070,
2004-11-15,78.8588,32.6059,64.9304,9.8496,12.8977,19.6795,6.4671,0.8251,0.1447,18.3864,
2004-11-22,79.4833,33.0526,65.1476,10.1962,12.9489,19.8181,6.6590,0.9653,0.1516,18.2084,
2004-11-29,80.0878,33.8282,65.6258,9.7440,12.9888,20.2683,6.4102,0.9374,0.1582,18.6397,
2004-12-06,80.1415,33.6596,65.5078,9.6249,13.0457,20.4277,6.4126,0.9743,0.1779,18.5370,
2004-12-13,80.5943,33.5905,66.2494,9.7957,13.0539,20.6363,6.5814,0.9719,0.1760,18.4549,
2004-12-20,81.4918,33.8373,67.2569,9.9207,13.1739,20.8169,6.6986,0.9573,0.1760,18.4891,
2004-12-27,81.5592,33.9734,66.8588,9.8691,13.1968,20.9767,6.6604,0.9631,0.1798,18.2906,
2005-01-03,79.9195,32.8075,65.8203,9.5023,13.2082,20.6710,6.4690,1.0356,0.1681,18.2564,
2005-01-10,79.7846,32.7054,65.5715,9.9071,13.2597,20.6154,6.5886,1.0498,0.1641,17.8799,
2005-01-17,78.7994,31.5310,64.6370,9.8908,13.2483,20.4070,6.5695,1.0542,0.1636,17.5581,
2005-01-24,79.2380,31.4203,65.0104,10.0838,13.3169,20.2889,6.7249,1.1064,0.1746,17.9209,
2005-01-31,81.1274,32.1267,66.6040,10.6109,13.5170,20.7266,6.9593,1.1790,0.1968,18.0168,
2005-02-07,81.4918,32.0841,67.2825,10.9832,13.4598,20.8100,6.9569,1.2145,0.1996,17.7772,
2005-02-14,81.2353,31.7863,67.2567,11.4261,13.4198,21.0740,6.9378,1.2982,0.2157,17.4956,
2005-02-21,81.9371,32.0161,67.5999,12.0021,13.3626,21.2547,6.9952,1.3308,0.2201,17.3377,
2005-02-28,82.8143,31.9309,68.3360,12.2059,13.5685,21.2963,7.1052,1.2804,0.2104,17.2827,
2005-03-07,81.2353,31.6331,67.2754,11.6299,13.2940,20.9837,6.9952,1.2045,0.1920,17.2278,
2005-03-14,80.3012,31.0714,66.2073,11.9358,13.2229,20.6230,7.0266,1.2849,0.1844,16.6922,
2005-03-21,79.3528,30.8672,65.2575,11.4587,13.1540,20.7764,6.9206,1.2712,0.1918,16.6716,
2005-03-28,79.5492,30.8076,65.0138,11.9767,13.0909,20.6369,7.0483,1.2230,0.1796,16.5618,
2005-04-04,79.9354,31.1820,65.3200,11.6468,13.2574,21.2365,7.0965,1.3082,0.1789,17.1248,
2005-04-11,77.3273,29.5651,62.9662,10.8316,13.1253,21.4736,6.9904,1.0573,0.1629,16.7952,
2005-04-18,78.2893,29.8629,63.6727,11.4614,12.9875,21.2574,7.1615,1.0618,0.1697,17.1523,
2005-04-25,78.4112,29.7693,63.7040,11.0552,13.0794,21.5433,7.2410,1.0785,0.1673,17.3720,
2005-05-02,79.3189,30.5182,64.6732,11.2051,13.2459,21.7315,7.1856,1.1138,0.1768,17.3171,
2005-05-09,78.3909,30.8416,63.5727,10.5781,13.1196,21.6688,7.0290,1.0400,0.1933,17.3720,
2005-05-16,80.6941,32.0501,65.6326,10.8098,13.5043,21.9407,7.1977,1.1231,0.2007,17.7302,
2005-05-23,81.4596,32.5182,66.0969,11.4505,13.4296,21.8849,7.2386,1.2131,0.2100,17.9575,
2005-05-30,81.3918,32.4245,65.6891,11.6223,13.4009,21.7943,7.3447,1.1437,0.2160,17.5166,
2005-06-06,81.4257,31.9565,65.9714,11.9003,13.4182,21.6967,7.4025,1.0711,0.2135,17.5166,
2005-06-13,82.5433,32.2586,66.5889,12.5365,13.4424,22.1404,7.4994,1.1458,0.2053,17.2480,
2005-06-20,80.9246,31.4920,64.5920,12.2903,13.1194,21.7488,7.5601,1.1294,0.2067,17.2480,
2005-06-27,81.2986,31.2875,64.7553,12.4271,13.1713,21.6719,7.7375,1.0917,0.2048,17.0207,
2005-07-04,82.5161,32.1734,65.6595,12.6459,13.2694,21.8607,7.7715,1.1440,0.2147,17.2824,
2005-07-11,83.5499,33.1275,66.8048,12.4079,13.4770,22.0355,7.7788,1.2427,0.2052,17.7646,
2005-07-18,84.0260,33.5789,66.9243,12.9604,13.4309,21.9586,7.7253,1.3160,0.1971,17.6889,
2005-07-25,84.1621,33.7152,67.0186,13.0178,13.5463,22.1894,7.8395,1.2756,0.2065,17.6406,
2005-08-01,83.5772,33.6301,66.4026,13.2339,13.3501,22.0635,7.7520,1.2858,0.2156,19.1216,
2005-08-08,83.6996,33.4000,66.6289,13.7206,13.3155,22.2034,7.7108,1.3788,0.2285,18.6325,
2005-08-15,83.2983,33.0678,66.6476,13.1764,13.3732,21.9586,7.6865,1.3708,0.2228,18.4598,
2005-08-22,82.1353,32.7612,65.4941,13.1245,13.2405,21.6998,7.8104,1.3681,0.2207,18.6325,
2005-08-29,83.1623,33.0252,65.9354,13.9340,13.3155,22.1055,8.0168,1.3824,0.2304,18.6671,
2005-09-05,84.7470,33.7493,67.2969,14.4399,13.4770,22.6649,8.1213,1.5347,0.2456,18.3631,
2005-09-12,84.3564,33.5619,67.0612,14.3386,13.3820,22.4458,8.2217,1.5317,0.2537,18.0107,
2005-09-19,82.9494,33.0082,65.7166,14.4154,13.1791,22.0741,7.9990,1.5912,0.2496,17.4581,
2005-09-26,84.0422,33.6130,66.7582,14.7198,13.4980,21.9899,8.2242,1.6035,0.2616,17.7759,
2005-10-03,81.6993,32.6590,65.0032,13.5843,13.2429,21.5690,7.8986,1.5344,0.2523,16.9883,
2005-10-10,81.0573,32.4205,64.9149,13.2580,13.1907,21.6111,7.5535,1.6151,0.2444,17.0436,
2005-10-17,80.6884,32.8378,64.5659,12.6217,13.2603,21.2043,7.4287,1.6648,0.2437,17.1195,
2005-10-24,81.8291,32.6419,65.6406,13.2388,13.3820,21.2183,7.6000,1.6292,0.2474,17.6377,
2005-10-31,83.4070,34.1411,66.4939,13.5761,13.4400,21.4989,7.5608,1.8290,0.2599,18.4184,
2005-11-07,84.5340,34.6778,67.6507,13.0194,13.6256,21.8005,7.4996,1.8406,0.2598,18.8467,
2005-11-14,85.4698,35.3081,68.1496,13.4500,13.5676,21.9268,7.6294,1.9310,0.2762,19.4493,
2005-11-21,86.8359,35.6829,69.2904,13.9875,13.7415,21.9268,7.7713,2.0739,0.2905,19.2345,
2005-11-28,86.6446,35.8703,68.9671,14.0341,13.6430,21.8707,7.7273,2.1723,0.2792,19.4078,
2005-12-05,86.2894,35.5381,68.2826,14.2124,13.5444,21.8847,7.8325,2.2232,0.2773,19.1999,
2005-12-12,86.7675,35.5043,68.9253,14.0434,13.8690,22.3085,7.9789,2.1269,0.2812,18.6386,
2005-12-19,87.0421,35.3506,69.0777,14.0929,13.7933,22.7237,7.8628,2.1939,0.2865,18.4585,
2005-12-26,85.4971,34.5053,67.9344,13.8344,13.5718,22.3226,7.7517,2.1502,0.2790,18.1190,
2006-01-02,88.1957,36.4436,69.5668,14.7006,13.6942,22.9137,7.9468,2.2821,0.3116,18.6456,
2006-01-09,88.3605,36.6998,69.5795,14.9756,13.6826,22.8434,7.9517,2.5600,0.3244,18.8396,
2006-01-16,86.4997,35.2225,67.7042,15.5118,13.5019,22.4985,8.0777,2.2758,0.3343,18.2991,
2006-01-23,88.2644,35.9569,69.3830,15.5778,13.7117,22.7237,7.9986,2.1544,0.3529,19.2553,
2006-01-30,86.7057,34.9408,68.5436,15.1846,13.5369,22.5267,7.8184,2.1490,0.3359,19.0821,
2006-02-06,86.9597,34.9749,69.3957,14.4476,13.5252,22.5478,7.8480,2.0132,0.3350,18.4931,
2006-02-13,88.4498,35.1884,70.7271,14.5768,13.7700,23.0052,7.9764,2.1023,0.3622,18.5628,
2006-02-20,88.8618,35.2311,70.5616,14.7473,13.7991,22.9982,8.0332,2.1373,0.3484,18.5141,
2006-02-27,88.4155,35.3933,70.1219,14.8848,13.7233,22.7730,7.9764,2.0255,0.3751,18.7227,
2006-03-06,88.2987,34.6334,70.6189,14.1314,14.0730,22.8223,7.8307,1.8900,0.3616,18.8895,
2006-03-13,90.0493,35.4181,71.9564,14.7965,14.0356,23.1018,7.9990,1.9340,0.3722,19.1189,
2006-03-20,89.7667,35.2900,71.9883,14.8545,14.0474,23.0736,7.8348,1.7934,0.3964,18.7783,
2006-03-27,89.5047,35.8283,71.0689,15.0034,13.8248,22.5793,7.6706,1.8759,0.4370,18.9173,
2006-04-03,89.3048,36.1615,71.0242,15.2654,13.7135,22.0851,7.6308,2.0874,0.4659,18.9451,
2006-04-10,88.7326,35.9736,71.0498,15.3923,13.6256,21.9015,7.5238,1.9881,0.4518,18.8200,
2006-04-17,90.4147,35.8881,72.4806,16.4761,13.7193,22.0004,7.7751,2.0051,0.4284,18.8756,
2006-04-24,90.6353,35.7599,72.7873,15.7591,13.9595,21.8804,7.7925,2.1053,0.4460,16.7899,
2006-05-01,91.3592,36.0248,73.9059,16.2334,14.0942,21.7321,8.0065,2.1502,0.4774,16.5466,
2006-05-08,89.0980,34.3415,72.7810,15.6488,13.8658,21.4567,7.7776,2.0249,0.4018,16.1086,
2006-05-15,87.6226,33.6237,71.4259,14.8986,13.8365,21.3791,7.7353,1.9295,0.3713,15.7456,
2006-05-22,88.5051,33.7434,72.2653,15.1964,14.1118,21.5697,7.8696,1.9008,0.3658,16.5553,
2006-05-29,88.9325,33.8715,71.9961,15.5908,14.0356,21.8098,8.0960,1.8442,0.3637,15.8852,
2006-06-05,86.4162,32.5984,69.7342,14.5621,13.9302,21.4850,8.0786,1.7718,0.3258,15.2990,
2006-06-12,86.3135,32.7828,70.5760,14.6990,13.9871,21.4785,8.0559,1.7216,0.3306,15.4246,
2006-06-19,86.1680,32.6203,70.5696,14.7765,14.0166,21.2447,7.9430,1.7596,0.3100,15.7038,
2006-06-26,88.1346,33.1504,71.7375,15.7094,14.2462,21.4289,8.1011,1.7129,0.3249,16.2621,
2006-07-03,87.6706,32.2270,71.2049,15.6928,14.3464,21.5494,8.1563,1.6570,0.2956,16.2621,
2006-07-10,85.5310,30.7306,68.8690,16.0056,14.1344,21.2376,8.1939,1.5155,0.2697,15.5572,
2006-07-17,85.8287,30.5254,69.7597,15.0810,14.3935,21.9462,8.3946,1.8161,0.2712,16.6600,
2006-07-24,88.6193,31.7311,72.0153,15.9918,14.5407,22.6761,8.5276,1.9618,0.3460,16.9252,
2006-07-31,88.7716,31.5942,72.2787,16.0111,14.5702,22.5485,8.5477,2.0428,0.3661,16.9531,
2006-08-07,87.9476,31.2351,71.3598,16.0970,14.6290,22.3643,8.4975,1.9037,0.3571,17.0508,
2006-08-14,90.4958,33.1675,73.2859,15.9115,14.8352,22.8958,8.6154,2.0312,0.4176,18.0663,
2006-08-21,89.8865,32.7657,72.6676,16.1163,14.8646,23.0446,8.6079,2.0563,0.4041,18.1083,
2006-08-28,91.0013,33.4155,73.8654,15.6402,15.1120,23.3635,8.7308,2.0452,0.4257,18.1013,
2006-09-04,90.2119,33.1077,73.3309,14.9343,15.0413,23.1863,8.6179,2.1690,0.4228,17.9332,
2006-09-11,91.7771,34.3159,74.5722,14.4022,15.1403,23.5641,8.5281,2.2163,0.4511,18.8088,
2006-09-18,91.4363,34.1106,74.1981,14.2577,15.0811,23.3864,8.4851,2.1834,0.4550,18.6758,
2006-09-25,92.9038,34.7779,75.3141,14.8466,15.0220,23.5997,8.5964,2.3024,0.4516,19.1591,
2006-10-02,93.8984,35.4282,76.4625,14.6355,14.9568,23.6495,8.6546,2.2199,0.4721,19.5234,
2006-10-09,95.0251,36.3008,77.1851,14.9938,14.9746,23.5570,8.7380,2.2438,0.5154,19.8736,
2006-10-16,95.1711,35.9329,77.4669,15.1938,15.1167,24.0761,9.0061,2.3913,0.4852,19.9157,
2006-10-23,95.9153,36.1126,78.0676,15.6021,15.3652,23.9126,9.0466,2.4050,0.4942,19.8526,
2006-10-30,94.9624,35.8730,77.3700,15.7216,15.0752,23.5144,8.9985,2.3416,0.4975,20.1258,
2006-11-06,96.1448,36.8141,78.2291,15.9577,15.1226,23.1020,9.0820,2.4861,0.5256,20.4831,
2006-11-13,97.6610,37.9007,79.8243,15.8605,15.3238,23.6210,9.1149,2.5677,0.5543,20.6656,
2006-11-20,97.6123,38.2001,79.4487,15.9827,15.2291,23.4788,9.1553,2.7406,0.5644,20.9186,
2006-11-27,97.5219,37.3531,79.0407,16.8660,15.1107,23.6281,9.2869,2.7313,0.5424,20.4688,
2006-12-04,98.3565,37.5585,79.6559,16.7410,15.4303,23.6353,9.2995,2.6398,0.5426,20.6656,
2006-12-11,99.5479,38.0582,80.6148,16.9972,15.5027,23.8396,9.4274,2.6237,0.5723,21.2209,
2006-12-18,98.4359,36.7733,79.9849,16.3230,15.5086,23.8610,9.3330,2.4586,0.5652,20.8343,
2006-12-25,99.0443,36.9703,80.7837,16.3341,15.5384,23.8967,9.3712,2.5375,0.5648,20.9889,
2007-01-01,98.2890,37.5614,80.3486,15.5791,15.5503,24.0394,9.2156,2.5438,0.5137,20.8343,
2007-01-08,100.1773,38.8120,81.5953,15.4454,15.7704,24.4604,9.1543,2.8300,0.5377,21.9378,
2007-01-15,99.8836,37.8355,81.5759,15.7630,15.8299,24.7387,9.2003,2.6470,0.4866,21.8676,
2007-01-22,99.4010,37.3216,81.0691,15.8382,15.7585,24.4247,9.2513,2.5537,0.4803,21.5091,
2007-01-29,101.2753,37.8269,82.2126,16.3341,15.9429,24.7815,9.4682,2.5348,0.4861,21.2209,
2007-02-05,100.6669,37.5871,81.7903,16.2672,15.7763,24.6459,9.7081,2.4906,0.4983,20.3703,
2007-02-12,101.9187,38.2981,83.0379,16.1586,16.0083,24.7815,9.7592,2.5372,0.4994,20.2717,
2007-02-19,101.6180,38.7692,82.2828,16.3397,15.9548,24.5388,9.8689,2.6641,0.4983,20.3846,
2007-02-26,96.9812,36.3879,78.7353,15.6153,15.4016,23.7325,9.7107,2.5546,0.4543,19.5805,
2007-03-05,98.4569,36.7733,80.0566,15.9914,15.5979,23.9966,9.7490,2.6312,0.4656,19.2489,
2007-03-12,97.2675,36.7108,78.9734,15.7616,15.5019,23.7783,9.8529,2.6796,0.4327,19.2772,
2007-03-19,100.6800,37.8165,81.3482,16.8321,16.0160,24.2940,10.2249,2.7971,0.4623,19.7638,
2007-03-26,99.7040,37.3108,80.6306,16.8489,15.9323,24.1006,10.1865,2.7789,0.4392,19.6580,
2007-04-02,101.2768,38.1936,81.8506,17.2598,16.1954,24.7953,10.4430,2.8318,0.4716,20.1377,
2007-04-09,102.0351,38.2708,82.3007,17.6231,16.1954,25.3755,10.4482,2.6990,0.4667,20.1800,
2007-04-16,104.3522,38.9136,84.6019,17.6371,16.5003,25.8983,10.6663,2.7209,0.4867,20.4692,
2007-04-23,104.9911,39.9165,85.6858,17.9250,16.4405,25.9484,10.7279,2.9886,0.5047,21.2451,
2007-04-30,105.9671,39.9679,86.6717,18.0703,16.3807,26.2851,10.7997,3.0152,0.5145,21.5554,
2007-05-07,105.9250,40.0965,87.2071,18.2269,16.2611,25.9628,10.8279,3.2524,0.5363,21.7882,
2007-05-14,107.1607,40.0364,88.7065,18.9592,16.5541,26.2063,10.9896,3.2907,0.5345,21.8163,
2007-05-21,106.5077,39.8136,88.3072,18.9228,16.4405,26.2278,10.5457,3.3983,0.5137,21.5686,
2007-05-28,108.1858,40.6621,89.4332,19.2638,16.6796,26.3352,10.6765,3.5413,0.5323,21.6465,
2007-06-04,106.0514,40.2079,87.7900,18.9843,16.4166,25.6763,10.0787,3.7234,0.5578,21.2644,
2007-06-11,107.9399,40.9685,89.2694,19.8973,16.5358,25.9731,10.4481,3.6041,0.6036,21.5757,
2007-06-18,106.1629,40.5653,87.8143,19.5525,16.2711,25.1810,10.0011,3.6789,0.6657,20.8681,
2007-06-25,106.0783,40.8312,87.9651,19.3394,16.2711,25.4259,10.2259,3.6502,0.6305,20.8539,
2007-07-02,107.8765,41.9120,89.2301,20.0542,16.4816,25.6635,10.2983,3.9570,0.6680,21.2078,
2007-07-09,109.1952,42.8041,91.0524,20.7298,16.6621,25.8651,10.5282,4.1195,0.7001,21.1016,
2007-07-16,108.2431,42.9328,90.9164,20.7438,16.4816,25.3683,10.5153,4.2995,0.6883,22.0498,
2007-07-23,102.3268,41.1657,86.6968,19.2020,15.9042,24.1801,9.7014,4.3025,0.6753,20.7973,
2007-07-30,101.4030,40.6768,86.7492,18.5349,16.0305,24.2521,9.8048,3.9436,0.6492,20.4930,
2007-08-06,102.0447,40.5567,86.5852,18.9834,16.3012,24.4106,10.0786,3.7387,0.6714,20.3161,
2007-08-13,102.0447,39.7246,85.8624,18.9217,16.0305,24.2881,9.9805,3.6508,0.6880,20.0607,
2007-08-20,104.5975,41.3459,87.8948,19.4123,16.3132,24.9002,10.2337,4.0468,0.7364,20.4584,
2007-08-27,104.0756,41.9206,87.7369,19.5749,16.1809,24.7706,9.9727,4.1419,0.7808,20.4015,
2007-09-03,103.0037,41.3716,86.5004,19.6954,16.0906,24.7490,10.0786,3.9412,0.7730,20.1956,
2007-09-10,104.9993,42.2208,88.4341,20.3233,16.4696,25.0514,10.2569,4.1518,0.7383,20.6217,
2007-09-17,107.6726,43.2212,90.8529,21.2762,16.7307,25.6157,10.4906,4.3115,0.7896,20.3447,
2007-09-24,108.1048,44.1223,91.5183,21.0232,16.9243,25.5434,10.3553,4.5902,0.8296,20.9199,
2007-10-01,110.4217,45.3325,92.6845,21.1104,16.9364,26.1938,10.6415,4.8289,0.8454,21.1898,
2007-10-08,110.7617,45.9418,92.9744,21.6894,17.0755,26.1938,10.7430,5.0024,0.8271,21.4241,
2007-10-15,106.0431,45.0063,88.9943,20.9108,16.7730,25.4350,10.3397,5.0972,0.8560,21.4241,
2007-10-22,108.8417,46.2851,90.9861,21.6275,17.1420,25.7819,10.8080,5.5243,0.7875,24.8753,
2007-10-29,107.1271,46.7056,89.7330,21.3184,16.9545,25.5868,10.9069,5.6191,0.8411,26.3168,
2007-11-05,102.8334,42.9122,85.9472,20.9249,16.8638,25.2255,10.9095,4.9462,0.7637,23.9521,
2007-11-12,103.2940,43.1525,86.9425,20.4218,17.2811,25.6807,10.8444,4.9767,0.7429,24.2878,
2007-11-19,102.1178,42.7749,85.6063,20.8125,17.2630,25.4206,10.9069,5.1307,0.6918,24.3020,
2007-11-26,105.3274,44.0365,88.7416,20.6494,17.6561,26.3527,11.1176,5.4501,0.7220,23.9387,
2007-12-03,106.9216,44.9119,90.2166,21.4111,17.8195,26.5550,11.4949,5.8114,0.7756,24.6013,
2007-12-10,104.2717,43.7447,88.2720,21.4870,17.5533,25.7963,11.2347,5.6945,0.8029,25.1570,
2007-12-17,105.5089,44.5463,89.0761,22.3454,17.8379,26.0137,11.2731,5.7998,0.8049,25.6913,
2007-12-24,104.9178,44.5206,88.4595,22.6469,17.6495,25.7018,11.2522,5.9768,0.7964,25.7341,
2007-12-31,100.6512,41.5823,84.9850,21.8382,17.0962,25.2304,11.1027,5.3852,0.6868,24.4944,
2008-01-07,99.8250,40.4225,83.6721,21.3028,17.1874,26.4488,11.3859,5.1651,0.6193,24.1596,
2008-01-14,94.0627,38.9619,80.0377,19.4149,16.5065,25.1434,10.4945,4.8262,0.5687,23.5183,
2008-01-21,94.7607,37.7935,81.1131,19.3585,16.2329,23.9250,10.0095,3.8886,0.5712,23.4685,
2008-01-28,99.4190,39.1682,84.5916,20.1052,16.7010,24.5560,10.5496,4.0004,0.6149,21.6944,
2008-02-04,94.7821,37.4584,80.8210,19.6825,16.2937,24.0121,10.2245,3.7531,0.5721,20.3479,
2008-02-11,96.2565,37.6474,82.0254,20.5279,16.6280,24.1716,10.4473,3.7276,0.5098,20.2481,
2008-02-18,96.5984,37.5272,82.3379,21.1056,16.7800,24.2006,10.3346,3.5730,0.5110,19.7975,
2008-02-25,95.3163,36.9000,81.8125,21.4296,16.4943,23.7873,9.8601,3.7393,0.4897,19.4542,
2008-03-03,92.3889,36.1440,79.0989,20.7843,16.4578,23.0185,9.8837,3.6565,0.4476,19.9334,
2008-03-10,92.3176,36.2986,79.8239,21.0661,16.3910,22.2498,9.9361,3.7869,0.4194,19.9978,
2008-03-17,94.5427,37.0492,82.0791,20.0105,16.8820,22.6481,9.8890,3.9861,0.4240,20.8704,
2008-03-24,94.1347,37.3932,81.4924,20.7424,17.0409,22.8229,9.9365,4.2774,0.4505,19.9620,
2008-03-31,97.9857,39.4309,84.0725,21.8474,17.3404,23.0196,10.3431,4.5786,0.4299,20.8561,
2008-04-07,95.4733,38.0724,82.2324,21.9011,16.9859,22.9686,10.3695,4.4009,0.4242,20.2267,
2008-04-14,99.1238,40.1617,85.3511,23.6221,17.0898,23.0414,10.7419,4.8166,0.4354,21.4569,
2008-04-21,99.9255,40.5400,85.9785,23.4214,17.0715,23.1726,10.6521,5.0766,0.4613,21.3353,
2008-04-28,101.2927,41.9329,87.2669,23.0230,17.1815,23.3474,10.8316,5.4118,0.5155,20.9133,
2008-05-05,99.4244,41.4514,85.1107,23.9555,17.0165,22.9249,10.5729,5.4869,0.5158,21.0206,
2008-05-12,102.1159,42.9991,86.7313,25.1368,17.4138,23.0924,10.7683,5.6116,0.5588,21.5287,
2008-05-19,98.5226,41.4429,83.3919,24.3766,17.1632,22.8375,10.8026,5.4187,0.5291,20.1360,
2008-05-26,100.4624,42.9991,84.4091,24.3031,17.4138,23.3692,10.9082,5.6454,0.5655,20.3299,
2008-06-02,97.5562,42.1565,81.7255,24.3088,17.0837,22.8885,10.7049,5.5524,0.5508,19.7340,
2008-06-09,97.4560,41.5890,82.3814,24.4727,17.1876,22.4805,10.9029,5.1555,0.4878,20.8683,
2008-06-16,94.6559,40.8006,79.3058,24.2965,16.6239,21.9560,10.8188,5.2423,0.4524,20.2653,
2008-06-23,91.7424,39.2777,76.0998,24.7215,16.3046,22.1390,10.5688,5.0873,0.4414,19.8345,
2008-06-30,90.8648,38.4001,75.8248,24.0556,16.3722,22.3220,10.7417,5.0882,0.2859,18.6501,
2008-07-07,89.0879,38.3399,74.4497,23.1773,16.5318,22.5561,10.7630,5.1618,0.2672,18.1260,
2008-07-14,90.6274,38.3657,77.2107,21.7889,16.4704,23.2002,10.2496,4.9396,0.2646,18.5639,
2008-07-21,90.2677,38.9508,76.0151,20.9134,16.6423,23.3246,10.0048,4.8490,0.2646,18.7793,
2008-07-28,90.7569,38.6152,75.9816,21.0777,16.7896,23.2075,9.8399,4.6856,0.2482,18.2624,
2008-08-04,93.0661,40.7146,78.5541,20.1115,17.4403,24.3858,9.8878,5.0712,0.2518,20.1935,
2008-08-11,93.6416,41.4373,78.4384,20.0605,17.7902,24.5981,9.8293,5.2563,0.2967,19.9637,
2008-08-18,93.2675,40.8609,78.2971,21.1429,17.6061,24.3785,10.0687,5.2877,0.3116,20.0650,
2008-08-25,92.6489,39.6821,77.7115,21.1514,17.2746,23.8662,10.0181,5.0706,0.2894,19.6686,
2008-09-01,89.5051,37.3848,75.6248,19.3862,17.3851,23.3100,9.4143,4.7909,0.2672,18.4866,
2008-09-08,90.7065,37.3676,77.2673,19.5307,17.8946,23.7125,9.7042,4.4547,0.2333,19.9064,
2008-09-15,89.8062,36.9365,76.6789,20.2531,17.1202,23.1955,9.3929,4.2146,0.2612,18.1334,
2008-09-22,87.4402,35.3695,75.0450,19.2440,17.1202,22.6735,9.2668,3.8356,0.2676,19.7479,
2008-09-29,79.8357,31.1506,69.6774,16.4896,16.8297,21.7986,8.6200,2.9033,0.2067,18.9695,
2008-10-06,64.0336,26.9662,56.5454,12.3366,14.5862,17.7477,6.9132,2.8953,0.1559,15.4956,
2008-10-13,67.4415,27.8100,59.2071,13.0586,15.0250,19.1887,7.3560,2.9132,0.1751,17.2470,
2008-10-20,62.9772,25.4078,56.1973,12.4077,14.0917,18.8946,7.3721,2.8827,0.1513,15.8271,
2008-10-27,70.0607,28.3180,63.2381,14.6107,14.9076,19.5562,7.7585,3.2180,0.2005,16.0938,
2008-11-03,67.9118,26.8543,60.9587,14.1701,14.9941,19.4313,7.7988,2.9383,0.1996,15.4956,
2008-11-10,62.6733,24.9515,56.9616,13.5788,14.5120,18.7769,7.7290,2.6990,0.1641,14.4577,
2008-11-17,57.5362,22.9626,54.7194,12.6266,14.2092,17.3433,7.7371,2.4699,0.1461,14.2800,
2008-11-24,65.1840,25.0720,59.9916,14.2923,14.8767,18.3211,8.0833,2.7717,0.1710,14.6718,
2008-12-01,63.6212,24.9170,58.8298,12.5527,14.6480,18.5196,7.6404,2.8115,0.1685,14.4178,
2008-12-08,64.3881,25.5542,58.6736,13.7238,14.3019,18.4682,7.7558,2.9392,0.1969,14.0478,
2008-12-15,64.3273,25.7465,58.1734,13.1435,14.4801,19.2982,7.7669,2.6919,0.1950,13.8736,
2008-12-22,63.5760,25.1170,57.9757,12.9035,14.5362,19.1206,7.6310,2.5665,0.1719,13.8809,
2008-12-29,67.8066,26.7553,61.4718,14.3293,15.0910,20.0378,8.0740,2.7143,0.1994,14.7516,
2009-01-05,64.9837,25.9275,58.7049,13.8979,14.3367,19.3425,7.9028,2.7092,0.1815,14.1639,
2009-01-12,62.0442,25.3671,56.4506,13.2978,14.3056,19.2760,7.8538,2.4625,0.1829,14.3017,
2009-01-19,60.6218,24.9187,54.9691,13.4464,14.0562,19.2908,7.8185,2.6428,0.1765,12.4805,
2009-01-26,60.4176,25.0567,54.6687,13.4064,13.8069,19.4017,7.8756,2.6958,0.1820,12.4079,
2009-02-02,63.4446,27.0485,56.5666,14.1350,14.0375,20.2745,8.1229,2.9826,0.2260,14.2654,
2009-02-09,60.3665,26.2380,53.6243,13.4264,13.4391,19.7124,7.7098,2.9658,0.1902,13.8519,
2009-02-16,56.4714,24.8929,50.5799,12.1092,13.2771,19.1280,7.1310,2.7278,0.1742,13.1505,
2009-02-23,53.9258,23.7375,48.5424,11.7520,12.6911,16.9978,6.8891,2.6712,0.1896,11.7989,
2009-03-02,50.2714,22.6769,45.6199,11.0834,12.2860,16.4874,6.2994,2.5513,0.1921,11.1633,
2009-03-09,55.5013,24.7808,49.6126,11.8578,12.8158,17.8484,6.4190,2.8692,0.2244,12.1642,
2009-03-16,56.3540,25.2018,50.0201,12.3495,12.8980,17.5274,6.9652,3.0385,0.2182,12.4637,
2009-03-23,59.9538,26.6182,53.5065,12.7717,13.5501,18.0558,7.0888,3.1958,0.2395,13.2455,
2009-03-30,61.9005,27.9396,55.1226,13.2168,13.6818,17.7879,7.1850,3.4692,0.2591,13.6984,
2009-04-06,63.0393,28.4491,55.6245,13.0962,13.5877,17.9591,7.1630,3.5763,0.2756,14.3706,
2009-04-13,63.9722,28.7687,56.0057,13.1479,13.8511,18.4131,7.0834,3.6914,0.2692,14.0272,
2009-04-20,63.6637,29.0969,55.6062,13.2312,13.4811,17.6837,6.9680,3.7058,0.2617,15.2765,
2009-04-27,64.5673,29.6842,56.5912,13.5730,13.8511,17.9665,7.2894,3.8057,0.2672,14.7870,
2009-05-04,68.3066,29.5633,59.0432,14.8883,14.2712,19.0457,7.4873,3.8640,0.2118,14.1879,
2009-05-11,65.1697,28.8205,57.1869,13.7855,14.0266,18.8522,7.1273,3.6615,0.2001,14.7724,
2009-05-18,65.3974,28.9673,57.2491,13.9607,14.3778,18.8224,7.0971,3.6639,0.2248,14.5206,
2009-05-25,67.9760,30.5565,58.9900,14.8424,14.4969,19.2243,7.3554,4.0620,0.2388,15.3588,
2009-06-01,69.4600,31.7656,60.7309,14.9659,14.8104,19.1946,7.4515,4.3270,0.2479,16.2778,
2009-06-08,69.8494,31.6534,61.0072,15.3679,14.7477,19.0755,7.7428,4.0967,0.2635,17.1527,
2009-06-15,67.9980,31.2685,59.1302,14.2052,14.4625,19.5079,7.6338,4.1718,0.2559,17.6968,
2009-06-22,67.8502,31.4502,58.4093,13.8242,14.5510,19.7249,7.7088,4.2603,0.2649,17.1674,
2009-06-29,66.3505,30.7843,57.5221,13.3248,14.4625,19.2611,7.6254,4.1879,0.2495,17.1821,
2009-07-06,64.9837,30.1963,56.4478,12.8947,14.4625,19.1788,7.4781,4.1431,0.2374,16.4616,
2009-07-13,69.5420,32.4792,60.7081,13.9858,15.1196,19.8445,7.7866,4.5388,0.2763,17.8586,
2009-07-20,72.4455,33.7676,63.1444,14.7768,15.4987,20.8693,8.2146,4.7852,0.2967,17.2410,
2009-07-27,72.9996,34.1135,63.6303,14.6122,15.4924,20.8469,8.0423,4.8869,0.2960,17.2924,
2009-08-03,74.7653,34.4854,65.1019,14.6729,15.3408,20.6673,8.0367,4.9503,0.3139,17.3218,
2009-08-10,74.4624,34.2692,64.8381,14.6382,15.4166,20.8917,8.0700,4.9883,0.3072,17.4174,
2009-08-17,76.0729,34.8399,66.1948,15.1116,15.6314,21.4527,8.2590,5.0613,0.3189,18.0477,
2009-08-24,76.3759,34.9696,66.5779,15.0626,15.6504,21.4453,8.1923,5.0861,0.3372,18.2473,
2009-08-31,75.4006,34.9004,65.7908,14.7104,15.6946,21.3106,8.0367,5.0939,0.3459,18.2030,
2009-09-07,77.4028,35.9035,67.0237,15.4725,16.0042,21.6323,8.0423,5.1492,0.3736,18.3804,
2009-09-14,79.2189,36.7346,68.4624,15.9993,16.1630,21.6072,8.3330,5.5339,0.3484,18.6762,
2009-09-21,77.5339,36.0941,67.5065,15.5296,16.0612,21.4344,8.1983,5.4546,0.3319,18.8906,
2009-09-28,76.0789,35.3843,66.1945,15.0686,16.1057,21.1489,8.0074,5.5303,0.3171,18.4543,
2009-10-05,79.6198,36.7692,68.8671,16.2835,16.4939,21.6973,8.2123,5.6969,0.3244,18.8906,
2009-10-12,80.8297,37.0288,69.8395,17.1040,16.7803,21.9678,8.3359,5.6245,0.3026,19.5930,
2009-10-19,80.2285,37.3318,69.7277,16.9039,16.5894,21.5696,8.2629,6.0998,0.3010,20.7168,
2009-10-26,76.8732,35.4535,67.7930,16.0196,16.4366,21.0888,7.9709,5.6380,0.2738,20.5024,
2009-11-02,79.5233,36.8730,70.1050,16.5502,16.6721,21.9077,8.1197,5.8126,0.3013,21.0864,
2009-11-09,81.3716,38.0935,71.8791,16.6053,17.0030,22.3735,8.2432,6.1150,0.3104,21.9071,
2009-11-16,81.2306,37.6001,72.3525,16.4110,17.1112,22.8318,8.2123,5.9795,0.2953,21.9966,
2009-11-23,81.3345,37.6607,72.3034,16.5328,17.1048,23.1323,8.2853,5.9996,0.2928,21.6995,
2009-11-30,82.4034,38.1887,72.8710,16.2081,17.2130,23.2750,8.6026,5.7821,0.3265,22.2639,
2009-12-07,82.4777,38.1974,73.5227,16.1008,17.1812,23.5004,8.9339,5.8225,0.3482,22.1674,
2009-12-14,82.2500,38.5472,72.5561,16.3692,16.8557,23.5169,8.9064,5.8452,0.3851,22.5461,
2009-12-21,83.9441,39.8651,73.8646,16.8531,17.1383,23.7662,8.9433,6.2523,0.4141,23.0214,
2009-12-28,83.1680,39.6657,73.2104,16.6199,17.0034,23.4716,8.8127,6.3029,0.4276,22.6352,
2010-01-04,85.5039,40.3593,74.6454,17.5790,17.0677,24.0080,8.7274,6.3402,0.4247,22.7689,
2010-01-11,84.8098,39.7524,74.5751,17.2758,17.1961,24.3404,8.7814,6.1593,0.3917,22.9174,
2010-01-18,81.5037,38.2871,71.4939,16.4129,16.8878,23.9173,8.4718,5.9146,0.3768,21.5064,
2010-01-25,80.1455,37.0993,70.7341,15.8882,16.8300,23.6302,8.3894,5.7444,0.3523,20.9272,
2010-02-01,79.6006,37.2640,70.4598,15.8124,16.6887,23.2903,8.2161,5.8461,0.3713,20.8083,
2010-02-08,80.6306,37.9403,71.2406,16.2059,16.9842,23.3205,8.1848,5.9933,0.3972,20.7415,
2010-02-15,82.9441,38.8680,73.3406,16.7219,17.4210,23.8191,8.4547,6.0319,0.3796,21.4652,
2010-02-22,82.6455,38.8073,72.8540,16.3662,17.3632,23.7209,8.2786,6.1201,0.3709,21.3906,
2010-03-01,85.2651,40.2639,74.5889,16.9522,17.7229,24.1893,8.5115,6.5487,0.3931,21.3309,
2010-03-08,86.1681,41.0616,75.0544,17.0543,17.6522,24.0533,8.4774,6.7775,0.3949,21.8383,
2010-03-15,86.9051,41.2182,75.8487,16.7571,17.9141,24.4446,8.5873,6.6474,0.3949,22.0770,
2010-03-22,87.3622,41.6609,76.6190,16.4060,18.0044,24.1793,8.4411,6.9061,0.3970,22.1293,
2010-03-29,88.2765,41.7997,77.2195,17.1257,18.1334,24.4901,8.6188,7.0578,0.3942,21.7562,
2010-04-05,89.5879,42.5548,77.7708,17.5031,18.0883,24.3157,8.6675,7.2318,0.3890,22.6366,
2010-04-12,89.4455,42.9888,77.9191,17.3480,18.0044,23.9746,8.5500,7.3996,0.3906,22.8828,
2010-04-19,91.2815,43.8481,79.1779,18.1642,18.0818,23.7624,8.7736,8.1004,0.3764,23.0992,
2010-04-26,89.0333,42.7371,77.8625,17.5265,17.8238,23.4062,8.7249,7.8091,0.3596,22.7858,
2010-05-03,83.3756,39.4129,73.3931,16.0871,17.2496,22.5269,8.3408,7.0545,0.3196,21.0474,
2010-05-10,85.3464,40.7322,75.3237,16.4528,17.5915,22.7164,8.5787,7.5917,0.2967,21.5846,
2010-05-17,81.7644,38.9182,72.2935,15.5254,17.1722,21.8296,8.2032,7.2477,0.2914,20.1156,
2010-05-24,81.9592,39.5778,72.0308,15.5196,16.9981,21.8826,8.2433,7.6832,0.3008,19.3362,
2010-05-31,80.0483,39.1352,70.5898,15.0808,16.8174,21.5870,8.0599,7.6557,0.2770,19.3287,
2010-06-07,82.1916,39.4910,72.6271,15.8911,17.0755,22.1024,8.3752,7.5824,0.2658,19.2313,
2010-06-14,84.1261,40.8702,74.3097,16.3427,17.3214,22.5119,8.7126,8.1973,0.2816,19.8158,
2010-06-21,81.2198,39.4433,72.3397,15.4258,16.8147,22.1005,8.3535,7.9769,0.2537,18.3844,
2010-06-28,76.9506,37.0037,68.8906,14.5118,16.5353,21.3539,8.1565,7.3859,0.2347,17.4400,
2010-07-05,81.2875,38.8769,72.6171,15.4640,17.2045,22.1157,8.6315,7.7651,0.2369,18.1895,
2010-07-12,80.3088,38.6329,71.8993,15.2024,17.2305,21.8491,8.5997,7.4744,0.2301,18.6542,
2010-07-19,83.1322,40.1316,74.2197,15.8049,17.6398,21.6587,8.8285,7.7747,0.2372,19.3437,
2010-07-26,83.0268,39.9138,74.5258,15.8225,17.5293,21.7653,8.7966,7.6943,0.2104,19.3437,
2010-08-02,84.6231,40.7415,75.9423,16.3515,17.6008,22.6338,8.9762,7.7792,0.2186,19.1488,
2010-08-09,81.5511,38.9641,73.5649,15.6785,17.4124,22.1691,8.8922,7.4505,0.2150,18.2869,
2010-08-16,80.9638,39.1383,72.9755,15.3376,17.3669,21.8415,8.8256,7.4666,0.2282,18.2564,
2010-08-23,80.4593,38.3977,72.5754,15.3112,17.3409,21.7653,9.0197,7.2268,0.2317,18.0303,
2010-08-30,83.4937,40.0880,74.7188,15.9283,17.7308,22.2224,9.1587,7.7397,0.2266,18.3016,
2010-09-06,83.9379,40.6021,74.8617,16.0224,17.8802,22.6795,9.1066,7.8785,0.2305,17.9701,
2010-09-13,85.1518,41.9111,75.9199,15.9100,18.0273,22.9263,9.0273,8.2362,0.2415,19.0023,
2010-09-20,86.9156,43.3696,77.7093,16.3174,18.3480,23.4776,9.2058,8.7432,0.2807,18.6708,
2010-09-27,86.7566,42.8019,77.5304,16.7721,18.2760,23.3475,9.2322,8.4501,0.2598,18.3694,
2010-10-04,88.2175,43.4482,78.8474,17.2297,18.4461,23.5619,9.3199,8.7955,0.2486,18.5126,
2010-10-11,89.0956,44.9678,79.2860,17.4807,18.7210,23.8528,9.3346,9.4138,0.2585,19.2434,
2010-10-18,89.5877,45.0987,79.7731,17.5072,18.8518,23.9141,9.3258,9.1963,0.2701,19.1229,
2010-10-25,89.6936,45.5704,79.7373,17.4895,18.8257,23.8682,9.2819,9.0022,0.2752,20.0948,
2010-11-01,92.8956,46.8716,82.0511,18.3959,19.0481,24.0826,9.3785,9.4852,0.2887,20.2305,
2010-11-08,90.9881,45.8585,80.3462,18.5819,18.7864,23.6844,9.1707,9.2131,0.3036,19.7935,
2010-11-15,91.0562,45.8236,80.4978,18.7738,18.8518,23.7380,9.1093,9.1742,0.3148,19.4754,
2010-11-22,89.9283,46.0856,79.5132,18.4549,18.6490,23.4164,9.0302,9.4215,0.3113,19.1418,
2010-11-29,93.0243,47.0463,81.8848,19.4321,18.8518,23.8069,9.1532,9.4945,0.3386,20.4836,
2010-12-06,94.2279,47.5877,82.1364,19.4558,19.0678,23.9601,9.1063,9.5878,0.3422,20.7262,
2010-12-13,94.5865,47.7083,82.7996,19.5393,19.3795,24.3768,9.2242,9.5893,0.3290,21.1508,
2010-12-20,95.5757,47.9008,83.3615,19.9901,19.4059,24.3614,9.2864,9.6788,0.3416,21.4540,
2010-12-27,95.6899,47.6558,83.4682,20.2392,19.3465,24.2460,9.2805,9.6476,0.3526,21.1583,
2011-01-03,96.7476,48.8897,84.1468,20.2481,19.1617,24.6847,9.3516,10.0532,0.4549,21.6814,
2011-01-10,98.3912,49.8785,84.9553,20.9509,19.3597,24.7694,9.3989,10.4229,0.5400,21.4540,
2011-01-17,97.6836,48.7234,85.6154,20.7878,19.4653,24.7771,9.4611,9.7721,0.5087,21.2417,
2011-01-24,97.1889,48.7672,85.2975,21.0873,19.1287,24.3306,9.3723,10.0526,0.5439,21.0370,
2011-01-31,99.7990,50.2110,87.2271,21.9828,19.3399,24.8848,9.4167,10.3637,0.5877,21.0522,
2011-02-07,101.2905,51.1386,88.6437,21.9769,19.5247,24.9233,9.4759,10.6733,0.5373,20.6580,
2011-02-14,102.3710,51.3923,89.5485,22.8399,19.6699,25.2543,9.4493,10.4851,0.5867,20.6352,
2011-02-21,100.6969,50.4473,87.7662,23.1127,19.5049,24.8694,9.4049,10.4133,0.5293,20.2463,
2011-02-28,100.8035,50.7273,88.0053,23.2313,19.5247,25.5006,9.4789,10.7675,0.4753,19.7888,
2011-03-07,99.5631,49.4322,87.2445,22.2735,19.6237,25.1696,9.6299,10.5279,0.4132,19.5829,
2011-03-14,97.6417,47.7143,85.8517,22.4318,19.2840,24.7199,9.2344,9.8902,0.4034,18.9118,
2011-03-21,100.3472,49.8087,88.5303,23.4137,19.7088,25.2611,9.3870,10.5144,0.4265,19.5371,
2011-03-28,101.7611,50.3520,89.6191,23.8005,19.9611,25.7328,9.6053,10.3057,0.4167,19.4303,
2011-04-04,101.5395,49.9051,89.7571,23.7201,20.0806,25.7637,9.5634,10.0215,0.4018,19.8803,
2011-04-11,100.9128,49.6421,89.5048,22.9673,20.4722,26.2276,9.5993,9.7942,0.4283,19.3465,
2011-04-18,102.2426,51.1231,90.6673,23.4999,20.5121,26.4828,9.6411,10.4893,0.4240,19.4608,
2011-04-25,104.2678,51.7716,93.0286,23.9463,20.9236,27.2483,9.9163,10.4723,0.4579,19.7659,
2011-05-02,102.5635,51.2370,91.7427,22.2562,20.8705,27.4493,9.9551,10.3685,0.4423,19.7278,
2011-05-09,102.4413,51.1844,91.5174,21.9557,21.3153,27.8978,10.1406,10.1842,0.4180,19.0872,
2011-05-16,102.1126,50.6236,91.0102,22.2056,21.4547,27.8669,10.2063,10.0263,0.4141,18.7978,
2011-05-23,102.0362,50.3257,90.5583,22.7144,21.2688,27.5963,10.0538,10.0918,0.4464,19.0051,
2011-05-30,99.6746,49.3793,88.4370,22.3931,20.7842,27.2096,9.9252,10.2722,0.4226,18.3526,
2011-06-06,97.5194,47.8808,87.0156,21.8188,20.5187,26.9158,9.8595,9.7476,0.3919,18.1991,
2011-06-13,97.5805,47.2416,87.4374,21.4065,20.8163,27.0166,9.9660,9.5789,0.3619,18.6213,
2011-06-20,97.3961,47.7598,87.0431,21.1825,20.4621,26.9467,9.9086,9.7610,0.3603,18.6520,
2011-06-27,102.8570,50.8601,91.7020,22.7146,21.0370,27.9413,10.2349,10.2668,0.3697,19.9722,
2011-07-04,103.2256,51.8437,92.2934,22.9624,21.2174,27.8014,10.1986,10.7588,0.3532,20.6630,
2011-07-11,101.1442,50.8074,91.0392,22.9535,20.9634,27.3430,10.0778,10.9146,0.3228,20.5555,
2011-07-18,103.3639,52.3444,92.5302,23.8106,21.2174,27.6538,10.2167,11.7635,0.3434,21.1312,
2011-07-25,99.3316,50.9391,88.5323,22.8310,20.6091,26.5116,10.0204,11.6791,0.3166,21.0314,
2011-08-01,92.2272,47.2768,83.5038,20.3284,19.9941,24.7167,9.6337,11.1748,0.2965,19.7112,
2011-08-08,90.7218,47.0484,82.4440,19.9969,19.7468,24.5846,9.5763,11.2756,0.2949,19.2660,
2011-08-15,86.5129,43.9394,79.1713,18.8860,19.7535,24.1106,9.7847,10.6487,0.2685,18.5766,
2011-08-22,90.6066,46.6620,82.6857,19.6535,20.1679,25.0508,9.9690,11.4727,0.2978,19.5035,
2011-08-29,90.5145,46.7937,82.3775,19.7760,20.2816,25.2140,10.0566,11.1877,0.2958,19.9283,
2011-09-05,89.0321,46.7059,80.5726,19.3788,20.0543,24.8410,9.9086,11.2903,0.3178,19.8820,
2011-09-12,93.8160,49.7930,84.4256,20.1144,20.7632,25.7951,10.3699,11.9788,0.3539,20.9479,
2011-09-19,87.6553,47.6460,78.9790,17.5990,19.8610,24.5921,10.1959,12.0925,0.3157,19.3567,
2011-09-26,87.3542,46.1854,80.0668,17.5420,19.9687,24.7874,10.2600,11.4051,0.2864,19.2254,
2011-10-03,89.3306,47.5756,81.6030,18.2586,20.2448,24.9202,10.1929,11.0606,0.3239,20.2759,
2011-10-10,94.6266,51.1920,85.5134,19.9675,20.7834,25.6858,10.3699,12.6219,0.3599,21.0638,
2011-10-17,95.7075,50.4177,86.7625,20.5522,21.1873,25.8654,10.6445,11.7506,0.3315,20.9788,
2011-10-24,99.2819,51.8607,89.8472,21.8983,21.2142,26.7247,10.6842,12.1119,0.3571,20.8398,
2011-10-31,96.8733,50.8576,88.0509,21.3647,20.8642,25.9279,10.6750,11.9710,0.3393,20.2759,
2011-11-07,97.7842,50.9016,89.4717,21.6645,21.1940,26.6154,10.7910,11.5038,0.3429,20.7857,
2011-11-14,94.1712,48.7459,86.8843,20.4322,20.9113,25.6623,10.5713,11.2143,0.3189,19.6893,
2011-11-21,89.8170,46.5286,82.7589,19.1371,20.4467,24.7718,10.2020,10.8742,0.3214,18.9110,
2011-11-28,96.3946,49.8194,88.6038,21.1128,21.3691,26.1779,10.6049,11.6558,0.3599,19.6270,
2011-12-05,97.3133,50.1713,89.8732,21.0439,21.5509,26.4201,10.6811,11.7730,0.3411,20.0006,
2011-12-12,94.4654,48.4132,87.5081,19.9136,21.3924,26.2462,10.6588,11.3962,0.3093,20.2340,
2011-12-19,98.1946,49.4898,90.7725,20.9553,22.1261,27.3381,11.0477,12.0635,0.3244,20.2574,
2011-12-26,97.5032,49.3122,90.1951,20.8138,22.0718,27.2517,11.1032,12.1134,0.3173,20.2029,
2012-01-02,99.2202,51.0611,91.4387,21.2082,21.8476,27.5974,10.8070,12.6338,0.3329,21.8761,
2012-01-09,100.0981,51.3879,91.9050,20.9071,21.8340,27.8330,10.7668,12.5564,0.3143,21.9850,
2012-01-16,102.5143,52.7923,94.1021,21.4912,22.0106,28.1630,10.6804,12.5710,0.3255,23.1213,
2012-01-23,102.4133,53.3488,93.7241,21.5213,21.8884,28.1394,10.7175,13.3780,0.3413,22.7477,
2012-01-30,104.5265,54.8061,95.1473,21.9097,22.0650,28.4536,10.7483,13.7489,0.3622,23.5337,
2012-02-06,104.3867,55.1771,94.7618,21.9910,22.1533,28.1316,10.7391,14.7580,0.3640,23.7361,
2012-02-13,105.9793,56.0250,96.0317,22.5420,22.4590,28.4694,10.8162,15.0182,0.3629,24.4798,
2012-02-20,106.3834,56.4931,96.3215,22.9515,22.4590,28.4301,10.8255,15.6251,0.3615,24.6600,
2012-02-27,106.6786,57.2969,96.2695,22.5029,22.5609,28.5244,10.7884,16.3061,0.3521,25.1300,
2012-03-05,106.8805,57.4294,95.9722,22.3373,22.7375,28.6500,10.8532,16.3058,0.3393,25.0595,
2012-03-12,109.4793,58.8540,98.3166,22.6079,22.9467,29.0947,10.8322,17.5142,0.3342,25.5374,
2012-03-19,108.9721,59.2256,97.2370,21.8402,23.0560,28.9131,10.7761,17.8276,0.3331,25.0752,
2012-03-26,109.8772,59.7653,98.1305,21.6861,23.2745,29.6947,10.9131,17.9323,0.3526,25.2710,
2012-04-02,109.0813,59.9157,97.0806,21.3083,23.2540,29.6158,10.8664,18.9531,0.3349,24.6913,
2012-04-09,107.0135,58.5620,95.5990,20.7642,22.9672,28.8815,10.6920,18.1022,0.3242,24.1352,
2012-04-16,107.6455,58.1108,96.8868,20.8428,23.4316,29.4421,10.9069,17.1376,0.3065,25.3964,
2012-04-23,109.5495,59.4910,98.3925,21.3989,23.4043,29.6315,11.0907,18.0355,0.2972,25.0517,
2012-04-30,106.9042,57.2437,96.9688,20.6433,23.2745,29.1736,11.0782,16.9064,0.2807,24.2684,
2012-05-07,105.8195,56.7837,95.5451,20.3532,23.2404,29.2210,11.1903,16.9501,0.3024,24.4093,
2012-05-14,101.2391,53.8020,92.2304,19.3255,22.8921,28.4788,11.0315,15.8635,0.2765,23.0793,
2012-05-21,103.0806,54.9168,92.9410,19.6852,23.1447,28.7552,11.1436,16.8179,0.2839,22.9137,
2012-05-28,100.0061,53.4481,90.5102,18.7513,22.6462,28.0367,11.1218,16.7790,0.2743,22.4327,
2012-06-04,103.8609,55.6246,93.8161,19.4948,23.2813,28.8894,11.4675,17.3572,0.2775,23.3789,
2012-06-11,105.2148,55.8589,95.4108,19.9291,23.6067,29.4182,11.6088,17.1720,0.2814,23.6706,
2012-06-18,104.6814,56.1782,94.5792,19.2670,23.3179,29.7039,11.3982,17.4104,0.2976,24.2068,
2012-06-25,106.7522,56.8964,96.2424,20.1569,23.9092,30.1723,11.6277,17.4672,0.3164,24.1201,
2012-07-02,106.2737,56.8610,95.5831,20.1326,24.0399,29.8707,11.5774,18.1216,0.3068,23.8047,
2012-07-09,106.4776,56.2047,95.6206,20.2784,24.2943,30.2675,11.7377,18.0944,0.2875,23.1739,
2012-07-16,107.0424,56.9674,96.0913,20.8918,24.0949,30.3628,11.8414,18.0744,0.2933,23.7495,
2012-07-23,108.7758,57.5261,97.9675,21.3261,24.4869,30.8232,11.9735,17.5019,0.3086,23.4656,
2012-07-30,109.3013,58.1734,98.1101,21.3930,24.5831,30.5533,11.9012,18.4154,0.3141,23.4577,
2012-08-06,110.4701,59.2908,99.0106,21.9791,24.5006,30.7121,11.8006,18.6747,0.3347,23.9860,
2012-08-13,111.5211,60.5855,99.6407,22.0398,24.6863,30.5454,11.6591,19.4680,0.3354,24.5259,
2012-08-20,110.9956,60.5589,98.8582,21.8607,24.4800,30.7518,11.5114,19.9218,0.3342,24.2560,
2012-08-27,110.7211,60.4436,98.4819,21.7240,24.3837,30.8311,11.4265,19.9825,0.3212,24.4624,
2012-09-03,113.2075,61.5698,100.0320,22.3071,24.5900,31.3789,11.5114,20.4391,0.3068,24.5656,
2012-09-10,115.4900,62.2349,102.2293,23.2547,24.6038,31.4900,11.4862,20.7647,0.3168,24.7720,
2012-09-17,115.0262,62.3857,102.1468,22.7822,24.9021,32.0613,11.4458,21.0293,0.3129,24.7561,
2012-09-24,113.5280,60.9806,101.0762,22.4009,24.8120,32.0055,11.5601,20.0384,0.3054,23.6211,
2012-10-01,115.2391,61.3452,102.5163,22.4466,25.2829,32.8431,11.6713,19.6025,0.3045,23.6925,
2012-10-08,112.6763,59.2998,100.3825,22.1355,24.8259,32.1571,11.5951,18.9153,0.2891,23.1766,
2012-10-15,113.0706,58.4105,100.5063,22.5229,24.7290,32.3884,11.7888,18.3184,0.2772,22.7321,
2012-10-22,111.4619,58.1170,98.7544,21.9524,24.4796,32.1650,11.6205,18.1430,0.2759,22.3908,
2012-10-29,111.6275,57.9569,98.6639,21.6779,24.3758,32.0214,11.5188,17.3259,0.2859,23.4147,
2012-11-05,108.9464,56.4095,96.5875,21.2172,23.9603,31.2476,11.0137,16.5077,0.2791,22.8829,
2012-11-12,107.5349,55.4046,95.0804,21.0250,23.8287,31.0562,10.9152,15.9229,0.2605,21.2224,
2012-11-19,111.4619,57.7168,98.3279,21.8457,24.7013,31.9257,10.8295,17.2451,0.2742,22.1667,
2012-11-26,112.0928,58.5172,98.4870,21.6779,24.9575,32.1012,11.2202,17.6610,0.2758,21.3024,
2012-12-03,112.2978,57.7435,99.5922,21.8304,25.0544,32.2927,11.2647,16.0909,0.2756,21.1744,
2012-12-10,112.0533,57.5301,99.5164,21.7267,24.9021,32.3166,11.1853,15.3830,0.2901,21.4545,
2012-12-17,113.3961,58.3065,100.0766,22.0980,24.6283,32.2505,11.3436,15.6709,0.2846,21.9666,
2012-12-24,111.2042,57.0367,98.0111,21.4112,24.1241,31.6490,11.0674,15.3770,0.2788,21.2464,
2012-12-31,116.2391,59.5854,101.8004,22.6254,25.0764,32.8039,11.4818,15.9023,0.3030,21.3984,
2013-01-07,116.7950,60.1487,102.3015,22.5702,25.1535,33.5017,11.3725,15.7002,0.2813,21.4705,
2013-01-14,117.7956,59.9788,103.4523,23.1467,25.5456,33.8306,11.4625,15.0876,0.2804,21.8066,
2013-01-21,119.3204,59.9162,105.3756,23.5759,25.7417,34.3679,11.6392,13.2735,0.2859,22.3107,
2013-01-28,120.1066,60.5065,106.2269,23.9377,26.0288,34.6888,11.7838,13.6881,0.2850,22.3507,
2013-02-04,120.5513,60.8016,106.2193,24.0941,26.2459,34.8010,11.7870,14.4162,0.2850,22.0466,
2013-02-11,120.7975,60.5869,106.2777,24.0543,26.3369,34.8171,11.7966,13.9664,0.2933,22.4147,
2013-02-18,120.6228,60.0414,106.5521,23.9071,26.7921,34.8010,11.9444,13.6826,0.2885,22.3986,
2013-02-25,120.7975,60.2560,107.2609,23.8519,26.7641,35.1138,12.0472,13.0652,0.2946,22.5519,
2013-03-04,123.4420,61.4991,109.5625,24.2198,27.0442,35.7234,12.1982,13.1032,0.2972,22.5923,
2013-03-11,124.3021,61.4084,110.6002,24.5162,27.0863,36.0311,12.3560,13.4656,0.2930,22.6245,
2013-03-18,124.1187,61.4801,110.6613,24.2544,27.6563,36.1922,12.3689,14.0195,0.2893,22.7940,
2013-03-25,124.9721,61.8207,110.9820,24.4269,27.9871,37.0138,12.6703,13.4352,0.2974,23.0845,
2013-04-01,123.7676,60.8258,110.9744,23.8079,27.9097,37.3843,12.8226,12.8446,0.2888,23.1571,
2013-04-08,126.6712,62.6901,113.3496,24.0235,28.6486,38.6087,13.0689,13.0449,0.3035,23.2297,
2013-04-15,124.0229,61.0319,110.9523,22.9640,28.8597,38.3429,13.1985,11.8530,0.2914,24.0204,
2013-04-22,126.2245,62.3585,112.2825,23.7709,28.7752,38.2946,13.2795,12.6625,0.3109,25.6503,
2013-04-29,128.7212,64.6442,114.1784,24.4762,29.0145,38.3993,13.2503,13.6574,0.3215,27.0220,
2013-05-06,130.3485,65.4778,115.4626,24.7226,28.9653,38.8101,12.9069,13.8391,0.3371,26.3765,
2013-05-13,133.1643,66.5982,117.3983,25.2924,29.5142,39.5512,13.0656,13.2370,0.3447,28.3327,
2013-05-20,131.8641,65.8005,117.1146,25.1661,29.3453,39.5673,12.5828,13.6002,0.3388,27.8452,
2013-05-27,130.3804,65.6570,115.8344,24.7934,28.1841,38.7537,12.2101,13.7402,0.3371,28.3571,
2013-06-03,131.4573,65.7825,116.7697,25.0429,28.6275,39.0679,12.3041,13.4982,0.3367,28.9828,
2013-06-10,130.1650,64.7876,115.4971,24.6117,28.6415,39.1001,12.3138,13.1389,0.3344,27.9508,
2013-06-17,127.5580,63.3291,113.4847,24.1912,27.9289,38.2656,11.9625,12.6333,0.3360,27.0327,
2013-06-24,128.6405,64.0844,114.1147,24.2314,28.0989,38.5246,12.3194,12.1148,0.3271,28.0646,
2013-07-01,130.7255,65.2623,116.0121,24.7452,28.3539,39.0182,12.0804,12.7530,0.3318,27.7965,
2013-07-08,134.3260,67.7081,118.4319,25.3486,29.3455,40.3614,12.6500,13.0307,0.3411,28.9828,
2013-07-15,135.6572,67.0696,119.3200,25.9088,29.6076,40.9197,12.8956,12.9831,0.3318,25.5133,
2013-07-22,135.6091,67.7710,119.3507,25.6859,29.4164,41.3810,12.8825,13.4731,0.3309,25.6920,
2013-07-29,137.0845,69.2097,120.1507,25.8066,29.5722,41.5590,12.9447,14.1315,0.3439,25.9114,
2013-08-05,135.7694,68.7781,118.5430,25.5590,29.4447,41.1948,12.8137,13.9760,0.3376,26.5695,
2013-08-12,132.9788,67.8699,116.0602,25.1382,28.5381,39.9811,12.2899,15.4485,0.3539,26.0203,
2013-08-19,133.6123,68.9399,115.5435,25.3022,28.4814,40.2886,12.3292,15.4082,0.3503,28.4342,
2013-08-26,131.2307,67.8609,114.0167,25.2434,27.9856,39.8273,12.2113,14.9838,0.3454,27.3295,
2013-09-02,133.1472,69.1738,114.9730,25.6488,28.1697,40.6203,12.1066,15.3221,0.3484,25.4885,
2013-09-09,135.7854,70.1898,118.5204,25.9799,28.8427,41.4376,12.1819,14.2974,0.3700,27.0268,
2013-09-16,137.5674,71.2393,119.2226,26.1284,29.2104,41.8767,12.4043,14.3746,0.3698,26.8304,
2013-09-23,136.1089,71.3114,117.6077,25.9761,28.6758,41.1941,12.3647,14.8464,0.3648,27.2232,
2013-09-30,136.0928,71.6091,116.2324,26.0351,28.3764,41.6167,12.2787,14.8550,0.3651,27.7223,
2013-10-07,137.1966,71.4557,117.5768,26.2061,28.9181,41.6248,12.5993,15.1557,0.3573,27.9269,
2013-10-14,140.5247,74.0892,118.8133,27.0300,29.5739,42.6973,12.7018,15.6503,0.3702,28.6060,
2013-10-21,141.7817,74.7656,120.2443,26.9243,29.9517,42.8517,12.9563,16.1752,0.3569,29.2361,
2013-10-28,141.9913,74.6845,120.5615,26.7627,30.3010,43.1604,12.9100,15.9929,0.3573,29.0724,
2013-11-04,142.8616,74.4410,121.8222,26.9088,30.4150,43.1929,12.8737,16.1026,0.3644,30.9135,
2013-11-11,145.0856,75.7216,123.4542,27.2539,30.8855,44.1354,13.0125,16.2397,0.3787,30.9626,
2013-11-18,145.6980,75.7487,124.3065,27.4311,30.7643,44.8911,12.7778,16.0791,0.3574,30.9748,
2013-11-25,145.8511,77.3180,124.5546,26.8746,30.6574,44.8992,12.5696,17.2011,0.3673,31.4365,
2013-12-02,145.8027,77.5615,124.1207,26.8653,30.7073,44.8667,12.7051,17.3233,0.3642,31.6261,
2013-12-09,143.5223,76.5243,122.1754,26.4673,30.1299,43.7210,12.3977,17.1503,0.3536,30.2493,
2013-12-16,147.0966,78.2602,125.8614,27.0716,30.5600,44.7985,12.6373,16.9830,0.3694,30.3400,
2013-12-23,148.9520,79.1830,127.7726,27.5776,30.7683,45.1820,12.6306,17.3254,0.3711,30.7439,
2013-12-30,148.1742,78.3869,127.7104,27.1528,30.4308,45.0841,12.4503,16.7343,0.3689,30.4307,
2014-01-06,149.1869,78.9840,127.5473,27.1435,30.4523,46.2915,12.7676,16.4856,0.3703,29.7134,
2014-01-13,148.7818,79.5088,127.5731,26.8655,30.2153,46.5200,12.7142,16.7247,0.3765,29.9937,
2014-01-20,144.9334,78.4774,123.2190,26.3407,29.7915,45.4104,12.6874,16.8917,0.3663,30.3482,
2014-01-27,144.3582,78.0521,121.8740,26.0440,29.2744,45.6552,13.0616,15.4852,0.3696,31.1974,
2014-02-03,145.5735,78.9840,122.6748,26.2501,29.3965,45.9734,12.9881,16.1716,0.3736,30.1421,
2014-02-10,149.0896,81.2549,125.6370,26.8717,30.0501,47.4908,13.4558,16.9281,0.4217,31.0160,
2014-02-17,148.9844,81.3635,125.3687,26.9904,29.8777,47.9804,13.5460,16.3450,0.4389,31.5476,
2014-02-24,150.9287,82.0737,127.0916,27.3777,30.4164,48.4943,13.5126,16.3758,0.4347,31.8217,
2014-03-03,152.5248,82.2463,128.1207,27.4933,30.6390,48.5025,13.3589,16.5065,0.4342,31.4812,
2014-03-10,149.6082,80.5565,125.2440,26.9810,30.5816,47.6785,13.6595,16.3275,0.4214,31.3150,
2014-03-17,151.5216,81.0412,127.0070,27.3272,30.6792,47.6306,13.6454,16.5821,0.4385,33.3584,
2014-03-24,150.9439,79.2656,127.1787,27.9549,30.8596,47.2458,13.8138,16.7063,0.4233,33.4747,
2014-03-31,151.6844,78.6464,127.9832,28.3002,31.0040,47.4914,13.9654,16.5494,0.4293,33.1175,
2014-04-07,147.7051,76.5885,124.9686,27.7635,30.8596,45.6085,14.0428,16.1695,0.4285,32.5693,
2014-04-14,151.6763,78.4916,127.9846,29.1258,31.4949,46.5745,14.2483,16.3353,0.4390,33.2338,
2014-04-21,151.5949,78.4825,127.6720,29.2639,31.6104,46.9839,14.5211,17.7979,0.4430,33.1508,
2014-04-28,153.0353,79.6662,128.7661,29.4177,31.9063,47.2786,14.3157,18.4402,0.4359,32.9680,
2014-05-05,152.9539,79.0380,129.5243,29.4020,32.1301,47.3359,14.2348,18.3229,0.4269,32.8434,
2014-05-12,153.0271,79.8666,128.9867,29.3172,31.9641,47.6060,14.1944,18.6974,0.4248,33.3177,
2014-05-19,154.8988,81.8425,129.9427,29.5526,31.9641,48.3101,14.0664,19.2175,0.4393,33.5603,
2014-05-26,156.7948,83.1447,130.8047,29.9168,32.5127,48.9487,14.3965,19.8080,0.4514,34.2462,
2014-06-02,158.9920,84.5196,132.4894,30.3876,32.6499,49.2516,14.5110,20.2013,0.4521,34.6979,
2014-06-09,157.9748,84.0644,131.3454,30.8929,32.2745,48.8177,14.3325,19.9945,0.4643,34.4888,
2014-06-16,160.2117,84.7011,132.7453,31.8279,32.8665,49.8639,14.7676,19.9135,0.4498,34.8652,
2014-06-23,160.1136,85.5958,132.0309,31.5409,32.4594,50.1844,14.9171,20.1478,0.4367,35.3420,
2014-06-30,162.0596,87.3762,133.8367,31.6576,32.7720,51.2115,14.4381,20.5969,0.4479,34.9656,
2014-07-07,160.7596,86.9836,132.8395,31.0301,32.8955,50.6363,14.5502,20.8575,0.4526,35.2082,
2014-07-14,161.6590,87.7597,134.0669,31.2161,32.8519,50.4637,14.5196,20.6845,0.4381,37.3831,
2014-07-21,161.6671,88.3258,132.9509,31.4842,32.5539,50.8089,14.4177,21.3942,0.4227,37.2242,
2014-07-28,157.3990,86.4358,129.3433,30.2259,31.5945,50.0940,14.0678,21.0569,0.4203,35.8523,
2014-08-04,158.0041,86.6458,129.9485,30.4625,31.8853,49.7406,14.0780,20.8556,0.4514,36.1367,
2014-08-11,160.0318,88.9284,130.9743,30.3899,32.3577,50.9157,14.2580,21.5689,0.4524,37.4667,
2014-08-18,162.8691,90.4349,133.7459,30.5917,32.5902,51.7621,14.4211,22.3041,0.4553,38.0037,
2014-08-25,164.1119,91.1014,134.5410,31.1373,32.8010,52.4770,14.7031,22.5639,0.4642,38.2394,
2014-09-01,164.4390,91.2018,134.8323,30.6138,33.1281,52.7318,14.8186,21.7868,0.4766,38.6435,
2014-09-08,162.8200,90.8274,133.7693,29.5038,32.7429,52.4359,14.3566,22.3790,0.4563,39.3084,
2014-09-15,164.8709,91.5011,136.1028,29.7285,33.2282,53.5052,14.5819,22.2249,0.4553,39.9987,
2014-09-22,162.5707,90.4029,134.7216,29.1548,32.9868,53.1094,14.3146,22.1786,0.4427,39.0643,
2014-09-29,161.4371,89.8447,133.9482,27.9471,33.2355,53.1177,14.5819,21.9299,0.4350,38.7950,
2014-10-06,156.5246,86.4310,130.3887,26.4828,33.3599,51.9301,14.7156,22.1742,0.4021,37.0610,
2014-10-13,154.8242,85.1131,128.9997,26.2133,32.6431,50.4457,14.7396,21.5006,0.4157,36.7244,
2014-10-20,161.3631,90.2565,132.3853,27.1325,33.5793,53.7774,15.2641,23.1626,0.4410,38.8286,
2014-10-27,165.6595,92.8007,136.8920,27.7094,34.1644,55.4763,15.5863,23.7746,0.4663,39.5189,
2014-11-03,167.0396,92.9837,138.5730,27.8267,34.9178,55.2783,15.8537,24.1010,0.4723,40.9750,
2014-11-10,167.7789,94.4664,139.1807,27.3259,34.9324,55.4597,15.4046,25.2440,0.4723,41.7326,
2014-11-17,169.7833,95.0612,140.6016,28.0517,35.4371,56.3422,15.6651,25.7503,0.4901,40.6406,
2014-11-24,170.2104,97.0198,140.9180,25.3005,36.0588,57.4060,15.7680,26.2942,0.5026,40.4966,
2014-12-01,170.8676,96.4432,142.0336,25.4463,35.7296,58.3791,15.7234,25.4253,0.5050,41.0133,
2014-12-08,165.0270,93.9630,136.8827,23.4620,35.0421,56.7215,15.7371,24.2602,0.4704,39.7681,
2014-12-15,170.5882,95.8288,140.8654,25.6968,35.8172,58.2807,16.2059,24.7134,0.4894,40.3695,
2014-12-22,172.1741,96.4902,142.8795,25.5501,36.4360,57.2212,16.7904,25.2020,0.4934,40.5559,
2014-12-29,169.6878,94.5612,141.0955,25.3651,35.6182,56.8073,16.4065,24.1718,0.4824,39.6072,
2015-01-05,168.7131,94.2672,140.5244,24.3541,36.1781,58.1151,16.3858,24.7643,0.4779,39.9714,
2015-01-12,166.5490,92.6137,138.6210,23.9937,36.2960,58.2476,16.8146,23.4333,0.4783,39.1667,
2015-01-19,169.3079,95.7737,140.0020,24.4498,36.5759,58.7194,16.9944,24.9787,0.4963,39.9629,
2015-01-26,164.7483,92.8709,136.0656,24.0958,35.3752,57.3371,16.7108,25.9029,0.4601,34.2201,
2015-02-02,169.7870,94.7357,141.3352,25.4576,36.1487,57.7592,16.1022,26.3980,0.4889,35.9226,
2015-02-09,173.2810,98.2080,143.1209,26.1657,36.4654,58.5373,15.6215,28.2070,0.5347,37.1593,
2015-02-16,174.4870,99.5859,144.1479,25.6873,36.5391,59.7458,15.8013,28.7441,0.5354,37.4152,
2015-02-23,174.0079,99.5767,144.1877,25.2025,36.8411,59.7954,15.6422,28.5133,0.5307,37.4066,
2015-03-02,171.3977,98.6673,141.9675,24.4881,35.9203,59.1084,15.0059,28.1004,0.5425,36.1356,
2015-03-09,170.0183,96.7658,141.2991,23.8023,35.5667,59.4395,15.0370,27.4323,0.5461,35.2996,
2015-03-16,174.5772,99.9254,144.2544,24.6962,36.2737,62.1706,15.6782,27.9451,0.5646,36.5792,
2015-03-23,170.7025,97.1541,140.9462,24.5324,36.1032,60.6267,15.2948,27.3569,0.5144,34.9498,
2015-03-30,171.2833,96.7858,141.3608,24.9563,36.4145,59.7552,15.5283,27.8163,0.5067,34.3697,
2015-04-06,174.2702,99.2073,143.7841,25.7334,36.7629,61.4734,15.5667,28.2114,0.5476,35.5896,
2015-04-13,172.5361,97.6052,141.9396,26.3017,36.3626,60.8342,15.3715,27.6898,0.5341,35.5043,
2015-04-20,175.6060,101.7761,144.0135,26.3242,36.4590,61.7473,15.7375,28.9173,0.5300,40.8359,
2015-04-27,174.8344,100.4042,143.5031,26.6100,36.1773,60.3279,15.5005,28.6221,0.5473,41.5098,
2015-05-04,175.5812,100.0728,145.0586,26.2535,36.4441,60.9670,15.3471,28.4452,0.5011,40.7336,
2015-05-11,176.2615,100.8922,145.8831,25.9035,36.8740,61.6394,15.4482,28.7015,0.5124,41.2028,
2015-05-18,176.7178,101.7116,145.7072,25.7526,36.5034,62.2370,15.5353,29.5418,0.5042,40.2685,
2015-05-25,175.1829,101.3249,143.9884,25.1714,36.1625,62.2038,15.5109,29.0381,0.5349,40.2341,
2015-06-01,174.0462,100.6344,142.7013,24.9402,35.2731,61.7058,14.8905,28.6748,0.5380,39.6159,
2015-06-08,174.2453,100.1280,143.2050,24.7090,35.6214,61.7888,14.8277,28.3449,0.5102,39.4700,
2015-06-15,175.7599,101.4103,144.0900,24.5370,36.2897,63.0594,15.0505,28.2178,0.5286,39.5816,
2015-06-22,174.9345,100.8382,143.5850,24.5920,36.1181,63.2926,14.6988,28.2513,0.5013,38.8604,
2015-06-29,172.8418,99.6200,141.9179,24.0909,35.9242,62.3348,14.8536,28.1822,0.4935,38.1220,
2015-07-06,172.9835,99.3432,142.2063,23.7548,36.6775,62.7013,15.1139,27.4778,0.4773,38.3023,
2015-07-13,177.1522,104.8248,144.8529,23.4154,37.3412,64.1089,15.2475,28.8909,0.4851,40.0281,
2015-07-20,173.4171,102.5269,140.8253,22.4683,37.0504,62.3431,14.8887,27.7498,0.4694,39.4442,
2015-07-27,175.5014,103.3114,141.7558,22.4263,37.5202,63.7924,15.4726,27.0365,0.4822,40.0968,
2015-08-03,173.3754,101.7979,139.4772,21.6666,37.4083,62.7346,15.6133,25.8648,0.5554,40.1311,
2015-08-10,174.6010,101.9825,140.3277,22.4133,37.4083,62.7846,16.0284,25.9633,0.5689,40.3543,
2015-08-17,164.9380,94.4983,132.3389,20.5256,35.5812,59.7195,15.8455,23.6795,0.5211,37.2239,
2015-08-24,166.1469,97.4698,133.8844,21.2529,35.5290,59.8028,15.1772,25.3655,0.5517,37.9672,
2015-08-31,160.5692,94.2768,129.5699,20.6194,34.6937,57.2041,14.4069,24.4654,0.5279,36.8263,
2015-09-07,164.0292,97.4237,132.3228,20.4836,35.1263,58.8282,14.6144,25.5714,0.5497,37.5782,
2015-09-14,163.8009,97.4572,131.8979,20.5468,35.4204,59.2755,14.9938,25.4013,0.5653,37.5782,
2015-09-21,161.6219,95.2092,131.3656,20.3091,35.6381,55.9067,15.1713,25.6834,0.5730,37.9758,
2015-09-28,163.4237,96.2176,132.7368,20.7910,35.9083,57.0854,15.3915,24.7139,0.6019,39.3846,
2015-10-05,168.7287,98.5488,137.7210,22.4484,37.1243,57.2108,15.5477,25.1035,0.6327,40.7155,
2015-10-12,170.3546,100.0196,138.6890,22.5428,37.2519,58.3142,15.8992,24.8617,0.6762,41.0612,
2015-10-19,173.9080,104.3305,142.3120,22.2270,38.0850,57.9548,15.8317,26.6618,0.6939,45.6937,
2015-10-26,174.2600,104.8393,142.4088,22.1521,37.4395,59.6350,15.5335,26.7559,0.6886,45.4949,
2015-11-02,176.0284,106.1899,144.5471,22.7284,36.9141,59.9777,15.0009,27.2212,0.7657,47.4654,
2015-11-09,169.7428,101.6108,139.2782,21.4846,35.9008,58.1554,15.1039,25.2604,0.7233,45.6678,
2015-11-16,175.4165,105.9031,144.1406,21.7841,36.8390,59.7854,15.4057,26.8254,0.7648,47.1502,
2015-11-23,175.6261,105.7459,144.0110,22.0674,37.4996,60.2619,15.1784,26.4904,0.7648,46.9240,
2015-11-30,175.6763,106.5137,144.4320,21.0678,37.8598,60.0028,15.0790,26.7647,0.8222,48.6468,
2015-12-07,169.1897,102.4896,139.8259,19.6871,37.1393,58.7656,14.8376,25.4493,0.7915,47.0371,
2015-12-14,168.6286,101.9118,138.7488,19.3167,37.3070,59.1741,15.2493,23.8416,0.7830,47.0980,
2015-12-21,173.4002,104.4728,142.1728,20.2302,38.4639,60.8194,15.5936,24.2913,0.8081,48.4379,
2015-12-28,171.8742,103.7955,141.1748,19.8195,38.1765,60.4668,15.5255,23.6684,0.8030,48.2726,
2016-01-04,161.7997,96.5115,132.4523,18.4165,37.0650,57.1006,15.4645,21.8021,0.7219,45.5318,
2016-01-11,158.3347,93.5700,129.6319,17.8579,36.5206,56.1352,15.5721,21.8403,0.6605,44.3659,
2016-01-18,160.6194,96.2887,130.5331,18.3146,37.2692,56.9579,15.7120,22.8050,0.6931,45.4970,
2016-01-25,163.3172,96.6228,133.4393,19.1262,38.3807,55.7994,16.2932,21.8876,0.7136,47.9333,
2016-02-01,158.4528,91.0461,131.4666,18.3803,37.5263,54.0617,16.7057,21.2558,0.6439,43.6437,
2016-02-08,157.3399,90.9533,129.8755,18.1635,37.8590,54.0365,16.3434,21.2490,0.6269,43.9396,
2016-02-15,161.8671,94.3030,133.3925,18.6662,38.4412,55.3461,16.5730,21.7124,0.7416,45.4118,
2016-02-22,164.4722,95.9732,135.4949,18.8042,38.6302,56.4962,16.5622,21.9091,0.7718,44.9561,
2016-02-29,168.9741,98.0517,138.5424,20.0297,39.3485,56.5885,16.8994,23.2882,0.7959,45.5958,
2016-03-07,170.9385,98.8126,140.3432,20.4897,39.6585,57.5791,17.2725,23.1186,0.7878,46.5072,
2016-03-14,173.1929,99.9247,143.4701,21.0100,40.0144,56.3113,17.5758,23.9461,0.8267,46.8753,
2016-03-21,172.1252,99.8224,142.8577,20.4640,39.7636,56.7746,17.6770,23.8896,0.8431,47.5063,
2016-03-28,175.3453,102.7074,145.1279,20.2058,40.7516,57.7519,18.0023,24.8662,0.8839,48.6981,
2016-04-04,173.2946,101.4417,143.4457,20.6393,40.5920,58.4259,17.6553,24.5655,0.8719,47.6903,
2016-04-11,176.0741,102.9680,146.0178,21.0265,40.3108,58.9904,17.6698,24.8346,0.9079,48.7682,
2016-04-18,177.0825,101.4231,147.0148,22.1847,39.4900,60.5490,17.1132,23.8918,0.8869,45.3768,
2016-04-25,174.8454,98.3891,145.1271,22.3369,39.7484,58.7966,17.4999,21.1925,0.8688,43.7030,
2016-05-02,174.3284,98.2588,144.9227,21.5990,40.4628,58.2827,17.6481,21.0895,0.8639,44.1587,
2016-05-09,173.5149,98.1844,143.4027,21.5063,40.4628,58.2490,17.8505,20.5891,1.0020,44.7633,
2016-05-16,174.1335,99.0871,143.3165,21.8935,39.6420,58.7124,17.4529,21.6581,1.0839,44.6705,
2016-05-23,178.1587,102.4933,146.3836,22.2145,40.2804,59.9677,17.6481,22.8250,1.1252,46.1707,
2016-05-30,178.1926,102.4282,146.0228,22.0193,40.7060,60.9028,18.0999,22.2722,1.1395,45.7030,
2016-06-06,178.0147,101.3859,146.5558,22.2939,41.1392,60.4731,18.2770,22.4792,1.1326,45.4294,
2016-06-13,175.9165,99.3697,145.0499,22.2808,40.8821,59.2617,18.4192,21.6831,1.1453,44.2381,
2016-06-20,173.1226,97.3168,142.6670,22.2442,40.5992,58.6273,18.3682,21.2442,1.1211,43.9733,
2016-06-27,178.8127,100.8534,147.3426,22.8504,41.9678,61.0380,19.1224,21.8105,1.1439,45.1470,
2016-07-04,181.1381,102.9250,148.9779,22.5540,42.5795,62.3322,19.1443,21.9902,1.2466,46.1530,
2016-07-11,183.8469,104.3246,152.0305,23.0603,42.5871,62.6621,18.9475,22.4679,1.2919,47.3885,
2016-07-18,185.0479,106.0510,152.5486,22.7572,42.4342,63.4318,19.2245,22.4406,1.3402,49.9212,
2016-07-25,184.9457,107.5253,151.4137,22.4441,41.8225,63.6095,18.9913,23.7029,1.3998,50.0182,
2016-08-01,185.8486,108.9717,152.3430,22.4940,41.7384,63.6518,18.4848,24.5791,1.4268,51.1478,
2016-08-08,186.0871,109.3636,152.8693,22.8837,42.1207,63.2542,18.5467,24.7392,1.5454,51.1301,
2016-08-15,186.1552,109.4196,152.9307,23.4533,41.9907,62.8989,18.3172,25.0091,1.5263,51.1647,
2016-08-22,185.0905,108.9717,151.6929,23.1103,41.5243,61.8078,17.9091,24.4556,1.5235,51.5288,
2016-08-29,186.0104,109.2889,152.5511,23.0103,41.9143,61.4525,18.0840,24.6363,1.5358,51.2091,
2016-09-05,181.6747,106.6388,149.2914,23.2168,40.2857,60.4882,17.6576,23.5844,1.4618,49.9126,
2016-09-12,182.6695,109.7218,149.6316,22.6032,40.6121,61.2319,18.1022,26.2806,1.5434,50.8361,
2016-09-19,184.9125,110.6947,150.8305,22.6668,41.0353,62.0810,18.7196,25.7752,1.5952,50.9960,
2016-09-26,185.1779,111.0595,151.1283,23.6621,40.9353,61.2319,18.0030,25.8529,1.6829,51.1469,
2016-10-03,184.0992,110.8257,150.6651,23.6621,40.2583,61.0281,17.3158,26.0839,1.6419,51.3245,
2016-10-10,182.4555,109.5815,149.8962,23.3907,40.2890,59.1175,17.5473,26.9003,1.6207,50.9871,
2016-10-17,183.1917,110.5263,149.9871,23.5214,40.1813,59.1939,17.6392,26.6647,1.6588,52.9761,
2016-10-24,181.9589,109.5441,150.1029,23.2466,40.5198,57.5551,17.8082,26.0061,1.7330,53.1626,
2016-10-31,178.5430,106.3167,147.9096,22.7104,39.7043,56.4512,17.6208,25.0179,1.6595,52.1326,
2016-11-07,185.2806,108.3279,155.9876,23.2767,38.8812,59.8563,16.9152,24.9237,2.1606,52.4078,
2016-11-14,187.0614,109.7499,156.4196,23.8364,38.8504,59.1854,17.0108,25.2984,2.2929,53.9508,
2016-11-21,189.6468,111.1344,158.7768,24.3692,39.4043,58.9986,17.3305,25.6960,2.3161,54.1118,
2016-11-28,188.0715,108.2344,159.1420,25.0763,38.9043,58.0900,17.1982,25.2616,2.1756,52.9675,
2016-12-05,193.9189,111.7892,164.0805,25.6694,40.0351,58.4637,17.6245,26.1925,2.2585,55.3991,
2016-12-12,193.7959,112.2136,164.8540,25.7748,40.3415,59.3427,17.9621,26.6568,2.4698,55.6941,
2016-12-19,194.3729,112.7766,165.5693,25.7209,40.3493,59.2404,18.0363,26.7833,2.7003,56.5344,
2016-12-26,192.4956,111.1628,164.2883,25.3739,40.0780,58.7969,18.0214,26.6224,2.6255,55.5510,
2017-01-02,195.6647,114.3997,165.9519,25.5660,40.3958,60.5112,18.1179,27.1028,2.5360,56.1768,
2017-01-09,195.5268,115.5538,165.2780,25.0573,39.9307,60.4856,17.9992,27.3625,2.5441,56.0517,
2017-01-16,195.2599,115.6382,164.8239,25.1112,40.7523,59.5645,18.0474,27.5832,2.5583,56.0874,
2017-01-23,197.1803,118.0307,167.0469,25.0067,40.5973,59.4877,17.9546,28.0314,2.7492,58.8051,
2017-01-30,197.4989,117.9181,166.8387,24.7271,41.0778,60.9120,18.1439,29.6703,2.8134,56.9277,
2017-02-06,199.3676,119.5131,168.8038,24.6867,41.5583,61.2873,18.2886,30.5007,2.7947,57.2138,
2017-02-13,202.4506,121.7931,171.8851,24.2454,42.2094,62.8225,18.3925,31.3318,2.6375,58.1183,
2017-02-20,203.8715,122.2153,173.5966,23.9152,42.8449,63.7777,19.1420,31.5488,2.4988,58.1183,
2017-02-27,205.3183,122.9283,175.2497,24.2521,42.7364,64.6476,19.1160,32.2691,2.4241,57.7855,
2017-03-06,204.6896,123.2754,174.6152,23.5851,42.6667,64.8011,18.9082,32.1213,2.4411,58.3971,
2017-03-13,205.0092,123.8139,174.7134,23.6554,42.8366,64.3341,19.1529,32.3176,2.6123,58.3432,
2017-03-20,202.2675,122.8173,172.1119,23.2352,42.6184,63.5895,19.3996,32.4676,2.6468,58.4421,
2017-03-27,203.8935,124.4627,172.6055,23.6893,42.5249,63.6494,19.1828,33.1648,2.6827,59.2335,
2017-04-03,203.4265,124.0772,172.6389,23.8452,42.6184,63.6922,19.2164,33.0909,2.4709,59.0716,
2017-04-10,201.0998,122.6011,170.9575,23.4893,42.7275,63.3241,19.3211,32.5623,2.3517,58.4151,
2017-04-17,202.8989,124.6319,171.8457,22.9742,42.8521,63.0673,19.3398,32.8439,2.5042,59.7192,
2017-04-24,205.9175,127.8568,175.0524,22.9911,42.9924,64.6252,19.3286,33.1625,2.5687,61.5719,
2017-05-01,207.3186,129.3141,175.6301,22.8115,43.0236,65.0275,19.3398,34.3884,2.5579,62.0576,
2017-05-08,206.6959,130.3107,174.9938,22.9606,42.8210,64.4369,19.3398,36.1854,3.1497,61.5000,
2017-05-15,206.1164,129.5960,174.4681,23.0725,43.1248,64.2229,19.4706,35.4807,3.3530,61.2284,
2017-05-22,209.0570,132.7740,176.7941,22.5743,44.0208,64.9590,19.9641,35.6082,3.4969,63.2817,
2017-05-29,211.1847,134.8800,177.9445,22.0592,44.6208,66.2686,20.2931,36.0347,3.5413,64.9099,
2017-06-05,210.5274,131.6081,178.5828,22.5099,44.1533,66.3542,20.0651,34.5349,3.6882,63.6073,
2017-06-12,210.8848,130.2415,179.6613,22.6239,43.9284,66.7638,20.3937,32.9795,3.7380,63.3179,
2017-06-19,211.3107,133.1545,179.8127,21.9687,43.5673,69.1528,20.0545,33.9091,3.7925,64.4124,
2017-06-26,210.1548,129.7607,179.3921,22.1530,43.1355,68.0958,19.5834,33.3852,3.5640,62.3500,
2017-07-03,210.4242,129.8737,180.0736,21.8425,42.7978,68.0786,19.4062,33.4222,3.6182,62.8294,
2017-07-10,213.4227,133.9842,181.9328,22.3168,42.9627,68.8607,19.5683,34.5488,4.0667,65.8325,
2017-07-17,214.5700,135.8602,181.5168,22.2179,43.2454,69.5997,20.0846,34.8340,4.1443,66.7461,
2017-07-24,214.5960,135.6057,183.6138,22.6819,43.4495,68.7146,19.9904,34.6555,4.0529,66.0677,
2017-07-31,215.0305,135.4266,185.7614,22.3987,43.1983,68.3021,20.2693,36.2526,4.1224,65.7420,
2017-08-07,212.1711,133.9653,184.1866,21.8186,43.2768,67.5458,20.2542,36.6487,3.8450,65.5792,
2017-08-14,210.9456,133.1451,182.8029,21.2658,43.3396,67.0302,20.5407,36.6533,3.9816,65.9195,
2017-08-21,212.5535,133.8428,184.0778,21.4978,42.9235,67.8466,20.7819,37.2025,4.0421,66.2196,
2017-08-28,215.4043,137.6421,185.6649,21.6958,43.1590,69.8060,20.6538,38.1776,4.2062,67.2381,
2017-09-04,214.3091,135.9545,184.2466,21.9756,43.2532,70.9317,20.8648,36.9163,4.0392,67.2745,
2017-09-11,217.6524,137.6986,188.1885,22.7628,43.6274,71.2359,20.7923,37.2072,4.4444,68.4839,
2017-09-18,217.8708,136.3560,188.8230,23.2330,42.6003,70.3648,20.2150,35.3478,4.4170,67.6655,
2017-09-25,219.4342,137.4237,189.3475,23.6755,42.6477,70.4942,20.1467,35.8667,4.4113,67.7382,
2017-10-02,222.1768,139.5117,192.5030,23.5338,42.5134,71.4947,20.2910,36.1414,4.4737,69.1114,
2017-10-09,222.6834,140.1542,193.5013,23.5580,43.1139,71.0893,20.5644,36.5346,4.8017,70.4663,
2017-10-16,224.5700,140.5038,197.3795,23.4301,42.5845,72.3486,20.8341,36.3624,4.8587,71.6667,
2017-10-23,225.0941,142.8942,198.2601,23.2814,41.9525,70.8478,20.9062,37.9449,4.9810,76.2135,
2017-10-30,225.7405,144.8121,199.1151,23.7447,41.9841,70.3907,20.9670,40.1441,5.1496,76.5136,
2017-11-06,225.4260,145.1995,198.4802,24.0835,42.8848,70.0370,21.0809,40.7953,5.3334,76.2681,
2017-11-13,225.2251,145.4547,198.0735,23.3125,43.2640,70.0715,21.1948,39.7396,5.2155,75.3076,
2017-11-20,227.4087,147.6371,199.8388,23.4681,43.2719,70.5287,21.2214,40.8653,5.3574,76.0936,
2017-11-27,230.9898,145.9649,205.7626,24.0904,44.3938,71.8484,21.4227,39.9498,4.8813,77.0075,
2017-12-04,231.9069,146.1633,206.7555,23.9521,44.7098,71.5982,21.2176,39.5574,4.7284,76.9161,
2017-12-11,233.9703,148.9504,209.4661,23.9167,45.2729,72.4906,21.0896,40.6318,4.7302,79.3746,
2017-12-18,234.8482,148.9968,210.4443,25.0478,45.2650,71.7979,20.1045,40.8747,4.8218,78.1499,
2017-12-25,234.2775,147.4725,210.4272,25.1487,45.2809,71.5987,20.1927,39.5247,4.7781,78.1773,
2018-01-01,240.0366,153.3047,214.9697,26.0919,45.3127,73.8242,19.6752,40.8723,5.3189,80.5992,
2018-01-08,243.9871,155.7380,219.3844,26.9446,45.0899,75.1838,19.2651,41.3604,5.5060,81.8879,
2018-01-15,246.1731,157.4895,221.7443,26.5826,46.1883,76.5867,19.1616,41.6804,5.6821,82.2535,
2018-01-22,251.5897,161.8354,226.3147,26.9759,46.7295,79.2712,19.5640,40.0572,6.0085,85.9640,
2018-01-29,241.8187,155.8516,216.9696,25.2183,44.9466,75.2444,19.1194,37.4858,5.7663,83.8802,
2018-02-05,229.5719,147.7944,205.9904,23.2033,42.7498,71.0964,18.6134,36.6795,5.7307,80.5901,
2018-02-12,239.7644,156.1830,214.9910,23.7079,44.2541,73.9628,19.2114,40.4363,6.0211,84.4762,
2018-02-19,241.1690,159.2222,215.8017,23.9446,43.2592,73.8935,19.2995,41.1562,6.0765,86.3678,
2018-02-26,236.2264,157.1582,209.3509,23.3007,42.7737,72.4300,18.7591,41.3227,5.8445,85.4404,
2018-03-05,244.8212,163.9467,216.3562,23.8228,43.4582,74.9154,18.9354,42.2068,6.0617,88.6450,
2018-03-12,241.6854,161.9206,212.9389,23.5928,42.6218,74.2053,19.4109,41.7472,6.1889,86.8637,
2018-03-19,227.4505,150.3196,200.9969,23.4035,40.7088,69.2345,18.9512,38.6798,5.7563,80.0504,
2018-03-26,231.9458,151.8560,206.3567,23.6278,42.1255,70.7379,19.5190,39.3458,5.7222,83.8059,
2018-04-02,228.9225,148.5368,204.4162,23.6068,41.9574,69.4170,19.4765,39.4865,5.2937,82.8510,
2018-04-09,233.7085,153.0319,208.2202,25.0299,42.0935,71.1463,19.2332,40.9756,5.7200,85.4679,
2018-04-16,234.9954,153.9138,209.1015,25.6923,40.4126,71.3375,19.4302,38.8627,5.6510,87.2309,
2018-04-23,234.9514,153.7147,207.7929,25.8746,40.6367,72.5976,19.9748,38.0654,5.5922,87.9839,
2018-04-30,234.4754,156.3511,207.4252,25.8851,39.7723,70.3903,19.8976,43.1097,5.9068,87.3778,
2018-05-07,240.4955,160.7039,212.5741,26.8946,39.6522,72.1544,19.4611,44.3965,6.2890,89.7101,
2018-05-14,239.1557,158.8072,211.8529,27.3783,39.6522,72.3021,18.9241,43.8597,6.0767,88.8632,
2018-05-21,239.8785,160.9504,212.1703,26.1410,39.9244,72.0761,19.5074,44.3941,6.1631,90.7076,
2018-05-28,241.1566,163.8144,211.3040,26.7719,39.7483,72.4411,19.3954,44.7849,6.3693,92.9485,
2018-06-04,245.2024,165.4265,217.2308,26.9542,40.6848,73.9011,18.8083,45.1286,6.4845,93.7232,
2018-06-11,245.3649,167.8353,215.3822,26.1729,41.5725,74.5412,19.3078,44.4553,6.5582,92.3399,
2018-06-18,243.2487,166.6170,211.0442,26.5187,41.6451,74.0789,19.7794,43.5325,6.2044,92.5981,
2018-06-25,240.1854,163.1291,208.5017,26.7975,41.5644,72.7967,20.2509,43.5772,5.8570,90.9381,
2018-07-02,243.8508,166.8925,210.1079,26.7022,42.1210,75.0210,20.7225,44.2505,6.1149,93.2898,
2018-07-09,247.5429,170.6940,214.9183,26.9104,42.5404,76.2334,20.4770,45.0415,6.1641,97.2275,
2018-07-16,247.6226,170.1047,215.3975,26.4270,42.6372,75.6751,20.3796,45.0674,6.2029,98.0022,
2018-07-23,249.1632,168.8027,218.6831,27.0410,43.0566,76.7218,20.5160,44.9591,6.2308,99.3025,
2018-07-30,251.0932,171.1406,218.7948,26.5505,43.7906,78.3354,20.7732,48.9635,6.2328,99.6345,
2018-08-06,250.7038,171.5588,217.8573,26.5681,42.9437,78.1785,20.6524,49.0265,6.2993,100.5198,
2018-08-13,252.3860,170.9315,221.0829,25.6224,44.3794,79.4519,21.2487,51.4007,6.0528,99.5921,
2018-08-20,254.5550,173.4215,222.2379,26.3034,43.6051,80.1497,20.9408,51.0653,6.7302,100.3512,
2018-08-27,257.0342,177.3845,223.9617,26.2682,43.3793,80.9260,20.8395,53.7749,6.9432,103.9894,
2018-09-03,254.6348,172.1195,223.6944,25.6894,43.8552,80.7254,21.0850,52.2795,6.7250,100.1753,
2018-09-10,257.5388,174.8566,225.7199,26.2046,44.1697,81.5802,21.1629,52.8796,6.8381,104.9522,
2018-09-17,259.6918,174.5904,230.6993,26.6833,44.6929,82.5462,20.8656,51.4196,6.5170,105.7761,
2018-09-24,258.5624,176.8849,228.3501,26.9107,43.8075,83.3167,20.7044,53.3284,6.9516,105.8779,
2018-10-01,255.9831,171.5152,228.2811,27.4152,43.4095,82.5637,21.0897,52.9859,6.6755,103.8042,
2018-10-08,245.4261,165.9647,218.7635,25.9371,42.5484,79.7441,20.8223,52.4709,6.0987,101.4343,
2018-10-15,245.6929,164.7270,219.7788,25.4148,44.4249,80.1294,21.4594,51.8094,5.6690,100.5919,
2018-10-22,235.9808,158.6718,213.0468,23.6206,43.7263,76.5481,20.9875,51.0983,4.9051,99.0181,
2018-10-29,241.8152,161.2615,218.1714,24.0043,44.7660,78.1592,20.9010,49.0147,5.3165,98.2775,
2018-11-05,247.0359,163.2989,224.7652,24.3383,46.1551,81.3903,21.5774,48.4722,5.0877,101.4343,
2018-11-12,243.4517,159.4716,220.0678,23.8693,45.5377,80.5935,21.5813,45.8787,4.0675,100.6824,
2018-11-19,234.1309,151.5789,210.3312,22.7074,44.5061,78.4920,21.2785,40.8435,3.5869,95.8292,
2018-11-26,245.1592,161.2519,221.3325,23.4891,45.7002,83.9472,21.8605,42.3346,4.0468,103.0998,
2018-12-03,234.4155,153.6449,211.6306,22.7643,44.4492,79.2976,22.2026,39.9427,3.6551,97.4562,
2018-12-10,231.6584,153.3593,209.1272,22.0608,44.2705,77.8966,22.3442,39.2291,3.6264,98.5812,
2018-12-17,215.3254,140.4968,194.6391,20.1226,41.1344,72.7262,21.3402,35.7324,3.2084,91.3292,
2018-12-24,221.6321,146.0547,200.1893,20.4597,41.4541,74.9867,20.9516,37.0363,3.3094,93.3374,
2018-12-31,225.7830,149.1674,203.4899,21.4710,42.0197,75.6113,20.9278,35.1469,3.3723,94.7692,
2019-01-07,231.6783,153.4257,208.3539,22.2384,42.3230,77.2386,21.1102,36.1023,3.6853,95.5781,
2019-01-14,238.3697,157.7795,214.7348,22.8947,42.9952,79.2353,21.0745,37.1761,3.8859,100.1432,
2019-01-21,237.7614,157.6841,215.0304,22.5684,42.4050,78.2149,21.1459,37.3990,3.9656,99.6411,
2019-01-28,241.5902,159.8801,217.7162,23.2713,43.6264,79.8246,21.6337,39.4757,3.5838,95.5595,
2019-02-04,241.9570,160.9399,218.4464,22.5720,44.0936,79.1121,22.0819,40.5711,3.6690,98.2465,
2019-02-11,248.1296,164.1672,225.4342,23.7124,44.5527,81.6718,22.0938,40.5735,3.8960,100.6174,
2019-02-18,249.7130,165.0741,226.7590,23.5833,44.6183,81.4079,22.6252,41.1806,3.9418,103.6148,
2019-02-25,250.8581,166.5063,226.9769,23.8308,44.4625,81.7597,22.6569,41.6567,3.8780,105.0714,
2019-03-04,245.5265,163.4319,222.0002,22.9163,44.0280,78.6371,22.8235,41.1663,3.7340,103.1853,
2019-03-11,252.7627,170.2873,225.6415,23.6779,45.0852,81.2166,23.2484,44.3113,4.2091,108.2274,
2019-03-18,250.9117,170.7981,222.6893,23.6635,45.3985,80.0071,23.3683,45.4850,4.3997,109.2918,
2019-03-25,253.8140,171.8503,226.3316,23.8984,46.2474,81.0048,23.2404,45.2232,4.4508,110.1228,
2019-04-01,259.2860,176.6329,230.7250,24.4369,45.8188,81.2255,23.2125,46.9016,4.7331,111.9436,
2019-04-08,260.7145,177.7521,230.6463,24.4189,46.3216,79.2919,23.2564,47.3468,4.7098,112.9333,
2019-04-15,260.5887,179.2443,232.0863,24.2851,46.8738,75.8575,22.8889,48.5348,4.6179,115.1929,
2019-04-22,263.6348,182.3626,231.8940,23.9345,46.9645,78.5857,23.2125,48.6396,4.4144,121.2808,
2019-04-29,264.1919,182.8026,231.5706,23.2225,47.3189,79.6010,23.2924,50.4133,4.5363,120.3564,
2019-05-06,258.8637,176.9582,227.1573,23.1502,47.2365,78.4974,23.1565,47.1253,4.1846,118.7037,
2019-05-13,256.8330,175.0834,225.5504,23.0418,47.5991,78.0824,23.4842,45.1703,3.8800,120.0240,
2019-05-20,254.0836,170.4155,224.3938,22.2719,47.4096,79.0712,23.9037,42.7731,3.5979,118.3090,
2019-05-27,247.3356,166.3885,217.4724,21.2418,45.8353,77.0583,23.2724,41.8410,3.3615,115.9098,
2019-06-03,258.4594,173.1703,228.0123,22.1454,48.3245,80.3514,23.9956,45.4451,3.6107,123.1448,
2019-06-10,259.9059,174.7007,229.1162,22.0514,48.7036,80.5633,24.2952,46.0641,3.5893,124.1289,
2019-06-17,265.4497,180.3730,234.5710,23.1828,48.7675,83.1059,24.5616,47.5076,3.7660,128.3649,
2019-06-24,264.5469,179.0175,233.4733,23.2375,48.2277,82.1395,24.0139,47.3021,4.0755,125.5440,
2019-07-01,269.4766,183.1492,236.4769,23.0114,49.3323,83.1237,24.4368,48.8102,3.9762,128.4492,
2019-07-08,271.4540,185.5266,240.0951,23.5038,49.6894,81.9622,24.4086,48.5879,4.1593,130.1737,
2019-07-15,268.3119,183.1109,238.5868,22.8910,49.7807,81.3592,24.3119,48.4182,4.1799,128.0368,
2019-07-22,272.6818,187.2138,238.9471,22.7779,50.1379,81.6341,24.1549,49.6491,4.3445,132.4603,
2019-07-29,264.2037,179.6022,232.7506,22.0302,49.1911,80.7297,24.2233,48.7600,4.0000,128.2993,
2019-08-05,263.3008,178.7778,231.3179,21.5561,49.2658,81.0401,24.5133,48.2183,3.8261,129.0584,
2019-08-12,260.7998,177.8096,228.1384,20.7974,50.0050,80.2864,24.7187,49.5402,3.9596,128.0025,
2019-08-19,257.1883,174.5406,225.8559,20.4108,49.5150,78.6993,24.7590,48.6142,4.0310,125.4261,
2019-08-26,264.0502,179.7173,232.7649,20.9652,50.4285,80.3307,25.2019,50.0776,4.1610,129.6292,
2019-09-02,269.1064,183.6669,236.4573,21.5305,51.0265,80.9248,25.2946,51.1620,4.4377,130.7952,
2019-09-09,271.8513,184.5776,240.2290,22.2782,50.6943,81.1376,25.3469,52.4790,4.5194,129.1214,
2019-09-16,270.5578,182.9096,237.8438,22.5556,50.3927,81.9108,25.9204,52.2343,4.2896,131.1149,
2019-09-23,267.9455,179.6570,236.7308,21.9483,51.0611,79.5336,26.2572,52.4958,4.2665,129.5070,
2019-09-30,266.9930,181.3668,234.6726,21.1201,51.2950,80.2459,26.2856,54.4606,4.5202,129.8737,
2019-10-07,268.7437,183.5762,236.8810,21.3078,50.8271,80.0767,25.9407,56.6678,4.6200,131.3406,
2019-10-14,270.2767,184.1334,236.5730,20.9913,50.7436,81.6972,25.9001,56.7157,4.7318,129.2061,
2019-10-21,273.5692,187.9276,238.3056,21.9078,51.0360,81.9642,26.0381,59.1556,5.0808,132.3279,
2019-10-28,277.6873,191.0302,241.6114,21.8195,51.0861,84.4661,26.0097,61.3723,5.0324,135.1393,
2019-11-04,280.2271,193.2973,244.9084,22.3384,50.7603,84.6976,25.0600,62.5960,5.1613,137.2456,
2019-11-11,282.8122,194.9111,247.9032,22.1139,51.2365,86.7721,25.5064,63.9483,5.0721,141.0162,
2019-11-18,282.0594,193.8736,246.9468,22.0219,51.2114,87.4844,25.5673,62.9907,5.2385,141.1375,
2019-11-25,285.0980,197.0147,248.7977,21.6759,51.7962,88.5794,25.5876,64.3069,5.3878,142.8264,
2019-12-02,285.6059,196.9186,248.5763,21.9814,52.3559,89.3985,25.6525,65.1394,5.2742,143.1755,
2019-12-09,287.8283,199.0223,249.8249,22.1986,52.4478,89.8170,25.7175,66.2078,5.5681,145.7984,
2019-12-16,292.3515,203.3642,252.6752,22.8054,53.1470,91.8158,26.4173,67.2401,5.9504,148.5156,
2019-12-23,294.2932,205.6340,254.3363,22.9244,53.2733,92.0303,26.3314,69.7330,5.8882,149.9780,
2019-12-30,293.8830,206.1828,254.3275,23.1200,52.5406,91.0999,26.1514,71.5689,5.8683,149.6573,
2020-01-06,296.8910,210.2741,256.0329,22.8941,52.7764,92.5037,26.3396,74.6730,6.0734,152.2236,
2020-01-13,302.5789,215.0393,260.6236,22.6300,53.7534,94.0244,27.3048,76.6942,6.1967,157.6581,
2020-01-20,299.6802,214.3847,257.5398,21.6730,53.5597,92.1977,27.9592,76.5932,6.2266,155.7145,
2020-01-27,293.2632,210.8902,250.9814,20.4558,53.2144,89.2103,28.2128,74.4757,5.8773,160.6113,
2020-02-03,302.8068,220.6420,258.7752,20.6625,54.1240,92.7197,28.0533,77.1898,6.2542,173.4994,
2020-02-10,307.7290,225.8789,261.7523,20.8922,54.5704,93.5205,28.7895,78.3765,7.2037,174.8769,
2020-02-17,303.9735,221.6720,258.1956,20.7237,54.4525,93.0706,28.7649,75.5062,7.3101,168.9591,
2020-02-24,270.0467,198.1157,226.8457,17.3285,48.8430,83.3343,25.4316,65.9332,6.7176,153.2732,
2020-03-02,271.1405,200.2528,230.6686,16.2682,51.8331,87.4196,27.4480,69.7127,6.6173,152.8570,
2020-03-09,245.4903,185.1583,206.8399,12.3217,47.6807,81.5796,23.5870,67.0451,5.9905,150.2647,
2020-03-16,209.7820,164.3263,171.5205,9.8987,42.4502,71.1685,19.5584,55.2917,5.1177,129.9431,
2020-03-23,232.3556,178.7613,193.3739,11.0868,45.3278,76.8487,23.0011,59.7538,6.2862,141.6271,
2020-03-30,227.5603,176.8994,188.2346,11.6739,46.8864,78.4672,21.3942,58.2270,6.0669,145.5344,
2020-04-06,255.0759,193.7722,211.9561,13.2705,49.2413,85.7461,25.1285,64.6380,6.5405,156.2345,
2020-04-13,262.8142,207.6930,216.8040,13.2862,51.2489,91.1261,25.0046,68.2101,7.2710,168.9686,
2020-04-20,259.4493,206.2942,212.6903,13.5484,49.7326,90.6831,24.0917,68.2511,7.2031,165.1370,
2020-04-27,259.2844,205.2330,212.1984,14.0298,48.8093,88.4587,23.0837,69.7224,7.0337,165.1559,
2020-05-04,268.1321,216.9253,217.8683,15.1764,49.2329,89.8874,23.1994,75.0044,7.7729,174.7207,
2020-05-11,262.4842,215.3914,212.2818,14.0845,48.6145,90.8006,22.6417,74.4192,8.4477,173.2827,
2020-05-18,270.8828,221.5559,219.4233,15.0590,48.6823,90.0773,23.3316,77.1230,8.9805,174.0973,
2020-05-25,279.0247,225.1254,227.8550,15.1686,50.1731,93.1425,24.6576,76.8933,8.8305,173.8506,
2020-06-01,292.7962,231.2320,243.3118,17.5480,51.1812,93.3234,25.2772,80.1728,8.8789,177.5980,
2020-06-08,278.9239,227.5565,230.0503,15.5834,49.2329,88.2507,24.2362,81.9382,8.8913,178.1104,
2020-06-15,284.2309,235.6215,232.5660,15.4856,50.5035,91.0990,23.7488,84.5792,9.2185,185.1402,
2020-06-22,276.3203,232.1463,224.9995,14.4713,48.7714,88.5429,22.9849,85.5248,9.1128,186.2598,
2020-06-29,287.5370,243.7140,232.2244,14.8002,50.3592,92.2568,24.1179,88.0594,9.5679,195.6804,
2020-07-06,292.4731,255.0981,234.3812,14.0868,51.4690,91.4486,24.0637,92.7924,10.4309,202.7103,
2020-07-13,296.2765,250.7011,239.8903,14.5426,52.5788,96.1522,25.0801,93.1866,10.1545,192.4738,
2020-07-20,295.5030,246.9707,238.0467,14.8676,53.0398,95.4349,25.1092,89.5952,10.1475,190.9748,
2020-07-27,300.6968,256.8569,237.7409,14.2810,53.5264,95.8254,25.3383,102.7953,10.5658,194.4946,
2020-08-03,308.1103,262.3460,246.9771,14.7368,54.2179,96.6244,25.6132,107.6833,11.1479,201.5814,
2020-08-10,310.2007,263.0128,251.6357,15.1372,54.7728,96.9786,25.1509,111.3612,11.5107,198.1850,
2020-08-17,312.6319,272.3964,251.7243,14.2810,54.8923,96.9967,24.7510,120.5317,12.6250,202.5822,
2020-08-24,322.8540,282.6982,258.4028,14.4435,56.1473,98.0682,24.6052,120.9557,13.0871,217.6936,
2020-08-31,315.4775,274.0490,253.9595,13.8212,55.9509,95.9797,24.7302,117.2269,12.5681,203.7519,
2020-09-07,307.6406,261.3602,249.7414,12.9294,55.1911,94.9718,24.5469,108.5434,12.1120,194.0327,
2020-09-14,305.7191,257.9007,249.8238,13.3218,54.3716,95.8344,24.3761,103.5427,12.1367,190.5711,
2020-09-21,303.9439,262.4330,245.4691,12.1591,54.1371,93.9182,24.6698,108.8148,12.8182,197.6370,
2020-09-28,308.6687,265.0905,250.0766,11.8086,55.0474,94.9574,25.4974,109.5319,13.0059,196.0868,
2020-10-05,320.6977,276.1075,258.3252,12.4048,56.4558,98.7864,26.6696,113.3600,13.7034,205.2355,
2020-10-12,321.1045,278.8134,258.4673,12.1631,56.8251,98.3852,26.8880,115.3468,13.7519,208.8969,
2020-10-19,319.7084,275.1700,256.0904,12.2437,56.1553,98.2941,27.2031,111.4896,13.5316,205.6349,
2020-10-26,301.9191,260.3263,239.5685,11.5709,53.4673,92.6783,26.2074,105.5003,12.4799,192.5491,
2020-11-02,323.7581,284.7083,255.9819,11.6555,55.8976,100.2085,26.9427,115.2254,14.4992,212.7579,
2020-11-09,331.0995,281.1520,266.7645,13.6498,57.9930,102.2142,27.7661,115.7788,13.2396,205.9012,
2020-11-16,328.5383,280.6205,264.9814,14.4273,57.1085,99.1875,26.6948,113.9148,13.0313,200.6048,
2020-11-23,336.2495,288.9604,271.0595,15.6763,57.4692,99.7709,26.7872,113.1867,13.2041,205.2198,
2020-11-30,341.9636,295.2516,274.0942,16.3692,58.0789,102.5971,26.2200,118.6815,13.5038,204.3903,
2020-12-07,338.6812,291.7050,272.5905,16.5666,57.8127,101.8130,26.1486,118.8368,12.9609,203.3414,
2020-12-14,342.7990,299.6390,274.0000,15.8737,58.3365,103.0164,26.1696,122.9628,13.2187,208.4235,
2020-12-21,342.6319,299.6980,274.1089,15.5634,57.7771,102.0406,25.9332,128.1178,12.9415,212.3901,
2020-12-28,347.1632,303.7448,277.5305,15.4736,58.4093,103.8440,26.5645,128.8168,13.0025,212.0753,
2021-01-04,354.0158,308.8664,282.2955,16.9107,57.9330,107.4598,26.4077,128.1955,13.2234,209.4056,
2021-01-11,348.8532,301.9247,279.7607,17.4537,56.8332,107.0754,26.6874,123.4287,12.8078,202.7598,
2021-01-18,355.5201,315.0528,281.4404,17.1761,56.3483,107.6429,26.6238,135.0105,13.6574,215.4412,
2021-01-25,343.6255,304.5388,272.2154,16.0533,55.4996,105.2995,26.3315,128.1080,12.9375,221.1717,
2021-02-01,360.0049,320.8036,282.8659,17.3761,56.9458,105.8853,26.9416,132.9663,13.5364,230.9355,
2021-02-08,364.5827,325.7314,286.0438,18.2376,56.8852,107.3591,26.5306,131.6149,14.9011,233.5957,
2021-02-15,362.1592,320.4743,286.4805,18.8541,56.2357,104.7319,26.0179,126.2674,14.8665,230.2918,
2021-02-22,353.1801,304.1322,281.5044,19.6584,54.8155,103.0842,24.7257,117.8963,13.6594,222.0825,
2021-03-01,356.2166,298.8461,286.7715,21.6181,56.0279,103.4595,25.2850,118.0519,12.4114,221.3371,
2021-03-08,365.9012,305.4101,298.6613,21.8712,57.2835,104.9058,26.4416,117.6727,12.8088,225.3031,
2021-03-15,362.8329,303.1640,297.1744,20.2218,57.4827,105.3361,26.3527,116.6615,12.7985,220.1424,
2021-03-22,368.8883,306.3193,301.3674,20.8077,59.7089,107.4929,27.0915,117.8477,12.7921,226.0008,
2021-03-29,373.2014,314.6267,302.1332,20.7582,59.1866,106.9142,27.3092,119.5880,13.7610,231.6107,
2021-04-05,383.3371,326.7825,307.9763,19.8835,60.0049,108.3472,27.6677,129.3107,14.3471,244.5125,
2021-04-12,388.7124,331.5325,311.7249,19.9701,60.7798,111.5898,28.6879,130.4385,15.8540,249.1857,
2021-04-19,388.2279,329.0219,310.4211,19.6153,60.5709,113.6107,28.4190,130.5940,15.2091,249.5776,
2021-04-26,388.7496,327.6356,309.0623,20.3786,60.5796,111.4520,28.4787,127.8134,14.9543,241.0051,
2021-05-03,393.2398,323.9617,317.2143,22.1280,61.5025,113.9689,28.1885,126.8131,14.7578,241.2727,
2021-05-10,388.0789,316.3910,313.9134,22.0703,61.7376,113.3994,28.1330,124.1251,14.1907,237.1536,
2021-05-17,386.5511,316.9920,312.5324,21.5215,61.8333,114.2353,28.2397,122.1578,14.9367,234.8468,
2021-05-24,391.3022,323.7000,315.8219,21.5421,61.6505,113.5372,27.8129,121.3592,16.1848,239.1668,
2021-05-31,393.6870,325.3189,317.8870,23.0028,62.2686,112.1501,27.9110,122.6058,17.5136,240.2301,
2021-06-07,395.2800,330.7860,315.3467,22.8501,61.7637,114.4099,28.2184,124.0277,17.7638,247.0312,
2021-06-14,387.7970,332.1334,304.6792,21.6164,59.9005,113.6658,27.3604,127.0565,18.5745,248.5063,
2021-06-21,398.7228,339.1471,315.1933,23.0670,61.0607,115.9168,27.5213,129.6374,18.9654,253.8609,
2021-06-28,405.3680,348.0564,318.3869,22.7960,61.2798,118.3052,27.5385,136.3088,20.4164,265.9591,
2021-07-05,407.0504,350.3564,319.1098,22.0291,61.4726,118.6925,27.7880,141.3244,19.9811,266.2369,
2021-07-12,403.1436,347.0469,317.4766,20.2909,62.2525,118.6096,28.5063,142.5710,18.0984,268.9286,
2021-07-19,411.1814,357.3341,320.9834,20.2242,62.5679,121.2469,28.2655,144.6844,19.4906,277.4730,
2021-07-26,409.8449,353.8113,319.9854,20.5869,62.6643,121.8648,28.3773,142.0548,19.4318,272.9135,
2021-08-02,413.5648,357.1887,322.3751,20.6369,62.1648,122.5933,29.0139,142.5407,20.2958,277.2718,
2021-08-09,416.7706,357.9359,325.3966,20.5994,63.5406,123.2850,29.5430,145.4278,20.1184,280.5191,
2021-08-16,414.3779,356.8780,322.0868,19.1280,63.7597,125.5166,30.0807,144.5403,20.7442,292.1025,
2021-08-23,420.8175,364.9428,325.2144,20.5535,62.9009,124.1518,29.4742,144.9401,22.5580,287.6495,
2021-08-30,423.4624,370.3097,324.8201,20.2659,63.8211,126.1990,29.8914,150.4998,22.7683,289.0123,
2021-09-06,416.3220,365.4765,317.9959,19.9199,62.9886,122.8239,29.4441,145.3010,22.4045,283.8009,
2021-09-13,413.8677,362.7981,317.6953,20.5577,62.5329,122.6487,28.5623,142.4627,21.8284,287.7934,
2021-09-20,416.2211,362.7144,319.7451,21.4740,62.2701,122.1369,28.2324,143.3015,22.0088,287.2944,
2021-09-27,407.1543,349.9384,315.4342,22.7144,60.8593,117.8337,27.6863,139.1367,20.6741,277.4572,
2021-10-04,410.5484,350.8905,319.4325,23.8661,61.7675,117.4728,28.0721,139.3805,20.7629,282.9756,
2021-10-11,418.0588,358.4493,324.4311,24.1867,62.4376,118.4260,28.4665,141.2727,21.7905,291.9586,
2021-10-18,424.8566,363.4626,328.0077,24.4483,62.8609,121.8500,29.1469,145.0279,22.6517,296.7093,
2021-10-25,430.6043,375.1311,329.3777,24.2458,62.8257,123.8397,28.9996,146.1106,25.4834,318.2648,
2021-11-01,439.3055,387.2659,334.0394,24.5791,64.3687,122.9513,29.1339,147.7695,29.6547,322.5260,
2021-11-08,438.1240,383.4768,332.1820,24.2796,64.2276,123.8304,28.8869,146.5094,30.2906,323.1594,
2021-11-15,439.6430,392.5026,327.8844,23.0645,63.5311,123.0530,29.1686,156.8244,32.8771,329.8944,
2021-11-22,430.3417,380.0763,321.5368,23.4484,63.4517,122.1276,28.9346,153.1712,31.3999,316.9818,
2021-11-29,425.1379,372.2358,318.9757,23.2628,63.1078,120.6470,29.2120,158.0844,30.5963,310.5686,
2021-12-06,441.3776,386.6927,331.8641,24.1488,65.4180,124.5430,29.9704,175.2858,30.1029,329.3465,
2021-12-13,432.7005,373.9652,326.3849,22.9380,66.3086,127.6339,30.3432,167.1686,27.7134,311.3282,
2021-12-20,442.7965,386.1263,331.6735,23.4615,66.8076,129.4064,30.4550,172.1894,29.5467,321.7988,
2021-12-27,446.8989,387.0309,335.3283,23.7179,68.4589,130.8835,31.2675,173.4494,29.3184,323.3660,
2022-01-03,438.5530,369.5302,334.3962,26.2136,68.7341,124.8079,30.7564,168.1747,27.1612,301.9442,
2022-01-10,437.2639,369.6761,331.4705,27.5683,68.3878,124.5478,30.3152,169.0539,26.8572,298.2520,
2022-01-17,412.1037,342.1262,316.2089,26.6880,67.4379,120.2745,30.0706,158.6412,23.3004,284.6278,
2022-01-24,415.8392,342.2332,320.6053,28.0469,67.1893,121.2128,29.6862,166.3774,22.7681,296.3867,
2022-01-31,422.1903,348.2744,324.0783,29.4444,67.3757,122.9035,29.9133,168.6042,24.2424,294.1562,
2022-02-07,414.4373,337.6221,320.7716,30.0897,66.8076,120.9991,29.2799,164.9365,23.8736,283.6759,
2022-02-14,408.5753,332.2231,315.4199,29.0811,67.5000,118.4538,28.9261,163.6260,23.5675,277.4122,
2022-02-21,411.8874,336.3672,315.0127,29.4358,67.3935,121.6494,29.5202,161.2298,24.0809,286.4496,
2022-02-28,406.6370,328.1275,311.2480,32.1495,67.3580,123.1079,30.9661,159.5866,22.8677,279.2717,
2022-03-07,395.2519,315.5782,305.2814,32.8418,63.4250,119.7822,30.7651,151.3320,22.0342,269.8394,
2022-03-14,419.5567,341.9316,321.8838,31.5726,65.8665,127.2604,30.9311,160.3789,26.3742,289.4556,
2022-03-21,427.2679,350.0101,323.1353,33.9757,66.9233,126.9865,32.0041,170.8830,27.6095,292.5869,
2022-03-28,427.4850,352.4451,322.6440,33.2465,68.3592,128.6639,33.2002,170.4820,26.6324,298.1172,
2022-04-04,422.4355,340.0751,322.0506,34.3122,70.2052,133.0995,33.8422,166.3547,23.0501,286.1220,
2022-04-11,413.2047,329.6339,319.3115,34.4502,70.3123,129.1950,33.4596,161.6600,21.1947,269.6082,
2022-04-18,402.1145,316.9425,313.7281,32.8755,70.6690,124.5636,32.6505,158.2369,19.4569,264.0201,
2022-04-25,388.8630,305.1082,305.7707,32.4225,69.2421,121.4138,31.3357,154.1879,18.4917,267.3826,
2022-05-02,388.2401,301.2122,305.1956,35.7747,68.4216,120.9386,31.7534,154.0520,18.6194,264.6945,
2022-05-09,379.1602,294.0923,298.8518,34.8515,68.6267,119.8390,31.4104,144.0907,17.6532,251.5816,
2022-05-16,367.7493,281.1769,290.4447,35.2786,63.0527,120.9386,31.5468,134.7661,16.6443,243.9010,
2022-05-23,391.9399,301.0661,308.7122,38.1951,66.8876,124.8897,33.1430,146.5688,18.7550,263.8720,
2022-05-30,387.4850,298.2415,306.1836,38.6179,65.8353,120.9759,32.6945,142.3963,18.6642,260.7623,
2022-06-06,367.9097,281.3327,292.2574,38.2728,64.1408,116.9409,31.3709,134.3156,16.9270,244.3163,
2022-06-13,346.8058,267.5505,278.3504,31.7063,61.3850,111.7223,28.5258,128.8599,15.8360,239.1594,
2022-06-20,369.7643,287.5044,293.5389,31.2329,65.4580,120.9064,30.5891,138.7526,17.0786,258.5219,
2022-06-27,361.3847,275.3253,289.6533,31.6649,65.7905,121.3556,31.8480,136.0786,14.4828,250.6803,
2022-07-04,368.4278,288.2265,292.0852,30.9537,65.5030,122.3475,30.9482,144.0221,15.7942,258.4833,
2022-07-11,365.0722,284.8304,291.4616,29.9241,65.5389,121.8422,30.9216,147.0879,15.7184,247.9184,
2022-07-18,374.5134,294.7063,297.4277,31.0410,65.7725,121.4959,30.7753,150.9275,17.2711,251.4335,
2022-07-25,390.5332,307.8514,306.3768,34.2127,66.9317,123.9010,32.7788,159.1747,18.1127,271.1149,
2022-08-01,391.9362,313.9898,305.7337,31.8830,67.0664,123.0119,32.9029,162.1813,18.9364,273.2104,
2022-08-08,404.8563,322.4214,314.9251,34.2345,67.8481,125.0426,34.0066,168.8020,18.6572,281.9019,
2022-08-15,400.1546,315.0729,314.7948,34.6664,69.1061,124.3876,34.4410,168.2331,17.7996,276.9260,
2022-08-22,384.2012,300.0249,301.6163,36.1410,66.8957,119.1190,33.5589,160.4845,16.2150,259.4482,
2022-08-29,371.8119,288.0509,293.0515,34.8846,65.1975,116.9666,33.0669,152.8242,13.6092,247.8059,
2022-09-05,385.4240,299.6833,301.0092,35.1638,66.4734,122.1229,34.2992,154.3543,14.3514,255.9351,
2022-09-12,366.9811,282.3419,288.4834,34.2214,64.0923,119.2687,33.0093,147.8121,13.1654,236.8508,
2022-09-19,350.2197,269.3482,277.0676,31.0839,62.7457,115.3095,32.0235,147.5472,12.4851,230.2506,
2022-09-26,339.9687,261.2827,269.0513,31.7631,60.3491,113.7875,29.2344,135.5516,12.1090,225.3925,
2022-10-03,345.3083,263.0815,274.3612,36.0764,60.1411,115.2062,28.4534,137.4054,12.0461,226.6893,
2022-10-10,340.3970,254.9085,277.9666,35.4060,61.0726,116.4088,27.7350,135.7282,11.1992,221.1924,
2022-10-17,356.2542,269.2602,291.3084,38.3389,62.3206,118.8892,28.2526,144.4478,12.4352,234.3153,
2022-10-24,370.2744,274.9305,307.8941,39.3621,66.1732,124.8270,30.0823,152.7555,13.7998,228.2667,
2022-10-31,358.2149,258.7604,303.7336,40.3191,64.9795,122.9010,29.9395,135.9534,14.1210,214.2535,
2022-11-07,379.3071,281.5197,316.5243,41.0733,66.4898,125.0807,30.3813,147.0748,16.2866,239.1444,
2022-11-14,376.9466,278.4500,316.7725,40.4117,67.5389,126.4337,30.7249,148.6369,15.3709,234.1022,
2022-11-21,382.9431,280.5031,322.5470,40.5176,68.9587,128.8576,31.6576,145.5127,16.2298,240.1871,
2022-11-28,387.3023,286.0070,323.6927,39.8296,69.8089,131.3286,31.6977,145.2180,16.8386,247.4949,
2022-12-05,374.3291,275.7322,314.8947,36.4645,68.6332,129.6375,31.6085,139.6671,16.9633,238.1782,
2022-12-12,366.4766,268.1164,309.5829,37.2055,67.7016,127.3356,31.4523,132.1512,16.5343,237.4698,
2022-12-19,366.1323,262.0062,312.3687,38.7917,68.4786,128.3979,31.9031,129.5477,15.1723,231.6856,
2022-12-26,365.6734,260.9479,311.8040,38.9744,67.9048,128.1620,31.7186,127.6515,14.5816,232.7435,
2023-01-02,371.0758,263.4174,316.4624,39.0145,69.0251,127.9922,31.9436,127.3470,14.8261,218.2928,
2023-01-09,381.0393,275.3437,322.8240,40.0794,68.0778,127.7846,32.0921,132.3968,16.8615,232.1709,
2023-01-16,378.5341,277.0194,314.2722,40.3156,66.1468,126.3318,31.1473,135.4523,17.7994,233.1317,
2023-01-23,387.9047,290.3275,319.8669,40.6497,66.3654,125.3412,30.9943,143.3709,20.3198,240.8374,
2023-01-30,394.2824,300.0488,319.2735,38.3016,66.8573,125.1809,30.5534,151.7907,21.0532,250.7267,
2023-02-06,390.1613,293.6986,319.0381,40.1953,66.4656,124.9922,30.4634,148.5884,21.2179,255.3365,
2023-02-13,389.4155,295.1294,319.1457,37.6466,67.1123,124.5205,30.8098,150.1037,21.3406,251.0726,
2023-02-20,379.0122,286.0058,309.5512,37.7223,66.2288,121.2374,29.9685,144.3573,23.2344,242.4719,
2023-02-27,386.4800,293.6790,315.2967,38.8808,66.0739,121.8601,29.8065,148.6081,23.8370,248.3776,
2023-03-06,369.0009,282.7719,301.6361,36.8178,64.7714,117.1241,28.9832,146.1186,22.9180,241.8590,
2023-03-13,374.3253,299.2453,301.2755,34.2959,65.6823,118.7374,30.1305,152.5144,25.6723,271.8639,
2023-03-20,379.8540,305.1362,304.8888,35.0680,66.7851,120.5643,29.7724,157.6802,26.7242,272.9731,
2023-03-27,392.9462,314.9904,314.6318,37.2921,68.3776,122.6100,30.6789,162.2556,27.7201,280.4937,
2023-04-03,392.7541,312.1637,316.7884,38.2601,68.9726,126.4552,31.6397,162.0195,26.9816,283.7043,
2023-04-10,395.8929,312.6741,320.5154,39.2731,68.8078,127.4496,31.2227,162.5606,26.7032,278.3922,
2023-04-17,395.6432,310.7503,319.9992,38.2601,70.0800,127.1939,31.5536,162.3737,27.0635,278.0226,
2023-04-24,399.2235,316.5902,322.7627,38.3276,70.8763,126.4646,31.2635,166.9590,27.6922,298.9403,
2023-05-01,396.0560,316.9142,318.6930,36.1215,70.6383,126.5215,31.2862,170.7866,28.6213,302.2386,
2023-05-08,395.0577,319.0145,315.3521,35.3516,70.5834,125.1956,31.2862,170.0375,28.2820,300.6041,
2023-05-15,401.8054,330.2821,316.9739,35.8559,69.4851,124.3621,29.9628,172.5895,31.2000,310.3974,
2023-05-22,403.1491,341.9520,313.7964,35.4642,67.2061,120.7822,29.2739,172.8555,38.8663,324.5844,
2023-05-29,410.7318,348.0864,320.6539,35.9729,67.3709,123.4245,29.5141,178.2945,39.2465,327.0317,
2023-06-05,412.6323,347.9391,321.7921,36.6168,66.9133,123.5192,30.0897,178.3044,38.6946,318.6366,
2023-06-12,423.3751,361.1205,326.0164,36.4052,68.3410,125.2145,30.5021,182.2063,42.6090,333.7888,
2023-06-19,417.3539,356.3184,320.5124,35.1361,68.0055,125.5302,29.7104,183.9404,42.1269,326.6612,
2023-06-26,427.0553,363.0803,326.8719,36.8666,68.3650,126.2244,29.8977,191.1235,42.2197,332.0435,
2023-07-03,422.4984,359.9549,320.7689,36.6940,67.7106,122.6773,29.8748,187.8817,42.4204,328.8064,
2023-07-10,432.8357,372.5648,328.1267,36.9938,68.4664,125.2449,30.5419,187.8916,45.3806,336.6262,
2023-07-17,435.6296,369.1838,335.0074,38.2882,69.7107,129.5625,31.2774,189.1232,44.2229,335.1929,
2023-07-24,440.1961,376.8990,337.2335,38.9922,70.1440,128.5639,30.6287,192.9562,46.6591,329.9276,
2023-07-31,430.4561,365.6554,333.5898,39.4782,68.8074,125.9106,29.2352,179.3192,44.5931,319.6020,
2023-08-07,429.3385,359.9549,335.8255,40.8317,68.9457,129.0203,29.5002,175.4174,40.7756,313.0008,
2023-08-14,420.5236,351.9841,328.8149,40.3366,67.3050,126.9852,29.0068,172.1615,43.2148,309.2372,
2023-08-21,423.8665,357.7730,327.2715,39.7825,66.7520,126.8711,29.0707,176.2265,45.9285,315.5884,
2023-08-28,434.6758,371.1101,332.4926,41.2132,66.4939,127.0233,28.6184,186.9317,48.4147,321.1385,
2023-09-04,429.2133,366.1861,330.1393,41.8082,66.0883,125.5873,28.8651,175.8022,45.4871,326.6200,
2023-09-11,428.6487,364.4464,330.6589,41.7900,66.4109,125.7109,29.6692,172.6746,43.8183,322.6627,
2023-09-18,416.1288,352.2771,324.3924,40.8631,65.0886,124.2786,29.1497,172.4575,41.5325,309.7550,
2023-09-25,413.2863,352.6314,319.9693,41.3572,63.8543,122.9322,27.1416,168.9253,43.4180,308.5239,
2023-10-02,415.2780,358.9602,319.1573,39.2251,61.8685,124.1449,26.3678,175.1215,45.6768,319.7704,
2023-10-09,417.1729,359.5311,321.6220,40.9912,61.9891,124.3168,27.3120,176.4633,45.3763,320.2297,
2023-10-16,407.2052,349.0192,316.5546,41.2977,62.4253,122.2829,26.7271,170.5730,41.3099,319.1940,
2023-10-23,397.0442,339.8753,309.8640,38.7218,61.7850,117.5848,27.0495,165.9752,40.4246,322.2621,
2023-10-30,420.2569,361.9228,325.5584,39.6597,63.7987,121.6622,28.4911,174.2927,44.9212,344.7260,
2023-11-06,425.9803,372.4348,327.8524,38.1636,63.9935,120.5736,27.7818,184.1548,48.2450,361.2099,
2023-11-13,435.8224,379.9644,334.6646,38.7492,64.4854,122.4643,28.6891,187.4052,49.2062,362.1193,
2023-11-20,440.1826,383.3797,338.8500,38.8590,65.3391,125.2144,28.8734,187.6819,47.6870,369.5408,
2023-11-27,443.8564,383.8030,347.7090,38.9002,65.8402,125.8828,29.2602,188.9366,46.6779,366.6819,
2023-12-04,444.9200,385.9978,347.7762,37.6237,65.0607,126.1120,29.2050,193.3527,47.4217,366.4077,
2023-12-11,455.5864,398.9605,357.6824,38.5708,66.1093,128.1077,29.4629,195.1903,48.8033,362.9808,
2023-12-18,459.7799,402.7556,358.8054,39.2554,66.5918,129.5061,29.1128,191.2681,48.7434,366.7504,
2023-12-25,461.3914,404.0923,361.7523,38.7287,67.3492,130.8106,29.4429,190.2110,49.4341,368.1799,
2024-01-01,454.2177,391.4916,359.6118,39.1168,67.3305,133.4387,30.0008,178.9978,49.0099,360.0631,
2024-01-08,462.7213,404.1318,360.8308,38.1929,68.0691,134.7815,29.4383,183.6806,54.6129,380.3501,
2024-01-15,468.3028,415.5978,363.6195,37.0334,67.3679,133.7648,28.3504,189.2527,59.3854,390.3369,
2024-01-22,473.1371,418.1929,366.0110,38.9181,67.9102,133.5826,28.4573,190.1024,60.9227,395.4869,
2024-01-29,479.8737,423.3241,371.1301,38.5809,69.3501,136.1915,28.5875,183.6115,66.0426,402.6245,
2024-02-05,486.5232,431.2574,371.4182,38.4839,68.3590,138.1290,28.0203,186.8134,72.0050,411.7595,
2024-02-12,484.8827,424.8634,371.4947,39.5279,68.5179,139.6733,28.4666,180.3439,72.4842,396.3458,
2024-02-19,492.9785,430.9911,376.3911,39.7080,69.9205,141.8218,28.8060,180.5517,78.6771,402.5059,
2024-02-26,497.8320,439.7040,376.4200,40.2531,69.6213,140.3639,28.6944,177.7225,82.1330,407.5674,
2024-03-04,496.7351,433.2013,373.2263,40.7289,70.2758,140.4502,29.6382,168.8889,87.3768,398.4645,
2024-03-11,496.4381,428.1690,373.1665,42.2949,70.6217,139.4239,29.5033,170.7585,87.6853,408.4698,
2024-03-18,507.5193,441.0463,380.4275,43.0279,71.2452,140.0044,29.9346,170.4221,94.1261,420.5545,
2024-03-25,509.3304,438.7046,383.5419,43.9639,71.9234,142.2088,30.7737,169.6307,90.1999,412.6877,
2024-04-01,504.8122,435.2068,374.9601,45.6729,70.0114,137.8673,30.5440,167.7512,87.8560,417.3961,
2024-04-08,497.4314,433.0331,366.2914,44.7648,69.1166,133.7184,30.0940,174.6461,88.0337,413.8452,
2024-04-15,482.1534,409.6954,366.4159,44.2246,70.1150,133.7569,30.6705,163.2206,76.0684,391.5001,
2024-04-22,494.9094,425.8500,368.8375,44.5832,71.1982,134.7292,31.0268,167.4743,87.5835,398.5626,
2024-04-29,497.8599,430.2766,373.1404,43.1070,71.4713,135.5666,32.0674,181.4024,88.6356,398.8961,
2024-05-06,507.1590,436.7778,381.2540,43.6938,73.1102,138.2235,33.4081,181.3216,89.7227,406.8218,
2024-05-13,515.5427,446.3620,386.4308,44.2200,73.6659,140.8418,33.9096,188.0771,92.3192,412.9309,
2024-05-20,515.5331,452.4780,377.4356,42.5482,72.6204,139.0225,33.5159,188.1861,106.2851,422.7085,
2024-05-27,513.5174,445.3245,374.4306,43.4004,72.8465,138.3294,34.0878,190.4347,109.4436,407.9389,
2024-06-03,519.9829,457.4281,375.3582,41.9056,73.1479,140.9574,32.7846,195.0309,120.6792,416.5078,
2024-06-10,528.5227,473.4642,373.3968,40.9975,72.4791,140.4279,32.7846,210.4836,131.6630,434.9036,
2024-06-17,531.9177,474.4424,378.9567,41.7938,73.1573,141.3231,32.5268,205.5308,126.3617,441.9887,
2024-06-24,531.6343,474.1375,378.7532,42.7866,72.6752,140.8525,32.1984,208.6312,123.3367,439.2077,
2024-07-01,541.8134,491.0107,381.2419,42.2938,73.4344,139.5576,32.3921,224.2028,125.6229,459.4607,
2024-07-08,547.0397,489.6845,387.6526,42.4909,73.5009,143.2879,33.6727,228.3631,129.0273,445.6934,
2024-07-15,536.2940,470.3077,390.3855,43.3593,74.1082,142.9013,33.1387,222.1920,117.7360,429.5382,
2024-07-22,531.8492,458.1650,393.3114,43.2748,74.4878,144.9211,33.6302,215.9019,112.8740,417.9033,
2024-07-29,520.5763,444.0927,384.7470,41.4958,75.2186,145.7908,35.0714,217.7840,107.0935,401.4139,
2024-08-05,520.6640,445.7354,382.8287,41.9699,75.1142,144.9404,34.7831,214.1982,104.5776,398.9867,
2024-08-12,541.4910,470.0999,394.3750,42.4674,76.4048,147.7332,35.1754,224.1747,124.3750,411.9622,
2024-08-19,549.1302,475.0183,399.3103,42.4299,77.6670,150.2266,35.6384,224.9582,129.1571,410.3083,
2024-08-26,550.6444,471.3270,403.5572,42.8477,78.3028,151.9178,36.0495,227.1002,119.1736,410.6530,
2024-09-02,527.8636,444.0333,392.1741,40.3739,78.7584,148.7770,35.8700,218.9881,102.6608,395.4531,
2024-09-09,549.0129,470.4067,402.3257,40.1767,79.6504,150.9127,37.1127,220.6542,118.9142,423.8937,
2024-09-16,556.8113,477.4330,408.9959,41.6647,78.8153,150.0623,37.8404,226.3069,115.8190,428.5010,
2024-09-23,559.9666,482.3752,411.3103,41.2658,79.2055,148.4298,38.2586,225.9003,121.2106,421.3637,
2024-09-30,561.4462,482.9401,411.7577,44.1007,77.7267,147.0912,38.6820,224.9185,124.7251,409.5897,
2024-10-07,567.9133,488.9258,416.9313,43.9256,77.8889,149.2737,37.7020,225.6623,134.5897,409.8456,
2024-10-14,572.8225,490.0258,420.8786,42.7566,78.4614,148.5365,38.9865,233.0505,137.7847,411.6570,
2024-10-21,567.3841,490.8682,409.6913,42.4868,77.3356,144.1327,38.2396,229.4903,141.3192,421.4917,
2024-10-28,559.5452,483.0491,408.9909,41.6633,76.4674,143.3082,37.1692,221.0608,135.1888,403.9882,
2024-11-04,586.1486,509.5191,428.1456,44.3705,77.1066,145.6750,37.6687,225.3248,147.3997,415.9689,
2024-11-11,573.9590,492.1069,422.9550,44.8343,76.2861,137.5852,37.7020,223.3789,141.7585,408.5462,
2024-11-18,583.5226,501.2441,431.3749,46.0365,78.0797,139.8356,38.7486,228.2139,141.7286,411.3368,
2024-11-25,590.4210,505.1585,438.1206,45.2130,79.3963,142.9881,39.4527,235.6201,138.0343,417.7090,
2024-12-02,595.5750,521.7482,435.2587,43.0784,78.5949,139.9520,37.9113,241.0904,142.2276,437.5460,
2024-12-09,592.0475,525.7617,427.6857,42.2265,78.2706,136.7607,36.9361,246.3423,134.0498,441.1957,
2024-12-16,581.2000,513.9984,418.3489,39.8223,76.2670,133.8604,36.3604,252.6565,134.4991,430.6707,
2024-12-23,584.9949,518.6984,419.7742,40.3568,76.2305,135.3921,36.4938,253.7485,136.8057,424.6831,
2024-12-30,581.9865,514.7477,417.0017,41.7456,75.2980,135.4018,36.9735,241.6067,144.2546,417.6006,
2025-01-06,570.7194,503.4420,409.3579,42.1847,73.3851,136.0644,36.2539,235.1436,135.7073,413.2603,
2025-01-13,587.5218,517.8844,424.5412,44.8430,74.2502,136.5906,37.8177,228.3230,137.5046,423.2034,
2025-01-20,597.7368,525.7162,433.7212,43.5783,74.8847,140.6148,38.1295,221.1749,142.4073,438.0293,
2025-01-27,591.6903,518.4304,434.9615,41.8267,75.9229,143.1093,37.3572,234.2997,119.8909,409.4232,
2025-02-03,590.6580,519.0557,432.7445,42.2658,76.2786,142.6806,37.4819,225.9900,129.6464,404.1852,
2025-02-10,599.4377,534.1732,435.3521,42.9865,77.4898,141.0923,37.9424,243.1047,138.6429,402.8832,
2025-02-17,589.8421,522.1924,424.6171,43.3969,78.9990,142.6806,38.5036,244.0489,134.2295,403.4736,
2025-02-24,584.1790,504.4148,428.7444,43.4303,79.8642,145.1165,38.0000,240.3616,124.7337,392.3838,
2025-03-03,566.2262,488.1558,418.8564,41.7265,79.6527,145.4576,37.0742,237.6085,112.5219,388.7465,
2025-03-10,553.3370,476.1154,406.2397,42.8385,76.4324,141.2190,37.8321,212.1849,121.4997,384.0516,
2025-03-17,556.1552,477.2867,411.1902,44.1557,76.2593,142.8462,37.7745,216.9357,117.5353,386.7202,
2025-03-24,547.9507,466.1688,407.2705,44.4568,77.7070,141.3643,37.6706,216.5679,109.5165,374.4048,
2025-03-31,498.2697,420.1722,375.5214,37.8819,75.8225,132.3260,36.0040,187.2284,94.1780,355.6648,
2025-04-07,526.5320,451.7147,393.8359,37.9444,77.6490,133.8813,36.8687,196.9387,110.7748,383.9429,
2025-04-14,519.1065,441.4756,383.6884,39.1997,79.1179,132.5315,37.5692,195.7758,101.3480,363.5127,
2025-04-21,543.0004,469.7674,393.1590,39.6278,78.1225,135.0356,37.7818,208.0007,110.8547,387.3034,
2025-04-28,558.8966,485.9412,404.9434,39.4306,78.8183,135.5051,38.5257,204.0947,114.3398,430.2295,
2025-05-05,556.5103,485.0863,404.3356,39.6470,78.1902,129.7828,38.7624,197.3163,116.4868,433.6395,
2025-05-12,585.9561,518.4282,418.5067,41.1140,79.3112,130.1839,39.6996,210.2439,135.2105,449.8234,
2025-05-19,571.0754,506.2306,408.4795,39.4354,78.8570,127.4939,39.1585,194.3308,131.1063,445.7735,
2025-05-26,581.2128,516.0422,414.8766,39.2142,80.0456,129.7437,39.5740,199.8839,134.9409,455.8538,
2025-06-02,590.8275,526.7884,420.3023,40.1184,78.9440,131.4457,39.2213,202.9392,141.5217,465.7758,
2025-06-09,588.7172,523.8459,414.8373,42.3742,78.2385,133.1575,39.3324,195.5051,141.7812,470.3109,
2025-06-16,587.7674,523.7167,414.9838,42.7975,78.2965,129.7046,39.0233,200.0332,143.6587,472.7270,
2025-06-23,608.1712,545.4630,430.9629,41.3612,78.3763,131.6309,39.5618,200.1128,157.5402,491.0856,
2025-06-30,618.4870,553.5540,440.8908,42.2001,79.9623,133.1740,39.8098,212.5229,159.1281,493.9572,
2025-07-07,616.7859,551.5436,436.4434,43.2183,78.6292,132.8693,40.1066,210.1443,164.7006,498.3933,
2025-07-14,620.7025,558.5698,436.3158,41.6812,78.7071,129.5768,40.7389,210.1642,172.1807,505.0574,
2025-07-21,630.1181,563.6553,441.9855,42.2340,79.3006,134.1371,41.1135,212.8513,173.2692,508.6816,
2025-07-28,614.9066,551.2252,428.8940,41.5018,77.9968,128.8790,41.7361,201.4066,173.4889,518.9799,
2025-08-04,630.1972,571.7961,434.9968,41.1818,80.2542,127.9256,41.9210,228.2469,182.4570,516.9301,
2025-08-11,636.3887,574.5728,442.7498,41.4873,79.8066,133.8718,41.6486,230.7377,180.2100,515.0784,
2025-08-18,638.2382,569.2285,449.7526,42.7383,80.2445,135.7982,41.8529,226.9218,177.7533,503.0908,
2025-08-25,637.9810,567.6660,449.2108,43.8293,78.6001,135.0708,41.0162,231.2856,173.9483,502.5551,
2025-09-01,640.1470,573.2988,448.1274,42.3601,78.6876,135.5328,40.6027,238.8078,166.7979,490.9605,
2025-09-08,650.2055,583.8481,452.3921,42.9613,78.1525,135.7392,41.5902,233.2085,177.5935,505.7389,
2025-09-15,658.2465,596.4772,457.2603,42.9226,77.2378,134.9332,41.3227,244.5965,176.4449,513.7034,
2025-09-22,656.3820,593.8010,456.6083,44.9858,76.3767,133.7830,42.5117,254.5198,177.9630,507.2862,
2025-09-29,663.7112,600.9848,461.7741,43.4796,76.4453,142.9849,43.5401,257.0704,187.3810,513.1281,
2025-10-06,647.6542,587.3546,449.2892,41.6750,76.5138,140.3092,44.1718,244.3673,182.9267,506.7903,
2025-10-13,658.9308,601.7321,456.2683,42.0467,78.1107,141.4546,44.8427,251.3615,182.9866,509.3889,
2025-10-20,671.6852,614.8541,466.5738,43.0688,77.4837,144.1796,44.7545,261.8527,186.0227,519.3371,
2025-10-27,676.4556,626.7806,469.9926,43.0981,74.7308,142.4221,43.6331,269.3749,202.2321,513.5844,
2025-11-03,665.4567,607.5209,464.2519,43.7876,75.1521,144.2882,43.9220,267.4819,187.9103,492.7657,
2025-11-10,666.4089,606.6441,466.1688,45.0004,75.6909,149.9061,43.4666,271.6705,189.9277,506.0166,
2025-11-17,653.6149,587.9225,457.6243,43.7290,76.3179,152.6509,43.1679,270.7530,178.6521,469.1436,
2025-11-24,677.7747,616.9963,472.0781,44.2327,77.7581,155.6523,44.3824,278.0930,176.7745,488.9083,
2025-12-01,680.0558,623.2037,474.8976,44.9124,76.8665,151.3179,42.4088,278.0232,182.1878,480.1141,
2025-12-08,676.1581,611.3868,480.2101,44.5114,77.8070,152.1078,41.9485,277.5246,174.8068,475.5133,
2025-12-15,676.9923,614.8043,477.0421,43.1617,77.1800,152.9767,41.7526,272.9271,180.7695,482.8567,
2025-12-22,686.6609,622.4203,482.8719,43.5987,77.2561,154.7287,42.2134,272.6579,190.2979,484.6354,
2025-12-29,679.5586,611.6757,479.5009,45.0289,76.7228,154.1933,42.6081,270.2744,188.6199,469.9585,
2026-01-05,690.4010,625.1738,490.7937,46.0351,78.2634,155.9781,41.9470,258.6659,184.6348,476.2585,
2026-01-12,688.0037,619.7965,489.3845,47.0412,81.0878,154.4213,42.8154,254.8363,186.0031,456.9609,
2026-01-19,685.5865,621.2531,486.9149,48.5208,81.8778,156.1466,41.9963,247.3667,187.4414,463.0126,
2026-01-26,688.3121,620.4051,485.0304,50.3555,82.4704,153.4298,42.6772,258.7757,190.8972,427.5774,
2026-02-02,686.9692,608.2139,496.9323,52.5255,86.8452,156.3747,42.7759,277.3650,185.1841,398.6112,
2026-02-09,678.1461,600.5021,491.2293,53.6106,88.3957,156.3350,45.8842,255.3244,182.5873,398.7900,
2026-02-16,685.7856,607.3759,492.6336,54.1334,86.7958,155.4922,45.7164,264.1087,189.5888,395.6267,
2026-02-23,682.3637,605.8594,486.2582,55.1592,88.8894,158.8436,47.0979,263.7094,176.9742,391.1548,
2026-03-02,668.8256,598.3372,471.9284,55.8004,84.7121,151.4071,46.1210,257.0013,177.6034,407.3094,
2026-03-09,658.7890,592.3214,463.1697,56.9150,83.6850,148.5217,46.3381,249.6744,180.0402,393.9535,
2026-03-16,646.9034,580.6888,453.7010,58.5031,80.2780,144.0995,44.0587,247.5482,172.4989,380.3287,
2026-03-23,632.4606,561.9625,449.2226,62.1121,81.2165,142.6310,45.3007,248.3568,167.3250,355.3300,
2026-03-30,654.1448,584.3378,462.8269,58.8258,81.3257,146.1654,46.0460,255.4641,177.1835,371.9527,
2026-04-06,677.7141,610.3992,476.9488,56.5323,81.8024,146.6632,46.6620,260.0160,188.4104,369.3731,
2026-04-13,708.3152,648.1377,492.0556,54.6260,81.8918,148.1466,45.8671,269.7486,201.4452,421.0836,
2026-04-20,712.1055,663.1512,490.0544,56.4628,82.6565,143.5469,45.8870,270.5771,208.0275,422.9062,
2026-04-27,718.7982,673.4100,492.8521,58.4286,83.5900,144.5226,46.2546,279.6410,198.2190,412.7673,
2026-05-04,735.7246,710.4492,493.9573,55.3012,83.5999,142.8600,44.4363,292.7975,214.9495,413.4445,
2026-05-11,737.2706,708.1518,493.4725,59.0144,84.0568,144.4629,43.5916,299.9713,225.0577,420.2171,
2026-05-18,743.7240,716.7523,504.1813,59.0640,84.2157,149.2318,45.0623,308.5539,215.0793,417.7835,
2026-05-25,754.5361,737.4995,508.8235,55.8870,82.3387,148.8137,44.1382,311.7911,210.8942,449.3940,
2026-06-01,735.6548,704.2860,507.7477,57.2571,82.8650,152.3382,44.0686,307.0752,205.1000,415.8871,
2026-06-08,739.8440,720.5482,511.0948,57.1379,85.2286,153.1346,44.2475,290.8792,205.1900,390.0058,
2026-06-15,746.7400,739.8070,514.9467,53.3850,82.7260,148.7440,44.4760,297.7532,210.6900,378.6871,
2026-06-22,728.9900,706.5200,517.1742,53.8400,84.7100,160.3400,46.2000,283.5355,192.5300,372.2692,
2026-06-29,744.7800,712.6000,527.2930,53.2200,84.9900,163.7400,45.7600,308.3640,194.8300,389.7563,
2026-07-06,754.9500,725.5100,525.1953,55.0800,84.1200,160.8400,45.4100,315.0483,210.9600,384.3764,
2026-07-13,743.2900,695.3300,520.3785,57.6800,85.1900,161.0900,45.1700,333.4524,202.8100,393.0800,
2026-07-20,738.9300,684.2300,518.3303,59.6200,84.1300,162.5700,46.2900,332.7330,206.8400,380.9828,
2026-07-27,747.0300,687.9900,523.8856,59.5500,85.0500,162.5500,44.3500,308.6438,200.7500,463.8468,
2026-08-03,773.2600,723.0300,539.1730,57.5000,85.1200,165.6800,43.6100,313.0600,223.9600,499.0505,
2026-08-10,776.3400,731.0700,536.3553,61.9100,86.0900,167.3700,44.3100,305.9300,225.1600,494.4691,
2026-08-17,765.7200,713.4400,532.2200,63.6400,85.9900,174.6200,42.7700,309.3500,214.7200,483.2400,
2026-08-24,769.3500,716.4300,535.0600,62.6800,85.4500,171.1600,42.7300,319.7000,217.5500,513.5300,
2026-08-31,770.1900,718.9600,534.0800,64.0600,84.5800,171.4500,43.0800,319.9700,230.3600,499.7000,
