date,1INCH,AAVE,ADA,AKT,APT,AR,ARB,AVAX,AXS,BEAM,BLZ,BTC,COMP,CRV,DASH,DOT,DYDX,DYM,ENS,ETH,FET,FIL,GALA,HNT,ILV,IMX,JUP,LDO,LINK,MANTA,MANTRA,MATIC,METIS,MKR,NEAR,OKB,ONDO,OP,PAS,PEAQ,PHB,POLYX,RENDER,RIO,RNDR,SECRET,SEI,SNX,SOL,STRK,SUI,TAO,TIA,TON,TRX,UNI,ZEC
2016-01-01,,,,,,,,,,,,430.00,,,5.00,,,,,10.00,,,,,,,,,,,,,,15.00,,,,,,,,,,,,,,,,,,,,,,,400.00
2016-01-08,,,,,,,,,,,,442.16,,,5.04,,,,,10.37,,,,,,,,,,,,,,16.01,,,,,,,,,,,,,,,,,,,,,,,402.26
2016-01-15,,,,,,,,,,,,446.97,,,5.38,,,,,10.86,,,,,,,,,,,,,,16.06,,,,,,,,,,,,,,,,,,,,,,,416.66
2016-01-22,,,,,,,,,,,,448.76,,,5.39,,,,,11.18,,,,,,,,,,,,,,15.32,,,,,,,,,,,,,,,,,,,,,,,400.40
2016-01-29,,,,,,,,,,,,449.22,,,5.31,,,,,11.54,,,,,,,,,,,,,,15.14,,,,,,,,,,,,,,,,,,,,,,,388.91
2016-02-05,,,,,,,,,,,,477.01,,,5.36,,,,,11.81,,,,,,,,,,,,,,14.70,,,,,,,,,,,,,,,,,,,,,,,388.88
2016-02-12,,,,,,,,,,,,487.13,,,5.26,,,,,12.21,,,,,,,,,,,,,,14.68,,,,,,,,,,,,,,,,,,,,,,,392.10
2016-02-19,,,,,,,,,,,,487.06,,,5.66,,,,,12.47,,,,,,,,,,,,,,14.43,,,,,,,,,,,,,,,,,,,,,,,409.76
2016-02-26,,,,,,,,,,,,477.94,,,5.79,,,,,11.93,,,,,,,,,,,,,,14.06,,,,,,,,,,,,,,,,,,,,,,,419.76
2016-03-04,,,,,,,,,,,,497.08,,,5.92,,,,,12.14,,,,,,,,,,,,,,14.19,,,,,,,,,,,,,,,,,,,,,,,406.79
2016-03-11,,,,,,,,,,,,495.24,,,5.93,,,,,12.82,,,,,,,,,,,,,,14.64,,,,,,,,,,,,,,,,,,,,,,,390.40
2016-03-18,,,,,,,,,,,,508.92,,,5.96,,,,,12.81,,,,,,,,,,,,,,15.23,,,,,,,,,,,,,,,,,,,,,,,410.67
2016-03-25,,,,,,,,,,,,532.25,,,5.91,,,,,12.96,,,,,,,,,,,,,,15.71,,,,,,,,,,,,,,,,,,,,,,,431.24
2016-04-01,,,,,,,,,,,,534.12,,,5.97,,,,,12.76,,,,,,,,,,,,,,15.37,,,,,,,,,,,,,,,,,,,,,,,450.53
2016-04-08,,,,,,,,,,,,565.42,,,6.06,,,,,13.46,,,,,,,,,,,,,,15.86,,,,,,,,,,,,,,,,,,,,,,,449.00
2016-04-15,,,,,,,,,,,,581.67,,,6.46,,,,,13.73,,,,,,,,,,,,,,17.03,,,,,,,,,,,,,,,,,,,,,,,418.22
2016-04-22,,,,,,,,,,,,606.42,,,6.58,,,,,13.89,,,,,,,,,,,,,,17.42,,,,,,,,,,,,,,,,,,,,,,,398.27
2016-04-29,,,,,,,,,,,,613.28,,,6.77,,,,,14.87,,,,,,,,,,,,,,17.45,,,,,,,,,,,,,,,,,,,,,,,394.77
2016-05-06,,,,,,,,,,,,615.02,,,7.08,,,,,15.35,,,,,,,,,,,,,,17.48,,,,,,,,,,,,,,,,,,,,,,,408.53
2016-05-13,,,,,,,,,,,,627.82,,,7.42,,,,,15.32,,,,,,,,,,,,,,17.62,,,,,,,,,,,,,,,,,,,,,,,410.55
2016-05-20,,,,,,,,,,,,611.49,,,7.61,,,,,15.78,,,,,,,,,,,,,,17.97,,,,,,,,,,,,,,,,,,,,,,,414.72
2016-05-27,,,,,,,,,,,,596.47,,,7.64,,,,,15.94,,,,,,,,,,,,,,17.83,,,,,,,,,,,,,,,,,,,,,,,419.94
2016-06-03,,,,,,,,,,,,614.38,,,8.23,,,,,16.38,,,,,,,,,,,,,,18.34,,,,,,,,,,,,,,,,,,,,,,,426.42
2016-06-10,,,,,,,,,,,,590.01,,,8.36,,,,,16.76,,,,,,,,,,,,,,20.26,,,,,,,,,,,,,,,,,,,,,,,431.35
2016-06-17,,,,,,,,,,,,605.91,,,8.49,,,,,16.47,,,,,,,,,,,,,,21.45,,,,,,,,,,,,,,,,,,,,,,,449.77
2016-06-24,,,,,,,,,,,,631.13,,,8.39,,,,,17.59,,,,,,,,,,,,,,20.84,,,,,,,,,,,,,,,,,,,,,,,466.53
2016-07-01,,,,,,,,,,,,683.90,,,8.27,,,,,17.64,,,,,,,,,,,,,,21.32,,,,,,,,,,,,,,,,,,,,,,,467.13
2016-07-08,,,,,,,,,,,,661.61,,,8.40,,,,,17.32,,,,,,,,,,,,,,22.00,,,,,,,,,,,,,,,,,,,,,,,459.46
2016-07-15,,,,,,,,,,,,701.59,,,8.30,,,,,17.42,,,,,,,,,,,,,,22.95,,,,,,,,,,,,,,,,,,,,,,,447.20
2016-07-22,,,,,,,,,,,,716.15,,,8.76,,,,,16.79,,,,,,,,,,,,,,23.45,,,,,,,,,,,,,,,,,,,,,,,457.26
2016-07-29,,,,,,,,,,,,742.92,,,8.53,,,,,16.34,,,,,,,,,,,,,,24.23,,,,,,,,,,,,,,,,,,,,,,,468.11
2016-08-05,,,,,,,,,,,,758.85,,,8.74,,,,,16.24,,,,,,,,,,,,,,24.80,,,,,,,,,,,,,,,,,,,,,,,479.16
2016-08-12,,,,,,,,,,,,753.16,,,9.37,,,,,16.77,,,,,,,,,,,,,,24.16,,,,,,,,,,,,,,,,,,,,,,,496.22
2016-08-19,,,,,,,,,,,,741.63,,,9.72,,,,,17.69,,,,,,,,,,,,,,23.84,,,,,,,,,,,,,,,,,,,,,,,518.91
2016-08-26,,,,,,,,,,,,761.14,,,10.10,,,,,19.09,,,,,,,,,,,,,,24.01,,,,,,,,,,,,,,,,,,,,,,,513.23
2016-09-02,,,,,,,,,,,,751.43,,,9.98,,,,,19.37,,,,,,,,,,,,,,24.66,,,,,,,,,,,,,,,,,,,,,,,525.06
2016-09-09,,,,,,,,,,,,780.55,,,10.11,,,,,20.62,,,,,,,,,,,,,,24.81,,,,,,,,,,,,,,,,,,,,,,,579.51
2016-09-16,,,,,,,,,,,,806.07,,,9.97,,,,,20.23,,,,,,,,,,,,,,25.60,,,,,,,,,,,,,,,,,,,,,,,583.31
2016-09-23,,,,,,,,,,,,834.56,,,10.25,,,,,20.52,,,,,,,,,,,,,,25.25,,,,,,,,,,,,,,,,,,,,,,,562.27
2016-09-30,,,,,,,,,,,,835.01,,,10.67,,,,,21.01,,,,,,,,,,,,,,24.55,,,,,,,,,,,,,,,,,,,,,,,573.32
2016-10-07,,,,,,,,,,,,856.29,,,10.51,,,,,21.47,,,,,,,,,,,,,,24.97,,,,,,,,,,,,,,,,,,,,,,,559.68
2016-10-14,,,,,,,,,,,,877.41,,,10.84,,,,,22.60,,,,,,,,,,,,,,26.26,,,,,,,,,,,,,,,,,,,,,,,542.03
2016-10-21,,,,,,,,,,,,864.94,,,11.15,,,,,23.36,,,,,,,,,,,,,,27.13,,,,,,,,,,,,,,,,,,,,,,,618.49
2016-10-28,,,,,,,,,,,,891.81,,,11.70,,,,,24.48,,,,,,,,,,,,,,28.16,,,,,,,,,,,,,,,,,,,,,,,620.67
2016-11-04,,,,,,,,,,,,924.53,,,11.57,,,,,24.70,,,,,,,,,,,,,,28.12,,,,,,,,,,,,,,,,,,,,,,,631.00
2016-11-11,,,,,,,,,,,,1001.61,,,11.04,,,,,25.67,,,,,,,,,,,,,,26.99,,,,,,,,,,,,,,,,,,,,,,,629.96
2016-11-18,,,,,,,,,,,,1048.28,,,11.21,,,,,25.19,,,,,,,,,,,,,,26.73,,,,,,,,,,,,,,,,,,,,,,,652.86
2016-11-25,,,,,,,,,,,,1039.92,,,11.44,,,,,25.65,,,,,,,,,,,,,,26.54,,,,,,,,,,,,,,,,,,,,,,,708.14
2016-12-02,,,,,,,,,,,,1074.18,,,10.86,,,,,26.23,,,,,,,,,,,,,,26.34,,,,,,,,,,,,,,,,,,,,,,,737.93
2016-12-09,,,,,,,,,,,,1063.60,,,10.96,,,,,27.11,,,,,,,,,,,,,,27.53,,,,,,,,,,,,,,,,,,,,,,,718.98
2016-12-16,,,,,,,,,,,,1067.74,,,10.94,,,,,26.98,,,,,,,,,,,,,,29.63,,,,,,,,,,,,,,,,,,,,,,,738.60
2016-12-23,,,,,,,,,,,,1042.23,,,11.41,,,,,29.32,,,,,,,,,,,,,,31.14,,,,,,,,,,,,,,,,,,,,,,,711.86
2016-12-30,,,,,,,,,,,,1041.60,,,12.01,,,,,29.12,,,,,,,,,,,,,,32.09,,,,,,,,,,,,,,,,,,,,,,,739.97
2017-01-06,,,0.0300,,,,,,,,,1036.14,,,12.25,,,,,26.80,,,,,,,,,0.1500,,,0.0100,,31.76,,,,,,,,,,,,,,,,,,,,,0.002000,,750.50
2017-01-13,,,0.0296,,,,,,,,,1110.27,,,11.96,,,,,27.13,,,,,,,,,0.1548,,,0.0109,,30.97,,,,,,,,,,,,,,,,,,,,,0.002117,,767.69
2017-01-20,,,0.0294,,,,,,,,,1150.71,,,12.29,,,,,27.33,,,,,,,,,0.1593,,,0.0110,,31.86,,,,,,,,,,,,,,,,,,,,,0.002207,,825.19
2017-01-27,,,0.0290,,,,,,,,,1250.31,,,11.80,,,,,27.93,,,,,,,,,0.1670,,,0.0115,,31.97,,,,,,,,,,,,,,,,,,,,,0.002236,,830.39
2017-02-03,,,0.0293,,,,,,,,,1310.39,,,12.18,,,,,28.05,,,,,,,,,0.1770,,,0.0119,,33.66,,,,,,,,,,,,,,,,,,,,,0.002328,,826.41
2017-02-10,,,0.0297,,,,,,,,,1369.34,,,12.68,,,,,28.79,,,,,,,,,0.1825,,,0.0129,,33.81,,,,,,,,,,,,,,,,,,,,,0.002418,,839.54
2017-02-17,,,0.0304,,,,,,,,,1445.38,,,13.28,,,,,30.34,,,,,,,,,0.1960,,,0.0133,,35.44,,,,,,,,,,,,,,,,,,,,,0.002442,,867.47
2017-02-24,,,0.0313,,,,,,,,,1482.20,,,13.81,,,,,30.35,,,,,,,,,0.2161,,,0.0131,,34.84,,,,,,,,,,,,,,,,,,,,,0.002585,,909.70
2017-03-03,,,0.0331,,,,,,,,,1543.58,,,14.10,,,,,30.27,,,,,,,,,0.2225,,,0.0132,,36.87,,,,,,,,,,,,,,,,,,,,,0.002625,,905.45
2017-03-10,,,0.0338,,,,,,,,,1597.54,,,14.16,,,,,30.27,,,,,,,,,0.2305,,,0.0137,,37.14,,,,,,,,,,,,,,,,,,,,,0.002637,,932.81
2017-03-17,,,0.0350,,,,,,,,,1625.81,,,14.64,,,,,32.23,,,,,,,,,0.2497,,,0.0155,,40.69,,,,,,,,,,,,,,,,,,,,,0.002766,,988.13
2017-03-24,,,0.0367,,,,,,,,,1722.34,,,15.34,,,,,34.89,,,,,,,,,0.2602,,,0.0171,,45.53,,,,,,,,,,,,,,,,,,,,,0.002905,,1060.44
2017-03-31,,,0.0410,,,,,,,,,1804.81,,,16.32,,,,,37.42,,,,,,,,,0.2798,,,0.0179,,48.56,,,,,,,,,,,,,,,,,,,,,0.003109,,1174.77
2017-04-07,,,0.0462,,,,,,,,,2029.55,,,16.86,,,,,41.18,,,,,,,,,0.3018,,,0.0208,,50.41,,,,,,,,,,,,,,,,,,,,,0.003191,,1221.93
2017-04-14,,,0.0466,,,,,,,,,2119.16,,,17.41,,,,,44.35,,,,,,,,,0.3272,,,0.0239,,55.39,,,,,,,,,,,,,,,,,,,,,0.003302,,1258.92
2017-04-21,,,0.0516,,,,,,,,,2162.21,,,19.41,,,,,49.26,,,,,,,,,0.3452,,,0.0242,,61.63,,,,,,,,,,,,,,,,,,,,,0.003468,,1385.78
2017-04-28,,,0.0531,,,,,,,,,2252.90,,,20.52,,,,,52.88,,,,,,,,,0.3644,,,0.0267,,63.42,,,,,,,,,,,,,,,,,,,,,0.003638,,1474.33
2017-05-05,,,0.0589,,,,,,,,,2436.00,,,20.96,,,,,54.01,,,,,,,,,0.4074,,,0.0291,,65.96,,,,,,,,,,,,,,,,,,,,,0.004021,,1568.30
2017-05-12,,,0.0669,,,,,,,,,2586.91,,,23.51,,,,,61.02,,,,,,,,,0.4331,,,0.0325,,71.78,,,,,,,,,,,,,,,,,,,,,0.004419,,1612.34
2017-05-19,,,0.0747,,,,,,,,,2824.06,,,23.55,,,,,63.03,,,,,,,,,0.4324,,,0.0346,,78.28,,,,,,,,,,,,,,,,,,,,,0.004877,,1712.90
2017-05-26,,,0.0862,,,,,,,,,2876.37,,,23.63,,,,,67.44,,,,,,,,,0.4695,,,0.0373,,77.86,,,,,,,,,,,,,,,,,,,,,0.005125,,1741.81
2017-06-02,,,0.0962,,,,,,,,,3080.37,,,24.27,,,,,71.15,,,,,,,,,0.4853,,,0.0401,,85.56,,,,,,,,,,,,,,,,,,,,,0.005235,,1875.16
2017-06-09,,,0.1028,,,,,,,,,3191.68,,,25.57,,,,,73.83,,,,,,,,,0.5106,,,0.0414,,97.00,,,,,,,,,,,,,,,,,,,,,0.005523,,1944.23
2017-06-16,,,0.1120,,,,,,,,,3353.74,,,26.71,,,,,80.13,,,,,,,,,0.5577,,,0.0434,,100.85,,,,,,,,,,,,,,,,,,,,,0.005742,,1901.80
2017-06-23,,,0.1141,,,,,,,,,3665.12,,,29.41,,,,,84.45,,,,,,,,,0.6039,,,0.0469,,117.31,,,,,,,,,,,,,,,,,,,,,0.006223,,1992.36
2017-06-30,,,0.1188,,,,,,,,,3678.48,,,31.04,,,,,87.60,,,,,,,,,0.6106,,,0.0489,,119.62,,,,,,,,,,,,,,,,,,,,,0.006859,,2153.61
2017-07-07,,,0.1280,,,,,,,,,4032.49,,,32.65,,,,,90.56,,,,,,,,,0.6820,,,0.0532,,122.16,,,,,,,,,,,,,,,,,,,,,0.007136,,2203.03
2017-07-14,,,0.1310,,,,,,,,,4353.58,,,36.22,,,,,92.01,,,,,,,,,0.7383,,,0.0554,,127.08,,,,,,,,,,,,,,,,,,,,,0.007330,,2254.42
2017-07-21,,,0.1414,,,,,,,,,4470.74,,,38.31,,,,,97.58,,,,,,,,,0.7779,,,0.0572,,131.80,,,,,,,,,,,,,,,,,,,,,0.007854,,2408.56
2017-07-28,,,0.1470,,,,,,,,,4715.83,,,41.11,,,,,98.28,,,,,,,,,0.8415,,,0.0596,,141.91,,,,,,,,,,,,,,,,,,,,,0.008023,,2389.96
2017-08-04,,,0.1491,,,,,,,,,4967.10,,,43.47,,,,,101.46,,,,,,,,,0.9131,,,0.0597,,149.67,,,,,,,,,,,,,,,,,,,,,0.008077,,2462.45
2017-08-11,,,0.1610,,,,,,,,,5096.38,,,45.08,,,,,111.14,,,,,,,,,0.9510,,,0.0657,,152.38,,,,,,,,,,,,,,,,,,,,,0.008595,,2707.24
2017-08-18,,,0.1580,,,,,,,,,5238.74,,,48.12,,,,,117.31,,,,,,,,,1.02,,,0.0686,,161.52,,,,,,,,,,,,,,,,,,,,,0.008952,,2951.91
2017-08-25,,,0.1719,,,,,,,,,5563.37,,,49.87,,,,,122.72,,,,,,,,,1.07,,,0.0742,,168.38,,,,,,,,,,,,,,,,,,,,,0.009455,,3307.11
2017-09-01,,,0.1911,,,,,,,,,5797.36,,,54.21,,,,,128.70,,,,,,,,,1.06,,,0.0763,,167.12,,,,,,,,,,,,,,,,,,,,,0.009786,,3480.56
2017-09-08,,,0.2318,,,,,,,,,6425.37,,,58.91,,,,,147.44,,,,,,,,,1.10,,,0.0868,,189.67,,,,,,,,,,,,,,,,,,,,,0.0102,,3954.83
2017-09-15,,,0.2691,,,,,,,,,6978.33,,,65.60,,,,,175.92,,,,,,,,,1.24,,,0.0988,,207.22,,,,,,,,,,,,,,,,,,,,,0.0108,,4452.82
2017-09-22,,,0.2999,,,,,,,,,7680.80,,,70.75,,,,,199.50,,,,,,,,,1.40,,,0.1154,,226.03,,,,,,,,,,,,,,,,,,,,,0.0117,,4747.68
2017-09-29,,,0.3390,,,,,,,,,8524.44,,,79.06,,,,,217.01,,,,,,,,,1.61,,,0.1363,,253.75,,,,,,,,,,,,,,,,,,,,,0.0134,,5094.18
2017-10-06,,,0.3727,,,,,,,,,8909.37,,,90.18,,,,,247.35,,,,,,,,,1.79,,,0.1552,,271.40,,,,,,,,,,,,,,,,,,,,,0.0157,,5617.77
2017-10-13,,,0.4293,,,,,,,,,9981.09,,,99.99,,,,,278.42,,,,,,,,,1.95,,,0.1779,,318.43,,,,,,,,,,,,,,,,,,,,,0.0178,,6466.57
2017-10-20,,,0.4842,,,,,,,,,10668.08,,,108.95,,,,,311.85,,,,,,,,,2.26,,,0.1890,,369.74,,,,,,,,,,,,,,,,,,,,,0.0192,,7012.55
2017-10-27,,,0.5367,,,,,,,,,11189.45,,,121.97,,,,,349.47,,,,,,,,,2.42,,,0.2037,,405.53,,,,,,,,,,,,,,,,,,,,,0.0220,,7643.34
2017-11-03,,,0.5845,,,,,,,,,12209.32,,,132.34,,,,,359.68,,,,,,,,,2.71,,,0.2279,,459.22,,,,,,,,,,,,,,,,,,,,,0.0253,,8680.50
2017-11-10,,,0.6647,,,,,,,,,13006.86,,,155.45,,,,,402.91,,,,,,,,,3.03,,,0.2569,,512.12,,,,,,,,,,,,,,,,,,,,,0.0274,,9371.35
2017-11-17,,,0.7488,,,,,,,,,14275.49,,,167.34,,,,,441.06,,,,,,,,,3.40,,,0.2872,,594.19,,,,,,,,,,,,,,,,,,,,,0.0275,,10632.15
2017-11-24,,,0.8958,,,,,,,,,14793.92,,,181.20,,,,,487.80,,,,,,,,,3.63,,,0.3153,,635.82,,,,,,,,,,,,,,,,,,,,,0.0315,,12007.90
2017-12-01,,,1.07,,,,,,,,,16571.68,,,191.71,,,,,537.03,,,,,,,,,4.12,,,0.3406,,720.36,,,,,,,,,,,,,,,,,,,,,0.0340,,13042.37
2017-12-08,,,1.26,,,,,,,,,18425.16,,,207.48,,,,,621.06,,,,,,,,,4.45,,,0.3925,,813.16,,,,,,,,,,,,,,,,,,,,,0.0367,,14467.65
2017-12-15,,,1.39,,,,,,,,,20751.12,,,225.68,,,,,683.77,,,,,,,,,5.14,,,0.4319,,861.77,,,,,,,,,,,,,,,,,,,,,0.0381,,16182.30
2017-12-22,,,1.12,,,,,,,,,19900.51,,,190.81,,,,,645.22,,,,,,,,,4.60,,,0.3777,,756.81,,,,,,,,,,,,,,,,,,,,,0.0354,,14646.97
2017-12-29,,,0.9592,,,,,,,,,17474.20,,,168.99,,,,,540.42,,,,,,,,,3.90,,,0.3207,,607.81,,,,,,,,,,,,,,,,,,,,,0.0298,,13170.24
2018-01-05,,,0.7853,,,,,,0.1000,,0.1000,15187.37,80.00,,148.96,,,,,465.33,,,,,,,,,3.24,,,0.2587,,528.11,,1.00,,,,,,,,,,,,0.1500,,,,,,1.50,0.0255,,11696.80
2018-01-12,,,0.5855,,,,,,0.0821,,0.0855,13400.30,69.03,,139.04,,,,,410.91,,,,,,,,,2.54,,,0.2036,,443.90,,0.8380,,,,,,,,,,,,0.1249,,,,,,1.20,0.0228,,9939.04
2018-01-19,,,0.4614,,,,,,0.0584,,0.0685,11177.20,54.29,,127.10,,,,,336.23,,,,,,,,,2.40,,,0.1744,,385.53,,0.6755,,,,,,,,,,,,0.1050,,,,,,0.9626,0.0203,,9532.87
2018-01-26,,,0.3729,,,,,,0.0482,,0.0555,9764.42,48.51,,109.45,,,,,305.77,,,,,,,,,2.10,,,0.1421,,340.78,,0.5891,,,,,,,,,,,,0.0879,,,,,,0.7393,0.0175,,8260.07
2018-02-02,,,0.3097,,,,,,0.0399,,0.0479,8288.29,41.68,,100.00,,,,,270.64,,,,,,,,,1.90,,,0.1262,,304.53,,0.5025,,,,,,,,,,,,0.0673,,,,,,0.6357,0.0159,,7416.29
2018-02-09,,,0.2821,,,,,,0.0361,,0.0482,8061.87,41.27,,97.61,,,,,262.42,,,,,,,,,1.90,,,0.1194,,296.78,,0.4771,,,,,,,,,,,,0.0635,,,,,,0.6054,0.0156,,7105.33
2018-02-16,,,0.2849,,,,,,0.0329,,0.0462,7744.86,42.08,,95.79,,,,,263.13,,,,,,,,,1.74,,,0.1166,,297.36,,0.4623,,,,,,,,,,,,0.0638,,,,,,0.5719,0.0160,,7458.69
2018-02-23,,,0.2697,,,,,,0.0307,,0.0473,7909.48,39.69,,92.15,,,,,252.43,,,,,,,,,1.60,,,0.1085,,278.51,,0.4338,,,,,,,,,,,,0.0612,,,,,,0.5558,0.0164,,7018.06
2018-03-02,,,0.2695,,,,,,0.0290,,0.0456,7862.92,36.50,,90.97,,,,,245.90,,,,,,,,,1.58,,,0.1060,,294.10,,0.4091,,,,,,,,,,,,0.0575,,,,,,0.5230,0.0157,,6687.05
2018-03-09,,,0.2714,,,,,,0.0295,,0.0430,7461.12,35.83,,87.13,,,,,243.33,,,,,,,,,1.54,,,0.0961,,301.35,,0.4217,,,,,,,,,,,,0.0538,,,,,,0.4966,0.0155,,6586.12
2018-03-16,,,0.2677,,,,,,0.0308,,0.0412,7087.46,32.59,,82.96,,,,,235.43,,,,,,,,,1.59,,,0.0909,,295.01,,0.4071,,,,,,,,,,,,0.0543,,,,,,0.5236,0.0149,,6307.64
2018-03-23,,,0.2682,,,,,,0.0303,,0.0428,7026.42,30.95,,82.44,,,,,236.66,,,,,,,,,1.59,,,0.0896,,297.39,,0.4104,,,,,,,,,,,,0.0552,,,,,,0.5167,0.0144,,6173.36
2018-03-30,,,0.2703,,,,,,0.0277,,0.0420,6759.90,29.85,,83.72,,,,,230.74,,,,,,,,,1.54,,,0.0818,,296.50,,0.4060,,,,,,,,,,,,0.0578,,,,,,0.4921,0.0142,,6062.85
2018-04-06,,,0.2763,,,,,,0.0263,,0.0410,6706.54,28.97,,80.46,,,,,224.98,,,,,,,,,1.55,,,0.0758,,289.34,,0.3820,,,,,,,,,,,,0.0584,,,,,,0.4471,0.0136,,5979.89
2018-04-13,,,0.2965,,,,,,0.0266,,0.0405,7139.48,27.67,,75.51,,,,,230.44,,,,,,,,,1.54,,,0.0736,,298.99,,0.3894,,,,,,,,,,,,0.0578,,,,,,0.4316,0.0141,,6156.76
2018-04-20,,,0.2990,,,,,,0.0292,,0.0393,6870.72,27.23,,75.98,,,,,234.53,,,,,,,,,1.54,,,0.0753,,288.75,,0.4137,,,,,,,,,,,,0.0583,,,,,,0.4538,0.0144,,6299.56
2018-04-27,,,0.3093,,,,,,0.0302,,0.0407,7200.49,27.75,,78.27,,,,,236.12,,,,,,,,,1.64,,,0.0742,,309.27,,0.4175,,,,,,,,,,,,0.0556,,,,,,0.4611,0.0142,,6525.48
2018-05-04,,,0.3052,,,,,,0.0301,,0.0381,7161.26,25.44,,74.97,,,,,244.35,,,,,,,,,1.70,,,0.0762,,301.72,,0.4212,,,,,,,,,,,,0.0563,,,,,,0.4471,0.0150,,6767.41
2018-05-11,,,0.3063,,,,,,0.0305,,0.0388,6780.77,25.49,,73.93,,,,,238.66,,,,,,,,,1.70,,,0.0823,,311.08,,0.4170,,,,,,,,,,,,0.0583,,,,,,0.4747,0.0155,,6835.68
2018-05-18,,,0.3023,,,,,,0.0319,,0.0398,7017.95,26.41,,76.95,,,,,236.77,,,,,,,,,1.80,,,0.0838,,336.14,,0.4110,,,,,,,,,,,,0.0631,,,,,,0.4835,0.0153,,6782.04
2018-05-25,,,0.3022,,,,,,0.0330,,0.0411,6954.15,26.69,,82.73,,,,,252.57,,,,,,,,,1.84,,,0.0848,,340.53,,0.4244,,,,,,,,,,,,0.0612,,,,,,0.4845,0.0146,,6926.47
2018-06-01,,,0.3135,,,,,,0.0328,,0.0440,6754.91,25.46,,83.96,,,,,263.76,,,,,,,,,1.97,,,0.0842,,356.25,,0.4283,,,,,,,,,,,,0.0615,,,,,,0.5054,0.0150,,6622.40
2018-06-08,,,0.3354,,,,,,0.0353,,0.0434,6889.97,26.24,,85.30,,,,,261.54,,,,,,,,,1.94,,,0.0850,,373.84,,0.4412,,,,,,,,,,,,0.0614,,,,,,0.5252,0.0137,,6927.23
2018-06-15,,,0.3167,,,,,,0.0352,,0.0420,6678.32,27.73,,84.70,,,,,267.08,,,,,,,,,1.96,,,0.0875,,378.17,,0.4255,,,,,,,,,,,,0.0646,,,,,,0.5218,0.0131,,6885.63
2018-06-22,,,0.3391,,,,,,0.0371,,0.0418,6662.58,27.70,,90.89,,,,,273.05,,,,,,,,,2.01,,,0.0919,,384.67,,0.4260,,,,,,,,,,,,0.0649,,,,,,0.5264,0.0132,,7106.88
2018-06-29,,,0.3439,,,,,,0.0389,,0.0422,6732.41,25.85,,94.22,,,,,278.83,,,,,,,,,2.10,,,0.0825,,415.82,,0.4284,,,,,,,,,,,,0.0686,,,,,,0.5127,0.0135,,6917.54
2018-07-06,,,0.3237,,,,,,0.0406,,0.0406,6622.36,25.90,,93.64,,,,,272.56,,,,,,,,,2.07,,,0.0878,,404.53,,0.4188,,,,,,,,,,,,0.0691,,,,,,0.5167,0.0138,,6905.15
2018-07-13,,,0.2922,,,,,,0.0410,,0.0369,6448.55,23.86,,90.31,,,,,263.97,,,,,,,,,2.01,,,0.0852,,411.33,,0.4064,,,,,,,,,,,,0.0648,,,,,,0.5091,0.0139,,6381.50
2018-07-20,,,0.2835,,,,,,0.0397,,0.0348,6486.90,22.54,,87.63,,,,,251.27,,,,,,,,,1.92,,,0.0776,,374.91,,0.4110,,,,,,,,,,,,0.0591,,,,,,0.4657,0.0125,,6021.52
2018-07-27,,,0.2538,,,,,,0.0401,,0.0346,6123.84,23.41,,87.40,,,,,237.93,,,,,,,,,1.67,,,0.0810,,342.37,,0.3678,,,,,,,,,,,,0.0584,,,,,,0.4836,0.0126,,5920.87
2018-08-03,,,0.2463,,,,,,0.0391,,0.0340,5959.18,22.34,,84.30,,,,,221.92,,,,,,,,,1.58,,,0.0719,,327.91,,0.3378,,,,,,,,,,,,0.0527,,,,,,0.4628,0.0128,,5891.15
2018-08-10,,,0.2181,,,,,,0.0349,,0.0337,5573.03,21.04,,82.93,,,,,205.42,,,,,,,,,1.52,,,0.0649,,308.36,,0.3262,,,,,,,,,,,,0.0465,,,,,,0.4473,0.0124,,5790.46
2018-08-17,,,0.2085,,,,,,0.0348,,0.0323,5304.38,20.10,,81.57,,,,,197.05,,,,,,,,,1.46,,,0.0601,,289.33,,0.2947,,,,,,,,,,,,0.0474,,,,,,0.4051,0.0117,,5448.64
2018-08-24,,,0.2047,,,,,,0.0321,,0.0324,5009.83,19.33,,76.68,,,,,202.64,,,,,,,,,1.33,,,0.0581,,284.41,,0.2856,,,,,,,,,,,,0.0445,,,,,,0.3832,0.0114,,5229.74
2018-08-31,,,0.2016,,,,,,0.0333,,0.0302,4626.99,18.31,,80.34,,,,,188.68,,,,,,,,,1.36,,,0.0592,,267.93,,0.2783,,,,,,,,,,,,0.0451,,,,,,0.3590,0.0109,,4944.61
2018-09-07,,,0.1829,,,,,,0.0302,,0.0274,4468.27,16.85,,78.24,,,,,170.99,,,,,,,,,1.31,,,0.0584,,239.09,,0.2693,,,,,,,,,,,,0.0449,,,,,,0.3256,0.0112,,4838.32
2018-09-14,,,0.1682,,,,,,0.0282,,0.0267,4320.62,16.37,,73.34,,,,,164.70,,,,,,,,,1.19,,,0.0555,,222.34,,0.2498,,,,,,,,,,,,0.0448,,,,,,0.3223,0.0110,,4493.01
2018-09-21,,,0.1572,,,,,,0.0279,,0.0256,4468.63,15.81,,71.32,,,,,156.04,,,,,,,,,1.15,,,0.0526,,219.14,,0.2469,,,,,,,,,,,,0.0410,,,,,,0.2909,0.0100,,4409.61
2018-09-28,,,0.1421,,,,,,0.0235,,0.0248,4644.99,15.03,,70.81,,,,,149.85,,,,,,,,,1.09,,,0.0521,,208.43,,0.2380,,,,,,,,,,,,0.0394,,,,,,0.2695,0.0100,,4228.39
2018-10-05,,,0.1304,,,,,,0.0225,,0.0228,4484.83,14.28,,70.86,,,,,145.84,,,,,,,,,1.05,,,0.0514,,210.32,,0.2318,,,,,,,,,,,,0.0373,,,,,,0.2435,0.009364,,4036.43
2018-10-12,,,0.1204,,,,,,0.0209,,0.0218,4397.68,13.53,,69.57,,,,,139.97,,,,,,,,,0.9283,,,0.0471,,201.11,,0.2111,,,,,,,,,,,,0.0362,,,,,,0.2449,0.009443,,3865.42
2018-10-19,,,0.1210,,,,,,0.0197,,0.0205,4161.41,12.70,,66.38,,,,,134.82,,,,,,,,,0.8943,,,0.0450,,196.32,,0.2104,,,,,,,,,,,,0.0357,,,,,,0.2197,0.008347,,3848.06
2018-10-26,,,0.1081,,,,,,0.0183,,0.0187,3789.45,12.34,,65.74,,,,,126.54,,,,,,,,,0.7730,,,0.0419,,191.35,,0.1896,,,,,,,,,,,,0.0341,,,,,,0.2087,0.008241,,3727.31
2018-11-02,,,0.0983,,,,,,0.0181,,0.0177,3652.48,11.28,,62.62,,,,,117.48,,,,,,,,,0.7354,,,0.0428,,174.86,,0.1699,,,,,,,,,,,,0.0343,,,,,,0.1968,0.007797,,3723.56
2018-11-09,,,0.0908,,,,,,0.0184,,0.0173,3470.00,11.68,,59.32,,,,,115.38,,,,,,,,,0.7122,,,0.0430,,177.48,,0.1623,,,,,,,,,,,,0.0314,,,,,,0.1903,0.007375,,3839.43
2018-11-16,,,0.0864,,,,,,0.0169,,0.0167,3207.19,10.66,,59.58,,,,,107.99,,,,,,,,,0.6551,,,0.0420,,177.85,,0.1590,,,,,,,,,,,,0.0310,,,,,,0.1757,0.006795,,3894.02
2018-11-23,,,0.0808,,,,,,0.0157,,0.0168,3147.42,10.32,,61.64,,,,,101.12,,,,,,,,,0.6492,,,0.0401,,172.58,,0.1604,,,,,,,,,,,,0.0300,,,,,,0.1704,0.006819,,3709.57
2018-11-30,,,0.0739,,,,,,0.0139,,0.0147,3230.39,9.36,,59.14,,,,,95.91,,,,,,,,,0.6289,,,0.0396,,171.00,,0.1497,,,,,,,,,,,,0.0282,,,,,,0.1637,0.006546,,3775.30
2018-12-07,,,0.0714,,,,,,0.0135,,0.0144,3230.00,8.97,,54.74,,,,,93.11,,,,,,,,,0.5875,,,0.0369,,167.82,,0.1495,,,,,,,,,,,,0.0268,,,,,,0.1575,0.006706,,3671.93
2018-12-14,,,0.0748,,,,,,0.0130,,0.0128,3188.90,8.66,,55.13,,,,,91.23,,,,,,,,,0.5597,,,0.0335,,160.08,,0.1381,,,,,,,,,,,,0.0247,,,,,,0.1530,0.006862,,3590.05
2018-12-21,,,0.0736,,,,,,0.0137,,0.0137,3195.00,8.86,,56.21,,,,,91.08,,,,,,,,,0.5863,,,0.0342,,165.96,,0.1373,,,,,,,,,,,,0.0250,,,,,,0.1613,0.006903,,3867.19
2018-12-28,,,0.0757,,,,,,0.0146,,0.0147,3153.71,8.62,,55.09,,,,,98.11,,,,,,,,,0.5955,,,0.0389,,168.14,,0.1435,,,,,,,,,,,,0.0277,,,,,,0.1797,0.007556,,4135.97
2019-01-04,,,0.0821,,,,,,0.0158,,0.0157,3195.00,8.70,,56.64,,,,,101.05,0.008000,,,1.50,,,,,0.6070,,,0.0415,,179.16,,0.1495,,,,,,,,,,,,0.0306,,,,,,0.1797,0.007709,,4160.67
2019-01-11,,,0.0798,,,,,,0.0166,,0.0163,3434.72,9.27,,56.40,,,,,110.82,0.008866,,,1.60,,,,,0.6236,,,0.0415,,182.70,,0.1611,,,,,,,,,,,,0.0343,,,,,,0.1972,0.007791,,4130.21
2019-01-18,,,0.0838,,,,,,0.0161,,0.0171,3521.27,9.49,,55.16,,,,,116.64,0.009126,,,1.60,,,,,0.5813,,,0.0431,,199.82,,0.1769,,,,,,,,,,,,0.0352,,,,,,0.2011,0.008119,,4116.50
2019-01-25,,,0.0885,,,,,,0.0175,,0.0186,3615.01,9.81,,55.18,,,,,117.61,0.009520,,,1.69,,,,,0.6211,,,0.0434,,216.62,,0.1820,,,,,,,,,,,,0.0367,,,,,,0.2040,0.007686,,4358.55
2019-02-01,,,0.0949,,,,,,0.0183,,0.0193,3778.07,9.62,,55.82,,,,,124.87,0.009491,,,1.79,,,,,0.6128,,,0.0458,,223.42,,0.1784,,,,,,,,,,,,0.0401,,,,,,0.2071,0.007685,,4516.53
2019-02-08,,,0.1034,,,,,,0.0184,,0.0201,3938.60,10.28,,57.70,,,,,127.80,0.009643,,,1.87,,,,,0.6109,,,0.0424,,234.06,,0.1911,,,,,,,,,,,,0.0380,,,,,,0.2081,0.008047,,4957.00
2019-02-15,,,0.1081,,,,,,0.0188,,0.0208,4217.74,10.44,,57.87,,,,,130.30,0.009744,,,1.97,,,,,0.6684,,,0.0445,,239.65,,0.1965,,,,,,,,,,,,0.0373,,,,,,0.2234,0.008241,,5074.33
2019-02-22,,,0.1264,,,,,,0.0200,,0.0210,4288.75,11.34,,59.71,,,,,128.75,0.0107,,,2.00,,,,,0.7372,,,0.0481,,243.77,,0.2131,,,,,,,,,,,,0.0391,,,,,,0.2395,0.008593,,5082.95
2019-03-01,,,0.1288,,,,,,0.0220,,0.0215,4363.88,11.39,,62.18,,,,,142.09,0.0107,,,2.09,,,,,0.8009,,,0.0498,,255.51,,0.2131,,,,,,,,,,,,0.0415,,,,,,0.2478,0.009101,,5432.71
2019-03-08,,,0.1475,,,,,,0.0238,,0.0226,4518.62,11.71,,64.60,,,,,145.76,0.0114,,,2.30,,,,,0.8004,,,0.0540,,275.45,,0.2204,,,,,,,,,,,,0.0397,,,,,,0.2527,0.009733,,5589.56
2019-03-15,,,0.1483,,,,,,0.0245,,0.0242,4726.60,12.08,,65.67,,,,,149.06,0.0115,,,2.56,,,,,0.8195,,,0.0586,,298.89,,0.2369,,,,,,,,,,,,0.0408,,,,,,0.2668,0.009985,,5588.47
2019-03-22,,,0.1568,,,,,,0.0245,,0.0263,4800.75,12.68,,68.10,,,,,153.08,0.0124,,,2.62,,,,,0.8744,,,0.0578,,309.93,,0.2625,,,,,,,,,,,,0.0410,,,,,,0.2714,0.0104,,5787.15
2019-03-29,,,0.1659,,,,,,0.0264,,0.0279,5102.81,13.41,,69.50,,,,,161.92,0.0142,,,2.72,,,,,0.8748,,,0.0625,,318.74,,0.2521,,,,,,,,,,,,0.0442,,,,,,0.2774,0.0107,,6022.01
2019-04-05,,,0.1817,,,,,,0.0300,,0.0296,5480.42,14.37,,74.99,,,,,176.60,0.0151,,,3.08,,,,,0.9194,,,0.0693,,343.33,,0.2880,,,,,,,,,,,,0.0477,,,,,,0.2967,0.0112,,6314.70
2019-04-12,,,0.2095,,,,,,0.0322,,0.0315,5748.11,16.53,,84.79,,,,,193.13,0.0171,,,3.47,,,,,1.05,,,0.0740,,376.70,,0.3284,,,,,,,,,,,,0.0544,,,,,,0.3323,0.0124,,6262.11
2019-04-19,,,0.2404,,,,,,0.0359,,0.0325,6301.16,19.29,,90.94,,,,,217.95,0.0209,,,4.08,,,,,1.21,,,0.0840,,411.19,,0.3440,,,,,,,,,,,,0.0605,,,,,,0.3598,0.0142,,6732.23
2019-04-26,,,0.2707,,,,,,0.0420,,0.0360,7131.22,21.01,,98.48,,,,,233.76,0.0227,,,4.47,,,,,1.33,,,0.0914,,437.95,,0.3627,,,,,,,,,,,,0.0677,,,,,,0.3811,0.0156,,7295.04
2019-05-03,,,0.2882,,,,,,0.0475,,0.0387,7776.26,24.48,,100.23,,,,,257.34,0.0258,,,5.14,,,,,1.47,,,0.0983,,472.09,,0.3905,,,,,,,,,,,,0.0788,,,,,,0.4245,0.0177,,7870.45
2019-05-10,,,0.3152,,,,,,0.0512,,0.0401,8035.63,27.51,,109.54,,,,,268.88,0.0306,,,5.66,,,,,1.62,,,0.1148,,528.70,,0.4277,,,,,,,,,,,,0.0855,,,,,,0.4397,0.0186,,8452.16
2019-05-17,,,0.3413,,,,,,0.0584,,0.0444,8631.34,29.93,,118.54,,,,,298.90,0.0335,,,6.68,,,,,1.77,,,0.1270,,588.66,,0.4763,,,,,,,,,,,,0.0992,,,,,,0.4941,0.0196,,9236.59
2019-05-24,,,0.3675,,,,,,0.0672,,0.0490,9275.54,33.17,,120.62,,,,,322.50,0.0386,,,7.53,,,,,1.87,,,0.1466,,623.44,,0.5430,,,,,,,,,,,,0.1129,,,,,,0.5385,0.0221,,9619.81
2019-05-31,,,0.4252,,,,,,0.0800,,0.0529,10413.21,36.60,,130.99,,,,,356.57,0.0440,,,8.70,,,,,2.11,,,0.1520,,706.96,,0.5676,,,,,,,,,,,,0.1314,,,,,,0.6213,0.0229,,10267.43
2019-06-07,,,0.4585,,,,,,0.0908,,0.0578,11498.98,42.61,,146.81,,,,,384.56,0.0499,,,9.14,,,,,2.25,,,0.1737,,809.26,,0.6021,,,,,,,,,,,,0.1442,,,,,,0.6911,0.0248,,10823.53
2019-06-14,,,0.5217,,,,,,0.1021,,0.0639,12617.45,47.45,,156.07,,,,,420.49,0.0570,,,10.11,,,,,2.45,,,0.2028,,896.91,,0.6590,,,,,,,,,,,,0.1657,,,,,,0.7610,0.0276,,11830.95
2019-06-21,,,0.5828,,,,,,0.1190,,0.0667,13211.42,50.61,,168.76,,,,,485.34,0.0710,,,11.61,,,,,2.73,,,0.2099,,959.92,,0.7095,,,,,,,,,,,,0.1817,,,,,,0.8426,0.0292,,12015.06
2019-06-28,,,0.6404,,,,,,0.1233,,0.0713,14648.06,52.09,,162.77,,,,,507.86,0.0805,,,13.37,,,,,2.76,,,0.2267,,993.63,,0.7498,,,,,,,,,,,,0.2138,,,,,,0.8519,0.0306,,12759.43
2019-07-05,,,0.6335,,,,,,0.1159,,0.0689,13956.29,50.05,,155.53,,,,,496.65,0.0740,,,12.87,,,,,2.64,,,0.2262,,953.09,,0.6673,,,,,,,,,,,,0.2133,,,,,,0.7818,0.0290,,12055.96
2019-07-12,,,0.6337,,,,,,0.0974,,0.0741,13903.32,48.00,,150.02,,,,,480.19,0.0710,,,12.53,,,,,2.58,,,0.2165,,909.41,,0.6329,,,,,,,,,,,,0.2003,,,,,,0.7749,0.0286,,10458.43
2019-07-19,,,0.6162,,,,,,0.0920,,0.0707,13248.03,47.72,,149.44,,,,,447.50,0.0678,,,11.36,,,,,2.34,,,0.2012,,900.98,,0.6254,,,,,,,,,,,,0.1938,,,,,,0.7566,0.0282,,9866.01
2019-07-26,,,0.5938,,,,,,0.0895,,0.0695,13250.56,46.67,,146.05,,,,,444.25,0.0634,,,10.33,,,,,2.23,,,0.1861,,844.83,,0.5933,,,,,,,,,,,,0.1773,,,,,,0.7106,0.0255,,9585.44
2019-08-02,,,0.5622,,,,,,0.0805,,0.0681,13153.17,41.43,,137.62,,,,,414.06,0.0567,,,10.14,,,,,2.12,,,0.1756,,753.45,,0.5795,,,,,,,,,,,,0.1589,,,,,,0.6769,0.0250,,9675.78
2019-08-09,,,0.5036,,,,,,0.0644,,0.0654,13397.01,41.37,,133.89,,,,,389.72,0.0551,,,9.19,,,,,2.07,,,0.1710,,751.61,,0.6104,,,,,,,,,,,,0.1530,,,,,,0.6309,0.0241,,8767.65
2019-08-16,,,0.4632,,,,,,0.0591,,0.0611,12982.96,37.99,,134.11,,,,,373.13,0.0516,,,8.57,,,,,1.99,,,0.1686,,699.79,,0.5678,,,,,,,,,,,,0.1430,,,,,,0.5690,0.0227,,8318.82
2019-08-23,,,0.4543,,,,,,0.0560,,0.0587,12853.79,35.90,,131.24,,,,,355.97,0.0489,,,7.91,,,,,1.73,,,0.1599,,706.83,,0.5605,,,,,,,,,,,,0.1410,,,,,,0.5660,0.0221,,8077.86
2019-08-30,,,0.4192,,,,,,0.0516,,0.0574,12862.01,33.92,,124.95,,,,,340.83,0.0471,,,7.01,,,,,1.51,,,0.1491,,649.48,,0.5244,,,,,,,,,,,,0.1326,,,,,,0.5287,0.0224,,7878.39
2019-09-06,,,0.4018,,,,,,0.0498,,0.0522,12806.66,32.14,,123.38,,,,,314.26,0.0408,,,6.87,,,,,1.47,,,0.1370,,604.65,,0.5215,,,,,,,,,,,,0.1192,,,,,,0.5337,0.0210,,7764.86
2019-09-13,,,0.3753,,,,,,0.0480,,0.0487,12289.78,30.59,,115.33,,,,,308.56,0.0372,,,6.44,,,,,1.35,,,0.1170,,577.07,,0.5427,,,,,,,,,,,,0.1166,,,,,,0.5068,0.0202,,7495.15
2019-09-20,,,0.3633,,,,,,0.0423,,0.0486,12117.54,29.93,,113.04,,,,,295.63,0.0360,,,6.26,,,,,1.28,,,0.1090,,556.58,,0.5480,,,,,,,,,,,,0.1046,,,,,,0.4549,0.0196,,7241.83
2019-09-27,,,0.3478,,,,,,0.0403,,0.0461,12259.82,26.68,,106.55,,,,,282.93,0.0312,,,5.90,,,,,1.31,,,0.1044,,540.83,,0.4996,,,,,,,,,,,,0.0968,,,,,,0.4277,0.0189,,7309.47
2019-10-04,,,0.3392,,,,,,0.0360,,0.0446,12062.24,26.71,,108.71,,,,,262.91,0.0283,,,5.32,,,,,1.25,,,0.1021,,540.77,,0.4781,,,,,,,,,,,,0.0910,,,,,,0.4115,0.0178,,7586.44
2019-10-11,,,0.3021,,,,,,0.0343,,0.0464,11690.02,25.35,,104.28,,,,,251.54,0.0285,,,4.57,,,,,1.27,,,0.0923,,517.32,,0.4514,,,,,,,,,,,,0.0889,,,,,,0.3699,0.0176,,7857.58
2019-10-18,,,0.2720,,,,,,0.0327,,0.0433,11476.25,24.26,,99.09,,,,,246.21,0.0292,,,4.33,,,,,1.25,,,0.0839,,482.58,,0.4408,,,,,,,,,,,,0.0902,,,,,,0.3585,0.0169,,7613.32
2019-10-25,,,0.2460,,,,,,0.0318,,0.0430,10964.12,22.76,,97.00,,,,,233.49,0.0275,,,4.50,,,,,1.20,,,0.0793,,455.31,,0.4348,,,,,,,,,,,,0.0853,,,,,,0.3346,0.0172,,7733.49
2019-11-01,,,0.2288,,,,,,0.0273,,0.0430,10398.35,22.47,,88.12,,,,,231.66,0.0244,,,4.43,,,,,1.15,,,0.0732,,433.35,,0.4280,,,,,,,,,,,,0.0817,,,,,,0.3271,0.0178,,7094.06
2019-11-08,,,0.2326,,,,,,0.0259,,0.0397,9660.36,21.33,,88.07,,,,,222.05,0.0247,,,3.96,,,,,1.11,,,0.0667,,423.98,,0.4244,,,,,,,,,,,,0.0765,,,,,,0.2822,0.0174,,6975.94
2019-11-15,,,0.2254,,,,,,0.0259,,0.0365,9557.42,21.40,,80.54,,,,,216.12,0.0228,,,3.76,,,,,1.08,,,0.0627,,399.61,,0.4078,,,,,,,,,,,,0.0696,,,,,,0.2589,0.0173,,6494.79
2019-11-22,,,0.2208,,,,,,0.0250,,0.0326,9066.27,21.46,,75.67,,,,,204.75,0.0220,,,3.71,,,,,1.03,,,0.0587,,405.57,,0.4169,,,,,,,,,,,,0.0691,,,,,,0.2484,0.0164,,6115.06
2019-11-29,,,0.2150,,,,,,0.0241,,0.0330,8961.56,19.27,,75.95,,,,,190.37,0.0204,,,3.57,,,,,1.07,,,0.0635,,400.20,,0.3973,,,,,,,,,,,,0.0673,,,,,,0.2455,0.0158,,6287.38
2019-12-06,,,0.2069,,,,,,0.0233,,0.0325,8796.53,19.06,,72.23,,,,,179.77,0.0182,,,3.47,,,,,1.06,,,0.0620,,409.64,,0.3812,,,,,,,,,,,,0.0660,,,,,,0.2252,0.0151,,6236.39
2019-12-13,,,0.2041,,,,,,0.0217,,0.0311,8122.72,17.97,,72.12,,,,,176.48,0.0176,,,3.32,,,,,1.02,,,0.0579,,405.52,,0.3715,,,,,,,,,,,,0.0643,,,,,,0.2112,0.0136,,6268.46
2019-12-20,,,0.1908,,,,,,0.0196,,0.0307,7774.88,17.93,,71.40,,,,,173.88,0.0156,,,3.33,,,,,0.9891,,,0.0548,,393.67,,0.3328,,,,,,,,,,,,0.0623,,,,,,0.1941,0.0126,,5758.83
2019-12-27,,,0.1902,,,,,,0.0180,,0.0313,7408.40,15.96,,66.78,,,,,174.49,0.0146,,,3.10,,,,,0.9579,,,0.0536,,395.40,,0.3367,,,,,,,,,,,,0.0585,,,,,,0.1764,0.0121,,5629.41
2020-01-03,1.50,50.00,0.1742,,,0.2000,,3.50,0.0162,,0.0305,7167.46,15.28,3.00,63.21,3.00,,,,166.66,0.0132,25.00,0.002000,3.07,,,,2.00,0.9579,,,0.0476,,369.21,1.50,0.3050,,,,,,,0.0500,,0.0500,1.00,,0.0543,0.8000,,,,,0.1682,0.0112,3.00,5283.29
2020-01-10,1.38,48.37,0.1665,,,0.1865,,3.35,0.0149,,0.0289,7304.65,15.42,2.69,63.00,2.96,,,,154.14,0.0129,25.47,0.001793,2.81,,,,1.99,0.9316,,,0.0467,,360.93,1.45,0.2781,,,,,,,0.0496,,0.0499,0.9507,,0.0516,0.7038,,,,,0.1640,0.0111,2.86,5315.21
2020-01-17,1.31,47.44,0.1521,,,0.1788,,3.16,0.0142,,0.0273,7048.94,15.24,2.50,57.95,3.04,,,,155.42,0.0114,25.07,0.001658,2.71,,,,1.92,0.8890,,,0.0434,,340.00,1.31,0.2585,,,,,,,0.0469,,0.0457,0.9376,,0.0523,0.6473,,,,,0.1583,0.0110,2.79,5163.43
2020-01-24,1.29,46.38,0.1377,,,0.1774,,3.12,0.0129,,0.0263,6974.48,14.46,2.49,60.56,2.81,,,,142.54,0.0109,24.72,0.001553,2.75,,,,1.73,0.8780,,,0.0406,,348.55,1.35,0.2409,,,,,,,0.0433,,0.0450,0.8856,,0.0498,0.6118,,,,,0.1405,0.0106,2.59,4919.01
2020-01-31,1.31,42.32,0.1357,,,0.1684,,2.93,0.0126,,0.0256,6877.23,14.37,2.33,57.60,2.57,,,,133.34,0.0118,24.89,0.001377,2.47,,,,1.68,0.8626,,,0.0398,,333.58,1.28,0.2341,,,,,,,0.0412,,0.0383,0.8419,,0.0458,0.5821,,,,,0.1495,0.0105,2.45,4915.85
2020-02-07,1.28,41.28,0.1325,,,0.1746,,2.65,0.0122,,0.0236,6778.22,13.23,2.18,55.37,2.56,,,,132.42,0.0105,23.86,0.001260,2.22,,,,1.59,0.8209,,,0.0420,,327.16,1.13,0.2199,,,,,,,0.0408,,0.0397,0.7558,,0.0401,0.5953,,,,,0.1451,0.009885,2.39,4335.57
2020-02-14,1.23,40.12,0.1311,,,0.1609,,2.52,0.0110,,0.0229,6385.60,12.45,1.98,54.87,2.53,,,,126.45,0.009902,21.42,0.001177,2.12,,,,1.69,0.7574,,,0.0427,,327.23,1.09,0.2249,,,,,,,0.0393,,0.0383,0.7237,,0.0403,0.5894,,,,,0.1355,0.009178,2.27,4086.43
2020-02-21,1.18,40.36,0.1227,,,0.1541,,2.40,0.0108,,0.0200,6071.02,12.01,1.98,52.40,2.24,,,,124.33,0.009066,19.46,0.001081,2.00,,,,1.57,0.6690,,,0.0425,,330.44,1.06,0.2066,,,,,,,0.0369,,0.0363,0.7114,,0.0395,0.5383,,,,,0.1300,0.009060,2.30,4054.50
2020-02-28,1.17,38.86,0.1237,,,0.1503,,2.20,0.0109,,0.0197,5801.75,11.26,1.91,51.62,2.16,,,,120.97,0.009252,19.46,0.001034,1.99,,,,1.43,0.6537,,,0.0437,,316.67,0.9663,0.1934,,,,,,,0.0332,,0.0331,0.6724,,0.0354,0.5086,,,,,0.1286,0.008535,2.34,3996.90
2020-03-06,1.16,36.33,0.1221,,,0.1381,,2.17,0.0104,,0.0193,5416.92,10.38,1.86,48.55,2.10,,,,111.00,0.009088,17.64,0.001005,1.95,,,,1.32,0.6430,,,0.0424,,299.96,0.8744,0.1719,,,,,,,0.0319,,0.0291,0.6477,,0.0334,0.4946,,,,,0.1216,0.008204,2.30,3916.94
2020-03-13,1.15,36.06,0.1112,,,0.1385,,2.16,0.009541,,0.0187,5306.04,10.04,1.83,49.85,2.13,,,,103.63,0.009027,18.11,0.000989,1.98,,,,1.39,0.6518,,,0.0418,,304.41,0.8510,0.1678,,,,,,,0.0304,,0.0302,0.6108,,0.0345,0.4878,,,,,0.1122,0.008161,2.05,3922.23
2020-03-20,1.26,37.71,0.1205,,,0.1581,,2.29,0.009983,,0.0210,5895.45,10.78,2.06,54.43,2.23,,,,108.46,0.0104,20.67,0.001102,2.06,,,,1.62,0.6802,,,0.0441,,325.49,0.9821,0.1843,,,,,,,0.0337,,0.0334,0.6533,,0.0380,0.4819,,,,,0.1192,0.008609,2.11,4177.00
2020-03-27,1.34,42.75,0.1373,,,0.1660,,2.47,0.0109,,0.0221,6237.72,11.25,2.13,58.20,2.44,,,,112.38,0.0118,21.65,0.001212,2.29,,,,1.74,0.7340,,,0.0462,,341.97,1.06,0.1919,,,,,,,0.0364,,0.0341,0.6851,,0.0405,0.5220,,,,,0.1269,0.008996,2.30,4515.61
2020-04-03,1.40,43.72,0.1425,,,0.1743,,2.64,0.0115,,0.0224,6478.00,12.15,2.36,60.06,2.58,,,,115.98,0.0129,22.49,0.001351,2.30,,,,1.85,0.7879,,,0.0496,,393.38,1.17,0.1980,,,,,,,0.0395,,0.0345,0.7295,,0.0423,0.5911,,,,,0.1336,0.009384,2.41,5010.46
2020-04-10,1.48,49.69,0.1582,,,0.1893,,2.90,0.0128,,0.0223,6761.99,13.44,2.56,60.38,2.77,,,,129.77,0.0148,24.08,0.001529,2.45,,,,1.86,0.8110,,,0.0560,,412.26,1.26,0.2093,,,,,,,0.0462,,0.0400,0.8421,,0.0453,0.6539,,,,,0.1361,0.0103,2.48,5307.88
2020-04-17,1.52,51.97,0.1654,,,0.1978,,3.08,0.0137,,0.0245,6890.87,14.54,2.90,62.40,2.89,,,,136.91,0.0170,26.03,0.001628,2.69,,,,1.92,0.8817,,,0.0607,,431.55,1.33,0.2168,,,,,,,0.0514,,0.0457,0.8783,,0.0497,0.6581,,,,,0.1432,0.0108,2.57,5420.94
2020-04-24,1.58,56.06,0.1771,,,0.1946,,3.06,0.0146,,0.0266,6682.63,15.32,3.08,68.23,3.06,,,,147.22,0.0187,25.69,0.001829,2.92,,,,2.11,1.06,,,0.0599,,482.01,1.43,0.2337,,,,,,,0.0559,,0.0490,0.9184,,0.0543,0.6780,,,,,0.1575,0.0111,2.65,5623.44
2020-05-01,1.76,58.74,0.1935,,,0.2025,,3.41,0.0164,,0.0303,6996.31,16.83,3.35,74.40,3.20,,,,160.06,0.0203,27.50,0.001999,3.18,,,,2.27,1.14,,,0.0677,,526.08,1.61,0.2458,,,,,,,0.0587,,0.0553,1.01,,0.0618,0.7245,,,,,0.1677,0.0110,2.80,6101.95
2020-05-08,1.85,64.14,0.2072,,,0.2187,,3.54,0.0181,,0.0289,7322.32,16.99,3.80,79.91,3.49,,,,178.12,0.0213,31.45,0.002260,3.40,,,,2.55,1.16,,,0.0701,,545.24,1.72,0.2531,,,,,,,0.0670,,0.0596,1.09,,0.0652,0.7372,,,,,0.1816,0.0109,3.00,6144.97
2020-05-15,2.11,70.69,0.2243,,,0.2439,,3.71,0.0202,,0.0310,7762.59,19.08,4.23,84.60,3.52,,,,183.63,0.0232,33.87,0.002346,4.01,,,,2.92,1.26,,,0.0750,,572.56,1.80,0.2710,,,,,,,0.0737,,0.0617,1.18,,0.0699,0.7474,,,,,0.1892,0.0112,3.44,6578.63
2020-05-22,2.15,76.77,0.2283,,,0.2703,,3.94,0.0220,,0.0347,7868.08,19.43,4.48,91.56,3.57,,,,177.98,0.0249,37.10,0.002681,4.24,,,,3.09,1.39,,,0.0746,,597.77,1.98,0.2937,,,,,,,0.0786,,0.0673,1.15,,0.0735,0.8318,,,,,0.1964,0.0118,3.75,6847.71
2020-05-29,2.31,79.21,0.2443,,,0.2949,,4.30,0.0235,,0.0374,8447.52,19.30,5.07,95.13,3.89,,,,196.16,0.0257,38.75,0.002884,4.44,,,,3.56,1.44,,,0.0781,,636.31,2.05,0.3095,,,,,,,0.0867,,0.0723,1.22,,0.0777,0.8571,,,,,0.2130,0.0130,4.03,7256.10
2020-06-05,2.53,80.82,0.2797,,,0.3171,,4.95,0.0249,,0.0426,9084.97,21.13,5.55,99.10,4.36,,,,209.35,0.0258,39.83,0.003116,4.84,,,,3.83,1.59,,,0.0774,,676.00,2.08,0.3390,,,,,,,0.0940,,0.0800,1.26,,0.0878,0.9751,,,,,0.2331,0.0136,4.41,7465.64
2020-06-12,2.78,91.30,0.3133,,,0.3300,,5.44,0.0258,,0.0464,9682.06,21.13,5.74,103.13,4.62,,,,214.11,0.0287,43.14,0.003365,5.07,,,,4.30,1.78,,,0.0812,,700.55,2.31,0.3576,,,,,,,0.1018,,0.0897,1.26,,0.0993,1.07,,,,,0.2466,0.0142,4.73,7428.88
2020-06-19,3.13,97.64,0.3432,,,0.3641,,5.66,0.0288,,0.0491,10433.47,20.92,6.19,106.29,5.04,,,,230.85,0.0305,45.05,0.003647,5.27,,,,4.79,1.87,,,0.0775,,731.72,2.41,0.3609,,,,,,,0.1053,,0.0981,1.41,,0.1084,1.14,,,,,0.2687,0.0146,4.95,7533.71
2020-06-26,3.13,102.84,0.3722,,,0.3875,,6.03,0.0303,,0.0536,10565.89,23.09,6.45,109.04,5.12,,,,241.49,0.0347,49.29,0.004131,5.80,,,,4.94,1.97,,,0.0805,,807.33,2.50,0.3970,,,,,,,0.1188,,0.1146,1.48,,0.1200,1.36,,,,,0.2824,0.0146,4.95,8104.20
2020-07-03,3.12,108.38,0.4077,,,0.4165,,6.65,0.0334,,0.0599,10815.62,24.16,6.78,117.30,5.67,,,,260.21,0.0398,50.54,0.004808,6.63,,,,5.48,2.22,,,0.0807,,839.08,2.65,0.4342,,,,,,,0.1239,,0.1285,1.66,,0.1327,1.50,,,,,0.2930,0.0148,5.55,8735.71
2020-07-10,3.33,114.04,0.4074,,,0.4281,,7.73,0.0346,,0.0644,11707.14,24.75,7.40,126.59,6.09,,,,301.15,0.0405,56.40,0.005197,7.36,,,,6.02,2.30,,,0.0869,,833.48,2.95,0.4683,,,,,,,0.1383,,0.1458,1.80,,0.1439,1.59,,,,,0.3069,0.0161,6.26,9123.12
2020-07-17,3.56,117.91,0.4580,,,0.4678,,9.01,0.0365,,0.0678,12399.61,27.18,7.95,129.38,6.74,,,,327.18,0.0427,63.62,0.005932,7.98,,,,6.51,2.49,,,0.0899,,882.21,2.94,0.5149,,,,,,,0.1412,,0.1683,1.89,,0.1540,1.70,,,,,0.3261,0.0176,6.11,9983.84
2020-07-24,3.85,120.57,0.4746,,,0.5289,,9.41,0.0381,,0.0755,13172.87,28.17,8.69,131.62,7.53,,,,359.13,0.0477,69.20,0.006928,8.60,,,,6.69,2.68,,,0.1033,,901.99,3.16,0.5576,,,,,,,0.1534,,0.1760,2.11,,0.1805,1.87,,,,,0.3393,0.0175,6.62,10868.74
2020-07-31,4.18,128.75,0.5009,,,0.5432,,10.52,0.0432,,0.0760,14488.85,30.86,9.92,132.58,7.68,,,,379.87,0.0533,79.29,0.007763,9.19,,,,6.93,2.97,,,0.1064,,1004.46,3.40,0.6273,,,,,,,0.1716,,0.1906,2.21,,0.1921,2.08,,,,,0.3651,0.0180,7.06,11464.33
2020-08-07,4.13,139.70,0.5210,,,0.5566,,10.65,0.0438,,0.0772,14937.06,35.47,10.53,139.90,8.36,,,,405.31,0.0581,81.25,0.008959,10.61,,,,6.98,3.04,,,0.1125,,1028.72,3.78,0.6535,,,,,,,0.2029,,0.2174,2.37,,0.2152,2.37,,,,,0.3843,0.0184,7.60,12388.81
2020-08-14,4.43,140.91,0.5455,,,0.5928,,11.51,0.0518,,0.0782,15943.41,40.12,12.42,145.06,9.13,,,,438.32,0.0641,86.86,0.009930,10.31,,,,7.73,3.25,,,0.1191,,1160.44,4.01,0.6883,,,,,,,0.2385,,0.2288,2.48,,0.2307,2.68,,,,,0.4153,0.0185,8.00,12787.27
2020-08-21,4.69,151.64,0.5922,,,0.5890,,12.88,0.0567,,0.0872,16893.81,44.44,13.58,157.59,9.91,,,,461.25,0.0760,95.61,0.0110,10.47,,,,7.85,3.46,,,0.1270,,1194.93,4.34,0.7691,,,,,,,0.2645,,0.2355,2.62,,0.2392,2.86,,,,,0.4360,0.0189,8.13,13325.26
2020-08-28,4.84,143.24,0.6768,,,0.6451,,13.54,0.0610,,0.0879,18460.52,50.34,14.58,168.93,10.55,,,,464.08,0.0803,101.73,0.0115,11.03,,,,8.31,3.63,,,0.1342,,1206.24,4.52,0.7754,,,,,,,0.2946,,0.2307,2.88,,0.2677,3.04,,,,,0.4207,0.0194,8.58,13438.75
2020-09-04,5.01,159.25,0.7369,,,0.6578,,13.53,0.0647,,0.0920,19508.20,52.24,15.87,185.95,11.51,,,,486.65,0.0857,106.22,0.0130,11.44,,,,8.85,3.82,,,0.1388,,1204.67,4.91,0.8159,,,,,,,0.3220,,0.2417,3.18,,0.2750,3.48,,,,,0.4189,0.0204,9.24,13648.57
2020-09-11,5.37,175.56,0.7194,,,0.7060,,13.02,0.0668,,0.1028,19984.45,52.91,16.80,205.46,11.36,,,,494.22,0.0979,120.44,0.0138,11.56,,,,10.18,4.23,,,0.1501,,1226.39,5.24,0.8556,,,,,,,0.3495,,0.2742,3.46,,0.2803,3.95,,,,,0.4482,0.0217,10.32,13719.33
2020-09-18,5.65,181.62,0.7206,,,0.7536,,15.27,0.0663,,0.1083,21205.16,56.26,17.85,205.22,12.13,,,,506.71,0.0956,133.33,0.0154,12.31,,,,10.92,4.60,,,0.1596,,1321.12,5.55,0.9426,,,,,,,0.3793,,0.2960,3.48,,0.3011,4.11,,,,,0.4642,0.0219,10.49,15255.67
2020-09-25,6.24,204.58,0.7315,,,0.7967,,15.46,0.0692,,0.1103,22881.52,58.69,19.84,217.29,13.93,,,,507.43,0.1083,147.33,0.0158,13.60,,,,11.76,4.80,,,0.1631,,1349.18,6.43,0.9939,,,,,,,0.4192,,0.3069,3.56,,0.3332,4.19,,,,,0.4844,0.0228,11.15,15804.21
2020-10-02,6.67,221.03,0.7984,,,0.8106,,16.31,0.0781,,0.1202,22897.09,62.93,19.52,226.25,15.78,,,,517.05,0.1124,160.53,0.0158,14.10,,,,12.79,4.93,,,0.1705,,1445.96,7.00,1.06,,,,,,,0.4428,,0.3337,3.74,,0.3603,4.41,,,,,0.5097,0.0229,11.79,16042.91
2020-10-09,6.76,235.21,0.8552,,,0.8785,,17.11,0.0854,,0.1293,24161.24,64.60,20.96,237.85,16.71,,,,507.42,0.1216,184.32,0.0167,14.55,,,,13.80,5.23,,,0.1877,,1449.80,7.71,1.14,,,,,,,0.4716,,0.3624,4.09,,0.3957,4.53,,,,,0.5546,0.0237,12.51,16753.33
2020-10-16,7.09,258.52,0.9061,,,0.8894,,17.97,0.0926,,0.1425,25609.93,66.24,24.55,249.29,18.52,,,,530.37,0.1337,201.39,0.0188,16.11,,,,15.17,5.43,,,0.1937,,1533.20,8.56,1.19,,,,,,,0.5270,,0.4111,4.17,,0.4071,4.85,,,,,0.5932,0.0242,13.91,17689.18
2020-10-23,7.48,258.67,0.9165,,,0.9472,,17.57,0.1038,,0.1494,29173.79,76.08,26.00,258.37,20.32,,,,586.83,0.1339,198.63,0.0196,17.52,,,,16.44,5.92,,,0.1952,,1481.30,9.48,1.22,,,,,,,0.5182,,0.4429,4.52,,0.4307,5.12,,,,,0.6246,0.0248,13.99,18012.58
2020-10-30,8.04,275.87,0.9801,,,0.9634,,18.61,0.1014,,0.1586,31645.76,76.17,27.11,271.33,22.50,,,,607.63,0.1399,194.43,0.0211,20.12,,,,17.66,6.21,,,0.2083,,1548.95,9.83,1.32,,,,,,,0.5602,,0.4748,4.60,,0.4805,5.65,,,,,0.6488,0.0265,14.54,18301.87
2020-11-06,8.24,272.56,1.06,,,0.9497,,18.90,0.0996,,0.1667,32827.94,79.66,27.73,272.10,24.23,,,,627.12,0.1524,198.85,0.0228,22.49,,,,19.20,6.43,,,0.2217,,1607.42,10.53,1.38,,,,,,,0.5961,,0.5129,4.67,,0.4909,5.75,,,,,0.6494,0.0265,15.48,18528.89
2020-11-13,8.85,287.75,1.04,,,1.02,,20.81,0.1026,,0.1785,33358.83,84.64,28.12,267.55,25.29,,,,656.07,0.1611,200.97,0.0240,24.15,,,,20.37,6.79,,,0.2280,,1746.43,10.76,1.48,,,,,,,0.6692,,0.5602,4.88,,0.5112,6.43,,,,,0.6542,0.0266,16.15,20061.40
2020-11-20,9.46,292.97,1.10,,,1.06,,21.58,0.1149,,0.1787,36365.46,92.33,31.29,274.29,26.62,,,,658.00,0.1695,216.77,0.0271,24.55,,,,21.34,7.10,,,0.2280,,1862.49,11.20,1.55,,,,,,,0.7036,,0.5808,5.15,,0.5389,6.81,,,,,0.6754,0.0279,18.14,20993.91
2020-11-27,10.33,293.64,1.17,,,1.07,,21.69,0.1197,,0.1967,38924.39,98.62,31.37,283.51,28.50,,,,694.87,0.1682,221.66,0.0290,26.64,,,,20.71,7.41,,,0.2417,,2002.85,12.32,1.66,,,,,,,0.7292,,0.5739,5.35,,0.5946,7.73,,,,,0.7323,0.0293,19.47,21487.58
2020-12-04,10.84,328.00,1.20,,,1.19,,22.85,0.1359,,0.1966,41238.19,101.56,31.61,296.74,31.29,,,,710.40,0.1695,233.83,0.0309,28.93,,,,22.84,7.77,,,0.2723,,2110.59,13.02,1.66,,,,,,,0.7728,,0.6064,5.84,,0.6430,7.93,,,,,0.7797,0.0311,21.77,23016.51
2020-12-11,11.74,346.59,1.30,,,1.31,,23.10,0.1440,,0.2014,43433.76,112.39,32.93,286.19,32.62,,,,767.51,0.1864,251.59,0.0327,29.19,,,,24.77,7.93,,,0.3103,,2249.33,13.63,1.71,,,,,,,0.8247,,0.6432,6.41,,0.6883,8.28,,,,,0.8785,0.0323,23.70,23518.16
2020-12-18,12.54,369.50,1.28,,,1.49,,25.90,0.1523,,0.2037,45705.06,119.36,35.63,299.30,35.18,,,,842.72,0.2052,255.64,0.0371,33.03,,,,29.60,8.00,,,0.3301,,2191.34,14.92,1.77,,,,,,,0.9524,,0.6673,6.34,,0.7183,8.22,,,,,0.9537,0.0313,25.12,22890.19
2020-12-25,13.07,412.38,1.38,,,1.52,,27.60,0.1639,,0.2185,45744.41,129.11,33.97,305.27,36.57,,,,902.68,0.2209,256.07,0.0381,35.38,,,,31.36,8.24,,,0.3419,,2344.89,15.65,1.86,,,,,,,1.11,,0.6735,6.23,,0.7863,8.60,,,,,0.9987,0.0317,26.33,25056.02
2021-01-01,17.14,541.72,1.75,1.50,,1.88,1.50,33.86,0.2217,,0.2882,56352.63,167.11,45.70,361.40,47.94,8.00,,20.00,1159.89,0.2909,336.76,0.0537,46.25,50.00,0.8000,,42.47,11.21,,,0.4367,2.00,2934.87,20.93,2.40,,1.50,,,0.1500,,1.54,0.5000,0.9270,7.73,,1.05,12.48,,,,,1.32,0.0389,34.07,31098.05
2021-01-08,22.85,697.19,2.43,2.00,,2.44,2.07,47.74,0.3089,,0.3930,71306.44,220.59,60.90,444.97,63.76,11.42,,25.70,1428.52,0.4157,449.60,0.0778,62.12,76.37,1.02,,60.62,14.46,,,0.5923,2.65,3851.54,29.42,3.08,,2.11,,,0.2015,,2.21,0.6711,1.28,10.41,,1.41,17.98,,,,,1.78,0.0457,44.87,40203.13
2021-01-15,24.64,727.16,2.58,2.08,,2.68,2.16,50.86,0.3443,,0.3989,77127.09,218.19,68.47,454.48,66.27,11.12,,26.35,1439.26,0.4304,469.05,0.0858,65.91,82.29,1.02,,61.54,16.01,,,0.6021,2.94,3966.95,31.16,3.34,,2.32,,,0.2104,,2.30,0.6979,1.37,11.24,,1.49,19.58,,,,,1.97,0.0477,47.61,39589.67
2021-01-22,23.33,770.70,2.71,2.14,,2.82,2.27,56.11,0.3672,,0.4053,82107.20,226.99,73.80,462.70,67.83,11.82,,27.46,1522.27,0.4523,457.06,0.0892,71.55,86.28,1.06,,67.31,16.27,,,0.5932,3.06,4052.83,31.75,3.47,,2.48,,,0.2206,,2.47,0.7726,1.43,11.87,,1.53,20.11,,,,,2.03,0.0484,50.60,44038.94
2021-01-29,23.76,793.60,2.84,2.29,,2.98,2.51,53.52,0.3508,,0.4159,87672.76,224.21,68.59,486.35,71.78,11.94,,27.64,1537.24,0.4829,467.78,0.0965,66.71,88.14,1.06,,70.11,16.63,,,0.6385,2.97,4214.62,34.37,3.86,,2.55,,,0.2342,,2.42,0.7384,1.57,12.41,,1.69,20.22,,,,,2.16,0.0529,53.90,45976.32
2021-02-05,24.85,782.82,3.14,2.35,,3.17,2.48,53.86,0.3955,,0.4291,94551.86,234.47,67.11,516.13,73.64,13.03,,28.82,1523.28,0.5168,532.22,0.1044,70.04,98.22,1.12,,74.39,16.67,,,0.6733,3.23,4254.69,38.47,4.02,,2.58,,,0.2547,,2.53,0.7895,1.64,12.94,,1.81,21.73,,,,,2.11,0.0526,58.48,47378.81
2021-02-12,25.48,778.41,3.17,2.27,,3.30,2.54,54.67,0.4191,,0.4546,103785.90,232.09,74.13,549.04,74.99,13.92,,29.55,1596.34,0.5843,571.25,0.1129,72.44,97.39,1.17,,82.05,16.45,,,0.6761,3.39,4273.33,39.47,4.14,,2.57,,,0.2575,,2.76,0.7854,1.63,13.21,,1.96,22.92,,,,,2.18,0.0544,57.35,49804.15
2021-02-19,27.01,801.75,3.46,2.28,,3.59,2.69,56.95,0.4450,,0.4733,111203.85,233.67,75.89,585.15,76.91,15.31,,32.60,1641.97,0.6389,572.44,0.1235,76.83,105.71,1.20,,80.62,17.44,,,0.6523,3.50,4575.98,42.12,4.62,,2.80,,,0.2635,,2.93,0.8169,1.61,13.32,,2.02,22.39,,,,,2.29,0.0556,56.41,52204.92
2021-02-26,28.95,844.91,3.60,2.46,,3.85,2.87,58.16,0.4785,,0.5168,113090.56,264.20,78.44,605.13,78.65,16.37,,31.92,1681.07,0.6476,603.52,0.1363,82.94,100.31,1.35,,85.83,17.68,,,0.6859,3.69,4646.20,44.97,4.72,,2.89,,,0.2693,,2.92,0.8554,1.75,14.19,,2.19,24.10,,,,,2.36,0.0589,56.18,52473.40
2021-03-05,29.22,917.43,3.92,2.64,,4.17,2.91,62.25,0.5058,,0.5573,116642.56,273.13,84.60,641.87,80.44,17.29,,32.03,1612.83,0.6940,647.86,0.1460,80.48,104.92,1.30,,95.26,17.73,,,0.7506,3.99,4680.03,45.50,5.00,,2.93,,,0.2835,,3.03,0.8363,1.68,14.96,,2.25,25.06,,,,,2.53,0.0630,58.32,53713.11
2021-03-12,31.09,912.33,4.16,2.84,,4.47,2.83,63.73,0.5176,,0.5848,122391.57,302.40,87.56,653.07,87.97,18.55,,34.84,1695.67,0.7015,644.51,0.1445,86.93,117.49,1.46,,103.62,19.22,,,0.7676,3.99,4996.77,48.99,5.24,,3.12,,,0.3009,,3.38,0.9103,1.82,16.14,,2.42,26.14,,,,,2.72,0.0621,63.57,53468.49
2021-03-19,32.83,924.76,4.47,2.98,,4.41,3.03,65.74,0.5706,,0.6113,128110.65,305.87,90.28,665.27,95.20,21.05,,35.28,1826.87,0.6770,644.79,0.1468,86.54,115.93,1.55,,108.10,20.28,,,0.8231,4.21,5301.79,51.75,5.26,,3.41,,,0.3087,,3.44,0.9425,1.86,16.60,,2.58,28.17,,,,,2.77,0.0630,69.33,56208.55
2021-03-26,36.88,1007.60,4.90,2.96,,4.73,3.18,67.89,0.6107,,0.6615,134502.10,310.32,98.13,673.94,100.66,22.01,,36.48,1949.50,0.6878,727.06,0.1435,88.89,125.27,1.67,,113.30,21.09,,,0.8736,4.37,5759.95,56.64,5.66,,3.44,,,0.3228,,3.60,0.9479,1.99,17.01,,2.78,28.67,,,,,3.08,0.0632,73.31,59637.08
2021-04-02,37.76,1085.48,4.92,3.30,,4.95,3.26,70.82,0.6712,,0.6764,136167.83,322.79,98.76,734.91,103.35,24.14,,38.28,1967.73,0.7308,785.64,0.1507,97.99,139.27,1.81,,117.04,21.15,,,0.8923,4.60,6089.32,54.84,5.92,,3.63,,,0.3351,,4.01,1.00,2.23,17.64,,3.03,32.44,,,,,3.37,0.0629,76.16,61037.04
2021-04-09,40.16,1162.62,5.02,3.48,,4.80,3.63,73.25,0.7151,,0.6989,145596.90,302.82,104.20,756.80,106.56,27.44,,38.66,2100.17,0.7883,864.13,0.1552,100.10,155.34,1.93,,115.56,21.62,,,0.9461,4.96,6180.16,51.37,6.29,,3.63,,,0.3251,,3.76,1.07,2.37,18.28,,3.36,35.34,,,,,3.73,0.0620,79.78,59908.68
2021-04-16,39.46,1141.44,5.09,3.45,,4.87,3.70,79.08,0.6961,,0.6671,145675.80,290.45,109.54,745.13,103.19,26.54,,39.35,2072.00,0.7559,914.13,0.1474,99.22,158.29,1.78,,116.71,20.63,,,0.9681,4.73,6281.36,53.16,6.43,,3.63,,,0.3190,,3.62,1.12,2.27,17.38,,3.42,33.72,,,,,3.57,0.0586,77.51,59335.35
2021-04-23,34.13,1017.48,4.34,2.85,,4.13,3.17,69.26,0.5610,,0.5586,125168.97,228.95,93.15,680.14,89.48,21.38,,36.10,1762.94,0.6374,770.66,0.1155,85.18,129.78,1.53,,97.68,17.85,,,0.9186,4.26,5671.16,43.38,5.74,,3.14,,,0.2698,,2.89,0.9686,1.53,15.01,,2.78,29.24,,,,,3.02,0.0505,65.32,50701.68
2021-04-30,29.81,881.78,3.78,2.28,,3.54,2.46,59.00,0.4620,,0.4888,111283.26,197.08,82.89,602.32,76.06,16.30,,30.16,1533.84,0.5417,642.92,0.0925,69.54,100.52,1.31,,75.28,16.30,,,0.7622,3.77,4730.33,36.42,5.05,,2.70,,,0.2174,,2.38,0.7984,1.22,13.45,,2.41,23.42,,,,,2.44,0.0465,55.22,41192.34
2021-05-07,26.38,753.75,3.33,1.80,,2.61,2.08,49.25,0.3346,,0.3996,108130.85,164.11,70.71,526.47,58.04,13.10,,25.86,1309.32,0.4307,549.90,0.0744,54.27,82.79,1.01,,56.26,14.56,,,0.6673,3.22,3925.10,28.46,4.27,,2.11,,,0.1773,,1.99,0.7331,0.9707,11.91,,1.82,19.39,,,,,1.99,0.0423,46.10,38415.53
2021-05-14,21.71,662.74,2.74,1.48,,2.21,1.66,40.47,0.2668,,0.3457,96404.14,143.72,60.90,453.54,50.99,9.93,,22.96,1161.72,0.3076,466.53,0.0588,43.51,71.62,0.8224,,44.99,12.66,,,0.5889,2.73,3603.86,23.73,3.32,,1.74,,,0.1459,,1.66,0.5662,0.8952,10.44,,1.53,16.48,,,,,1.85,0.0393,40.65,34317.69
2021-05-21,19.57,589.03,2.36,1.28,,1.89,1.47,32.96,0.2346,,0.3130,89904.29,126.34,61.77,442.02,43.39,8.82,,20.48,1022.69,0.2493,427.78,0.0498,40.59,65.77,0.7855,,38.53,11.79,,,0.5484,2.43,3223.15,22.43,3.04,,1.61,,,0.1266,,1.37,0.5057,0.7811,9.03,,1.36,13.18,,,,,1.59,0.0376,37.52,31408.82
2021-05-28,19.46,585.66,2.41,1.37,,2.02,1.50,32.69,0.2481,,0.3132,90775.76,137.33,66.41,454.82,42.77,9.28,,21.88,1040.99,0.2758,465.30,0.0557,42.64,70.62,0.8583,,40.71,11.93,,,0.5568,2.53,3169.13,23.26,3.26,,1.52,,,0.1386,,1.49,0.5127,0.8330,9.33,,1.48,14.32,,,,,1.57,0.0392,38.54,32287.46
2021-06-04,19.57,643.27,2.60,1.37,,1.99,1.53,34.61,0.2620,,0.3388,95218.18,147.38,70.01,445.82,43.95,10.13,,22.50,1089.81,0.2843,462.33,0.0578,44.81,71.60,0.8804,,40.65,12.77,,,0.5687,2.76,3424.27,24.18,3.25,,1.45,,,0.1355,,1.47,0.5537,0.8730,9.77,,1.41,14.25,,,,,1.67,0.0405,39.68,33704.25
2021-06-11,21.41,659.05,2.71,1.44,,2.23,1.45,37.00,0.2726,,0.3574,95743.75,152.30,74.92,500.23,46.89,10.17,,22.84,1106.51,0.2743,472.49,0.0622,44.11,78.46,0.9289,,40.94,13.09,,,0.6228,2.93,3520.38,24.98,3.36,,1.47,,,0.1292,,1.66,0.5735,0.9256,10.07,,1.42,14.79,,,,,1.63,0.0445,39.17,33407.18
2021-06-18,21.76,712.51,2.81,1.42,,2.41,1.55,39.33,0.2937,,0.4025,104436.68,153.61,83.06,518.26,49.46,9.84,,23.39,1110.34,0.2970,509.68,0.0590,45.74,86.25,0.9547,,43.74,13.66,,,0.6515,2.99,3470.36,24.87,3.56,,1.52,,,0.1331,,1.70,0.5846,1.01,10.27,,1.39,15.92,,,,,1.68,0.0455,43.01,34227.74
2021-06-25,22.71,704.39,2.89,1.51,,2.35,1.63,41.09,0.3076,,0.4320,108120.58,167.89,82.95,532.90,51.37,9.78,,24.91,1229.15,0.3102,538.12,0.0618,46.10,82.63,0.9611,,42.84,14.91,,,0.6700,3.05,3673.17,24.77,3.58,,1.58,,,0.1431,,1.81,0.6075,1.05,10.77,,1.46,15.96,,,,,1.74,0.0449,44.67,34548.78
2021-07-02,25.62,726.45,2.84,1.56,,2.47,1.80,41.73,0.2997,,0.4599,106371.50,170.96,85.40,544.51,54.57,9.90,,25.42,1265.81,0.3264,559.26,0.0657,49.48,87.94,1.01,,41.61,15.39,,,0.7045,3.24,3687.42,25.14,3.62,,1.67,,,0.1539,,1.86,0.6458,1.10,11.07,,1.50,17.18,,,,,1.82,0.0493,44.76,36011.51
2021-07-09,25.95,726.60,2.95,1.62,,2.82,1.86,41.43,0.3170,,0.4378,108762.96,177.11,91.70,574.27,55.43,10.26,,25.49,1257.02,0.3458,550.18,0.0672,49.29,94.26,1.12,,40.91,14.83,,,0.7242,3.34,3817.62,25.75,3.71,,1.75,,,0.1656,,1.78,0.6568,1.16,11.04,,1.66,17.50,,,,,1.89,0.0514,45.31,34726.04
2021-07-16,26.39,778.50,3.02,1.63,,3.01,1.90,42.22,0.3335,,0.4653,119279.49,189.09,99.87,578.89,55.17,10.73,,26.36,1250.36,0.3588,578.52,0.0712,52.20,99.86,1.14,,41.58,14.63,,,0.7984,3.45,3894.00,25.85,4.23,,1.74,,,0.1687,,1.89,0.6909,1.26,12.18,,1.76,17.52,,,,,1.93,0.0530,50.57,34000.73
2021-07-23,28.44,809.29,3.24,1.68,,3.02,2.03,45.08,0.3633,,0.4803,120143.81,184.27,107.34,600.50,55.04,10.93,,26.71,1227.04,0.3619,572.40,0.0730,52.55,96.59,1.27,,45.34,14.67,,,0.8330,3.62,4162.13,26.07,4.53,,1.76,,,0.1659,,2.03,0.7439,1.46,12.01,,1.88,18.02,,,,,2.06,0.0517,49.87,33988.38
2021-07-30,29.46,816.39,3.44,1.82,,3.18,2.25,47.69,0.3599,,0.5216,120995.17,197.33,118.77,623.54,53.77,10.95,,28.79,1257.36,0.3796,610.22,0.0784,55.16,100.02,1.30,,48.69,15.40,,,0.8520,3.90,4259.16,26.26,4.56,,1.75,,,0.1700,,2.23,0.7449,1.53,12.09,,1.93,17.69,,,,,2.11,0.0525,52.68,35096.72
2021-08-06,29.10,876.37,3.60,1.90,,3.29,2.28,50.05,0.3839,,0.5032,122093.56,202.34,124.84,661.93,54.05,11.17,,29.13,1262.18,0.3909,650.83,0.0780,58.24,96.39,1.32,,49.86,16.80,,,0.8708,3.69,4083.70,27.42,4.81,,1.84,,,0.1771,,2.44,0.7530,1.66,11.72,,1.93,17.15,,,,,2.17,0.0536,54.77,36054.26
2021-08-13,29.05,898.88,3.53,2.08,,3.36,2.32,55.42,0.3799,,0.4976,121160.06,208.95,132.15,693.22,61.38,10.52,,30.65,1277.21,0.3984,657.49,0.0782,64.56,104.67,1.37,,54.58,16.39,,,0.8542,3.50,4098.55,28.79,4.98,,1.92,,,0.1736,,2.62,0.7823,1.78,11.24,,2.03,17.08,,,,,2.21,0.0558,56.91,35951.14
2021-08-20,30.01,876.75,3.82,2.14,,3.61,2.36,56.43,0.3841,,0.5310,121639.60,221.59,135.36,666.70,62.19,10.41,,31.62,1265.72,0.4331,678.30,0.0809,68.79,114.26,1.41,,54.88,15.84,,,0.8594,3.53,4227.48,29.60,5.27,,1.94,,,0.1794,,2.87,0.8156,1.85,11.34,,2.05,17.24,,,,,2.25,0.0584,58.42,35257.23
2021-08-27,32.98,916.04,3.75,2.19,,3.74,2.62,56.09,0.4184,,0.5774,122415.81,227.02,134.94,678.41,64.30,11.17,,33.82,1272.81,0.4144,701.68,0.0854,72.11,117.66,1.47,,60.45,16.54,,,0.8751,3.57,4320.08,32.91,5.41,,2.00,,,0.1823,,3.13,0.8978,1.97,11.75,,2.13,16.30,,,,,2.39,0.0600,61.46,35319.37
2021-09-03,33.59,931.98,4.05,2.23,,4.15,2.76,55.35,0.4350,,0.5816,117446.87,249.21,144.37,706.07,66.98,10.95,,34.26,1346.72,0.4136,654.53,0.0882,74.41,123.77,1.57,,64.35,17.20,,,0.9446,3.48,4515.23,35.19,5.34,,1.95,,,0.1835,,3.18,0.9494,2.00,11.75,,2.16,17.81,,,,,2.47,0.0610,63.37,37716.81
2021-09-10,33.75,1008.53,4.23,2.30,,4.68,2.75,56.76,0.4307,,0.6223,126363.03,274.24,157.63,718.61,68.40,10.60,,37.80,1408.35,0.4233,712.87,0.0882,78.50,128.37,1.66,,66.62,16.82,,,0.9784,3.74,4636.05,37.84,5.32,,2.02,,,0.1855,,3.42,0.9792,2.15,12.63,,2.30,18.82,,,,,2.47,0.0624,64.29,38240.57
2021-09-17,34.38,1004.57,4.07,2.33,,4.87,2.69,59.09,0.4871,,0.6676,135783.02,288.12,171.72,719.45,69.10,9.75,,40.56,1522.60,0.4320,730.72,0.0890,82.73,141.14,1.60,,70.29,17.16,,,1.01,3.93,4734.66,39.30,5.45,,2.17,,,0.1951,,3.60,0.9641,2.20,13.49,,2.39,20.20,,,,,2.72,0.0660,66.80,38560.96
2021-09-24,32.22,1031.18,4.17,2.45,,5.00,2.76,57.06,0.4886,,0.7019,146200.03,297.20,181.02,758.29,69.35,10.33,,40.71,1612.17,0.4545,765.38,0.0896,88.32,161.67,1.59,,71.94,17.82,,,1.08,3.97,4403.36,43.23,5.78,,2.09,,,0.1973,,4.00,1.04,2.39,13.84,,2.49,21.00,,,,,2.92,0.0656,67.06,40819.85
2021-10-01,33.22,1118.33,4.22,2.54,,4.99,2.87,55.82,0.5001,,0.6856,152933.79,316.01,175.18,808.33,78.56,10.79,,41.00,1811.26,0.4482,793.05,0.0942,96.66,171.81,1.62,,71.79,18.14,,,1.07,4.11,4439.91,42.37,6.23,,2.13,,,0.1945,,4.14,1.08,2.31,14.47,,2.48,23.47,,,,,3.08,0.0662,67.48,41708.78
2021-10-08,35.07,1153.95,4.34,2.64,,5.04,2.93,53.19,0.5447,,0.7161,153245.34,350.58,182.89,801.33,83.96,11.45,,42.83,1840.68,0.4777,812.66,0.1006,92.58,176.04,1.79,,72.20,18.30,,,1.09,4.05,4224.92,43.78,6.47,,2.20,,,0.2003,,4.32,1.15,2.39,14.62,,2.55,25.10,,,,,3.35,0.0663,70.13,43227.26
2021-10-15,34.92,1192.70,4.26,2.55,,5.28,3.00,55.79,0.5690,,0.7123,156905.33,346.11,200.96,786.32,86.28,11.40,,45.00,1876.30,0.4882,869.46,0.1051,98.10,175.74,1.75,,75.26,18.64,,,1.15,4.17,4372.12,42.67,7.12,,2.26,,,0.2129,,4.35,1.20,2.36,15.36,,2.61,26.28,,,,,3.55,0.0651,70.73,44970.72
2021-10-22,38.81,1225.66,4.52,2.63,,5.83,2.89,58.26,0.5532,,0.6661,162265.95,360.22,206.67,802.54,99.76,11.76,,47.19,1892.92,0.5169,891.80,0.1076,109.30,193.66,1.82,,70.82,18.97,,,1.31,4.27,4659.92,47.09,7.41,,2.26,,,0.2002,,4.67,1.20,2.47,15.11,,2.68,27.51,,,,,3.71,0.0642,76.53,45220.01
2021-10-29,37.65,1260.87,4.70,2.75,,6.32,2.97,60.32,0.5509,,0.7092,167258.89,367.05,198.49,858.30,98.51,11.95,,49.23,1875.51,0.5056,846.60,0.1157,110.94,229.67,1.81,,70.77,19.15,,,1.37,4.33,4887.74,47.18,7.28,,2.18,,,0.1899,,4.76,1.22,2.51,16.34,,2.91,28.37,,,,,3.60,0.0645,77.45,45380.79
2021-11-05,37.90,1271.34,4.80,2.78,,6.58,3.13,60.45,0.6075,,0.7054,163362.90,385.47,199.69,887.57,92.75,13.21,,51.92,1839.45,0.4950,933.85,0.1169,111.25,215.12,1.85,,72.77,20.23,,,1.34,4.21,5099.50,51.19,7.11,,2.35,,,0.1969,,5.19,1.26,2.34,16.78,,3.15,28.59,,,,,3.68,0.0656,71.43,49029.19
2021-11-12,36.58,1294.15,4.78,2.92,,6.67,3.09,58.10,0.6284,,0.6531,166399.14,368.52,209.94,891.41,94.98,13.24,,48.59,1785.46,0.5092,939.12,0.1229,113.01,204.83,1.79,,73.00,18.52,,,1.42,4.28,5310.93,47.73,7.42,,2.56,,,0.1865,,5.36,1.25,2.18,17.09,,3.25,27.83,,,,,3.83,0.0619,67.18,49211.42
2021-11-19,33.49,1148.90,4.46,2.70,,6.32,2.77,53.47,0.5415,,0.6497,151417.06,364.90,188.19,797.19,91.32,11.84,,46.25,1716.88,0.4568,830.27,0.1146,101.88,187.37,1.47,,67.18,16.64,,,1.39,4.02,4971.29,43.37,6.52,,2.49,,,0.1838,,4.85,1.23,1.89,15.10,,2.93,25.05,,,,,3.42,0.0594,61.81,44358.94
2021-11-26,31.28,1088.04,4.05,2.56,,5.49,2.55,45.22,0.4504,,0.5782,137195.60,323.56,166.73,768.48,81.78,9.67,,44.50,1534.18,0.4016,768.96,0.1028,96.53,169.53,1.28,,66.71,15.44,,,1.27,3.83,4655.02,39.26,6.55,,2.23,,,0.1647,,4.34,1.18,1.55,12.65,,2.58,20.37,,,,,3.06,0.0568,53.98,39357.65
2021-12-03,28.69,1030.36,3.39,2.40,,5.19,2.41,42.79,0.4418,,0.5209,128638.23,288.56,149.23,757.65,69.97,8.22,,43.20,1464.94,0.3476,724.88,0.0929,93.10,150.10,1.22,,67.54,14.56,,,1.16,3.61,4260.14,38.82,6.03,,2.00,,,0.1442,,4.06,1.12,1.35,11.86,,2.16,18.12,,,,,2.82,0.0567,47.40,35113.07
2021-12-10,25.28,890.77,3.23,2.32,,4.81,2.29,38.53,0.3877,,0.4696,118993.91,244.62,135.20,709.43,65.57,7.34,,39.55,1307.40,0.3076,679.92,0.0778,84.27,134.04,1.07,,59.22,13.53,,,1.01,3.35,3820.85,36.22,6.03,,1.75,,,0.1339,,3.48,1.08,1.12,11.07,,1.87,15.82,,,,,2.46,0.0549,41.49,33447.10
2021-12-17,22.80,810.91,2.93,2.02,,4.44,2.21,33.23,0.3623,,0.4570,108267.17,208.25,122.71,652.94,64.33,6.53,,35.29,1154.89,0.2863,601.69,0.0692,79.36,115.08,0.9696,,53.35,12.80,,,0.9465,3.04,3553.27,31.61,5.19,,1.61,,,0.1315,,2.96,0.9613,0.9535,10.43,,1.72,13.85,,,,,2.15,0.0518,35.15,31409.25
2021-12-24,21.60,703.64,2.47,1.95,,3.96,2.10,29.52,0.3168,,0.4258,98287.03,190.18,107.86,585.05,59.26,5.72,,32.31,1017.77,0.2730,567.74,0.0645,70.52,91.93,0.9572,,47.95,11.45,,,0.8811,2.92,3293.80,29.78,4.95,,1.39,,,0.1159,,2.75,0.7917,0.8409,8.96,,1.52,12.04,,,,,1.93,0.0478,30.41,31722.48
2021-12-31,21.27,612.92,2.37,1.73,,3.64,1.89,25.60,0.2934,,0.3915,90428.28,163.02,92.48,518.31,53.84,4.78,,29.45,983.60,0.2555,514.81,0.0571,69.15,83.36,0.8565,,40.36,10.71,,,0.8344,2.59,3088.99,26.00,4.49,,1.12,,,0.1043,,2.56,0.7113,0.7489,7.93,,1.39,10.50,,,,,1.68,0.0471,28.72,29006.32
2022-01-07,19.85,572.95,2.20,1.43,4.00,3.46,1.66,22.53,0.2936,0.0100,0.3627,83442.66,134.02,88.16,464.02,46.78,4.17,,28.64,931.19,0.2235,473.92,0.0492,62.74,73.80,0.8113,,38.02,10.05,,,0.7513,2.45,2856.08,21.91,4.05,,1.02,,,0.0984,0.2000,2.25,0.6243,0.6672,7.29,,1.27,9.67,,,,,1.59,0.0434,25.39,26106.06
2022-01-14,18.67,555.17,1.96,1.28,3.85,3.23,1.52,19.03,0.2678,0.008611,0.3157,77095.70,118.63,78.08,414.01,44.23,3.92,,24.37,887.89,0.1889,446.80,0.0435,56.64,64.42,0.7766,,32.30,9.48,,,0.7195,2.31,2878.86,18.98,3.84,,0.9245,,,0.0941,0.1855,1.96,0.6044,0.5784,6.27,,1.12,8.78,,,,,1.52,0.0410,24.36,23221.85
2022-01-21,16.77,501.78,1.76,1.16,3.58,2.90,1.38,17.00,0.2250,0.007720,0.2870,71651.73,107.88,70.12,382.55,42.36,3.27,,21.82,899.38,0.1578,381.23,0.0401,46.12,56.08,0.7727,,27.02,8.06,,,0.6160,2.19,2782.64,16.45,3.61,,0.8915,,,0.0920,0.1705,1.55,0.5390,0.5031,5.67,,0.9970,8.15,,,,,1.45,0.0383,23.16,21971.17
2022-01-28,16.34,504.78,1.70,1.22,3.25,2.77,1.33,16.73,0.2291,0.007463,0.2630,71919.28,107.80,61.99,374.67,38.46,3.06,,20.55,900.15,0.1525,349.88,0.0402,41.85,54.80,0.7239,,25.73,8.00,,,0.6113,2.24,2708.81,16.06,3.45,,0.8712,,,0.0908,0.1659,1.37,0.5315,0.4927,5.36,,0.9129,8.34,,,,,1.44,0.0373,21.44,20902.02
2022-02-04,16.84,498.05,1.63,1.22,3.07,2.87,1.38,16.02,0.2168,0.006453,0.2430,68005.69,106.22,59.73,353.73,37.27,3.05,,20.59,828.35,0.1477,323.31,0.0409,42.34,51.03,0.6870,,24.69,7.21,,,0.6080,2.18,2757.07,14.93,3.31,,0.8007,,,0.0854,0.1565,1.40,0.5090,0.4834,5.18,,0.8465,8.07,,,,,1.44,0.0353,21.69,20018.43
2022-02-11,16.22,498.75,1.55,1.20,2.97,2.83,1.21,14.42,0.2172,0.006607,0.2299,66539.96,105.32,60.11,326.35,35.24,2.93,,20.75,882.50,0.1424,298.45,0.0406,43.78,49.99,0.6481,,25.15,7.26,,,0.5724,2.17,2808.77,15.31,3.24,,0.7731,,,0.0878,0.1476,1.39,0.4752,0.4941,5.03,,0.8719,8.03,,,,,1.35,0.0365,22.57,20316.37
2022-02-18,15.46,483.79,1.53,1.13,3.11,2.80,1.05,14.30,0.2083,0.006444,0.2223,67203.97,107.82,59.45,318.45,34.48,2.86,,19.80,884.29,0.1417,311.12,0.0419,41.59,50.68,0.6102,,25.35,7.00,,,0.5390,2.15,2505.62,13.82,3.16,,0.7603,,,0.0848,0.1372,1.31,0.4738,0.4947,4.94,,0.8941,7.96,,,,,1.28,0.0357,20.88,19954.72
2022-02-25,15.81,487.28,1.58,1.10,3.22,2.72,1.09,13.96,0.2096,0.006720,0.2165,66687.81,111.10,57.77,300.90,36.67,2.73,,19.58,902.92,0.1342,292.22,0.0414,37.57,48.68,0.6041,,24.52,6.49,,,0.5625,2.12,2590.11,13.33,3.00,,0.7535,,,0.0824,0.1295,1.36,0.4551,0.4431,5.10,,0.8568,7.55,,,,,1.18,0.0373,19.42,19709.21
2022-03-04,16.06,485.97,1.54,0.9942,3.04,2.69,1.03,13.76,0.2106,0.006858,0.2021,70133.38,112.21,56.45,307.16,39.33,2.49,,19.08,816.63,0.1319,290.72,0.0403,35.73,42.64,0.6012,,25.50,6.24,,,0.5617,1.95,2590.42,12.79,2.86,,0.7152,,,0.0795,0.1292,1.25,0.4408,0.4316,4.79,,0.9008,7.09,,,,,1.12,0.0356,20.39,19788.32
2022-03-11,15.20,497.13,1.52,0.9837,2.94,2.57,1.02,13.13,0.2224,0.006333,0.2105,68901.01,111.28,57.14,296.90,39.87,2.13,,18.26,777.78,0.1211,282.40,0.0401,36.02,42.04,0.5730,,25.35,6.16,,,0.5719,1.98,2552.59,12.00,2.74,,0.6851,,,0.0769,0.1283,1.26,0.4325,0.4215,4.73,,0.8628,6.63,,,,,1.03,0.0343,20.36,19047.67
2022-03-18,14.79,496.63,1.52,0.9181,3.00,2.63,0.9530,12.38,0.2287,0.006157,0.1884,65027.21,107.98,53.04,289.02,39.13,2.22,,17.76,792.03,0.1258,293.18,0.0396,32.28,41.89,0.5860,,24.72,6.45,,,0.5805,1.98,2608.30,11.88,2.44,,0.6576,,,0.0790,0.1228,1.21,0.4088,0.4440,4.95,,0.8135,6.50,,,,,0.9854,0.0346,20.36,19286.80
2022-03-25,14.70,542.11,1.43,0.8325,2.88,2.42,0.8729,11.58,0.2133,0.005770,0.1887,63114.25,105.07,53.83,278.14,37.94,2.20,,16.21,716.17,0.1245,293.18,0.0423,31.81,42.47,0.5696,,24.50,6.72,,,0.5216,1.98,2759.63,11.73,2.54,,0.6277,,,0.0773,0.1210,1.07,0.3846,0.4120,5.01,,0.8248,6.42,,,,,0.9950,0.0340,20.91,19017.90
2022-04-01,14.46,526.68,1.43,0.8000,2.94,2.28,0.8140,11.65,0.2070,0.005533,0.1918,61066.18,102.16,55.77,287.86,39.51,2.12,,16.66,681.51,0.1162,259.43,0.0445,29.98,41.12,0.5373,,24.69,6.52,,,0.4854,1.98,2579.93,11.03,2.30,,0.5790,,,0.0763,0.1109,0.9722,0.3780,0.3923,5.31,,0.8685,6.02,,,,,0.9952,0.0344,20.01,17808.64
2022-04-08,14.18,513.52,1.38,0.7978,2.78,2.14,0.8004,11.57,0.1907,0.005638,0.1750,59137.98,99.10,53.01,278.85,41.61,1.99,,17.84,679.70,0.1137,259.26,0.0485,28.08,37.86,0.5102,,24.20,6.00,,,0.4769,2.07,2553.02,10.63,2.21,,0.5885,,,0.0723,0.1162,1.03,0.3751,0.3826,5.43,,0.8884,5.67,,,,,0.9565,0.0324,19.93,17946.95
2022-04-15,13.20,495.26,1.28,0.7507,2.79,2.04,0.7732,10.52,0.1875,0.005507,0.1668,57960.98,97.82,49.98,262.11,43.71,1.88,,17.47,690.76,0.1289,241.03,0.0483,26.65,35.91,0.4851,,22.54,5.89,,,0.4406,2.11,2517.89,10.56,2.13,,0.5681,,,0.0717,0.1097,0.9894,0.3571,0.3586,4.88,,0.9177,5.36,,,,,0.9775,0.0332,18.53,17046.92
2022-04-22,14.22,518.61,1.25,0.7428,2.65,2.03,0.7334,9.38,0.1715,0.005395,0.1563,57019.08,91.77,47.20,265.61,43.26,1.83,,17.72,689.92,0.1340,231.74,0.0462,24.63,34.25,0.4944,,23.29,5.99,,,0.4016,2.16,2318.77,10.70,2.07,,0.5729,,,0.0666,0.1124,0.9024,0.3424,0.3343,4.46,,0.9016,5.63,,,,,1.05,0.0328,18.97,16934.87
2022-04-29,14.23,502.36,1.23,0.7437,2.53,1.99,0.7159,9.49,0.1589,0.005267,0.1651,58198.78,94.77,46.18,264.71,44.09,1.92,,16.18,648.19,0.1384,224.52,0.0437,22.80,32.46,0.4565,,24.84,5.89,,,0.3933,2.17,2359.45,10.87,2.11,,0.5468,,,0.0645,0.1137,0.8599,0.3365,0.3320,4.51,,0.8174,5.65,,,,,1.02,0.0332,19.16,17592.43
2022-05-06,14.69,518.44,1.27,0.7369,2.48,2.02,0.7226,9.15,0.1577,0.005147,0.1565,59623.58,93.09,49.10,247.57,42.25,1.88,,16.56,645.66,0.1368,209.80,0.0403,22.62,29.50,0.4375,,24.83,5.58,,,0.4107,2.23,2194.60,10.18,1.89,,0.5186,,,0.0651,0.1103,0.8563,0.3123,0.3355,4.33,,0.8004,5.48,,,,,0.9549,0.0315,19.51,17573.69
2022-05-13,14.82,508.94,1.24,0.6575,2.37,1.95,0.7565,9.07,0.1620,0.005100,0.1474,58434.48,90.89,45.32,239.06,40.53,1.94,,14.85,653.18,0.1253,191.25,0.0409,22.52,30.03,0.4374,,26.10,5.53,,,0.3956,2.19,2232.12,9.44,1.79,,0.4951,,,0.0576,0.1079,0.7519,0.3041,0.3348,4.12,,0.8266,4.92,,,,,0.9645,0.0315,17.56,18733.53
2022-05-20,13.26,439.79,1.02,0.5733,2.07,1.76,0.6572,8.16,0.1360,0.004064,0.1314,49656.04,82.06,37.71,222.30,38.11,1.59,,14.01,581.76,0.1173,167.21,0.0338,20.50,25.12,0.3740,,22.48,5.00,,,0.3756,1.80,2039.43,8.42,1.62,,0.4665,,,0.0511,0.0978,0.6701,0.2763,0.2840,3.78,,0.7065,4.09,,,,,0.8392,0.0307,13.41,17494.35
2022-05-27,11.91,366.79,0.9129,0.5167,1.88,1.40,0.6168,6.88,0.1209,0.003713,0.1134,46707.03,71.73,29.65,213.75,32.73,1.32,,12.48,531.69,0.1003,152.38,0.0272,17.42,21.40,0.3612,,19.70,4.72,,,0.3375,1.58,1844.39,7.23,1.49,,0.4407,,,0.0461,0.0933,0.5517,0.2459,0.2368,3.43,,0.6123,3.63,,,,,0.7180,0.0286,12.28,14916.42
2022-06-03,11.63,325.13,0.7323,0.4587,1.66,1.26,0.5692,6.22,0.1052,0.003344,0.1012,45495.55,59.64,26.07,198.11,30.14,1.09,,10.51,483.91,0.0872,144.68,0.0220,16.20,20.78,0.3157,,16.29,4.20,,,0.3029,1.46,1646.07,6.72,1.28,,0.3608,,,0.0430,0.0779,0.4725,0.2501,0.2048,2.93,,0.5382,3.11,,,,,0.6426,0.0271,10.42,14565.69
2022-06-10,10.54,300.51,0.6274,0.4290,1.44,1.14,0.4793,5.17,0.0935,0.002882,0.0874,41014.32,54.65,22.08,182.47,26.82,0.8488,,8.95,443.29,0.0719,134.83,0.0200,14.76,19.64,0.2796,,14.80,3.71,,,0.3007,1.42,1503.33,5.93,1.21,,0.3186,,,0.0371,0.0734,0.4105,0.2280,0.1698,2.43,,0.4794,2.78,,,,,0.5661,0.0265,8.98,12905.08
2022-06-17,9.43,268.64,0.5717,0.3641,1.35,1.11,0.4215,4.79,0.0757,0.002675,0.0820,38828.28,48.56,16.54,165.05,23.19,0.6972,,8.14,395.03,0.0590,114.10,0.0167,13.70,16.21,0.2428,,12.76,3.41,,,0.2751,1.10,1425.34,5.49,1.04,,0.2708,,,0.0324,0.0651,0.3592,0.1903,0.1387,2.33,,0.4044,2.53,,,,,0.5106,0.0230,8.21,11832.85
2022-06-24,9.07,265.56,0.5686,0.3662,1.39,1.10,0.3872,4.57,0.0836,0.002695,0.0879,39837.35,47.94,16.33,162.37,21.10,0.6789,,8.34,379.69,0.0584,115.50,0.0155,13.12,14.96,0.2293,,11.76,3.23,,,0.2847,1.04,1406.67,5.22,1.06,,0.2791,,,0.0327,0.0647,0.3459,0.1786,0.1467,2.21,,0.4056,2.57,,,,,0.4890,0.0235,8.27,12319.75
2022-07-01,8.85,250.89,0.5528,0.3665,1.38,1.08,0.3530,4.62,0.0902,0.002728,0.0894,40305.91,48.32,16.83,163.56,20.68,0.6484,,8.21,381.16,0.0570,116.09,0.0157,13.47,15.73,0.2283,,11.02,3.17,,,0.2831,0.9594,1465.69,5.21,1.07,,0.2924,,,0.0317,0.0656,0.3411,0.1762,0.1404,2.34,,0.3962,2.62,,,,,0.4523,0.0243,8.54,12292.70
2022-07-08,8.71,252.89,0.5977,0.3364,1.42,1.03,0.3498,4.53,0.0876,0.002705,0.0848,41332.27,44.57,17.06,161.03,19.58,0.6483,,7.70,379.18,0.0528,117.38,0.0149,13.11,15.80,0.2194,,10.91,2.98,,,0.2881,1.02,1598.16,5.18,1.09,,0.2691,,,0.0333,0.0669,0.3308,0.1829,0.1375,2.28,,0.4006,2.48,,,,,0.4655,0.0233,8.13,11857.15
2022-07-15,8.90,245.26,0.5614,0.3251,1.40,0.9789,0.3300,4.90,0.0833,0.002645,0.0830,40586.13,45.31,17.59,158.65,18.49,0.6795,,7.62,398.37,0.0469,117.42,0.0160,12.81,15.48,0.2204,,10.56,2.92,,,0.2823,0.9866,1656.40,5.23,1.09,,0.2759,,,0.0327,0.0648,0.3191,0.1817,0.1299,2.22,,0.3890,2.68,,,,,0.4155,0.0231,8.62,11840.67
2022-07-22,9.09,244.45,0.5422,0.2918,1.40,0.9436,0.3163,4.75,0.0891,0.002900,0.0831,39800.61,42.89,17.79,166.75,18.17,0.6005,,7.76,408.74,0.0431,117.37,0.0162,12.66,14.74,0.2278,,10.30,2.75,,,0.2577,1.03,1681.78,5.20,1.07,,0.2679,,,0.0311,0.0634,0.2867,0.1757,0.1270,2.26,,0.3852,2.74,,,,,0.4325,0.0238,8.71,11781.23
2022-07-29,8.69,249.52,0.5734,0.2937,1.50,0.8829,0.2984,4.88,0.0893,0.003042,0.0825,38548.86,42.21,16.49,159.96,18.72,0.6186,,7.81,382.87,0.0420,110.66,0.0169,12.25,13.83,0.2263,,9.94,2.88,,,0.2485,0.9648,1546.85,5.15,1.04,,0.2504,,,0.0323,0.0645,0.2837,0.1832,0.1295,2.17,,0.3658,2.81,,,,,0.4354,0.0238,8.35,11953.83
2022-08-05,8.38,246.81,0.6011,0.2831,1.39,0.8419,0.3084,4.89,0.0879,0.002950,0.0834,37358.30,42.39,15.84,154.62,18.12,0.6025,,7.74,383.36,0.0346,106.20,0.0165,12.92,12.98,0.2261,,10.48,2.72,,,0.2506,0.9279,1510.72,4.93,1.00,,0.2761,,,0.0331,0.0666,0.2872,0.1714,0.1305,2.24,,0.3502,2.89,,,,,0.4432,0.0251,8.16,11456.16
2022-08-12,8.21,258.36,0.5533,0.2562,1.39,0.8220,0.3060,5.04,0.0848,0.002686,0.0895,36038.49,40.32,16.44,151.95,17.93,0.6100,,7.99,376.65,0.0367,96.21,0.0169,12.36,13.70,0.2257,,10.10,2.77,,,0.2576,0.9446,1448.06,4.78,0.9955,,0.2735,,,0.0338,0.0615,0.2887,0.1685,0.1245,2.16,,0.3443,2.43,,,,,0.4286,0.0243,8.26,11089.64
2022-08-19,8.08,271.48,0.5703,0.2639,1.35,0.8329,0.3005,4.96,0.0856,0.002594,0.0941,35670.35,40.98,17.30,156.11,16.81,0.6166,,8.19,385.29,0.0345,92.92,0.0175,11.87,13.37,0.2384,,10.00,2.68,,,0.2470,0.9502,1372.83,4.69,1.00,,0.2859,,,0.0344,0.0596,0.3009,0.1656,0.1167,2.13,,0.3616,2.42,,,,,0.4256,0.0255,7.74,10559.15
2022-08-26,7.54,273.36,0.5694,0.2788,1.35,0.8145,0.2981,4.94,0.0783,0.002879,0.0953,35702.06,41.66,17.66,154.61,16.27,0.6276,,8.25,372.49,0.0363,93.32,0.0179,12.47,13.26,0.2396,,10.26,2.59,,,0.2457,0.9481,1319.38,5.10,0.9427,,0.2687,,,0.0359,0.0608,0.2847,0.1682,0.1231,2.12,,0.3967,2.22,,,,,0.4330,0.0263,7.95,10430.80
2022-09-02,7.40,275.99,0.5829,0.2836,1.40,0.7776,0.2928,4.70,0.0762,0.002983,0.0951,38300.97,41.66,17.56,154.34,15.74,0.6202,,8.53,371.47,0.0347,89.12,0.0174,12.40,13.89,0.2248,,10.03,2.59,,,0.2264,0.9106,1280.58,4.88,0.9426,,0.2649,,,0.0349,0.0613,0.3034,0.1770,0.1117,2.15,,0.3906,2.21,,,,,0.4235,0.0263,7.94,10175.08
2022-09-09,7.10,269.41,0.5834,0.2884,1.44,0.7577,0.2939,4.85,0.0794,0.002951,0.0936,38313.31,39.47,17.26,157.16,16.02,0.6069,,8.54,358.95,0.0355,88.16,0.0170,12.11,13.71,0.2190,,10.23,2.53,,,0.2389,0.9563,1233.57,4.85,0.9139,,0.2594,,,0.0374,0.0603,0.3053,0.1793,0.1058,2.06,,0.3684,2.11,,,,,0.3768,0.0266,8.51,10169.65
2022-09-16,6.67,261.02,0.5683,0.2738,1.48,0.7754,0.2773,4.96,0.0841,0.003171,0.1034,37069.24,43.52,16.86,153.42,16.10,0.5854,,8.61,340.98,0.0347,92.08,0.0168,12.09,13.89,0.2277,,9.44,2.57,,,0.2347,0.9558,1271.34,4.57,0.8742,,0.2371,,,0.0363,0.0627,0.3009,0.1695,0.1026,1.93,,0.3486,2.12,,,,,0.3580,0.0275,8.42,10143.34
2022-09-23,6.56,266.75,0.5810,0.2754,1.50,0.7638,0.2814,4.84,0.0833,0.003107,0.1008,36102.30,43.98,17.64,158.29,15.19,0.6140,,8.45,345.53,0.0330,91.92,0.0169,11.24,14.16,0.2384,,9.29,2.68,,,0.2313,0.9807,1166.46,4.99,0.9151,,0.2325,,,0.0332,0.0629,0.2793,0.1711,0.1035,1.84,,0.3616,2.17,,,,,0.3679,0.0274,7.89,10415.78
2022-09-30,6.45,250.97,0.6069,0.2974,1.48,0.8203,0.2802,4.72,0.0801,0.003303,0.0970,36703.28,42.69,17.14,162.61,14.85,0.5972,,8.74,361.50,0.0336,88.78,0.0163,11.18,14.24,0.2271,,9.50,2.67,,,0.2142,0.9383,1139.23,4.93,0.9709,,0.2330,,,0.0319,0.0630,0.2724,0.1720,0.1051,1.92,,0.3583,2.30,,,,,0.3771,0.0266,8.52,10471.81
2022-10-07,6.20,264.76,0.6512,0.2946,1.44,0.8092,0.2863,4.94,0.0814,0.003291,0.1020,36160.20,44.08,16.79,163.99,14.67,0.5902,,8.57,375.20,0.0322,85.45,0.0178,11.55,12.47,0.2202,,8.70,2.56,,,0.1865,0.9267,1087.56,4.89,0.9072,,0.2320,,,0.0311,0.0659,0.2866,0.1757,0.1027,2.05,,0.3329,2.15,,,,,0.3732,0.0284,8.38,10351.82
2022-10-14,5.82,272.29,0.6701,0.3020,1.39,0.7821,0.2684,4.91,0.0766,0.003096,0.0996,35433.89,42.83,16.97,163.55,14.40,0.5896,,8.21,374.06,0.0321,79.60,0.0184,11.03,12.40,0.2289,,8.96,2.55,,,0.1826,0.9544,1106.41,4.72,0.8749,,0.2108,,,0.0311,0.0654,0.2982,0.1769,0.1077,1.98,,0.3455,2.08,,,,,0.3808,0.0269,8.40,9617.81
2022-10-21,5.72,274.87,0.6511,0.2862,1.43,0.7735,0.2607,4.88,0.0850,0.003226,0.1034,35705.13,42.78,15.12,159.21,14.02,0.5344,,7.81,347.18,0.0317,81.64,0.0191,11.13,11.71,0.2092,,8.23,2.42,,,0.1749,0.9417,1061.11,4.74,0.8614,,0.2093,,,0.0322,0.0623,0.3009,0.1756,0.1051,2.04,,0.3550,1.97,,,,,0.3754,0.0270,8.24,9751.44
2022-10-28,5.74,291.83,0.6069,0.2824,1.36,0.7856,0.2409,4.91,0.0818,0.003097,0.0969,35013.75,44.26,14.97,161.54,14.82,0.5359,,7.60,350.28,0.0306,79.35,0.0176,11.47,11.38,0.2092,,7.81,2.44,,,0.1685,0.9299,1086.93,4.86,0.8547,,0.1927,,,0.0357,0.0657,0.3075,0.1697,0.1036,1.98,,0.3703,1.98,,,,,0.3619,0.0265,8.54,10213.58
2022-11-04,6.03,298.06,0.5960,0.2417,1.37,0.7800,0.2404,4.87,0.0761,0.003147,0.0986,35541.02,45.56,15.22,158.63,14.67,0.5331,,7.58,359.54,0.0312,85.42,0.0192,11.42,9.17,0.2181,,7.57,2.35,,,0.1647,0.9072,1103.42,4.50,0.8155,,0.1939,,,0.0363,0.0667,0.2942,0.1627,0.1004,1.98,,0.3896,1.79,,,,,0.3563,0.0252,7.93,10484.22
2022-11-11,6.11,300.98,0.6126,0.2348,1.33,0.8385,0.2359,4.98,0.0754,0.002868,0.0900,34731.36,47.10,15.59,162.38,13.99,0.5670,,7.27,359.74,0.0309,84.18,0.0202,10.99,8.49,0.2166,,7.38,2.62,,,0.1679,0.8863,1056.65,4.10,0.7797,,0.1934,,,0.0381,0.0689,0.2944,0.1597,0.1006,1.93,,0.4135,1.76,,,,,0.3525,0.0232,7.81,10716.90
2022-11-18,5.82,290.39,0.6265,0.2184,1.38,0.8158,0.2301,4.70,0.0759,0.003152,0.0921,33642.88,48.82,15.25,168.57,14.33,0.4867,,6.96,368.61,0.0308,80.05,0.0195,10.02,8.37,0.2344,,7.57,2.81,,,0.1725,0.9156,1122.32,4.13,0.7689,,0.2000,,,0.0399,0.0674,0.2825,0.1595,0.1034,1.98,,0.3863,1.88,,,,,0.3417,0.0229,7.47,11613.19
2022-11-25,6.00,287.21,0.6628,0.2307,1.40,0.8587,0.2277,4.73,0.0712,0.003047,0.1006,35842.07,50.05,16.71,170.31,14.51,0.5013,,7.06,373.13,0.0333,82.34,0.0206,10.70,8.77,0.2304,,7.32,2.88,,,0.1750,0.9379,1141.61,4.69,0.7482,,0.1884,,,0.0414,0.0677,0.2941,0.1659,0.1120,1.90,,0.3870,1.97,,,,,0.3589,0.0249,7.92,11778.69
2022-12-02,6.05,293.30,0.6799,0.2483,1.49,0.8524,0.2347,5.15,0.0766,0.003271,0.1063,38758.24,52.79,17.31,170.66,15.32,0.4740,,7.29,385.17,0.0332,83.00,0.0225,11.32,9.33,0.2438,,7.71,3.12,,,0.1832,0.9243,1246.71,5.02,0.7640,,0.1874,,,0.0439,0.0699,0.3305,0.1703,0.1141,2.05,,0.4204,2.10,,,,,0.3840,0.0256,8.35,12615.14
2022-12-09,6.45,303.85,0.7489,0.2358,1.69,0.8340,0.2400,5.41,0.0805,0.003574,0.1064,40323.76,54.01,18.42,175.59,16.07,0.4885,,7.44,403.88,0.0365,84.77,0.0229,12.17,9.86,0.2631,,7.79,3.05,,,0.1872,0.9358,1287.98,5.16,0.8168,,0.1938,,,0.0461,0.0727,0.3516,0.1768,0.1229,2.07,,0.4647,2.20,,,,,0.3834,0.0265,8.46,13302.98
2022-12-16,7.26,307.76,0.7952,0.2299,1.80,0.8416,0.2454,5.44,0.0879,0.003905,0.1110,40591.36,59.82,18.80,169.07,17.09,0.4912,,8.00,414.58,0.0397,93.45,0.0229,12.47,10.40,0.2915,,7.95,3.10,,,0.1986,0.9543,1340.90,5.11,0.9165,,0.1920,,,0.0477,0.0753,0.4003,0.1753,0.1404,2.22,,0.4953,2.24,,,,,0.4088,0.0267,9.26,13309.95
2022-12-23,7.53,314.38,0.8035,0.2483,1.93,0.9153,0.2390,5.97,0.1030,0.004019,0.1239,41592.91,59.35,19.54,179.88,17.31,0.5052,,8.48,430.83,0.0430,98.61,0.0247,12.86,11.13,0.2939,,8.77,3.15,,,0.2157,0.9860,1398.29,5.29,0.9217,,0.1872,,,0.0479,0.0771,0.4262,0.1885,0.1454,2.24,,0.4905,2.41,,,,,0.4477,0.0286,9.94,14023.91
2022-12-30,8.33,331.60,0.8630,0.2571,1.92,0.9306,0.2506,6.29,0.1179,0.004230,0.1349,42404.66,61.33,19.47,181.24,18.46,0.5333,,9.10,450.24,0.0449,111.69,0.0259,14.11,11.56,0.3157,,9.54,3.30,,,0.2050,1.03,1507.74,5.70,0.9756,,0.1827,,,0.0487,0.0810,0.4574,0.2042,0.1525,2.37,,0.5148,2.45,,,,,0.4318,0.0298,10.46,14194.57
2023-01-06,8.18,353.47,0.8962,0.2757,2.16,0.8953,0.2555,6.57,0.1326,0.004135,0.1508,43958.56,63.90,20.32,184.36,20.05,0.5372,,9.57,462.13,0.0460,128.48,0.0278,15.16,12.87,0.3119,,10.71,3.13,,,0.2076,1.05,1592.02,6.07,1.01,,0.1909,,,0.0491,0.0797,0.4972,0.2172,0.1715,2.40,0.2000,0.5544,2.57,,1.20,30.00,2.00,0.4700,0.0317,11.02,14497.82
2023-01-13,8.82,377.02,0.9160,0.2738,2.24,0.9841,0.2803,6.60,0.1334,0.004567,0.1505,46061.88,65.28,22.76,185.59,21.86,0.5714,,10.03,450.15,0.0441,133.19,0.0297,15.19,12.95,0.3332,,11.49,3.23,,,0.2227,1.05,1629.50,6.82,1.06,,0.2006,,,0.0557,0.0787,0.5419,0.2387,0.1786,2.58,0.2016,0.5661,2.76,,1.31,33.57,2.26,0.4903,0.0339,11.38,15401.59
2023-01-20,9.23,397.97,0.9722,0.2676,2.23,1.03,0.2730,7.15,0.1458,0.004836,0.1498,49346.15,73.20,23.99,193.84,22.95,0.6141,,10.35,465.78,0.0483,151.42,0.0293,15.80,12.92,0.3687,,11.72,3.18,,,0.2369,1.16,1720.40,7.23,1.11,,0.2205,,,0.0562,0.0810,0.5588,0.2373,0.1851,2.79,0.2164,0.6062,2.93,,1.42,34.29,2.35,0.5142,0.0351,12.00,15791.74
2023-01-27,9.45,460.33,1.05,0.2841,2.31,1.05,0.2836,7.57,0.1412,0.004720,0.1518,51106.15,75.53,26.61,190.22,23.22,0.6868,,10.76,495.84,0.0553,153.40,0.0307,16.32,12.39,0.3792,,12.67,3.36,,,0.2517,1.19,1737.19,7.98,1.14,,0.2322,,,0.0588,0.0877,0.6104,0.2346,0.1848,2.96,0.2259,0.6218,3.21,,1.50,36.39,2.56,0.5285,0.0378,12.12,16599.19
2023-02-03,10.32,454.18,1.08,0.3102,2.53,1.08,0.2873,8.23,0.1562,0.004689,0.1505,52956.71,80.50,27.53,199.61,23.54,0.6559,,10.98,514.40,0.0576,152.53,0.0297,16.69,13.58,0.4142,,13.86,3.38,,,0.2500,1.26,1831.54,8.51,1.10,,0.2337,,,0.0612,0.0920,0.6613,0.2441,0.1967,3.08,0.2436,0.6572,3.39,,1.56,38.68,2.76,0.5553,0.0393,13.26,17233.33
2023-02-10,10.47,486.62,1.07,0.3099,2.67,1.14,0.2850,8.49,0.1602,0.004797,0.1617,55638.84,83.76,28.20,196.71,25.81,0.7062,,11.09,544.80,0.0604,157.05,0.0318,16.91,14.08,0.4333,,14.19,3.58,,,0.2778,1.27,1785.66,8.22,1.13,,0.2370,,,0.0642,0.0954,0.6483,0.2368,0.2091,3.22,0.2504,0.6421,3.63,,1.74,41.47,2.79,0.5791,0.0386,14.35,17787.43
2023-02-17,10.17,499.77,1.14,0.3192,2.76,1.14,0.3044,8.66,0.1532,0.004932,0.1741,56631.69,92.89,30.03,204.31,26.74,0.7394,,11.38,558.62,0.0651,157.57,0.0318,16.86,16.21,0.4605,,14.99,3.57,,,0.2952,1.31,1856.70,8.30,1.18,,0.2427,,,0.0649,0.1009,0.6374,0.2500,0.2258,3.23,0.2529,0.6647,3.87,,1.82,44.78,3.17,0.5924,0.0374,15.40,19299.40
2023-02-24,10.71,498.52,1.18,0.3183,2.96,1.12,0.3140,8.70,0.1621,0.005071,0.1820,58337.60,93.15,32.24,209.71,26.82,0.8509,,11.97,575.54,0.0727,175.82,0.0332,17.85,16.30,0.4767,,15.53,3.72,,,0.3103,1.39,1932.08,8.29,1.19,,0.2474,,,0.0669,0.1078,0.6371,0.2556,0.2465,3.31,0.2701,0.6903,4.12,,1.89,48.85,3.11,0.6091,0.0388,16.36,20818.64
2023-03-03,10.97,545.26,1.21,0.3502,3.19,1.13,0.3319,9.09,0.1753,0.005246,0.1868,62451.87,96.63,34.88,214.09,29.66,0.8676,,12.13,624.83,0.0751,194.47,0.0362,18.52,15.74,0.4960,,16.28,4.01,,,0.3414,1.41,2048.08,8.97,1.28,,0.2626,,,0.0646,0.1108,0.6370,0.2627,0.2693,3.48,0.2968,0.7303,4.11,,1.78,52.07,3.24,0.6128,0.0376,16.57,21298.18
2023-03-10,11.66,570.00,1.33,0.3504,3.45,1.17,0.3563,9.35,0.1931,0.005545,0.1890,64268.70,99.71,37.24,212.13,30.85,0.9264,,12.57,674.69,0.0817,202.43,0.0384,19.57,16.88,0.4798,,16.80,3.93,,,0.3715,1.46,2100.77,9.76,1.35,,0.2614,,,0.0671,0.1131,0.6205,0.2655,0.2806,3.60,0.2909,0.7967,4.31,,1.88,56.14,3.30,0.6481,0.0382,16.67,22328.50
2023-03-17,12.76,607.31,1.44,0.3582,3.37,1.28,0.4028,10.40,0.2004,0.005511,0.1884,62915.23,103.40,41.50,217.12,32.49,1.03,,12.84,743.86,0.0933,209.70,0.0393,21.00,17.49,0.4771,,18.44,4.24,,,0.3880,1.44,2079.72,10.29,1.38,,0.2686,,,0.0725,0.1196,0.6888,0.2654,0.2905,3.84,0.3105,0.8813,4.61,,2.13,60.91,3.64,0.6673,0.0392,17.95,24174.64
2023-03-24,13.60,628.67,1.58,0.3411,3.32,1.36,0.4208,11.16,0.2116,0.005892,0.1896,65845.00,111.68,45.59,236.96,34.14,1.09,,12.59,757.10,0.0974,227.27,0.0402,22.64,18.42,0.4933,,19.45,4.33,,,0.3963,1.40,2129.30,10.60,1.40,,0.2842,,,0.0774,0.1244,0.7531,0.2803,0.3013,3.92,0.3295,0.9407,5.13,,2.36,62.91,3.81,0.7109,0.0416,19.35,24835.68
2023-03-31,13.48,629.19,1.67,0.3610,3.31,1.42,0.4505,11.14,0.2333,0.006055,0.2062,66730.54,111.81,46.86,242.88,35.03,1.14,,13.18,779.58,0.1023,220.91,0.0429,23.55,20.82,0.4949,,18.83,4.58,,,0.4169,1.40,2085.91,11.81,1.53,,0.2673,,,0.0792,0.1356,0.7752,0.2852,0.3127,3.90,0.3198,1.02,5.00,,2.51,69.29,3.76,0.7166,0.0444,20.55,25061.24
2023-04-07,14.60,681.75,1.76,0.3633,3.40,1.49,0.4669,12.11,0.2296,0.005929,0.2155,67711.88,113.69,45.59,249.83,36.40,1.23,,13.68,803.72,0.1132,218.28,0.0461,22.94,21.09,0.4910,,20.28,4.73,,,0.4326,1.39,2131.92,12.02,1.61,,0.2675,,,0.0865,0.1321,0.7868,0.3126,0.3224,3.85,0.3380,1.05,5.09,,2.52,82.58,3.91,0.6965,0.0478,21.88,25165.47
2023-04-14,14.65,725.07,1.82,0.3500,3.80,1.52,0.5168,13.33,0.2314,0.006457,0.2183,65914.22,116.49,48.50,253.17,37.47,1.35,,14.22,809.76,0.1227,229.02,0.0432,24.36,22.60,0.5116,,21.94,4.79,,,0.4548,1.36,2230.93,13.61,1.61,,0.2703,,,0.0877,0.1370,0.7898,0.3283,0.3504,4.08,0.3270,1.14,5.56,,2.75,88.93,4.16,0.7511,0.0520,21.97,26801.99
2023-04-21,14.63,722.74,1.72,0.3465,3.65,1.50,0.4940,13.10,0.2277,0.006497,0.2049,63139.23,118.34,46.97,262.05,37.86,1.39,,14.96,802.72,0.1198,237.51,0.0442,24.22,24.16,0.5081,,22.01,4.80,,,0.4390,1.37,2341.55,13.90,1.62,,0.2690,,,0.0890,0.1408,0.8125,0.3249,0.3562,4.16,0.3129,1.15,5.07,,2.81,91.97,4.31,0.7417,0.0526,23.23,28086.34
2023-04-28,14.63,727.70,1.79,0.3253,3.61,1.57,0.5151,13.33,0.2128,0.006495,0.2005,63846.18,114.82,45.04,245.32,39.73,1.37,,15.07,803.88,0.1144,225.82,0.0423,23.53,24.64,0.4927,,23.67,4.98,,,0.4536,1.36,2467.13,13.80,1.62,,0.2714,,,0.0916,0.1440,0.7974,0.3192,0.3668,4.28,0.3080,1.07,5.04,,2.90,100.17,4.08,0.7316,0.0520,24.50,28089.50
2023-05-05,14.16,744.15,1.77,0.3092,3.48,1.68,0.5244,13.42,0.2109,0.006590,0.2030,64486.59,115.53,46.78,245.79,38.29,1.34,,14.02,858.87,0.1191,218.63,0.0419,22.94,26.52,0.4652,,23.82,4.97,,,0.4689,1.36,2320.92,13.68,1.56,,0.2727,,,0.0969,0.1356,0.7714,0.3133,0.3615,4.41,0.3062,1.09,4.92,,2.94,104.17,3.95,0.7535,0.0522,25.54,27938.34
2023-05-12,14.39,744.24,1.76,0.3131,3.56,1.60,0.5570,12.40,0.2049,0.006576,0.2066,67617.46,107.37,45.87,229.62,38.40,1.36,,14.84,863.59,0.1249,224.19,0.0412,21.63,26.93,0.4379,,25.17,4.95,,,0.4916,1.34,2345.67,13.83,1.56,,0.2684,,,0.0985,0.1315,0.7324,0.3278,0.3737,4.43,0.3297,1.09,5.20,,2.97,99.31,4.30,0.7817,0.0520,26.31,27601.49
2023-05-19,14.86,678.73,1.70,0.3266,3.53,1.62,0.5265,13.39,0.2163,0.006531,0.2037,69791.61,115.86,47.80,245.61,37.09,1.31,,14.23,877.49,0.1262,223.21,0.0427,22.79,25.02,0.4281,,26.08,4.87,,,0.4771,1.39,2244.59,13.69,1.58,,0.2627,,,0.1017,0.1291,0.7789,0.3268,0.3855,4.57,0.3211,0.9970,5.29,,2.98,102.21,4.27,0.7710,0.0555,24.85,28304.94
2023-05-26,14.56,671.30,1.68,0.3162,3.63,1.70,0.5379,13.47,0.2072,0.006690,0.2212,69082.85,114.36,46.77,242.11,33.18,1.34,,13.82,832.19,0.1308,213.82,0.0422,24.24,23.39,0.4023,,26.42,5.08,,,0.4486,1.42,2292.70,12.53,1.63,,0.2725,,,0.1007,0.1348,0.8191,0.3285,0.3787,4.40,0.3212,1.02,5.23,,2.69,108.69,4.31,0.7618,0.0572,26.37,25723.60
2023-06-02,14.82,636.49,1.72,0.3185,3.73,1.67,0.4966,13.24,0.2115,0.006998,0.2114,71298.84,111.68,47.58,238.52,33.48,1.39,,13.23,814.79,0.1321,235.00,0.0406,26.36,25.69,0.4014,,26.14,4.96,,,0.4481,1.34,2289.86,13.35,1.60,,0.2703,,,0.0942,0.1367,0.8303,0.3298,0.3760,4.36,0.3291,1.02,5.31,,2.73,114.83,4.46,0.7685,0.0601,26.85,26863.91
2023-06-09,15.18,593.57,1.81,0.3209,3.73,1.70,0.4904,13.40,0.2064,0.007399,0.2108,70570.74,107.85,48.21,240.21,34.05,1.33,,12.48,832.84,0.1413,225.65,0.0436,26.72,25.74,0.3957,,24.67,5.15,,,0.4353,1.30,2371.41,12.32,1.51,,0.2706,,,0.0954,0.1392,0.8212,0.3603,0.3730,4.33,0.3180,1.03,5.46,,2.88,106.91,4.42,0.7822,0.0613,26.90,27378.77
2023-06-16,14.75,629.23,1.88,0.3034,3.57,1.63,0.5053,12.70,0.2037,0.007560,0.2107,71208.14,103.55,49.52,235.86,33.68,1.35,,12.55,834.77,0.1368,223.31,0.0437,25.23,25.23,0.4026,,23.40,5.37,,,0.4576,1.24,2485.79,12.27,1.54,,0.2656,,,0.0990,0.1414,0.7938,0.3457,0.3502,4.36,0.3268,1.06,5.45,,2.74,103.68,4.66,0.7699,0.0617,25.82,27717.52
2023-06-23,14.52,654.96,1.94,0.2976,3.55,1.60,0.4761,12.27,0.2060,0.007681,0.2122,70653.68,107.51,49.75,241.37,31.41,1.11,,12.70,796.79,0.1358,220.97,0.0469,25.70,25.49,0.4169,,23.80,5.29,,,0.4774,1.19,2516.97,11.50,1.55,,0.2682,,,0.1057,0.1339,0.7748,0.3565,0.3560,4.40,0.3134,1.04,5.75,,2.74,105.81,4.65,0.7385,0.0637,26.37,29861.51
2023-06-30,13.99,676.24,1.84,0.3002,3.71,1.48,0.4729,12.00,0.2000,0.007824,0.2218,70460.60,108.56,50.09,241.67,30.13,1.17,,12.85,808.38,0.1312,217.25,0.0467,24.10,23.48,0.4075,,24.37,5.17,,,0.4593,1.15,2480.93,11.36,1.68,,0.2801,,,0.1101,0.1395,0.7428,0.3414,0.3396,4.64,0.3063,0.9849,5.66,,2.71,107.44,4.72,0.7178,0.0652,25.76,29745.30
2023-07-07,14.37,661.08,1.81,0.3082,3.58,1.46,0.4849,13.06,0.2059,0.008000,0.2268,68281.24,109.24,50.13,244.41,30.32,1.19,,12.73,811.17,0.1243,214.82,0.0497,24.47,23.51,0.4396,,23.02,4.98,,,0.4907,1.16,2463.62,10.81,1.71,,0.2868,,,0.1056,0.1390,0.7336,0.3450,0.3238,4.87,0.3196,0.9723,5.62,,2.70,103.70,4.63,0.7121,0.0687,26.76,30700.40
2023-07-14,14.61,635.34,1.81,0.3218,3.40,1.50,0.5338,13.69,0.2198,0.008103,0.2360,66966.20,112.98,51.69,247.17,31.97,1.17,,12.68,815.94,0.1190,217.48,0.0460,25.62,23.66,0.4317,,22.30,4.95,,,0.5053,1.19,2409.82,10.47,1.75,,0.2793,,,0.1062,0.1400,0.7464,0.3566,0.3073,4.52,0.3126,1.05,6.12,,2.94,103.21,4.26,0.6543,0.0675,26.64,32087.97
2023-07-21,15.25,647.66,1.77,0.3129,3.48,1.55,0.5493,13.28,0.2296,0.008355,0.2287,65950.58,117.34,51.87,261.51,32.97,1.16,,12.80,825.84,0.1169,211.99,0.0481,26.86,24.70,0.4632,,22.07,5.29,,,0.4931,1.15,2285.67,10.42,1.74,,0.2885,,,0.1084,0.1355,0.7442,0.3554,0.2879,4.40,0.3059,1.12,6.26,,3.07,97.51,4.57,0.6926,0.0635,26.22,32881.30
2023-07-28,15.78,638.22,1.77,0.3090,3.54,1.64,0.5384,14.02,0.2250,0.008152,0.2385,68326.22,122.61,49.70,259.75,34.41,1.18,,12.43,846.62,0.1149,229.88,0.0522,27.87,26.68,0.4699,,23.05,5.63,,,0.5031,1.15,2172.28,10.53,1.81,,0.3029,,,0.1118,0.1342,0.6908,0.3527,0.2882,4.39,0.3185,1.22,6.39,,3.08,97.93,4.66,0.6800,0.0642,26.99,33383.83
2023-08-04,16.23,655.54,1.67,0.3211,3.49,1.59,0.5202,14.46,0.2261,0.007658,0.2456,65946.77,124.71,50.86,269.06,37.21,1.12,,12.53,847.39,0.1189,234.58,0.0521,27.71,25.66,0.4942,,23.79,5.87,,,0.5025,1.14,2111.45,10.84,1.76,,0.3292,,,0.1074,0.1367,0.7477,0.3638,0.2945,4.28,0.3030,1.28,6.89,,3.07,94.21,4.20,0.6640,0.0645,28.99,34404.60
2023-08-11,16.59,652.84,1.65,0.3441,3.56,1.48,0.5120,14.13,0.2239,0.007941,0.2472,66346.25,132.56,50.05,286.99,36.67,1.14,,12.53,859.35,0.1230,241.45,0.0511,26.75,29.13,0.4903,,24.78,5.59,,,0.5025,1.14,2165.32,9.75,1.79,,0.3177,,,0.1100,0.1331,0.7305,0.3639,0.2852,4.24,0.2908,1.20,7.28,,2.94,94.98,4.41,0.6571,0.0632,29.58,35961.59
2023-08-18,16.04,656.26,1.56,0.3427,3.61,1.45,0.5086,13.49,0.2281,0.008405,0.2393,65661.77,136.71,53.27,275.77,36.86,1.17,,12.61,797.74,0.1277,259.13,0.0521,25.93,28.85,0.5312,,26.04,5.78,,,0.5149,1.13,2170.26,9.86,1.85,,0.3408,,,0.1161,0.1278,0.7480,0.3772,0.2969,4.19,0.3328,1.15,7.06,,3.01,106.22,4.30,0.6585,0.0659,29.91,35865.27
2023-08-25,16.56,670.10,1.65,0.3656,3.70,1.48,0.5195,13.94,0.2321,0.008511,0.2531,69197.46,130.27,54.01,271.98,36.84,1.21,,13.04,802.79,0.1186,252.04,0.0549,23.27,30.93,0.5486,,27.81,5.79,,,0.4791,1.16,2285.66,10.38,1.82,,0.3460,,,0.1151,0.1254,0.7897,0.3647,0.2896,4.05,0.3149,1.17,7.51,,3.03,100.32,4.54,0.7061,0.0650,29.70,36775.54
2023-09-01,17.74,664.32,1.58,0.3799,3.87,1.50,0.5139,14.71,0.2411,0.008333,0.2563,66970.15,135.28,54.13,270.41,37.23,1.23,,13.59,826.51,0.1195,262.78,0.0567,23.14,31.21,0.5517,,28.75,5.77,,,0.4771,1.26,2380.79,10.20,1.88,,0.3517,,,0.1182,0.1271,0.8418,0.3729,0.2930,4.26,0.3224,1.19,7.73,,3.07,102.04,4.48,0.6953,0.0634,28.43,36015.49
2023-09-08,17.82,674.11,1.58,0.3471,4.18,1.58,0.5299,16.09,0.2341,0.009122,0.2495,68009.90,130.14,54.89,275.85,37.44,1.29,,13.78,820.55,0.1183,274.49,0.0558,24.32,33.51,0.5209,,30.48,6.26,,,0.4869,1.30,2487.87,10.23,1.91,,0.3371,,,0.1202,0.1305,0.8727,0.3910,0.2872,4.22,0.3543,1.20,7.91,,3.10,99.72,4.89,0.6903,0.0615,28.27,33937.66
2023-09-15,17.58,656.97,1.64,0.3416,4.39,1.68,0.5540,16.16,0.2391,0.008631,0.2509,66823.15,135.19,61.56,282.38,34.97,1.29,,13.98,831.15,0.1162,280.43,0.0535,23.66,35.05,0.5056,,31.55,6.01,,,0.5257,1.28,2491.56,10.51,1.89,,0.3430,,,0.1243,0.1360,0.9152,0.3925,0.2895,4.65,0.3742,1.17,8.06,,3.10,100.75,4.68,0.6881,0.0656,29.24,31431.54
2023-09-22,18.57,690.96,1.64,0.3562,4.28,1.67,0.5958,16.19,0.2226,0.008716,0.2528,69784.38,136.85,61.29,293.92,35.54,1.26,,14.70,844.81,0.1180,285.74,0.0517,23.43,35.58,0.5075,,33.63,6.12,,,0.5490,1.29,2605.28,10.84,1.91,,0.3468,,,0.1211,0.1396,0.9266,0.3893,0.3075,4.47,0.3720,1.24,8.29,,3.14,103.64,4.79,0.6586,0.0654,31.42,31010.53
2023-09-29,18.55,684.44,1.65,0.3519,4.42,1.70,0.6226,15.69,0.2226,0.008739,0.2601,68707.39,143.34,65.17,287.10,35.28,1.25,,16.24,841.30,0.1286,274.42,0.0501,23.05,34.67,0.5079,,33.05,6.00,,,0.5798,1.37,2714.58,11.23,1.94,,0.3439,,,0.1180,0.1426,0.8924,0.3793,0.3273,4.85,0.3836,1.31,8.33,,3.00,108.42,4.99,0.6680,0.0653,32.97,30261.14
2023-10-06,18.21,666.00,1.68,0.3403,4.35,1.67,0.6236,14.92,0.2268,0.009323,0.2643,72459.03,152.48,68.17,290.06,35.72,1.31,,16.17,797.48,0.1334,265.07,0.0486,23.34,35.04,0.4848,,33.69,6.27,,,0.5606,1.45,2593.43,12.39,1.93,,0.3500,,,0.1107,0.1437,0.9140,0.3819,0.3240,4.73,0.4083,1.32,8.99,,2.97,107.97,5.25,0.6368,0.0632,34.77,29343.92
2023-10-13,17.17,719.91,1.61,0.3472,4.42,1.51,0.6244,15.40,0.2338,0.009807,0.2632,74613.86,150.16,65.04,280.51,34.10,1.39,,15.45,812.69,0.1338,267.07,0.0523,23.20,36.59,0.4912,,33.90,6.85,,,0.5351,1.54,2676.02,12.32,2.07,,0.3279,,,0.1098,0.1390,0.9434,0.3704,0.3347,4.74,0.4049,1.36,9.02,,2.87,124.30,5.21,0.5934,0.0619,33.46,30389.33
2023-10-20,17.56,738.50,1.61,0.3474,4.41,1.52,0.6542,15.83,0.2426,0.0101,0.2751,75882.89,154.02,69.16,276.86,33.36,1.33,,15.71,771.14,0.1386,269.01,0.0557,22.84,36.79,0.5193,,36.30,6.75,,,0.5447,1.57,2735.14,12.36,2.19,,0.3066,,,0.1092,0.1424,0.9756,0.3922,0.3569,4.74,0.4340,1.34,9.51,,3.15,133.63,5.32,0.5933,0.0593,34.25,29525.10
2023-10-27,17.59,728.76,1.64,0.3596,4.62,1.54,0.7073,16.30,0.2446,0.0106,0.3048,78482.17,157.06,67.40,281.31,34.80,1.36,,15.23,771.88,0.1537,293.75,0.0558,24.32,36.31,0.5665,,37.99,7.18,,,0.5254,1.66,2807.22,13.31,2.33,,0.3178,,,0.1104,0.1500,1.01,0.3913,0.3573,4.62,0.4409,1.45,10.00,,3.21,145.26,5.34,0.6154,0.0602,36.45,28702.84
2023-11-03,17.86,718.32,1.71,0.3975,4.77,1.58,0.7716,17.98,0.2595,0.0115,0.3064,84570.66,178.19,72.78,272.53,35.81,1.49,,15.66,837.86,0.1678,300.25,0.0593,24.72,38.36,0.5825,,41.93,8.04,,,0.5209,1.62,2895.38,13.28,2.44,,0.3436,,,0.1224,0.1571,1.07,0.3804,0.3797,4.85,0.4791,1.49,10.47,,3.21,139.81,5.42,0.6118,0.0629,37.57,29233.18
2023-11-10,18.04,665.08,1.90,0.4024,4.95,1.57,0.8451,19.13,0.2668,0.0119,0.3409,87450.26,185.97,74.13,265.64,37.40,1.60,,16.96,812.12,0.1703,308.42,0.0630,25.92,40.64,0.6217,,42.62,8.66,,,0.5542,1.67,3170.71,14.96,2.64,,0.3190,,,0.1362,0.1676,1.23,0.4139,0.4292,5.24,0.5359,1.69,11.25,,3.19,147.88,5.87,0.6445,0.0623,37.08,29577.56
2023-11-17,19.44,735.83,2.07,0.4421,5.20,1.54,0.8749,20.03,0.2783,0.0126,0.3628,92857.24,193.39,72.50,270.75,39.36,1.79,,17.35,861.17,0.1836,324.62,0.0695,26.61,42.17,0.6529,,43.79,9.20,,,0.5649,1.77,3286.15,16.02,2.72,,0.3308,,,0.1436,0.1755,1.30,0.4573,0.4371,5.48,0.5291,1.80,11.45,,3.36,155.96,6.33,0.6644,0.0631,41.04,30927.17
2023-11-24,19.95,763.58,2.32,0.4618,5.33,1.57,0.9023,20.69,0.2804,0.0127,0.3681,97870.23,200.32,76.07,290.90,43.35,1.87,,17.71,874.06,0.2013,338.39,0.0726,27.14,43.36,0.6945,,43.75,9.93,,,0.5798,1.84,3265.57,17.00,2.81,,0.3469,,,0.1591,0.1835,1.34,0.4655,0.4754,6.01,0.5665,1.95,12.49,,3.79,152.66,6.94,0.7216,0.0624,41.70,31179.62
2023-12-01,20.34,785.75,2.47,0.5037,5.86,1.60,0.9193,23.03,0.3068,0.0134,0.3923,101329.41,214.58,79.41,303.38,42.99,1.93,,18.05,901.27,0.2061,348.25,0.0721,29.25,46.02,0.6818,,44.59,10.48,,,0.5948,1.88,3387.34,18.29,2.80,,0.3723,,,0.1622,0.1907,1.42,0.4769,0.4835,6.23,0.6407,1.95,14.20,,4.00,163.99,7.04,0.7382,0.0634,42.12,32094.57
2023-12-08,20.89,873.31,2.48,0.5303,6.21,1.60,0.9904,23.84,0.2903,0.0144,0.3917,101420.41,230.05,82.36,321.47,46.97,1.98,,19.26,913.77,0.2388,354.24,0.0794,31.70,49.39,0.6941,,46.47,10.07,,,0.6250,1.98,3523.41,17.01,2.79,,0.3779,,,0.1714,0.1994,1.48,0.5063,0.4885,6.64,0.6876,2.07,14.91,,4.56,178.47,7.13,0.7782,0.0668,43.06,34285.90
2023-12-15,21.44,807.04,2.54,0.5286,6.43,1.68,1.01,25.86,0.2927,0.0150,0.4087,102056.67,240.00,81.51,320.00,45.17,2.03,,19.70,959.41,0.2512,354.71,0.0764,32.71,52.84,0.7243,,49.23,10.11,,,0.6211,1.95,3552.25,17.22,2.85,,0.3807,,,0.1727,0.1961,1.57,0.5133,0.4924,6.53,0.6565,2.21,15.51,,4.30,188.29,7.55,0.7917,0.0709,43.98,32998.08
2023-12-22,21.99,824.10,2.51,0.5486,6.07,1.76,0.9888,25.17,0.2961,0.0155,0.4162,100721.16,238.35,78.83,320.53,47.64,2.07,,20.53,1016.07,0.2487,356.60,0.0851,35.15,49.48,0.7449,,49.91,10.52,,,0.6105,1.91,3505.32,17.08,2.96,,0.3674,,,0.1707,0.1860,1.66,0.5425,0.4931,6.53,0.6795,2.38,16.03,,4.24,177.12,7.29,0.8040,0.0699,44.88,32699.36
2023-12-29,21.38,797.57,2.70,0.5766,6.60,1.82,0.9846,26.94,0.3006,0.0159,0.4204,92742.71,256.34,81.62,326.66,48.14,2.11,,20.31,1047.96,0.2382,363.88,0.0885,35.34,51.17,0.7246,,48.57,10.72,,,0.6339,1.79,3603.90,16.96,2.98,,0.3522,,,0.1673,0.1941,1.69,0.5410,0.4983,6.73,0.7030,2.40,17.03,,4.49,183.90,7.43,0.8334,0.0713,47.31,33970.69
2024-01-05,20.82,774.62,2.67,0.6082,6.25,1.86,1.01,28.65,0.3080,0.0152,0.4097,90306.72,254.26,82.19,317.52,51.52,2.02,2.50,21.52,1100.50,0.2518,358.34,0.0913,33.93,54.26,0.7318,0.6000,48.41,10.37,0.8000,0.0200,0.5803,1.74,3778.70,16.93,3.00,0.1000,0.3661,0.5000,0.1000,0.1812,0.2049,1.64,0.5091,0.5572,7.41,0.7193,2.31,18.00,1.20,4.54,186.28,7.86,0.8541,0.0691,47.32,35024.18
2024-01-12,21.79,803.57,2.85,0.6183,6.50,1.68,1.03,30.54,0.3143,0.0154,0.4044,94938.66,267.24,87.83,306.64,52.73,2.07,2.55,21.59,1115.92,0.2710,341.21,0.1019,35.70,56.22,0.7804,0.5811,48.59,10.59,0.8746,0.0205,0.6064,1.75,3930.25,18.74,3.19,0.1022,0.3870,0.5285,0.1052,0.1944,0.2175,1.69,0.5338,0.5680,7.34,0.7349,2.38,17.43,1.28,4.15,218.45,8.71,0.8714,0.0704,49.29,35085.40
2024-01-19,23.41,853.36,3.06,0.6711,6.64,1.80,1.11,33.24,0.3406,0.0173,0.4260,100504.78,300.15,94.81,323.81,56.36,2.36,2.74,23.93,1181.48,0.2858,375.34,0.1095,39.40,54.10,0.8371,0.6173,50.20,11.04,0.9200,0.0219,0.6149,1.89,4339.48,20.61,3.49,0.1126,0.4344,0.6125,0.1105,0.2031,0.2358,1.90,0.5819,0.6647,7.84,0.8100,2.47,20.62,1.35,4.48,237.45,9.26,0.9118,0.0725,50.24,35993.88
2024-01-26,26.70,934.37,3.41,0.7564,7.67,1.80,1.14,34.87,0.3651,0.0184,0.4473,106373.06,322.33,99.79,317.55,58.26,2.51,2.93,24.45,1235.80,0.2979,400.65,0.1138,41.06,55.74,0.8926,0.6444,56.01,11.88,0.9886,0.0227,0.6655,2.06,4608.15,23.81,3.79,0.1233,0.4683,0.6781,0.1146,0.2142,0.2520,2.09,0.6287,0.7551,7.93,0.8416,2.68,21.92,1.65,5.00,261.16,9.90,0.9621,0.0759,54.10,37316.21
2024-02-02,28.22,1044.41,3.85,0.8232,7.83,1.95,1.31,39.77,0.4112,0.0210,0.4784,113888.52,337.15,109.29,346.48,61.15,2.64,3.19,25.77,1339.10,0.3196,457.60,0.1172,46.42,58.89,0.8925,0.7047,59.77,12.15,0.9906,0.0242,0.7356,2.25,4879.78,26.39,4.04,0.1247,0.4753,0.7248,0.1221,0.2368,0.2730,2.33,0.6615,0.7762,8.60,0.9312,2.63,23.19,1.72,5.50,278.15,10.81,1.02,0.0790,56.51,38462.65
2024-02-09,28.98,1129.63,4.24,0.8605,8.94,2.06,1.49,41.99,0.4121,0.0230,0.5152,119906.46,353.16,118.19,357.96,64.86,2.97,3.48,27.93,1412.11,0.3445,469.41,0.1256,43.55,62.72,0.9542,0.7810,63.74,13.05,0.9704,0.0257,0.7370,2.30,5126.37,30.13,4.36,0.1325,0.5094,0.7586,0.1279,0.2580,0.2755,2.60,0.6933,0.8725,9.50,0.9383,2.77,24.52,1.71,5.75,339.56,12.12,1.17,0.0849,58.98,39970.79
2024-02-16,31.57,1224.25,4.47,0.8728,10.87,2.19,1.59,45.67,0.4460,0.0249,0.5758,125670.64,362.76,127.19,370.34,73.17,3.39,3.78,28.38,1442.77,0.3769,509.85,0.1346,46.05,66.78,1.02,0.7620,65.74,13.57,1.10,0.0267,0.7918,2.47,5648.07,34.38,4.65,0.1385,0.5327,0.8096,0.1347,0.2822,0.2952,2.89,0.7679,1.02,10.18,1.06,2.95,28.03,1.91,6.55,376.28,12.87,1.20,0.0887,66.78,41632.93
2024-02-23,34.63,1345.45,4.77,0.9889,10.39,2.24,1.65,47.88,0.4944,0.0272,0.6234,134428.79,375.63,131.22,393.19,76.68,3.45,4.26,31.57,1606.61,0.4152,559.76,0.1547,48.39,76.57,1.11,0.8565,71.37,15.05,1.19,0.0269,0.8900,2.55,6214.12,37.28,5.16,0.1527,0.5806,0.8905,0.1470,0.2805,0.3132,3.01,0.8203,1.06,10.40,1.23,3.31,30.64,2.07,7.09,425.57,13.67,1.33,0.0921,70.53,43819.71
2024-03-01,36.19,1452.65,5.04,1.09,11.73,2.33,1.77,52.78,0.5308,0.0298,0.6789,145762.03,394.00,136.91,408.73,79.34,3.84,4.39,36.19,1775.20,0.4541,620.02,0.1569,57.28,81.54,1.18,0.8560,78.37,15.38,1.29,0.0282,0.9125,2.64,6616.67,38.55,5.37,0.1659,0.6839,0.9782,0.1516,0.2969,0.3314,3.22,0.8980,1.16,11.47,1.31,3.74,33.28,2.13,8.44,432.38,14.47,1.39,0.1041,80.61,48250.25
2024-03-08,38.18,1682.65,5.51,1.21,12.73,2.48,1.89,56.69,0.5948,0.0326,0.7238,159914.72,376.99,151.19,438.09,88.65,4.17,4.80,39.72,1972.92,0.4903,671.70,0.1826,56.62,86.45,1.34,0.9690,86.18,16.09,1.34,0.0294,1.03,2.75,7016.90,40.73,5.89,0.1730,0.7308,0.9826,0.1516,0.3185,0.3351,3.80,0.8872,1.22,12.25,1.40,3.86,35.05,2.19,9.12,517.70,15.88,1.55,0.1107,89.96,46291.77
2024-03-15,39.88,1859.27,5.74,1.38,14.34,2.58,1.97,58.18,0.6240,0.0330,0.7764,159811.35,408.58,165.58,433.08,99.35,4.57,5.29,40.69,2115.33,0.5532,709.49,0.2124,60.38,97.88,1.44,1.06,85.69,17.14,1.38,0.0301,1.16,2.88,7106.19,43.09,5.94,0.1908,0.7542,1.07,0.1700,0.3315,0.3572,3.91,1.01,1.36,12.84,1.45,4.10,37.26,2.51,9.33,565.60,17.09,1.64,0.1145,94.98,49617.66
2024-03-22,40.37,1868.81,4.99,1.38,13.17,2.61,2.07,55.16,0.6075,0.0317,0.8056,158966.76,431.47,166.31,433.04,98.48,4.67,4.81,40.42,2089.79,0.5631,696.01,0.1995,59.67,91.36,1.31,1.08,86.73,17.26,1.45,0.0290,1.08,2.84,6957.40,40.97,5.86,0.1848,0.6895,1.04,0.1594,0.3307,0.3459,4.05,1.06,1.39,11.93,1.53,4.31,36.74,2.63,8.96,505.73,16.24,1.72,0.1081,93.89,49269.89
2024-03-29,39.17,1817.96,4.94,1.33,12.22,2.60,2.13,56.46,0.5765,0.0296,0.7881,165150.24,437.42,169.06,441.83,98.97,4.63,4.89,39.23,1971.84,0.5732,722.97,0.1867,61.00,97.39,1.29,1.03,86.12,16.75,1.39,0.0292,1.00,2.65,6899.76,40.37,5.87,0.1954,0.6846,1.05,0.1506,0.3368,0.3365,4.00,1.05,1.43,11.19,1.35,4.22,36.93,2.62,9.32,508.12,15.57,1.56,0.1064,96.59,48231.61
2024-04-05,38.80,1827.46,4.69,1.35,12.91,2.56,2.01,55.56,0.5103,0.0297,0.7937,172108.56,429.13,169.76,426.43,96.47,4.25,4.78,38.41,1972.06,0.5487,717.18,0.1814,59.40,96.34,1.28,1.05,84.63,16.37,1.36,0.0280,0.9762,2.83,6620.76,39.34,5.73,0.1918,0.6676,1.05,0.1373,0.3466,0.3408,3.73,0.9496,1.35,10.97,1.49,4.26,33.58,2.51,9.17,506.04,14.39,1.53,0.1031,91.33,48252.39
2024-04-12,39.51,1865.77,4.74,1.31,13.14,2.56,1.99,53.41,0.4915,0.0294,0.8608,172263.72,414.01,161.61,416.52,103.56,4.12,4.91,37.52,1969.80,0.5602,692.40,0.1736,62.82,99.48,1.31,1.07,85.24,17.40,1.35,0.0284,0.9107,2.71,6287.22,40.90,5.14,0.1871,0.5791,0.9986,0.1327,0.3614,0.3425,3.54,0.9767,1.33,10.87,1.39,4.04,31.93,2.48,9.06,535.31,14.44,1.37,0.1033,85.12,46321.67
2024-04-19,37.89,1799.63,4.42,1.30,12.20,2.57,2.16,49.74,0.4780,0.0258,0.8416,174183.72,420.93,160.03,424.97,112.67,4.38,4.74,35.19,1924.17,0.5282,697.17,0.1620,61.86,102.02,1.29,1.01,88.40,16.06,1.31,0.0280,0.9016,2.70,6363.37,40.27,5.02,0.1826,0.5581,1.02,0.1273,0.3692,0.3396,3.42,0.9889,1.27,11.02,1.38,3.89,32.17,2.51,9.40,551.43,14.56,1.30,0.1109,79.50,47395.87
2024-04-26,38.10,1701.35,4.35,1.28,12.72,2.47,2.11,44.21,0.5083,0.0243,0.8435,172236.69,414.53,163.40,444.06,112.49,4.44,4.74,36.14,1875.99,0.5460,720.59,0.1676,59.39,99.71,1.28,0.9382,93.24,15.89,1.31,0.0271,0.8454,2.61,6354.54,40.85,5.00,0.1831,0.5442,1.03,0.1343,0.3752,0.3461,3.41,0.9258,1.19,11.10,1.36,3.91,33.96,2.57,9.80,544.96,13.80,1.28,0.1071,83.42,48246.49
2024-05-03,38.44,1762.21,3.95,1.30,11.87,2.45,2.05,44.86,0.5061,0.0254,0.8147,174499.48,412.43,150.05,427.78,110.55,4.60,4.78,34.27,1848.99,0.5876,715.62,0.1629,59.89,101.90,1.25,0.9472,90.82,16.15,1.31,0.0273,0.8114,2.50,6504.95,40.15,5.00,0.1793,0.5578,0.9904,0.1320,0.3824,0.3570,3.29,0.9820,1.19,10.53,1.37,3.80,34.09,2.53,9.69,512.25,14.23,1.21,0.1024,83.67,50405.91
2024-05-10,37.53,1789.90,4.07,1.33,11.57,2.32,1.84,43.78,0.5255,0.0239,0.8284,168105.75,409.44,152.55,415.59,110.03,4.46,4.87,34.22,1834.38,0.6202,726.67,0.1555,58.94,100.04,1.24,1.04,91.12,14.81,1.26,0.0250,0.7924,2.28,6251.14,37.03,5.01,0.1775,0.5583,0.9738,0.1222,0.3857,0.3774,3.30,0.9574,1.10,10.05,1.38,3.92,33.96,2.59,9.85,516.37,13.59,1.20,0.0988,82.77,50546.17
2024-05-17,39.49,1683.06,4.10,1.39,11.80,2.37,1.86,45.60,0.4921,0.0221,0.8194,155838.97,424.42,158.39,406.70,107.18,4.38,4.82,34.04,1850.27,0.6063,746.15,0.1565,56.72,104.98,1.15,1.02,93.71,14.28,1.26,0.0252,0.7574,2.25,6161.44,35.66,5.37,0.1709,0.5746,0.9452,0.1148,0.3828,0.3825,3.39,1.00,1.23,10.04,1.32,3.95,33.08,2.67,9.13,566.67,13.93,1.12,0.0957,84.46,52097.11
2024-05-24,37.19,1710.26,3.74,1.37,12.20,2.29,1.72,45.29,0.4715,0.0225,0.7824,150958.89,386.14,157.46,401.50,100.99,4.36,4.98,33.45,1848.58,0.6048,701.26,0.1688,54.91,106.75,1.18,1.00,94.96,14.27,1.17,0.0246,0.7313,2.18,5829.11,36.86,5.63,0.1752,0.5976,0.9195,0.1102,0.3669,0.3876,3.37,0.9893,1.28,10.09,1.25,3.79,33.55,2.76,9.23,609.04,14.79,1.12,0.0924,79.18,51007.27
2024-05-31,37.85,1809.32,3.75,1.42,11.93,2.32,1.76,40.93,0.4558,0.0231,0.7825,144311.98,345.14,152.99,397.49,96.36,4.32,5.03,33.93,1686.81,0.5602,684.62,0.1708,55.37,107.60,1.14,0.9769,90.89,14.52,1.10,0.0252,0.7295,2.16,5644.87,34.25,5.44,0.1715,0.5335,0.9004,0.1136,0.3708,0.3775,3.33,0.9599,1.27,10.59,1.29,3.82,32.36,2.81,8.39,591.75,14.97,1.14,0.0938,79.19,50262.83
2024-06-07,38.21,1725.53,3.58,1.41,11.87,2.14,1.77,41.73,0.4475,0.0252,0.7534,141574.61,335.89,150.51,390.30,89.98,4.16,4.94,35.10,1792.93,0.5857,655.32,0.1631,54.32,115.25,1.12,0.9058,87.87,14.77,1.12,0.0247,0.7413,1.94,5614.58,35.01,5.22,0.1646,0.4871,0.9517,0.1086,0.3701,0.3820,3.51,0.9452,1.23,10.55,1.35,3.75,30.59,2.59,7.81,606.68,14.53,1.10,0.0909,78.55,49456.73
2024-06-14,37.42,1794.59,3.75,1.30,11.89,2.06,1.73,41.73,0.4367,0.0252,0.7652,141673.93,323.59,144.57,369.58,85.96,4.47,4.70,33.25,1794.35,0.5742,642.67,0.1712,54.91,110.63,1.09,0.8735,90.03,14.47,1.02,0.0244,0.6890,2.09,5377.28,34.29,5.21,0.1613,0.4758,0.9576,0.1148,0.3769,0.3980,3.30,0.9467,1.22,10.59,1.42,3.67,29.62,2.62,7.07,589.91,14.22,1.05,0.0934,74.40,48832.60
2024-06-21,37.43,1866.70,3.71,1.33,12.09,2.04,1.63,38.67,0.4324,0.0243,0.7846,143691.35,317.58,135.66,372.67,81.57,4.25,4.43,32.76,1846.13,0.5656,623.81,0.1571,55.51,104.86,1.08,0.8482,92.10,14.24,1.00,0.0246,0.7383,2.14,5312.72,33.82,5.06,0.1542,0.4598,0.9137,0.1169,0.3569,0.4128,3.36,0.9382,1.20,10.24,1.41,3.79,28.31,2.42,7.19,589.49,13.27,1.01,0.0900,71.45,47913.71
2024-06-28,35.72,1754.30,3.44,1.26,11.68,1.95,1.64,37.79,0.3800,0.0238,0.7750,137859.60,286.81,129.73,362.83,74.85,3.78,4.22,31.40,1759.69,0.5355,571.89,0.1467,54.46,97.90,0.9691,0.7928,84.15,13.91,0.9774,0.0222,0.7337,1.97,5437.53,32.17,4.65,0.1428,0.4485,0.8604,0.1119,0.3656,0.3903,3.21,0.9551,1.16,9.23,1.38,3.45,28.58,2.24,7.79,598.54,12.13,0.9741,0.0900,70.88,47293.41
2024-07-05,35.97,1676.00,3.23,1.19,11.56,1.89,1.59,37.19,0.3239,0.0231,0.7506,140517.09,257.35,131.82,353.08,73.05,3.86,4.12,30.69,1708.75,0.4942,546.58,0.1343,51.85,81.50,0.9442,0.7494,79.08,13.51,0.8692,0.0229,0.7014,1.88,5072.28,30.52,4.69,0.1428,0.4447,0.8411,0.1052,0.3291,0.3744,3.01,0.9559,1.11,9.45,1.39,3.23,24.84,2.28,7.84,522.44,12.30,0.9455,0.0880,72.29,47935.99
2024-07-12,35.40,1638.66,3.16,1.11,11.00,1.75,1.49,34.79,0.2967,0.0221,0.7111,138308.10,229.98,124.70,344.22,69.02,3.63,3.62,29.95,1682.14,0.4777,546.02,0.1285,50.49,77.59,0.9298,0.6593,72.46,13.78,0.7328,0.0219,0.7054,1.80,4829.63,29.08,4.45,0.1377,0.4132,0.8428,0.1074,0.3132,0.3438,2.78,0.9143,1.08,8.70,1.27,3.15,24.45,2.12,6.93,572.62,12.07,0.8957,0.0881,68.83,47831.91
2024-07-19,34.20,1578.68,3.00,0.9926,11.39,1.62,1.34,32.76,0.2674,0.0211,0.7017,138179.69,227.37,116.96,334.69,67.14,3.15,3.53,27.27,1733.25,0.4426,518.40,0.1173,46.83,81.76,0.9251,0.5809,73.69,13.86,0.6897,0.0213,0.6768,1.86,4533.39,27.74,4.20,0.1255,0.4321,0.7606,0.1039,0.2785,0.3274,2.69,0.8533,1.05,8.26,1.28,3.17,22.49,2.03,6.61,554.39,11.41,0.8632,0.0850,66.17,48408.02
2024-07-26,34.50,1595.79,3.03,0.9685,11.34,1.53,1.38,28.31,0.2606,0.0217,0.6535,138193.78,217.55,112.92,340.88,66.54,2.80,3.31,27.84,1734.19,0.4679,545.09,0.1131,50.91,80.11,0.8737,0.5533,65.39,14.47,0.7269,0.0201,0.6603,1.84,4323.89,25.13,4.10,0.1223,0.4181,0.7544,0.1088,0.2705,0.3251,2.72,0.8582,1.00,8.16,1.29,2.97,23.20,2.13,6.25,546.35,11.51,0.8319,0.0854,65.49,45487.43
2024-08-02,35.19,1534.56,3.16,0.9444,11.30,1.61,1.42,27.13,0.2498,0.0212,0.6655,139985.46,211.07,107.78,344.62,66.28,3.08,3.33,29.74,1671.83,0.4367,522.06,0.1196,54.84,77.42,0.8601,0.5261,60.63,14.88,0.7366,0.0202,0.6261,1.97,4259.34,25.79,3.90,0.1218,0.4243,0.7676,0.1099,0.2766,0.3132,2.75,0.8640,1.01,8.21,1.22,2.82,21.13,2.21,6.51,570.90,11.72,0.7706,0.0827,66.13,45791.65
2024-08-09,35.00,1560.21,3.17,0.9523,11.03,1.68,1.40,25.71,0.2421,0.0210,0.6932,140118.15,210.19,102.51,353.87,64.80,3.08,3.56,30.36,1586.44,0.4036,522.32,0.1135,56.51,77.89,0.8685,0.5113,65.27,16.44,0.7298,0.0205,0.6303,1.95,4147.45,24.71,3.75,0.1239,0.4167,0.6841,0.1125,0.2770,0.3285,2.81,0.8203,0.9199,8.00,1.19,2.94,21.21,2.33,6.15,599.88,12.16,0.7170,0.0865,66.57,46485.55
2024-08-16,33.97,1639.31,3.03,0.9888,11.45,1.62,1.52,26.05,0.2502,0.0197,0.7524,135281.17,219.25,98.59,347.72,66.99,3.24,3.37,31.63,1645.37,0.3882,557.75,0.1065,55.22,79.99,0.8412,0.5191,66.15,16.37,0.7596,0.0204,0.6378,2.04,4270.70,25.62,3.61,0.1265,0.4032,0.6482,0.1125,0.2681,0.3383,2.92,0.7663,0.8902,7.57,1.17,3.01,21.08,2.27,6.53,536.17,12.90,0.7052,0.0864,65.41,48955.39
2024-08-23,32.50,1644.76,3.10,0.9251,11.04,1.62,1.47,25.25,0.2472,0.0203,0.7445,139957.66,211.40,93.76,369.55,65.48,3.06,3.12,32.94,1631.21,0.3853,555.89,0.1118,54.99,89.31,0.8483,0.5458,68.60,16.39,0.7420,0.0207,0.6524,2.00,4305.62,27.05,3.89,0.1308,0.4348,0.6326,0.1164,0.2830,0.3286,2.87,0.8163,0.8558,7.19,1.25,3.16,21.55,2.28,6.43,545.80,13.90,0.7134,0.0928,63.32,49032.08
2024-08-30,32.13,1582.57,3.10,0.9444,11.32,1.75,1.50,26.56,0.2490,0.0218,0.8163,142497.69,203.87,91.93,373.61,66.85,3.17,3.20,33.04,1601.30,0.3938,599.38,0.1173,56.40,94.08,0.8382,0.5352,66.68,16.36,0.7304,0.0217,0.6421,1.95,4604.67,26.64,3.92,0.1332,0.4162,0.6687,0.1200,0.3010,0.3217,2.89,0.8196,0.8688,6.81,1.26,2.99,21.96,2.07,5.92,569.67,13.60,0.6902,0.0968,64.33,50551.82
2024-09-06,32.03,1746.15,3.03,1.02,11.33,1.65,1.54,27.00,0.2382,0.0210,0.8179,144308.60,184.86,96.32,368.57,63.59,3.31,3.20,34.57,1628.70,0.3954,597.53,0.1203,55.61,90.60,0.8615,0.5336,66.99,17.05,0.7291,0.0218,0.6290,1.99,4671.47,27.75,3.85,0.1314,0.4308,0.6783,0.1155,0.3173,0.3037,3.00,0.7844,0.9434,6.42,1.33,2.99,21.71,2.09,6.11,547.46,13.14,0.7085,0.0916,63.06,55736.35
2024-09-13,30.96,1826.34,2.97,1.04,11.68,1.73,1.53,29.35,0.2328,0.0213,0.8281,139771.09,183.37,97.32,364.33,69.84,3.20,3.38,35.73,1632.29,0.3815,580.79,0.1179,51.63,86.60,0.8125,0.5679,68.96,17.58,0.7508,0.0220,0.6666,1.94,4700.04,28.72,3.68,0.1464,0.4327,0.6848,0.1224,0.3296,0.3048,3.03,0.7441,0.9241,6.56,1.36,3.15,21.68,1.97,6.42,587.63,13.74,0.7065,0.0949,71.69,56071.66
2024-09-20,30.96,1876.20,3.22,1.03,12.43,1.83,1.71,32.75,0.2577,0.0205,0.8986,148028.56,194.93,96.15,368.54,70.36,3.11,3.59,36.33,1847.96,0.4047,642.05,0.1172,53.41,92.91,0.8257,0.5915,72.25,18.23,0.8562,0.0234,0.7119,2.08,4995.40,30.47,3.82,0.1539,0.4759,0.7572,0.1276,0.3570,0.3155,3.23,0.7652,0.9763,7.23,1.45,3.34,21.85,2.05,6.79,608.80,14.70,0.7331,0.0984,75.83,56429.02
2024-09-27,32.61,2009.81,3.62,1.12,13.06,1.99,1.97,36.76,0.2885,0.0228,1.01,160583.51,213.58,108.55,374.38,71.42,3.41,3.90,37.91,2014.85,0.4090,675.37,0.1251,53.95,108.37,0.8410,0.6256,80.70,19.80,0.8810,0.0257,0.7686,2.41,5353.75,33.02,3.96,0.1595,0.4950,0.8621,0.1371,0.3911,0.3502,3.19,0.8487,1.07,7.85,1.52,3.50,24.36,2.42,7.74,709.76,15.95,0.7712,0.1005,79.97,55571.50
2024-10-04,33.95,2104.86,3.88,1.22,14.29,2.12,2.08,36.82,0.3083,0.0236,1.10,173401.95,237.11,121.13,391.50,75.22,3.61,3.97,41.65,2130.28,0.4248,702.45,0.1314,58.30,124.17,0.8910,0.6148,86.41,20.94,0.9415,0.0268,0.8276,2.58,5658.61,36.54,4.17,0.1668,0.5591,0.9510,0.1523,0.4386,0.3768,3.60,0.8540,1.17,8.33,1.76,3.91,26.02,2.63,8.53,799.83,16.71,0.8380,0.1045,86.73,57163.12
2024-10-11,35.53,2341.30,4.02,1.26,15.39,2.21,2.16,40.08,0.3166,0.0244,1.26,184903.67,247.65,133.44,418.03,83.67,3.91,4.47,41.22,2190.35,0.4681,763.50,0.1378,63.53,132.19,0.9466,0.6948,96.53,21.51,0.9709,0.0282,0.8833,2.69,6188.83,40.33,4.51,0.1697,0.6266,0.9093,0.1692,0.4868,0.3929,4.12,0.9059,1.28,9.01,2.16,4.43,29.25,2.72,9.39,852.66,18.93,0.9038,0.1056,93.39,58564.46
2024-10-18,38.16,2425.80,4.35,1.40,16.57,2.32,2.35,44.62,0.3307,0.0266,1.41,197801.67,266.43,148.24,444.86,92.28,3.90,4.54,45.31,2219.65,0.5208,808.78,0.1439,69.47,145.97,1.10,0.7337,109.97,23.14,1.02,0.0310,0.9631,2.88,6603.40,42.93,4.69,0.1850,0.6670,0.9778,0.1838,0.5277,0.3963,4.72,0.9669,1.38,9.77,2.36,4.92,32.67,3.01,10.85,978.44,20.58,0.9338,0.1164,99.39,60727.42
2024-10-25,38.28,2622.30,4.71,1.42,18.19,2.44,2.81,47.31,0.3555,0.0277,1.58,205983.19,278.49,165.10,447.72,101.32,4.56,5.03,49.21,2423.34,0.6101,907.91,0.1596,77.58,153.57,1.21,0.7622,116.94,22.03,1.12,0.0323,1.07,3.12,7241.17,44.81,5.18,0.2107,0.7367,1.09,0.1987,0.5557,0.4296,4.83,1.01,1.40,10.17,2.63,5.41,35.83,3.25,10.96,1063.76,21.87,0.9803,0.1242,103.37,62706.59
2024-11-01,37.90,2772.50,4.88,1.54,18.89,2.62,3.01,54.61,0.3971,0.0277,1.61,217147.85,288.88,158.40,489.11,111.62,5.07,5.32,53.07,2519.82,0.6735,940.85,0.1848,78.58,177.18,1.30,0.8095,126.98,24.00,1.27,0.0349,1.11,3.34,8113.58,51.34,5.71,0.2300,0.8118,1.23,0.2092,0.5672,0.4554,5.09,1.04,1.48,11.85,2.87,5.91,37.38,3.23,11.59,1248.99,24.28,1.07,0.1331,108.59,68873.68
2024-11-08,39.58,3108.09,5.35,1.55,19.79,2.62,3.39,59.14,0.3949,0.0303,1.68,218891.84,329.04,172.43,509.00,118.09,5.18,5.45,58.87,2639.30,0.7378,932.17,0.1903,86.79,197.15,1.49,0.9264,135.76,25.92,1.36,0.0401,1.23,3.59,8638.64,59.05,6.22,0.2574,0.7994,1.35,0.2198,0.6478,0.5061,5.55,1.16,1.73,12.70,3.43,6.37,40.58,3.59,12.50,1385.36,28.17,1.15,0.1319,118.13,70910.13
2024-11-15,43.57,3401.55,6.08,1.73,22.25,2.73,3.78,69.00,0.4200,0.0351,1.76,224798.94,357.04,192.11,549.03,122.35,5.75,5.74,59.43,2724.83,0.7827,1020.43,0.2172,88.26,219.13,1.53,1.03,142.91,26.57,1.51,0.0419,1.30,3.53,9420.06,66.36,6.64,0.2595,0.8974,1.42,0.2314,0.7539,0.5230,6.23,1.26,1.91,13.70,3.78,6.95,44.33,4.09,12.95,1598.88,31.91,1.27,0.1430,126.40,70262.68
2024-11-22,46.05,3477.86,6.33,1.76,23.34,2.83,3.66,76.10,0.4966,0.0384,1.85,234736.72,374.10,206.93,572.30,126.19,6.63,5.78,64.23,2865.65,0.9142,1100.02,0.2306,93.41,237.63,1.56,1.07,142.02,27.15,1.62,0.0449,1.28,3.72,10078.26,71.08,6.89,0.2699,0.9353,1.48,0.2481,0.8701,0.5360,6.63,1.33,2.00,15.11,3.65,7.27,49.51,4.30,13.54,1779.32,35.88,1.36,0.1452,136.76,72551.99
2024-11-29,49.09,3803.76,5.96,1.84,22.66,3.20,3.75,82.05,0.5220,0.0388,1.86,252780.11,403.39,233.53,589.23,132.78,6.88,5.98,64.08,2974.34,0.9300,1164.82,0.2438,98.65,269.27,1.62,1.16,160.50,29.39,1.78,0.0461,1.34,3.67,10576.51,75.43,7.15,0.2894,0.9279,1.65,0.2683,0.9034,0.5505,7.10,1.44,2.11,15.77,3.82,8.12,51.36,4.47,15.14,1896.13,39.67,1.37,0.1480,150.28,73058.18
2024-12-06,50.47,3968.61,5.96,1.88,23.65,3.32,4.09,90.76,0.5263,0.0405,1.97,270834.62,429.34,246.07,616.12,141.09,6.90,6.28,69.44,3046.55,0.9788,1195.67,0.2292,102.57,285.74,1.64,1.15,160.81,31.11,2.00,0.0501,1.31,3.91,10636.24,76.92,7.28,0.3058,0.9977,1.70,0.2771,0.9525,0.5770,7.77,1.42,2.20,15.64,3.97,8.36,53.65,4.48,14.84,1803.85,41.28,1.40,0.1481,163.49,72880.78
2024-12-13,53.54,4241.16,5.56,1.91,23.47,2.98,3.88,94.59,0.5797,0.0424,2.01,272282.56,461.11,270.63,608.23,131.27,6.32,6.71,69.82,3086.85,0.9105,1169.22,0.2285,104.38,283.35,1.59,1.12,170.41,31.61,2.08,0.0488,1.17,3.86,10388.29,78.83,8.19,0.3156,1.12,1.76,0.2716,0.9735,0.6162,8.47,1.40,2.25,14.89,4.16,8.96,54.32,4.39,15.24,1861.60,41.88,1.42,0.1481,171.21,75087.74
2024-12-20,51.99,4113.44,5.56,1.98,23.82,2.93,3.96,94.18,0.6090,0.0434,2.00,275803.66,488.63,266.75,619.41,132.01,6.50,6.58,70.60,3221.88,0.8819,1116.07,0.2175,100.19,294.50,1.51,1.11,176.37,32.31,2.06,0.0495,1.19,3.86,10381.14,87.03,8.50,0.3461,1.10,1.77,0.2576,0.9509,0.6607,8.37,1.51,2.15,14.40,4.14,9.02,57.01,4.51,15.12,1871.97,41.71,1.38,0.1446,179.51,71007.23
2024-12-27,55.54,4092.54,5.44,2.06,25.52,3.08,4.08,99.38,0.5685,0.0428,1.95,287587.48,485.41,278.77,633.38,128.68,6.40,7.02,69.14,3258.30,0.8604,1111.23,0.2193,97.79,284.10,1.54,1.08,171.95,31.45,2.07,0.0517,1.26,3.78,11219.63,84.24,8.89,0.3396,1.07,1.73,0.2591,0.9804,0.6803,8.11,1.47,2.09,14.45,4.14,8.75,58.27,4.99,14.94,1855.43,43.25,1.37,0.1485,175.99,75725.39
2025-01-03,56.69,4029.24,5.37,2.04,27.22,2.95,4.00,97.99,0.5742,0.0427,1.85,285859.52,487.60,274.09,650.69,134.37,6.44,7.16,64.26,3236.42,0.9085,1101.49,0.2142,108.03,311.97,1.58,1.15,157.42,30.78,2.05,0.0517,1.25,3.43,11442.93,87.02,9.48,0.3324,1.04,1.54,0.2579,1.02,0.6705,8.95,1.46,2.12,13.79,4.23,8.13,60.60,5.19,16.01,1786.80,44.04,1.41,0.1515,171.52,70201.28
2025-01-10,57.87,4037.55,5.30,2.12,27.42,2.83,3.71,94.28,0.6422,0.0444,1.88,286012.85,486.98,290.15,644.33,138.52,6.40,7.86,66.43,3392.70,0.8944,1157.92,0.2134,109.50,339.81,1.53,1.17,161.73,31.58,2.02,0.0563,1.20,3.66,11997.96,94.86,9.01,0.3244,1.12,1.43,0.2414,1.01,0.6793,9.66,1.47,2.09,14.07,4.36,8.35,60.80,4.79,15.52,1930.01,44.90,1.40,0.1579,165.40,70099.47
2025-01-17,58.62,4002.14,5.36,2.12,26.05,2.87,3.54,95.84,0.6889,0.0443,1.80,286635.38,475.26,300.17,644.99,148.92,6.80,7.88,68.62,3373.05,0.9054,1150.68,0.2229,117.07,356.50,1.60,1.23,166.92,30.51,2.20,0.0607,1.20,3.63,12330.46,98.02,9.01,0.3121,1.14,1.48,0.2513,1.03,0.6774,10.17,1.48,2.07,14.08,4.06,8.36,63.21,4.90,16.75,1928.75,46.40,1.45,0.1710,167.72,68103.60
2025-01-24,59.95,4245.44,5.24,2.17,27.12,2.95,3.52,91.95,0.6776,0.0447,1.85,287484.24,463.52,303.79,658.14,149.65,6.47,7.73,70.38,3190.54,0.8086,1209.59,0.2254,118.81,333.55,1.63,1.23,154.05,31.82,2.19,0.0592,1.17,3.31,12487.15,97.92,8.87,0.3238,1.06,1.42,0.2392,1.01,0.6738,10.24,1.45,1.96,14.87,4.45,8.32,60.40,5.17,15.45,1870.54,44.31,1.38,0.1683,160.41,67651.44
2025-01-31,58.70,4053.49,5.03,2.10,27.36,2.87,3.55,91.73,0.6745,0.0463,1.73,278557.31,484.46,292.31,589.24,144.93,6.32,6.61,72.34,3050.85,0.7961,1169.97,0.2059,110.47,308.46,1.67,1.19,146.78,30.10,2.25,0.0612,1.20,3.30,12380.48,90.11,8.59,0.3093,0.9610,1.45,0.2261,1.04,0.6818,10.20,1.45,1.86,15.62,4.34,8.21,56.92,4.84,15.31,1827.01,41.34,1.27,0.1587,164.11,65141.99
2025-02-07,56.66,4185.12,4.68,1.98,25.78,2.99,3.76,92.15,0.6778,0.0439,1.82,276098.90,489.14,283.13,574.83,150.91,6.29,6.86,71.54,2903.73,0.7510,1147.24,0.1942,102.54,316.88,1.59,1.16,144.89,28.86,2.34,0.0572,1.18,3.26,12127.74,82.62,8.67,0.3113,0.9120,1.46,0.2245,0.9600,0.6490,10.41,1.44,1.76,14.76,4.12,7.86,53.17,4.36,15.63,1850.53,37.63,1.25,0.1516,158.56,63302.79
2025-02-14,54.51,4407.76,4.49,1.86,24.31,3.04,3.40,86.71,0.7013,0.0433,1.80,289105.37,482.30,267.07,560.52,140.67,6.47,6.85,72.99,2961.23,0.7142,1076.27,0.1881,96.19,309.78,1.63,1.12,142.14,28.18,2.37,0.0545,1.05,3.25,12316.19,81.80,8.28,0.2923,0.9088,1.43,0.2180,1.01,0.6158,10.91,1.41,1.57,14.33,4.19,7.54,48.26,4.22,14.55,1831.83,37.85,1.17,0.1457,159.50,60441.62
2025-02-21,51.11,4116.34,4.43,1.84,22.99,2.97,3.54,80.83,0.6185,0.0430,1.75,278073.93,483.18,269.28,512.55,133.77,6.96,6.85,73.29,3015.94,0.6931,1085.60,0.1888,95.93,295.59,1.60,1.06,138.62,26.42,2.22,0.0527,0.9923,3.12,12018.17,80.84,8.39,0.2815,0.9365,1.46,0.2178,0.9879,0.6112,11.16,1.44,1.61,14.04,4.18,7.76,45.54,4.06,14.12,1849.18,38.31,1.14,0.1363,157.26,57591.14
2025-02-28,47.13,3831.05,4.38,1.90,22.45,2.93,3.62,73.40,0.6142,0.0419,1.75,269353.28,456.37,263.61,530.97,135.11,6.60,6.25,67.37,3085.93,0.6423,1045.67,0.1946,87.00,307.80,1.54,0.9784,133.68,25.20,2.21,0.0502,0.8966,3.02,11232.87,79.22,7.84,0.2709,0.9213,1.41,0.2151,0.9908,0.5754,10.81,1.24,1.58,13.57,3.88,7.66,46.40,3.88,13.09,1801.48,34.77,1.08,0.1397,153.93,53048.42
2025-03-07,42.92,3770.38,4.41,1.72,22.30,3.01,3.82,72.45,0.6095,0.0370,1.86,260162.65,428.98,253.67,547.75,143.55,6.45,6.36,66.11,2917.82,0.6655,994.64,0.2025,89.55,307.53,1.62,1.05,129.31,23.96,1.97,0.0535,0.8615,3.09,10737.32,82.07,7.47,0.2538,0.8918,1.34,0.2158,0.9654,0.5772,10.37,1.19,1.50,14.35,3.82,6.85,43.97,3.81,13.78,1829.70,32.22,1.15,0.1374,157.78,50132.26
2025-03-14,38.12,3488.62,3.74,1.83,21.94,2.84,3.79,71.07,0.6081,0.0380,1.79,248910.21,432.71,255.38,540.72,152.35,6.13,5.93,65.77,2793.81,0.6601,937.62,0.1931,94.40,292.21,1.53,1.08,120.34,22.87,1.97,0.0543,0.8837,2.93,10759.02,78.11,7.15,0.2596,0.8509,1.32,0.2122,0.9023,0.5857,10.32,1.08,1.47,13.61,3.90,6.28,41.98,3.78,13.40,1835.03,28.97,1.19,0.1377,162.43,50733.52
2025-03-21,37.27,3244.17,3.57,1.91,22.66,2.71,3.25,68.52,0.5818,0.0366,1.79,251257.43,439.21,253.27,501.39,146.73,6.59,5.87,65.31,2770.44,0.6524,824.99,0.1855,91.86,301.32,1.50,0.9684,119.47,21.75,1.81,0.0513,0.8830,3.01,10738.78,77.94,7.11,0.2553,0.8548,1.15,0.2083,0.8443,0.5984,9.96,1.06,1.33,13.85,3.91,6.26,39.27,3.56,13.13,1711.99,28.68,1.07,0.1334,169.98,50614.13
2025-03-28,36.69,3414.60,3.15,1.79,21.71,2.74,3.29,64.18,0.5902,0.0351,1.84,239238.36,426.73,241.23,510.04,140.28,6.39,5.85,65.27,2795.49,0.6388,791.55,0.1772,89.63,295.79,1.45,0.9431,108.83,21.83,1.78,0.0522,0.8637,2.74,10406.86,75.05,7.15,0.2311,0.8361,1.14,0.1971,0.8268,0.5743,9.36,1.02,1.25,13.91,3.68,5.88,41.00,3.63,11.63,1591.43,28.13,1.06,0.1248,173.65,51139.30
2025-04-04,36.55,3513.50,3.13,1.78,22.58,2.79,3.09,64.15,0.5547,0.0349,1.83,225276.31,414.63,237.41,494.86,138.69,6.44,5.68,64.48,2866.57,0.6331,779.31,0.1645,89.89,291.50,1.50,0.9197,97.78,20.05,1.80,0.0499,0.8594,2.69,10153.99,72.60,6.77,0.2263,0.7966,1.10,0.1896,0.8000,0.5820,9.04,1.04,1.30,14.07,3.66,5.80,41.25,3.56,11.79,1584.69,26.80,1.07,0.1233,168.83,49473.65
2025-04-11,35.97,3567.79,3.16,1.76,22.58,2.87,2.99,59.42,0.5703,0.0332,1.74,209339.74,414.09,214.84,475.24,138.60,6.47,5.36,62.86,2726.04,0.5982,769.32,0.1561,86.70,262.16,1.53,0.9160,98.56,20.58,1.68,0.0481,0.7771,2.96,9913.32,73.69,6.32,0.2299,0.8377,1.07,0.1765,0.7768,0.5265,8.76,1.05,1.26,13.61,3.65,5.80,37.12,3.49,12.73,1429.72,25.88,1.12,0.1259,161.46,48976.24
2025-04-18,36.10,3481.08,3.16,1.75,22.78,2.80,2.84,59.59,0.6173,0.0335,1.73,214678.97,413.20,232.69,476.48,142.94,6.28,5.51,63.70,2730.38,0.5878,752.55,0.1588,89.36,261.92,1.55,0.9186,99.40,20.50,1.69,0.0534,0.7895,3.05,10094.56,73.23,6.64,0.2282,0.8769,1.05,0.1696,0.7910,0.5081,9.01,1.01,1.25,12.90,4.13,5.44,37.33,3.67,13.39,1496.38,25.64,1.18,0.1301,163.45,49506.25
2025-04-25,36.53,3442.90,3.40,1.89,22.55,2.84,2.90,61.20,0.6389,0.0358,1.72,213050.01,443.43,234.79,465.59,143.80,6.38,6.05,67.19,2892.11,0.6284,800.14,0.1587,91.01,257.87,1.58,0.9731,102.61,21.91,1.65,0.0556,0.7693,3.13,10550.07,74.79,6.92,0.2252,0.8396,1.11,0.1871,0.7800,0.5394,9.30,0.9787,1.23,13.21,4.18,5.29,35.87,3.63,13.93,1549.20,25.86,1.21,0.1366,170.04,50189.40
2025-05-02,38.64,3398.65,3.46,1.93,21.98,2.87,2.73,67.86,0.6324,0.0392,1.76,220453.16,446.03,243.53,483.00,151.11,6.79,6.12,67.46,2801.75,0.6633,855.16,0.1751,94.60,256.64,1.51,1.05,97.61,22.11,1.68,0.0568,0.7882,3.22,9877.53,77.10,6.53,0.2360,0.8417,1.03,0.1850,0.7821,0.5722,9.66,1.01,1.33,13.46,4.44,5.58,35.08,3.95,13.49,1672.58,24.87,1.27,0.1472,172.86,50658.31
2025-05-09,40.42,3435.32,3.80,2.00,22.27,2.87,2.69,68.01,0.6427,0.0394,1.75,238258.66,439.23,251.97,500.18,158.59,6.98,6.23,70.00,2886.24,0.6768,822.38,0.1767,92.57,256.65,1.55,1.09,107.52,22.15,1.78,0.0588,0.8462,3.37,9727.29,73.85,6.75,0.2365,0.8292,1.00,0.1909,0.8476,0.5753,10.20,1.03,1.29,14.16,4.34,5.73,35.70,4.20,13.28,1763.51,24.69,1.28,0.1319,191.28,52480.53
2025-05-16,40.20,3369.95,3.82,2.11,21.09,2.92,2.96,66.70,0.6656,0.0443,1.84,243400.33,458.85,254.90,529.12,160.07,6.57,6.30,69.06,2921.12,0.6906,882.76,0.1875,96.07,264.84,1.52,1.02,110.90,23.26,1.82,0.0589,0.8812,3.44,10483.50,79.91,7.14,0.2480,0.8066,1.06,0.1989,0.8887,0.5964,10.71,1.15,1.33,15.00,4.38,6.07,38.25,4.38,14.70,1751.45,24.92,1.32,0.1378,197.38,55641.57
2025-05-23,40.13,3303.80,3.97,2.16,22.14,2.99,3.00,68.39,0.6878,0.0449,1.87,244786.43,485.62,264.24,575.68,165.07,6.61,7.24,71.56,3078.97,0.7311,927.03,0.1977,94.19,278.00,1.48,1.04,110.48,24.05,1.90,0.0614,0.9114,3.43,10594.40,85.42,7.58,0.2431,0.7767,1.06,0.2132,0.9530,0.5890,11.18,1.25,1.39,16.18,4.70,6.01,39.17,4.49,15.24,1890.84,26.20,1.21,0.1341,185.46,56954.13
2025-05-30,41.42,3415.35,3.93,2.28,23.39,2.92,2.90,70.34,0.7653,0.0494,1.95,243783.44,514.52,266.75,571.50,155.38,6.84,7.24,73.34,2911.11,0.7601,858.86,0.2134,98.77,283.19,1.55,1.02,113.77,25.26,1.68,0.0617,0.9317,3.49,11334.45,83.97,7.59,0.2315,0.8435,1.07,0.2143,0.9748,0.6135,11.69,1.40,1.46,16.26,4.71,6.07,37.96,4.61,16.27,1902.50,26.05,1.31,0.1299,175.13,55801.19
2025-06-06,39.99,3543.86,3.98,2.32,25.15,2.91,3.07,76.81,0.7741,0.0523,1.98,254881.79,495.81,255.91,574.12,153.87,6.89,7.37,76.80,2934.14,0.7563,868.04,0.2125,97.53,270.34,1.59,1.02,121.42,24.48,1.69,0.0675,0.9191,3.53,11080.96,81.76,8.18,0.2379,0.8691,1.02,0.2231,1.04,0.6498,12.38,1.37,1.53,17.06,4.47,5.96,40.59,4.90,15.65,2042.84,27.00,1.38,0.1293,183.90,58348.45
2025-06-13,40.38,3628.23,3.99,2.54,25.70,2.88,3.06,79.41,0.8252,0.0506,2.16,261779.59,517.18,262.15,584.18,156.81,7.41,7.58,80.57,2954.82,0.7872,861.41,0.2305,96.72,274.78,1.61,1.04,128.35,24.72,1.84,0.0669,0.9465,3.51,11458.90,84.18,8.33,0.2532,0.8678,1.08,0.2210,1.07,0.6357,12.40,1.40,1.69,17.53,4.93,6.17,41.23,5.35,16.46,2052.55,28.46,1.40,0.1229,195.20,61495.49
2025-06-20,44.10,3769.64,4.05,2.70,27.30,3.12,3.13,81.12,0.8250,0.0532,2.08,272534.84,541.93,276.06,596.60,170.09,7.93,7.59,80.58,2932.16,0.8320,847.99,0.2488,104.68,271.99,1.64,1.07,136.54,26.69,1.75,0.0676,0.9586,3.40,11491.51,88.24,8.44,0.2445,0.9904,1.12,0.2276,1.05,0.6539,12.68,1.33,1.67,18.48,5.50,6.43,44.46,5.45,16.93,2233.12,31.57,1.50,0.1205,199.55,63153.46
2025-06-27,44.69,3911.71,4.29,2.88,29.96,3.15,3.04,84.65,0.9214,0.0535,2.19,283075.09,559.48,284.01,589.34,159.20,7.77,7.67,85.48,2984.82,0.8392,838.52,0.2636,113.44,294.59,1.72,1.03,138.17,29.13,1.88,0.0651,0.9787,3.53,11414.38,82.35,8.66,0.2428,0.9836,1.13,0.2319,1.08,0.6468,12.95,1.28,1.74,16.84,5.58,6.84,43.91,5.76,18.35,1958.05,32.36,1.38,0.1220,204.47,59103.97
2025-07-04,48.95,4044.19,4.26,3.14,28.50,3.08,2.83,93.46,0.9647,0.0564,2.26,292987.12,575.13,295.33,601.30,159.39,7.99,7.98,87.65,2903.03,0.8153,896.20,0.2680,119.26,288.59,1.66,1.02,140.57,29.05,2.04,0.0671,1.07,3.66,10687.86,88.50,8.39,0.2500,0.9773,1.26,0.2527,1.08,0.6566,13.48,1.34,1.79,16.56,5.56,7.02,47.59,6.01,18.30,2088.71,32.81,1.46,0.1341,206.71,61719.64
2025-07-11,48.72,4120.76,4.38,3.19,32.21,3.12,2.97,88.55,1.01,0.0608,2.27,276139.14,588.60,303.95,625.19,175.86,8.10,7.90,85.84,2984.02,0.8590,898.73,0.2855,124.77,298.44,1.64,1.02,129.98,29.92,2.10,0.0692,1.12,3.80,10856.45,91.36,8.16,0.2501,1.00,1.26,0.2688,1.08,0.6743,13.95,1.41,1.92,17.39,5.19,7.55,52.17,6.03,19.08,2073.77,30.89,1.46,0.1338,209.00,60865.34
2025-07-18,48.51,4214.43,4.37,3.35,33.99,3.47,3.19,91.97,1.02,0.0632,2.35,276802.73,621.26,294.76,630.95,184.05,8.24,8.06,87.25,2965.49,0.9319,884.07,0.2982,130.27,294.41,1.69,1.01,141.04,29.33,2.09,0.0675,1.08,4.13,11272.35,94.66,8.16,0.2636,0.9952,1.33,0.2649,1.07,0.7052,14.90,1.47,1.89,17.49,5.38,7.49,56.84,5.55,19.02,2096.88,27.80,1.42,0.1388,214.45,65108.63
2025-07-25,51.81,4325.87,4.47,3.40,30.60,3.32,3.24,95.51,1.05,0.0614,2.46,291285.65,650.81,310.72,624.54,193.80,8.40,8.34,89.22,2981.53,0.9090,890.85,0.3154,129.39,311.19,1.75,1.01,150.93,29.23,2.26,0.0693,1.09,4.03,11335.34,95.11,7.87,0.2640,0.9737,1.38,0.2834,1.04,0.7529,15.01,1.43,1.98,17.37,5.42,7.46,55.70,5.79,19.05,1985.20,28.90,1.38,0.1345,226.78,63049.22
2025-08-01,47.84,4471.05,4.47,3.41,30.56,3.38,3.18,102.63,0.9915,0.0634,2.55,286933.64,631.98,327.89,609.70,191.34,8.85,8.46,84.28,3181.50,0.9002,886.10,0.3233,134.31,344.88,1.66,1.06,157.42,29.36,2.37,0.0725,1.05,4.34,10823.63,91.85,7.88,0.2848,0.9722,1.40,0.3048,1.03,0.7288,14.94,1.51,2.01,18.85,5.67,7.35,56.60,5.63,18.74,2443.17,30.68,1.43,0.1326,243.16,65831.55
2025-08-08,51.70,4824.02,4.27,3.29,29.63,3.30,3.26,101.47,1.10,0.0694,2.57,306017.20,675.60,325.80,575.66,191.82,8.71,8.64,85.35,3218.09,0.9341,852.33,0.3336,133.41,353.07,1.74,1.02,157.41,29.51,2.34,0.0758,1.03,4.29,10651.98,97.28,7.82,0.2922,1.06,1.41,0.3234,1.11,0.7609,15.13,1.56,1.92,18.47,5.59,8.10,55.47,5.49,18.13,2547.17,31.32,1.51,0.1365,232.74,64594.49
2025-08-15,54.88,4836.46,4.51,3.31,28.77,3.29,3.16,100.34,1.12,0.0717,2.44,308259.64,667.57,321.02,582.36,189.81,9.37,9.22,89.78,3195.84,0.9069,864.52,0.3357,131.57,338.13,1.75,1.01,163.82,30.50,2.48,0.0729,1.05,4.21,10295.45,96.83,8.20,0.2910,1.14,1.46,0.3212,1.18,0.7792,14.72,1.68,1.97,18.67,5.45,8.59,57.46,5.70,17.97,2689.14,33.09,1.49,0.1311,240.57,61747.71
2025-08-22,55.75,4804.70,4.78,3.29,30.45,3.27,3.33,110.28,1.09,0.0735,2.73,311294.92,676.51,335.68,587.46,179.26,9.97,8.50,89.28,3353.28,0.9051,849.74,0.3535,128.42,323.07,1.79,1.01,157.19,31.48,2.56,0.0726,1.05,4.33,10807.15,96.97,8.47,0.2997,1.19,1.48,0.3115,1.17,0.7952,16.08,1.67,2.07,18.62,5.54,9.21,60.12,5.46,17.76,2893.50,33.77,1.44,0.1285,249.82,64258.64
2025-08-29,56.36,5299.72,4.99,3.30,29.77,3.18,3.42,109.40,1.18,0.0790,2.82,302727.76,666.21,357.60,581.42,189.07,10.31,8.63,87.86,3374.43,0.9256,894.61,0.3441,128.51,328.33,1.86,0.9861,150.35,32.55,2.42,0.0770,1.06,4.12,10721.33,99.81,8.40,0.3027,1.24,1.48,0.3018,1.17,0.8408,17.47,1.56,2.19,19.00,5.84,9.12,56.50,5.66,17.26,2746.10,32.18,1.49,0.1300,260.19,66181.80
2025-09-05,56.04,5339.79,4.95,3.31,28.91,3.26,3.61,107.02,1.27,0.0803,2.88,289669.89,626.58,364.26,600.21,186.20,11.23,9.02,85.82,3409.65,1.04,859.42,0.3569,128.28,344.11,1.98,0.9813,159.18,35.45,2.46,0.0801,1.04,4.16,10748.55,104.48,8.85,0.3044,1.33,1.60,0.3166,1.16,0.8303,17.09,1.63,2.11,19.69,5.63,9.53,57.34,6.05,18.39,2978.37,34.82,1.51,0.1259,252.36,62143.57
2025-09-12,54.34,5408.05,4.90,3.32,29.85,3.25,3.49,108.13,1.23,0.0803,3.06,289592.75,676.74,390.74,593.74,180.18,11.35,9.60,85.11,3543.94,1.11,841.92,0.3508,133.63,351.48,1.94,0.9781,160.59,33.79,2.57,0.0794,0.9417,4.20,10566.35,113.29,8.75,0.2952,1.37,1.57,0.3090,1.19,0.8077,16.23,1.75,2.19,19.69,5.70,9.84,60.49,5.92,18.95,2952.69,35.01,1.54,0.1268,262.38,63630.21
2025-09-19,51.82,5187.86,4.89,3.62,29.13,3.26,3.45,106.97,1.26,0.0862,3.14,284884.82,756.84,396.93,587.37,192.08,11.26,10.44,83.25,3744.56,1.14,895.19,0.3855,128.85,377.97,1.85,0.9443,157.06,34.72,2.60,0.0797,0.9567,4.34,10901.18,120.01,9.42,0.2978,1.36,1.63,0.2965,1.17,0.8425,16.36,1.69,2.07,19.93,6.06,10.40,61.63,6.50,19.13,2979.40,31.32,1.53,0.1312,281.26,62386.31
2025-09-26,53.24,5444.46,4.95,3.31,29.78,3.39,3.35,107.17,1.21,0.0776,3.30,287088.80,812.31,416.21,585.20,193.57,11.70,11.03,85.00,3916.45,1.14,868.88,0.3895,131.48,361.51,1.77,0.9751,156.23,34.84,2.59,0.0852,1.01,4.18,10794.92,125.89,9.72,0.3001,1.31,1.61,0.2928,1.20,0.8993,16.09,1.64,2.09,20.93,5.75,11.14,62.06,6.36,18.02,3127.21,31.51,1.56,0.1283,280.85,61874.23
2025-10-03,53.59,5363.31,4.71,3.73,28.42,3.45,3.14,99.53,1.24,0.0791,3.50,292783.28,816.49,404.84,617.19,202.71,11.20,11.18,86.24,3908.66,1.20,907.69,0.3914,131.48,392.63,1.86,0.9906,147.38,35.60,2.70,0.0770,1.03,4.15,10805.87,122.77,9.76,0.3180,1.30,1.69,0.2854,1.25,0.9071,16.55,1.66,2.18,19.05,5.45,11.46,57.61,6.28,18.23,3051.99,30.95,1.59,0.1335,273.44,61185.69
2025-10-10,52.66,4931.04,4.79,3.92,29.97,3.37,3.01,100.87,1.30,0.0805,3.57,305110.56,801.93,406.18,653.57,203.38,10.71,10.99,84.14,3991.55,1.16,927.63,0.3837,121.30,403.95,1.89,1.03,144.94,34.94,2.78,0.0823,1.04,4.26,10779.28,116.45,10.20,0.3314,1.36,1.70,0.2962,1.30,0.9657,17.48,1.68,2.08,19.36,5.58,11.92,61.70,6.33,20.22,2842.17,31.99,1.56,0.1260,274.30,58723.71
2025-10-17,52.88,4987.78,5.06,3.72,31.47,3.42,3.18,100.31,1.24,0.0772,3.43,311878.91,856.93,401.64,671.40,193.53,10.94,11.46,80.55,4002.28,1.22,827.61,0.4118,124.53,423.56,1.88,0.9594,149.90,35.16,2.82,0.0866,1.09,4.62,10929.56,114.62,10.24,0.3395,1.43,1.61,0.2996,1.40,0.9660,18.43,1.72,2.20,18.95,5.45,12.07,58.60,6.32,20.73,3130.25,33.04,1.61,0.1317,266.99,58864.71
2025-10-24,58.23,5023.88,5.34,3.91,29.88,3.49,3.24,102.96,1.22,0.0744,3.40,313411.80,905.95,437.34,705.94,202.15,10.59,11.39,81.91,3956.45,1.27,860.85,0.4273,131.36,411.15,1.97,0.9414,145.74,36.17,3.01,0.0892,1.10,4.73,11075.37,110.73,9.88,0.3417,1.45,1.63,0.3120,1.40,0.9931,18.56,1.85,2.23,20.87,5.60,12.11,57.21,6.00,20.10,3047.23,34.11,1.60,0.1335,283.27,59156.16
2025-10-31,63.37,4853.62,5.37,3.87,31.41,3.23,3.08,103.79,1.32,0.0760,3.25,304615.54,975.01,431.43,690.24,216.02,11.21,12.18,79.88,3794.59,1.29,881.99,0.4400,141.06,382.74,2.06,0.9068,152.70,35.89,2.93,0.0880,1.05,4.78,10875.75,115.87,10.21,0.3657,1.48,1.69,0.3351,1.39,0.9507,18.97,1.78,2.50,22.27,6.22,12.28,59.34,5.94,21.18,2917.27,30.56,1.57,0.1280,302.71,63164.95
2025-11-07,60.68,5138.25,5.63,3.66,31.27,3.20,3.21,99.73,1.33,0.0746,3.35,305025.27,965.38,432.98,739.65,214.88,10.84,12.66,80.22,3653.12,1.44,879.09,0.4384,143.66,419.93,1.95,0.9294,167.88,36.39,2.80,0.0867,1.07,5.08,10842.32,121.44,9.79,0.3501,1.47,1.81,0.3398,1.42,0.9680,20.13,1.75,2.61,21.77,6.85,12.03,57.98,6.15,21.56,3008.83,31.31,1.53,0.1357,316.59,66493.37
2025-11-14,60.10,5270.94,5.74,3.88,33.16,3.25,3.05,108.44,1.38,0.0735,3.44,293591.72,1015.72,411.66,740.02,219.29,11.49,12.88,82.81,3684.13,1.46,891.80,0.4405,135.18,410.38,1.99,0.9307,168.76,36.31,2.73,0.0860,1.07,5.13,11083.08,122.14,9.53,0.3358,1.64,1.74,0.3356,1.46,0.9884,20.86,1.74,2.67,22.05,6.84,12.29,61.37,6.21,21.85,3210.33,33.16,1.63,0.1288,331.24,68335.30
2025-11-21,58.71,5374.45,6.04,3.79,34.16,3.39,2.94,109.15,1.42,0.0718,3.35,294706.64,1058.63,427.96,725.46,227.27,11.21,12.11,82.50,3855.35,1.52,901.54,0.4381,134.56,418.32,1.92,0.9278,169.22,34.89,2.66,0.0882,1.08,5.12,10830.27,131.86,9.34,0.3420,1.63,1.77,0.3462,1.40,0.9967,22.22,1.87,2.69,22.31,7.61,13.00,60.65,6.11,23.10,3104.93,35.30,1.67,0.1319,331.57,67451.36
2025-11-28,62.53,5379.56,6.02,3.82,34.84,3.29,2.91,107.69,1.49,0.0699,3.16,279628.27,1009.56,457.81,731.24,234.22,11.63,12.29,83.05,4024.56,1.55,962.53,0.4562,132.65,414.25,1.89,0.9903,168.33,34.21,2.73,0.0888,1.10,5.55,11264.94,133.76,8.96,0.3391,1.69,1.70,0.3834,1.42,1.01,21.87,1.92,2.59,24.42,8.16,13.67,57.96,6.23,24.68,3242.07,34.16,1.65,0.1309,327.41,71383.68
2025-12-05,58.67,5566.77,5.79,3.71,32.31,3.26,3.13,110.24,1.44,0.0738,3.34,282695.86,1100.77,479.36,752.41,229.45,12.12,12.56,85.39,3971.54,1.59,941.26,0.4182,139.77,390.23,1.92,1.02,172.62,34.19,2.79,0.0913,1.14,5.99,11453.22,135.91,8.76,0.3476,1.76,1.70,0.3970,1.41,1.04,23.03,2.00,2.64,23.68,8.03,14.16,64.74,6.21,25.53,3206.43,33.09,1.62,0.1228,348.29,66690.53
2025-12-12,58.68,5377.63,5.65,3.97,32.97,3.17,3.09,108.08,1.45,0.0752,3.62,268662.79,1111.37,479.02,780.46,235.15,12.60,12.92,83.33,4167.70,1.66,986.51,0.4476,143.87,423.48,1.97,1.02,174.61,34.48,2.76,0.0980,1.17,6.07,11705.52,154.73,8.49,0.3403,1.68,1.71,0.4058,1.40,1.03,23.48,1.98,2.71,24.95,8.38,14.83,68.61,6.35,25.71,3137.90,32.96,1.61,0.1267,356.82,68747.39
2025-12-19,56.73,5721.23,5.63,3.83,32.75,3.50,3.07,107.96,1.46,0.0756,3.55,271925.76,1170.20,491.36,758.96,234.57,12.45,13.11,88.10,4186.48,1.68,1068.37,0.4712,149.03,469.27,2.03,0.9419,182.77,32.83,2.85,0.0925,1.16,6.04,11495.58,154.53,8.89,0.3347,1.73,1.65,0.4067,1.44,1.00,22.45,2.04,2.88,25.12,8.31,15.10,69.74,6.49,23.15,3026.13,32.13,1.64,0.1283,369.60,69871.34
2025-12-26,54.54,6090.06,5.97,3.68,33.59,3.46,3.13,114.09,1.62,0.0790,3.63,271287.88,1191.37,525.59,763.55,229.04,11.71,13.58,89.72,4136.67,1.78,1061.86,0.4746,150.69,467.99,2.07,1.00,176.15,33.72,2.90,0.0940,1.21,6.12,11785.29,161.24,8.82,0.3415,1.73,1.66,0.4053,1.48,1.01,23.14,2.05,2.72,25.41,8.44,15.43,68.99,6.22,24.13,3033.89,32.84,1.64,0.1292,367.18,68187.59
