date,贵州茅台|600519,五粮液|000858,泸州老窖|000568,山西汾酒|600809,洋河股份|002304,伊利股份|600887,海天味业|603288,双汇发展|000895,青岛啤酒|600600,招商银行|600036,工商银行|601398,兴业银行|601166,宁波银行|002142,中国平安|601318,中国太保|601601,中国人寿|601628,中信证券|600030,东方财富|300059,恒瑞医药|600276,迈瑞医疗|300760,药明康德|603259,爱尔眼科|300015,片仔癀|600436,云南白药|000538,同仁堂|600085,美的集团|000333,格力电器|000651,海尔智家|600690,苏泊尔|002032,比亚迪|002594,长城汽车|601633,上汽集团|600104,长安汽车|000625,赛力斯|601127,宁德时代|300750,隆基绿能|601012,通威股份|600438,阳光电源|300274,晶澳科技|002459,亿纬锂能|300014,立讯精密|002475,京东方A|000725,工业富联|601138,海康威视|002415,大华股份|002236,韦尔股份|603501,北方华创|002371,中芯国际|688981,兆易创新|603986,科大讯飞|002230,恒生电子|600570,浪潮信息|000977,分众传媒|002027,紫金矿业|601899,中国神华|601088,陕西煤业|601225,长江电力|600900,万华化学|600309,海螺水泥|600585,宝钢股份|600019,洛阳钼业|603993,三一重工|600031,汇川技术|300124,中航沈飞|600760,顺丰控股|002352,京沪高铁|601816,中国中免|601888,上海机场|600009,万科A|000002,中国建筑|601668,保利发展|600048,牧原股份|002714,中国移动|600941,中兴通讯|000063
2003-01-03,27.748,38.511,47.982,,,45.937,,17.657,8.196,8.12,,,,,,,,,,,,,,38.931,,,56.773,32.772,,,,14.339,10.867,,,,,,,,,9.56,,,,,,,,,,11.43,,,,,,33.076,,4.205,,,,19.023,,,,,74.921,,,,,24.831
2003-01-10,28.551,39.641,49.798,7.745,,46.726,,18.316,8.486,8.61,,,,,,,6.21,,,,,,,40.301,,,59.279,34.446,,,,15.12,11.329,,,,,,,,,10.31,,,,,,,,,,11.93,,,,,,35.028,,4.375,,,,20.271,,,,,79.05,,,,,26.538
2003-01-17,29.948,42.041,50.282,8.266,,50.089,,19.246,9.146,9.3,,,,,,,6.55,,,,,,,40.533,,,60.496,36.758,,,,16.733,12.169,,,,,,,,,11.01,,,,,,,,,,12.67,,,,,,36.596,6.82,4.735,,,,22.494,,,,14.915,84.739,,,,,31.3
2003-01-24,29.64,41.865,48.95,8.208,,49.299,,19.296,9.146,9.54,,,,,,,6.97,,20.359,,,,,39.837,,,59.709,36.758,,,,17.287,12.393,,,,,,,,,11.27,,,,,,,,,,13.26,,,,,,36.564,6.88,4.815,,,,22.416,,,,14.765,82.904,,,,,31.459
2003-01-31,30.168,42.324,49.253,8.232,,50.995,,20.04,9.346,9.84,,,,,,,6.91,,21.089,,,,,40.789,29.273,,61.713,37.077,,,,17.968,12.351,,,,,,,,,11.71,,,,,,,,,,13.1,,,,,,37.3,7.01,4.885,,,,22.377,,,,15.155,83.913,,,,,32.57
2003-02-14,30.168,42.183,50.282,8.347,,51.755,,20.412,9.356,9.5,,,,,,,6.94,,21.454,,,,,38.071,29.472,,61.355,37.316,,,,17.287,12.239,,,,,,,,,13.24,,,,,,,,,,13.03,,,,,,36.468,7.08,4.895,,,,22.923,,,,15.215,85.656,,,,,32.213
2003-02-21,29.618,40.806,48.648,8.324,,52.223,,19.922,9.146,9.27,,,,,,,6.7,,20.57,,,,,35.911,29.19,,59.78,36.041,,,,16.985,12.393,,,,,,,,,12.2,,,,,,,,,,12.55,,,,,,35.348,6.96,4.905,,,,22.026,,,,15.065,82.72,,,,,30.943
2003-02-28,30.08,40.735,49.071,8.556,,54.065,,20.31,9.256,9.42,,,,,,,6.87,,20.974,,,,,36.562,29.77,,60.21,36.599,,,,18.068,14.045,,,,,,,,,12.58,,,,,,,,,,13.29,,,,,,35.668,7.0,5.105,,,,22.416,,,,15.5,86.299,,,,,32.769
2003-03-07,30.641,39.288,47.498,8.405,,53.802,,20.327,9.186,9.39,,,,,,,6.77,,20.321,,,,,35.563,29.87,,62.214,36.081,,,,18.472,14.563,,,,,,,,,12.01,,,,,,,,,,13.06,,,,,,35.028,6.98,5.145,,,,21.675,,,,15.965,91.529,,,,,33.88
2003-03-14,30.102,38.546,46.529,8.185,,51.17,,19.972,9.136,9.24,,,,,,,6.48,,19.63,,,,,35.005,29.157,,60.711,34.685,,,,18.875,15.893,,,,,,,,,11.61,,,,,,,,,,12.7,,,,,,34.196,6.94,5.105,,,,20.895,,,,16.16,95.291,,,,,33.999
2003-03-21,29.673,38.511,47.074,8.081,,53.714,,19.482,9.366,9.6,,,,,,,6.6,,19.918,,,,,34.309,30.301,,62.644,34.765,,,,19.076,15.767,,,,,,,,,11.9,,,,,,,,,,13.11,,,,,,34.42,7.19,5.155,,,,20.739,,,,16.115,96.3,,,,,33.959
2003-03-28,29.244,39.111,47.498,8.463,,55.41,,19.989,9.566,10.11,,,,,,,6.66,,19.226,,,,,34.285,30.185,,63.002,35.164,,,,20.185,16.173,,,,,,,,,11.75,,,,,,,,,,12.86,,,,,,34.196,7.38,5.235,,,,20.7,,,,16.415,97.493,,,,,34.197
2003-04-04,29.233,39.358,47.679,8.463,,61.404,,20.496,9.656,10.39,,,,,,,7.21,,20.916,,,,,35.423,31.628,,63.575,35.363,,,,21.37,18.021,,,,,,,,,11.84,,,,,,,,,,13.41,,,,,,36.5,7.61,5.245,,,,20.622,,,,16.505,101.438,,,,,35.547
2003-04-11,29.706,42.077,49.374,8.278,,61.404,,22.744,10.246,11.84,,,,,,,8.11,,22.817,,,,,35.307,32.425,,67.799,39.15,,,,22.957,21.297,,,,,,,,,11.28,,,,,,,,,,14.02,,,,,,37.78,7.88,5.785,,,,18.984,,,,17.465,108.595,,,,,36.717
2003-04-18,29.618,42.041,55.79,8.405,,61.696,,24.231,10.066,12.0,,,,,,,8.21,,22.97,,,,,36.678,37.17,,69.66,39.03,,,,27.342,23.943,,,,,,,,,12.05,,,,,,,,,,13.81,,,,,,40.18,7.8,5.725,,,,20.583,,,,17.09,118.963,,,,,40.011
2003-04-25,28.045,38.61,53.853,7.745,,59.182,,23.116,9.356,11.22,,,,,,,7.55,,21.089,,,,,34.03,34.747,,62.358,35.283,,,,24.016,21.577,,,,,,,,,11.2,,,,,,,,,,12.34,,,,,,36.276,7.24,5.245,,,,18.984,,,,15.5,103.549,,,,,36.479
2003-05-02,28.309,39.118,54.277,7.838,,63.334,,25.178,9.666,12.36,,,,,,,8.21,,21.415,,,,,34.425,35.909,,63.646,35.841,,,,27.695,23.929,,,,,,,,,10.78,,,,,,,,,,11.6,,,,,,38.9,7.51,5.515,,,,19.452,,,,16.4,109.329,,,,,37.868
2003-05-16,27.429,39.033,57.001,7.769,,65.76,,25.6,9.596,12.5,,,,,,,8.46,,21.953,,,,,33.496,35.079,,63.288,35.562,,,,30.139,24.699,,,,,,,,,10.95,,,,,,,,,,11.67,,,,,,40.18,8.06,5.875,,,,18.204,,,,16.325,118.872,,,,,40.408
2003-05-23,27.803,38.864,56.94,8.081,,65.79,,26.276,9.516,12.49,,,,,,,8.39,,20.993,,,,,33.356,35.643,,63.36,35.323,,,,30.29,26.967,,,,,,,,,11.51,,,,,,,,,,12.04,,,,,,41.364,8.4,5.705,,,,18.867,,,,16.715,117.954,,,,,41.873
2003-05-30,29.354,42.931,57.061,8.22,,65.994,,25.38,9.956,12.16,,,,,,,8.47,,21.223,,,,,34.425,36.34,,65.794,37.595,,,,29.106,26.113,,,,,,,,,11.71,,,,,,,,,,12.38,,,,,,40.532,8.15,5.555,,,,20.7,,,,16.79,124.193,,,,,43.587
2003-06-06,28.507,41.025,55.427,8.104,,65.556,,24.299,9.546,11.99,,,,,,,8.07,,20.186,,,,,33.89,34.764,,62.501,35.762,,,,27.796,24.209,,,,,,,,,12.39,,,,,,,,,,11.74,,,,,,39.572,7.72,5.485,,,,19.725,,,,16.145,117.771,,,,,41.158
2003-06-13,28.815,42.211,55.972,8.185,,65.79,,24.688,9.746,12.04,,,,,,,8.19,,20.11,,,,,33.914,34.366,,63.145,36.439,,,,28.325,23.187,,,,,,,,,12.702,,,,,,,,,,11.78,,,,,,41.268,8.15,5.715,,,,20.232,,,,16.595,118.505,,,,,41.611
2003-06-20,28.1,42.38,55.366,8.151,,64.386,,24.451,9.416,11.53,,,,,,,7.97,,20.417,,,,15.42,33.589,33.487,,62.286,35.283,,,,27.972,24.741,,,,,,,,,12.186,,,,,,,,,,12.19,,,,,,40.244,7.86,5.555,,,,20.076,,,,16.385,110.981,,,,,41.135
2003-06-27,28.067,40.77,52.461,7.838,,61.609,,24.485,9.556,11.35,,,,,,,7.59,,20.033,,,,14.52,33.89,33.171,,61.284,34.327,,,,28.148,23.621,,,,,,,,,12.138,,,,,,,,,,12.0,,,,,,38.548,7.69,5.475,,,,19.257,,,,16.625,100.337,,,,,40.754
2003-07-04,28.089,40.389,52.945,7.704,,66.725,,24.806,9.566,11.79,,,,,,,7.69,,19.572,,,,14.94,33.565,33.918,,60.281,35.044,,,,30.82,25.301,,,,,,,,,12.486,,,,,,,,,,11.71,,,,,,40.308,8.15,5.585,,21.84,,20.193,,,,17.03,103.457,,,,,41.825
2003-07-11,28.87,42.041,52.485,8.248,,70.292,,24.806,9.956,12.01,,,,,,,7.69,,19.841,,,,14.95,33.681,35.975,,60.639,35.642,,,,30.769,25.287,,,,,,,,,12.87,,,,,,,,,,12.17,,,,,,41.844,8.41,5.815,,23.22,,19.413,,,,17.435,107.311,,,,,45.73
2003-07-18,29.388,45.261,50.451,8.236,,75.263,,25.989,9.896,12.08,,,,,,,7.86,,19.342,,,,15.23,33.333,36.738,,59.995,35.642,,,,31.046,23.817,,,,,,,,,13.434,,,,,,,,,,11.84,,,,,,41.524,8.77,5.815,,24.78,,18.789,,,,18.08,108.045,,,,,46.587
2003-07-25,29.013,42.804,47.74,7.866,,71.462,,24.941,10.016,11.5,,,,,,,7.59,,18.746,,,,14.75,34.1,36.041,,57.203,34.805,,,,30.341,22.501,,,,,,,,,13.878,,,,,,,,,,11.78,,,,,,41.684,9.02,5.875,,25.21,,17.814,,,,17.765,106.393,,,,,45.826
2003-08-01,28.517,43.101,47.062,7.831,,69.357,,25.313,10.136,11.56,,,,,,,7.34,,18.766,,,,13.76,34.425,36.058,,57.489,34.486,,,,30.542,22.053,,,,,,,,,14.334,,,,,,,,,,11.88,,,,,,42.74,8.76,6.015,,23.95,,17.619,,,,18.395,110.614,,,,,47.373
2003-08-08,28.384,41.999,46.578,7.762,,68.07,,25.059,9.976,11.44,,,,,,,7.49,,18.458,,,,13.32,33.798,36.075,,58.85,34.287,,,,30.668,21.381,,,,,,,,,14.502,,,,,,,,,,11.66,,,,,,43.636,8.67,5.875,,25.28,,18.594,,,,18.17,112.449,,,,,46.802
2003-08-15,28.42,40.389,46.481,7.657,,66.433,,24.552,9.676,11.05,,,,,,,7.7,,18.766,,,,13.49,33.658,35.676,,58.706,34.287,,,,28.804,20.835,,,,,,,,,14.79,,,,,,,,,,11.6,,,,,,43.188,8.57,5.825,,24.77,,17.736,,,,17.463,112.632,,,,,46.159
2003-08-22,27.174,40.389,45.512,7.715,,66.725,,24.519,9.766,10.82,,,,,,,7.64,,18.132,,,,13.35,34.053,35.411,,59.709,34.287,,,,28.552,20.023,,,,,,,,,14.478,,,,,,,,,,11.61,,,,,,43.316,8.72,5.845,,23.85,,17.58,,,,17.763,115.201,,,,,45.659
2003-08-29,26.847,38.356,42.994,7.75,,67.018,,24.502,9.706,10.28,,,,,,,7.754,,17.575,,,,12.81,35.075,35.544,,59.923,33.888,,,,29.333,20.079,,,,,,,,,13.926,,,,,,,,,,11.03,,,,,,42.58,8.74,5.865,,24.18,,16.449,,,,17.958,111.898,,,,,44.921
2003-09-05,26.835,38.144,43.285,7.738,,66.608,,24.4,9.766,10.13,,,,,,,7.584,,17.748,,,,13.46,35.981,35.627,,59.494,33.808,,,,29.131,20.331,,,,,,,,,13.95,,,,,,,,,,11.11,,,,,,44.436,8.59,5.865,,24.04,,16.566,,,,17.943,109.696,,,,,44.683
2003-09-12,26.496,37.932,42.22,7.715,,65.146,,23.809,9.316,10.1,,,,,,,7.674,,17.441,,,,13.41,35.749,34.283,,58.921,33.091,,,,28.904,20.051,,,,,,,,,13.434,,,,,,,,,,11.08,,,,,,44.116,8.09,5.835,,23.83,,18.672,,,,17.538,104.191,,,,,44.135
2003-09-19,26.218,37.593,41.542,7.785,,62.807,,23.42,9.456,9.63,,,,,,,7.904,,16.289,,,,13.66,36.445,34.499,,58.062,32.094,,,,28.048,20.275,,,,,,,,,12.99,,,,,,,,,,11.07,,,,,,42.708,8.07,5.675,,23.75,,18.282,,,,17.358,99.97,,,,,42.706
2003-09-26,26.496,38.906,42.316,7.796,,61.521,,23.183,9.556,9.56,,,,,,,7.774,,15.943,,,,13.33,35.702,34.299,,57.06,31.417,,,,27.317,20.457,,,,,,,,,12.498,,,,,,,,,,10.29,,,,,,42.74,8.15,5.585,,23.29,,17.619,,,,16.863,101.805,,,,,43.373
2003-10-03,26.52,38.864,42.026,7.75,,61.989,,23.505,9.756,9.5,,,,,,,7.234,,15.54,,,,13.2,35.632,34.25,,56.988,31.058,,,,27.972,20.079,,,,,,,,,12.138,,,,,,,,,,10.16,,,,,,42.612,8.21,5.625,,23.97,,16.917,,,,16.773,100.888,,,,,43.159
2003-10-10,26.956,39.965,43.091,7.877,,64.562,,24.35,10.246,9.62,,,,,,,7.274,,15.463,,,,13.5,35.284,34.93,,58.563,32.094,,,,29.257,21.017,,,,,,,,,13.302,,,,,,,,,,10.42,,,,,,43.316,8.72,5.845,,23.92,,17.19,,,,17.223,104.374,,,,,44.944
2003-10-17,26.666,39.203,43.091,8.248,,62.983,,24.248,9.946,9.42,,,,,,,6.974,,15.175,,,,13.0,35.772,34.913,,58.635,30.022,,,,27.896,20.233,,,,,,,,,12.714,,,,,,,,,,10.2,,,,,,41.62,9.11,5.915,,23.47,,16.722,,,,17.208,101.622,,,,,43.921
2003-10-24,26.835,39.838,43.575,8.074,,66.316,,25.059,9.686,9.56,,,,,,,6.824,,15.386,,,,13.04,35.47,35.212,,62.501,29.942,,,,30.013,19.981,,,,,,,,,13.674,,,,,,,,,,10.03,,,,,,42.644,9.39,6.235,,23.5,,15.552,,,,16.848,104.558,,,,,42.968
2003-10-31,27.912,41.448,40.476,7.808,,67.895,,24.654,10.286,9.87,,,,,,,6.744,,16.135,,,,11.8,33.728,36.539,,62.715,29.503,,,,30.391,22.165,,,,,,,,,13.986,,,,,,,,,,8.73,,,,,,43.636,9.6,6.255,,24.24,,14.46,,,,17.538,102.356,,,,,42.587
2003-11-07,28.541,42.168,40.379,7.866,,64.035,,25.262,9.866,9.74,,,,,,,7.004,,16.116,,,,11.08,34.123,35.411,,61.212,30.022,,,,33.012,22.949,,,,,,,,,13.842,,,,,,,,,,8.49,,,,,,43.38,10.27,6.685,,24.61,,12.744,,,,17.538,102.539,,,,,41.873
2003-11-14,28.65,41.745,40.961,7.6,,58.422,,25.566,9.716,9.43,,,,,,,6.644,,16.961,,,,11.08,34.007,34.88,,61.498,30.938,,,,32.483,22.823,,,,,,,,,13.554,,,,,,,,,,8.57,,,,,,42.804,10.64,6.875,,24.06,,12.822,,,,17.793,99.97,,,,,38.825
2003-11-21,28.626,41.448,41.542,7.692,,57.252,,25.499,9.486,9.47,,,,,,,6.714,,17.249,,,,11.0,34.053,34.996,,61.069,31.018,,,,32.609,22.893,,,,,,,,,14.046,,,,,,,,,,8.96,,,,,6.32,41.204,10.36,6.975,,22.06,,13.875,,,,17.208,101.071,,,,,39.182
2003-11-28,28.626,42.211,44.253,7.796,,60.527,,25.431,9.866,9.67,,,,,,,7.104,,17.556,,,,11.49,33.635,32.408,,61.642,31.696,,,,33.743,22.907,,,,,,,,,14.802,,,,,,,,,,9.11,,,,,6.82,40.308,10.51,7.205,,23.11,,13.914,,,,17.763,101.805,,,,,40.754
2003-12-05,29.703,43.567,44.931,7.935,,64.913,,26.445,9.826,10.32,,,,,,,7.454,,17.287,,,,11.77,35.749,31.745,,63.503,32.134,,,,34.574,22.375,,,,,,,,,16.902,,,,,,,,,,9.34,,,,,7.47,41.46,11.12,7.405,,23.55,,14.187,,,,18.648,103.824,,,,,41.373
2003-12-12,29.279,43.143,44.641,7.924,,64.211,,26.378,9.826,11.13,,,,,,,7.464,,17.23,,,,11.59,35.632,33.039,,64.434,32.094,,,,32.458,21.871,,,,,,,,,16.926,,,,,,,,,,9.48,,,,,7.58,40.212,11.46,7.385,,23.45,,14.616,,,,19.353,105.475,,,,,43.349
2003-12-19,29.86,45.134,41.832,8.167,,62.281,,27.831,9.716,11.12,,,,,,,7.304,,15.674,,,,10.68,35.702,30.816,,63.503,30.46,,,,31.853,22.375,,,,,,,,,16.35,,,,,,,,,17.31,8.46,,,,,8.0,41.46,11.5,7.725,,23.13,,12.861,,,,19.113,103.457,,,,,43.23
2003-12-26,31.409,46.617,42.51,8.097,,64.211,,29.115,10.176,11.2,,,,,,,7.774,,16.404,,,,11.26,36.445,29.339,,66.152,31.576,,,,33.491,22.137,,,,,,,,,17.982,,,,,,,,,17.66,8.85,,,,,8.72,43.092,12.01,7.675,,24.22,,13.914,,,,20.444,113.183,,,,,44.278
2004-01-02,31.3,46.617,42.413,7.924,,63.743,,27.78,10.216,11.0,,,,,,,7.984,,16.154,,,,11.77,35.679,28.941,,66.438,33.29,,,,32.962,21.451,,,,,,,,,17.178,,,,,,,,,17.66,8.77,,,,,8.83,45.3,11.76,7.625,,24.99,,13.407,,,,20.249,119.422,,,,,43.682
2004-01-09,32.534,47.041,42.994,7.704,,69.883,,29.369,10.366,11.77,,,,,,,8.304,,17.326,,,,12.04,35.563,30.65,,69.159,33.49,,,,37.498,23.005,,,,,,,,,19.134,,,,,,,,,18.54,9.25,,,,,8.91,47.06,15.17,7.875,,27.32,,14.226,,,,21.633,125.662,,,,,53.779
2004-01-16,35.293,49.582,43.382,7.854,,68.772,,30.4,10.396,11.77,,,,,,,8.274,,17.767,,,,12.19,37.189,30.766,,71.736,34.167,,,,37.498,23.901,,,,,,,,,19.566,,,,,,,,,19.01,9.55,,,,,8.82,51.732,15.54,7.855,,27.8,,14.382,,,,21.945,139.058,,,,,54.755
2004-01-30,34.845,48.778,44.156,7.993,,66.491,,31.448,10.996,11.6,,,,,,,8.284,,17.998,,,,12.04,38.141,30.965,,71.307,34.765,,,,35.431,22.795,,,,,,,,,19.95,,,,,,,,,18.84,9.92,,,,,8.74,49.14,14.35,7.465,,27.57,,15.357,,,,21.048,137.406,,,,,60.898
2004-02-06,34.494,47.634,47.352,8.954,,70.76,,31.988,11.166,12.36,,,,,,,10.254,,18.036,,,,12.88,38.768,32.558,,74.099,38.233,,,,35.658,22.655,,,,,,,,,19.746,,,,,,,,,20.58,10.46,,,,,9.73,52.884,14.8,7.645,,27.99,,16.059,,,,20.736,137.957,,,,,63.041
2004-02-13,34.567,47.125,48.03,9.023,,67.31,,32.225,11.376,11.88,,,,,,,9.824,,20.244,,,,13.05,38.791,33.52,,79.253,36.997,,,,34.222,24.069,,,,,,,,,20.178,,,,,,,,,20.8,10.8,,,,,8.95,53.748,14.52,7.215,,28.9,,16.527,,,,20.834,147.132,,,,,63.232
2004-02-20,35.583,48.057,49.483,9.463,,68.421,,33.999,11.676,12.26,,,,,,,10.294,,20.34,,,,13.95,39.651,33.984,,79.898,37.516,,,,36.54,25.553,,,,,,,,,20.31,,,,,,,,,21.9,12.73,,,,,9.1,53.044,15.61,7.555,,29.04,,17.346,,,,21.38,147.866,,,,,64.423
2004-02-27,35.184,56.53,47.837,9.255,,68.187,,34.033,10.856,11.27,,,,,,,9.784,,20.359,,,,12.67,40.487,32.392,,79.611,35.762,,,,37.926,25.679,,,,,,,,,19.23,,,,,,,,,21.56,12.97,,,,,8.99,52.98,15.19,7.745,,28.18,,16.176,,,,21.399,143.095,,,,,60.446
2004-03-05,37.87,55.048,46.868,9.162,,67.193,,32.462,11.036,11.1,,,,,,,9.364,,19.802,,,,12.96,40.557,31.944,,75.459,34.964,,,,36.641,24.727,,,,11.75,,,,,19.17,,,,,,,,,20.88,12.54,,,,,8.55,52.372,15.03,7.475,,28.7,,17.502,,,,22.062,143.462,,,,,62.875
2004-03-12,40.387,55.471,46.965,8.688,,69.24,,32.005,10.736,11.0,,,,,,,9.374,,20.34,,,,13.11,39.302,30.849,,74.457,34.925,,,,38.707,24.853,,,,11.63,,,,,19.602,,,,,,,,,21.2,11.95,,,,,9.0,54.932,15.34,7.815,,28.76,,16.605,,,,23.661,147.316,,,,,61.494
2004-03-19,43.013,55.598,51.614,8.977,,75.848,,32.445,11.346,11.27,,,,,,,9.664,,20.897,,,,12.98,39.604,31.628,,75.316,36.479,,,,38.657,24.055,,,,11.64,,,,,19.866,,,,,,,,,20.48,12.31,,,,,9.28,56.02,15.27,8.075,,27.93,,16.878,,,,24.597,147.316,,,,,65.304
2004-03-26,42.843,57.335,49.096,8.803,,77.485,,32.394,11.626,11.28,,,,,,,9.514,,21.876,,,,13.15,40.046,33.951,,77.965,38.393,,,,37.321,23.649,,,,11.43,,,,,20.454,,,,,,,,,20.98,12.35,,,,,8.9,58.292,15.58,7.735,,29.0,,17.541,,,,24.246,156.491,,,,,68.613
2004-04-02,44.731,58.267,50.936,8.792,,79.473,,34.98,12.176,11.36,,,,,,,9.614,,22.702,,,,13.39,41.555,33.852,,79.182,38.592,,,,37.094,23.845,,,,11.47,,,,,21.054,,,,,,,,,22.45,12.89,,,,,9.36,60.34,15.58,7.835,,29.55,,20.427,,,,25.631,164.933,,,,,68.804
2004-04-09,48.252,62.462,54.228,8.433,,74.854,,35.259,11.936,10.8,,,,,,,9.224,,22.778,,,,13.89,41.253,33.022,,75.888,38.313,,,,34.549,23.019,,,,11.2,,,,,23.058,,,,,,,,,22.49,12.08,,,,,9.07,60.02,16.01,7.465,,31.5,,19.725,,,,25.319,157.409,,,,,61.184
2004-04-16,46.788,61.911,53.647,8.329,,75.321,,34.042,11.686,10.56,,,,,,,8.684,,23.854,,,,13.36,41.764,32.674,,75.029,36.679,,,,34.65,22.053,,,,10.26,,,,,22.11,,,,,,,,,21.55,11.89,,,,,9.62,58.42,14.52,7.615,,30.9,,18.906,,,,25.338,155.941,,,,,64.28
2004-04-23,45.312,57.505,52.679,8.283,,72.632,,32.343,11.566,10.46,,,,,,,8.314,,24.238,,,,12.88,42.392,32.972,,74.17,36.001,,,,34.952,21.899,,,,9.51,,,,,22.614,,,,,,,,,20.58,11.33,,,,,9.15,58.708,13.73,7.135,,29.1,,17.307,,,,23.973,149.885,,,,,59.946
2004-04-30,46.11,58.691,48.999,7.924,,76.433,,31.659,11.016,11.04,,,,,,,7.704,,24.506,,,,12.51,40.742,33.868,,75.101,35.403,,,,33.012,20.177,,,,8.71,,,,,22.11,,,,,,,,,19.07,10.65,,,,,8.99,57.428,13.03,6.755,,28.05,,15.708,,,,24.5,134.47,,,,,61.089
2004-05-14,46.135,58.183,48.515,8.178,,73.918,,31.05,10.856,10.94,,,,,,,7.414,,24.871,,,,11.99,38.629,33.022,,76.962,34.885,,,,30.618,19.631,,,,8.55,,,,,21.426,,,,,,,,,18.75,10.22,,,,,9.0,55.732,12.1,6.615,,25.9,,15.552,,,,24.149,132.818,,,,,58.827
2004-05-21,44.864,55.641,49.096,8.375,,71.988,,31.329,10.736,10.952,,,,,,,7.714,,25.332,,,,12.14,39.744,33.42,,78.681,34.087,,,,30.013,18.483,,,,8.58,,,,,21.774,,,,,,,,,19.16,10.7,,,,,8.8,54.33,12.25,6.775,,25.8,,15.396,,,,23.466,133.92,,,,,56.779
2004-05-28,45.445,54.624,46.674,8.016,,73.099,,31.76,10.306,11.024,,,,,,,7.604,,25.313,,,,11.03,39.651,33.586,,79.325,33.968,,,,30.82,17.876,,,,7.81,,,,,22.746,,,,,,,,,19.15,10.63,,,,,8.93,54.222,12.97,6.835,,25.88,,13.953,,,,24.227,132.727,,,,,60.87
2004-06-04,44.719,53.777,45.028,7.912,,75.088,,31.76,10.616,10.976,,,,,,,7.714,,22.778,,,,11.61,39.233,33.636,,80.971,34.048,,,,30.467,18.111,,,,8.7,,,,,21.966,,,,,,,,,19.83,10.79,,,,,8.94,56.234,12.61,6.655,,25.35,,13.875,,,,23.876,131.626,,,,,61.756
2004-06-11,42.577,51.913,42.994,7.623,,69.532,,30.67,10.166,10.496,,,,,,,7.064,,23.22,,,,11.32,40.255,33.321,,81.043,32.334,,,,29.915,17.674,,,,8.13,,,,,19.98,,,,,,,,,18.73,10.14,,,,,8.74,53.025,12.6,6.805,,24.6,,13.017,,,,23.583,128.873,,,,,59.955
2004-06-18,41.125,51.319,42.316,7.356,,60.41,,30.138,9.646,10.184,,,,,,,7.294,,21.434,,,,11.75,40.371,32.624,,76.318,30.859,,,,25.722,15.708,,,,7.88,,,,,19.098,,,,,,,,,18.8,9.54,,,,,8.41,53.297,11.82,6.575,,23.36,,12.822,,,,22.784,120.34,,,,,60.784
2004-06-25,41.718,51.15,42.316,7.356,,55.615,,29.707,9.546,10.244,,,,,,,7.274,,22.164,,,,11.39,40.975,31.579,,77.105,31.656,,,,25.787,14.684,,,,7.77,,,,,20.556,,,,,,,,,18.76,9.44,,,,,8.4,51.774,12.11,6.645,,23.4,,12.315,,,,22.491,123.092,,,,,60.384
2004-07-02,44.063,53.353,42.704,7.229,,59.883,,29.707,10.146,10.688,,,,,,,7.364,,22.74,,,,10.74,42.575,32.176,,80.399,32.812,,,,27.261,15.927,,,,7.86,,,,,22.356,,,,,,,,,18.13,9.3,,,,,8.86,55.092,12.03,7.095,,24.07,,11.73,,,,23.466,134.654,,,,,61.641
2004-07-09,46.014,52.506,42.413,7.194,,59.123,,30.189,10.156,10.868,,,,,,,7.514,,22.644,,,,10.7,43.239,31.745,,83.477,32.932,,,,27.065,15.708,,,,7.72,,,,,21.33,,,,,,,,,15.37,9.14,,,,,8.87,55.745,12.52,7.115,,23.28,,11.574,,,,23.525,134.103,,,,,60.413
2004-07-16,49.285,55.556,43.091,7.391,,59.006,,30.442,10.116,11.252,,,,,,,7.134,,22.433,,,,10.57,43.511,32.74,,87.128,33.47,,,,25.099,15.087,,,,7.17,,,,,21.69,,,,,,,,,13.52,8.87,,,,,9.18,59.77,12.98,7.205,,21.95,,10.287,,,,24.597,142.636,,,,,66.67
2004-07-23,50.67,55.471,42.704,7.634,,51.112,,28.921,10.426,10.964,,,,,,,6.974,,22.337,,,,10.83,45.413,32.441,,87.343,32.692,,,,23.985,13.692,,,,7.25,,,,,22.626,,,,,,,,,12.99,8.65,,,,,9.07,60.586,12.35,6.945,,20.3,,10.014,,,,25.44,136.58,,,,,66.47
2004-07-30,48.483,54.878,41.445,7.391,,51.287,,29.175,10.576,10.952,,,,,,,6.114,,22.26,,,,11.56,44.93,33.686,,87.773,32.334,,,,24.444,14.532,,,,6.98,,,,,21.132,,,,,,,,,13.1,8.76,,,,,9.06,58.791,11.45,7.005,,19.6,,8.727,,,,25.44,141.535,,,,,65.127
2004-08-06,48.043,54.2,42.026,7.449,,52.925,,28.997,10.496,10.94,,,,,,,6.144,,21.665,,,,11.76,42.756,33.619,,81.401,31.855,,,,24.87,15.339,,,,7.03,,,,,19.728,,,,,,,,,12.87,8.73,14.72,,,,9.0,58.574,10.48,7.455,,19.64,,8.571,,,,24.738,140.159,,,,,62.041
2004-08-13,48.546,54.2,39.605,7.252,,53.685,,28.211,10.436,11.348,,,,,,,6.224,,21.722,,,,11.61,43.088,33.735,,83.406,31.257,,,,25.23,15.12,,,,6.56,,,,,18.864,,,,,,,,,12.39,8.5,12.45,,,,9.05,64.286,11.15,6.795,,19.45,,8.181,,,,25.304,145.664,,,,,63.584
2004-08-20,48.294,54.709,39.798,6.917,,53.86,,28.237,10.396,11.516,,,,,,,6.114,,21.511,,,,11.37,44.115,34.582,,80.327,29.703,10.55,,,26.77,14.583,,,,6.67,,,,,15.732,,,,,,,,,11.37,8.23,10.95,,,,9.13,64.286,11.37,6.905,,18.61,,7.869,,,,25.557,148.142,,,,,65.042
2004-08-27,47.524,53.777,39.217,6.546,,55.732,,26.563,10.126,11.228,,,,,,,6.074,,21.146,,,,11.88,44.296,34.266,,81.186,29.105,9.79,,,26.082,13.844,,,,6.74,,,,,14.274,,,,,,,,,10.65,8.11,10.46,,,,8.79,62.382,11.1,6.875,,19.02,,8.142,,,,25.031,128.873,,,,,62.927
2004-09-03,46.281,54.116,39.895,6.859,,56.258,,26.614,10.516,10.916,,,,,,,6.764,,19.706,,,,11.93,43.3,34.416,,82.26,29.404,9.73,,,24.706,13.76,,,,6.96,,,,,14.796,,,,,,,,,10.99,8.34,10.66,,,,8.57,58.084,11.15,6.715,,18.93,,8.883,,,,24.875,131.626,,,,,65.413
2004-09-10,47.87,52.675,38.927,6.824,,54.27,,26.462,10.566,10.832,,,,,,,6.554,,20.071,,,,11.55,43.39,33.885,,79.54,28.746,9.68,,,23.592,12.869,,,,7.01,,,,,14.328,,,,,,,,,10.72,7.93,10.47,,,,8.41,57.758,11.23,6.575,,18.66,,8.727,,,,24.738,126.946,,,,,62.584
2004-09-17,51.991,56.573,42.316,7.299,,61.872,,28.211,11.316,11.756,,,,,,,7.254,,22.49,,,,12.31,44.719,36.456,,82.976,31.616,10.7,,,25.329,14.314,,,,7.69,,,,,16.722,,,,,,,,,12.58,8.7,11.9,,,,8.96,63.796,12.55,6.995,,20.04,,9.624,,,,26.552,145.389,,,,,69.013
2004-09-24,55.436,62.08,43.091,7.275,,67.602,,31.633,11.466,11.6,,,,,,,7.314,,23.7,,,,12.51,47.286,35.727,,83.62,31.676,11.3,,,25.853,14.415,,,,8.05,,,,,18.342,,,,,,,,,12.85,9.45,11.7,,,,9.01,70.487,13.46,7.315,,21.33,,9.234,,,,28.014,142.361,,,,,74.328
2004-10-01,57.764,64.029,42.026,7.252,,67.719,,33.002,11.766,11.444,,,,,,,6.884,,23.374,,,,13.56,48.101,37.138,,87.773,30.779,10.96,,,24.51,13.726,,,,8.0,,,,,17.712,,,,,,,,,12.19,9.13,11.61,,,,8.82,71.031,13.48,7.225,,21.48,,8.493,,,,28.716,143.462,,,,,76.786
2004-10-08,58.613,67.249,42.801,7.356,,69.942,,34.523,11.886,11.36,,,,,,,7.024,,24.199,,,,13.98,50.033,37.898,,89.992,30.958,,,,24.379,13.558,,,,8.11,,,,,18.702,,,,,,,,,12.78,9.35,12.32,,,,8.87,74.295,13.92,7.125,,22.86,,8.493,,,,29.438,147.316,,,,,79.443
2004-10-15,56.789,60.132,39.895,6.998,,63.918,,33.332,11.456,10.868,,,,,,,6.794,,23.7,,,,14.17,50.275,37.861,,87.773,28.985,10.19,,,19.858,11.492,,,,7.8,,,,,17.586,,,,,,,,,10.92,8.59,10.62,,,,8.61,70.378,11.34,6.725,,20.28,,7.479,,,,28.248,147.591,,,,,71.842
2004-10-22,62.766,63.69,37.668,7.09,,72.807,,34.042,12.016,10.304,,,,,,,7.314,,24.698,,,,13.79,53.566,38.549,,91.853,28.746,10.18,,,19.989,11.34,,,,8.39,,,,,14.94,,,,,,,,,10.7,8.41,10.94,,,,9.05,75.873,10.22,6.645,,21.0,,5.958,,,,29.808,153.647,,,,,76.157
2004-10-29,62.467,62.08,36.893,7.252,,67.31,,37.058,11.306,10.832,,,,,,,6.944,,25.908,,,,13.84,52.449,37.246,,92.426,31.198,10.9,,,17.892,10.635,,,,8.47,,,,,15.084,,,,,,,,,11.05,8.13,11.32,,,,9.1,74.078,9.29,6.335,,19.87,,5.685,,,,30.686,131.901,,,,,77.614
2004-11-05,58.629,60.301,37.087,7.634,,63.626,,35.284,11.456,10.976,,,,,,,6.924,,24.679,,,,13.45,50.577,37.21,,88.417,32.812,10.6,,,17.695,10.299,,,,8.44,,,,,15.318,,,,,,,,,11.08,8.39,11.03,,,,9.2,73.098,9.6,6.505,,19.2,,5.568,,,,30.237,131.075,,,,,70.528
2004-11-12,61.744,61.403,39.12,7.507,,66.491,,36.374,11.246,11.06,,,,,,,7.284,,25.85,,,,13.74,50.939,38.639,,81.687,33.41,10.9,,,18.056,10.769,,,,8.79,,,,,15.75,,,,,,,,,12.06,10.78,12.28,,,,9.59,76.852,9.48,6.555,,19.39,,6.114,,,,31.778,136.03,,,,,75.586
2004-11-19,60.815,60.894,41.057,7.854,,66.141,,36.754,10.976,11.012,,,,,,,7.374,,26.081,,,,13.61,51.392,38.368,,84.837,32.991,10.81,,,18.416,11.156,,,,8.95,,,,,15.516,,,,,,,,,12.48,10.89,12.36,,,,9.46,74.894,10.06,6.545,,19.65,,6.27,,,,32.207,136.03,,,,,81.015
2004-11-26,60.344,60.386,40.864,7.796,,62.515,,35.689,10.716,10.76,,,,,,,7.264,,25.85,,,,13.33,49.279,37.699,,84.479,33.171,10.57,,,17.728,10.433,,,,8.69,,,,,15.12,,,,,,,,,11.89,9.86,12.01,,,,9.25,73.425,9.53,6.585,,19.69,,5.997,,,,31.368,136.03,,,,,79.043
2004-12-03,58.975,58.183,40.573,7.831,,60.644,,33.738,10.596,10.496,,,,,,,6.794,,24.756,,,,12.83,49.762,37.265,,80.9,32.035,10.4,,,16.909,10.013,,,,8.33,,,,,15.372,,,,,,,,,12.32,10.34,12.14,,,,9.1,70.27,9.25,6.495,,19.09,,6.621,,,,30.588,134.103,,,,,80.757
2004-12-10,59.384,57.844,40.476,7.588,,62.69,,34.346,10.386,10.64,,,,,,,6.494,,24.506,,,,12.54,49.188,36.831,,79.11,31.138,10.06,,,17.499,10.836,,,,7.97,,,,,14.526,,,,,,,,,11.82,9.02,11.98,,,,8.99,71.249,9.51,6.685,,19.1,,6.543,,,,30.803,133.277,,,,,78.872
2004-12-17,58.126,56.319,37.765,7.495,,61.638,,34.27,10.566,10.58,,,,,,,6.184,,24.391,,,,12.11,47.467,36.559,,77.75,30.241,9.77,,,16.713,10.786,,,,7.78,,,,,12.402,,,,,,,,,10.98,8.59,11.62,,,,8.93,71.086,9.05,6.635,,18.59,,5.997,,,,30.569,134.103,,,,,79.043
2004-12-24,57.025,55.81,38.152,7.495,,50.878,,34.245,10.686,10.436,,,,,,,6.124,,24.122,,,,11.45,47.437,36.704,,76.748,30.241,9.72,,,15.435,10.332,,,,8.15,,,,,12.276,,,,,,,,,11.25,8.75,11.48,,,,8.78,68.148,8.24,6.575,,18.25,,5.88,,,,29.828,133.828,,,,,77.557
2004-12-31,58.818,56.658,37.28,7.391,,51.697,,34.574,10.746,10.232,,,,,,,6.024,,24.506,,,,11.6,48.856,37.898,,75.674,28.925,9.84,,,14.452,10.215,,,,7.89,,,,,10.944,,,,,,,,,10.88,8.65,10.83,,,,8.88,71.358,8.33,6.625,,17.7,,5.373,,,,30.822,139.058,,,,,76.729
2005-01-07,59.227,56.996,37.668,7.727,,52.164,,32.952,10.466,9.824,,,,,,,6.104,,22.529,,,,11.87,49.55,38.096,,76.175,29.344,9.95,,,14.551,9.308,,,,7.95,,,,,10.89,,,,,,,,,11.14,9.37,11.03,,,,8.83,70.487,7.84,6.465,,15.4,,5.451,,,,31.388,145.114,,,,,73.3
2005-01-14,60.831,57.42,37.861,7.704,,54.27,,34.042,10.366,10.1,,,,,,,6.004,,23.546,,,,11.67,51.06,39.905,,75.96,29.045,9.7,,,14.78,9.308,,,,7.25,,,,,11.754,,,,,,,,,11.04,9.2,11.0,,,,8.8,74.622,7.94,6.405,,16.21,,5.646,,,,31.953,144.838,,,,,72.3
2005-01-21,60.8,57.505,38.152,7.495,,54.971,,33.231,10.346,10.412,,,,,,,5.604,,23.546,,,,11.76,51.996,39.362,,74.457,28.806,9.7,,,16.221,10.03,,,,7.11,,,,,11.412,,,,,,,,,10.7,8.51,10.84,,,,8.56,75.166,8.15,6.635,,17.2,,5.763,,,,31.758,149.793,,,,,75.557
2005-01-28,62.672,58.776,37.28,7.426,,57.778,,34.752,10.436,10.34,,,,,,,5.394,,24.314,,,,11.91,51.996,40.429,,75.316,28.148,9.36,,,15.566,9.476,,,,7.07,,,,,11.07,,,,,,,,,10.44,8.03,10.32,,,,8.59,77.668,8.17,6.765,,16.48,,5.178,,,,31.758,150.068,,,,,79.1
2005-02-04,63.568,62.08,37.861,7.484,,62.69,,38.301,11.026,11.108,,,,,,,5.704,,25.524,,,,12.44,54.804,42.021,,79.325,29.165,9.51,,,17.99,11.492,,,,7.67,,,,,12.204,,,,,,,,,9.66,8.38,10.16,,,,8.99,82.401,9.09,7.205,,17.68,,4.905,,,,33.299,161.905,,,,,81.672
2005-02-18,62.939,60.386,37.087,7.449,,60.702,,37.591,10.816,10.784,,,,,,,5.594,,24.794,,,,12.72,54.231,40.646,,79.253,28.866,9.59,,,17.073,11.172,,,,7.53,,,,,11.916,,,,,,,,,9.58,8.27,10.2,,,,8.79,84.196,8.85,6.875,,18.23,,5.412,,,,31.973,156.675,,,,,82.815
2005-02-25,68.791,63.012,39.12,7.796,,65.79,,38.224,10.886,10.976,,,,,,,5.774,,25.735,,,,13.47,53.627,41.388,,80.47,29.942,9.99,,,17.106,11.861,,,,8.08,,,,,13.176,,,,,,,,,10.41,8.77,10.76,,,,8.79,87.46,8.88,7.135,,18.47,,5.763,,,,31.719,156.95,,,,,86.415
2005-03-04,69.137,61.996,40.089,7.356,,63.86,,37.92,10.706,10.592,,,,,,,5.664,,24.852,,,,12.97,54.623,41.569,,75.602,29.224,9.7,,,15.959,11.189,,,,7.86,,,,,13.77,,,,,,,,,10.18,8.36,10.93,,,,8.89,87.46,7.9,6.795,,18.05,,5.841,,,,32.402,149.518,,,,,86.358
2005-03-11,74.139,59.962,39.024,7.403,,67.427,,39.34,10.636,10.364,,,,,,,5.294,,27.06,,,,13.52,57.884,42.798,,74.457,28.806,9.56,,,15.632,10.904,,,,8.13,,,,,13.5,,,,,,,,,10.09,8.7,12.35,,,,8.9,96.708,7.89,6.745,,20.0,,6.387,,,,33.416,152.546,,,,,91.93
2005-03-18,75.334,57.59,37.28,7.264,,71.813,,40.176,10.216,10.352,,,,,,,5.124,,26.599,,,,13.2,59.152,41.84,,69.159,27.49,9.4,,,14.059,9.711,,,,7.55,,,,,11.898,,,,,,,,,10.16,7.92,12.26,,,,8.62,99.374,7.26,6.705,,18.47,,5.763,,,,33.357,143.737,,,,,87.73
2005-03-25,75.554,60.132,37.377,7.495,,74.912,,37.54,10.366,10.472,,,,,,,4.704,,26.926,,,,13.01,61.749,42.618,,69.016,26.354,9.92,,,13.633,9.408,,,,7.68,,,,,12.06,,,,,,,,,10.45,7.68,12.73,,,,8.82,97.415,6.72,6.685,,17.36,,5.217,,,,33.884,149.243,,,,,86.072
2005-04-01,78.213,60.555,37.571,7.391,,76.14,,39.036,10.226,10.88,,,,,,,4.824,,28.769,,,,12.85,64.467,42.274,,72.022,26.115,9.88,,,13.24,9.744,,,,7.51,,,,,11.79,,,,,,,,,9.99,7.26,12.67,,,,8.97,107.18,6.94,6.925,,16.97,,4.905,,,,33.318,150.894,,,,,89.501
2005-04-08,79.676,63.86,39.702,7.553,,79.181,,43.371,9.916,11.312,,,,,,,5.274,,29.786,,,,13.63,67.849,42.093,,72.667,26.713,10.3,,,13.306,9.896,,,,7.63,,,,,12.186,,,,,,,,,10.32,7.22,13.02,,,,8.88,115.242,7.21,6.735,,17.97,,5.607,,,,35.385,154.748,,,,,86.187
2005-04-15,77.945,61.911,39.992,7.958,,77.661,,42.078,10.026,10.904,,,,,,,5.174,,29.441,,,,13.96,66.822,41.659,,72.166,26.594,10.65,,,12.814,10.03,,,,7.88,,,,,11.304,,,,,,,,,10.22,7.11,13.2,,,,8.65,115.737,6.95,6.765,,18.33,,4.788,,,,33.942,155.023,,,,,78.814
2005-04-22,76.876,62.504,39.024,8.306,,76.023,,43.016,9.566,11.156,,,,,,,4.824,,29.594,,,,15.11,73.556,41.894,,75.53,25.577,9.78,,,12.225,9.19,,,,8.12,,,,,9.036,,,,,,,,,11.29,6.68,13.48,,,,8.31,112.13,6.9,6.645,,16.84,,4.203,,,,33.806,145.664,,,,,78.272
2005-04-29,84.552,64.792,43.575,8.688,,83.216,,44.765,10.026,11.372,,,,,,,5.454,,30.554,,,,15.84,74.22,42.961,,80.041,26.115,10.36,,,12.323,9.408,,,,8.37,,,,,7.236,,,,,,,,,9.64,6.18,13.25,,,,8.39,113.191,6.43,5.935,,17.45,,4.476,,,,34.079,156.675,,,,,76.671
2005-05-13,77.82,61.657,41.445,8.063,,75.321,,41.292,10.066,10.724,,,,,,,5.314,,28.788,,,,15.47,68.755,39.995,,77.678,25.577,10.1,,,12.519,9.543,,,,8.29,,,,,6.912,,,,,,,,,9.54,6.09,12.62,,,,7.66,95.511,6.6,5.505,,19.02,,4.32,,,,31.856,131.901,,,,,71.271
2005-05-20,78.496,63.351,39.895,8.132,,76.491,,41.266,10.256,10.748,,,,,,,5.514,,29.153,,,,15.59,69.298,40.881,,80.256,25.697,10.6,,,12.421,9.627,,,,8.33,,,,,6.858,,,,,,,,,9.53,6.2,12.66,,,,7.87,89.217,6.7,5.495,,20.12,,4.32,,,,31.953,133.002,,,,,68.013
2005-05-27,71.653,58.945,37.861,7.588,,68.187,,38.63,9.706,10.376,,,,,,,5.284,,24.026,,,,15.06,63.984,37.409,,74.528,25.158,10.1,,,12.585,10.198,,,,7.76,,,,,7.2,,,,,,,,,9.34,6.5,12.16,,,,7.84,79.67,6.34,5.325,,20.41,,4.632,,,,30.257,123.643,,,,,69.556
2005-06-03,67.548,56.488,35.925,6.928,,70.351,,37.743,9.646,10.016,,,,,,,4.924,,24.353,,,,15.16,63.38,36.035,,71.664,25.577,9.59,,,12.29,9.98,,,,7.46,,,,,7.308,,,,,,,,,8.955,6.49,10.58,,,,7.79,75.568,6.47,5.235,,20.18,,4.359,,,,29.223,116.486,,,,,68.213
2005-06-10,75.146,61.318,36.99,7.6,,78.83,,41.165,10.066,10.892,,,,,,,6.274,,24.794,,,,18.19,74.377,39.344,,76.533,26.833,11.09,,,13.568,10.736,,,,8.57,,,,,8.262,,,,,,,,,9.675,7.11,12.32,,,,8.46,88.015,6.88,5.705,,,,4.827,,,,32.324,123.092,,,,,72.3
2005-06-17,77.474,62.504,35.731,7.542,,77.368,,40.937,10.016,10.892,,,,,,,6.034,,24.142,,,,16.09,67.094,37.662,,76.461,26.833,11.51,,,13.633,10.618,,,,8.76,,,,,8.19,,,,,,,,,9.93,6.62,12.48,,,,8.47,73.588,6.77,5.835,,23.724,,4.866,,,,33.357,124.193,,,,,69.728
2005-06-24,83.781,65.47,38.055,8.005,,80.351,,43.751,9.776,11.396,,,,,,,,,24.852,,,,16.77,67.311,39.507,,78.681,26.653,,,,14.125,10.45,,,,9.27,,,,,7.848,,,,,,,,,,6.56,13.42,,,,,82.711,6.97,,,22.576,,4.827,,,,34.488,127.497,,,,,67.842
2005-07-01,83.545,63.436,38.636,7.912,,74.678,,42.23,9.956,11.0,,,,,,,,,25.409,,,,16.75,66.26,40.05,,79.253,25.457,11.965,,,13.863,10.198,,,,9.36,,,,,6.984,,,,,,,,,,5.9,12.98,,,,,82.145,6.78,6.035,,20.47,,4.359,,,,33.377,129.286,,,,,65.842
2005-07-08,82.822,64.368,39.12,8.086,,77.427,,40.81,9.876,10.964,,,,,,,5.534,,25.198,,,,16.17,66.876,40.27,,78.251,25.278,12.16,,,14.387,9.694,,,,9.3,,,,,6.174,,,,,,,,,10.965,5.36,12.62,,,,8.59,76.841,6.47,5.825,,20.065,,4.047,,,,32.85,130.524,,,,,63.956
2005-07-15,84.536,65.046,38.249,8.271,,78.187,,42.813,9.636,11.648,,,,,,,6.024,,25.697,,,,16.56,63.978,41.138,,80.327,25.338,12.368,,,15.107,9.761,,,,9.09,,,,,6.714,,,,,,,,,11.325,6.0,13.56,,,,8.72,81.297,6.58,5.995,,19.012,,4.281,,,,33.669,133.002,,,,,68.699
2005-07-22,83.089,66.402,40.283,8.549,,79.473,,41.444,9.706,12.17,,,,,,,6.254,,26.618,,,,16.58,66.405,41.637,,79.468,25.278,,,,15.238,10.047,,,,9.29,,,,,7.083,,,,,,,,,10.905,6.57,13.82,,,,9.04,79.458,6.86,6.085,,19.336,,4.047,,,,33.806,141.673,,,,,69.214
2005-07-29,84.804,67.673,40.961,8.757,,79.941,,40.354,10.006,12.44,,,,,,,6.414,,26.753,,,,16.78,68.869,41.659,,81.687,25.278,,,,15.959,10.215,,,,9.81,,,,,7.65,,,,,,,,,,6.6,13.04,,,,,79.387,7.16,,,21.901,,4.32,,,,34.625,156.95,,,,,71.757
2005-08-05,90.026,69.452,41.929,8.954,,78.772,,42.027,10.046,12.656,,,,,,,,,28.596,,,,17.5,70.21,42.44,,78.681,26.115,,,,16.68,10.652,,,,9.62,,,,,8.298,,,,,,,,,,6.65,14.84,,,,,89.854,7.45,,,23.143,,4.671,,,,35.444,165.621,,,,,71.614
2005-08-12,90.725,67.249,43.285,9.047,,76.783,,41.723,10.176,12.728,,,,,,,,,27.732,,,,17.18,67.818,40.574,,79.182,26.354,14.065,,,16.713,10.719,,,,10.25,,,,,8.865,,,,,,,,,12.81,7.0,15.2,,,,,91.551,7.6,,,23.278,,4.788,,,,35.21,154.06,,,,,75.157
2005-08-19,90.857,65.046,45.803,9.348,,76.549,,41.875,10.336,12.368,,,,,,,6.792,,27.694,,,,16.75,66.731,41.464,,82.904,25.517,13.099,,,16.909,10.047,,,,10.23,,,,,8.568,,,,,,,,,12.6,7.29,16.68,,,,9.875,88.722,7.18,6.581,,20.848,,4.905,,,,33.065,148.692,,,,,73.843
2005-08-26,93.367,64.453,46.965,9.232,,75.555,,40.024,10.136,12.638,,,,,,,6.819,,29.69,,,,16.51,67.311,42.071,,83.262,25.637,13.187,,,16.68,9.761,,,,10.18,,,,,8.595,,,,,,,,,12.285,7.76,16.56,,,,9.886,86.954,7.36,6.472,,20.281,,5.646,,,,32.636,149.931,,,,,74.643
2005-09-02,97.407,66.402,49.677,9.255,,76.783,,40.354,10.256,12.656,,,,,,,6.833,,30.458,,,,17.44,71.261,42.744,,85.768,26.055,13.696,,,16.156,10.383,,,,10.47,,,,,8.622,,,,,,,,,12.411,7.6,17.18,,,,10.085,87.944,7.66,6.423,,20.173,,5.217,,,,33.201,150.756,,,,,77.614
2005-09-09,95.972,66.317,51.033,9.128,,78.889,,39.543,10.036,12.638,,,,,,,6.819,,31.111,,,,18.0,73.797,43.569,,85.339,27.191,13.327,,,16.713,10.232,,,,10.29,,,,,8.73,,,,,,,,,12.411,7.28,17.44,,,,9.886,86.105,7.46,6.374,,20.416,,5.568,,,,33.396,153.647,,,,,76.157
2005-09-16,98.181,66.656,52.195,9.799,,75.497,,39.593,10.106,12.674,,,,,,,7.049,,32.071,,,,17.7,75.826,43.634,,85.84,27.012,13.889,,,,10.198,,,,10.54,,,,,9.297,,,,,,,,,12.81,7.55,,,,,9.676,87.166,7.5,6.386,,20.281,,6.504,,,,32.85,154.885,,,,,77.757
2005-09-23,94.311,62.165,,9.66,,74.21,,37.565,9.836,11.756,,,,,,,7.251,,30.996,,,,17.42,74.413,42.766,,82.761,25.398,13.363,,,16.68,9.677,,,,9.67,,,,,8.919,,,,,,,,,14.259,6.97,15.52,,,,9.595,82.216,6.96,6.203,,19.471,,6.036,,,,31.758,146.215,,,,,74.614
2005-09-30,95.33,63.267,51.323,9.672,,76.9,,38.047,9.556,11.666,,,,,,,7.319,,31.399,,,,18.34,75.5,41.442,,79.253,25.039,13.626,,,16.614,8.82,,,,9.68,,,,,8.73,,,,,,,,,14.427,6.63,16.42,,,,9.571,85.61,7.61,6.167,,18.553,,5.763,,,,31.914,146.627,,,,,80.986
2005-10-14,87.931,61.318,54.713,10.366,,79.649,,35.537,9.296,11.684,,,,,,,6.846,,31.265,,,,18.03,75.283,44.437,,76.819,24.919,14.416,,,,8.451,,,,10.07,,,,,8.271,,,,,,,,,14.049,6.49,16.66,,,,9.408,84.267,7.41,6.069,,18.634,,5.685,,,,30.198,,,,,,81.158
2005-10-21,89.365,58.945,54.906,10.436,,84.912,,38.833,8.946,11.954,,,,,,,6.941,,31.092,,,,18.02,75.718,,,76.962,23.664,13.836,,,,8.535,,,,10.74,,,,,,,,,,,,,,14.091,7.1,,,,,9.046,96.501,7.91,5.849,,17.851,,5.061,,,,29.789,155.298,,,,,82.043
2005-10-28,91.744,56.319,,9.602,,84.385,,36.906,8.836,11.486,,,,,,,6.185,,30.478,,,,18.06,74.16,42.961,,74.671,22.229,11.73,,,13.714,7.712,,,,10.16,,,,,,,,,,,,,,10.878,6.93,,,,,9.315,89.712,7.91,5.752,,16.582,,5.256,,,,29.633,155.298,,,,,76.328
2005-11-04,91.159,58.267,53.928,9.313,,83.625,,37.616,8.756,11.612,,,,,,,6.239,,28.577,,,,17.09,73.906,43.829,,74.815,22.827,11.871,,,13.582,7.779,,,,10.75,,,,,8.244,,,,,,,,,11.172,6.58,,,,,9.303,90.914,8.14,5.74,,17.014,,5.256,,,,29.906,161.492,,,,,80.729
2005-11-11,89.516,56.319,54.306,9.498,,82.28,,37.489,8.836,11.342,,,,,,,6.212,,29.69,,,,17.93,73.072,43.439,,75.244,22.229,11.976,,,13.099,7.46,,,,9.95,,,,,7.596,,,,,,,,,12.012,6.54,16.918,,,,8.953,95.511,8.31,5.581,,16.744,,4.71,,,,29.574,,,,,,82.386
2005-11-18,87.478,57.505,53.299,9.672,,81.345,,37.819,8.976,11.63,,,,,,,6.495,,29.345,,,,18.07,68.761,,,75.888,23.185,12.274,,,13.494,7.695,,,,10.17,,,,,,,,,,,,,,11.949,6.63,16.45,,,,9.21,93.248,8.66,5.74,,17.446,,5.022,,,,28.619,,,,,,
2005-11-25,87.912,57.929,49.144,9.382,,83.508,,38.072,9.176,11.864,,,,,,,6.765,,28.942,,,,18.11,71.478,,,75.459,23.245,12.134,,,13.582,7.544,,,,9.89,,,,,,,,,,,,,,12.054,6.68,16.19,,,,9.396,92.824,8.48,5.837,,17.797,,5.1,,,,29.223,,,,,,82.043
2005-12-02,86.006,56.658,52.166,9.313,,78.83,,38.301,8.916,11.99,,,,,,,6.711,,28.538,,,,17.93,70.609,40.086,,73.383,23.185,11.801,,,13.407,7.292,,,,9.69,,,,,7.828,,,,,,,,,11.235,6.41,16.788,,,,9.128,90.844,8.63,5.679,,17.392,,4.671,,,,27.449,156.124,,,,,80.329
2005-12-09,82.91,58.945,54.81,9.301,,81.403,,36.932,8.896,12.386,,,,,,,6.981,,27.079,,,,18.0,71.514,38.458,,75.602,23.305,11.59,,,13.714,7.107,,,,9.96,,,,,7.943,,,,,,,,,11.529,6.35,16.918,,,,9.303,92.682,8.43,5.788,,17.851,,4.515,,,,27.507,160.666,,,,,
2005-12-16,84.024,60.47,56.824,9.625,,82.163,,37.565,9.106,12.188,,,,,,,7.076,,27.962,,,,17.62,70.898,37.102,,79.754,23.425,11.59,,,14.46,7.325,,,,10.29,,,,,8.479,,,,,,,,,11.466,6.39,17.1,,,,9.128,94.875,9.08,5.788,,19.39,,4.593,,,,28.541,174.704,,,,,
2005-12-23,85.175,61.403,58.838,9.649,,85.029,,38.833,9.436,,,,,,,,7.17,,28.98,,,,16.98,75.863,39.082,,81.329,23.365,11.414,,,14.197,7.292,,,,11.01,,,,,8.479,,,,,,,,,11.466,6.38,16.762,,,,9.058,99.613,9.77,5.752,,19.579,,4.671,,,,29.087,175.117,,,,,
2005-12-30,88.082,61.403,57.831,9.915,,85.789,,37.033,9.536,,,,,,,,7.13,,29.268,,,,17.59,77.783,37.943,,,24.441,11.379,,,14.241,7.258,,,,11.62,,,,,8.249,,,,,,,,,11.529,6.44,16.476,,,,8.964,102.23,9.86,5.971,,19.498,,4.632,,,,29.457,176.356,,,,,100.402
2006-01-06,87.346,67.249,55.565,10.1,,85.613,,40.937,9.736,13.988,,,,,,,7.508,,28.404,,,,18.29,78.761,39.353,,93.07,25.218,11.976,,,14.723,8.132,,,,11.79,,,,,9.783,,,,,,,,,11.949,6.8,16.918,,,,9.303,109.302,9.95,6.008,,20.065,,5.334,,,,32.363,192.046,,,,,105.081
2006-01-13,91.593,66.825,54.81,10.031,,92.514,,42.965,9.676,14.168,,,,,,,8.453,,29.306,,,,18.54,78.471,38.051,,92.211,25.457,12.011,,,14.943,8.132,,,,,,,,,12.16,,,,,,,,,12.957,7.34,17.048,,,,9.023,108.241,10.34,5.874,,19.039,,,,,,,182.137,,,,,101.795
2006-01-20,88.761,67.164,55.187,10.181,,94.444,,43.649,9.746,,,,,,,,9.02,,29.844,,,,16.93,76.479,36.098,,92.999,25.338,12.204,,,14.811,8.249,,,,,,,,,13.004,,,,,,,,,12.159,,18.218,,,,8.906,105.2,,5.898,,19.525,,5.685,,,,,186.266,,,,,100.152
2006-01-27,91.14,68.605,58.461,10.274,,97.601,,43.675,10.226,,,,,,,,9.6,,28.826,,,,16.38,74.884,36.18,,88.775,25.517,11.467,,,15.909,8.417,,,,12.93,,,,,11.355,,,,,,,,,12.768,,18.062,,,,8.649,109.867,,5.923,,18.985,,6.075,,,,32.636,201.956,,,,,115.475
2006-02-10,101.125,,63.748,10.355,,109.531,,44.638,10.786,,,,,,,,9.06,,29.134,,,,16.65,79.269,38.54,,92.211,25.756,12.538,,,16.172,9.728,,,,13.75,,,,,12.889,,,,,,,,,13.188,7.4,19.076,,,,8.801,99.542,11.93,6.02,,19.012,,6.075,,,,32.655,211.452,,,,,109.117
2006-02-17,111.941,,61.356,9.996,,103.449,,45.17,10.836,,,,,,,,9.074,,27.694,,,,16.88,84.668,37.59,,96.793,25.996,12.432,,,14.767,9.056,,,,,,,,,11.662,,,,,,,,,12.096,7.34,17.88,,,,8.743,100.32,,5.959,,18.229,,,,,,,229.62,,,,,105.867
2006-02-24,119.51,,68.281,10.042,,,,46.691,10.946,,,,,,,,8.763,,27.252,,,,17.55,84.486,37.075,,98.798,27.67,12.134,,,15.865,9.795,,,,,,,,,12.467,,,,,,,,,12.369,,17.256,,,,8.883,105.624,,6.276,,18.148,,,,,,,230.033,,,,,107.296
2006-03-03,,73.604,66.392,10.945,,,,51.457,10.786,14.583,,,,,,,8.48,,28.826,,,,17.74,92.494,38.16,,,,11.994,,,15.162,9.98,,,,14.288,,,,,12.198,,,,,,,,,11.886,,16.632,,,,8.754,,11.72,6.093,,17.392,,6.722,,,,29.602,223.426,,,,,103.474
2006-03-10,,71.062,62.489,10.957,,103.975,,,10.296,14.334,,,,,,,8.426,,27.828,,,,18.04,91.48,36.614,,96.192,28.029,11.906,,,15.645,10.265,,,,14.909,,,,,12.16,,,,,,,,,11.781,6.591,15.982,,,,8.404,,10.73,6.106,,17.122,,6.165,,,,29.3,206.497,,,,,99.474
2006-03-17,,70.723,67.525,12.577,,,,,10.336,14.311,,,,,,,8.952,,29.46,,,,19.49,96.263,36.939,,103.738,27.969,11.713,,,15.909,10.215,,,,15.346,,,,,12.122,,,,,,,,,12.054,6.99,15.566,,,,8.393,,11.88,6.02,,18.391,,6.215,,,,29.115,223.839,,,,,103.867
2006-03-24,,,68.659,,,,,,10.256,14.515,,,,,,,9.411,,31.111,,,,19.81,102.096,37.536,,102.102,28.148,12.274,,,15.382,,,,,16.036,,,,,12.313,,,,,,,,,12.012,7.269,16.372,,,,8.334,,11.44,6.081,,21.496,,6.52,,,,28.465,243.245,,,,,105.796
2006-03-31,,66.606,77.472,13.77,,,,,10.866,14.923,,,,,,,10.437,,35.527,,,,21.29,,36.803,,103.284,30.839,12.099,,,15.031,9.744,,,,15.335,,,,,12.083,,,,,,,,,11.55,7.056,16.502,,,,8.369,126.699,11.78,6.069,,21.037,,6.368,,,,27.699,268.845,,,,,110.582
2006-04-07,,77.313,89.306,16.837,,,,,10.636,15.422,,,,,,,11.085,,35.873,,,,23.09,,37.02,,108.557,,12.397,,,15.075,11.24,,,,16.462,,,,,11.815,,,,,,,,,12.579,7.389,17.906,,,,8.416,,11.44,6.093,,25.843,,6.469,,,,28.024,280.406,,,,,113.618
2006-04-14,,76.718,91.698,,,,,,10.776,15.467,,,,,,,11.76,,38.234,,,,25.75,134.091,40.113,,113.194,,13.889,,,15.821,12.029,,,,16.381,,,,,11.317,,,,,,,,,13.251,7.482,18.452,,,,8.684,,11.94,6.264,,23.413,,6.672,,,,28.767,270.909,,,,,109.046
2006-04-21,169.834,91.291,98.623,,,,,,11.196,15.49,,,,,,,14.001,,42.286,,,,,137.208,44.155,,113.467,,14.065,,,15.25,12.399,,,,18.762,,,,,9.898,,,,,,,,,12.852,7.256,19.259,,,,8.626,,13.44,6.313,,24.79,,5.911,,,,29.161,273.8,,,,,95.116
2006-04-28,174.515,104.773,102.274,,,152.388,,,10.876,16.646,,,,,,,16.094,,43.687,,,,28.55,,41.469,,105.011,,15.784,,,15.294,,,,,19.36,,,,,9.783,,,,,,,,,12.327,6.724,19.505,,,,8.451,137.406,12.97,6.093,,24.736,,5.556,,,,29.695,255.632,,,,,91.58
2006-05-12,,127.574,128.335,26.623,,167.285,,,14.056,17.077,,,,,,,18.767,,,,,,,,46.026,,108.012,,16.522,,,18.455,14.737,,,,19.394,,,,,11.892,,,,,,,,,14.889,7.708,23.401,,,,9.128,179.08,15.21,6.228,,30.892,,6.469,,,,30.925,253.568,,,,,94.437
2006-05-19,,143.932,138.911,26.008,,166.443,,,14.406,17.077,,,,,,,22.56,,52.673,,,,,,44.616,,118.831,30.576,22.138,,,20.65,14.182,,,,19.923,,,,,11.547,,,,,,,,,16.884,8.24,27.227,,,,9.408,168.415,16.69,6.862,,28.597,,6.875,,,,32.596,249.026,,,,,105.01
2006-05-26,179.422,126.88,124.936,22.682,,159.205,,66.566,13.396,17.1,,,,,,,20.252,,52.346,,,,25.641,,41.523,,116.013,29.655,21.822,,,19.245,13.118,,,,18.17,,,,,11.815,,,,,,,,,16.422,8.067,26.034,,,,9.151,168.333,16.7,6.801,,26.518,,7.077,,,,31.505,243.658,,,,,96.045
2006-06-02,209.527,132.729,143.065,21.358,,188.242,,84.894,14.106,16.601,,,,,,,22.155,,,,,,24.911,142.687,44.643,,122.196,30.707,26.051,,,25.698,14.293,,,,19.09,,,,,14.115,,,,,,,,,19.53,8.493,26.385,,,,8.813,184.084,15.5,6.691,,32.566,,8.294,,,,31.969,231.271,,,,,93.473
2006-06-09,190.458,113.2,149.99,21.481,,169.558,,,12.806,15.717,,,,,,,18.564,,,,,,22.543,138.553,41.388,,109.921,29.194,24.805,,,26.4,12.563,,,,17.043,,,,,11.738,,,,,,,,,17.884,7.362,24.033,,,,8.835,162.016,13.96,6.508,,29.326,,7.432,,,,34.73,216.82,,,,,90.616
2006-06-16,207.963,124.303,154.145,24.606,,193.629,,,13.016,16.76,,,,,,,19.455,,,,,,24.335,137.372,42.88,,117.468,28.997,22.927,,,26.4,12.563,,,,17.756,,,,,11.853,,,,,,,,,18.354,7.615,25.402,,,,8.905,165.347,14.02,6.423,,32.539,,7.635,,,,33.965,228.381,,,,,97.152
2006-06-23,207.709,140.165,182.095,26.854,,202.803,,,13.066,17.168,,,,,,,19.658,,58.548,,,,24.553,150.315,42.608,,117.468,29.063,24.331,,,26.269,12.519,,,,18.492,,,,,12.889,,,,,,,,,19.942,8.44,25.121,,,,8.847,164.313,14.02,6.362,,32.809,,8.091,,,,34.243,222.6,,,,,97.366
2006-06-30,210.922,145.022,187.382,27.362,,193.713,,,13.596,18.007,,,,,,,21.548,,57.708,,,,24.617,145.246,44.616,,132.015,30.707,23.559,,,26.532,13.184,,,,21.206,,,,,12.927,,,,,,,,,20.765,7.921,25.191,,,,9.103,170.63,15.57,6.655,,40.423,,7.686,,,,34.777,231.684,,,,,103.367
2006-07-07,204.791,143.139,178.695,26.069,,191.272,,,14.256,17.417,,,,,,,22.29,,58.26,,,,25.103,154.744,44.67,,140.016,29.918,23.401,,,25.874,13.051,,,,21.528,,,,,13.004,,,,,,,,,21.559,9.903,25.086,,,,8.905,177.406,16.1,6.569,,41.503,,7.635,,,,35.867,229.62,,,,,104.045
2006-07-14,198.787,134.514,170.512,26.223,,182.603,,,13.526,17.304,,,,,,,19.658,,55.596,,,,22.684,136.978,42.636,,130.469,28.997,24.665,,,29.298,13.827,,,,18.814,,,,,11.93,,,,,,,,,18.648,8.214,23.822,,,,8.508,173.386,16.65,6.374,,37.885,,7.331,,,,33.686,254.394,,,,,96.509
2006-07-21,198.195,129.755,169.756,24.283,,184.876,,,13.036,17.848,,,,,,,19.86,,56.868,,,,22.53,132.402,43.205,,126.787,29.392,27.56,,,27.322,13.317,,,,18.446,,,,,12.812,,,,,,,,,19.295,8.386,22.84,,,,8.391,162.016,16.11,6.337,,38.02,,7.736,,,,34.057,253.981,,,,,98.974
2006-07-28,202.72,136.1,169.253,27.947,,190.262,,,12.856,17.394,,,,,,,19.199,,60.228,,,,23.145,134.764,43.07,,128.015,29.721,26.525,,,27.717,12.741,,,,17.802,,,,,12.083,,,,,,,,,19.736,8.879,22.173,,,,8.543,162.705,15.2,6.35,,35.482,,7.99,,,,33.756,244.071,,,,,92.794
2006-08-04,190.838,127.376,162.076,26.377,,166.696,,,11.566,17.304,,,,,,,17.403,,54.684,,,,20.188,126.792,39.679,,120.786,28.537,25.016,,,22.757,11.521,,,,17.25,,,,,10.78,,,,,,,,,19.971,7.934,18.663,,,,8.251,149.383,14.85,6.264,,31.918,,7.128,,,,31.899,239.116,,21.63,,,89.615
2006-08-11,196.716,127.574,162.202,25.73,,170.904,,,11.736,17.893,,,,,,,17.552,,56.028,,,,20.636,129.744,41.279,,122.286,29.392,29.228,,,22.625,11.543,,,,19.504,,,,,10.972,,,,,,,,,21.0,7.509,19.435,,,,8.59,152.943,15.88,6.337,,33.16,,7.128,,,,32.201,246.548,,23.86,,,94.223
2006-08-18,196.927,125.294,153.515,25.392,,172.84,,,12.086,18.347,,,,,,,16.863,,55.38,,,,22.838,129.375,43.531,,119.559,29.129,29.684,,,22.45,12.053,,,,18.63,,,,,10.933,,,,,,,,,21.441,7.615,19.049,,,,8.485,153.288,15.85,6.374,,33.214,,7.077,,,,31.807,262.651,,23.61,,,94.652
2006-08-25,196.546,123.411,158.677,25.869,,160.804,,,12.136,19.503,,,,,,,17.903,,59.34,,,,24.092,131.442,42.717,,119.559,29.063,28.456,,,23.064,12.031,,,,19.458,,,,,11.048,,,,,,,,,22.47,7.974,20.067,,,,8.578,167.644,16.16,6.398,,33.43,,7.128,,,,33.199,268.845,,24.0,,,99.581
2006-09-01,200.901,129.161,167.616,25.438,,169.558,,,12.686,19.435,,,,,,,18.294,,58.634,,,,23.67,136.388,42.961,,122.559,29.523,29.666,,,23.81,12.43,,,,19.228,,,,,11.892,,,,,,,,,22.646,7.642,20.523,,,,8.415,163.509,16.15,6.374,,35.05,,7.382,,,,32.851,284.122,,29.03,,,101.045
2006-09-08,198.322,125.492,163.965,25.884,,163.414,,,,20.682,,,,,,,18.578,,58.946,,,,24.847,139.045,43.558,,120.514,29.984,28.456,,,23.898,12.408,,,,18.791,,,,,11.892,,,,,,,,,22.793,8.014,20.418,,,,8.473,167.185,17.41,6.301,,37.291,,7.787,,,,32.363,284.535,,28.68,,,101.545
2006-09-15,204.157,128.764,170.512,25.838,,164.844,,,,21.702,,,,,,,18.591,,58.322,,,,24.246,138.602,43.856,,119.422,30.247,28.105,,,24.469,12.519,,,,18.745,,,,,11.355,,,,,,,,,22.558,7.908,20.804,,,,9.057,178.555,18.3,6.484,,36.4,,7.635,,,,34.661,303.941,,28.41,,,101.367
2006-09-22,208.259,128.962,183.354,27.301,,184.455,,,13.696,22.383,,,,,,,19.401,,58.51,,,,24.348,140.079,43.449,,119.286,32.483,28.631,,,23.503,12.186,,,,18.515,,,,,11.47,,,,,,,,,21.911,7.854,20.839,,,,8.8,173.272,18.04,6.423,,40.072,,7.99,,,,33.941,320.457,,29.54,,,108.867
2006-09-29,210.88,129.656,194.936,28.071,,177.806,,,13.766,23.471,,,,,,,20.508,,68.119,,,,25.103,139.931,43.422,,120.377,35.18,28.456,,,23.679,12.342,,,,20.884,,,,,11.585,,,,,,,,,21.735,8.386,21.365,,,,8.777,176.717,17.35,6.398,,45.58,,7.736,,,,33.895,317.154,,27.8,,,116.261
2006-10-13,217.561,125.988,200.728,28.933,,171.914,,,,24.128,,,,,,,20.252,,66.466,,,,25.948,147.091,41.713,,126.514,34.851,28.473,,,23.635,13.007,,,,20.976,,,,,11.892,,,,,,,,,25.145,8.28,21.576,,,,9.092,178.669,18.58,6.594,,47.038,,8.649,,,,34.011,299.812,,25.66,,,111.082
2006-10-20,220.055,124.6,208.156,29.487,,170.736,,,,24.741,,,,,,,20.805,,69.18,,,,24.514,147.756,41.551,,122.968,37.35,28.982,,,23.898,12.963,,,,23.621,,,,,11.432,,,,,,,,,24.028,8.626,19.54,,,,8.987,184.527,20.02,6.52,,49.387,,8.142,,,,34.382,330.367,,26.97,,,109.403
2006-10-27,238.744,123.807,211.807,29.964,,166.78,,,,24.559,3.28,,,,,,20.292,,69.898,,,,24.348,143.031,40.818,,123.241,38.534,28.456,,,23.503,12.253,,,,22.908,,,,,10.703,,,,,,,,,24.322,7.815,18.733,,,,9.103,179.473,19.65,6.838,,53.194,,7.483,,,,36.912,343.166,,28.2,,,123.833
2006-11-03,241.915,124.105,211.807,29.579,,194.049,,,,25.171,3.36,,,,,,19.604,,69.648,,,,24.066,140.079,41.578,,137.698,37.942,27.087,,,25.523,13.184,,,,24.633,,,,,10.972,,,,,,,,,24.528,7.788,19.154,,,,9.582,199.457,20.05,7.655,,51.439,,7.635,,,,38.35,344.818,,27.65,,,125.655
2006-11-10,253.881,130.548,203.623,28.302,,160.552,,,,28.731,3.46,,,,,,20.535,,63.72,,,,23.324,135.65,40.493,,137.016,42.152,27.052,,,26.796,13.229,,,,23.368,,,,,10.55,,,,,,,,,23.029,7.376,17.855,,,,9.757,198.309,19.48,8.326,,49.279,,7.179,,,,38.814,382.805,,30.9,,,125.298
2006-11-17,283.31,146.708,235.98,31.412,,162.993,,,,29.661,3.8,,,,,,22.304,,63.252,,,,23.516,144.36,42.527,,158.973,43.204,28.42,,,26.62,13.229,,,,22.655,,,,,9.936,,,,,,,,,22.294,7.216,17.118,,,,9.979,224.035,20.02,9.131,,50.467,,7.027,,,,39.743,438.133,,34.8,,,140.62
2006-11-24,280.519,145.914,230.314,31.304,,166.107,,,,30.5,3.92,,,,,,24.396,,65.436,,,,23.311,146.722,41.686,,154.609,45.637,28.596,,,28.025,14.027,,,,22.218,,,,,10.09,,,,,,,,,22.47,7.429,17.75,,,,10.341,219.326,23.21,9.058,,58.297,,7.229,,,,40.207,450.52,,33.63,,,134.227
2006-12-01,302.083,168.617,240.512,37.139,,178.395,,,,30.454,3.76,,,,,,26.475,,76.387,,,,25.462,170.639,46.325,,166.611,47.742,29.509,,,29.737,15.269,,,,25.921,,,,,10.205,,,,,,,,,24.175,7.668,17.996,,,,10.376,236.668,27.01,9.607,,64.696,,7.382,,,,42.411,504.196,,36.97,,,144.514
2006-12-08,302.294,157.018,237.742,36.138,,166.107,,,,30.364,3.87,,,,,,27.029,,77.292,,,,24.489,170.492,43.151,,151.2,43.204,30.421,,,30.044,15.601,,,,24.541,,,,,10.473,,,,,,,,,23.411,7.309,17.715,,,,10.516,234.142,25.72,9.949,,65.83,,8.345,,,,42.597,484.79,,35.82,,,146.728
2006-12-15,344.915,185.569,293.894,45.622,,186.138,,,,32.563,4.32,,,,,,34.467,,87.9,,,,26.242,195.442,48.875,,168.929,49.123,32.053,,,37.156,18.551,,,,28.52,,,,,10.665,,,,,,,,,25.939,7.535,17.785,,,,10.796,264.002,28.12,10.668,,80.302,,7.939,,,,42.527,551.679,,41.51,,,143.728
2006-12-22,352.103,192.211,292.887,49.179,,194.975,,,17.709,35.034,4.74,,,,,,32.645,,95.138,,,,27.638,180.679,48.739,,173.839,50.768,34.036,,,36.234,18.041,,,,30.061,,,,,10.473,,,,,,,,,28.967,7.549,18.347,,,,11.251,262.509,31.1,10.278,,78.061,,9.004,,,,44.476,604.53,,42.1,,,139.585
2006-12-29,381.7,227.404,322.725,48.64,,224.938,,,17.992,38.027,6.2,,,,,,37.262,,102.127,,,,28.546,187.248,47.491,,172.612,61.225,34.423,,,36.673,21.057,,,,31.556,,,,,9.86,,,,,,,,,28.262,7.176,17.399,,,,12.511,282.378,31.85,11.901,,88.591,,7.939,,,,45.799,642.104,,43.32,,,141.728
2007-01-05,375.104,235.831,297.293,45.638,,211.892,,,20.515,35.488,5.45,,,,,,37.356,,92.705,,,,30.21,184.0,53.595,,184.613,65.698,32.685,,,40.624,24.583,,,,30.268,,,,,9.975,,,,,,,,,29.291,7.283,17.575,,,,13.013,304.659,29.34,12.437,,94.126,,7.787,,,,49.767,617.743,,45.66,,,140.906
2007-01-12,420.304,271.519,345.513,61.988,,234.196,,,22.555,36.961,5.33,,,,,39.5,45.78,,98.539,,,,31.004,205.924,55.168,,190.341,66.619,35.212,,,38.868,28.375,,,,30.061,,,,,11.048,,,,,,,,,31.437,8.28,17.926,,,,12.278,310.402,29.24,12.218,,87.916,,8.091,,,,58.26,669.355,,51.26,,,142.085
2007-01-19,472.692,308.2,394.991,71.734,,270.05,,,26.033,38.299,5.31,,,,,44.57,45.888,,131.892,,,,42.383,275.165,68.84,,223.482,71.223,37.845,,,48.086,31.768,,,,36.087,,,,,11.853,,,,,,,,,39.64,8.666,20.909,,,,13.037,374.832,32.45,11.949,,104.143,,8.7,,,,60.233,714.361,,47.14,,,169.945
2007-01-26,470.747,279.748,343.121,64.683,,254.648,,,24.076,44.557,5.26,,,,,40.26,53.435,,122.813,,,,38.441,253.02,64.635,,260.306,70.762,42.689,,,46.023,29.883,,,,35.006,,,,,11.815,,,,,,,,,40.463,8.652,19.786,,,,14.332,406.416,36.13,13.34,,101.794,,9.105,,,,62.228,771.753,,47.18,,,157.801
2007-02-02,437.386,240.589,323.48,59.032,,218.289,,,20.374,37.551,4.82,,,,,35.99,45.065,,113.172,,,,37.532,224.969,57.989,,224.028,61.686,41.794,,,40.36,25.669,,,,34.868,,,,,12.16,,,,,,,,,37.611,8.799,20.488,,,,12.932,372.535,32.93,12.084,,90.535,,8.852,,,,62.135,599.988,,38.64,,,150.3
2007-02-09,408.507,253.477,326.25,62.019,,232.513,,,21.659,37.324,4.79,24.01,,,,36.1,46.995,,121.128,,,,37.852,237.518,59.996,,231.938,64.974,39.547,,,43.872,30.681,,,,40.365,,,,,13.655,,,,,,,,,40.081,9.184,21.085,,,,15.791,373.798,30.14,11.352,,100.633,,10.576,,,,62.948,625.588,,40.99,,,146.728
2007-02-16,433.877,286.885,353.444,59.987,,255.91,,,23.569,41.405,5.14,27.41,,,,37.82,55.5,,133.39,,,,40.386,246.376,69.002,,261.124,74.117,42.496,,,57.129,39.906,,,,41.009,,,,,14.652,,,,,,,,,43.462,9.903,22.91,,,,16.013,413.881,33.65,12.669,,112.459,,12.147,,,,68.865,692.064,,50.94,,,167.802
2007-03-02,423.813,242.77,325.998,53.305,,216.858,,,21.058,36.395,4.8,23.86,,46.41,,33.8,50.181,,109.553,,,,38.441,205.408,60.159,,226.21,65.435,37.546,,,60.202,34.54,,,,37.651,,,,,17.643,,,,,,,,,41.08,10.262,22.524,,,,14.624,349.221,31.35,12.779,,99.445,,14.632,,,,60.372,598.75,,47.9,,,178.16
2007-03-09,433.2,238.805,348.66,54.506,,221.992,,,21.152,37.891,5.05,24.83,,45.53,,33.07,57.147,,112.735,,,,37.903,217.292,62.438,,233.029,67.408,41.355,,,56.339,34.651,,,,42.573,,,,,19.291,,,,,,,,,47.107,10.514,23.963,,,,14.892,361.51,35.04,12.633,,115.24,,14.125,,,,62.832,648.71,,51.95,,,161.73
2007-03-16,423.052,253.378,371.322,50.133,,220.814,,,20.952,36.123,4.95,23.61,,45.21,,33.81,53.34,,112.205,,,,36.738,214.266,61.57,,233.711,68.658,44.953,,,54.276,31.435,,,,42.251,,,,,,,,,,,,,,54.634,10.927,23.752,,,,15.103,393.897,35.7,12.047,,111.109,,16.355,,,,57.819,661.097,,54.1,,,163.015
2007-03-23,411.974,268.942,352.563,50.18,,223.928,,,20.763,38.277,5.15,24.91,,45.16,,34.0,54.852,,107.4,,,,39.58,207.401,61.841,,235.484,76.484,47.094,,,56.778,33.364,,,,47.38,,,,,,,,,,,,,,54.575,10.98,25.402,,,,15.885,412.847,35.34,12.437,,109.138,,20.259,,,,58.33,674.723,,52.33,,,156.729
2007-03-30,409.903,259.524,346.142,50.487,,216.521,,,21.718,40.34,5.49,27.2,,47.05,,35.23,58.389,,110.614,,,,37.34,209.689,59.59,,241.349,78.918,47.234,,,55.154,33.187,,,,51.865,,,,,22.435,,,,,,,,,56.868,11.459,26.701,,,,16.328,394.586,34.85,13.413,,111.433,,18.434,,,,58.469,689.587,,55.69,,,158.872
2007-04-06,407.788,295.213,371.574,55.46,,236.721,,,23.781,40.022,5.45,28.22,,48.01,,35.21,67.785,,123.047,,,,42.486,223.862,64.662,,253.214,82.667,49.305,,,63.1,35.848,,,,60.927,,,,,26.078,,,,,,,,,61.366,12.124,27.543,,,,16.2,406.071,36.86,13.743,,123.691,,19.245,,,,66.869,723.857,,63.23,,,170.48
2007-04-13,445.631,381.858,426.844,58.34,,245.474,,,23.817,43.582,5.45,32.02,,55.03,,37.69,66.341,,128.36,,,,47.99,237.371,78.225,,285.809,85.232,58.203,,,62.748,36.602,,,,61.985,,,,,25.272,,,,,,,,,67.952,12.43,27.964,,,,16.947,446.153,41.87,14.499,,151.663,,20.259,,,,71.51,774.231,,70.69,,,170.302
2007-04-20,410.199,326.54,451.269,54.968,,238.909,,,24.288,45.033,5.32,32.03,,55.34,,36.89,68.163,,121.952,,,,48.911,224.6,82.267,,303.539,84.772,55.886,,,62.661,34.628,,,,66.286,,,,,28.838,,,,,,,,,70.627,13.414,29.298,,,,16.713,459.131,40.19,14.414,,177.043,,24.721,,,,71.51,744.915,,65.05,,,169.23
2007-04-27,406.858,332.984,496.089,51.273,,243.117,,,24.241,45.147,5.41,31.58,,63.6,,40.78,72.794,,125.48,,,,51.19,242.907,87.15,,335.316,96.742,54.166,,,62.968,36.314,,,,66.056,,,,,28.263,,,,,,,,,81.799,14.079,29.544,,,,18.125,474.062,41.21,15.268,,166.324,,23.2,,,,81.419,745.741,,61.55,,,168.695
2007-05-04,413.793,354.397,,51.781,,243.033,,,24.441,45.079,5.42,,,65.85,,41.65,80.03,,125.643,,,,50.204,256.711,91.924,,367.503,99.11,53.657,,,63.934,35.538,,,,,,,,,26.844,,,,,,,,,81.379,14.744,29.824,,,,18.16,479.919,42.33,14.975,,169.132,,22.744,,,,83.02,751.109,,59.91,,,167.802
2007-05-11,399.332,335.541,,50.888,,254.395,,,23.793,50.021,5.71,30.4,,62.81,,39.22,75.872,,143.854,,,,49.257,238.256,88.832,,361.911,100.294,55.483,,,68.323,37.334,,,,63.549,,,,,26.768,,,,,,,,,78.436,14.943,32.597,,,,18.756,451.666,40.87,16.951,,162.382,,27.915,,,,76.662,929.067,,62.97,,,167.266
2007-05-18,426.519,364.271,,59.063,,304.978,,,25.137,48.003,5.49,29.54,,62.2,,39.02,79.49,,144.26,,,,48.63,250.879,94.772,,407.599,99.965,55.57,,,68.455,38.665,,,,70.84,,,,,31.79,,,,,,,,,80.614,15.928,31.79,,,,17.775,506.449,46.65,17.208,,179.716,,34.81,,,,75.594,1038.899,,68.73,,,165.837
2007-05-25,460.176,369.822,,59.14,,294.037,,,26.929,48.82,5.49,30.61,,61.92,,39.03,87.401,,161.335,,,,50.742,267.784,96.807,,396.961,103.582,57.694,,,68.762,40.106,,,,75.256,,,,,34.934,,,,,,,,,82.869,16.473,36.353,,,,17.822,547.221,52.34,16.829,,202.234,,38.562,,,,78.472,1145.426,,78.17,,,163.516
2007-06-01,477.3,423.673,,62.219,,292.522,,,31.515,50.974,5.43,30.17,,60.55,,37.08,75.885,,159.997,,,,52.534,271.327,109.502,,411.009,96.216,63.959,,,69.772,36.979,,,,67.022,,,,,30.027,,,,,,,,,69.569,12.616,29.263,,,,17.6,526.203,52.95,16.134,,193.81,,37.295,,,,88.589,1137.994,,78.93,,,182.446
2007-06-08,462.375,434.499,,60.972,,276.447,,,30.478,49.092,5.02,27.85,,59.18,,35.74,82.487,,163.404,,,,52.188,252.872,120.515,,466.244,97.86,63.485,,,65.207,34.828,,,,68.402,,,,,26.423,,,,,,,,,75.837,12.323,28.35,,,,16.678,553.997,52.85,15.512,,222.484,,31.565,,,,99.426,1159.671,,79.05,,,203.519
2007-06-15,542.584,457.121,,63.266,,293.785,,,35.359,51.268,5.15,31.85,,65.38,,37.46,81.258,,187.416,,,,59.497,268.448,118.047,,501.431,109.962,69.347,,,75.391,40.306,,,,68.402,,,,,24.276,,,,,,,,,80.27,12.576,28.456,,,,17.455,589.6,54.86,15.475,,229.936,,26.85,,,,96.27,1193.735,,87.07,,,209.984
2007-06-22,521.232,430.196,659.004,61.234,,282.759,,,32.777,55.735,5.056,32.8,,75.01,,43.44,79.206,,180.48,,,,55.311,278.192,123.228,,504.158,106.805,66.399,,,81.888,38.376,,,,68.034,,,,,23.164,,,,,,,,,68.499,12.736,27.929,,,,18.038,633.702,57.69,15.121,,232.366,,25.431,,,,94.251,1228.419,,90.71,,,204.984
2007-06-29,516.369,438.107,533.733,53.32,,264.159,,221.906,32.14,56.665,5.026,35.35,,71.73,,41.11,72.078,,185.469,,,,49.884,267.784,105.243,,486.701,105.819,64.433,,,76.62,37.822,,,,51.704,,,,,19.253,,,,,,,,,58.6,10.115,22.243,,,,19.03,619.231,60.97,15.182,,240.952,,20.057,,,,90.121,1194.974,,91.89,,,196.376
2007-07-06,508.758,412.986,537.51,55.199,,263.738,,177.332,31.822,56.188,5.176,34.45,,73.04,,42.02,71.97,,174.071,,,,47.478,266.307,99.981,,479.2,106.476,61.923,,,81.098,34.22,,,,49.634,,,,,20.442,,,,,,,,,63.186,10.541,23.471,,,,19.334,576.163,54.48,15.292,,228.91,,18.13,,,,87.615,1211.077,,94.25,,,191.375
2007-07-13,497.385,405.63,582.205,53.397,,254.395,,168.129,31.362,63.217,5.386,38.25,,79.74,,46.67,75.831,,166.852,,,,48.374,258.483,99.547,,471.563,105.819,63.205,,,88.692,34.274,,,,51.152,,,,,19.291,,,,,,,,,66.473,10.302,23.191,,,,19.847,553.377,52.08,15.622,,229.558,,18.992,,,,89.61,1327.514,,100.83,,,193.518
2007-07-20,520.428,417.15,624.381,54.891,,247.157,,170.753,33.98,66.913,5.616,42.75,24.34,84.39,,49.51,78.855,,170.908,,,,47.439,255.235,96.346,,468.971,101.307,68.206,,,92.863,34.992,,,,53.958,,,,,20.25,,,,,,,,,67.123,10.927,23.717,,,,20.559,575.405,51.46,15.146,,227.722,,20.158,,,,89.865,1598.787,,117.83,,,194.519
2007-07-27,518.568,429.086,661.522,55.507,,264.579,,174.116,33.402,67.004,5.686,41.4,28.75,80.32,,47.14,88.616,,173.666,,,,49.295,269.998,105.298,,506.477,111.831,75.226,,,105.461,41.299,,,,60.628,,,,,22.052,,,,,,,,,71.098,12.004,25.858,,,,21.085,628.787,52.49,17.147,,247.864,,23.048,,,,92.256,1701.599,,135.93,,,193.34
2007-08-03,597.171,450.876,744.616,60.002,,279.729,,192.855,35.147,76.028,5.836,47.25,31.45,89.01,,51.12,97.701,,177.681,,,,53.007,273.837,107.793,,511.25,112.16,79.526,,,109.632,42.869,,,,68.862,,,,,22.589,,,,,,,,,73.697,11.698,26.525,,,,21.972,616.245,52.88,18.806,,266.44,,22.237,,,,95.087,2104.174,,137.91,,,200.519
2007-08-10,605.077,452.402,708.734,58.94,,279.477,,174.782,34.345,83.601,6.706,48.22,28.0,95.61,,48.16,104.519,,180.885,,,,51.254,271.77,103.019,,507.977,114.396,74.419,,,108.403,47.18,,,,62.146,,,,,27.496,,,,,,,,,73.123,11.565,25.858,,,,22.754,608.206,57.01,21.307,,277.51,,23.352,,,,93.601,2101.696,,150.57,,,208.984
2007-08-17,584.782,440.744,703.069,58.493,,265.253,,171.27,33.72,76.232,6.476,47.05,26.3,89.39,,47.48,105.545,,176.343,,,,50.37,263.945,102.883,,524.206,129.721,76.718,,,103.31,45.53,,,,62.56,,,,,28.876,,,,,,,,,82.334,12.15,25.823,,,,22.835,658.372,55.4,19.757,,266.332,,27.205,,,,89.146,1921.467,,139.05,,,201.948
2007-08-24,677.761,493.623,804.922,64.205,,291.344,,185.389,35.842,89.722,7.006,57.93,27.88,97.92,,50.13,127.833,,186.848,,,,52.828,285.648,110.858,,590.079,151.425,75.332,,,111.563,51.598,,,,63.296,,,,,,,,,,,,,,99.495,12.536,27.473,,,,24.423,693.424,68.11,23.271,,290.038,,29.791,,,,100.911,2165.489,,168.71,,,218.342
2007-08-31,689.515,496.26,750.659,67.716,,287.809,,205.643,42.575,87.432,6.856,58.55,26.9,102.32,,56.46,120.705,,188.551,,,,51.484,289.191,107.359,,539.754,150.702,75.946,,,109.412,49.602,,,,66.838,,,,,30.295,,,,,,,,,131.523,13.201,27.894,,,,23.944,672.682,67.69,24.32,,284.044,,29.639,,,,99.565,2104.174,,167.97,,,209.234
2007-09-07,624.104,502.644,699.04,63.975,,284.863,,187.496,41.879,82.784,6.826,56.33,26.63,97.21,,54.05,111.363,,186.442,,,,52.137,274.132,105.759,,617.629,160.041,75.279,,,121.879,57.159,,,,65.228,,,,,33.4,,,,,,,,,124.759,12.869,27.403,,,,25.298,656.282,68.43,24.784,,276.538,,31.616,,,,99.263,1991.453,,157.27,,,200.519
2007-09-14,640.721,546.918,749.652,64.652,,291.765,,193.594,43.765,80.381,6.506,57.6,24.31,105.59,,53.41,119.477,,174.315,,,,48.169,272.139,102.585,,657.998,180.036,69.347,,,132.942,58.224,,,,61.502,,,,,36.889,,,,,,,,,137.944,13.414,29.087,,,,23.536,634.736,83.88,25.918,,272.866,,29.487,,,,93.926,1988.356,,151.99,,,193.518
2007-09-21,625.753,569.125,723.842,60.957,,292.522,,193.077,48.635,82.784,6.706,53.16,23.09,119.94,,57.09,120.57,,165.554,,,,47.247,262.543,100.876,,612.173,173.459,70.049,,,124.996,58.889,,,,64.308,,,,,43.676,,,,,,,,,136.416,13.454,28.28,,,,24.318,661.266,88.98,23.991,,269.194,,32.225,,,,95.481,1862.629,,142.41,,,188.232
2007-09-28,649.516,590.637,796.235,63.251,,287.977,,195.479,52.914,87.977,6.626,56.68,22.9,135.37,,62.55,131.127,,171.557,,,,48.258,259.664,99.492,,598.262,166.816,72.138,,,131.186,63.413,,,,64.124,,,,,42.372,,,,,,,,,140.696,13.746,27.824,,,,23.932,636.022,85.53,23.954,,277.78,,31.971,,,,93.694,1881.209,,149.19,,,200.448
2007-10-12,769.344,678.491,889.401,64.729,,289.155,,177.96,48.434,96.23,7.666,64.69,22.14,141.14,,71.31,141.441,,165.432,,,,49.538,251.617,93.525,,608.082,152.478,71.629,,,136.673,60.672,,,,65.32,,,,,39.688,,,,,,,,,128.007,12.35,25.297,,92.12,,24.889,630.555,92.63,25.369,,300.838,,28.98,,,,87.545,2047.813,,152.03,,,188.089
2007-10-19,775.052,626.029,889.527,59.941,,286.294,,181.619,45.498,93.01,7.626,60.56,21.12,135.32,,67.81,143.574,,169.934,,,,50.166,255.087,93.552,,609.309,152.609,71.295,,,127.981,53.274,,,,70.702,,,,,43.139,,,,,,,,,119.828,11.858,24.595,,83.62,,26.103,647.438,88.08,25.04,,330.214,,27.155,,,,86.756,1961.724,,150.17,,,201.948
2007-10-26,837.968,594.801,894.437,51.858,,243.117,,200.691,44.131,99.767,7.636,67.32,19.55,140.81,,70.49,,,176.099,,,,41.705,236.19,78.524,,549.028,129.786,69.172,,,111.783,43.721,,,,56.35,,,,,41.912,,,,,,,,,117.535,10.342,21.26,,77.54,,24.668,630.073,81.93,23.552,,344.956,,23.606,,,,81.117,2206.366,,172.39,,,188.768
2007-11-02,791.584,610.762,800.138,50.564,,241.771,,209.894,41.702,99.268,8.666,63.77,19.58,132.11,,70.74,157.871,,168.231,,,,40.911,220.762,76.706,,528.98,128.866,73.735,,,103.398,41.193,,,,54.004,,,,,47.74,,,,,,,,,120.554,10.794,21.611,,77.08,,25.601,591.484,78.45,22.307,,309.64,,23.453,,,,78.356,2429.33,,185.23,,,181.374
2007-11-09,738.52,506.114,769.922,45.561,,226.621,,190.822,36.727,93.395,8.366,59.82,18.8,119.23,,62.25,128.022,,167.257,,,,38.94,230.284,74.346,,535.935,127.945,74.788,,,97.867,43.321,,,,51.796,,,,,42.832,,,,,,,,,121.854,11.02,21.997,,69.51,,22.473,584.891,68.9,19.831,,269.14,,26.141,,,,77.103,2178.495,,169.05,,,180.231
2007-11-16,774.333,518.189,750.911,46.823,,228.22,,180.806,40.747,92.965,8.256,53.99,18.3,122.44,,65.49,135.042,,173.666,,,,42.102,218.326,72.366,,544.8,119.657,76.753,,,102.169,44.04,,,,49.266,,,,,41.529,,,,,,,,,117.726,11.153,22.629,,68.04,,22.543,553.698,73.01,20.355,,271.138,,24.62,,,,77.66,2135.141,,160.03,,,172.695
2007-11-23,749.006,503.894,735.803,47.008,,219.131,,182.248,40.275,88.045,7.916,53.85,18.04,109.01,,57.69,120.044,,193.378,,,,42.882,223.124,77.818,,569.895,119.855,79.526,,,103.442,45.716,,,,51.474,,,,,40.072,,,,,,,,,116.962,11.007,22.313,,65.03,,21.551,541.639,68.85,21.026,,267.844,,24.417,,,,78.704,1961.724,,145.63,,,180.481
2007-11-30,746.85,488.21,788.933,45.715,,218.71,,173.118,41.278,90.198,8.006,56.76,20.08,109.15,,54.97,113.82,,192.851,,,,42.166,223.198,75.757,,546.164,111.173,79.789,,,106.778,47.499,,,,50.784,,,,,39.765,,,,,,,,,103.585,10.94,22.243,,64.35,,20.968,503.693,66.79,19.477,,239.386,,25.532,,,,77.752,1964.821,,136.79,,,177.267
2007-12-07,829.512,539.979,771.055,49.025,,227.631,,183.652,42.362,94.915,8.376,58.4,20.0,120.37,,60.62,121.542,,198.286,,,,44.022,226.741,79.202,,557.62,119.46,79.947,,,113.1,48.99,,,,52.992,,,,,42.87,,,,,,,,,112.528,11.445,22.91,,66.3,,22.147,547.106,71.58,22.161,,266.71,,25.735,,,,82.765,2086.832,,143.19,,,180.982
2007-12-14,926.592,585.225,912.693,56.615,,243.202,,199.767,44.732,88.702,8.006,51.01,21.15,108.9,,58.96,115.265,,213.577,,,,47.862,241.652,86.39,,569.895,123.472,80.544,,,113.012,50.161,,,,59.892,,,,,43.484,,,,,,,,,113.369,12.204,24.173,,64.12,,22.905,561.738,65.95,21.563,,263.848,,27.256,,,,84.853,1865.726,,122.05,,,196.947
2007-12-21,905.577,602.99,893.178,56.584,,249.514,,212.592,45.333,87.16,8.026,49.35,21.55,108.62,,58.74,114.212,,225.745,,,,48.156,254.127,91.816,,625.539,145.966,79.175,,,115.953,51.411,,,,61.916,,,,,45.516,,,,,,,,,121.93,12.523,24.84,,63.53,,23.746,580.55,69.93,22.466,,284.908,,27.205,,,,88.659,1763.534,,121.07,,,209.056
2007-12-28,985.787,632.691,933.466,58.278,,249.598,,225.935,48.021,91.06,8.146,52.12,21.93,106.52,49.45,58.08,121.083,,233.329,,,,50.178,260.254,95.966,,683.774,149.189,87.002,,,116.919,51.331,,,,63.664,,,,,48.506,,,,,,,,,129.345,13.041,25.788,,65.61,,24.131,617.049,74.83,23.039,,310.126,,28.726,,,,89.332,1796.978,,129.67,,,230.093
2008-01-04,923.378,627.556,888.142,58.293,,276.026,,219.688,51.323,88.249,8.036,50.96,22.09,104.64,48.99,56.81,120.044,,226.799,,,,50.23,281.071,104.674,,692.639,160.436,92.899,,,119.86,52.476,,,,67.16,,,,,52.494,,,,,,,,,138.709,13.8,28.14,,65.76,,25.053,631.359,76.6,23.808,,311.26,,30.551,,,,88.752,1821.752,,136.75,,,236.308
2008-01-11,926.676,635.05,868.627,59.664,,279.224,,238.279,49.448,98.565,8.316,61.26,22.52,110.11,49.15,58.95,128.454,,229.639,,,,48.886,275.239,100.116,,747.192,157.213,89.863,,,123.109,54.631,,,,71.852,,,,,56.443,,,,,,,,,132.135,14.571,27.578,,70.12,,23.804,674.29,79.45,25.357,,315.202,,33.644,,,,92.627,1934.473,,152.03,,,252.631
2008-01-18,922.236,607.986,852.26,55.322,,255.49,,207.27,47.137,91.219,7.876,52.94,20.38,98.63,44.92,52.99,116.331,,230.044,,,,48.758,283.285,96.237,,832.841,162.87,90.284,,,115.602,51.172,,,,69.138,,,,,53.989,,,,,,,,,133.74,14.81,29.824,,63.81,,23.034,625.893,75.5,23.417,,291.55,,34.709,,,,90.91,1735.044,,139.03,,,272.99
2008-01-25,938.811,585.502,841.055,53.459,,244.212,,214.884,46.347,87.092,7.076,49.22,18.15,81.01,39.81,45.74,103.196,,246.349,,,,47.977,294.949,88.805,,804.609,160.699,,,,103.749,45.291,,,,73.738,,,,,49.81,,,,,,,,,135.613,13.919,28.912,,60.53,,22.345,653.387,70.47,21.356,,308.344,,32.225,,,,88.38,1683.019,,135.69,,,286.742
2008-02-01,869.553,501.951,801.271,45.006,,200.783,,211.114,43.754,76.39,6.746,41.2,17.8,74.41,37.27,40.43,94.137,,213.293,,,,46.978,264.093,79.229,,760.831,129.392,,,,86.805,39.995,,,,74.566,,,,,44.097,,,,,,,,,130.683,12.403,23.752,,56.73,,20.443,571.385,66.99,20.88,,287.77,,27.053,,,,76.383,1683.019,,139.87,,,255.846
2008-02-08,898.601,546.502,836.649,49.502,,209.872,,215.068,46.595,82.943,7.106,46.72,18.55,77.86,38.39,42.7,99.956,,230.125,,,,50.87,282.547,82.945,,818.793,141.823,,,,95.979,42.257,,,,72.22,,,,,48.583,,,,,,,,,137.027,13.467,25.648,,59.61,,21.972,602.739,74.2,22.954,,315.418,,29.639,,,,80.676,1757.959,,149.11,,,270.49
2008-02-15,863.506,519.577,826.451,46.808,,212.397,,212.112,44.39,77.207,6.786,43.26,17.65,76.38,36.93,41.42,92.787,,230.734,,,,50.255,281.366,82.647,,807.883,142.678,,,,93.784,42.443,,,,79.12,,,,,47.586,,,,,,,,,133.434,14.012,25.542,,56.71,,21.913,586.982,76.29,22.734,,323.41,,32.225,,,,76.523,1649.574,,142.69,,,270.955
2008-02-22,861.477,514.164,889.401,46.053,,205.496,,197.512,43.105,70.019,6.466,41.16,17.35,69.84,34.24,38.01,84.741,,233.086,,,,48.719,299.525,82.837,,812.11,152.083,,,,94.136,41.778,,,,100.234,,,,,44.212,,,,,,,,,134.084,14.465,26.279,,55.27,,20.804,624.445,70.28,23.259,,295.384,,33.441,,,,77.219,1496.595,,127.03,,,259.596
2008-02-29,837.799,503.894,913.952,46.238,,204.654,,184.576,42.445,73.692,6.546,44.51,18.24,71.62,35.21,39.19,85.43,,212.076,,,,47.503,287.714,84.003,,745.828,136.495,,,,84.302,40.102,,,,116.932,,,,,43.791,,,,,,,,,129.765,15.369,27.508,,50.4,,21.715,650.172,68.61,22.649,,300.028,,36.128,,,,76.151,1450.764,,127.21,,,246.059
2008-03-07,914.626,502.506,941.02,48.501,,209.788,,183.393,43.73,76.39,6.376,41.36,17.58,68.08,35.43,37.53,83.324,,217.633,,,,53.929,299.673,85.685,,745.147,132.154,,,,82.678,39.197,,,,107.962,,,,,45.593,,,,,,,,,118.758,15.063,27.754,,49.55,,21.295,641.007,65.14,20.794,,276.43,,38.765,,,,73.622,1453.861,,126.55,,,234.772
2008-03-14,880.25,459.481,862.962,44.036,,182.266,,164.987,36.597,67.684,5.756,33.39,16.1,63.47,35.02,35.14,78.855,,192.648,,,,49.577,258.113,74.862,,631.267,116.698,,,,70.079,32.597,,,,95.634,,,,,40.493,,,,,,,,,116.618,14.77,26.35,,52.49,,19.369,550.483,55.95,18.489,,249.916,,34.658,,,,55.267,1308.314,,97.97,,,222.271
2008-03-21,832.218,393.833,817.386,39.525,,187.316,,140.963,34.817,70.042,5.716,35.38,14.9,56.48,32.82,31.68,80.381,,196.825,,,,47.977,240.397,71.037,,607.536,103.215,,,,68.982,31.187,,,,96.324,,,,,38.078,,,,,,,,,104.005,13.534,24.735,,48.14,,18.785,551.93,50.0,19.989,,234.58,,32.782,,,,57.982,1523.227,,115.33,,,227.593
2008-03-28,802.197,339.983,812.602,33.752,,183.613,,147.985,33.107,75.393,6.066,36.57,15.0,53.56,27.57,29.5,74.873,,180.885,,,,42.652,209.468,65.503,,638.495,98.216,81.351,,,65.733,28.632,,,,87.492,,,,,39.918,,,,,,,,,104.884,12.642,23.717,,42.55,,18.318,533.921,55.2,18.196,,220.702,,32.275,,,,59.351,1661.961,,121.81,,,216.949
2008-04-04,765.961,316.527,719.436,29.287,,171.83,,132.795,30.372,76.028,6.376,38.21,14.82,59.46,27.15,31.92,70.647,,180.115,,,,38.671,203.562,59.074,,567.167,86.443,59.87,,,60.114,25.093,,,,68.862,,,,,37.158,,,,,,,,,90.972,10.794,20.804,,42.88,,18.225,501.924,58.41,16.049,,192.892,,25.938,,,,57.959,1546.762,,104.13,,,202.984
2008-04-11,755.983,344.007,772.943,30.58,,181.172,,140.298,31.881,75.529,6.146,37.8,14.98,59.17,27.15,30.11,77.235,,191.715,,,,40.54,216.849,62.058,,585.579,93.349,63.064,,,66.436,27.035,,,,73.186,,,,,41.529,,,,,,,,,91.392,11.326,21.611,,43.9,,17.606,492.438,56.01,16.524,,204.61,,27.56,,,,57.889,1588.259,,108.17,,,219.45
2008-04-18,732.347,326.936,732.655,25.176,,158.784,,136.602,27.613,67.752,5.766,34.9,12.3,55.67,23.58,27.17,71.984,,168.352,,,,36.278,197.952,56.497,,520.797,69.802,52.885,,,56.295,22.778,,,,67.62,,,,,37.311,,,,,,,,,76.869,9.504,20.558,,41.66,,14.654,404.325,53.52,13.816,,155.578,,21.983,,,,47.748,1268.057,,78.29,,,193.233
2008-04-25,765.158,395.499,754.31,28.009,,171.746,,147.985,32.565,79.134,6.506,40.22,14.47,67.44,28.28,34.35,96.662,,188.989,,,,39.58,215.373,64.662,,653.77,81.97,60.221,,,68.28,25.998,,,,74.198,,,,,37.733,,,,,,,,,97.125,10.78,21.26,13.92,47.98,,16.183,438.091,61.9,17.5,,201.802,,23.2,,,,54.988,1486.067,,92.21,,,213.52
2008-05-02,787.61,396.331,774.832,32.058,,180.162,,149.205,34.935,80.585,6.676,41.03,14.91,69.42,29.27,36.83,108.272,,191.277,,,,40.105,217.44,65.503,,670.954,89.731,59.87,,,70.606,28.313,,,,81.65,,,,,40.417,,,,,,,,,103.623,11.552,21.19,10.51,48.38,,17.711,437.609,62.04,18.745,,208.39,,25.431,,,,54.385,1520.131,,92.01,,,223.521
2008-05-09,764.82,371.21,771.055,30.934,,191.525,,160.182,35.418,72.082,6.156,35.68,13.87,64.5,26.87,33.57,100.955,,201.887,,,,40.591,210.206,64.798,,673.546,89.666,59.449,,,65.119,28.206,,,,93.38,,,,,38.845,,,,,,,,,104.769,11.166,21.716,10.74,50.05,,18.482,455.778,62.5,18.598,,220.756,,25.329,,,,52.459,1365.913,,82.21,,,243.738
2008-05-16,786.806,380.787,825.192,31.796,,185.296,,156.708,35.913,73.964,6.226,36.99,14.28,61.96,25.03,31.9,102.737,,205.246,,,,40.745,235.968,69.925,,653.088,92.757,58.817,,,65.075,27.621,,,,85.33,,,,,37.465,,,,,,,,32.96,113.675,11.14,21.541,10.35,49.33,,,448.864,66.99,19.086,,245.056,,25.634,,,,56.938,1352.288,,79.37,,,233.987
2008-05-23,740.55,326.52,786.667,27.609,,165.955,,158.149,33.944,68.772,6.006,34.72,13.16,56.71,24.74,30.18,91.397,,201.498,,,,36.239,213.011,63.523,,588.988,84.864,54.851,,,58.051,23.762,,,,87.354,,,,,35.049,,,44.0,,,,,37.4,112.452,11.086,20.488,9.58,51.81,,,377.956,59.07,18.025,,211.036,,27.966,,,,55.244,1215.412,,69.89,,,248.702
2008-05-30,724.229,315.139,770.35,27.732,,165.551,,155.895,31.48,68.455,5.896,35.08,13.17,57.22,24.27,30.35,93.692,,200.768,,,,36.278,207.622,61.271,,568.394,81.378,60.677,,,55.681,24.055,,,,81.65,,,,,33.4,,,46.59,,,,,36.69,109.356,11.046,20.558,8.66,47.29,,,355.606,59.54,17.269,,207.472,,26.749,,,,53.039,1233.993,,69.37,,,250.238
2008-06-06,705.963,315.139,705.486,27.332,,167.369,,149.464,30.985,64.963,5.886,34.68,12.98,55.48,23.78,29.96,92.936,,183.295,,,,35.97,209.32,60.973,,540.027,78.156,57.94,,,55.9,23.762,,,,73.278,,,,,31.599,,,51.25,,,,,38.8,99.266,10.514,20.383,9.18,42.57,,,333.417,55.33,16.598,,185.98,,27.002,,,,53.712,1229.038,,71.01,,,228.843
2008-06-13,645.372,254.21,615.442,23.513,,154.341,,141.296,26.847,54.08,5.096,28.23,11.39,49.97,20.0,25.79,75.548,,181.396,,,,30.556,185.846,50.746,,474.427,62.831,53.938,,,44.443,19.611,,,,63.572,,,,,25.119,,,44.33,,,,,32.99,87.892,8.958,18.066,7.83,39.61,,,308.013,49.57,15.341,,151.69,,22.744,,,,44.5,1032.705,,56.01,,,210.127
2008-06-20,625.314,238.527,618.665,20.711,,163.127,,139.78,25.09,57.095,5.329,26.15,11.38,51.28,19.38,26.1,71.309,,165.237,,,,29.788,185.108,46.406,,425.193,57.306,52.148,,,39.043,17.12,,,,58.466,,,,,22.627,,,37.6,,,,,30.34,85.751,8.865,16.135,7.37,38.27,,,315.248,45.52,14.182,,169.996,,17.015,,,,38.698,943.52,,51.29,,,216.199
2008-06-27,609.881,248.381,638.205,21.65,,161.511,,142.811,25.149,57.05,5.159,25.81,11.23,49.96,19.16,25.2,67.529,,173.658,,,,30.594,201.79,54.978,,451.242,62.831,49.516,,,37.77,17.216,,,,60.858,,,,,22.55,,,36.27,,,,,29.42,90.399,8.307,15.258,7.99,37.96,,,312.354,42.64,13.084,,158.548,,16.71,,,,38.954,912.8,,53.33,,,220.485
2008-07-04,614.193,270.726,639.615,21.573,,177.469,,154.823,28.592,49.477,4.949,25.73,11.41,41.09,19.5,22.37,62.723,,177.6,,,,33.321,209.32,57.501,,443.331,62.699,49.41,,,36.541,17.376,,,,74.106,,,,,24.889,,,38.38,,,,,30.58,85.323,8.706,15.714,7.99,32.14,,,319.75,39.93,12.425,,159.466,,16.71,,,,38.188,895.954,,56.65,,,231.272
2008-07-11,627.851,280.442,679.903,22.559,,175.449,,153.16,29.323,55.735,5.179,28.35,12.4,44.08,20.51,25.57,67.151,,179.693,,,,33.026,222.681,56.389,,498.839,67.895,63.836,,,40.228,19.132,,,,74.474,,,,,25.924,,,39.6,,,,,34.7,88.258,9.424,16.592,8.81,35.48,,,344.512,45.01,12.938,,187.141,,17.876,,,,39.696,958.384,,67.81,,,221.121
2008-07-18,684.72,290.157,689.774,22.851,,176.257,,156.523,29.877,52.742,5.049,25.01,10.4,41.99,19.87,26.46,63.668,,185.728,,,,33.359,241.209,55.71,,484.928,64.87,58.993,,,37.638,18.174,,,,81.88,,,,,23.24,,,36.85,,,,,32.05,86.974,9.078,16.522,8.3,32.62,,,321.197,39.8,12.474,,179.041,,17.319,,,,36.656,872.171,,57.77,,,236.023
2008-07-25,699.688,,712.134,23.667,,183.933,,163.841,31.669,57.889,5.299,27.1,10.73,46.86,20.52,27.13,68.015,,189.768,,,,33.615,245.491,60.094,,495.566,75.13,64.398,,,39.394,19.132,,,,79.534,,,,,24.046,,,38.99,,,,,33.5,88.87,10.062,16.873,7.97,32.37,,,336.312,41.5,12.681,,182.767,,19.448,,,,40.578,923.701,,67.77,,,230.272
2008-08-01,689.287,,700.047,22.066,,172.722,,162.03,30.643,57.345,5.299,26.49,10.49,45.72,19.79,26.79,64.748,,190.839,,,,33.231,252.503,59.183,,436.24,73.091,58.817,,,38.604,18.717,,,,72.726,,,,,24.582,,,40.48,,,,,31.08,85.812,9.663,15.995,7.59,31.17,,,324.735,38.58,11.864,,173.614,,18.84,,,,43.757,874.153,,64.69,,,228.522
2008-08-08,661.719,293.488,679.5,19.957,,157.371,,164.248,28.603,54.873,5.149,25.08,9.66,44.07,18.33,25.57,58.997,,191.131,,,,29.007,,53.161,,410.668,65.33,53.026,,,34.258,16.673,,,,60.72,,,,,20.863,,,37.0,,,,,29.97,76.701,8.466,15.012,6.11,28.0,,,307.37,32.41,10.803,,151.663,,18.89,,,,41.158,763.166,,54.13,,,215.521
2008-08-15,658.59,266.563,675.874,18.971,,158.38,,158.741,26.682,51.699,4.859,23.47,8.63,42.75,17.41,24.61,50.357,,195.122,,,,27.983,244.826,49.743,,396.961,64.475,51.797,,,32.019,15.428,,,,54.004,,,,,17.451,,,38.0,,,,,24.82,77.924,7.775,13.222,5.43,28.44,,,312.354,31.15,10.742,,130.522,,21.578,,,,43.711,724.519,,55.85,,,176.017
2008-08-22,631.064,265.314,629.543,19.587,,162.117,,148.909,27.094,53.876,4.979,22.87,8.2,43.78,17.99,25.31,52.004,,180.277,,,,27.356,230.137,47.822,,385.096,65.79,51.411,,,30.966,14.533,,,,53.544,,,,,16.263,,,36.7,,,,,24.0,76.028,7.575,12.52,5.23,27.69,,,269.745,28.9,10.437,,134.167,,23.403,,,,44.593,697.763,,55.17,,,168.766
2008-08-29,608.739,262.815,595.298,18.217,,157.573,,154.269,26.198,54.171,5.079,22.67,8.41,46.85,19.14,26.91,55.541,,167.963,,,,25.615,222.681,48.473,,383.05,66.251,50.744,,,30.746,14.949,,,,48.438,,,,,15.074,,,35.3,,,,,21.51,77.19,7.495,12.415,5.1,28.22,,,267.012,32.07,10.144,,126.634,,21.071,,,,41.994,718.573,,58.25,,,155.015
2008-09-05,571.784,218.125,565.888,17.771,,146.463,,127.066,22.178,47.187,4.659,19.52,7.89,42.7,17.02,24.36,51.356,,169.52,,,,22.812,211.534,46.715,,336.407,60.068,44.461,,,29.034,14.054,,,,40.986,,,,,13.617,,,31.0,,,,,20.0,65.693,7.189,12.029,4.42,24.72,,,238.23,28.42,10.034,,116.59,,16.051,,,,39.789,647.224,,53.57,,,145.264
2008-09-12,579.184,213.545,559.039,16.708,,146.968,,130.984,22.001,42.312,4.369,17.4,7.25,41.2,16.59,22.47,52.463,,155.649,,,,22.364,208.065,44.665,,326.179,60.792,42.18,,,30.439,13.959,,,,36.386,,,,,12.352,,,30.02,,,,,18.26,64.898,7.615,11.362,3.94,23.67,,,241.285,24.55,10.156,,108.49,,13.212,,,,39.302,574.885,,45.21,,,136.513
2008-09-19,578.761,237.0,571.327,17.986,,112.629,,127.916,22.59,39.047,3.929,16.39,7.74,34.65,15.12,21.43,49.52,,177.892,,,,25.756,232.203,50.654,,349.705,61.252,46.076,,,29.429,12.809,,,,39.744,,,,,12.735,,,32.77,,,,,19.67,67.895,7.11,10.414,4.57,22.81,,,222.151,24.62,10.254,,120.154,,13.82,,,,41.181,580.831,,52.69,,,156.715
2008-09-26,574.49,233.253,538.895,17.493,,96.469,,112.504,21.977,41.791,4.499,17.01,7.65,34.19,16.84,25.82,68.096,,173.317,,,,23.721,230.727,47.985,,395.325,62.699,41.794,,,32.371,14.214,,,,39.928,,,,,12.582,,,30.99,,,,,16.02,70.891,7.083,11.116,4.6,27.57,,,216.363,28.24,11.059,,134.005,,12.857,,,,42.875,664.071,,59.57,,,152.814
2008-10-10,487.854,193.004,433.139,15.446,,75.462,,110.692,21.258,33.22,4.149,14.03,6.91,28.88,13.68,20.38,56.972,,169.715,,,,23.657,225.707,46.846,,329.247,53.36,36.634,,,27.41,13.128,,,,33.212,,,,,10.358,,,29.74,,,,,13.93,63.736,7.349,9.431,4.08,20.4,,,164.107,23.27,9.241,,120.964,,10.322,,,,37.469,602.632,,54.05,,,113.011
2008-10-17,430.731,179.125,373.714,14.999,,76.673,,105.481,20.834,33.991,4.149,14.47,7.0,27.34,12.68,20.24,51.788,,165.237,,,,22.262,209.837,47.139,,316.155,50.203,33.896,,,27.322,,,,,29.67,,,,,9.323,,,29.13,,,,,15.2,63.308,6.125,9.045,3.62,18.33,,,141.757,20.16,8.924,,120.64,,12.857,,,,33.245,685.872,,58.65,,,102.56
2008-10-24,432.38,184.121,397.887,17.755,,76.976,,113.243,21.706,29.366,3.849,13.38,6.8,23.73,12.64,19.73,53.462,,153.264,,,,23.964,215.299,48.603,,328.224,54.543,38.389,,,26.269,,,,,29.394,,,,,9.706,,,31.88,,,,,16.7,64.348,6.179,9.361,3.41,19.24,,,153.012,18.72,8.533,,114.565,,11.488,,,,33.965,664.071,,57.41,,,96.009
2008-10-31,406.672,171.075,403.93,18.155,,72.331,,113.797,21.447,28.346,3.769,12.95,6.32,23.84,11.92,18.95,49.412,,155.746,,,,23.414,216.111,40.27,,318.609,55.004,38.108,,,24.118,,,,,24.84,,,,,7.866,,,30.69,,,,,18.12,52.362,5.633,8.168,3.18,18.0,,,145.616,18.97,7.765,,93.1,,12.452,,,,27.212,599.659,,56.73,,,88.308
2008-11-07,379.527,170.104,355.786,18.263,,72.735,,109.177,21.329,30.228,3.919,14.4,6.46,26.27,12.28,19.74,48.98,,153.507,,,,22.39,215.373,36.689,,324.747,54.807,38.635,,,24.513,,,,,24.748,,,,,7.521,,,33.3,,,,,18.39,45.452,5.567,8.449,3.19,17.77,,,145.937,20.86,7.777,,99.094,,12.705,,,,26.609,581.822,,51.53,,,95.909
2008-11-14,433.691,198.972,407.556,20.634,,84.955,,111.838,23.569,34.15,4.249,16.55,7.29,27.71,13.66,22.01,58.079,,162.901,,,,25.231,229.177,42.223,,378.959,61.976,42.601,,,27.893,,,,,30.866,,,,,11.087,,,35.7,,,,,19.6,56.765,6.298,9.993,3.96,20.53,,,178.578,26.47,8.985,,139.999,,15.646,,,,30.762,702.718,,64.25,,,100.659
2008-11-21,441.893,206.05,400.506,20.557,,85.864,,121.744,23.109,31.792,4.199,15.86,7.36,25.58,13.18,21.25,54.893,,163.534,,,,24.668,222.386,40.628,,386.119,61.976,43.724,,,27.366,,,,,30.314,,,,,10.742,,,35.3,,,,,20.36,58.049,6.325,10.133,4.35,18.1,,,186.939,27.4,8.436,,141.376,,14.48,,,,31.621,702.718,,72.05,,,121.261
2008-11-28,447.263,216.321,412.995,18.741,,80.713,,120.635,22.756,28.323,3.979,14.06,6.96,23.61,11.42,19.36,54.056,,170.105,,,,23.81,235.968,39.391,,384.073,61.713,42.425,,,27.761,,,,,28.382,,,,,9.361,,,29.48,,,,,18.25,57.071,6.352,9.677,4.15,17.49,,,165.071,28.58,8.338,,134.491,,15.899,,,,28.071,692.808,,68.25,,,110.01
2008-12-05,504.978,222.566,458.521,20.465,,93.742,,127.805,25.231,31.452,4.149,15.96,7.56,27.38,12.39,20.65,60.86,,168.839,,,,26.588,235.673,44.534,,423.965,69.211,46.392,,,30.615,,,,,35.696,,,,,10.895,,,32.89,,,,,20.86,66.794,7.123,11.572,4.49,19.15,,,197.229,29.16,8.887,,144.697,,16.862,,,,29.463,765.148,,74.85,,,132.362
2008-12-12,486.163,207.854,425.686,19.88,,90.712,,127.325,25.019,31.679,3.969,16.42,7.38,27.06,11.64,19.87,57.674,,180.034,,,,26.524,241.947,41.865,,406.576,64.738,43.619,,,29.034,,,,,34.408,,,,,12.505,,,32.2,,,,,20.42,67.039,7.003,11.257,4.66,19.63,,,188.547,27.82,8.472,,131.899,,17.217,,,,28.79,741.365,,68.81,,,138.413
2008-12-19,514.196,222.15,449.053,21.82,,92.732,,139.485,26.234,32.994,3.969,17.08,7.59,31.46,12.67,21.76,59.753,,194.392,,,,27.778,264.019,46.097,,431.534,68.224,47.41,,,30.088,,,,,36.202,,,,,12.007,,,34.5,,,,,25.3,67.467,7.309,14.486,5.15,19.87,,,203.821,30.29,8.668,,137.974,,17.522,,,,30.507,781.994,,72.77,,,140.513
2008-12-26,482.188,199.388,377.743,19.849,,84.248,,131.686,25.585,29.865,3.799,15.49,7.13,27.93,11.43,19.75,52.274,,186.166,,,,27.356,252.799,43.428,,391.642,62.502,45.83,,,26.313,,,,,30.774,,,,,11.777,,,37.2,,,,,23.5,63.675,7.283,12.59,4.63,18.76,,,172.789,27.19,8.192,,117.481,,14.733,,,,28.511,664.071,,59.33,,,131.762
2009-01-02,476.438,186.62,381.772,18.571,,83.541,,138.302,25.703,29.411,3.689,15.18,7.0,27.71,11.42,19.21,49.763,,189.817,,,,26.486,258.999,41.637,,412.509,61.91,44.005,,,25.961,,,,,31.142,,,,,10.55,,,38.1,,,,,23.5,63.981,6.79,12.696,4.89,17.72,,,172.468,27.94,7.85,,115.861,,13.466,,,,28.651,656.143,,57.77,,,139.513
2009-01-09,470.476,199.527,392.851,19.818,,87.076,,133.349,24.665,30.069,3.729,15.96,7.11,29.53,12.94,19.91,52.706,,186.653,,,,27.42,245.269,45.413,,387.346,62.107,44.707,,,28.025,,,,,35.328,,,,,10.933,,,41.18,,,,,26.65,69.301,7.136,13.082,5.0,19.64,,,188.547,32.19,8.228,,141.052,,15.696,,,,31.435,699.745,,65.37,,,139.063
2009-01-16,446.037,205.356,393.858,21.127,,92.631,,127.325,24.406,31.724,3.709,18.51,7.52,30.63,14.1,20.42,56.783,,182.954,,,,27.548,249.329,47.464,,397.371,62.831,45.128,,,28.771,,,,,35.88,,,,,11.355,,,39.2,,,,,26.43,82.694,7.429,13.292,5.02,19.37,,,203.5,30.58,8.521,,151.987,,18.079,,,,32.387,702.718,,67.09,,,142.513
2009-01-23,453.183,197.584,391.441,20.388,,95.56,,128.027,23.876,32.472,3.809,19.26,7.62,29.98,14.0,20.26,60.023,,181.25,,,,29.353,244.605,48.148,,379.368,59.411,44.04,,,30.0,,,,,37.49,,,,,10.895,,,38.75,,,,,25.58,80.553,7.828,13.538,5.12,19.89,,,231.316,30.8,8.875,,160.978,,20.259,,,,31.83,714.609,,66.21,,,148.614
2009-02-06,487.051,220.068,439.585,21.881,,105.66,,132.906,25.373,35.828,4.069,20.65,8.18,35.09,15.68,22.79,65.963,,182.808,,,,32.092,250.067,50.231,,419.26,66.58,47.866,,,35.444,,,,,40.71,,,,,13.502,,,40.78,,,,,26.58,90.705,8.267,14.275,6.41,22.1,,,237.426,33.5,9.302,,170.779,,24.265,,,,34.707,791.904,,72.33,,,152.514
2009-02-13,534.449,253.655,488.737,24.514,,111.215,,147.616,28.391,35.42,4.119,20.09,9.46,36.21,16.14,23.95,69.878,,194.392,,,,35.51,287.714,55.537,,506.409,77.037,53.201,,,41.984,,,,,45.862,,,,,17.106,,,42.8,,,,,27.0,91.194,9.118,15.433,8.06,22.14,,,241.125,34.94,9.314,,187.06,,,,,,37.097,864.243,,77.73,,,170.466
2009-02-20,545.696,232.143,471.614,24.545,,116.972,,138.782,27.696,34.49,3.979,19.57,8.93,34.16,15.16,22.55,66.422,,203.202,,,,34.14,291.405,58.141,,499.453,72.433,54.219,,,39.877,20.281,,,,43.746,,,,,16.224,,,44.2,,,,,27.41,88.809,8.746,14.907,8.24,20.93,,,239.195,39.01,9.583,,194.431,,,,,,34.545,783.976,,75.69,,,167.016
2009-02-27,517.579,209.52,400.506,25.623,,117.678,,128.766,24.418,34.195,3.879,19.05,9.09,33.07,13.88,21.04,58.943,,191.52,,,,30.914,271.327,48.506,,460.379,64.278,46.602,,,34.653,21.974,,,,38.594,,,,,12.889,,,38.0,,,,,24.94,77.19,8.373,13.854,8.29,19.02,,,210.253,33.54,8.594,,168.268,,,,,,31.644,725.51,,69.89,,,148.764
2009-03-06,516.691,216.043,420.851,27.87,,122.223,,132.462,25.609,37.619,3.949,20.32,9.61,35.1,14.45,21.26,63.182,,195.657,,,,32.412,282.473,52.347,,487.179,66.054,48.884,,,44.926,23.986,,,,39.928,,,,,13.885,,,41.73,,,,,26.9,82.816,8.892,16.241,9.0,19.32,,,227.136,36.74,8.899,,186.169,,,,,,33.245,817.669,,81.73,,,161.865
2009-03-13,498.086,200.082,390.434,26.531,,118.991,,123.259,25.75,34.105,3.829,20.36,8.97,37.41,14.71,21.5,58.754,,196.679,,,,33.167,266.233,50.198,,447.696,62.436,47.69,,,41.326,21.271,,,,37.214,,,,,13.579,,,41.86,,,,,29.5,87.769,8.719,14.626,8.24,19.01,,,210.896,36.0,8.729,,179.527,,21.223,,,,32.247,781.003,,80.57,,,170.516
2009-03-20,515.253,213.684,413.801,26.377,,128.889,,128.507,26.505,35.465,3.929,21.56,9.82,37.46,15.21,21.87,63.722,,194.587,,,,34.294,275.682,53.291,,501.499,65.725,50.393,,,44.311,23.443,,,,40.112,,,,,15.074,,,45.57,,,,,28.76,92.784,9.291,15.609,10.02,20.92,,,235.015,37.05,9.156,,191.758,,22.693,,,,34.475,822.623,,86.53,,,180.017
2009-03-27,498.763,219.235,427.7,27.486,,124.445,,130.614,26.34,37.959,4.099,23.54,10.12,39.99,16.0,23.03,66.557,,191.18,,,,33.41,266.972,53.291,,546.3,67.237,49.831,,,44.618,26.317,,,,49.082,,,,,16.416,,,41.24,,,,,27.78,91.561,9.53,15.644,11.29,20.87,,,232.603,38.03,9.448,,194.35,,22.794,,,,36.169,842.442,,89.29,,,170.866
2009-04-03,509.714,224.787,441.197,29.564,,122.324,,129.136,27.542,40.09,4.219,24.73,10.28,41.31,17.39,24.07,70.661,,195.463,,,,32.975,272.803,53.779,,577.396,67.829,50.955,,,46.945,24.944,,,,48.208,,,,,15.687,,,42.4,,,,,32.77,104.28,10.581,16.486,10.45,22.09,,,283.09,37.14,9.363,,200.182,,23.251,,,,36.192,876.135,,92.57,,,176.017
2009-04-10,521.807,219.513,449.254,29.964,,121.314,,133.94,28.969,38.435,4.219,23.74,9.93,43.5,18.47,24.96,70.202,,194.587,,,,33.142,270.736,53.714,,600.103,67.632,50.042,,,44.838,26.03,,,,51.152,,,,,16.147,,,43.98,,,,,32.99,109.845,12.656,17.153,10.88,22.99,,,303.671,37.52,9.192,,197.752,,22.744,,,,35.078,848.388,,91.17,,,180.617
2009-04-17,529.122,228.951,474.434,31.704,,137.474,,142.072,31.964,38.004,4.259,23.5,9.98,42.7,18.67,25.0,74.306,,198.091,,,,33.193,275.977,55.895,,597.444,69.474,52.499,,,50.281,25.806,,,,49.45,,,,,18.256,,,41.78,,,,,33.6,110.395,12.722,19.716,10.35,23.99,,,306.726,39.68,9.424,,203.341,,24.721,,,,35.45,852.352,,98.53,,,191.768
2009-04-24,533.181,240.886,484.104,34.029,,152.523,,144.659,31.315,36.463,4.169,22.81,9.64,40.66,18.29,24.07,67.718,,197.848,,,,32.578,267.045,52.933,,630.585,72.762,52.955,,,51.379,26.125,,,,46.322,,,,,17.604,,,40.8,,,,,33.25,105.778,11.419,19.681,9.72,24.16,,,310.585,40.55,9.241,,193.459,,22.997,,,,35.032,817.669,,91.37,,,190.268
2009-05-01,508.784,231.449,458.722,30.888,,153.533,,138.006,30.584,36.984,4.239,24.87,9.73,40.82,17.85,24.2,66.719,,201.157,,,,31.772,273.098,55.537,,638.768,69.671,55.202,,,56.251,25.614,,,,44.528,,,,,16.876,,,40.32,,,,,33.33,105.87,12.017,19.4,8.78,24.91,,,310.585,46.38,9.241,,213.952,,25.836,,,,34.336,857.307,,101.682,,,194.519
2009-05-08,513.689,240.193,465.571,31.827,,162.016,,135.789,32.388,41.043,4.509,28.24,10.6,42.26,18.97,24.81,70.283,,192.63,,,,33.039,268.227,58.89,,647.565,68.882,54.008,,,62.704,30.149,,,,48.07,,,,,17.911,,,40.53,,,,,32.56,114.768,12.23,19.926,8.83,27.03,,,319.268,46.86,9.68,,221.566,,27.763,,,,35.427,992.076,,113.694,,,196.019
2009-05-15,507.346,241.164,464.967,32.351,,154.745,,138.745,31.291,40.771,4.439,28.29,10.27,41.13,17.96,24.46,71.714,,199.931,,,,32.271,266.75,56.904,,668.431,80.392,52.429,,,68.28,29.862,,,,46.276,,,,,18.601,,,42.725,,,,,34.0,111.466,11.977,20.383,8.89,27.37,,,301.742,47.04,9.863,,218.731,,27.357,,,,36.424,1048.561,,117.75,,,185.968
2009-05-22,500.623,233.808,455.298,32.997,,144.544,,135.678,30.018,39.592,4.409,27.79,10.2,40.56,17.27,23.64,68.204,,188.892,,,,31.926,258.187,54.691,,634.677,81.115,51.271,,,65.514,29.414,,,,45.034,,,,,17.374,,,41.925,,,,,33.625,113.025,11.938,19.47,8.93,26.27,,17.801,292.577,45.97,9.644,,215.248,,27.763,,,,34.87,973.248,,111.77,,,180.417
2009-05-29,502.103,233.114,456.103,33.336,,148.079,,136.306,30.749,40.068,4.489,29.02,10.48,40.73,17.45,23.54,69.905,,192.046,,,,32.578,255.235,54.007,,636.722,86.311,51.516,,,66.524,29.734,,,,44.942,,,,,17.643,,,42.615,,,,,33.025,119.905,12.27,19.47,8.66,25.5,,17.101,295.793,43.54,9.644,,207.877,,27.256,,,,34.661,982.167,,111.874,,,181.117
2009-06-05,549.84,250.047,512.708,34.244,,153.634,,142.441,32.588,45.373,4.784,32.02,11.2,46.22,18.73,24.76,73.874,,201.274,,,,34.921,264.462,55.016,,601.229,87.035,52.92,,,64.285,29.446,,,,46.368,,,,,17.566,,,41.565,,,,,32.215,114.493,12.217,19.681,10.36,27.41,,17.941,274.247,43.96,10.302,,208.849,,29.183,,,,34.638,1076.308,,128.358,,,176.032
2009-06-12,569.078,248.242,529.428,35.584,,159.289,,147.098,32.211,46.416,5.004,31.24,11.1,,20.57,26.18,76.142,,203.202,,,,36.303,266.75,55.081,,583.431,89.205,52.675,,,62.792,27.786,,,,43.102,,,,,20.633,,,41.815,,,,,32.47,118.896,11.645,20.418,9.52,26.42,,17.556,273.925,41.85,10.241,,204.151,,34.506,,,,35.751,1108.018,,123.262,,,183.832
2009-06-19,595.758,279.193,572.737,36.954,,156.058,,150.129,33.756,52.243,5.504,34.86,12.31,46.3,20.3,27.72,82.352,,211.962,,,,34.908,276.716,57.946,,615.037,93.415,52.85,,,64.724,28.514,,,,43.884,,,,,19.713,,,42.425,,,,,32.365,117.153,12.15,20.453,9.51,28.3,,17.848,279.232,43.32,10.522,,224.158,,31.261,,,,39.882,1249.725,,137.042,,,190.008
2009-06-26,596.097,264.62,573.341,38.694,,154.543,,146.027,33.437,51.472,5.864,37.0,13.41,48.04,22.09,28.24,78.032,,208.108,,,,34.767,266.233,56.09,,663.521,92.428,55.272,,,70.194,28.322,,,,45.862,,,,,20.442,,,43.105,,,,,32.695,113.025,12.004,20.453,10.14,28.28,,18.233,277.784,44.21,11.193,,243.274,,30.957,,,,38.165,1270.535,,139.174,,,189.293
2009-07-03,638.7,277.805,622.896,45.053,,152.826,,144.289,35.123,56.862,5.794,40.55,13.46,56.64,25.49,30.26,82.487,,209.101,,,,34.178,268.3,57.49,,633.449,89.6,53.061,,,72.784,28.674,,,,47.84,,,,,20.02,,,43.025,,,,,32.605,109.631,11.805,20.277,10.83,34.09,,17.953,274.086,43.49,11.315,,237.118,,31.312,,,,38.698,1437.015,,159.35,,,192.283
2009-07-10,665.127,288.491,654.723,50.334,,163.026,,150.388,36.703,56.154,5.554,38.16,13.11,56.93,27.03,29.9,90.803,,218.738,,,,35.983,281.145,58.467,,713.847,95.256,55.518,,,85.075,33.017,,,,47.334,,,,,21.285,,,48.825,,,,,36.055,116.144,12.097,20.839,11.29,33.69,,18.233,305.601,47.9,12.267,,262.066,,32.275,,,,39.511,1436.024,,158.362,,,212.045
2009-07-17,647.114,333.876,642.435,49.117,,172.318,,150.203,35.76,56.42,5.554,39.84,13.35,61.02,29.41,30.77,89.831,,213.715,,,,36.303,278.044,58.271,,710.471,95.059,56.992,,,84.065,36.88,,,,48.346,,,,,21.285,,,51.075,,,,,53.635,126.142,12.416,21.681,11.0,34.97,,18.338,296.114,48.55,12.633,,271.138,,32.377,,,,42.133,1416.205,,152.59,,,211.785
2009-07-24,643.267,331.933,642.033,51.334,,167.47,,163.435,35.901,59.544,5.534,40.02,13.41,63.11,28.92,34.8,96.284,,210.794,,,,36.431,282.547,60.029,,751.284,98.939,56.606,,,84.899,35.539,,,,47.794,,,,,20.672,,,52.615,,,,,51.85,119.629,12.204,20.944,11.38,40.71,,19.727,302.867,49.29,12.413,,275.188,,32.985,,,,42.991,1431.069,,155.034,,,229.207
2009-07-31,656.036,328.602,671.846,52.874,,164.642,,158.002,35.064,59.957,5.744,44.0,15.09,62.16,28.37,33.6,105.275,,207.465,,,,40.463,277.232,59.248,,708.323,94.796,57.132,,,87.665,37.934,,,,46.506,,,,,21.477,,,47.225,,,,,59.215,124.491,13.879,21.155,11.3,39.21,,20.1,302.546,50.72,14.158,,273.487,,34.709,,,,42.875,1345.847,6.85,142.762,,,226.997
2009-08-07,714.639,330.406,679.5,53.12,,166.864,,157.965,36.29,55.064,5.404,40.2,13.71,57.86,25.2,30.75,96.986,,223.293,,,,41.346,294.727,59.996,,692.98,105.517,61.625,,,78.359,34.39,,,,47.104,,,,,20.403,,,46.005,,,,,61.9,116.969,12.682,21.822,10.62,37.63,,19.78,334.221,50.16,13.096,,277.375,,32.782,,,,41.692,1285.399,6.37,138.082,,,222.966
2009-08-14,688.847,300.566,610.406,47.131,,167.571,,149.464,34.51,52.942,5.144,37.94,12.96,53.74,24.36,29.16,90.506,,206.823,,,,40.553,277.38,56.611,,642.348,100.452,58.817,,,79.193,32.218,,,,42.504,,,,,17.413,,,42.915,,,,,56.215,111.282,11.1,18.522,9.91,34.67,,17.796,296.275,45.75,12.23,,264.658,,28.676,,,,37.747,1287.381,5.78,140.734,,,227.322
2009-08-21,683.477,306.951,594.09,49.056,,170.702,,153.529,35.206,49.935,5.174,38.33,12.72,52.61,22.81,28.54,80.3,,225.922,,,,41.423,310.893,55.342,,675.796,102.425,58.115,,,73.969,31.867,,,,38.41,,,,,16.454,,,42.425,,,,,52.225,106.145,10.647,17.61,9.1,33.91,,17.843,287.432,46.76,11.547,,259.231,,26.495,,,,36.076,1145.674,5.4,130.282,,,231.872
2009-08-28,695.147,315.278,611.011,48.809,,172.116,,159.073,36.22,44.924,4.944,32.0,11.94,47.49,20.21,27.37,74.09,,234.449,,,,40.553,315.839,57.067,,645.11,104.398,59.449,,,81.036,33.112,,,,39.468,,,,,17.298,,,42.605,,,,,48.64,120.547,10.621,17.855,9.07,31.54,,17.493,282.769,45.43,10.827,,256.477,,29.335,,,,36.239,1035.678,5.06,120.506,,,236.163
2009-09-04,678.657,326.659,611.414,47.1,,182.115,,154.564,36.432,46.958,5.114,33.94,12.19,50.46,21.59,28.29,74.144,,248.642,,,,41.18,333.112,56.676,,652.474,105.582,61.801,,,87.577,35.252,,,,41.584,,,,,18.256,,,42.225,,,,,49.12,118.345,10.381,17.504,9.2,31.88,,17.54,271.996,45.57,10.986,,247.81,,32.072,,,,35.194,1128.828,5.3,124.926,,,236.813
2009-09-11,726.859,312.363,652.306,52.058,,194.538,,156.154,37.446,48.697,5.384,37.3,13.32,53.92,22.96,29.69,76.709,,250.277,,,,41.948,332.153,58.467,,658.612,110.844,62.854,,,88.894,35.635,,,,41.17,,,,,18.18,,,43.805,,,,,52.15,119.538,10.78,18.031,9.68,34.32,,17.551,302.546,49.47,11.486,,274.945,,32.427,,,,35.705,1167.475,5.31,135.118,,,242.143
2009-09-18,709.988,313.612,630.55,50.487,,188.68,,161.291,37.658,47.076,5.314,34.95,12.9,52.22,21.86,28.73,75.548,,248.759,,,,44.38,349.869,58.564,,684.081,109.923,63.661,,,88.85,36.146,,,,41.86,,,,,19.291,,,46.015,,,,,54.07,134.581,13.041,21.892,9.82,34.17,,17.668,305.922,48.85,11.047,,270.976,,35.419,,,,35.728,1147.656,5.17,128.046,,,251.439
2009-09-25,717.218,301.954,648.076,51.427,,196.861,,167.205,37.139,45.691,5.214,34.45,13.02,52.8,22.72,29.38,71.282,,251.912,,,,44.418,372.605,58.727,,711.085,111.896,62.222,,,87.577,34.805,,,,38.87,,,,,17.451,,,44.055,,,,,51.37,123.574,11.406,19.119,8.86,31.69,,17.493,308.817,45.2,10.485,,272.596,,31.565,,,,35.078,1076.308,4.87,121.858,,,242.013
2009-10-02,718.783,292.378,620.478,48.686,,201.405,,167.796,37.116,45.632,5.084,34.82,13.78,51.97,22.87,28.47,70.121,,247.123,,,,45.327,358.063,57.067,,689.912,106.306,63.24,,,89.245,33.911,,,,36.34,,,,,17.298,,,44.615,,,,,47.65,129.995,10.794,17.75,8.68,31.0,,17.586,296.918,45.34,10.29,,272.596,,29.385,,,,33.733,1054.507,4.64,126.226,,,253.194
2009-10-09,733.582,303.203,642.435,50.518,,211.303,,172.12,37.658,47.783,5.254,37.05,14.27,54.58,24.2,29.62,73.253,,254.658,,,,46.057,368.988,59.052,,729.803,115.58,65.732,,,92.143,35.443,,,,37.904,,,,,18.026,,,46.975,,,,,52.39,133.847,11.645,18.979,9.53,33.53,,18.006,310.264,47.66,10.632,,286.852,,31.312,,,,34.87,1108.018,4.82,131.478,,,258.46
2009-10-16,698.149,299.317,606.579,50.364,,208.98,,167.094,35.795,49.169,5.264,38.1,13.9,57.31,24.98,29.69,75.71,,243.444,,,,45.98,357.103,60.452,,777.06,117.947,67.03,,,94.908,37.391,,,,39.652,,,,,17.834,,,47.965,,,,,53.05,136.783,11.791,19.505,9.61,35.47,,17.796,326.021,45.59,10.827,,295.357,,37.7,,,15.41,35.427,1166.484,5.14,139.538,,,253.324
2009-10-23,695.316,330.406,616.853,54.567,,221.807,,162.363,37.069,54.268,5.514,40.32,14.37,59.77,26.31,31.16,80.327,,248.934,,,,50.37,397.629,61.299,,790.869,124.788,70.505,,,95.698,39.244,,,,40.526,,,,,18.908,,,48.485,,,,,52.57,136.966,12.39,21.471,10.01,37.52,,18.018,324.413,46.46,11.217,,292.036,,37.396,,,17.13,36.216,1257.652,5.22,144.686,,,253.584
2009-10-30,688.128,313.474,599.932,53.674,,236.654,,174.227,40.311,54.445,5.374,38.31,13.61,57.23,25.07,30.67,75.575,,254.482,,,51.9,52.572,377.772,64.521,,849.479,129.523,71.734,,,104.478,43.139,,,,39.192,,,43.28,,17.719,,,46.395,,,,,50.2,134.398,11.605,19.575,9.29,35.14,,17.236,338.563,45.24,10.754,,295.519,,38.765,,,15.74,35.496,1162.521,4.77,134.91,,,247.799
2009-11-06,702.631,327.075,625.917,57.493,87.91,255.035,,183.282,42.846,57.569,5.554,41.51,14.38,61.28,26.89,31.95,79.544,,267.624,,,50.05,51.586,391.871,69.502,,858.685,137.219,72.506,,,111.151,46.237,,,,42.274,,,38.9,,19.023,,,47.175,,,,,52.885,152.376,12.443,20.698,9.78,36.86,,17.703,355.767,48.2,11.266,,298.273,,39.272,,,17.21,38.652,1220.987,4.88,138.498,,,258.85
2009-11-13,734.469,360.662,685.342,62.266,94.29,284.526,,198.991,45.168,56.184,5.644,41.26,14.4,61.8,26.47,31.73,81.218,,272.121,,,50.28,55.478,391.059,70.055,,880.472,150.176,76.262,,,112.687,50.165,,,,43.792,,,41.05,,19.675,,,48.385,,,,,52.735,154.945,12.789,21.576,9.84,36.14,,17.901,362.681,46.09,11.681,,311.881,,42.517,,,19.04,38.838,1192.249,4.81,136.574,,,260.475
2009-11-20,735.696,382.591,733.486,63.898,105.11,284.021,,193.077,44.154,56.302,5.794,41.2,15.0,60.87,26.91,32.79,85.943,,282.459,,,52.6,55.452,384.785,74.547,,860.219,149.255,78.894,,,112.38,49.239,,,,50.922,,,43.19,,21.093,,,59.025,,,,,53.41,158.522,13.334,22.769,10.12,37.92,,18.31,368.791,49.3,12.047,,309.937,,44.849,,,20.59,39.696,1236.842,4.98,140.422,,,266.326
2009-11-27,720.263,360.94,748.393,61.788,109.99,269.074,,188.605,43.282,51.91,5.494,38.26,13.93,56.64,24.44,30.3,76.331,,280.648,,,56.9,52.444,382.497,67.646,,809.587,144.19,72.015,,,106.146,44.002,,,,46.966,,,42.35,,19.215,,,59.425,,,,,50.17,165.952,12.23,21.716,10.19,34.91,,17.399,361.073,44.69,11.925,,288.148,,37.599,,,18.51,37.167,1138.738,4.79,127.422,,,249.034
2009-12-04,744.321,404.242,779.616,65.607,112.89,278.77,,195.775,44.367,55.241,5.724,41.0,16.39,61.19,27.72,33.97,87.887,,295.192,,,54.23,54.39,400.287,70.283,,849.172,161.949,76.543,,,114.619,48.696,,,,52.348,,,43.45,,19.981,,,64.825,,,,,51.46,176.776,13.467,22.769,10.93,37.27,,17.901,405.612,48.96,13.572,,295.6,,41.959,,,20.79,38.698,1208.104,5.0,133.402,,,262.425
2009-12-11,761.276,418.399,815.674,68.008,111.39,276.346,,201.578,44.154,54.003,5.544,40.56,16.21,58.3,26.45,32.72,83.594,,290.227,,,52.3,52.79,403.461,69.339,,868.198,163.001,73.91,,,114.136,48.313,,,,52.118,,,43.61,,19.981,,,69.225,,,,,58.435,175.033,13.534,23.05,10.48,35.68,,17.364,398.215,50.25,13.596,,296.734,,42.06,,,19.88,38.327,1190.267,4.89,129.242,,,264.635
2009-12-18,720.474,387.171,751.213,64.806,103.49,253.52,,186.979,41.914,52.706,5.444,40.36,16.64,55.82,24.28,30.26,79.625,,278.721,,,49.0,49.679,394.75,70.022,,824.93,157.937,72.541,,,113.082,44.417,,,,47.84,,,39.88,,18.755,,,63.425,,,,,51.25,161.182,12.337,21.295,9.82,33.95,,17.026,367.665,47.85,12.864,,286.528,,38.359,,,18.42,38.327,1071.353,4.68,114.474,,,279.197
2009-12-25,742.376,444.075,815.472,70.887,113.5,273.013,,206.789,44.72,50.407,5.454,38.32,16.62,53.17,24.21,30.62,80.435,,304.829,,,47.1,53.058,437.048,69.143,,870.653,165.895,78.298,,,120.633,44.832,,,,47.564,,,38.23,,19.368,,,72.125,,,,,52.72,177.693,13.613,23.506,9.66,33.43,,17.049,392.749,51.3,13.291,,297.058,,39.829,,,18.6,41.761,1059.461,4.6,115.41,,,292.718
2010-01-01,739.755,441.577,814.667,68.578,113.99,270.185,,209.34,46.772,55.27,5.754,41.34,17.89,56.36,26.22,32.48,88.373,,309.501,,,48.8,53.353,453.066,70.673,,909.01,166.816,74.612,,,117.253,46.269,,,,48.806,,,39.55,,20.135,,,72.605,,,,,54.535,194.755,13.919,23.085,9.83,35.46,,17.575,405.772,52.17,14.194,,301.999,,39.982,,,20.94,43.038,1093.154,4.72,117.178,,,296.683
2010-01-08,706.69,417.705,769.947,62.204,107.21,272.306,,212.37,44.555,51.91,5.544,39.01,16.8,53.38,25.23,30.71,89.696,,290.811,,,47.23,53.148,427.452,69.111,,824.624,147.808,70.751,,,103.161,44.8,,,,49.91,,,36.8,,21.055,,,72.925,,,,,55.75,202.368,15.928,23.366,9.62,34.56,,17.143,382.458,48.61,13.487,,298.678,,39.323,,,20.51,44.244,1047.57,4.55,112.446,,,287.063
2010-01-15,739.966,440.189,809.429,65.499,113.81,309.271,,229.224,46.489,50.142,5.394,35.62,15.79,52.35,25.02,30.32,88.94,,294.432,,,51.06,54.313,441.994,76.63,,816.031,150.965,75.56,,,103.907,45.758,,,,53.084,,,38.65,,21.477,,,73.925,,,,,59.77,219.888,20.317,25.402,9.59,33.37,,17.189,426.675,46.3,12.999,,292.36,,40.996,,,19.87,46.983,1026.76,4.55,109.794,,,312.48
2010-01-22,715.696,413.125,772.969,60.695,105.72,310.079,,226.341,44.708,51.203,5.394,36.19,16.57,51.24,24.47,29.88,81.461,,282.284,,,44.8,53.007,427.525,77.249,,757.421,138.074,69.382,,,97.542,43.299,,,,51.428,,,34.59,,19.79,,,70.895,,,,,57.25,199.708,18.322,23.296,9.03,30.76,,16.687,399.823,44.31,12.01,,273.406,,39.373,,,18.7,47.447,968.294,4.41,104.646,,,291.418
2010-01-29,734.343,407.296,733.083,63.99,108.03,307.958,,220.058,43.624,46.781,5.164,33.19,15.4,47.74,22.7,27.84,78.95,,281.933,,,44.11,52.418,435.719,81.09,,755.58,136.561,67.627,,,90.914,40.361,,,,53.084,,,30.37,,18.716,,,70.125,,,,,55.6,200.625,19.332,22.348,8.49,30.09,,16.898,377.152,42.86,11.657,,253.642,,35.774,,,18.76,45.66,947.484,4.26,99.81,,,287.323
2010-02-05,745.801,402.716,711.731,62.112,103.0,294.121,,209.376,42.409,47.695,5.134,34.55,15.35,49.34,23.96,27.6,73.55,,275.976,,,41.0,50.332,429.445,80.602,,750.977,135.311,64.749,,,91.001,37.807,,,,54.924,,,27.01,,17.604,,,67.775,,,,,51.1,191.269,20.476,22.278,8.48,28.94,,16.909,365.736,41.14,11.364,,245.947,,35.419,32.24,,19.01,44.871,933.61,4.19,99.862,,,282.577
2010-02-12,753.581,411.876,729.659,62.142,109.6,303.009,,220.021,44.06,48.579,5.224,35.11,15.65,51.35,25.46,28.88,76.358,,286.139,,,45.76,50.37,428.485,81.35,,766.013,140.244,66.855,,,95.655,39.531,,,,52.624,,,29.75,,18.563,,,72.425,,,,,51.07,201.818,19.479,22.383,8.79,30.07,,16.851,380.689,42.92,12.193,,261.904,,35.723,31.29,,18.66,45.962,950.456,4.28,101.942,,,281.277
2010-02-26,727.155,391.335,693.601,64.806,112.28,319.977,,218.949,44.025,48.933,5.184,35.72,15.69,46.29,24.35,27.77,76.358,,289.993,,,49.1,53.276,447.899,84.345,,818.18,149.452,70.927,,,99.123,42.309,,,,57.822,,,31.91,,18.908,,,77.725,,,,,54.31,210.073,22.351,24.103,8.71,29.48,,17.143,405.451,43.17,12.218,,268.708,,38.663,31.76,,18.69,47.029,956.402,4.35,104.23,,,304.939
2010-03-05,716.88,394.805,678.896,63.898,108.92,306.443,,201.578,42.857,49.581,5.154,35.92,15.76,46.76,25.07,27.81,75.818,,279.714,,,53.5,51.241,431.659,80.862,,846.411,141.954,68.996,,,98.947,41.83,,,,56.902,,,31.86,,19.061,,,77.925,,,,,51.55,215.118,20.503,23.822,8.59,29.15,,16.921,403.361,43.76,12.376,,258.502,,39.018,31.2,,18.53,45.335,949.465,4.28,100.122,,,297.854
2010-03-12,706.352,379.954,669.026,58.524,106.01,296.141,,203.869,42.516,,5.174,36.29,15.85,47.92,25.32,28.6,77.411,,271.771,,,56.3,49.628,430.7,77.379,,819.1,139.455,68.645,,,92.143,41.064,,,,53.728,,,33.23,,18.064,,,77.615,,,,,52.15,206.221,19.997,22.804,8.52,29.41,,16.851,396.929,44.02,12.596,,256.801,,38.359,32.56,,18.0,44.407,948.475,4.24,101.838,,,284.397
2010-03-19,692.991,391.196,672.651,60.572,106.4,297.959,,199.656,41.95,50.366,5.174,36.72,16.2,49.73,25.82,29.13,78.815,58.35,279.597,,,59.99,48.77,413.057,79.267,,846.718,137.547,68.926,,,92.011,41.351,,,,54.878,,,34.95,,18.831,,,78.375,,55.62,,,55.15,212.825,20.795,24.138,8.52,29.17,,16.909,383.101,44.28,12.511,,258.664,,39.576,32.56,,18.13,46.402,975.23,4.28,109.222,,,285.177
2010-03-26,696.796,396.331,672.249,62.989,108.1,309.17,,,41.761,51.065,5.214,35.93,16.04,49.51,26.07,28.39,76.601,68.5,271.467,,,71.37,51.778,413.943,76.044,,867.584,142.612,74.647,,,89.158,40.553,,,,53.59,,,37.9,,18.601,,,83.395,,63.97,,,58.525,217.595,20.277,24.946,8.34,28.8,,16.629,399.984,46.42,11.925,,270.571,,40.945,33.14,,18.4,45.683,943.52,4.23,105.738,,,286.477
2010-04-02,667.072,394.943,681.918,62.866,112.6,337.853,,,42.728,52.894,5.324,37.82,16.59,52.78,28.02,29.75,80.381,88.49,290.671,,,66.88,50.255,416.896,78.16,,894.895,147.084,75.525,,,95.347,42.054,,,,54.234,,,38.35,,19.56,,,86.685,,65.84,,,61.6,221.998,21.075,25.648,8.63,30.18,,16.664,407.38,47.49,12.23,,292.198,,42.06,36.16,,18.95,46.194,990.095,4.4,112.186,,,267.236
2010-04-09,652.315,391.474,662.781,67.639,123.57,352.801,,,43.789,52.062,5.284,37.3,16.25,51.97,27.32,29.43,78.788,96.96,294.876,,,75.9,53.11,446.644,79.527,,848.252,141.823,77.525,,,92.274,42.086,,,,53.406,,,43.48,,19.981,,,91.285,,67.0,,,68.5,241.995,21.806,26.174,8.6,29.83,,16.933,397.251,47.06,11.925,,284.908,,44.038,36.19,,19.35,46.959,952.438,4.28,102.618,,,279.977
2010-04-16,647.41,404.659,689.572,75.029,136.0,354.114,,,44.567,50.898,5.214,35.32,16.07,52.36,28.32,29.53,80.732,78.18,320.809,,,73.6,52.726,455.429,80.634,,832.909,142.612,80.579,,,91.001,42.501,,,,55.062,,,37.25,,19.253,,,83.535,,60.11,,,69.28,236.95,20.902,25.016,8.85,29.88,,17.096,411.561,44.17,11.73,,271.786,,44.595,33.38,,18.8,46.402,917.755,4.22,97.678,,,283.942
2010-04-23,629.863,404.659,712.537,73.582,145.42,363.506,,,47.432,45.844,4.864,31.04,14.0,53.04,27.57,27.92,,75.0,332.023,,,78.31,56.847,509.168,83.531,,780.129,127.287,89.459,,,82.353,39.978,,,,52.072,,,40.25,,18.333,,,86.225,,63.0,,,70.93,257.864,20.356,25.051,8.48,28.16,,17.61,367.505,41.6,10.595,,248.377,,43.277,34.02,,19.15,44.175,807.759,4.06,88.37,,,261.775
2010-04-30,567.286,367.047,649.687,70.98,134.7,337.651,,,44.496,46.176,4.854,31.4,13.82,50.67,25.93,27.36,,69.12,303.287,,,70.67,55.644,492.928,83.336,,695.128,122.617,85.739,,,85.295,37.87,,,,44.206,,,32.2,,16.608,,,79.825,,59.29,,,63.685,227.135,16.553,22.278,8.2,27.16,,17.913,346.924,39.46,10.815,,229.99,,37.903,30.0,,19.38,39.835,794.877,3.94,84.704,,,247.149
2010-05-07,571.429,358.303,610.406,70.225,140.8,329.975,,,44.862,43.15,4.704,28.4,12.19,47.6,24.22,25.59,62.102,64.2,316.183,,,70.15,58.498,491.083,91.474,,634.677,110.713,85.142,,,78.841,35.603,,,,46.69,,,33.91,,15.802,,,79.825,,60.28,,,62.875,210.257,16.18,21.962,8.36,24.28,,16.582,311.229,35.11,10.254,,203.908,,40.083,28.1,,20.96,34.243,737.401,3.69,72.942,,,227.647
2010-05-14,592.317,352.89,616.651,68.378,137.7,324.925,,,44.26,44.879,4.844,29.45,12.66,49.57,25.78,26.17,59.861,61.9,315.622,,,63.13,56.642,478.164,94.469,,641.427,119.394,86.02,,,78.973,35.124,,,,42.642,,,32.46,,15.726,,,77.565,,49.6,,,57.475,200.258,16.26,20.663,8.36,25.1,,16.991,327.951,36.04,10.473,,230.719,,37.751,26.86,,18.23,34.289,746.32,3.7,74.902,,,234.407
2010-05-21,589.188,348.449,621.083,66.838,148.7,336.338,,,41.95,44.181,4.774,28.72,12.19,46.45,22.85,24.81,56.027,65.01,307.632,,,66.61,54.735,464.877,89.651,,671.5,125.84,82.334,,,76.427,33.911,,,,37.444,,,37.425,,14.384,,,83.225,,49.81,,,59.455,196.791,14.265,18.698,7.37,24.68,,16.582,310.103,37.18,10.632,,239.548,,34.912,25.22,,17.09,32.108,761.184,3.65,76.66,,,226.152
2010-05-28,579.59,357.748,626.723,67.731,146.8,291.899,,,43.176,44.015,4.814,29.59,12.18,47.23,22.86,25.52,58.322,65.7,330.761,,,77.37,59.023,493.519,97.073,,659.839,126.695,86.722,,,78.359,34.773,,,,43.47,,,46.62,,15.419,,81.93,85.225,,53.2,,,59.26,211.559,15.861,19.996,7.54,24.96,,16.431,321.358,37.89,10.559,,233.068,,36.838,27.17,,18.29,35.241,765.148,3.65,78.552,,,239.868
2010-06-04,605.72,351.225,606.579,65.299,149.8,281.597,,,43.565,42.552,4.704,26.901,11.53,46.82,22.28,25.17,56.432,61.9,332.303,,,86.87,58.191,502.672,93.46,,651.861,130.707,85.398,,,74.847,33.272,,,,41.584,,,44.055,,14.691,,81.05,92.145,,51.0,,,60.25,202.185,15.928,19.119,7.13,24.25,,16.361,310.103,36.52,10.229,,222.862,,39.677,26.58,,18.21,33.222,750.284,3.579,74.97,,,226.347
2010-06-11,608.215,373.57,632.363,70.887,162.3,305.534,,,45.251,41.055,4.654,25.846,11.67,46.58,21.85,24.73,56.756,70.75,346.881,,,98.23,60.38,506.215,92.841,,662.294,136.495,87.68,,,73.53,33.352,,,,42.412,,,49.2,,12.85,,84.18,91.865,,55.39,,,63.475,218.109,15.981,20.102,7.3,23.99,,16.186,324.735,36.4,10.132,,236.632,,38.207,28.29,,19.48,33.408,735.419,3.559,76.795,,,213.605
2010-06-18,580.943,353.306,611.011,68.101,148.05,293.414,,,43.447,41.488,4.654,25.966,11.89,46.2,21.83,24.79,56.648,61.15,307.702,,,86.93,54.658,466.501,81.936,,640.814,135.245,83.162,,,71.532,31.819,,,,39.836,,,41.985,,11.892,,79.59,87.825,,49.15,,,60.55,202.955,15.063,18.979,7.18,23.73,,16.034,307.852,36.5,9.997,,229.423,,36.94,26.16,,18.32,31.992,729.474,3.509,77.065,,,214.385
2010-06-25,573.586,360.94,630.148,71.719,151.41,318.664,,,42.61,43.25,4.754,27.069,12.64,48.78,24.26,26.59,57.363,62.75,285.695,,,83.01,55.785,480.97,77.705,,650.94,137.547,95.072,,,72.731,32.298,,,,37.72,,,43.755,,11.93,,78.6,92.625,,50.85,,,59.425,201.029,15.834,20.383,7.13,24.13,,16.466,294.185,36.92,10.022,,233.433,,38.968,26.98,,19.75,31.25,737.401,3.589,78.552,,,213.616
2010-07-02,561.577,331.239,583.816,68.67,147.8,285.94,,,39.238,42.352,4.544,25.499,11.94,48.08,23.83,26.82,50.883,50.78,265.439,,,75.11,48.847,457.569,73.408,,579.135,125.972,84.896,,,73.473,29.169,,,,33.948,,,38.4,,11.202,,66.66,93.225,,45.39,,,49.825,184.72,13.52,17.153,6.15,22.33,,16.477,246.431,34.56,9.79,,224.077,,32.579,24.58,,19.03,29.347,715.6,3.709,72.266,,,194.504
2010-07-09,580.879,351.225,628.536,75.706,157.6,300.08,,,40.959,44.746,4.674,27.764,12.58,,23.89,26.15,51.936,52.58,276.794,,,82.99,49.014,502.967,76.175,,653.088,140.244,93.11,,,79.465,31.372,,,,34.408,,,41.535,,11.508,,71.53,110.185,,51.55,,,53.29,175.73,13.893,18.136,6.27,23.35,,16.162,256.239,36.16,10.156,,246.433,,34.76,26.77,,21.34,30.345,746.32,3.699,78.417,,,201.915
2010-07-16,592.507,362.328,635.385,73.69,159.1,288.263,,,39.179,44.813,4.634,27.344,12.21,,21.82,23.81,50.316,49.5,271.887,,,75.27,50.934,493.201,73.245,,635.137,140.441,95.209,,,81.69,31.308,,,,36.064,,,43.395,,11.048,,66.04,109.805,,51.28,,,51.535,174.318,13.534,18.206,5.51,22.87,,16.442,259.776,35.9,9.949,,251.658,,34.405,25.45,,20.94,30.136,783.976,3.629,77.336,,,205.036
2010-07-23,621.682,384.812,673.054,74.382,164.6,325.026,,,40.936,46.875,4.804,29.981,13.1,,23.73,24.95,54.488,53.16,291.162,,,84.31,54.415,499.247,79.495,,709.704,144.453,93.566,,,86.028,34.118,,,,36.984,,,44.625,,11.508,,70.32,112.425,,51.71,,,58.81,193.837,14.451,19.33,6.01,24.41,,16.43,281.161,39.22,10.327,,274.135,,38.004,27.51,,21.36,32.247,821.632,3.789,84.907,,,229.12
2010-07-30,613.056,389.808,702.263,78.37,172.05,328.056,,,43.482,47.706,4.794,30.221,13.09,,24.19,25.4,55.865,53.4,296.208,,,86.33,58.268,534.561,80.146,,724.433,149.715,96.76,,,90.251,34.086,,,,38.364,,,44.4,,12.045,,72.03,121.725,,53.92,,,62.125,207.321,15.502,20.207,6.48,24.92,,16.623,289.844,42.66,10.644,,284.22,,39.931,28.3,,22.81,33.431,850.37,3.859,90.112,,,228.73
2010-08-06,653.351,417.566,744.163,84.852,174.15,346.842,,,44.484,46.575,4.744,29.849,13.05,,24.5,25.5,56.675,55.54,300.273,,,85.11,59.945,550.875,84.443,,716.148,146.492,91.65,,,90.536,34.725,,,,40.526,,,47.205,,12.122,,80.0,128.825,,56.01,,,62.08,201.928,15.755,20.769,6.45,25.0,,16.64,294.828,42.16,10.424,,290.781,,42.364,28.85,,24.27,33.872,821.632,3.809,86.8,,,238.384
2010-08-13,662.611,423.257,723.817,86.314,183.57,328.763,,,44.85,45.046,4.614,28.71,12.78,,24.05,24.78,53.435,55.03,316.673,,,83.13,60.354,539.072,87.861,,699.117,158.594,89.961,,,88.539,34.118,,,,39.698,,30.8,48.21,,11.815,,77.9,141.425,,61.39,,,64.03,193.837,15.954,23.506,6.64,23.88,,16.535,283.412,40.78,10.485,,279.603,,44.899,30.14,,24.04,32.688,904.873,3.729,88.152,,,215.567
2010-08-20,656.268,417.844,720.393,83.02,182.8,333.813,,,43.447,46.276,4.644,30.209,13.34,,25.82,25.56,53.718,51.55,293.545,,,78.29,62.684,549.819,85.029,,744.686,154.648,87.999,,,94.417,35.491,,,,39.79,,30.81,51.81,,11.662,,76.48,134.405,,63.0,,,63.55,193.067,15.914,22.559,6.66,26.0,,16.395,292.738,42.62,10.437,,309.127,,43.024,30.82,,23.32,33.176,886.044,3.719,85.718,,,224.83
2010-08-27,665.444,420.481,738.321,89.286,191.5,331.995,,,44.119,44.613,4.584,28.675,13.1,,25.0,23.9,51.612,51.2,305.039,,,76.27,66.23,553.658,85.842,,735.941,155.635,90.965,,,93.161,35.076,,,,39.192,,30.8,49.305,,12.045,,78.3,152.825,,63.88,,,68.2,192.039,15.529,22.91,6.51,24.89,,16.168,279.071,46.64,10.363,,324.315,,42.719,31.38,,25.14,32.479,865.234,3.599,82.811,,,232.631
2010-09-03,714.322,451.153,786.667,93.52,186.86,385.12,,,46.536,44.78,4.584,28.675,13.63,50.44,24.08,23.67,50.357,54.19,311.908,,,76.15,66.204,566.229,87.958,,742.845,152.412,96.988,,,103.719,37.599,,,,44.16,,32.6,50.985,,11.7,,74.41,154.725,,66.2,,,75.7,206.294,16.805,23.717,6.7,24.8,,15.905,292.095,48.5,10.607,,346.428,,51.338,32.95,,25.25,32.503,871.18,3.569,80.783,,,262.664
2010-09-10,743.37,474.609,793.314,93.812,194.7,395.22,,,46.265,43.583,4.554,26.973,13.49,50.78,23.74,23.6,50.316,52.39,336.088,,,77.15,69.033,628.125,99.058,,711.545,145.637,109.993,,,102.749,38.27,,,,45.448,,31.03,47.55,,11.815,,70.8,151.285,,70.5,,,81.655,211.816,19.08,23.331,6.74,24.86,,15.713,300.777,48.64,10.815,,326.988,,55.192,31.43,,25.14,33.988,837.488,3.539,76.389,,,263.054
2010-09-17,710.897,465.171,767.53,99.694,195.8,412.692,,,47.467,42.153,4.444,25.367,12.6,50.48,22.36,22.54,49.02,49.17,340.854,,,72.65,66.23,643.0,105.439,,674.722,154.648,107.483,,,97.441,36.641,,,,44.528,,27.17,42.285,38.69,12.083,,70.3,153.125,,77.26,,,80.815,216.054,18.295,22.208,6.64,23.88,,15.713,304.797,46.94,10.559,,324.801,,51.338,29.2,,25.64,32.271,829.56,3.459,75.646,,,280.118
2010-09-24,728.952,465.726,756.451,100.248,209.78,404.309,,,48.906,42.219,4.454,25.774,12.55,51.96,22.94,22.65,48.17,46.7,353.61,,,67.51,67.433,651.54,101.565,,687.61,155.569,102.783,,,102.064,36.162,,,,43.792,,26.95,39.915,35.02,12.007,,70.94,148.025,,74.51,,,78.07,207.707,17.869,21.681,6.55,23.73,,15.625,298.848,47.12,10.583,,334.156,,50.527,29.24,,23.95,32.619,836.497,3.479,74.091,,,265.686
2010-10-01,740.156,480.716,774.379,108.839,205.79,426.226,,,49.531,42.485,4.524,25.666,12.59,54.61,22.7,23.02,47.036,46.78,345.409,,,69.25,72.783,677.354,112.535,,688.991,160.37,104.928,,,98.925,36.769,,,,45.77,,26.25,42.345,37.68,11.777,,72.79,155.585,,72.2,,,78.85,211.688,18.468,21.822,7.56,24.78,,15.642,297.722,47.92,10.742,,360.643,94.01,58.893,28.45,,25.3,31.737,861.271,3.489,84.772,,,247.257
2010-10-08,760.452,499.73,799.156,117.168,214.9,443.295,,,49.236,44.115,4.594,27.105,12.88,56.88,24.05,23.93,49.668,47.76,353.96,,,70.37,75.906,716.507,111.851,,710.625,162.278,106.89,,,99.724,38.046,,,,46.92,,26.71,43.35,38.13,11.968,,74.0,153.925,,78.51,,,76.285,215.027,18.88,22.243,8.29,26.97,,15.853,307.048,49.3,10.937,,368.055,103.41,57.879,29.17,,25.77,32.549,865.234,3.529,87.205,,,262.859
2010-10-15,703.159,457.538,729.86,99.817,207.79,376.636,,,44.673,50.067,5.154,31.695,14.87,64.42,27.88,27.08,64.532,48.45,313.449,,,72.95,67.625,607.493,99.547,,821.095,162.738,99.042,,,116.559,39.739,,,,43.792,,26.3,43.515,35.05,12.045,,70.49,133.825,,70.44,,,68.65,191.654,18.76,21.716,10.56,29.63,,17.131,330.041,51.26,11.84,,416.29,109.49,57.22,27.75,,22.49,35.798,975.23,3.819,106.201,,,257.398
2010-10-22,737.535,503.894,800.364,107.684,204.21,396.937,,,45.404,49.369,4.964,31.407,14.57,66.71,28.02,28.55,64.856,51.96,330.971,,,78.53,73.999,656.435,109.638,,862.521,183.522,104.974,,,127.345,43.475,,,,43.424,,27.41,45.495,35.9,14.23,,71.36,145.905,,73.36,,,79.915,202.827,21.474,22.313,10.3,30.07,,16.5,353.998,55.24,11.474,,540.487,123.8,67.968,30.65,,24.3,35.194,909.827,3.729,96.128,,,288.211
2010-10-29,716.563,510.833,867.847,106.453,208.8,409.965,,,45.145,47.872,4.844,30.508,14.41,61.64,26.75,26.84,66.759,53.23,334.826,,,83.51,75.561,629.277,124.058,,887.837,186.942,105.749,,,117.016,42.389,,,,43.838,,27.59,46.17,43.7,13.502,,84.2,167.125,,80.2,,,90.7,248.801,25.916,23.366,9.93,29.77,,16.465,351.104,55.86,11.4,,546.866,139.82,71.77,32.63,,24.27,35.45,990.095,3.679,97.616,,,276.51
2010-11-05,720.072,520.548,863.415,113.904,228.6,396.634,,,45.899,50.765,5.304,32.162,15.15,64.21,27.49,28.33,69.797,58.08,353.96,,,82.25,76.802,631.004,120.119,,882.313,181.812,108.168,,,117.986,41.463,,,,48.714,,28.75,44.55,47.45,13.502,,89.63,167.205,,86.49,,,108.04,250.727,35.252,24.138,10.6,30.51,,16.798,351.426,54.68,11.608,,622.646,142.3,83.938,33.56,,25.55,36.935,994.058,3.759,101.063,,,287.724
2010-11-12,777.365,516.385,913.775,114.951,249.4,421.378,,,43.765,45.944,5.164,28.89,13.6,62.46,25.9,25.8,61.413,55.27,382.346,,,77.69,80.591,629.565,121.389,,803.143,177.339,112.731,,,105.374,38.781,,,,45.264,,29.35,41.85,43.18,12.774,,94.61,178.205,,90.0,,,107.065,264.853,32.154,22.173,9.81,28.47,,16.308,366.379,49.98,11.156,,548.907,151.8,71.314,35.56,,32.15,34.011,874.153,3.549,88.557,,,255.058
2010-11-19,767.344,517.773,923.646,124.158,254.9,413.702,,,44.095,44.514,5.484,27.452,13.3,59.43,24.07,24.74,57.444,54.68,428.113,,,83.75,97.551,631.388,123.212,,827.539,173.459,112.046,,,106.686,36.609,,,,44.436,,27.98,42.63,47.57,13.272,,100.68,190.825,,92.05,,,127.93,293.876,34.109,22.629,9.0,26.38,,15.765,334.865,48.1,10.656,,545.845,159.99,66.193,33.16,,32.81,32.712,845.415,3.479,85.042,,,264.614
2010-11-26,902.985,565.516,1003.215,127.391,266.3,437.033,,,45.51,43.516,4.864,27.224,13.05,58.89,24.01,24.33,58.052,57.88,430.636,,,88.65,111.452,640.313,132.847,,828.92,178.129,111.909,,,103.148,37.663,,,,47.288,,29.83,43.23,49.1,12.965,,97.1,176.825,,99.6,,,125.2,292.592,35.745,26.35,8.67,26.33,,15.642,335.025,51.28,10.485,,564.471,159.88,68.931,34.65,,34.77,31.946,844.424,3.489,85.515,,,270.367
2010-12-03,871.485,534.705,927.272,115.583,254.8,413.803,,284.554,43.447,43.317,4.874,27.272,12.83,60.34,24.41,24.34,57.242,52.75,395.873,,,83.71,99.138,608.549,122.723,,854.696,172.143,112.594,,,97.498,36.896,,,,46.644,,28.75,41.1,52.49,13.272,,93.92,179.825,,96.97,,,114.52,264.468,32.872,24.279,8.57,25.22,,15.923,325.378,56.22,10.412,,546.101,153.25,65.078,33.73,,31.99,31.598,870.189,3.459,85.312,,,263.931
2010-12-10,862.733,524.018,865.832,112.873,241.3,409.46,,339.44,44.991,43.15,4.77,27.033,12.72,62.62,24.9,24.83,57.08,53.91,413.114,,,88.55,100.022,609.509,121.617,,827.078,171.88,111.499,,,93.104,34.757,,,,43.056,,28.75,42.735,54.48,13.195,,91.85,172.325,,109.98,,,119.8,287.712,35.173,24.138,8.65,25.2,,15.783,312.836,58.5,10.449,,555.031,157.55,65.686,32.78,,35.34,31.876,831.542,3.509,82.676,,,278.85
2010-12-17,891.062,533.733,874.092,109.486,230.11,401.179,,350.676,45.003,43.084,4.759,27.009,12.78,59.24,24.43,24.13,57.242,58.5,392.438,,,90.87,104.898,604.902,120.64,,861.14,184.706,114.51,,,96.015,36.066,,,,46.184,,29.78,43.5,59.07,13.502,,100.2,180.825,,108.1,,,128.35,272.944,36.383,24.524,8.7,26.06,,15.783,328.111,61.94,10.754,,572.381,149.0,69.134,33.84,,35.1,31.923,861.271,3.539,85.448,,,284.116
2010-12-24,824.679,486.267,823.53,102.912,210.8,382.595,,343.136,43.282,43.416,4.717,27.991,13.25,58.71,23.89,23.74,56.715,53.95,388.724,,,90.85,98.063,582.063,113.511,,869.886,184.048,110.221,,,91.963,33.959,,,,43.746,,27.82,39.75,54.0,13.08,,93.2,167.365,,105.0,,,113.725,266.137,30.93,23.647,8.38,26.2,,15.59,337.919,59.22,10.717,,545.59,139.01,69.083,32.15,,32.82,31.505,921.719,3.559,95.114,,,272.512
2010-12-31,804.383,484.879,867.243,108.762,224.8,389.16,,338.331,43.506,42.02,4.78,26.781,13.0,57.88,23.8,22.79,54.933,53.45,420.894,,,88.83,96.86,588.301,114.553,,870.806,191.283,111.362,,,86.541,32.043,,,,42.734,,27.47,38.67,55.97,12.313,,94.8,168.585,,108.8,,,119.05,262.542,29.4,22.84,8.5,25.88,,15.485,333.096,62.02,10.449,,558.603,139.88,62.391,31.6,,30.97,31.482,843.433,3.449,87.07,,,273.097
2011-01-07,786.625,466.42,823.127,100.987,234.8,373.606,,335.041,43.954,43.483,4.843,29.741,13.8,54.73,23.67,23.28,55.662,52.52,395.943,,,84.35,91.983,570.068,109.084,,851.014,187.797,108.898,,,90.935,33.512,,,,42.688,,28.64,39.855,54.8,12.352,,91.3,153.825,,102.92,,,113.05,258.175,29.294,23.401,8.18,25.88,,15.607,346.924,64.22,10.656,,548.907,151.95,67.917,30.82,,29.37,32.874,909.827,3.569,98.494,,,268.709
2011-01-14,788.612,473.36,873.286,97.862,211.8,356.437,,333.785,41.714,42.818,4.895,29.226,13.83,53.7,24.04,22.92,53.84,48.4,359.147,,,76.73,84.15,564.886,105.959,,824.777,184.837,105.339,,,92.476,32.554,,,,45.172,,26.69,37.185,49.0,11.93,,89.61,142.825,,94.2,,,108.1,228.767,26.262,22.138,7.8,25.49,,15.607,337.276,56.84,10.839,,527.985,141.58,65.889,29.0,,28.39,33.663,925.683,3.559,101.874,,,263.054
2011-01-21,770.431,452.541,858.178,93.135,216.61,349.266,,322.475,38.696,41.687,4.759,29.466,12.9,51.13,22.67,22.5,52.017,46.37,336.508,,,71.15,81.884,545.885,97.854,,782.43,169.973,100.502,,,94.245,31.819,,,,41.584,,28.13,34.44,47.1,11.547,,84.3,143.825,,79.8,,,95.65,219.65,25.038,21.436,7.31,24.37,,15.362,324.735,56.2,10.656,,499.663,136.1,69.438,28.66,,25.56,34.289,859.289,3.659,92.343,,,237.896
2011-01-28,759.649,459.203,859.185,90.641,212.3,357.75,,322.734,39.379,41.288,4.749,29.214,13.13,51.12,23.04,22.6,54.447,46.26,349.615,,,72.95,80.105,556.057,100.621,,825.698,167.737,104.061,,,101.664,33.001,,,,41.124,,28.39,34.41,48.04,11.662,,81.09,134.025,,83.41,,,91.285,231.464,25.583,21.506,7.25,24.49,,15.958,345.155,61.94,10.949,,559.113,137.18,70.858,29.96,,27.38,34.452,847.397,3.769,89.639,,,256.228
2011-02-04,788.992,463.089,862.207,90.903,202.7,359.265,,340.142,41.278,41.654,4.801,29.454,13.11,51.67,23.16,22.62,54.042,46.57,349.755,,,74.55,83.279,552.602,102.737,,820.634,171.42,104.745,,,99.496,32.202,,,,41.768,,28.85,34.92,48.36,11.585,,80.41,139.725,,86.0,,,96.4,232.106,25.836,21.646,7.49,24.98,,15.87,340.974,62.28,11.022,,564.216,143.08,70.959,29.89,,27.47,35.705,839.47,3.739,88.422,,,260.713
2011-02-11,808.654,477.523,898.869,97.23,212.8,379.161,,337.259,40.676,41.687,4.832,29.43,12.99,51.69,23.52,22.86,54.852,47.4,356.343,,,76.95,86.223,574.866,104.527,,882.774,188.652,114.556,,,108.056,33.512,,,,43.194,,30.62,35.955,49.4,11.815,,83.0,143.485,,88.8,,,99.025,239.94,28.39,22.383,7.54,25.1,,15.835,371.203,65.06,11.181,,595.089,141.98,78.361,30.4,,28.98,35.102,847.397,3.719,89.504,,,278.558
2011-02-18,796.18,482.659,923.646,100.818,225.9,364.617,,335.559,40.735,43.017,4.874,30.149,13.39,52.9,23.53,23.16,59.469,48.26,364.543,,,75.41,84.623,572.371,103.127,,888.297,192.138,124.549,,,,33.991,,,,44.068,,31.66,38.01,50.66,11.968,,82.0,149.825,,98.81,,,102.505,236.858,32.207,22.559,7.88,25.9,,15.888,370.56,69.7,11.4,,599.682,146.0,81.606,30.96,,27.48,36.007,856.316,3.689,88.963,,,285.383
2011-02-25,786.202,461.84,911.559,95.614,229.28,385.322,,331.235,40.429,41.82,4.811,29.058,13.07,50.94,23.25,22.79,61.859,48.58,375.827,,,74.41,87.913,573.426,115.171,,962.865,196.61,117.065,,,,32.809,,,,45.08,,31.14,37.785,50.8,11.892,,88.5,145.225,,94.29,,,102.55,248.801,33.098,23.296,8.48,26.96,,15.835,411.078,71.22,11.01,,599.172,137.0,76.891,30.7,,28.59,35.96,834.515,3.649,84.569,,,306.348
2011-03-04,770.6,451.153,909.948,92.842,227.91,382.898,,329.645,41.018,46.708,4.895,30.724,14.15,53.85,24.27,23.51,64.289,46.63,349.404,,,73.85,83.548,558.456,111.949,,1030.527,201.675,117.613,,,,34.597,,,,45.264,,30.3,37.8,48.21,12.083,,84.9,158.425,,91.35,,,99.49,230.052,32.313,23.506,8.45,26.96,,15.94,427.318,74.62,11.278,,679.799,134.29,77.094,30.09,,30.17,37.585,855.325,3.649,89.706,,,310.346
2011-03-11,787.978,458.37,969.977,95.275,227.7,374.717,,327.354,43.011,44.846,4.843,30.173,13.58,52.58,23.59,22.95,62.142,47.45,343.026,,,74.95,87.644,558.552,119.208,,1048.019,201.083,114.008,,,,33.48,,,,46.138,,30.9,37.86,48.61,13.004,,86.51,157.325,,91.51,,,115.33,224.658,35.239,23.682,8.37,28.15,,15.8,409.471,74.06,11.278,,661.173,141.18,81.657,29.53,,29.18,37.26,854.334,3.639,88.422,,,315.904
2011-03-18,834.953,462.257,980.049,99.971,221.38,380.373,,304.845,43.07,44.015,4.801,30.017,13.48,50.75,22.68,22.42,60.887,46.33,334.826,,,72.23,90.908,554.234,132.847,,1022.702,197.531,113.278,,,,32.394,,,,46.552,,29.91,36.54,48.63,13.08,,89.51,149.245,,87.42,,,109.57,211.559,32.712,24.208,7.95,29.55,,16.15,440.503,73.96,11.193,,716.031,139.7,79.882,29.25,,27.71,35.589,841.452,3.549,86.8,,,315.026
2011-03-25,802.311,453.513,939.962,99.386,219.53,366.839,,,41.325,46.974,5.01,32.162,13.97,52.23,23.16,22.69,60.806,43.2,338.19,,,72.41,87.9,547.612,124.514,,1139.156,202.201,109.947,,,,32.841,,,,46.322,,31.03,36.375,46.65,12.965,,87.28,142.845,,95.04,,,106.555,218.109,33.058,24.419,8.34,30.36,,16.395,456.099,83.2,11.205,,717.817,140.3,83.077,29.02,,28.22,36.03,892.981,3.689,94.506,,,311.613
2011-04-01,785.525,445.741,926.466,97.292,207.86,346.135,,,39.438,47.074,5.052,34.271,14.23,52.95,23.73,22.82,61.859,42.29,325.925,,,70.47,81.039,541.375,124.286,,1086.683,190.954,107.255,,,,31.851,,,,45.126,,28.88,34.725,43.46,12.544,,81.55,142.185,,85.81,,,103.27,206.808,30.917,24.489,8.01,30.79,,16.185,434.875,83.46,11.376,,727.257,131.0,79.426,28.74,,26.6,37.353,902.891,3.759,96.602,,,299.327
2011-04-08,769.458,434.36,896.451,98.323,202.76,362.194,,,41.042,49.036,5.104,35.074,14.32,54.62,24.52,23.19,63.884,42.74,326.976,,,72.25,82.178,539.072,126.597,,1131.792,199.702,108.989,,,116.331,32.905,,,,45.218,,28.72,35.985,44.5,12.659,,79.8,149.825,,86.87,,,96.588,198.974,32.021,24.84,8.41,31.09,,16.43,449.025,87.4,11.486,,743.842,134.6,78.412,30.55,,27.01,37.26,935.592,3.939,98.494,,,295.134
2011-04-15,755.589,440.467,922.639,102.142,209.8,366.94,,,40.936,49.901,5.261,35.302,14.46,55.9,25.79,23.68,64.005,41.48,334.686,,,73.15,81.59,561.239,124.058,,1074.255,192.204,111.909,,,108.284,33.767,,,,44.344,,27.79,34.875,48.0,12.735,,80.39,153.585,,85.36,,,99.085,198.332,31.848,24.7,8.26,31.59,,16.693,447.738,82.96,11.583,,723.94,132.51,76.283,28.75,,27.86,37.167,910.818,4.139,96.872,,,288.699
2011-04-22,771.53,447.684,950.437,106.622,218.8,350.175,,249.257,41.16,48.138,5.094,33.241,13.97,53.89,24.98,23.11,61.535,42.2,343.447,,,70.85,87.209,563.542,129.234,,1084.382,194.177,114.875,,,105.887,34.374,,,,41.906,,27.36,34.575,55.6,12.774,,77.22,162.825,,84.67,,,101.65,204.111,31.395,25.577,8.48,30.92,,16.553,455.778,82.66,11.583,,747.669,134.48,78.919,28.08,,30.03,36.935,876.135,4.089,93.898,,,287.626
2011-04-29,797.576,461.84,960.912,107.238,235.79,346.337,,231.7,42.409,47.507,5.115,32.953,13.52,53.95,25.15,21.78,57.525,37.53,327.958,,,68.95,82.601,561.815,122.138,,1048.019,191.941,106.251,,,106.743,33.575,,,,38.778,,22.7,33.6,52.44,12.198,,72.1,168.825,,79.77,,,98.275,195.378,28.775,23.612,8.01,30.82,,16.64,415.902,78.22,11.071,,710.162,139.88,74.001,25.98,,27.35,35.659,869.198,4.019,90.044,,,275.827
2011-05-06,812.375,469.751,1001.805,109.07,235.73,380.171,,238.501,44.319,46.11,5.135,31.148,12.94,51.8,23.37,21.24,55.055,38.7,349.825,,,70.85,90.69,574.866,126.955,,1040.194,190.099,107.894,,,100.352,32.905,,,,38.87,,23.14,33.6,53.85,12.429,,74.1,168.425,,81.03,,,102.708,202.57,31.036,23.857,7.47,28.76,,16.71,404.486,76.98,11.059,,679.544,132.24,72.886,25.73,,27.35,36.888,851.361,3.899,89.301,,,268.417
2011-05-13,820.197,466.975,992.941,112.55,230.8,384.009,,243.934,43.883,46.176,5.135,30.393,12.95,51.78,23.69,21.38,56.999,37.92,344.568,,,72.33,89.59,584.558,125.979,,1101.873,185.758,108.806,,,97.327,32.266,,,,39.054,,23.02,33.885,52.62,12.429,,77.16,169.625,,78.0,,,95.755,197.048,31.981,24.314,7.53,29.25,,16.588,393.633,76.0,10.839,,676.1,141.96,73.596,26.65,,26.17,36.146,852.352,4.009,92.14,,,264.321
2011-05-20,875.882,485.851,1022.351,112.565,240.56,356.538,,240.497,44.508,46.875,5.094,30.825,13.0,51.7,23.23,21.27,56.108,37.08,349.51,,,70.27,90.486,589.356,128.55,,1119.824,185.692,111.818,,,97.213,31.915,,,,39.652,,22.93,33.525,51.49,12.467,,73.86,157.025,,72.38,,,91.593,194.094,32.154,24.735,7.47,29.68,,16.098,388.407,71.14,10.705,,665.001,144.88,73.089,26.43,,26.42,35.148,845.415,3.939,91.241,,,270.172
2011-05-27,845.904,455.039,935.732,106.422,224.0,344.721,,245.006,42.657,45.279,4.937,28.667,12.34,49.69,22.78,20.46,54.609,34.09,323.752,,,65.25,82.78,556.633,108.401,,1025.464,172.801,107.848,,,93.846,30.254,,,,36.938,,18.886,31.98,45.375,11.777,,67.56,157.425,,65.25,,,84.1,182.023,,25.297,7.26,28.54,,15.082,369.386,72.94,10.339,,609.505,142.18,61.833,23.87,,23.59,33.593,821.632,3.719,89.044,,,256.423
2011-06-03,921.463,487.516,980.25,111.595,224.0,366.132,,242.826,43.671,43.915,4.958,27.632,11.92,49.4,22.43,20.23,54.771,34.68,334.896,,,64.57,84.175,573.234,113.772,,1048.479,174.774,103.103,,,102.292,30.51,,,,35.236,,19.653,32.865,47.1,11.892,,75.36,164.845,,65.7,,,83.02,182.023,28.855,22.594,7.41,29.75,,15.222,391.334,77.08,10.473,,667.297,141.18,59.349,23.91,,23.9,33.384,810.732,3.751,83.42,,,263.151
2011-06-10,883.197,489.321,953.66,107.53,221.8,368.051,,249.478,44.402,42.884,4.968,27.049,11.77,49.15,22.06,20.11,54.528,33.71,323.332,,,62.05,84.367,567.189,111.493,,1017.179,173.853,106.799,,,100.18,29.648,,,,35.282,,18.639,31.29,49.5,11.853,,72.4,163.585,,65.13,,,85.675,186.004,26.102,22.278,7.42,29.38,,15.205,379.419,72.86,10.412,,653.902,141.56,64.267,24.0,,22.99,32.619,831.542,3.791,87.198,,,262.371
2011-06-17,908.863,487.655,921.631,103.219,209.4,314.422,,259.162,41.561,42.718,5.025,26.575,11.25,46.84,21.11,19.89,53.799,33.2,309.56,,,59.97,81.334,539.359,108.043,,1028.226,173.59,104.38,,,97.213,29.009,,,,35.052,,23.254,32.843,48.045,12.122,,71.12,159.025,,64.88,,,83.875,170.722,25.371,21.26,7.07,29.84,,15.135,386.944,78.59,10.241,,650.074,139.66,63.456,22.77,,21.93,31.551,836.497,4.001,91.768,,,262.176
2011-06-24,899.603,502.506,943.991,107.392,235.8,338.055,,259.679,43.282,44.846,5.223,28.365,11.72,49.41,22.85,20.66,59.753,35.555,313.449,,,63.45,83.151,556.153,113.609,,1121.665,187.402,107.666,,,111.023,30.765,,,,36.34,,24.814,34.013,53.7,12.298,,76.4,165.825,,65.7,,,86.35,185.362,25.557,21.365,7.3,31.55,,15.443,421.642,85.1,10.424,,701.359,137.74,63.101,23.15,,23.55,32.387,869.198,4.121,96.69,,,269.587
2011-07-01,927.733,503.477,952.25,112.627,256.32,351.993,,272.468,42.716,43.35,5.119,27.244,11.72,49.86,23.65,20.51,58.7,35.12,318.601,,,64.69,85.046,556.633,123.309,,1131.331,187.6,107.711,28.0,,110.167,31.117,,,,36.478,,24.84,37.388,56.28,12.666,,80.18,185.345,,70.118,,,91.12,189.985,26.82,21.857,7.59,32.82,,15.25,422.478,86.33,10.351,,700.594,139.96,65.179,23.33,,23.85,32.201,898.927,4.121,101.347,,,282.751
2011-07-08,939.128,524.018,993.747,117.184,264.8,362.295,,279.934,44.319,44.979,5.077,29.336,12.11,50.21,23.7,20.76,59.793,36.92,332.163,,,65.81,87.746,581.391,135.939,,1127.189,184.706,112.183,33.07,,108.398,32.221,,,,37.214,,25.984,39.255,60.615,12.482,,83.3,189.825,,77.554,,,98.658,195.892,26.621,22.313,8.31,33.33,,15.32,426.45,85.01,10.412,,711.693,150.52,66.802,25.15,,24.45,33.779,912.8,4.091,102.226,,,284.618
2011-07-15,944.105,528.182,1012.279,123.034,268.12,385.726,,274.796,45.946,43.649,5.14,29.25,12.04,49.5,23.48,20.47,58.74,39.17,360.653,,,70.39,94.684,607.493,152.948,,1148.362,193.716,113.506,29.81,,108.512,32.164,,,,37.858,,27.817,41.955,62.4,12.39,,90.8,196.025,,80.089,,,99.85,190.37,27.911,22.629,9.015,32.32,,15.285,434.393,89.42,10.351,,712.841,160.9,65.078,25.81,,26.54,34.336,874.153,4.001,95.811,,,286.256
2011-07-22,995.871,551.082,1058.611,127.946,276.8,404.511,,286.587,47.137,42.419,5.098,27.912,11.62,48.496,22.79,20.24,57.89,36.83,353.294,,,70.09,97.615,609.413,153.68,,1135.934,182.272,111.544,29.4,,106.629,31.359,,,,37.076,,28.038,39.21,63.84,12.068,,86.9,179.025,,79.66,,,93.1,181.766,28.789,22.489,8.7,31.9,,15.057,409.101,85.46,10.217,,689.112,158.8,69.945,27.15,,26.57,33.918,873.162,3.911,96.865,,,269.757
2011-07-29,997.778,535.815,1030.812,126.745,276.84,382.696,,290.43,47.644,41.454,4.983,27.33,11.57,46.606,22.16,19.6,56.067,35.78,345.83,,,70.95,97.526,595.978,143.019,,1116.602,173.459,108.943,28.17,,100.865,30.497,,,,35.696,,28.038,38.715,67.95,11.654,,93.4,196.585,,73.264,,,88.195,182.408,26.288,21.365,8.655,31.61,,14.48,406.174,78.17,10.107,,662.321,171.18,62.29,25.82,,26.68,33.083,846.406,3.731,94.668,,,262.736
2011-08-05,981.22,533.317,1012.279,128.854,283.8,395.22,,285.81,46.394,39.526,4.837,26.251,11.19,44.446,21.3,18.87,54.528,36.44,335.842,,,74.65,97.794,609.413,140.741,,1065.049,163.593,106.251,28.63,,98.069,28.888,,,,34.086,,25.23,38.76,64.095,10.918,,95.1,208.225,,73.81,,,88.195,179.454,26.302,21.541,8.64,30.7,,14.129,388.198,80.87,9.753,,663.087,177.6,60.363,24.54,,27.9,32.688,849.379,3.581,94.844,,,246.94
2011-08-12,1044.66,557.467,1050.352,140.894,303.4,429.761,,295.161,48.528,39.027,4.868,26.208,10.99,43.376,21.72,18.09,53.961,35.57,351.612,,,76.45,99.522,634.651,142.694,,1065.049,161.62,108.533,26.88,,97.784,27.738,,,,35.972,,23.254,36.195,69.165,11.332,,95.32,210.305,,78.165,,,83.155,212.458,26.794,19.926,8.88,29.56,,14.007,386.108,77.9,9.509,,646.63,181.18,54.228,25.09,,28.59,32.781,874.153,3.631,99.15,,,221.431
2011-08-19,1012.708,558.022,1016.308,136.398,297.8,416.429,,289.174,46.406,38.628,4.857,26.273,10.82,42.416,21.05,17.97,54.609,35.105,333.74,,,76.35,94.991,618.337,137.648,,998.307,155.7,103.97,26.11,,90.878,26.531,,,,39.468,,23.15,40.133,64.245,11.102,,87.7,197.345,,85.25,,,81.153,210.532,26.328,19.681,8.94,27.51,,13.832,381.509,71.96,9.326,,642.42,162.4,53.721,26.22,,28.56,31.807,845.415,3.471,97.129,,,216.985
2011-08-26,1026.568,555.385,1005.229,133.689,301.64,404.309,,282.521,45.51,40.69,4.889,28.042,11.37,44.116,22.26,18.13,57.242,38.795,334.16,,,78.55,93.762,596.745,137.079,,1030.067,156.884,108.989,26.08,,95.044,27.508,,,,39.836,,22.773,41.775,64.635,11.286,,90.3,205.665,,86.849,,,84.64,208.862,26.953,20.488,8.625,28.76,,13.972,396.35,70.88,9.631,,637.062,163.2,,27.37,,27.89,33.222,869.198,3.661,102.05,,,231.26
2011-09-02,1021.824,555.246,963.934,128.346,292.98,393.806,,278.381,43.117,39.991,4.826,26.942,10.6,43.376,21.66,17.63,54.488,36.05,321.124,,,74.73,93.558,598.281,133.173,,1007.513,150.044,105.339,24.07,,91.792,26.358,,,,37.214,,20.446,38.67,61.5,10.734,,86.62,193.825,,78.867,,,81.513,199.488,25.996,19.575,8.19,28.4,,13.499,383.182,68.99,9.4,,625.963,159.6,,26.39,,28.24,32.642,841.451,3.541,96.338,,,229.154
2011-09-09,999.592,539.424,937.747,124.158,287.8,369.162,,269.954,43.388,39.659,4.91,27.028,10.6,42.416,21.85,17.75,54.893,34.715,322.175,,,77.546,88.297,588.493,129.022,,961.023,142.678,104.791,22.54,,88.824,26.014,,,,34.546,,21.447,39.3,63.885,10.55,,86.46,185.425,,79.153,,,79.735,202.056,24.493,19.435,8.235,27.71,,13.657,362.697,57.38,9.351,,593.431,156.8,,24.92,,27.89,33.013,839.47,3.571,95.635,,,216.283
2011-09-16,980.243,536.509,913.574,126.991,285.72,389.16,,272.689,43.317,39.16,4.826,26.639,10.48,41.826,21.77,17.88,55.298,34.43,319.547,,,74.698,87.631,579.28,129.755,,954.119,140.441,104.426,20.79,,93.104,26.014,,,,34.178,,22.721,38.4,62.61,10.32,,86.3,189.105,,77.84,,,79.87,198.075,24.44,19.365,7.92,27.65,,13.727,369.595,56.39,9.29,,583.863,156.26,,24.0,,27.09,31.667,837.488,3.571,97.92,,,227.867
2011-09-23,938.989,514.025,868.854,121.079,275.0,376.03,,268.956,40.665,37.663,4.732,25.971,10.24,40.266,21.32,17.39,54.933,32.15,310.821,,,74.25,85.967,572.947,125.93,,951.818,132.549,98.859,19.32,,91.62,25.899,,,,32.614,,22.396,37.23,62.175,10.044,,87.64,182.265,,78.763,,,77.148,190.884,24.28,18.733,7.455,27.78,,13.622,370.431,58.04,9.107,,587.307,144.2,,24.1,,26.66,31.667,772.085,3.501,86.232,,,225.644
2011-09-30,922.896,512.221,847.099,115.213,273.8,372.394,,258.866,41.808,37.165,4.701,25.237,10.08,35.826,19.74,16.63,51.531,29.78,309.665,,,68.49,82.626,551.835,115.269,,970.229,127.155,92.38,19.3,12.46,95.101,26.703,,,,29.992,,18.392,34.125,55.035,9.952,,80.58,172.145,,75.5,,,67.9,179.84,22.724,17.575,6.9,27.26,,13.639,363.533,54.86,9.241,,559.751,141.5,,22.65,,24.71,30.345,756.229,3.471,83.947,,,230.909
2011-10-14,926.849,507.78,853.545,104.713,279.46,386.534,,271.359,42.692,39.226,4.868,26.035,10.47,38.686,20.98,17.95,54.083,31.985,310.19,,,78.378,90.626,556.633,119.257,,945.834,135.969,92.562,19.6,12.55,94.816,27.163,,,,31.418,,19.029,36.645,60.495,10.458,,88.32,177.105,,76.176,,,76.698,180.867,24.134,18.136,7.17,27.17,,13.972,338.659,60.8,9.448,,581.949,145.18,,24.07,,25.15,31.853,767.13,3.411,84.386,,,211.251
2011-10-21,940.57,503.894,828.163,100.879,285.62,388.15,,264.41,41.537,39.127,4.878,25.518,10.12,37.256,19.14,16.81,51.653,28.67,295.787,,,75.21,93.276,529.763,116.002,,874.028,128.734,85.49,19.41,11.38,89.509,,,,,28.52,,19.367,33.225,54.15,9.86,,80.3,155.825,,73.173,,,79.6,160.063,23.003,16.451,6.54,26.45,,13.639,316.92,56.54,9.204,,537.17,128.48,,25.68,,26.36,32.015,730.465,3.231,77.532,,,196.859
2011-10-28,989.964,530.402,905.113,108.931,297.94,415.419,,288.878,42.386,41.421,5.035,27.653,10.72,40.976,21.22,18.19,55.379,33.68,314.501,,,79.722,96.732,551.931,123.163,,964.706,143.73,90.144,21.74,12.18,97.955,,,,,30.176,,20.16,36.195,57.9,10.412,,88.12,166.585,,74.98,,,82.75,173.804,25.543,17.61,7.305,29.13,,14.094,345.348,64.73,9.558,,586.542,139.78,,26.16,,27.09,33.129,822.623,3.481,92.032,,,218.389
2011-11-04,1002.754,527.765,909.344,109.486,295.34,451.576,,297.305,43.058,41.155,5.077,27.416,10.83,42.646,22.58,20.13,56.351,36.095,325.119,,,85.098,98.665,583.311,136.672,,988.181,142.941,87.543,25.04,12.37,98.811,,,,,31.28,34.9,20.927,38.94,60.015,10.412,,89.38,182.425,,76.644,,,89.725,183.307,26.873,18.698,7.44,29.19,,14.305,350.365,62.9,9.583,,587.69,141.2,,25.96,,28.04,33.222,815.687,3.501,90.274,,,232.899
2011-11-11,985.127,510.694,902.696,111.549,291.86,466.928,,304.364,45.121,39.891,5.025,26.424,10.64,41.066,21.83,19.26,54.326,35.465,328.168,,,85.482,103.03,584.942,135.939,,942.612,136.363,85.17,23.3,11.59,92.305,,,,,29.762,31.89,20.576,38.558,59.25,10.136,,89.3,183.025,,74.512,,,86.35,180.867,25.716,18.733,7.35,28.97,,14.305,333.643,58.31,9.4,,562.43,142.7,47.181,25.59,,26.98,32.804,783.976,3.321,87.462,,,222.251
2011-11-18,969.313,495.844,,107.315,279.18,445.92,,301.371,44.119,38.395,5.035,25.561,10.21,38.636,20.22,18.87,52.26,33.62,320.388,,,82.25,105.577,575.634,132.603,,905.788,128.076,87.999,25.12,11.58,89.509,,,,,29.716,35.69,19.276,38.985,60.825,9.952,,84.6,173.425,,81.74,,,86.35,176.886,25.623,18.873,7.065,28.55,,14.235,323.818,55.31,9.192,,534.874,143.22,47.181,25.55,,27.52,32.712,741.365,3.231,82.453,,,226.229
2011-11-25,1013.08,536.787,,116.106,295.46,466.524,,305.806,44.685,38.561,4.952,25.216,10.11,37.996,19.78,19.35,50.883,33.68,331.637,,,78.698,109.75,572.947,134.963,,871.727,120.841,84.805,24.5,11.14,84.316,,,,,28.75,36.63,19.419,37.635,55.35,9.722,,84.52,173.625,,78.75,,,87.363,174.703,24.187,18.101,6.885,27.47,,14.129,308.768,54.17,9.131,,515.355,140.2,47.941,24.35,,28.05,32.944,742.356,3.221,82.014,,,225.644
2011-12-02,1031.917,527.488,917.804,112.257,293.66,450.97,,314.122,44.767,39.459,4.983,25.669,10.27,39.326,20.52,20.28,50.316,34.595,337.945,,,82.474,102.978,590.028,135.695,,853.315,120.315,82.843,23.31,10.9,80.036,,,,,27.968,32.9,20.173,35.138,55.5,9.538,,81.72,180.865,,74.109,,,83.92,169.695,23.282,16.908,7.005,27.53,,13.954,305.424,53.81,8.948,,478.613,131.9,44.646,23.67,,28.62,33.408,769.112,3.221,87.726,,,212.89
2011-12-09,965.825,501.118,866.638,102.989,281.8,427.135,,299.523,43.07,39.958,4.899,25.539,10.3,40.226,20.35,19.79,50.559,31.4,336.053,,,82.154,102.313,573.906,130.406,,812.809,120.841,82.524,22.6,11.2,80.549,23.254,,,,26.726,33.19,19.64,35.228,53.4,9.124,,89.7,,,72.887,,,75.483,160.577,23.309,16.627,6.72,27.43,,13.884,287.03,54.26,8.96,,470.194,117.2,44.088,23.71,,27.9,31.737,785.958,3.171,91.592,,,217.453
2011-12-16,974.941,490.57,874.494,103.112,281.18,415.015,,290.098,41.938,39.027,4.899,25.022,10.26,38.206,20.02,18.73,48.129,30.935,314.185,,,79.466,102.134,546.269,123.326,,833.983,115.974,79.786,21.45,11.35,81.976,21.645,,,,24.058,33.4,16.039,34.868,54.9,8.479,,86.1,195.625,,69.234,,,79.353,147.478,21.341,15.925,6.27,26.37,,13.867,285.985,48.83,8.777,,453.736,118.6,44.443,22.28,,27.94,31.923,775.058,3.081,90.362,,,209.262
2011-12-23,970.197,482.381,869.056,102.465,264.36,425.115,,275.979,42.492,39.26,4.899,25.518,10.14,36.246,20.2,18.99,45.78,30.26,321.334,,,78.186,96.911,554.809,123.326,,853.775,120.578,80.47,21.94,11.84,83.973,22.91,,,,22.954,31.53,13.348,33.09,54.015,8.065,,87.56,192.465,,67.726,,,80.613,154.027,20.622,15.398,6.15,26.82,,13.902,296.436,50.51,8.948,,477.083,114.58,40.235,21.59,,25.93,31.528,787.94,3.021,92.208,,,215.113
2011-12-30,935.5,463.644,814.868,101.233,259.74,415.419,,277.162,42.303,39.858,4.972,25.518,9.96,36.696,20.46,19.53,45.294,29.12,313.66,,,80.49,99.471,518.248,118.28,,845.95,123.867,79.786,22.8,11.97,84.601,23.657,,,,23.46,27.4,11.71,30.255,52.65,8.065,,87.1,200.225,,62.5,,,79.6,160.32,20.489,14.907,6.12,27.25,,13.814,300.616,50.21,8.936,,488.182,109.6,39.12,21.5,,26.33,31.366,779.021,3.001,90.538,,,207.507
2012-01-06,904.524,445.741,793.314,86.684,252.82,399.866,,266.258,39.273,40.257,5.014,26.1,9.95,36.106,20.48,18.62,43.998,26.825,283.277,,,73.162,94.274,498.671,112.584,,854.696,122.025,77.459,21.88,11.81,84.943,24.462,,,,22.218,25.05,10.514,27.488,44.91,7.789,,82.7,186.625,,65.048,,,64.975,140.158,19.346,13.924,6.09,26.19,,13.569,283.058,47.42,8.997,,469.811,95.88,37.345,19.78,,23.71,31.389,748.302,2.961,87.989,,,200.135
2012-01-13,914.059,455.456,805.602,87.13,261.0,411.177,,266.998,40.11,41.92,5.077,27.157,10.1,38.286,21.2,19.78,45.659,27.095,285.905,,,68.97,96.386,495.12,115.432,,857.918,122.551,74.766,23.87,12.26,87.74,24.577,,,,22.908,25.22,11.307,28.658,46.5,8.111,,81.52,182.625,,65.269,,,65.763,137.847,20.237,14.451,6.48,28.25,,13.797,299.153,50.51,9.119,,502.725,96.78,34.557,20.48,,25.03,31.551,778.03,3.101,92.999,,,208.677
2012-01-20,901.408,449.21,803.99,87.685,255.2,417.641,,266.258,40.794,43.616,5.098,28.818,10.68,41.356,23.09,21.22,50.559,26.945,284.643,,,68.33,88.719,484.66,117.466,,914.074,131.496,69.702,24.32,12.99,92.476,26.014,,,,23.966,23.88,11.008,29.423,46.89,8.433,,74.54,166.225,,65.334,,,66.685,136.819,20.849,14.38,7.095,29.4,,14.182,325.491,56.63,9.363,,543.677,96.96,37.345,20.75,,25.11,32.897,821.632,3.231,98.799,,,189.37
2012-02-03,903.78,453.235,819.904,91.78,264.8,424.913,,266.813,40.417,43.549,5.15,29.099,10.79,42.406,23.11,21.19,50.114,28.04,281.595,,,71.466,90.191,492.817,119.094,,908.55,127.024,72.804,24.3,12.54,91.792,25.841,,,,24.656,25.25,11.84,30.728,50.19,8.525,,77.92,176.265,,67.882,,,70.983,144.396,21.46,14.731,7.14,29.27,,14.094,332.388,53.42,9.217,,541.763,102.2,36.635,22.17,,24.99,33.083,810.732,3.191,96.514,,,188.2
2012-02-10,922.524,461.701,828.969,94.859,279.8,442.285,,273.503,39.922,43.25,5.129,29.228,10.59,42.346,22.86,20.82,50.397,29.075,284.118,,,72.522,92.393,511.53,119.013,,922.819,129.129,74.63,25.96,13.03,92.077,25.956,,,,24.978,26.43,12.815,31.313,52.035,8.525,,75.4,177.425,,69.988,,,73.705,145.166,21.553,15.188,7.14,29.37,,13.884,337.405,55.79,9.253,,539.467,103.74,39.88,22.31,,26.01,33.129,816.678,3.301,98.535,,,192.413
2012-02-17,926.849,467.531,844.48,98.447,280.94,435.215,,274.464,42.268,42.651,5.129,28.969,10.49,42.006,22.08,20.48,51.086,29.6,292.213,,,72.618,94.377,502.701,121.535,,907.63,132.417,75.132,26.09,13.46,89.281,26.014,,,,26.496,27.05,13.621,32.82,51.585,8.756,,77.78,181.465,,68.805,,,78.925,150.689,22.338,15.609,7.11,29.01,,13.972,331.761,54.41,9.229,,538.319,105.5,40.134,22.42,,26.81,32.642,810.732,3.251,96.777,,,202.71
2012-02-24,957.732,482.798,883.761,104.374,296.8,457.03,,275.683,41.914,43.217,5.181,29.487,10.93,43.936,22.95,21.12,53.718,36.95,294.316,,,72.938,93.814,509.803,124.139,,966.087,142.02,78.599,26.52,14.0,95.273,28.658,,,,27.922,28.48,13.79,33.945,55.38,9.17,,84.46,191.465,,71.743,,,87.475,161.219,23.735,16.241,7.47,30.04,,14.112,343.049,58.1,9.326,,562.048,111.76,42.06,23.6,,26.78,33.617,882.081,3.441,105.478,,,211.954
2012-03-02,970.848,496.121,886.581,107.069,301.84,468.746,,269.585,43.152,43.749,5.171,29.379,10.93,43.506,22.49,20.73,55.541,35.84,283.907,,,70.858,93.161,503.565,125.686,,1026.385,158.594,78.097,26.16,14.85,97.384,31.244,,,,27.968,26.63,13.608,33.45,54.57,9.4,,84.9,189.825,,71.106,,,93.325,166.227,23.522,16.135,7.41,29.73,,14.34,347.647,57.95,9.424,,576.208,108.8,41.959,23.29,,27.28,34.034,893.972,3.431,104.862,,,213.592
2012-03-09,966.337,503.061,941.775,110.764,306.6,491.167,,270.657,42.881,41.986,5.066,28.322,10.65,42.326,21.77,19.59,56.472,35.945,286.01,,,72.81,93.174,500.015,122.756,,1044.336,164.251,77.778,27.39,14.4,96.414,30.267,,,,27.83,26.25,14.336,34.53,55.32,9.4,,87.1,194.945,,75.565,,,94.405,170.337,24.799,16.697,7.23,28.99,,14.55,355.799,55.52,9.29,,561.282,115.22,43.378,23.31,,27.6,34.429,890.999,3.341,105.302,,,211.602
2012-03-16,1001.964,526.794,979.445,113.366,321.9,489.147,,290.209,44.532,41.022,5.056,28.085,10.49,41.796,21.62,19.15,55.784,34.235,302.095,,,71.242,97.756,533.602,129.917,,1002.91,159.121,83.573,25.35,14.56,90.365,28.313,,,,26.174,26.85,14.271,33.428,52.95,8.94,,86.06,193.825,,72.965,,,94.878,173.804,24.307,15.96,6.93,28.22,,14.445,331.552,51.62,9.18,,541.763,109.6,44.849,25.5,,28.0,33.593,858.298,3.251,97.744,,,216.283
2012-03-23,1022.568,504.588,927.675,105.898,316.34,459.05,,280.673,42.657,40.457,5.035,27.826,10.36,40.676,20.81,18.69,53.151,33.05,292.844,,,68.714,92.303,499.055,124.384,,991.403,150.439,76.957,26.0,13.41,85.172,27.163,,,,26.266,26.58,14.882,34.913,50.85,8.894,,87.1,188.425,,69.52,,,86.125,162.246,23.003,15.855,6.87,27.83,,14.27,322.773,50.42,9.009,,515.355,99.98,41.959,23.85,,26.7,33.152,843.433,3.181,95.811,,,205.167
2012-03-30,952.523,464.2,850.926,98.508,296.1,447.94,,273.281,41.23,39.958,5.066,27.244,9.97,38.836,20.54,18.24,52.908,30.2,279.912,,,64.906,92.982,481.973,117.385,,985.879,141.757,73.261,28.3,13.46,88.539,27.106,,,,24.518,22.46,12.425,32.325,46.8,8.249,,86.3,194.145,,62.123,,,81.67,159.806,20.928,14.451,6.555,27.53,,14.094,304.17,50.6,8.838,,477.848,94.46,36.635,21.43,,25.64,32.944,859.289,3.141,101.874,,,202.008
2012-04-06,1003.731,490.153,927.876,106.56,316.1,465.514,,281.523,42.115,39.659,5.025,27.071,10.07,40.336,20.94,18.58,56.27,31.625,279.912,,,65.354,94.582,487.539,119.908,,1009.354,144.914,74.766,28.37,13.82,89.452,28.6,,,,25.346,23.13,12.75,33.203,48.0,8.479,,88.1,196.225,,68.628,,,85.45,168.154,22.272,15.012,6.615,27.93,,13.989,311.068,53.9,8.899,,511.145,93.52,37.7,22.3,,26.44,33.129,869.198,3.211,102.49,,,203.997
2012-04-13,1027.265,490.431,909.746,111.826,316.18,478.038,,284.96,43.376,40.29,5.098,27.459,10.41,42.006,21.54,19.29,59.226,32.54,285.695,,,66.442,96.271,484.181,120.233,,1050.32,152.938,73.215,30.85,14.06,90.593,29.347,,,19.74,26.22,24.14,13.569,33.788,48.42,8.802,,87.96,202.665,,68.909,,,84.775,175.345,22.777,17.82,6.87,28.37,,14.007,323.4,55.37,8.912,,548.269,98.6,39.576,22.81,,28.56,33.733,889.017,3.241,106.796,,,203.88
2012-04-20,1024.8,479.883,907.128,112.827,321.4,458.242,,265.002,43.4,40.922,5.16,28.559,10.93,43.626,23.04,20.2,60.644,36.044,290.636,,,68.01,91.689,481.11,119.338,,1044.336,152.938,74.584,27.79,14.65,91.734,29.06,,,19.04,27.14,22.916,12.945,33.9,49.5,8.848,,87.86,205.505,,70.664,,,87.025,172.006,22.272,17.399,6.9,28.66,,14.077,333.224,56.48,9.107,,563.196,98.6,42.466,22.92,,29.1,33.965,894.963,3.391,109.872,,,211.251
2012-04-27,1080.892,502.783,944.394,116.614,335.4,452.788,,258.423,43.824,40.956,5.108,29.379,11.38,42.966,22.97,20.08,58.619,36.02,287.692,,,65.45,93.071,493.681,119.745,,1057.685,153.201,71.983,25.76,14.88,91.677,29.865,,,18.14,26.358,20.378,12.009,31.403,45.675,8.525,,93.48,201.145,,65.516,,,79.668,175.345,21.74,16.065,6.84,28.81,,14.024,328.208,55.67,9.119,,549.035,89.42,44.392,21.67,,29.02,33.036,928.655,3.471,112.596,,,206.571
2012-05-04,1124.798,522.769,986.092,125.636,341.8,480.866,,261.343,45.263,41.654,5.119,30.091,11.51,45.336,23.81,21.1,60.765,36.86,299.257,,,68.138,95.823,511.242,124.791,,1065.049,159.91,75.542,26.61,15.96,95.729,30.325,,,18.03,25.346,21.944,12.373,32.235,46.65,8.572,,92.3,212.065,,68.16,,,82.525,188.829,22.351,16.767,6.96,29.62,,14.305,351.41,54.71,9.217,,574.677,96.18,49.361,22.64,,27.91,33.988,952.438,3.491,117.078,,,213.826
2012-05-11,1095.45,504.588,958.092,123.373,329.8,466.524,,263.412,45.652,40.357,5.098,29.315,11.08,43.436,22.54,19.89,57.687,35.972,301.78,,,68.01,100.406,521.894,126.581,,1044.336,158.857,75.314,25.35,15.86,91.164,29.003,,,17.98,24.518,20.666,12.62,32.303,48.3,8.295,,94.74,216.825,,65.75,,,79.533,187.031,21.221,15.749,6.69,28.41,,14.375,347.647,52.1,9.021,,550.949,94.34,45.913,22.96,,27.08,33.895,923.701,3.431,113.65,,,203.295
2012-05-18,1050.009,480.993,906.322,117.523,315.74,461.272,,253.507,45.392,38.827,4.983,28.257,11.06,43.666,22.22,19.63,58.902,35.54,297.469,,,64.17,99.958,502.03,123.977,,1045.717,165.566,74.721,24.2,15.73,90.536,29.405,,,17.21,23.874,20.558,11.684,31.493,51.15,8.295,,93.5,220.425,,63.293,,,81.265,185.619,21.407,15.784,6.57,27.56,,14.497,337.823,51.56,8.863,,531.812,90.636,44.849,22.52,,26.68,33.825,889.017,3.311,114.529,,,196.859
2012-05-25,1053.079,458.787,861.804,117.769,329.2,464.302,,245.191,46.029,38.994,4.91,27.977,10.58,42.906,21.74,18.98,59.591,33.86,294.526,,,63.402,105.871,502.414,126.255,,1050.32,161.225,72.111,24.38,16.15,88.196,30.784,,,17.0,23.276,23.042,12.854,30.975,49.305,8.249,,91.5,226.225,,60.321,,,77.226,181.638,23.562,15.047,6.465,27.9,,14.427,339.913,53.93,8.875,,566.258,93.84,46.066,23.05,,26.47,32.781,915.773,3.391,121.472,,,190.891
2012-06-01,1154.425,476.413,878.322,121.187,343.08,460.06,,242.53,46.89,39.193,4.972,28.128,10.77,44.426,22.68,19.47,62.183,33.98,316.299,,,64.97,114.383,510.57,126.825,,1089.445,164.119,72.914,24.28,17.0,92.419,32.336,,,17.21,24.426,22.322,13.049,32.258,52.755,8.572,,94.4,233.225,,61.983,,,83.065,176.629,22.538,15.644,6.6,27.81,,14.725,359.562,55.22,8.924,,579.27,98.52,44.443,25.36,,27.41,32.874,945.502,3.421,122.79,,,188.668
2012-06-08,1147.96,467.114,863.214,119.663,331.2,463.09,,242.345,47.739,38.096,4.889,26.51,10.21,43.356,21.35,18.6,59.186,31.988,317.108,,,65.226,111.017,534.561,130.406,,1020.401,160.304,71.709,22.81,16.87,87.169,32.969,,,16.95,23.184,19.55,12.113,32.1,52.68,8.71,,101.46,238.825,,61.515,,,82.019,180.995,21.593,14.872,6.495,26.81,,14.567,342.631,51.62,8.875,,555.541,88.332,39.17,22.8,,27.1,31.899,922.71,3.361,122.438,,,177.903
2012-06-15,1168.425,473.637,890.408,122.295,336.792,449.152,,247.63,50.262,38.528,4.913,27.244,10.99,48.316,23.4,20.17,60.482,32.3,335.033,,,67.85,119.414,564.118,137.079,,1056.764,168.065,72.061,23.13,17.63,89.452,32.164,,,17.1,24.15,20.324,12.347,32.528,55.998,8.94,,105.82,256.025,,65.446,,,77.361,186.774,21.926,15.118,6.51,26.63,,14.97,353.5,52.25,8.668,,567.023,92.04,39.272,23.25,,28.7,32.433,941.538,3.551,128.941,,,181.648
2012-06-22,1151.681,464.338,879.53,117.184,331.704,429.963,,253.507,48.576,38.029,4.84,26.855,10.92,47.026,22.89,19.71,57.201,29.3,325.087,,,65.194,117.494,550.491,131.87,,1048.479,167.276,69.953,22.72,17.45,85.971,31.187,,,17.36,25.99,21.89,13.01,30.705,57.51,8.94,,106.1,253.865,,65.516,,,77.463,183.949,21.075,14.802,6.375,26.2,,14.585,346.393,51.53,8.643,,542.911,90.6,36.179,23.32,,28.09,32.201,933.61,3.561,125.822,,,184.807
2012-06-29,1148.751,470.029,915.79,120.848,327.72,423.499,,249.368,47.856,38.096,4.881,27.308,10.98,47.996,23.78,20.42,57.12,28.772,337.115,,,68.234,117.967,580.048,146.112,,1009.814,162.804,67.895,19.86,18.1,85.457,29.98,,,15.972,29.394,22.736,11.385,29.558,62.655,8.986,,110.7,248.425,,62.614,,,67.675,180.353,19.758,14.31,6.21,25.3,,14.585,322.564,48.77,8.533,,540.998,84.48,35.926,22.26,,28.42,32.526,921.719,3.511,124.134,,,173.106
2012-07-06,1264.269,501.257,969.574,132.057,362.4,437.437,,250.328,49.318,36.932,4.84,27.136,11.1,48.496,24.4,20.89,56.877,28.484,339.659,,,71.082,133.455,588.685,152.134,,1059.986,164.777,69.099,19.64,16.81,81.462,30.497,,,16.728,32.2,22.016,12.451,28.343,61.458,8.802,,113.46,272.665,,66.897,,,78.711,176.758,20.41,14.065,6.3,25.42,,14.925,321.31,48.02,8.485,,511.145,78.72,33.391,22.64,,30.84,32.433,1007.932,3.601,139.742,,,176.265
2012-07-13,1276.873,548.029,985.085,128.916,371.28,447.536,,261.601,48.116,35.602,4.683,26.057,10.79,47.256,24.59,20.89,57.242,27.428,351.686,,,69.514,152.822,612.675,160.435,,1090.826,155.174,68.999,19.05,16.82,76.897,31.704,,,15.306,34.776,20.486,13.322,28.05,64.839,8.664,,113.34,278.425,,68.441,,,78.475,170.593,19.572,13.608,6.15,25.45,,14.855,325.281,48.92,8.363,,502.342,78.72,32.123,22.23,,30.47,32.155,1028.742,3.521,139.531,,,162.107
2012-07-20,1185.62,514.442,929.689,118.446,345.6,399.664,,254.69,45.923,35.003,4.693,25.582,10.91,48.476,24.91,22.0,57.89,26.348,356.774,,,65.61,138.102,582.159,156.447,,1062.288,154.78,66.037,16.72,15.88,77.981,31.934,,,12.984,33.58,18.11,14.44,27.15,63.39,8.572,,110.5,273.225,,66.101,,,71.32,168.282,18.322,13.433,6.15,25.07,,14.575,324.863,48.08,8.35,,459.094,74.4,31.312,21.18,,30.45,32.062,973.248,3.401,124.24,,,144.079
2012-07-27,1215.247,508.057,899.473,110.717,347.76,397.24,,247.224,45.522,34.205,4.641,25.582,11.02,46.996,23.72,21.02,55.419,27.02,336.305,,,65.226,130.588,575.442,144.891,,1038.813,152.806,60.717,15.13,16.53,78.837,32.394,,,12.894,30.176,16.76,13.829,26.858,64.23,8.479,,113.1,280.425,,64.252,,,66.663,174.96,16.978,13.222,6.15,24.53,,14.593,314.412,47.51,8.35,,455.65,71.304,29.487,21.92,,28.75,31.621,941.538,3.311,119.494,,,146.42
2012-08-03,1203.666,514.303,896.25,118.569,343.44,382.898,,251.659,43.258,35.036,4.714,26.294,11.15,46.556,23.11,20.91,56.351,27.74,344.4,,,66.89,140.188,604.518,152.948,,1037.892,153.333,61.57,14.41,15.85,76.269,31.532,,,12.012,32.292,16.31,11.866,27.69,62.382,8.249,,113.98,292.425,,64.323,,,75.471,171.621,17.138,13.678,6.09,25.27,,14.663,324.863,49.28,8.448,,472.107,67.848,25.177,21.65,,29.44,32.712,913.791,3.261,115.065,,,143.962
2012-08-10,1209.479,523.047,936.739,125.159,348.96,400.472,,259.421,44.296,35.602,4.714,26.747,11.08,47.346,23.23,20.98,56.675,28.316,359.318,,,68.266,139.625,610.276,155.389,,1037.892,151.228,65.184,15.43,15.93,77.467,32.566,,,12.858,32.706,17.03,11.645,28.163,69.606,8.341,,123.9,323.625,,68.815,,,82.829,171.107,17.869,14.029,6.465,25.31,,14.645,320.892,49.46,8.436,,476.7,71.52,27.155,23.49,,29.76,32.874,922.71,3.331,116.647,,,147.239
2012-08-17,1123.017,489.459,879.128,119.678,325.2,387.544,,250.55,41.973,35.103,4.756,26.402,10.9,44.126,21.64,19.7,51.45,27.764,337.808,,,66.218,133.391,596.745,148.065,,1032.829,145.835,61.721,14.54,16.0,75.584,31.417,,,12.588,29.164,16.922,10.787,27.195,66.015,8.203,,111.1,311.225,,70.102,,,,162.631,17.098,13.714,6.285,24.97,,14.488,311.068,47.3,8.326,,464.453,71.232,26.495,23.4,,28.88,32.572,904.873,3.281,113.483,,,142.792
2012-08-24,1133.528,490.015,868.25,124.851,309.792,425.923,,257.203,41.844,34.77,4.735,25.669,10.4,43.376,21.02,19.3,51.288,27.572,354.924,,,67.53,130.87,595.21,153.192,,999.688,140.441,61.972,14.91,15.41,73.13,30.612,,,12.318,27.232,17.12,10.02,27.375,68.703,8.111,,117.9,318.025,,68.09,,,90.996,162.118,17.164,14.31,6.3,24.75,,14.523,312.322,46.49,8.265,,451.057,71.448,28.016,24.15,,28.23,32.108,856.316,3.201,103.887,,,139.633
2012-08-31,1077.157,467.392,812.249,115.952,297.576,414.207,,229.483,41.561,35.302,4.746,25.863,10.58,41.356,21.16,19.96,49.101,25.532,352.38,,,62.602,125.378,568.724,142.938,,1015.338,146.098,58.258,15.65,14.69,70.391,29.692,,,11.886,26.174,15.284,9.305,25.845,67.548,8.433,,106.22,304.425,,68.324,,,98.219,158.522,17.843,13.187,6.06,24.27,,14.453,306.051,43.31,8.582,,397.476,73.608,25.684,23.9,,27.37,32.178,846.406,3.201,103.781,,,128.166
2012-09-07,1178.736,496.954,848.307,122.665,307.992,439.861,,233.549,43.353,35.568,4.725,25.949,10.57,44.556,22.4,21.02,54.204,27.764,368.917,,,63.85,135.132,597.129,147.088,,1060.446,155.569,61.319,16.34,16.17,76.155,30.784,,,12.498,29.072,16.616,10.254,28.973,69.48,8.572,,117.46,339.625,,70.828,,,100.413,163.145,18.561,14.1,6.405,25.32,,14.418,322.773,49.52,8.753,,399.772,77.28,28.574,25.05,,29.62,32.642,903.882,3.321,116.858,,,132.612
2012-09-14,1193.433,495.844,858.178,122.85,307.2,427.943,,238.538,42.221,35.868,4.704,25.712,10.6,43.536,21.75,20.77,53.718,27.644,366.835,,,62.506,133.724,596.553,143.589,,1036.972,151.228,62.624,16.67,16.46,78.723,31.991,,,12.552,27.462,17.534,10.358,28.23,66.246,9.676,,111.46,329.065,,76.023,,,97.713,163.145,18.867,14.38,6.585,25.79,,14.295,320.265,50.18,8.912,,394.031,73.68,30.602,24.78,,28.42,32.015,878.117,3.251,114.327,,,138.229
2012-09-21,1127.528,466.837,815.875,114.782,278.112,411.177,,237.392,40.794,34.405,4.578,24.633,9.84,42.086,20.39,20.25,51.329,24.668,348.216,,,54.666,131.958,583.119,141.148,,1011.655,147.676,59.512,14.97,16.99,77.525,31.302,,,11.868,25.162,15.032,9.201,25.89,63.558,8.894,,107.86,317.465,,70.29,,,95.181,165.457,18.189,13.398,6.69,24.44,,14.103,314.621,48.47,8.948,,362.648,69.72,25.735,22.5,,27.18,30.994,825.596,3.111,108.422,,,131.442
2012-09-28,1198.27,485.851,867.243,121.957,304.8,438.043,,244.267,41.454,35.568,4.673,25.216,10.05,44.596,21.83,21.02,55.46,25.1,355.618,,,55.466,136.604,608.069,145.868,,1057.224,157.674,58.509,14.32,17.83,82.889,32.624,,,12.03,26.68,15.5,9.461,25.395,65.259,8.986,,112.78,330.825,,71.366,,,97.105,165.714,18.056,13.714,6.555,25.83,,14.435,332.806,52.25,8.851,,387.142,70.62,25.38,22.12,,28.51,31.76,887.035,3.241,118.018,,,142.675
2012-10-12,1187.62,478.495,864.422,127.746,306.36,426.933,,240.497,42.185,36.234,4.767,25.647,10.16,44.166,21.57,20.64,54.447,25.292,358.162,,,56.01,140.009,617.186,146.356,,1065.049,160.699,58.308,15.13,18.84,81.576,33.773,,,11.85,26.588,16.004,9.604,25.485,67.695,9.308,,115.9,337.785,,69.681,,,101.459,167.126,19.479,14.1,6.45,25.69,,14.54,342.84,52.28,8.887,9.09,379.87,68.856,26.242,22.1,,27.96,31.76,868.207,3.241,116.225,,,134.952
2012-10-19,1231.758,502.922,900.077,141.972,315.144,438.043,,238.169,40.747,36.5,4.84,26.122,10.14,44.656,20.97,20.03,55.217,24.452,357.121,,,57.29,144.783,615.746,151.076,,1076.557,158.726,59.01,15.5,18.7,82.09,34.693,,,11.904,26.542,16.058,9.721,26.138,68.661,9.768,,115.54,351.625,,71.062,,,100.379,166.356,20.317,14.451,6.39,26.12,,14.383,339.077,54.95,8.814,8.69,383.698,79.98,26.8,22.26,,29.96,31.83,886.044,3.301,122.869,,,118.103
2012-10-26,1176.364,481.41,869.056,136.275,293.136,432.589,,240.201,39.91,35.968,4.767,25.604,9.78,42.396,20.46,19.72,52.26,23.276,349.604,,,53.642,133.545,606.15,144.566,,1046.177,156.095,55.045,14.45,18.37,78.152,31.244,,,12.21,25.024,15.95,9.162,25.125,64.02,9.63,,119.7,343.145,,67.365,,,94.27,158.907,18.96,13.608,6.27,25.62,,14.383,325.909,51.68,8.863,7.99,370.302,75.624,25.228,21.5,,29.38,31.412,864.243,3.231,117.596,,,114.709
2012-11-02,1210.177,493.484,893.833,144.127,290.424,455.01,,244.895,40.488,36.267,4.84,26.769,10.18,41.706,20.3,20.66,53.556,23.132,352.033,,,55.914,135.746,645.687,155.47,,1141.918,160.567,55.898,14.72,19.74,82.489,33.199,,,11.994,26.266,14.888,9.474,25.62,63.789,10.228,,125.34,341.625,,68.043,,,100.885,143.625,20.569,14.205,6.345,26.15,,14.558,335.106,55.4,8.973,8.4,373.364,77.388,25.532,21.87,,30.74,31.412,908.836,3.331,128.88,,,111.199
2012-11-09,1147.155,469.612,840.652,132.95,277.2,445.516,,246.706,39.592,35.735,4.808,26.445,9.92,41.266,19.52,20.06,51.369,22.1,345.672,,,53.962,137.487,637.818,152.622,,1122.586,159.515,54.794,16.24,19.21,82.832,33.601,,,11.76,25.576,14.312,9.344,24.338,60.429,10.504,,117.9,323.625,,66.639,,,98.354,143.24,20.117,13.784,6.3,25.49,,14.348,319.22,53.39,8.936,7.98,365.327,77.28,26.141,21.25,,31.86,30.136,882.081,3.251,123.291,,,111.55
2012-11-16,1098.738,444.353,801.976,120.787,263.16,436.225,,241.495,38.979,34.903,4.756,25.906,9.85,39.746,18.3,19.49,50.276,21.5,340.121,,,54.09,134.3,629.181,149.611,,1120.284,154.911,52.084,16.23,18.9,80.207,32.911,,,11.958,26.818,13.538,9.318,23.258,58.56,10.228,,114.62,323.625,,65.75,,,94.675,139.644,17.909,13.257,6.075,24.54,,14.12,315.248,51.05,8.899,7.21,362.648,78.72,24.924,20.97,,28.67,29.648,866.225,3.221,122.236,,,105.583
2012-11-23,1088.645,399.94,762.494,121.402,239.928,414.813,,235.766,39.203,35.136,4.777,26.402,10.07,39.776,18.74,19.83,51.045,20.468,337.924,,,51.05,127.695,632.828,144.321,,1131.792,153.201,52.234,16.48,18.72,83.003,34.176,,,11.814,26.542,13.61,8.889,23.708,58.35,10.044,,110.46,311.465,,65.165,,,92.583,135.792,17.829,13.503,6.105,24.55,,14.383,318.593,52.64,8.912,7.38,359.969,76.524,24.924,21.15,,27.79,30.02,889.017,3.261,125.716,,,106.987
2012-11-30,1059.716,389.669,766.321,116.568,244.32,409.359,,222.867,38.401,35.103,4.808,26.618,9.72,39.136,18.4,19.77,48.251,19.22,327.285,,,49.482,125.43,617.569,144.728,,1153.425,155.437,51.732,15.43,18.51,85.914,31.589,,,10.986,26.818,12.548,7.758,21.683,53.1,9.676,,111.3,313.385,,56.671,,,83.403,135.021,16.42,12.555,5.94,24.55,,14.26,315.039,53.75,8.96,6.56,331.647,75.048,21.932,20.46,,26.05,30.461,918.746,3.291,125.505,,,102.774
2012-12-07,979.625,370.794,724.019,107.977,223.68,411.985,,220.797,38.92,37.697,4.861,29.681,10.19,41.966,20.48,20.67,51.086,20.42,333.992,,,50.474,130.908,620.544,146.193,,1110.618,162.146,55.547,16.44,19.58,89.623,34.463,,,11.832,30.682,13.268,7.94,22.313,52.47,10.458,,117.42,333.305,,62.474,,,89.883,,17.018,13.082,6.015,25.52,,14.505,336.151,57.41,9.009,7.11,359.203,79.764,23.048,19.44,,25.41,31.134,963.339,3.491,132.782,,,110.146
2012-12-14,1022.089,366.908,736.306,115.152,224.16,427.741,,228.004,40.665,40.69,5.038,32.097,11.1,44.616,21.89,21.68,54.407,21.452,338.965,,,52.746,129.039,621.6,148.228,,1176.9,166.355,58.659,16.99,20.95,93.561,33.141,,,12.462,33.58,14.834,8.265,23.078,57.804,10.182,,122.38,343.625,,65.633,,,91.368,,17.297,13.433,6.195,26.1,,14.96,345.975,60.59,9.192,7.67,373.747,82.608,23.403,20.04,,26.27,32.085,1012.887,3.701,140.691,,,112.72
2012-12-21,1062.46,400.911,776.796,120.879,225.6,408.551,,219.984,40.558,41.355,4.944,32.184,10.95,45.046,22.06,21.36,55.784,21.74,326.591,,,54.858,130.806,625.151,147.821,,1251.468,179.378,62.624,18.62,22.6,99.667,37.797,,,12.066,31.786,15.806,8.291,23.775,57.153,10.044,,123.86,344.505,,67.833,,,94.776,,17.976,13.678,6.105,26.13,,14.855,344.93,58.94,9.143,8.11,397.476,87.0,23.301,20.8,,26.59,32.108,986.131,3.771,132.36,,,113.071
2012-12-28,1042.46,407.157,794.523,129.193,229.848,433.397,,233.179,41.702,44.879,5.038,34.578,11.34,46.466,22.87,22.34,61.008,22.796,351.801,,,55.978,140.662,651.732,151.32,,1242.262,179.773,64.481,19.32,23.6,103.205,38.314,,,12.318,32.016,15.374,8.616,24.54,59.925,10.596,,127.5,372.265,,73.729,,,101.29,,18.92,14.626,6.24,27.68,,15.118,364.16,59.36,9.192,8.34,424.267,90.42,24.924,21.35,,27.1,32.99,1054.507,4.021,143.327,,,121.73
2013-01-04,1017.531,402.577,801.372,128.115,228.024,459.252,,231.774,42.256,46.775,5.164,35.527,11.55,49.766,24.56,23.72,61.413,22.58,334.455,,,54.41,136.783,635.898,149.448,,1238.579,185.166,65.686,20.01,23.03,106.001,39.521,,,13.614,30.314,16.382,8.681,26.003,58.728,10.504,,118.14,340.505,,74.689,,,98.253,147.863,19.465,14.416,6.255,27.99,,15.223,360.607,60.98,9.302,8.47,417.377,88.44,24.467,21.95,,27.19,33.129,,4.121,154.189,,,125.826
2013-01-11,1037.623,414.79,825.142,133.873,245.856,482.28,,248.0,42.386,45.944,5.143,34.427,11.07,47.086,23.29,22.9,59.186,23.612,344.863,,,54.858,136.886,652.212,158.644,,1269.879,183.588,62.675,21.57,24.41,100.922,38.774,,,17.538,30.268,16.94,8.954,26.588,62.928,10.642,,119.78,355.865,,76.818,,,100.413,152.101,19.997,14.345,6.21,27.16,,15.118,368.341,57.83,9.363,8.22,389.439,87.36,26.85,21.81,,28.27,33.013,,3.851,147.229,,,127.815
2013-01-18,1002.74,398.136,788.278,132.857,239.568,545.504,,264.558,43.506,46.243,5.164,36.649,11.56,49.106,23.68,22.63,62.385,24.668,370.651,,,58.058,150.786,712.093,173.048,,1375.746,194.9,64.933,23.96,26.56,103.148,41.706,,,16.71,30.728,16.67,9.201,29.243,65.175,11.654,,135.26,406.425,,78.129,,,103.349,168.667,21.367,14.696,6.345,27.53,,16.063,376.284,59.21,9.375,10.18,409.723,94.128,29.03,22.35,,29.08,33.663,,3.971,155.244,,,131.091
2013-01-25,934.324,363.993,729.458,120.417,211.248,525.911,,265.926,42.539,46.575,5.174,38.85,12.8,48.246,22.9,22.03,62.547,22.844,383.372,,,55.722,151.631,746.736,169.224,,1375.286,186.613,66.891,22.46,29.31,100.751,46.074,,,15.522,29.44,15.752,8.551,28.005,61.269,11.102,,125.82,392.585,,79.088,,,98.961,160.834,21.593,14.17,6.195,26.69,,15.941,375.03,61.94,9.339,9.37,425.415,91.392,28.219,21.41,,27.39,33.593,1211.077,3.831,141.64,,,131.793
2013-02-01,887.488,370.378,709.918,109.917,194.208,551.968,,279.379,41.832,50.932,5.404,43.855,13.56,53.426,24.58,23.59,71.457,25.892,372.964,,,54.474,142.159,739.539,168.084,,1436.965,194.9,65.335,23.6,28.11,102.121,52.167,,,15.342,30.866,16.04,8.642,27.465,61.08,11.056,,121.46,386.345,,84.025,,,99.906,182.023,21.327,14.556,6.315,27.42,,16.606,389.87,66.65,9.4,10.2,478.996,96.792,27.712,21.88,,28.26,35.334,1236.842,3.861,144.487,,,139.633
2013-02-08,928.789,374.958,731.673,113.212,203.376,589.539,,287.88,44.414,48.471,5.299,41.589,12.79,54.546,23.79,22.24,70.485,28.34,384.182,,,60.362,156.175,755.756,178.663,,1440.647,192.533,65.937,25.43,30.16,110.966,56.248,,,15.18,30.406,16.598,8.798,28.658,63.915,11.01,,126.38,410.585,,87.138,,,118.975,180.61,21.979,14.837,6.405,27.66,,16.519,414.954,68.15,9.583,10.12,500.046,105.72,27.864,22.52,,29.88,35.659,1243.779,4.231,141.957,,,136.357
2013-02-22,918.231,373.015,760.076,125.036,208.8,569.339,,282.447,45.168,45.245,5.08,37.34,11.84,48.616,21.5,20.72,63.236,29.948,392.161,,,67.53,156.93,756.812,179.396,,1341.685,179.904,64.331,25.15,29.69,100.295,48.718,,,14.964,31.05,16.814,9.071,29.445,67.716,10.964,,130.34,413.465,,82.06,,,113.575,171.621,23.509,14.696,6.075,25.57,,15.906,390.497,59.75,9.302,9.23,444.551,97.908,26.901,22.15,,30.38,34.638,1173.421,3.991,135.313,,,130.857
2013-03-01,863.488,356.221,733.688,117.523,193.68,562.674,,283.445,44.473,45.245,5.111,42.798,12.53,48.606,21.29,20.48,67.529,35.66,396.672,,,67.05,163.804,749.519,181.675,,1438.346,182.798,66.941,25.55,30.28,99.667,52.225,,,15.54,28.98,18.794,9.006,31.358,70.005,10.688,,139.82,464.425,,84.002,,,118.165,165.2,27.06,15.258,6.075,25.46,,15.731,403.457,63.92,9.363,9.29,470.576,101.076,29.487,21.9,,29.08,35.032,1244.77,4.001,137.738,,,128.049
2013-03-08,911.44,359.552,729.659,130.024,196.584,583.883,,290.393,46.784,46.11,5.059,41.827,12.21,46.576,20.94,20.0,63.357,39.308,390.889,,,62.506,159.222,750.766,179.315,,1341.685,174.774,65.385,23.58,31.4,97.612,54.524,,,15.414,28.888,20.36,9.682,31.763,71.874,11.332,,141.06,457.305,,84.54,,,115.769,163.53,26.714,15.469,5.97,25.14,,15.836,387.571,58.49,9.326,9.3,427.328,102.336,28.016,21.54,,29.78,36.099,1137.747,3.701,124.556,,,145.483
2013-03-15,878.139,348.449,682.925,124.666,176.16,605.093,,284.554,45.51,43.583,5.122,39.669,11.65,44.576,20.45,19.58,59.915,36.092,386.61,,,64.522,163.714,758.251,176.141,,1352.732,173.196,64.732,23.37,32.68,91.506,49.638,,,14.19,27.692,18.668,9.682,31.875,72.84,11.148,,154.1,498.825,,79.65,,,110.538,150.56,26.74,14.556,5.76,24.67,,15.888,383.182,54.77,9.204,9.94,425.415,97.44,26.495,20.95,,30.44,35.566,1090.181,3.671,116.858,,,153.674
2013-03-22,841.303,336.374,655.328,112.565,166.296,657.005,,296.935,45.286,45.445,5.122,42.949,12.54,45.766,20.46,19.59,61.616,38.588,392.508,,,62.442,167.58,845.482,185.092,,1407.967,180.167,60.717,23.4,33.11,94.531,53.719,,,14.046,27.968,19.586,9.942,32.798,72.966,11.654,,160.98,539.305,,88.799,,,117.085,154.156,30.092,14.907,5.82,24.88,,16.273,398.022,57.89,9.168,10.35,436.896,94.164,25.583,20.85,,33.36,35.38,1141.711,3.641,128.458,,,152.738
2013-03-29,840.419,325.41,605.37,97.2,154.488,647.714,,319.296,46.607,43.782,4.986,36.628,11.59,44.426,19.89,19.27,56.999,34.532,393.78,,,61.098,167.222,831.663,188.754,,1388.174,176.09,60.968,22.07,32.76,90.079,55.616,,,13.164,26.588,18.038,9.019,32.955,68.43,11.24,,156.06,558.825,,89.337,,,122.924,153.385,29.334,14.345,5.745,24.6,,16.133,423.733,55.46,9.034,9.24,403.982,96.252,24.518,19.75,,33.18,35.589,1117.928,3.541,125.611,,,143.143
2013-04-05,817.117,319.997,613.025,93.166,151.32,617.414,,288.989,46.206,44.314,5.028,36.304,11.65,43.416,20.24,19.54,56.796,37.076,362.325,,,59.85,156.393,786.848,184.035,,1394.158,178.984,61.57,21.73,30.29,89.509,54.581,,,12.876,26.542,18.524,8.577,30.705,68.64,11.378,,150.5,533.945,,83.511,,,120.156,150.817,27.326,13.924,5.64,24.67,,15.958,419.552,58.22,9.18,9.07,411.254,96.432,22.186,19.68,,30.02,34.986,1161.53,3.561,129.407,,,141.973
2013-04-12,856.093,327.353,621.889,103.389,154.704,626.504,,310.869,46.512,42.618,5.007,37.447,11.46,43.806,21.03,19.41,55.176,36.572,357.121,,,59.754,153.974,796.157,181.268,,1279.085,175.827,62.173,21.3,29.05,92.876,61.479,,,14.388,26.312,19.73,8.46,31.2,66.183,11.286,,151.3,535.785,,81.592,,,120.696,142.855,27.618,13.784,5.625,24.27,,15.503,424.569,60.17,9.18,8.84,407.044,98.736,24.265,19.8,,30.18,33.408,1133.783,3.631,125.822,,,140.803
2013-04-19,888.65,329.573,616.45,99.293,153.168,642.058,,320.036,48.528,43.749,5.049,38.548,11.73,45.556,21.78,19.79,59.631,42.26,357.121,,,62.762,156.713,831.183,191.44,,1346.288,185.692,60.667,22.65,31.91,96.072,65.33,,,13.704,26.772,20.918,8.512,34.035,66.939,11.562,,154.54,595.145,,81.849,,,126.063,153.514,30.943,14.065,5.325,24.14,,15.678,449.234,62.09,9.131,8.74,409.723,102.84,25.025,20.45,,31.08,33.57,1231.887,3.751,138.055,,,143.377
2013-04-26,864.279,319.997,583.816,87.284,144.912,598.427,,311.091,47.68,42.186,4.986,38.483,11.18,42.466,20.36,18.88,58.011,39.092,357.584,,,61.546,161.526,828.784,187.941,,1269.879,177.274,67.644,24.55,36.19,90.65,62.571,,,13.542,25.116,20.36,8.564,34.575,61.731,11.148,,146.78,600.585,,84.657,,,127.581,158.008,27.073,13.433,5.235,23.31,,15.608,432.094,57.14,9.119,8.68,393.266,113.568,24.62,18.76,,31.03,33.663,1144.683,3.611,127.193,,,144.781
2013-05-03,857.116,315.417,573.543,83.682,138.84,600.447,,328.13,47.196,42.851,5.017,39.475,11.34,43.746,20.59,19.07,59.793,40.82,363.944,,,62.698,158.518,865.634,195.672,,1298.878,182.141,71.007,26.2,36.31,92.705,65.962,,,13.92,24.748,21.242,8.694,40.155,65.217,11.148,,149.9,630.505,,85.289,,,128.864,166.227,28.31,13.819,5.19,23.32,,15.766,449.652,57.5,9.217,8.41,378.722,118.5,25.228,19.0,,31.37,34.197,1180.358,3.741,131.516,,,155.195
2013-05-10,971.811,336.652,618.665,88.978,150.696,592.771,,324.73,47.067,44.181,5.049,38.699,11.41,43.756,20.94,19.02,58.902,53.036,374.815,,,63.626,165.199,869.089,202.345,,1313.607,181.878,71.81,33.98,39.13,96.414,65.905,,,13.524,27.554,23.366,8.837,42.068,66.939,11.24,,143.58,613.225,,96.638,,,133.15,175.73,31.595,14.24,5.22,23.72,,16.116,445.262,57.08,9.314,8.92,385.229,126.816,25.938,19.47,,32.38,35.194,1216.032,3.921,132.255,,,163.854
2013-05-17,966.23,340.121,619.471,88.855,153.504,613.576,,322.068,47.868,47.872,5.101,38.181,11.56,43.106,20.81,18.9,59.51,52.724,380.481,,,66.73,162.601,860.452,204.542,,1264.816,179.115,72.362,36.4,37.82,93.732,61.651,,,15.126,29.302,24.374,9.435,47.693,74.52,11.654,,158.22,642.025,,97.574,,,133.319,181.124,35.971,14.486,5.145,23.97,,16.379,444.217,57.41,9.314,8.77,382.55,130.2,27.712,20.99,,33.11,35.241,1274.498,4.051,135.102,,,168.067
2013-05-24,989.578,351.086,636.997,96.461,156.384,563.886,,308.763,48.245,46.708,5.101,39.065,11.59,42.546,20.38,18.65,59.064,56.084,350.529,,,72.65,157.839,873.407,197.95,,1317.75,177.931,72.813,35.0,37.53,92.705,64.18,,,18.222,29.67,28.424,9.279,45.78,78.447,12.758,,159.98,680.585,,101.037,,,139.428,178.299,36.277,15.188,5.16,23.69,,16.273,432.93,55.64,9.204,9.23,382.932,127.572,27.56,21.21,,32.93,34.707,1249.725,3.941,133.836,,,163.269
2013-05-31,971.765,344.979,624.709,92.242,160.416,577.823,,328.943,49.012,46.941,5.122,39.303,11.6,42.566,20.21,18.76,60.32,51.236,367.529,,,73.034,158.786,874.847,197.218,,1307.163,175.432,77.833,35.29,37.4,94.816,61.824,,,16.548,29.394,26.282,9.292,52.958,74.058,12.574,,151.94,660.905,,99.446,,,155.898,176.244,39.149,15.293,5.16,23.3,,16.361,426.241,55.01,9.107,9.19,373.364,125.628,28.118,21.55,,32.89,36.007,1256.661,3.941,136.051,,,159.876
2013-06-07,997.713,334.847,596.306,87.962,152.112,574.389,,321.255,48.269,45.578,5.111,36.067,11.1,40.756,19.53,18.0,56.796,47.636,361.446,,,72.006,158.748,817.269,187.046,,1245.023,171.223,72.863,32.9,36.77,91.563,59.352,,,15.27,26.542,25.364,8.382,59.595,71.013,11.792,,149.58,638.185,,92.192,,,151.139,169.309,34.681,14.38,5.07,23.01,,16.028,410.146,51.71,8.948,8.53,358.055,122.928,26.293,19.81,,30.4,34.429,1180.358,3.791,128.479,,,153.557
2013-06-14,987.294,324.577,594.09,89.625,146.04,,,317.411,48.08,44.48,5.101,34.859,10.64,39.816,19.0,17.2,53.637,48.98,370.987,,,73.926,165.084,820.628,191.521,,1207.74,168.723,69.852,33.5,35.92,89.109,57.053,,,16.314,26.726,26.588,8.434,59.595,72.336,12.16,,157.42,650.505,,90.554,,,161.669,161.861,35.226,13.924,4.965,21.95,,15.643,396.559,48.44,8.814,8.42,337.771,126.096,25.025,19.7,,30.57,33.222,1128.828,3.741,123.734,,,148.292
2013-06-21,974.039,320.274,590.464,91.565,153.312,650.137,,321.847,47.927,42.818,4.955,32.594,10.13,40.066,18.93,17.03,52.463,49.604,353.178,,,67.718,181.622,848.073,192.417,,1228.453,163.461,67.543,32.6,34.8,82.547,54.179,,,17.34,26.128,27.776,8.239,54.713,69.795,11.24,,147.42,609.865,,89.384,,,157.315,164.686,34.202,13.573,4.56,20.81,,15.1,390.707,45.8,8.495,7.93,315.573,127.68,26.293,19.59,,29.91,33.593,1050.543,3.491,118.672,,,151.451
2013-06-28,979.62,304.591,570.723,82.696,139.92,645.29,,309.798,47.915,42.452,5.204,31.17,9.47,37.716,17.53,15.95,48.737,65.78,341.347,,,68.966,,821.683,183.383,,1226.612,157.016,66.991,29.91,36.29,81.006,55.846,,,17.286,24.84,29.378,7.459,53.925,66.96,10.412,,143.26,615.785,,92.66,,,157.113,165.97,32.792,12.169,4.11,19.76,,15.241,393.006,45.2,8.226,6.91,307.153,130.524,22.135,18.74,,29.75,32.015,1045.588,3.441,111.501,,,161.28
2013-07-05,1001.713,305.701,573.14,81.126,137.328,726.088,,337.296,49.236,41.355,5.131,30.63,9.31,37.466,17.41,15.79,48.575,68.228,366.535,,,70.022,187.578,916.783,190.789,,1258.372,164.908,66.489,37.09,38.0,82.261,54.754,,,17.142,25.944,26.336,7.914,61.62,75.308,10.412,,154.3,649.065,,90.226,,,164.031,181.252,35.412,12.731,4.695,20.04,,15.856,418.089,45.68,8.251,7.31,292.609,143.556,23.707,19.3,,30.67,33.733,1080.271,3.381,116.774,,,165.375
2013-07-12,963.062,306.534,583.011,80.017,133.968,729.926,,338.331,50.014,42.518,5.142,33.122,9.71,37.966,18.03,15.94,50.397,82.196,381.927,,,72.806,189.138,974.169,193.719,,1260.673,165.566,65.485,35.67,36.9,82.718,56.306,,,18.528,28.198,28.658,7.953,66.525,72.189,10.458,,160.78,672.105,,89.852,,,175.979,178.555,35.838,12.801,4.53,20.03,,15.961,412.027,47.84,8.348,7.58,298.35,147.12,22.997,19.84,,31.53,34.057,1100.091,3.461,122.046,,,172.279
2013-07-19,903.529,294.321,553.802,77.77,129.36,711.948,,322.068,48.776,40.191,5.131,30.857,9.3,36.346,17.96,15.3,48.696,87.044,419.962,,,76.486,186.975,970.33,188.429,,1187.947,162.935,65.836,35.31,35.08,78.723,51.88,,,20.4,28.198,30.89,7.654,67.92,66.551,11.194,,165.42,665.865,,87.231,,,193.495,216.696,36.769,13.292,4.305,19.7,,15.874,389.661,46.49,8.312,6.97,281.51,148.56,23.099,18.77,,30.43,33.756,1016.85,3.391,114.348,,,
2013-07-26,898.692,293.627,581.802,76.569,129.648,751.337,,326.134,52.278,39.592,5.089,30.76,9.27,35.556,18.49,15.39,50.883,85.652,447.44,,,87.622,190.461,1041.151,196.648,,1292.433,162.935,63.678,34.16,38.03,79.351,52.684,,,21.498,27.094,30.062,7.758,64.523,67.59,10.136,,175.1,690.025,,90.32,,,207.029,213.999,38.631,13.292,4.38,19.68,,15.926,383.182,50.18,8.361,7.5,287.634,146.652,22.896,19.24,,31.06,33.129,996.04,3.456,113.399,,,193.926
2013-08-02,903.622,293.627,553.802,75.245,129.72,740.429,,314.307,53.068,39.825,5.089,30.404,9.39,35.276,18.62,15.58,52.017,80.9,437.136,,,84.678,185.195,1030.979,193.963,,1303.02,165.829,62.223,34.53,37.86,80.036,52.684,,,21.516,26.45,32.672,7.927,67.403,73.544,9.906,,173.9,628.905,,85.64,,,195.588,227.868,39.442,13.819,4.35,19.97,,15.926,393.215,50.3,8.361,7.56,288.016,154.248,22.744,19.32,,31.76,34.266,1058.47,3.526,122.257,,,191.001
2013-08-09,888.739,291.684,552.795,76.63,131.52,761.437,,311.572,54.541,39.426,5.089,30.63,9.43,35.976,18.17,15.65,52.949,74.372,466.139,,,81.478,189.799,1020.711,202.914,,1361.938,168.723,64.13,35.49,45.07,84.943,61.594,,,25.962,27.692,31.952,8.239,64.118,84.6,10.136,,169.1,634.665,,92.941,,,182.358,224.915,49.071,15.223,4.485,19.94,,15.646,394.887,51.65,8.373,7.79,292.609,144.996,23.099,20.28,,34.99,34.475,1035.679,3.496,121.73,,,192.756
2013-08-16,896.041,305.285,566.09,78.847,133.512,709.928,,301.371,52.03,40.423,5.131,33.575,9.69,37.346,18.92,16.02,53.516,74.66,408.386,,,80.806,186.255,974.169,193.312,,1352.732,170.302,65.184,33.47,43.76,86.541,59.639,,,24.468,26.68,29.684,8.681,65.355,80.852,10.274,,165.98,663.465,,86.108,,,162.648,207.963,47.901,14.31,4.515,20.44,,15.628,418.298,52.61,8.47,7.71,303.325,150.396,26.039,19.6,,33.35,34.382,1049.552,3.596,123.312,,,192.522
2013-08-23,889.483,295.431,566.291,75.552,127.272,711.948,,303.588,51.004,38.994,5.069,34.158,9.55,36.736,18.56,15.68,51.491,80.42,437.39,,,90.886,184.048,1057.273,194.451,,1315.908,170.565,67.091,35.96,44.76,83.06,60.961,,,27.042,26.818,33.032,9.136,81.825,94.05,9.998,,185.26,705.385,,86.061,,,165.719,232.106,57.317,17.89,4.38,20.28,,15.296,408.892,52.79,8.348,7.54,300.264,166.308,25.786,20.08,,34.16,36.285,1016.85,3.486,118.461,,,207.382
2013-08-30,869.902,295.292,583.212,76.168,127.872,719.422,,299.005,50.945,39.326,5.079,34.902,9.88,37.816,19.25,16.12,53.597,74.132,413.22,,,85.926,174.634,1003.917,184.279,,1319.13,182.404,69.35,31.77,45.48,83.574,62.571,,,27.69,28.106,34.274,8.72,79.778,85.23,9.906,,196.78,698.505,,84.236,,,159.07,231.079,50.853,16.241,4.65,20.36,,15.436,410.982,50.48,8.678,7.79,305.622,160.872,25.025,19.69,,37.87,42.226,1006.941,3.486,117.09,,,203.989
2013-09-06,783.858,285.577,564.881,70.595,122.952,814.157,,315.268,52.561,40.983,5.089,37.458,10.02,38.726,19.57,16.24,53.759,85.22,426.323,,,96.166,175.575,1042.207,188.429,,1292.894,180.562,69.149,36.52,46.72,84.201,65.043,,,26.772,28.52,40.79,9.227,88.485,89.987,9.86,,199.5,695.625,,86.014,,,168.824,253.681,60.842,16.697,4.65,20.8,,15.471,402.412,52.49,8.91,7.95,312.894,171.6,26.8,20.0,,38.59,42.806,1015.859,3.476,116.246,,,212.063
2013-09-13,791.95,295.57,596.709,74.044,127.92,831.125,,329.904,52.69,44.595,5.173,40.306,11.02,40.756,21.45,16.98,62.466,96.74,419.708,,,91.462,174.796,1015.145,184.686,,1359.636,188.718,72.161,40.52,46.05,89.965,64.238,,,24.81,28.658,43.58,9.539,83.355,84.443,10.366,,195.5,694.665,,83.253,,,154.109,262.798,66.069,22.102,4.695,21.21,,15.733,415.372,53.69,8.897,7.96,339.684,165.228,25.634,20.25,,37.35,42.945,1074.326,3.656,125.421,,,200.011
2013-09-20,744.882,282.523,569.917,68.563,121.536,821.429,,323.547,51.629,41.993,5.089,38.753,10.51,40.846,20.58,16.53,60.725,99.092,419.581,,,92.294,180.488,1032.61,183.139,42.24,1302.1,,69.551,39.0,48.63,88.253,61.939,,,28.608,28.612,49.61,9.578,81.6,84.915,10.09,,196.62,694.025,,79.416,,,154.885,261.129,71.335,28.596,4.62,20.87,,15.751,399.695,51.8,8.727,7.72,326.672,166.56,26.749,19.83,,42.27,40.23,1023.787,3.556,119.41,,,196.851
2013-09-27,708.418,275.723,547.96,63.79,113.592,904.449,,369.599,54.813,40.634,5.037,36.746,10.07,38.966,19.51,16.09,58.983,96.26,461.051,,,93.446,182.371,1140.665,188.917,43.0,1374.365,,69.149,38.19,50.2,85.914,61.249,,,28.86,30.084,49.718,8.759,79.823,90.9,9.906,,213.98,730.505,,81.896,,,163.728,275.769,67.093,26.525,4.545,20.47,,15.313,395.723,50.36,8.556,7.29,315.955,173.868,25.786,19.56,,41.65,39.743,967.303,3.476,111.923,,,205.51
2013-10-04,717.162,276.278,552.996,63.574,113.784,915.963,,369.008,54.129,41.1,5.037,36.682,10.11,38.856,19.52,16.07,58.7,103.604,468.683,,,100.87,180.106,1138.841,187.29,43.24,1341.685,,69.35,39.36,51.95,86.256,61.651,,,30.444,31.05,52.256,8.941,85.178,90.207,9.952,,214.3,733.385,,84.564,,,162.411,282.318,68.622,27.262,4.59,20.45,,15.348,397.813,49.88,8.556,7.33,317.104,184.092,26.191,19.69,,41.99,40.323,974.239,3.496,111.184,,,206.329
2013-10-11,724.51,274.612,537.687,62.681,114.024,949.898,,379.8,54.848,41.177,5.069,38.105,10.39,39.556,19.84,16.2,58.74,117.956,449.729,,,104.71,174.56,1120.033,188.348,45.53,1365.62,221.604,74.821,39.9,52.93,90.707,70.216,,,33.666,33.258,56.252,9.227,95.528,88.664,10.182,,213.9,734.985,,89.15,,,178.544,280.777,71.256,30.842,4.575,20.36,,15.401,408.683,51.8,8.617,7.33,319.4,213.72,25.583,20.32,,40.84,40.601,1004.959,3.546,114.243,,,220.137
2013-10-18,749.905,276.694,540.91,62.897,115.176,997.165,,371.226,58.927,39.974,5.016,36.682,10.2,38.866,19.31,16.02,57.525,99.572,421.871,,,103.014,172.03,1104.391,188.673,46.01,1361.938,213.58,73.365,40.75,51.52,89.566,70.561,,,31.65,34.5,52.22,9.188,87.63,85.545,9.86,,211.5,710.665,,86.202,,,159.846,276.539,74.341,26.876,4.575,20.61,,15.226,411.609,52.79,8.592,7.1,317.104,199.32,25.127,20.66,,39.55,40.044,978.203,3.506,109.392,,,210.776
2013-10-25,720.836,268.922,542.118,60.495,108.096,931.315,,369.599,57.277,39.896,4.954,38.235,10.54,38.416,18.51,15.69,56.067,87.428,413.348,,,99.334,164.602,1051.035,179.721,47.7,1420.395,215.947,74.821,40.95,44.43,88.767,66.307,,,29.004,33.626,57.332,8.837,87.293,86.27,9.906,,195.42,648.105,,92.192,,,144.085,253.424,60.815,25.718,4.455,19.94,,14.771,414.535,49.34,8.361,6.78,302.177,195.36,24.721,20.01,,39.75,37.654,951.447,3.466,106.333,,,190.182
2013-11-01,713.627,250.602,528.42,59.91,107.04,811.33,,365.608,58.067,41.061,5.016,39.109,10.51,40.716,19.32,16.46,57.444,95.876,416.655,,,96.806,155.629,1013.418,161.818,47.76,1527.643,221.078,77.13,38.07,44.56,92.077,71.883,,,28.194,34.822,57.8,9.721,91.23,80.19,10.136,,193.5,660.425,,87.933,,,146.684,242.765,58.594,22.98,4.395,20.2,,15.173,418.507,51.41,8.409,6.8,300.646,185.316,23.91,21.07,,36.23,39.812,1000.004,3.596,109.286,,,189.948
2013-11-08,718.092,252.128,525.399,62.065,106.464,771.133,,343.358,54.176,39.78,4.995,36.423,10.25,39.236,18.65,15.94,53.759,91.028,391.213,,,95.75,140.979,953.824,151.157,45.66,1448.933,208.318,75.875,35.09,41.47,92.933,67.112,,,29.742,32.936,58.106,10.579,84.3,81.734,9.86,,192.7,669.705,,81.849,,,144.456,247.645,54.923,22.489,4.335,19.87,,14.788,420.597,50.27,8.385,6.6,297.202,180.06,23.707,22.01,,33.74,39.255,948.475,3.506,103.381,,,185.618
2013-11-15,752.044,256.847,554.809,66.5,113.76,853.344,,350.897,56.392,38.886,4.964,35.84,10.1,41.336,19.66,16.31,55.703,95.54,411.821,,,101.926,146.966,984.725,165.155,46.2,1495.422,220.42,77.632,35.9,40.22,94.873,67.629,,,30.57,34.73,56.684,10.163,86.82,83.97,9.86,,206.22,684.585,,87.512,,,150.16,267.807,61.573,21.26,4.32,20.01,,14.893,435.856,53.27,8.397,6.77,299.881,182.796,24.265,29.25,,35.76,39.952,952.438,3.536,103.381,,,190.767
2013-11-22,728.929,256.292,541.715,65.237,110.544,807.492,,350.528,58.09,41.333,5.037,35.517,10.25,43.236,21.63,17.64,60.279,91.7,431.03,,,100.358,144.98,955.936,161.574,46.58,1541.912,235.679,79.439,37.0,42.8,96.186,67.629,,,30.498,35.926,53.462,10.995,83.963,84.285,10.136,,200.78,658.185,,84.376,,,150.194,271.274,61.241,22.594,4.38,20.55,,15.138,450.488,54.29,8.446,6.9,301.412,191.76,25.025,27.27,,34.97,40.88,931.628,3.536,100.217,,,202.936
2013-11-29,742.742,258.929,545.744,66.592,112.104,835.973,,359.029,57.1,41.061,4.974,35.161,10.44,44.716,21.52,17.98,61.17,91.844,437.008,,,104.646,154.114,1013.514,168.003,47.91,1555.26,240.02,83.555,37.86,45.85,96.813,70.676,,,29.508,35.558,55.748,10.631,90.375,94.176,10.09,,200.86,675.305,,106.7,,,159.576,271.788,66.694,22.453,4.365,20.69,,15.208,472.854,58.64,8.678,7.06,303.708,213.18,25.431,32.25,,35.48,40.207,937.574,3.556,100.85,,,202.819
2013-12-06,730.231,260.456,555.01,66.869,111.936,808.704,,367.899,58.09,41.333,4.985,35.452,10.67,46.066,21.45,18.53,61.98,81.188,436.754,,,89.35,150.378,1015.337,175.815,48.4,1609.575,251.596,86.616,38.02,47.52,99.267,75.504,,,28.41,38.87,49.88,9.513,76.245,88.034,10.09,,177.58,633.865,,97.714,,,154.919,251.626,61.507,20.453,4.335,20.83,,15.243,478.288,59.96,8.8,7.08,310.98,189.816,23.251,26.07,,34.95,39.905,928.655,3.716,101.904,,,190.416
2013-12-13,719.301,253.239,543.125,68.008,110.04,796.18,,350.084,57.418,40.246,4.891,34.158,10.62,45.436,20.41,17.8,60.401,81.908,463.977,,,90.022,145.156,975.224,178.257,50.15,1697.49,274.747,84.659,38.73,47.52,96.813,75.389,,,27.492,39.238,53.084,9.422,76.2,93.263,10.044,,192.14,668.905,,99.025,,,167.44,261.514,58.714,20.769,4.26,20.05,,14.876,486.231,58.07,8.58,6.92,301.029,201.804,23.149,27.3,,35.64,39.557,915.773,3.666,99.373,,,186.554
2013-12-20,673.953,237.417,525.399,62.497,100.872,850.719,,345.501,56.616,38.809,4.734,32.216,10.46,42.126,19.42,16.77,58.538,73.652,475.171,,,91.878,142.023,928.106,171.258,51.78,1523.04,252.648,79.188,36.55,39.13,86.541,66.595,,,27.888,37.95,51.59,9.006,75.053,89.42,9.538,,190.22,677.705,,97.808,,,154.818,243.022,58.115,20.242,4.095,19.41,,14.648,459.685,55.37,8.361,6.56,270.411,185.172,22.085,24.49,,34.05,39.719,847.397,3.446,92.202,,,176.725
2013-12-27,671.86,237.278,517.744,63.451,99.864,817.389,,370.043,59.481,38.731,4.745,32.669,10.37,43.996,20.47,17.45,59.186,72.548,481.913,,,100.71,140.67,995.856,177.199,49.78,1598.988,269.749,79.389,36.96,42.58,88.196,69.526,,,,39.974,54.236,9.279,75.413,101.295,9.998,,188.94,679.625,,107.73,,,160.825,260.615,61.6,19.961,4.185,19.48,,14.858,479.333,56.15,8.422,6.67,273.473,205.44,22.287,27.65,,34.44,39.093,865.234,3.416,93.046,,,165.375
2014-01-03,661.535,237.278,522.579,66.099,106.896,761.033,,365.386,59.717,39.508,4.724,32.022,10.3,43.446,19.68,16.83,58.457,76.052,499.595,,,100.23,145.553,992.881,176.548,48.07,1545.594,259.094,75.373,38.41,43.15,85.799,68.836,,,,40.848,61.652,9.461,81.555,113.895,9.952,,190.3,692.745,,101.084,,,160.488,262.542,62.398,19.224,4.14,19.15,,14.525,472.854,52.25,8.324,6.47,270.028,211.956,23.048,26.76,,34.84,38.118,846.406,3.356,92.519,,,176.725
2014-01-10,639.629,229.922,491.557,62.004,102.912,801.432,,362.355,56.581,40.634,4.692,32.087,10.33,42.726,19.0,16.56,55.581,72.26,486.111,,,98.086,142.965,955.36,163.934,46.46,1476.09,252.779,75.875,37.01,40.62,83.574,63.663,,,,42.688,55.91,8.577,87.675,115.722,9.86,,171.5,644.105,,95.047,,,155.088,245.59,61.347,20.593,3.99,18.27,,14.14,448.607,50.72,8.043,5.96,250.127,218.4,21.476,24.29,,34.69,37.376,800.822,3.256,87.773,,,165.375
2014-01-17,644.419,230.616,492.161,61.357,105.12,772.546,,385.271,55.402,39.741,4.567,30.663,9.88,44.016,18.97,16.86,56.108,74.66,478.479,,,110.822,131.521,943.94,167.921,46.9,1411.189,275.8,73.867,37.4,36.96,81.12,63.778,,,29.886,43.562,61.634,8.798,93.188,121.14,9.722,,175.42,612.105,,97.808,,,168.689,236.858,62.172,22.243,4.005,18.01,,14.14,450.906,54.14,7.995,6.05,249.744,222.36,21.425,24.51,,34.33,36.517,771.094,3.256,85.559,,,159.408
2014-01-24,715.115,235.89,476.449,63.205,108.312,791.938,,382.609,54.365,39.197,4.557,30.922,10.09,43.686,18.95,16.61,57.363,85.844,470.464,,,114.566,132.889,902.196,166.375,48.61,1500.025,300.267,75.825,38.6,37.3,84.259,67.054,,,31.758,42.596,66.89,9.11,,117.675,9.86,,183.5,632.265,,105.39,,,171.288,256.121,63.369,29.158,4.095,18.15,,14.403,467.837,54.8,8.043,6.24,258.164,235.248,22.237,25.37,,35.93,36.68,841.452,3.316,93.257,,,170.524
2014-01-31,699.767,229.644,457.715,57.416,105.168,729.522,,357.181,53.103,38.925,4.567,30.792,10.08,42.296,18.32,15.98,55.824,92.948,482.676,,,106.086,126.946,896.726,158.563,46.86,1424.537,292.111,75.925,38.65,37.42,83.117,64.583,,,27.87,42.32,65.45,9.305,,111.155,9.998,,172.78,590.665,,107.636,,,184.956,288.225,59.565,28.736,4.05,17.62,4.03,14.263,471.599,52.67,8.056,6.1,256.633,252.996,22.592,24.39,,34.2,36.192,800.822,3.266,88.933,31.08,,167.365
2014-02-07,707.627,230.477,455.096,57.323,108.264,753.761,,351.119,53.032,38.809,4.557,30.792,10.13,41.366,18.07,15.83,55.419,94.244,477.461,,,108.326,124.813,869.089,159.539,45.71,1442.489,296.32,78.786,39.5,37.01,82.946,62.226,,,27.906,41.676,68.096,9.409,,111.627,10.228,,173.1,601.545,,106.7,,,187.319,287.327,60.695,29.122,4.035,17.74,4.1,14.21,470.763,54.77,8.056,6.14,255.102,254.58,23.048,24.49,,34.39,36.076,803.795,3.266,89.671,30.62,,172.045
2014-02-14,749.533,241.858,482.693,60.587,129.408,760.629,73.58,355.924,52.914,39.547,4.588,32.507,10.42,42.226,18.51,16.31,56.999,89.636,491.581,,,119.462,134.271,878.205,167.596,46.29,1575.053,288.822,79.489,48.43,38.56,86.085,65.56,,,28.806,46.322,68.114,9.656,,115.754,10.32,,173.74,596.265,,117.885,,,181.885,280.007,64.034,27.367,4.305,17.86,4.34,14.228,467.837,54.5,8.129,6.37,265.053,273.984,23.707,26.28,,38.76,37.213,799.831,3.276,89.144,38.27,,170.056
2014-02-21,778.276,247.826,469.6,59.448,132.48,752.751,70.85,355.333,51.7,38.77,4.598,31.181,10.25,42.186,18.35,16.42,53.394,83.252,477.843,,,116.006,141.347,856.134,162.795,44.7,1523.04,285.797,80.192,46.7,36.21,86.427,62.284,,,27.402,46.414,69.41,,,106.398,10.964,,190.78,593.385,,120.272,,,187.859,263.697,69.739,29.719,4.245,18.17,4.48,14.175,455.086,52.16,8.092,6.25,258.547,280.32,24.924,25.4,,37.43,36.796,779.021,3.266,85.031,38.18,,173.449
2014-02-28,782.648,238.388,466.578,57.354,131.928,722.856,70.25,337.37,51.735,37.256,4.494,30.048,10.09,41.656,18.04,16.11,52.787,78.356,465.376,,,130.278,126.549,839.82,157.342,38.94,1396.459,253.569,76.377,56.91,31.76,81.519,58.202,,,22.812,43.424,61.508,10.267,,111.848,11.286,,179.02,487.305,,104.032,,,172.098,266.394,71.827,25.718,4.26,17.58,4.34,14.158,424.36,50.27,7.921,5.95,249.361,267.432,22.845,23.4,,38.49,34.986,735.419,3.096,78.177,34.85,,165.96
2014-03-07,854.6,250.741,480.478,58.216,133.536,717.402,67.8,331.9,51.629,36.285,4.483,29.757,9.95,40.696,17.68,15.87,51.531,83.06,441.206,,,136.102,131.785,867.362,158.4,40.49,1396.92,243.966,84.107,56.0,31.68,81.976,58.317,,,23.532,43.976,60.176,10.878,107.633,119.786,10.918,,169.26,448.105,,104.407,,,170.781,265.624,70.724,25.753,4.215,17.23,4.26,13.738,426.868,49.67,7.873,6.03,248.596,276.72,25.38,24.39,,37.42,35.519,789.922,3.056,79.864,34.29,,165.375
2014-03-14,847.065,270.449,520.766,62.65,137.664,771.738,68.87,336.557,50.332,35.819,4.389,29.433,9.99,39.836,17.06,15.35,50.357,77.396,451.892,,,122.47,128.182,851.048,155.145,41.8,1389.095,240.02,77.833,50.23,33.34,80.72,59.007,,,24.18,41.952,60.068,10.462,91.275,117.014,10.55,,168.38,506.505,,95.702,,,160.184,281.162,68.556,25.226,4.14,16.84,4.15,13.51,418.089,48.26,7.812,5.81,250.892,278.16,26.597,23.41,,34.88,33.64,815.687,3.026,80.708,34.78,,153.557
2014-03-21,882.088,267.951,503.039,60.772,139.512,749.519,67.7,316.746,49.802,36.906,4.494,31.213,10.15,40.656,17.46,15.73,51.693,82.052,443.751,,,125.606,118.297,821.683,151.483,40.85,1367.461,226.734,78.435,51.4,32.17,81.805,54.926,,,22.596,41.63,57.044,10.384,84.075,115.848,10.642,,149.26,476.105,,89.384,,,155.256,,72.0,23.436,4.11,17.3,4.27,13.825,412.445,51.2,7.885,5.8,247.83,272.472,31.819,24.44,,35.35,34.359,863.253,3.096,82.922,35.04,,164.673
2014-03-28,794.834,256.847,474.636,54.737,126.0,721.038,66.39,305.806,48.623,36.984,4.619,31.537,10.09,40.526,17.7,15.72,52.098,83.012,426.45,,,113.158,111.766,813.91,150.75,42.85,1389.555,226.997,76.528,49.1,33.73,88.253,57.168,,,23.748,41.814,52.058,10.956,77.145,111.753,10.504,,140.78,455.145,,84.704,,,152.59,,71.069,21.787,4.095,17.57,4.11,13.843,417.88,54.68,8.08,5.76,244.003,256.776,27.408,22.66,,33.31,35.334,874.153,3.206,88.301,34.51,,158.238
2014-04-04,847.949,264.758,475.039,55.26,138.912,758.609,68.64,327.243,49.106,37.333,4.588,31.537,10.11,42.076,17.88,16.06,53.111,93.188,429.885,,,113.222,112.545,797.5,150.832,46.01,1429.6,224.892,74.62,49.69,34.79,89.109,62.341,,,25.314,40.71,50.996,11.294,76.695,117.36,10.78,,153.58,484.425,,93.175,,,158.766,,65.018,23.015,4.08,17.79,4.12,13.983,431.258,56.12,8.226,5.87,248.213,251.484,28.067,23.2,,34.36,34.313,873.162,3.196,93.046,32.65,,163.269
2014-04-11,903.855,278.637,496.391,56.738,136.704,811.936,72.53,339.957,51.877,39.042,4.682,34.222,10.42,44.366,19.3,17.0,58.457,89.06,446.804,,,120.134,125.004,857.669,157.017,47.9,1560.323,238.31,77.983,49.75,36.25,94.417,64.755,,,26.286,42.642,50.834,12.23,81.195,116.037,10.872,,150.3,479.305,,92.66,,,163.12,360.397,68.742,27.227,4.125,18.83,4.17,14.333,424.151,60.38,8.458,5.87,252.423,261.96,27.256,23.09,,36.15,36.192,857.307,3.356,91.464,32.69,,174.034
2014-04-18,900.273,271.559,484.909,55.876,140.376,776.99,70.61,318.003,52.136,37.566,4.63,33.154,10.22,42.726,18.43,16.44,56.958,90.02,442.478,,,122.726,120.062,835.982,151.157,46.7,1485.296,226.471,77.582,49.28,35.26,91.449,71.078,,,27.24,43.056,51.572,13.218,77.415,123.44,10.734,,154.22,482.185,,97.714,,,156.88,360.654,65.763,25.718,4.08,18.13,4.11,14.07,413.908,57.47,8.251,5.79,245.151,249.36,27.408,22.79,,35.52,35.543,840.461,3.226,88.406,35.52,,171.109
2014-04-25,850.879,265.73,461.139,54.09,138.72,725.886,67.55,306.619,49.448,37.799,4.609,33.608,10.31,42.166,18.22,16.09,54.326,83.252,421.489,,,110.406,112.575,841.164,147.088,47.01,1475.63,214.632,74.369,46.14,33.05,90.479,67.802,,,24.486,41.86,47.288,15.09,68.595,129.582,10.228,,150.7,460.745,,94.251,,,142.995,349.995,63.236,22.243,4.005,17.84,4.04,13.913,400.74,54.86,8.178,5.7,238.645,236.58,30.45,21.43,,33.39,35.543,856.316,3.226,89.039,34.8,,162.567
2014-05-02,847.112,270.726,459.931,52.304,145.392,762.851,69.48,302.258,50.91,37.644,4.598,33.446,10.23,42.296,18.26,15.87,55.055,91.46,430.266,,,112.006,113.384,831.183,145.624,45.175,1505.088,215.421,74.219,46.22,33.67,91.906,70.676,,,24.468,38.686,46.766,14.258,66.84,123.345,10.182,,155.26,462.185,,92.988,,,145.749,333.557,64.512,24.524,4.02,17.99,4.03,13.668,402.412,56.06,8.165,5.72,229.842,220.632,29.233,21.23,,33.28,35.914,852.352,3.276,87.562,35.19,,166.311
2014-05-09,831.949,261.15,457.715,51.627,141.576,739.621,70.17,298.783,50.297,37.178,4.609,32.475,10.35,42.416,18.09,15.77,55.622,93.764,439.425,,,103.046,111.325,860.932,142.938,44.825,1477.471,201.478,73.365,40.74,29.56,91.335,67.169,,,24.306,38.272,44.318,14.661,65.355,135.945,9.952,,155.5,447.305,,87.746,,,142.134,336.768,64.034,25.016,4.02,17.9,4.07,13.79,391.961,54.44,8.178,6.72,230.99,199.932,31.312,23.3,,33.21,35.96,829.56,3.216,81.868,38.19,,159.993
2014-05-16,806.555,259.901,458.924,51.75,143.64,729.926,72.16,296.64,51.617,37.644,4.64,32.799,10.33,42.686,18.22,15.92,54.852,88.34,439.553,,,100.742,112.648,850.952,143.589,44.75,1473.328,201.741,72.512,40.97,27.86,92.476,65.502,,,23.496,41.63,45.074,13.166,66.075,123.282,10.136,,157.74,449.225,,85.078,,,130.889,336.254,63.608,26.35,4.005,18.18,4.25,14.07,403.248,54.71,8.153,6.61,234.818,196.904,33.492,21.41,,32.65,36.656,873.162,3.246,85.98,39.85,,158.706
2014-05-23,793.253,255.459,446.837,50.026,137.16,722.048,70.82,287.917,54.518,37.799,4.682,32.507,10.33,42.546,18.35,16.06,55.176,92.18,454.105,,,108.841,111.913,851.336,143.915,44.25,1467.805,205.95,72.512,42.16,29.47,92.762,67.974,,,23.82,42.872,49.682,14.362,72.15,133.022,10.136,,145.34,424.392,,86.202,,,135.479,360.782,73.822,28.807,4.02,18.15,4.14,14.42,402.83,54.11,8.153,6.44,231.756,214.848,38.562,21.84,,32.64,36.355,917.755,3.266,90.294,39.65,,160.461
2014-05-30,797.532,259.346,446.636,49.872,142.368,699.222,70.08,289.691,53.716,38.11,4.724,32.346,10.31,43.036,18.73,16.26,54.771,100.023,460.402,,,118.09,112.869,848.409,144.647,45.55,1544.213,211.475,73.264,46.68,30.34,92.362,69.871,,,24.558,42.044,47.99,14.739,72.87,134.654,10.136,,147.26,434.632,,91.771,,,138.348,363.479,98.401,26.174,3.975,18.1,4.12,14.263,410.355,53.99,8.239,6.64,228.694,208.46,37.244,21.83,,32.33,36.146,957.393,3.296,89.503,39.31,,165.96
2014-06-06,799.253,261.705,448.247,48.948,139.08,658.823,70.08,289.913,52.513,37.527,4.776,32.022,10.24,42.616,18.89,16.44,54.69,102.615,467.259,,,117.706,108.574,803.642,143.833,45.75,1543.753,210.686,74.67,46.07,29.59,92.762,69.009,,,23.352,43.884,50.438,14.193,72.6,140.078,10.044,,145.9,422.632,,85.734,,,135.479,362.323,91.139,26.244,3.945,18.11,4.08,14.385,404.293,53.87,8.226,6.45,225.25,199.56,38.613,21.89,,31.79,34.823,927.664,3.236,88.237,38.18,,162.918
2014-06-13,795.625,272.114,458.924,49.379,139.968,685.487,69.74,301.74,51.735,38.382,4.912,33.252,10.44,43.986,19.51,16.72,55.338,100.714,473.975,,,120.534,110.207,809.688,146.763,49.675,1552.038,217.263,77.882,47.8,28.85,97.156,72.917,,,24.414,45.54,55.046,14.245,78.99,142.151,10.182,,139.34,397.672,,86.623,,,136.626,390.704,101.008,26.35,3.93,18.18,4.11,14.648,406.383,54.29,8.251,6.6,226.78,205.374,38.41,22.43,,32.21,35.427,945.501,3.256,91.559,39.58,,165.609
2014-06-20,797.346,262.954,450.664,47.193,135.4,657.207,65.26,293.609,50.91,38.343,4.882,32.799,10.31,43.186,19.99,16.31,54.69,101.233,468.098,,,112.531,109.809,759.451,144.566,47.925,1525.341,210.422,75.322,46.6,27.95,97.327,70.618,,,28.05,43.562,53.606,14.115,72.15,138.887,10.32,,134.62,405.672,,85.874,,,159.347,369.515,92.363,25.332,3.93,18.3,4.05,14.473,385.481,53.12,8.214,6.93,220.274,204.297,34.151,23.84,,31.99,34.684,915.773,3.239,87.921,40.26,,161.631
2014-06-27,823.447,274.057,457.312,49.564,135.376,686.295,69.32,300.927,50.769,38.226,4.82,32.701,10.4,42.476,19.53,16.05,55.176,103.566,463.621,,,118.186,112.59,763.05,147.739,50.0,1539.61,208.712,77.129,48.91,27.03,96.471,71.71,,,,44.85,59.186,14.804,73.05,137.608,10.228,,138.46,420.552,,91.256,,,157.626,384.54,91.671,25.261,3.93,18.23,4.18,14.368,385.481,53.06,8.531,6.99,221.805,224.609,35.368,24.44,,33.93,35.009,934.601,3.229,87.921,43.28,,164.907
2014-07-04,838.489,277.111,457.513,48.794,137.392,686.093,68.64,286.734,50.474,38.848,4.851,32.96,10.41,43.486,20.18,16.32,55.703,100.282,466.699,,,118.377,118.341,758.731,149.937,50.9,1478.391,208.844,77.43,48.29,28.41,97.841,75.332,,,28.212,48.116,60.194,16.26,83.175,144.4,10.274,,138.86,418.312,,94.672,,,167.207,408.041,96.193,26.209,4.005,18.53,4.18,14.771,387.78,55.58,8.495,7.04,223.336,231.787,38.765,24.32,,33.22,35.287,949.465,3.249,89.661,42.984,,165.726
2014-07-11,831.07,284.744,455.298,48.363,131.872,665.893,65.14,270.915,49.531,38.731,4.872,32.346,10.35,43.016,19.63,16.23,55.541,98.382,453.825,,,116.221,114.252,715.548,149.286,49.5,1462.281,203.319,76.627,46.91,28.09,98.183,81.769,,,27.474,50.048,56.018,16.832,82.995,130.155,10.32,,128.78,369.672,,94.111,,,151.544,394.685,101.167,26.771,4.005,18.56,4.19,14.894,375.866,55.52,8.434,6.97,221.422,208.173,38.866,25.02,,31.96,35.032,983.158,3.239,92.825,42.184,,163.035
2014-07-18,928.84,304.036,476.449,56.03,151.144,706.191,66.16,279.786,50.934,39.119,4.882,32.799,10.47,43.416,20.26,16.23,56.918,88.791,451.587,,,117.227,120.136,737.715,152.704,50.15,1506.469,211.606,79.137,46.36,30.29,99.496,74.469,,,27.762,49.082,53.174,16.13,79.125,128.48,10.274,,131.5,360.872,,100.85,,,146.38,370.285,91.724,25.963,4.05,18.39,4.24,15.297,380.046,57.68,8.605,7.41,228.694,193.244,39.576,24.35,,32.17,35.751,991.085,3.409,98.045,46.634,,169.003
2014-07-25,943.677,308.616,490.348,58.001,151.6,747.095,67.3,290.578,51.877,41.838,4.955,35.452,10.84,46.046,21.94,16.97,60.198,86.804,459.003,,,114.496,130.756,783.058,156.61,52.5,1554.34,231.338,80.693,48.43,32.45,109.14,79.183,,,29.004,47.886,52.202,16.377,78.405,133.331,10.366,,141.74,349.672,,95.0,,,137.315,383.513,96.831,25.577,4.155,19.45,4.47,15.892,415.581,60.29,8.812,7.6,237.114,203.005,39.12,23.61,,31.98,36.935,1082.253,3.539,108.168,48.534,,170.524
2014-08-01,939.072,304.036,516.535,57.231,153.856,832.539,69.5,313.937,53.48,43.896,5.029,37.361,11.55,47.326,22.03,17.63,60.887,90.087,477.614,,,118.329,129.373,808.392,167.026,55.65,1580.116,234.1,79.739,49.69,33.14,108.684,79.298,,,28.842,48.208,51.482,16.247,80.16,135.006,10.642,,154.7,390.792,,99.212,,,145.405,372.982,98.028,25.928,4.305,20.38,4.71,16.207,427.704,59.12,8.934,7.61,244.003,206.594,41.35,24.06,,34.44,36.68,1075.316,3.569,103.265,51.194,,171.343
2014-08-08,934.775,300.289,508.075,56.769,157.408,829.509,68.4,301.888,51.665,43.158,4.945,36.196,11.32,46.426,21.7,17.48,61.818,97.518,470.337,,,120.342,122.96,793.854,163.527,55.025,1554.34,222.788,80.743,51.45,34.56,107.371,81.137,,,31.416,48.898,65.162,15.948,82.545,138.49,10.78,,157.02,399.112,,100.756,,,145.634,379.917,101.034,27.367,4.455,20.16,4.73,15.979,422.687,59.96,9.19,7.74,250.892,216.786,41.655,24.68,,35.82,36.749,1045.588,3.549,100.892,52.464,,176.96
2014-08-15,931.705,306.812,528.823,59.171,156.16,834.054,69.86,296.935,51.429,43.002,4.955,36.067,11.33,47.456,22.85,17.88,63.479,98.641,484.75,,,127.962,124.946,791.551,164.178,54.875,1549.276,227.26,83.403,51.65,32.57,114.961,83.034,,,32.478,49.404,62.498,15.87,81.24,151.853,11.056,,156.62,398.472,,104.5,,,156.019,378.889,101.353,28.315,4.335,20.18,4.72,16.242,429.167,60.29,9.032,7.89,249.744,211.044,42.314,26.55,,36.83,38.327,1041.624,3.599,101.841,54.354,,175.906
2014-08-22,920.091,305.979,527.816,58.186,167.056,807.391,73.58,308.319,51.11,42.692,4.945,35.549,11.35,46.456,22.45,17.59,62.102,117.13,489.088,,,128.393,124.563,774.997,163.608,58.65,1552.498,229.759,84.909,50.03,32.74,113.078,79.01,,,35.232,50.554,67.286,16.585,82.725,149.648,10.826,,164.86,420.552,,110.07,,,159.863,391.988,101.779,29.158,4.32,19.84,4.72,16.627,420.806,58.88,9.117,7.84,247.448,221.451,42.77,26.36,,38.36,37.701,1036.669,3.609,99.626,54.834,,180.002
2014-08-29,914.771,296.125,513.715,57.015,166.936,834.357,74.5,294.126,50.91,42.109,4.893,35.42,11.12,46.106,21.59,17.52,61.737,111.86,480.832,,,128.441,121.342,740.738,161.33,57.0,1497.263,229.233,81.496,50.6,33.44,112.507,77.918,,,35.286,48.76,65.054,16.195,78.585,152.514,10.688,,163.5,379.912,,106.7,,,154.011,411.893,108.11,27.543,4.23,19.73,4.56,17.24,421.224,57.92,8.958,7.7,244.003,208.675,41.148,25.58,,38.43,37.376,1013.877,3.559,99.785,51.784,,175.789
2014-09-05,962.249,305.563,525.197,60.957,177.376,883.745,77.58,303.44,52.124,43.546,5.049,36.39,11.53,47.746,22.9,18.46,64.734,121.623,488.668,,,129.735,126.564,774.997,164.666,57.625,1549.737,243.703,88.473,51.8,34.7,122.551,80.332,,,37.302,49.91,71.894,16.234,81.285,150.044,10.918,,167.9,446.792,,112.737,,,166.519,454.271,112.579,29.509,4.365,20.38,4.78,17.608,440.455,60.14,9.093,7.94,253.954,216.858,47.029,26.51,,39.27,39.696,1084.235,3.729,103.739,52.404,,180.119
2014-09-12,936.361,300.011,517.341,60.433,171.448,828.6,76.5,297.083,51.346,42.614,5.008,35.581,11.5,46.736,22.06,18.25,63.722,120.932,481.672,,,128.825,124.651,758.012,161.492,55.975,1532.246,241.598,87.569,51.95,33.56,121.581,82.057,,,39.534,48.668,71.39,16.715,83.625,148.898,11.148,,164.7,438.312,,112.082,,,164.224,460.564,111.86,29.965,4.41,20.08,4.73,17.467,442.336,59.24,9.019,7.79,257.781,236.667,51.034,27.4,,39.81,39.627,1045.588,3.809,100.259,51.374,,181.406
2014-09-19,928.175,295.431,511.701,58.955,166.336,812.238,74.78,288.73,50.686,42.342,4.997,35.484,11.6,46.246,21.89,18.12,62.628,121.537,526.029,,,128.441,123.313,766.36,160.435,54.025,1508.771,236.994,88.674,50.05,32.7,120.211,78.665,,,36.078,47.104,66.746,18.444,79.89,148.148,11.332,,158.62,457.352,,106.84,,,159.232,454.143,107.737,29.228,4.47,20.01,4.87,17.59,433.139,58.67,8.934,7.65,253.954,226.332,60.262,27.26,,40.24,39.557,1029.732,3.769,98.519,52.514,,183.98
2014-09-26,935.645,290.99,511.499,60.433,165.472,808.603,75.18,283.925,50.12,41.682,4.987,35.031,11.59,45.666,21.65,18.32,63.317,131.3,535.125,,,126.716,122.695,755.996,162.55,53.35,1492.66,240.414,86.064,48.93,32.27,118.613,80.505,,,37.788,47.058,71.75,18.457,79.305,142.151,11.516,,153.58,439.592,,114.516,,,181.666,511.033,106.567,32.001,4.5,20.12,5.13,17.835,428.958,57.98,8.788,7.82,255.102,222.312,65.027,27.89,,39.29,40.973,1034.687,3.809,98.045,50.754,,186.788
2014-10-03,934.724,292.516,511.499,59.479,165.928,814.359,75.58,284.443,50.262,41.449,4.966,35.096,11.93,45.196,21.76,18.11,63.479,136.398,525.889,,,127.291,122.813,758.299,163.12,51.725,1464.583,227.392,86.766,48.88,32.1,119.07,81.769,,,37.59,47.794,71.426,18.73,79.845,145.458,11.424,,159.26,446.792,,118.119,,,181.953,549.173,108.775,33.896,4.53,20.25,5.84,18.028,434.602,57.65,8.849,7.83,257.781,224.107,62.949,28.31,,38.82,40.857,1019.823,3.809,97.886,55.204,,189.831
2014-10-10,918.812,290.851,504.65,58.678,164.488,815.874,74.24,286.217,50.486,41.76,4.945,35.258,11.73,45.236,21.75,18.08,63.155,130.782,548.978,,,130.502,128.726,818.756,165.806,52.125,1477.011,228.839,88.774,49.55,33.79,116.331,82.229,,,34.818,47.61,66.314,20.758,83.715,144.576,12.482,,158.3,439.432,,116.996,,,178.223,518.353,108.163,32.703,4.575,20.05,6.31,17.485,446.516,57.8,8.8,7.77,257.016,223.389,62.087,29.71,,38.02,40.276,1058.47,3.929,102.474,53.654,,189.714
2014-10-17,915.538,286.41,493.773,61.419,166.696,759.821,77.34,283.851,50.25,41.372,4.955,34.837,11.69,45.016,21.57,17.84,63.398,128.276,542.681,,,128.825,139.523,830.704,165.155,53.025,1467.805,224.629,83.052,47.92,32.88,117.13,85.678,,,33.612,45.586,63.074,21.083,78.585,140.916,12.022,,162.46,422.472,,118.774,,,170.592,518.61,107.232,31.088,4.65,19.5,5.85,17.257,451.533,56.66,8.861,7.32,265.436,202.574,57.27,29.48,,38.99,39.812,1036.669,3.809,99.626,48.934,,183.746
2014-10-24,918.096,272.114,478.665,56.43,156.064,735.884,73.56,271.655,49.153,41.333,4.955,35.161,11.78,44.926,21.49,17.84,60.887,129.572,539.323,,,128.585,129.829,777.444,159.295,52.025,1446.631,223.708,82.751,47.46,30.87,113.877,86.655,,,33.666,44.574,59.978,20.134,73.815,148.457,11.516,,160.38,427.272,,117.792,,,170.994,512.574,106.141,30.07,4.485,19.25,5.61,18.01,424.36,55.82,8.666,7.17,247.83,200.206,53.316,27.66,,37.43,39.325,1010.904,3.679,97.412,50.514,,184.331
2014-10-31,906.841,281.691,492.363,60.433,159.4,756.488,76.36,247.039,50.026,43.041,5.102,37.167,13.14,46.856,22.32,18.72,63.276,143.396,552.196,,,132.658,131.035,789.967,161.411,54.25,1495.422,236.994,87.168,47.02,32.32,117.814,87.23,,,35.574,45.816,61.598,20.745,76.065,143.65,12.344,,165.66,420.232,,120.553,,,172.887,539.413,105.051,32.878,4.755,19.84,6.06,18.658,445.471,57.8,8.983,7.58,262.757,198.34,61.276,29.5,,38.66,42.017,1041.624,3.899,101.367,53.004,,190.299
2014-11-07,862.637,274.474,488.938,58.986,155.248,713.766,75.88,245.191,49.318,42.148,5.008,36.293,12.99,45.996,22.44,18.45,64.734,157.22,540.442,,,131.173,125.755,770.103,157.017,53.775,1486.677,233.837,93.291,46.13,34.14,114.961,84.988,,,34.746,44.574,68.186,20.667,76.47,141.71,12.068,,164.14,404.072,,121.536,,,172.256,543.651,108.03,33.019,4.68,19.69,5.87,18.798,448.189,57.62,8.995,7.58,273.09,201.354,68.374,30.22,,37.39,42.133,1041.624,4.089,102.157,52.124,,185.969
2014-11-14,909.961,289.047,503.845,68.439,162.016,801.634,75.2,247.704,50.91,43.507,5.227,37.167,12.92,48.386,23.68,19.54,71.822,157.134,541.422,,,122.115,134.654,814.294,167.108,57.375,1519.818,252.648,89.778,44.24,33.5,123.578,83.839,,,32.802,45.908,62.462,19.12,72.24,135.668,12.436,,157.1,377.672,,115.545,,,164.396,,103.694,33.931,4.785,20.18,6.51,19.761,443.381,60.38,9.398,7.91,273.473,189.87,57.118,28.98,,38.85,45.474,1068.38,4.419,106.903,55.014,,185.618
2014-11-21,888.678,281.136,496.391,64.991,160.648,781.03,76.56,245.191,49.59,43.041,5.175,36.649,12.95,47.836,23.44,19.78,72.591,176.487,528.268,,,125.758,129.123,791.263,167.27,56.5,1507.85,243.835,92.137,42.87,33.53,125.975,84.356,,,33.0,46.322,63.398,19.744,72.915,139.152,12.114,,156.7,381.192,,119.383,,,170.592,,99.412,35.3,4.74,19.72,6.1,19.481,441.291,57.59,9.154,7.79,272.707,200.995,57.169,29.46,,41.18,44.685,1038.651,4.229,103.107,61.534,,187.842
2014-11-28,902.543,287.381,513.917,66.869,158.992,772.849,80.38,255.466,50.297,48.283,5.499,41.309,15.26,53.486,26.47,25.16,79.436,227.29,506.299,,,125.278,131.109,826.241,171.421,57.275,1582.417,244.624,97.508,43.35,38.12,128.772,87.517,,,32.406,48.208,65.486,19.068,76.56,133.066,12.712,,159.74,393.512,,123.782,,,178.797,720.356,106.62,34.072,5.01,20.68,6.71,19.551,445.262,60.71,9.703,9.33,285.337,223.245,,30.25,,43.01,46.24,1190.267,4.599,123.987,58.034,,195.915
2014-12-05,979.695,308.616,561.859,75.368,177.616,802.846,82.18,259.31,52.832,55.273,6.073,46.033,16.21,62.986,29.03,28.38,103.412,271.009,531.347,,,122.978,131.991,871.008,189.894,63.75,1822.69,257.12,97.759,43.41,44.07,139.044,97.346,,,30.048,45.954,62.822,17.976,77.1,134.168,14.599,,182.7,394.152,,121.91,,,169.961,790.601,103.003,31.93,5.385,22.64,7.51,20.374,476.616,63.02,10.496,9.62,322.844,214.274,,29.13,,41.91,46.681,1245.76,4.989,132.212,54.134,,201.649
2014-12-12,1008.703,318.886,561.457,77.77,182.152,863.444,83.94,268.032,54.506,55.118,5.676,44.448,15.27,60.926,26.89,25.73,112.686,262.11,534.005,,,142.147,133.58,888.425,188.917,,1889.432,267.381,95.299,42.33,41.97,140.756,103.267,,,31.29,46.69,64.658,17.586,79.035,135.491,14.461,,192.94,400.072,,130.053,,,174.723,790.473,102.896,31.158,5.715,22.3,7.24,21.302,494.383,66.47,11.276,9.59,352.697,227.695,66.396,28.51,,42.63,51.925,1268.552,5.839,142.02,51.224,,215.222
2014-12-19,1030.345,314.029,557.226,77.585,178.36,831.327,80.86,252.287,52.077,59.04,5.885,48.913,16.95,68.806,28.98,27.58,140.064,299.78,530.367,,,138.889,127.74,863.091,186.069,71.075,1886.67,265.408,99.013,37.52,40.94,145.15,100.623,,,31.956,44.758,60.374,17.937,75.12,127.95,14.829,,185.5,378.952,,132.3,,,170.133,820.651,110.238,28.982,5.805,23.67,7.4,22.124,530.545,65.33,12.106,9.75,400.538,226.332,60.312,27.78,,44.23,52.459,1247.742,7.299,142.336,50.734,,232.54
2014-12-26,1064.879,336.096,576.967,79.894,203.272,864.353,81.12,264.78,52.466,60.67,6.105,50.726,17.0,71.666,32.27,33.22,139.619,280.686,521.971,,,136.349,126.652,864.531,179.152,72.825,1917.97,265.013,96.504,36.81,40.72,142.068,100.106,,,33.18,44.758,60.374,16.676,,127.377,15.841,,189.9,362.312,,131.317,,,166.863,763.633,,27.262,5.91,24.09,7.05,22.299,549.775,,11.984,9.38,417.377,236.595,55.901,28.1,,44.96,51.856,1277.471,7.129,147.24,44.244,,227.391
2015-01-02,1075.367,334.57,564.075,78.816,204.136,897.076,80.4,269.585,53.398,65.524,6.366,55.418,17.38,78.566,34.65,36.71,146.828,242.41,531.627,,,133.952,129.991,929.306,191.521,70.6,1896.797,263.698,93.894,38.2,43.24,138.416,97.461,,,37.752,45.402,58.682,16.806,63.285,123.099,15.657,,184.06,356.872,,123.08,,,155.273,710.725,,25.823,5.88,24.98,6.77,22.877,528.036,72.35,12.106,9.1,415.847,217.647,51.896,26.24,,45.35,51.438,1487.553,7.699,181.249,44.234,,223.764
2015-01-09,1078.897,365.381,584.622,82.727,212.776,882.533,81.92,279.416,53.103,62.107,6.376,54.382,16.51,76.696,33.27,36.44,151.121,303.236,555.555,,,141.908,131.153,953.057,200.961,79.775,2075.39,277.378,98.261,38.49,44.49,151.37,111.372,,,40.452,48.714,59.474,16.923,63.015,139.681,15.519,,216.14,408.872,,117.09,,,157.855,718.43,,26.63,6.42,26.25,7.17,22.912,566.915,72.35,11.642,10.25,386.377,224.824,52.859,25.7,,46.49,52.204,1442.96,7.069,179.035,53.244,,241.199
2015-01-16,1057.409,360.523,544.938,78.108,206.272,879.2,88.22,280.673,53.315,64.165,6.659,56.356,16.48,82.146,36.08,39.36,142.818,382.033,551.637,,,145.885,131.565,970.618,207.797,80.7,2161.925,298.951,98.06,39.62,43.98,157.705,118.902,,,45.834,49.726,61.454,16.468,63.51,142.592,15.335,,225.66,424.552,,112.082,,,167.781,818.212,,27.683,6.465,26.37,7.04,23.42,577.785,71.57,11.374,9.95,378.34,262.65,53.518,27.73,,46.96,51.206,1449.897,7.099,185.204,55.884,,243.773
2015-01-23,1031.368,347.2,540.305,74.29,197.68,867.686,93.48,278.973,52.337,60.01,6.481,52.02,16.12,80.656,38.81,42.8,127.833,347.732,592.916,,,157.339,140.508,950.898,199.741,78.25,2167.909,285.008,103.732,40.16,45.79,151.656,117.292,,,44.736,52.302,65.27,18.119,65.625,148.104,14.691,,225.26,447.112,,117.136,,,197.903,764.661,121.197,28.596,6.57,24.85,6.72,22.457,551.656,68.45,11.045,11.28,358.438,261.501,56.865,28.91,,48.74,53.55,1489.535,6.649,190.899,53.624,,242.72
2015-01-30,1011.722,344.285,538.291,74.567,198.52,856.778,91.6,275.868,52.796,56.787,6.021,48.849,15.54,73.146,35.76,38.64,122.366,333.562,576.824,,,156.476,144.98,926.283,192.742,77.075,2047.772,281.982,103.832,38.31,45.99,145.15,113.268,,,44.79,52.486,66.638,18.405,64.905,148.766,14.507,,218.38,416.872,,121.114,,,185.969,775.448,,28.596,6.195,23.74,6.14,22.019,526.782,65.45,10.801,11.38,345.425,252.027,55.09,27.85,,47.02,53.225,1410.259,6.299,175.871,51.024,,236.869
2015-02-06,998.522,318.331,519.96,67.362,205.504,840.417,92.78,269.363,50.745,56.438,5.77,47.49,15.29,70.166,33.51,37.38,124.188,357.236,569.688,,,150.726,147.745,884.251,192.986,74.775,1960.317,271.459,99.315,36.28,50.04,141.498,117.982,,,46.302,,63.578,18.535,63.195,146.561,13.402,,217.18,416.712,,116.013,,,190.329,787.519,133.247,30.351,5.82,22.61,5.67,20.496,497.937,63.89,11.398,11.12,334.326,240.4,52.707,26.42,,47.9,51.948,1315.127,5.949,160.211,48.724,,225.87
2015-02-13,1038.889,334.292,566.694,69.948,208.336,889.502,96.46,277.716,51.311,57.913,5.917,47.716,15.88,73.776,35.62,40.69,127.509,,574.725,,,157.195,148.745,909.01,187.452,77.825,1991.617,284.613,102.025,41.72,51.64,146.577,125.914,,,46.428,,67.538,18.496,65.49,153.925,14.184,,241.1,437.832,,125.982,,,219.361,920.562,137.955,29.93,5.97,23.12,6.04,21.582,524.483,66.11,11.472,11.63,346.573,250.95,53.823,27.34,,49.25,52.97,1374.584,6.329,170.018,50.164,,242.837
2015-02-20,1037.507,331.378,557.226,70.225,208.48,886.472,97.3,277.273,51.264,57.486,5.969,47.684,16.32,74.436,37.16,40.92,127.712,,585.919,,,160.166,150.216,922.54,192.661,80.975,2074.93,290.006,103.38,50.47,52.78,150.514,126.316,,,46.914,,71.426,18.912,70.98,165.479,14.415,,241.82,452.552,,133.984,,,238.18,1030.232,138.514,31.053,6.045,23.08,6.02,21.617,522.602,66.92,11.63,11.71,347.722,253.247,55.192,27.59,,50.83,56.357,1375.575,6.419,169.702,50.374,,249.156
2015-02-27,1082.683,332.904,563.269,70.995,207.328,885.26,96.3,276.681,51.37,58.185,6.063,48.104,16.35,74.136,36.76,40.02,129.129,,571.926,,,161.652,148.348,916.783,192.417,80.65,2053.756,288.428,104.083,50.63,50.67,154.909,126.719,,,48.03,,75.35,19.445,71.475,168.655,14.737,,241.74,449.192,,129.632,,,231.295,1001.594,133.699,32.492,6.135,23.29,6.19,21.757,530.127,67.1,11.703,12.93,359.969,265.09,58.081,27.63,,51.4,54.872,1373.593,6.829,171.284,54.254,,253.017
2015-03-06,1044.67,326.52,569.111,70.903,196.528,854.96,93.78,277.42,51.417,55.661,5.812,45.807,15.8,68.836,33.9,37.48,123.378,,599.493,,,159.16,147.642,913.76,192.254,75.55,1964.46,274.221,102.577,52.35,49.61,145.549,119.649,,,54.852,,77.402,20.004,72.375,167.199,14.691,,219.5,440.232,,132.627,,,234.221,1049.88,133.433,33.615,6.06,22.76,6.08,21.389,540.996,65.03,11.24,13.46,353.08,254.683,59.552,28.79,,51.2,54.292,1293.326,6.469,156.256,56.584,,241.316
2015-03-13,1076.85,336.513,572.939,72.72,197.944,861.626,100.04,277.42,51.641,59.738,6.052,55.385,19.23,72.796,35.1,39.23,123.864,,606.769,,,160.55,167.118,925.275,193.393,79.5,2025.678,319.472,105.087,50.03,50.99,157.02,,,,59.442,,90.398,20.29,74.985,173.462,14.645,,231.1,512.232,,134.078,,,249.081,1162.247,139.923,43.794,6.06,23.39,6.44,22.142,541.414,66.89,11.398,13.49,360.734,269.181,58.031,29.23,,52.31,60.442,1322.064,6.669,160.211,59.254,,248.219
2015-03-20,1093.427,350.253,616.248,75.275,202.456,921.922,100.08,292.574,52.855,62.03,6.209,57.197,19.65,82.266,36.25,40.29,140.55,,624.12,,,167.115,171.192,960.974,205.193,80.775,2134.768,321.971,107.898,52.85,50.57,156.906,,,,77.892,,91.514,22.201,84.795,171.83,18.325,,237.26,539.912,,138.664,,,269.449,1303.379,154.474,44.286,6.63,24.35,7.23,23.157,554.374,70.43,11.899,13.87,385.994,288.775,64.774,30.3,,,62.321,1412.241,7.139,177.137,63.384,,257.346
2015-03-27,1100.589,357.193,642.435,77.369,211.0,971.916,104.36,306.989,54.6,60.36,6.199,57.036,19.47,80.576,34.44,38.83,139.619,,629.578,,,169.607,171.045,977.527,222.039,80.85,2172.051,332.1,108.5,52.9,53.62,156.735,,,,85.704,,117.146,22.162,90.33,168.17,18.785,,233.58,548.072,,145.544,,,291.424,1385.311,154.208,43.092,7.455,24.42,7.83,22.982,542.877,71.81,12.179,13.65,395.179,305.284,65.433,31.82,,,61.207,1433.051,7.639,180.459,74.054,,268.228
2015-04-03,1112.152,361.079,648.882,76.538,214.384,979.49,112.6,318.151,55.213,61.913,6.366,62.375,19.82,82.566,36.45,40.17,148.124,,689.468,,,187.051,185.445,999.839,231.56,86.7,2213.017,383.665,115.979,61.4,53.14,165.58,,,,109.194,,,25.126,103.425,185.633,19.291,,262.46,652.872,,147.79,,,323.669,1719.201,165.566,44.988,7.5,25.21,8.99,23.192,581.547,75.14,12.277,14.62,420.822,324.591,68.931,34.18,,,65.988,1442.96,7.949,187.26,74.124,,273.728
2015-04-10,1129.598,371.627,644.651,82.019,225.856,1039.483,140.76,327.612,58.739,,6.606,68.005,21.63,89.996,38.22,43.75,154.685,,723.471,,,185.278,189.123,1015.673,257.194,85.8,2253.063,378.535,122.403,56.95,55.75,162.727,,,,114.864,,,25.386,103.335,186.074,19.705,,261.5,653.032,,148.492,,,361.881,1815.387,170.301,43.268,7.38,25.68,9.13,23.945,579.039,77.81,12.789,13.75,421.587,301.551,66.041,37.83,,,63.574,1529.173,7.999,211.463,,,295.609
2015-04-17,1295.054,407.435,676.277,81.742,242.656,1101.899,118.768,334.709,60.26,72.242,7.171,68.555,21.45,93.776,38.54,42.01,151.85,431.972,769.648,,,205.214,214.291,1050.939,279.167,91.45,2349.263,380.508,138.666,57.2,58.22,173.227,,,,99.636,,139.106,23.93,98.475,185.81,20.764,,252.3,602.632,,141.66,,,392.806,1649.597,163.039,42.425,8.31,26.93,8.98,26.046,622.934,81.86,13.302,14.5,469.428,297.173,66.346,36.1,,,68.262,1563.857,9.449,229.021,,,318.192
2015-04-24,1427.716,409.378,677.486,85.191,246.304,1196.13,122.584,331.013,58.397,69.834,6.847,64.608,20.47,88.726,37.13,40.35,152.903,694.939,804.21,,,201.141,201.817,1057.849,270.54,92.5,2419.688,383.797,139.419,63.03,58.2,170.945,144.135,,,107.7,,129.674,23.293,110.04,182.326,21.408,,269.1,592.872,,149.382,,,,1567.538,190.596,45.655,8.67,27.5,10.57,26.256,624.606,80.3,13.814,17.27,464.07,316.624,77.652,37.7,,,68.122,1539.083,9.759,220.005,,,349.083
2015-05-01,1395.689,398.552,670.838,79.863,238.984,1134.32,121.756,318.668,56.003,71.854,6.93,64.834,21.06,92.516,37.17,40.62,148.691,1016.814,804.91,,,196.876,207.186,1020.423,271.11,96.925,2811.857,376.167,137.461,60.05,54.29,169.975,147.872,,,95.766,,140.186,22.773,104.505,184.619,20.994,,270.3,596.552,,172.08,,,424.075,1612.356,192.379,48.217,,27.4,10.23,27.324,590.117,77.42,14.497,16.86,431.156,324.519,73.646,35.32,,,70.025,1556.92,11.319,246.896,73.734,,376.932
2015-05-08,1405.614,390.78,635.184,77.585,232.168,1140.076,119.2,315.046,56.121,69.834,6.659,60.66,19.85,90.756,36.79,40.9,144.479,907.103,800.572,,,198.936,224.587,1001.134,261.263,92.5,2635.565,368.801,135.654,59.55,51.58,160.501,142.238,,,88.17,,149.762,24.567,110.535,182.943,19.889,,282.46,633.832,,167.306,,,419.6,1667.062,197.699,,,25.45,10.0,25.381,577.575,75.35,13.912,15.69,412.785,370.311,79.832,35.15,,,67.728,1477.644,10.189,230.445,75.234,,357.391
2015-05-15,1359.569,386.616,631.759,76.415,222.376,1112.504,124.276,324.803,56.793,67.738,6.585,59.948,19.95,88.266,35.8,39.49,139.052,931.779,791.617,,,192.658,224.043,1005.165,261.752,90.0,2583.552,360.251,133.195,60.87,48.77,154.395,134.076,,,100.698,82.892,146.414,24.164,120.615,203.582,19.797,,287.34,689.672,,173.156,,,433.37,1685.17,212.116,,,25.06,9.43,25.486,574.231,75.65,13.729,16.23,421.97,381.364,85.105,42.35,,,69.097,1513.318,9.929,213.203,73.834,,372.251
2015-05-22,1516.584,412.153,682.723,79.833,244.984,1232.186,133.312,340.696,58.397,73.718,6.847,65.255,21.0,93.416,36.87,40.2,143.669,953.914,844.65,,,220.885,241.856,1048.924,278.272,99.8,2891.027,413.92,156.384,76.05,53.11,163.069,143.388,,,109.986,94.346,146.486,26.855,143.115,216.724,21.5,,382.38,729.672,,209.426,,,483.888,1679.904,236.801,,,26.05,10.91,27.254,610.393,79.31,14.631,16.85,496.219,420.553,91.594,48.6,,,82.533,1546.019,10.709,220.005,91.654,,397.643
2015-05-29,1455.036,408.545,660.968,79.094,239.08,1274.908,131.296,324.84,62.264,71.271,6.575,62.084,20.54,89.296,34.58,37.82,132.531,899.966,885.23,,,242.93,296.164,1099.592,320.996,97.0,3051.669,405.633,148.152,,48.77,152.74,126.891,,,106.422,93.61,147.386,27.44,151.08,214.695,23.386,,371.18,680.072,,226.976,,,444.73,1578.068,235.524,,11.265,25.25,10.65,27.289,642.373,82.82,13.912,15.57,532.195,454.933,93.318,52.43,,,75.502,1532.146,9.729,201.181,93.254,,373.773
2015-06-05,1403.926,426.032,719.386,88.27,247.84,1267.03,134.212,333.933,70.54,78.727,6.836,66.323,23.62,90.806,36.25,39.16,138.687,1119.025,860.322,,,274.69,341.321,1098.297,356.721,98.7,3132.68,437.993,161.303,79.54,50.46,159.759,133.731,,,116.844,111.32,172.982,30.339,159.045,222.721,23.8,,375.02,679.112,,266.241,,,466.246,1868.937,237.173,,10.98,27.78,11.47,29.372,689.404,86.6,15.412,19.01,518.417,509.84,108.325,57.45,,63.1,80.63,1653.042,10.569,222.219,100.784,,385.825
2015-06-12,1466.138,463.783,753.429,94.921,280.048,1340.355,138.1,344.245,69.291,79.969,6.962,68.717,24.04,94.036,36.77,39.82,139.092,1001.694,881.312,,,284.609,296.053,1114.419,351.594,99.175,3028.654,430.232,163.662,74.95,50.46,164.838,134.824,,,112.794,101.568,162.362,31.535,175.29,254.341,24.398,,387.9,697.672,,279.86,,,448.086,2143.754,239.035,,10.47,30.03,11.81,29.985,660.559,88.01,15.449,18.35,571.156,469.288,116.691,60.1,,74.44,92.975,1644.124,10.179,223.421,103.175,,394.016
2015-06-19,1309.124,436.025,681.918,83.189,242.018,1137.35,115.636,296.344,60.436,70.999,6.47,59.592,20.65,84.296,31.42,33.98,124.31,908.554,770.585,,,234.081,241.481,1176.171,310.905,92.05,2627.74,374.983,136.006,61.95,45.25,144.237,114.878,,,95.19,86.94,131.834,26.153,140.01,224.97,23.938,,318.78,589.672,,226.274,,,351.438,1923.002,183.813,,9.21,26.25,10.08,,607.257,75.77,13.838,15.41,454.808,405.122,112.077,49.58,,65.07,80.05,1452.87,8.641,195.739,89.955,,317.139
2015-06-26,1345.653,454.762,777.602,85.468,240.304,1121.594,108.076,269.954,56.522,68.67,6.481,56.712,20.34,81.296,30.41,31.72,114.954,772.112,737.114,,,214.315,249.865,1176.315,295.931,90.525,2808.174,377.22,130.986,55.84,,135.791,115.05,,,84.228,81.098,116.606,27.193,127.95,212.071,23.064,,333.02,517.032,,189.63,,,306.944,1464.931,164.342,,8.37,25.22,8.46,,556.255,68.9,13.741,13.36,419.597,366.435,125.766,44.14,,60.31,72.787,1440.978,8.311,180.87,100.015,,288.939
2015-07-03,1383.308,392.168,655.126,75.214,224.008,1087.659,108.94,259.642,49.908,72.087,6.826,54.835,19.16,78.336,29.81,30.87,110.661,674.134,766.219,,,232.571,231.442,1099.88,227.328,87.75,2625.899,351.306,116.179,49.6,,131.511,112.061,,,64.68,56.304,94.286,27.076,87.809,214.254,18.877,,314.7,540.072,,130.568,,,322.177,1058.869,127.475,,6.93,22.53,6.32,,524.692,66.23,12.155,11.41,313.965,306.001,83.634,38.45,,62.04,68.586,1467.734,7.371,162.204,87.635,,261.676
2015-07-10,1464.041,412.57,635.788,67.331,277.533,1260.971,131.44,292.685,55.001,77.445,7.333,61.08,22.67,86.046,33.47,39.04,121.799,674.497,833.344,,,227.468,214.489,1125.503,231.072,97.625,2513.588,409.974,143.535,54.12,,164.895,119.361,,,63.87,46.276,89.966,23.943,78.359,241.574,16.945,,267.42,523.592,,127.198,,,288.268,953.951,106.248,,7.485,27.36,6.96,,545.804,74.96,13.729,12.7,314.731,359.114,73.444,36.07,,59.88,73.32,1593.585,9.291,192.575,86.355,,222.594
2015-07-17,1412.383,417.844,670.838,67.208,256.936,1204.614,127.012,279.601,52.714,74.999,6.988,59.883,20.964,84.316,31.82,35.94,112.322,750.097,851.353,,,248.815,247.696,1091.532,254.59,95.55,2616.693,399.871,146.145,55.6,38.69,154.966,117.637,,,74.724,63.25,112.646,21.98,93.074,226.293,20.074,,,631.272,,140.49,,,340.508,1027.663,153.223,,7.605,25.97,6.81,,510.269,70.91,12.862,16.07,341.904,389.259,91.036,43.835,,62.88,74.295,1603.495,8.731,183.084,121.235,,292.66
2015-07-24,1361.283,428.947,665.198,68.563,241.48,1188.252,122.476,281.93,51.936,73.213,6.873,57.489,20.328,84.476,30.86,34.01,106.328,686.714,819.519,,,254.709,253.138,1138.026,259.066,90.4,2479.526,365.67,136.909,55.64,40.99,144.922,109.877,,,79.692,69.736,115.778,23.384,110.759,240.846,19.521,,,621.832,,153.5,,,359.958,1110.108,167.162,,7.515,25.21,7.04,,537.652,68.87,12.838,17.89,345.731,383.517,102.9,48.935,,71.22,74.921,1686.735,8.601,179.604,129.795,,314.846
2015-07-31,1291.611,401.605,653.112,65.329,231.03,1099.778,117.256,262.747,48.481,70.883,6.591,54.156,17.892,71.096,27.77,31.2,93.732,600.106,825.885,,,235.949,230.302,1086.494,253.532,87.375,2380.103,320.156,131.187,55.65,35.48,133.223,100.795,,,68.46,60.122,94.538,19.523,93.299,225.764,17.221,,,654.952,,137.12,,,323.984,856.224,151.893,,6.945,22.44,6.24,,509.015,64.04,12.057,15.95,326.978,327.246,88.907,38.63,,63.41,71.487,1564.848,7.551,159.04,128.615,,295.328
2015-08-07,1292.174,,660.162,68.871,234.794,1114.928,124.312,270.176,49.012,74.727,6.601,55.256,18.276,72.136,27.95,31.15,91.667,566.359,859.357,,,246.443,244.386,1107.366,256.136,90.05,2398.515,324.629,135.654,65.05,35.89,134.992,100.565,,,73.212,60.122,106.49,21.85,103.604,234.297,17.543,,,648.552,,136.558,,,332.677,898.345,164.768,,6.99,23.15,6.96,,545.804,71.36,12.338,15.05,357.979,341.529,86.778,47.435,,61.93,77.381,1606.468,7.791,161.413,129.995,,304.736
2015-08-14,1309.338,,705.083,70.472,232.341,1130.684,124.744,273.281,50.875,72.591,6.528,54.544,18.348,72.136,28.17,31.05,101.516,604.945,860.994,,,237.746,250.491,1104.055,260.124,87.75,2401.276,347.254,145.091,63.8,36.0,136.362,103.842,,,75.048,71.53,106.598,22.565,108.374,232.115,18.417,,,627.272,,158.461,,,344.123,961.399,174.61,,7.71,25.75,7.25,,541.623,71.45,13.058,16.72,363.719,342.104,116.64,52.235,,69.26,80.398,1641.151,8.231,168.215,122.315,,314.144
2015-08-21,1176.242,,632.565,61.357,210.736,1035.544,111.604,257.536,45.475,67.932,6.288,50.046,16.632,63.136,24.88,26.47,84.384,500.073,803.329,,,211.08,231.589,1026.325,230.665,74.7,2079.993,305.686,123.106,49.85,29.98,120.325,84.988,,,63.06,62.146,86.726,22.11,105.449,199.833,17.037,,,597.672,,144.14,,,302.813,797.921,153.489,,7.185,22.45,6.09,,483.305,64.37,12.057,13.97,310.138,322.007,94.433,44.18,,56.37,67.241,1538.092,7.131,149.233,107.915,,269.633
2015-08-28,1211.809,,612.421,56.492,204.016,1019.182,113.512,240.904,44.897,70.883,5.964,49.561,15.888,63.656,25.15,27.74,74.907,429.311,817.154,,,195.699,205.811,995.52,215.365,72.875,2121.419,284.376,125.365,51.06,28.2,120.04,81.769,,,56.418,57.454,76.142,18.73,98.069,195.203,14.875,,,596.392,,119.336,,,249.282,667.833,126.038,,6.51,20.74,5.05,,462.193,62.06,10.752,13.32,295.977,286.622,78.767,37.145,,55.41,72.299,1505.391,6.461,142.115,104.855,,254.047
2015-09-04,1222.84,,607.586,57.508,215.373,1023.424,117.04,258.201,44.85,68.825,6.716,51.502,16.836,64.316,25.78,29.39,70.898,402.216,770.949,,,204.899,180.841,1054.97,207.065,76.375,1969.523,298.32,118.288,45.85,31.72,125.576,88.897,,,50.1,49.174,71.786,15.649,71.744,192.954,14.645,,,580.552,,90.039,,,226.906,596.56,94.65,53.026,6.27,22.01,4.97,,477.243,62.84,11.386,12.77,279.137,272.124,62.695,29.15,,55.9,68.842,1568.812,6.841,148.126,88.395,,248.43
2015-09-11,1213.272,,594.493,58.309,206.603,1005.245,115.312,244.563,42.645,70.184,6.173,51.081,16.272,64.396,25.64,28.0,71.505,446.729,838.255,,,197.352,186.505,1011.93,206.17,72.625,1919.811,283.324,120.095,52.9,31.03,121.239,83.379,,,54.042,55.2,77.942,18.977,80.474,179.393,14.599,,271.1,540.072,,98.744,,,257.802,617.235,129.656,85.282,6.33,20.8,4.99,,459.058,64.22,11.069,12.97,287.557,288.488,62.391,32.96,,55.32,72.787,1494.49,6.571,143.064,99.295,,253.625
2015-09-18,1249.966,,588.449,55.014,198.573,1008.275,115.78,239.24,42.657,72.475,6.194,50.823,15.78,65.856,26.51,29.25,66.483,417.578,835.345,,,189.59,175.472,978.967,199.497,69.2,1844.323,285.955,110.809,55.23,28.8,122.037,79.183,,,47.886,50.14,78.878,18.405,75.299,171.124,13.632,,263.5,509.672,,87.278,,,233.016,560.988,140.402,100.621,6.195,20.65,4.71,,451.324,63.77,10.874,11.39,298.273,262.362,55.445,31.715,,54.56,70.141,1459.807,6.821,142.431,89.955,,240.567
2015-09-25,1216.368,,590.262,54.429,200.589,987.065,114.7,246.337,41.761,72.514,6.194,50.175,15.828,67.176,25.57,29.35,64.539,454.954,847.351,,,201.737,179.738,970.33,200.229,67.25,1807.5,274.116,110.006,58.57,30.49,116.502,77.056,,,52.098,49.91,78.05,18.054,77.009,195.931,13.264,,258.38,512.872,,88.729,,,232.242,566.381,132.529,90.583,6.195,20.34,4.65,,420.179,61.46,10.557,11.14,282.199,265.592,73.545,34.55,,55.2,72.09,1438.006,6.651,140.375,86.015,,237.057
2015-10-02,1198.64,,583.011,55.322,202.302,985.853,115.132,242.012,42.563,72.708,6.058,50.984,15.588,64.436,25.04,28.49,65.673,436.569,848.806,,,201.305,178.561,948.738,193.637,67.575,1815.785,264.382,109.654,60.06,35.22,119.184,89.299,,,49.884,53.222,85.142,18.067,80.699,196.989,13.034,,268.94,548.232,,91.162,,,233.877,570.748,135.242,82.334,6.0,19.9,4.57,,412.445,58.61,10.593,10.97,279.137,268.032,75.877,34.955,,53.69,71.046,1421.159,6.371,139.9,89.295,,233.827
2015-10-09,1236.009,,596.306,56.646,213.794,1014.941,117.94,248.665,42.916,73.446,6.184,52.311,16.14,68.076,26.81,29.37,69.359,476.727,885.37,,,210.793,186.872,976.52,206.495,72.25,1878.385,272.537,114.021,60.99,37.83,124.72,94.702,,,52.638,55.522,90.866,19.016,88.934,205.324,13.54,,279.58,561.672,,,,,266.581,621.088,146.041,91.214,6.255,20.6,4.9,,423.524,62.63,10.849,11.75,292.15,296.67,79.477,38.0,,52.78,73.019,1470.707,6.581,145.12,103.335,,246.886
2015-10-16,1257.338,,623.299,59.294,221.757,1039.786,126.58,253.433,44.343,75.853,6.246,53.088,17.184,70.296,27.57,30.11,75.029,648.249,864.45,,,230.774,200.809,1012.218,221.957,73.65,1940.064,287.007,120.546,60.65,38.92,,95.277,,,67.218,59.202,101.486,20.498,98.249,219.083,14.276,,299.5,567.272,,,,,291.883,866.369,154.607,114.345,6.54,21.2,5.27,,451.951,63.11,11.13,12.76,306.311,334.424,81.201,38.225,,56.2,77.613,1512.327,6.871,150.024,110.235,,264.437
2015-10-23,1314.966,,626.119,63.02,225.52,1003.427,131.188,261.527,44.697,74.339,6.361,52.732,17.796,72.176,28.22,30.38,74.259,647.886,899.559,,,248.024,220.483,1019.703,229.119,73.45,2001.743,,126.318,62.74,38.8,,93.208,,,64.734,57.086,99.038,21.655,99.374,212.997,14.461,,281.5,545.832,,,,,341.713,855.581,149.606,107.36,6.6,20.83,5.06,,464.493,63.11,10.996,12.67,300.57,338.443,81.809,37.295,,55.74,75.594,1521.246,7.001,157.3,103.955,,262.331
2015-10-30,1331.174,,656.335,62.035,229.283,1019.182,124.42,256.094,44.626,73.329,6.319,53.282,17.7,71.696,27.51,29.45,74.948,647.523,964.5,,,233.434,215.519,996.96,219.028,74.525,1923.494,,140.724,67.15,37.81,,92.92,,,67.056,59.616,96.77,20.589,,213.989,13.908,,285.34,565.992,,,,,324.673,840.813,159.82,111.292,6.405,20.52,4.93,,465.956,61.34,10.691,14.06,292.533,340.453,86.423,39.05,,53.03,76.847,1514.309,6.801,151.448,100.195,,265.42
2015-11-06,1356.837,404.242,672.45,64.621,250.149,1024.03,127.228,269.954,46.194,76.242,6.403,56.356,19.428,77.096,30.64,32.91,93.699,783.482,945.036,,,240.549,220.741,1028.196,230.502,79.8,2110.372,,141.427,67.8,39.64,134.878,97.002,,,69.486,64.262,102.35,22.071,,212.402,14.553,,295.9,592.872,,,,,338.443,923.515,167.534,134.949,6.6,21.4,5.4,,476.407,63.62,11.045,14.84,308.99,366.435,88.045,43.355,,59.39,81.953,1567.821,7.691,159.199,108.855,,291.116
2015-11-13,1338.209,401.883,648.68,62.466,237.28,999.791,124.924,265.297,44.991,74.145,6.351,55.709,19.956,74.816,29.38,31.26,92.727,764.975,925.754,,,232.715,221.587,1037.984,224.399,76.975,2037.646,,141.979,70.75,40.36,138.188,97.231,,,74.616,62.744,100.586,22.331,120.029,229.27,14.323,,292.14,573.512,,,,,322.779,955.877,168.811,136.072,6.435,21.0,5.31,,,61.4,10.837,15.44,301.718,354.09,87.589,42.515,,56.45,78.565,1537.101,7.431,155.086,106.255,,278.057
2015-11-20,1330.386,405.353,669.63,63.328,236.541,999.185,125.932,270.509,44.461,74.184,6.413,57.036,20.532,74.796,29.93,31.17,93.821,738.485,935.395,,,233.937,219.674,1050.939,234.815,74.95,2037.646,,140.122,66.65,42.76,137.218,93.61,,,75.966,68.448,105.122,22.435,151.799,,14.691,,296.86,565.672,,,,,339.476,902.069,169.928,199.112,6.525,21.08,5.51,28.023,468.464,61.4,10.959,15.95,308.224,355.525,88.958,46.7,,56.34,76.685,1595.567,7.361,167.108,102.615,,280.023
2015-11-27,1296.732,381.203,635.184,60.218,229.216,957.978,124.276,259.753,42.303,69.873,6.33,53.994,19.092,72.396,29.24,29.56,83.169,705.463,907.745,,,226.03,208.054,1020.711,218.865,72.275,2033.964,,134.5,60.35,39.58,131.454,87.92,,,69.432,61.364,99.038,22.461,129.254,,13.724,,275.18,585.672,,,,,306.083,845.308,152.159,181.246,6.165,20.17,4.96,27.585,441.918,56.96,10.496,16.04,281.434,326.313,80.998,46.97,,52.69,73.019,1572.775,6.811,159.04,104.615,,261.629
2015-12-04,1339.334,395.637,672.651,61.049,242.286,967.674,132.016,263.191,42.409,70.689,6.445,55.871,20.496,74.616,30.67,31.42,84.546,693.125,939.215,,,239.615,208.054,1042.159,240.349,77.225,2243.857,,144.94,61.87,40.3,141.098,93.898,,,77.748,66.884,97.166,26.062,132.179,,14.138,,282.54,610.152,,,,,308.235,829.512,153.383,176.648,6.195,20.52,5.1,29.266,451.742,59.36,10.52,15.59,290.236,333.706,79.173,48.635,,54.43,76.662,2040.506,7.101,187.514,107.235,,263.735
2015-12-11,1317.386,385.922,658.954,59.233,237.28,938.586,127.912,253.988,41.513,69.407,6.34,55.482,19.668,73.856,30.06,30.5,82.967,684.416,911.383,,,232.427,214.526,1056.697,291.78,77.95,2290.806,,140.724,61.64,38.98,139.786,101.657,,,71.97,64.4,91.334,26.465,133.079,228.41,13.816,,276.14,610.792,,,,,302.297,842.611,159.873,154.465,6.105,20.07,4.85,28.583,441.5,58.28,10.386,14.78,281.051,334.208,74.508,45.365,,56.1,76.175,2131.674,6.811,177.232,93.855,,263.033
2015-12-18,1348.17,404.659,691.385,64.313,244.336,1030.696,131.26,260.53,42.633,71.737,6.372,56.906,20.7,76.296,30.75,31.74,87.057,697.963,913.384,,,238.609,227.728,1093.691,311.556,78.8,2250.301,,146.647,63.84,39.22,141.441,99.416,,,75.912,67.344,99.074,25.958,141.449,219.612,14.0,,283.9,620.072,,,,,334.57,849.161,159.927,184.721,6.3,20.43,5.13,29.108,459.267,58.67,10.508,14.69,286.792,344.544,79.68,49.175,,59.75,77.961,2580.576,7.091,193.05,97.655,,278.479
2015-12-25,1391.054,420.897,711.529,66.222,244.974,1090.083,131.116,279.934,44.461,74.882,6.403,60.304,21.972,78.516,33.25,33.01,94.874,675.102,906.471,,,237.674,252.109,1122.768,324.088,84.875,2443.623,,154.427,63.5,39.16,148.003,104.761,,,77.37,73.646,96.914,25.737,145.499,220.141,14.184,,290.7,634.472,,,,,326.136,799.462,180.994,165.837,6.3,20.54,5.39,29.196,461.775,60.71,10.666,14.48,288.705,342.319,79.375,51.935,,60.4,76.94,,7.271,193.841,93.395,,281.708
2016-01-01,1355.542,423.118,715.558,67.67,249.51,1049.482,129.46,273.17,43.812,73.562,6.33,59.107,20.712,76.716,31.71,31.27,89.042,630.709,902.105,,,229.624,255.308,1072.819,373.811,86.55,2383.785,,150.261,64.45,38.86,144.408,102.002,,,74.184,68.908,99.398,25.932,148.739,212.733,13.908,,283.42,597.672,,,,,322.091,792.785,169.609,149.551,6.21,20.4,5.01,28.601,452.16,59.36,10.581,13.91,287.557,350.501,75.877,51.065,,60.72,75.223,,6.931,181.819,94.435,,276.372
2016-01-08,1279.23,404.104,655.932,64.282,224.243,957.978,114.988,266.406,40.606,68.98,6.204,57.068,19.092,72.596,29.4,28.4,78.836,502.129,875.365,,,212.805,215.151,970.186,280.713,79.025,2190.463,,138.616,59.48,34.75,134.649,94.415,,,67.488,57.546,79.994,20.953,112.019,193.615,13.31,,255.98,544.872,,,,,247.819,605.935,135.508,114.626,6.21,21.05,5.32,27.533,428.331,56.39,10.996,12.8,265.359,288.919,62.949,41.975,,54.94,71.766,,6.491,163.628,100.795,,242.673
2016-01-15,1247.546,372.043,620.478,56.215,219.472,918.589,111.892,243.565,37.693,63.816,5.964,53.8,17.94,67.116,28.44,26.21,73.652,500.556,791.141,,,218.34,190.255,894.039,270.215,75.475,2056.978,,135.102,58.1,31.39,135.734,85.391,,,66.354,58.374,69.806,18.99,107.609,179.988,12.206,,234.62,529.512,,116.388,,,233.016,537.744,127.262,109.537,5.625,19.12,4.4,26.955,410.982,52.31,10.923,12.02,246.988,266.453,56.358,35.435,,52.0,68.192,,5.971,149.391,85.075,,225.262
2016-01-22,1268.593,378.705,613.428,56.215,214.466,902.227,108.004,237.245,37.894,63.039,5.954,52.473,17.76,65.156,26.77,25.21,72.558,499.71,796.598,,,210.362,191.359,881.084,249.707,72.2,2083.675,,136.206,55.21,30.76,131.168,88.207,,,63.384,56.396,73.154,20.485,104.504,173.506,12.022,,216.06,550.952,,122.004,,,232.758,572.802,124.176,109.888,5.61,19.17,4.5,26.762,389.452,51.17,10.471,11.72,243.161,276.574,57.422,38.525,,51.2,69.816,,6.051,156.035,86.515,,236.495
2016-01-29,1256.831,372.876,597.313,56.862,216.818,862.232,101.128,242.345,37.08,61.913,5.828,50.661,16.656,65.076,26.12,23.4,69.399,467.655,808.968,,,214.315,172.788,891.017,247.347,72.775,2050.534,,140.372,47.64,27.76,129.57,89.299,,,56.688,58.098,65.126,18.431,89.159,185.148,10.734,,220.7,481.512,,130.568,,,220.968,521.82,111.727,103.71,5.115,18.83,4.1,26.062,364.787,47.54,10.13,10.13,219.815,263.654,48.094,34.265,,47.41,66.73,,5.721,151.289,83.395,,216.135
2016-02-05,1274.953,373.153,595.701,57.169,220.48,863.444,104.98,248.665,36.373,61.408,5.734,50.531,16.536,64.036,25.78,22.85,68.103,473.098,831.888,,,217.693,177.164,899.797,260.612,73.05,2061.581,243.861,138.114,50.12,26.92,128.258,88.38,,,59.388,67.068,74.486,20.329,100.049,185.876,10.826,,223.66,500.232,,127.058,,,233.705,531.195,116.835,113.994,5.46,18.53,4.12,26.307,365.623,47.57,9.788,10.34,217.901,273.99,46.42,37.685,,47.85,67.333,,5.721,155.877,85.075,,217.82
2016-02-19,1270.676,367.879,600.536,57.816,217.086,874.958,106.816,254.209,36.821,60.981,5.745,50.564,16.908,64.556,26.2,23.14,71.829,507.33,836.8,,,223.587,184.004,895.479,264.112,73.5,2095.643,245.176,144.94,54.34,28.36,129.628,90.104,,,61.494,,77.114,21.239,103.919,193.152,12.16,,218.3,560.872,,141.145,,,263.482,569.72,123.059,118.838,5.7,18.82,4.25,26.009,370.222,50.69,9.922,11.06,243.544,284.756,54.076,38.87,,45.83,71.232,,5.881,156.668,93.275,,226.806
2016-02-26,1347.945,369.822,592.277,56.862,216.952,847.083,100.3,245.561,36.173,59.816,5.745,49.949,16.692,62.916,26.24,23.51,68.954,447.334,845.35,,,208.709,171.354,847.977,242.953,71.6,,230.97,149.959,52.4,28.24,126.432,87.805,,,59.172,,69.374,19.367,96.719,187.265,11.47,,237.02,550.952,,117.417,,,237.578,502.942,112.366,110.379,5.685,18.72,4.47,25.449,353.918,48.95,10.154,10.49,226.321,256.118,50.274,35.495,,45.87,71.65,,5.741,152.713,104.735,,215.573
2016-03-04,1471.418,393.833,608.392,57.878,241.178,923.437,97.708,254.985,37.163,65.718,6.048,53.67,17.892,67.816,28.01,25.67,75.474,415.038,872.09,,,198.287,182.974,856.614,246.859,77.3,,254.911,150.913,53.75,29.2,135.905,86.885,,,61.224,,65.27,19.198,85.919,202.016,11.93,,248.22,523.272,,100.335,,,227.853,470.709,108.748,104.623,6.15,19.89,5.16,25.414,389.243,56.24,10.349,11.03,247.371,244.562,54.735,36.29,,43.24,72.415,,6.211,175.966,113.895,,226.245
2016-03-11,1411.032,397.025,617.658,57.169,238.758,863.444,101.74,268.402,36.656,64.903,6.079,52.958,17.892,66.796,27.48,24.61,75.272,421.086,855.719,,,202.671,175.031,848.409,234.245,77.0,,243.598,149.959,51.31,28.27,134.821,,,,60.954,,66.314,20.42,85.379,191.895,11.516,,237.9,498.472,,99.025,,,233.877,486.119,107.791,96.655,5.94,19.3,4.54,25.957,365.414,53.48,10.093,10.67,237.803,251.74,55.496,35.645,,42.97,71.65,,6.071,161.413,105.315,,
2016-03-18,1399.495,406.741,640.622,60.002,234.256,919.801,111.748,271.285,38.318,66.495,6.037,53.735,18.12,68.956,27.99,26.11,79.322,518.096,875.365,,,212.734,188.601,902.676,247.429,79.6,,256.752,158.492,57.0,30.25,136.476,,,,65.76,,76.214,21.59,117.374,208.367,12.068,,255.42,536.072,,115.826,,,243.602,675.153,120.399,108.729,6.045,19.77,4.55,26.395,392.17,56.15,10.325,11.06,248.519,286.981,58.842,39.815,,45.95,74.852,,6.371,168.531,108.495,,
2016-03-25,1506.31,422.701,663.184,62.065,243.227,912.529,110.2,269.954,38.083,66.34,6.016,53.929,18.288,68.836,29.14,26.79,81.509,530.675,870.453,,,212.734,188.601,891.592,248.324,83.0,,249.649,163.361,57.01,30.04,136.704,,,,65.922,,77.006,21.694,118.274,201.156,12.206,,253.42,559.272,,125.888,,,,732.042,122.633,107.887,5.835,19.43,4.55,26.185,380.882,54.8,10.154,10.91,252.729,285.761,59.805,41.75,,46.13,76.058,,6.331,165.526,121.595,,
2016-04-01,1506.929,432.972,662.378,64.313,240.539,930.709,114.88,280.932,38.554,66.883,6.037,54.382,18.204,68.556,29.22,26.93,82.359,521.482,873.546,,,218.268,200.331,904.115,253.288,80.975,,250.964,163.863,58.35,30.01,139.557,92.978,,,68.784,,79.454,21.408,124.844,188.059,12.022,,252.3,578.632,,124.11,,,,741.417,135.614,119.365,5.865,19.63,4.46,26.71,395.514,58.97,10.264,11.15,251.964,283.536,57.27,44.6,,46.55,76.035,,6.351,160.939,,,
2016-04-08,1533.774,422.701,650.292,62.312,233.584,922.831,112.612,270.731,37.859,66.456,5.995,53.703,18.264,67.036,28.84,25.91,79.281,515.434,869.726,,,227.037,204.34,905.123,251.742,79.55,,244.65,163.01,57.75,29.29,138.473,95.335,,,68.082,,84.494,21.226,128.669,186.471,11.884,,253.58,584.072,,117.838,,,,766.33,126.783,113.678,5.895,19.56,4.48,26.202,392.379,57.53,10.496,10.88,245.075,288.201,56.003,,,46.81,74.086,,6.181,159.357,,,218.522
2016-04-15,1505.86,428.947,651.097,62.25,237.75,936.162,112.468,276.496,38.755,69.446,6.037,55.126,18.792,68.696,29.33,26.48,83.169,549.182,875.183,,,233.146,208.753,916.783,253.532,81.9,,247.281,174.454,58.29,30.01,140.185,98.726,,,72.294,,86.834,21.915,128.039,191.168,11.976,,259.5,574.472,,126.496,,,,782.383,138.966,119.365,5.925,20.68,4.95,26.307,418.925,60.86,10.874,11.15,268.421,292.292,58.69,,,48.83,74.852,,6.321,163.628,112.215,,221.751
2016-04-22,1519.929,416.456,642.637,59.91,243.798,913.741,109.228,285.81,37.54,73.096,6.016,56.065,18.276,69.556,30.5,25.2,79.686,477.647,860.994,,,227.755,195.257,888.282,241.244,81.5,,236.494,205.222,61.95,28.51,139.044,94.932,,,66.354,,82.658,23.787,118.679,185.942,11.378,,257.66,552.072,,106.84,,,,681.188,128.911,109.01,5.79,20.14,4.77,26.447,427.286,56.54,10.727,10.58,247.371,272.698,51.693,,,47.05,72.415,,6.121,158.249,109.095,,211.501
2016-04-29,1541.315,438.662,,64.375,246.386,964.644,107.644,289.02,38.92,72.63,5.995,56.032,18.924,68.796,30.46,24.65,77.256,,857.72,,,231.062,197.206,897.638,237.582,84.75,,245.176,179.121,63.76,28.15,139.386,96.484,,,67.65,,81.578,23.8,133.844,188.059,11.24,,252.06,565.272,,107.308,,,,710.596,123.591,115.363,5.745,20.21,5.06,26.447,420.179,56.57,10.569,10.64,242.396,274.636,48.246,,,45.43,69.863,,6.101,155.086,107.415,,214.59
2016-05-06,1547.055,451.292,,71.673,244.672,962.826,111.388,285.25,38.495,70.961,5.975,55.709,19.056,67.516,28.96,24.08,75.879,468.502,862.085,,,223.946,201.435,898.358,237.907,83.813,,245.176,169.735,61.25,28.54,136.247,88.552,,,67.002,63.756,80.39,23.748,132.809,181.113,11.332,,255.9,567.672,,115.03,,,,724.337,123.272,107.466,5.685,19.54,4.81,26.342,400.949,53.99,10.374,,240.482,277.866,48.043,,,44.57,71.626,,6.041,156.668,110.015,,210.799
2016-05-13,1539.964,459.203,,73.736,247.696,993.731,111.496,298.113,40.228,71.931,5.954,55.45,19.572,68.156,29.44,23.7,73.085,430.4,860.266,,,228.69,209.047,918.222,235.141,88.163,,262.277,178.82,59.22,28.06,136.304,88.495,,,67.353,65.412,77.834,20.355,145.364,183.362,10.78,,262.3,544.872,,107.496,,,,661.54,113.43,100.797,5.58,19.24,4.54,26.657,395.723,51.59,10.154,,227.469,268.535,39.373,,,44.41,71.487,,5.921,154.295,114.075,,205.604
2016-05-20,1541.653,453.096,649.284,72.258,246.722,1012.517,111.208,291.349,39.132,73.135,5.985,55.709,19.212,68.356,29.81,23.61,74.219,454.132,854.081,,,236.309,217.027,921.101,230.909,87.563,,266.486,170.789,59.15,27.61,136.362,86.77,,,64.167,63.158,74.522,21.421,149.504,180.981,10.826,,261.22,533.672,,109.648,,,239.987,762.221,115.451,99.989,5.52,19.0,4.56,26.517,399.277,51.92,10.13,,225.173,269.237,38.765,,,44.03,69.724,,5.891,152.159,108.575,,201.111
2016-05-27,1548.293,445.047,640.22,70.626,243.731,995.549,110.092,290.351,38.542,72.281,6.027,54.9,19.248,67.916,29.51,23.57,73.53,442.157,824.43,,,229.409,208.55,910.881,229.607,,,261.751,177.365,57.84,27.76,136.019,85.62,,,62.277,59.294,74.81,21.2,144.824,182.965,11.056,,259.9,520.472,,123.314,,,241.364,751.562,122.367,98.656,5.46,19.04,4.45,26.36,400.113,52.55,10.13,12.05,224.025,272.682,38.968,,,43.74,69.283,,5.871,149.154,103.935,,201.391
2016-06-03,1725.287,479.328,684.536,78.108,264.496,1067.661,113.332,304.544,39.91,72.747,6.11,56.162,19.812,69.396,29.93,24.61,77.985,503.338,858.265,,,239.831,220.63,952.481,238.803,94.05,,272.537,184.542,60.05,29.26,140.585,87.805,,,68.163,67.022,81.614,22.435,178.484,200.098,11.194,,270.46,549.672,,150.318,,,270.97,873.303,127.847,109.186,5.505,19.33,4.69,26.92,423.524,53.03,10.178,13.88,229.766,292.634,42.06,63.83,,45.63,71.209,,6.031,153.583,107.215,,210.659
2016-06-10,1671.204,470.584,699.04,75.491,264.16,1067.661,111.748,303.546,39.698,72.708,6.131,55.677,19.716,69.016,29.88,24.43,77.054,488.315,857.901,,,238.824,216.383,951.185,235.792,92.55,,267.539,185.195,60.4,29.23,139.272,86.138,,,68.649,66.194,85.934,21.98,204.674,195.864,11.056,,265.9,536.472,,156.261,,,296.444,892.823,126.198,111.643,5.565,19.29,4.71,27.025,429.167,52.88,10.13,13.67,227.852,288.902,42.01,76.55,,46.68,70.652,,6.011,152.95,104.655,,208.693
2016-06-17,1693.602,498.481,748.594,78.385,281.296,1070.085,109.804,304.1,39.085,71.66,6.11,55.774,19.26,68.676,29.95,23.77,74.138,460.011,869.143,,,252.409,218.479,926.859,229.77,91.613,,260.435,183.84,59.26,29.38,138.473,85.276,10.13,,71.619,63.158,89.03,21.33,211.874,191.399,10.826,,267.34,520.872,,173.484,,,283.191,847.491,118.803,102.762,6.06,18.99,4.75,26.465,459.894,51.26,9.959,14.03,227.852,287.466,42.01,110.57,,46.24,68.401,,5.961,150.103,102.995,,207.851
2016-06-24,1668.334,477.662,744.767,74.721,264.563,1039.18,110.236,291.903,37.976,70.689,6.142,55.191,19.368,67.816,29.57,24.15,74.219,464.801,870.017,,,246.299,221.513,929.594,230.827,93.113,,253.069,182.334,59.16,28.51,137.731,85.161,16.31,,68.541,60.858,,21.772,210.322,187.926,10.734,,265.9,523.272,,202.172,,,273.552,853.655,119.973,111.362,6.195,19.13,5.17,26.482,450.279,51.29,9.825,12.95,223.259,286.031,38.511,114.41,,45.85,67.101,,5.941,152.792,97.295,,206.166
2016-07-01,1772.847,493.762,770.551,75.737,265.571,1107.05,113.44,295.23,38.755,72.164,6.215,55.515,19.908,69.076,29.88,24.21,76.001,479.388,890.099,,,260.89,249.424,951.905,251.335,97.8,,260.435,188.357,61.44,28.84,139.614,86.54,26.26,,71.241,62.238,88.814,21.863,195.922,191.995,10.918,,281.86,539.272,,192.016,,,282.416,843.767,124.229,116.276,6.045,19.63,5.37,26.832,449.652,52.64,,12.98,228.618,290.624,41.249,143.66,,45.85,67.032,,6.091,154.532,103.295,,214.169
2016-07-08,1906.45,539.979,829.976,82.881,278.272,1130.078,115.708,307.981,39.674,71.232,6.271,55.126,20.22,68.976,29.58,24.53,77.864,485.267,895.775,,,266.379,273.419,999.983,264.274,98.063,,277.273,200.052,62.24,31.09,144.066,88.38,42.31,,73.617,65.182,91.694,23.098,222.472,200.23,11.102,,300.82,564.472,,198.194,,,277.769,823.99,126.73,116.837,6.45,19.95,5.88,27.48,443.799,53.6,,14.09,234.741,288.04,44.342,141.47,,47.7,67.612,2017.714,6.151,162.916,105.721,,213.888
2016-07-15,1949.277,559.965,823.933,84.944,278.944,1202.19,119.38,319.624,40.782,72.941,6.302,56.097,21.48,70.596,30.29,25.07,78.795,461.752,953.404,,,277.951,275.019,1046.621,275.993,114.938,,298.583,203.315,63.04,32.11,153.254,95.737,40.05,,74.589,65.182,89.606,23.878,214.012,178.103,11.332,,316.42,605.272,,175.168,,,281.469,810.763,129.709,118.592,6.705,21.02,6.3,28.04,458.013,56.39,,13.805,238.568,288.758,43.784,137.21,,48.64,69.956,1932.492,6.351,165.763,108.961,,222.594
2016-07-22,1895.251,529.015,775.99,79.402,263.488,1144.621,118.084,313.303,40.087,72.708,6.26,55.871,21.312,70.016,29.95,24.53,77.985,448.253,929.828,,,270.62,274.026,1032.658,264.03,109.8,,297.794,209.187,61.55,32.47,153.824,95.105,35.06,,87.009,62.422,91.226,24.45,192.547,177.805,11.148,,311.38,596.472,,179.287,,,276.392,796.509,132.848,119.084,6.36,20.64,6.06,27.772,464.284,56.87,,13.325,237.42,287.323,44.798,133.4,,47.74,68.888,1882.944,6.261,159.91,109.241,,224.981
2016-07-29,1924.684,557.605,823.731,77.4,265.538,1204.614,119.056,332.929,40.688,73.019,6.281,,21.144,70.156,29.64,24.32,76.365,428.222,963.882,,,265.948,292.615,,271.11,113.25,,319.419,223.241,59.4,36.22,163.64,102.06,32.31,,79.989,59.11,82.622,21.122,175.402,186.14,11.01,,324.1,605.672,,167.68,,,253.671,734.739,129.922,110.379,6.225,20.41,5.83,28.665,482.469,56.87,,12.755,235.124,272.969,43.683,130.34,,46.9,71.417,1929.518,6.491,161.176,108.881,,222.734
2016-08-05,1884.052,533.317,792.105,74.352,261.035,1174.921,116.032,325.057,40.11,72.786,6.312,56.032,21.6,69.776,29.56,23.95,76.446,414.288,967.593,,,266.954,270.385,,259.392,112.388,,306.791,206.627,58.82,34.69,162.442,100.106,30.71,,82.905,59.662,82.442,20.901,177.652,187.926,10.964,,316.42,630.472,,184.107,,,253.499,726.905,127.475,109.186,6.36,20.63,5.75,28.683,490.412,58.34,,12.665,238.568,267.227,44.088,121.85,,46.59,71.951,2307.072,6.621,167.82,107.601,,221.19
2016-08-12,1946.182,550.527,812.854,76.23,269.066,1179.768,121.0,328.938,40.252,76.242,6.49,58.201,23.148,72.376,29.99,24.76,80.132,427.134,987.675,,,267.313,273.474,,270.703,108.9,,304.95,209.689,59.32,35.41,164.61,99.933,32.9,,81.555,61.042,83.27,20.771,175.357,182.568,11.24,,320.98,624.872,,173.671,,,251.95,741.674,127.209,110.519,6.3,20.91,5.97,30.241,503.789,60.32,,12.905,241.247,278.71,44.139,115.07,,47.21,71.441,2488.416,6.981,176.045,105.841,,227.368
2016-08-19,1887.147,549.972,815.674,74.998,265.034,1165.225,119.344,334.26,40.405,78.688,6.427,57.747,22.14,74.456,30.25,25.17,81.306,453.696,980.908,,,256.676,273.033,,271.192,111.975,,302.582,213.203,59.91,34.75,165.352,100.45,33.03,,83.445,62.33,88.022,21.577,187.417,190.903,11.332,,324.7,643.272,,178.164,,36.84,267.355,798.692,133.433,112.134,6.225,20.82,5.93,29.663,489.994,59.42,,12.875,249.285,289.189,45.812,122.33,,47.76,73.181,2667.779,7.251,176.362,108.481,,227.368
2016-08-26,1858.839,535.399,810.034,74.967,262.245,1166.437,117.292,332.264,40.063,78.416,6.49,57.392,21.852,73.596,30.36,24.94,80.456,433.012,974.141,,,256.963,271.268,,262.891,109.575,,300.74,202.21,58.4,34.0,159.531,96.082,31.29,,81.933,63.894,85.646,22.136,177.337,195.964,11.562,,325.78,626.072,,203.997,,59.32,266.064,774.035,131.784,107.852,6.075,20.66,5.75,29.716,487.903,60.95,,12.635,240.482,290.194,46.877,128.06,,47.93,73.761,2499.317,7.071,168.452,106.281,,224.7
2016-09-02,1883.207,525.406,817.285,74.198,256.734,1079.175,117.148,325.057,39.863,78.921,6.521,57.78,22.404,75.136,32.08,25.16,80.739,433.665,982.218,,,254.879,263.49,,265.983,109.2,2258.586,313.632,202.461,57.91,34.42,157.648,98.554,30.74,,82.365,62.146,85.898,22.045,169.687,203.009,11.378,,305.62,607.672,,186.213,,95.55,259.954,781.355,130.986,108.133,6.03,20.79,5.84,29.908,501.281,60.71,,12.605,237.803,287.61,,119.96,,48.21,72.879,2586.521,7.171,169.243,105.481,,224.279
2016-09-09,1876.735,519.16,810.034,73.366,250.821,1074.327,116.284,322.617,41.372,77.562,6.469,57.521,22.104,76.736,33.25,25.45,80.415,430.4,953.404,,,254.951,262.828,,265.169,108.825,2513.588,301.793,203.164,59.06,34.24,154.566,98.783,30.42,,79.449,60.398,83.666,22.955,173.737,202.612,11.286,,308.74,608.072,,177.649,,153.89,260.212,756.057,136.785,107.08,6.03,20.89,6.02,29.208,506.507,61.82,,12.545,248.519,284.021,,120.53,,48.72,72.763,2527.063,7.241,166.554,104.561,,226.947
2016-09-16,1848.259,501.395,779.616,69.733,245.142,1057.359,113.404,320.4,41.714,74.494,6.354,56.744,21.096,74.416,32.31,24.81,78.269,418.207,942.053,,,253.082,260.898,,258.415,102.75,2437.179,296.005,198.546,56.06,33.85,151.77,96.657,27.86,,77.775,59.478,81.268,22.539,154.162,204.993,11.056,,310.42,600.472,,166.698,,177.97,254.446,732.684,135.082,103.921,5.88,20.65,5.53,28.98,505.462,59.75,,12.005,246.988,282.155,,122.45,,49.6,71.441,2567.693,6.971,173.04,99.481,,221.892
2016-09-23,1837.622,517.495,804.393,70.041,249.309,,114.664,329.27,42.692,76.203,6.427,57.553,21.456,75.596,33.34,25.22,78.107,417.989,981.345,,,256.388,259.353,,266.309,105.975,2438.1,306.002,200.554,57.03,33.97,154.224,96.829,27.07,,76.209,60.95,80.815,22.409,153.262,204.695,11.378,,308.14,607.672,,167.914,,,253.929,732.171,145.35,102.587,5.865,20.99,5.71,28.875,494.383,59.84,,12.065,250.433,283.017,,145.82,,49.43,71.394,2755.974,7.081,172.881,100.041,,225.402
2016-09-30,1838.917,518.605,811.444,69.456,250.686,,113.656,332.26,42.633,76.28,6.417,57.521,21.42,74.136,32.6,24.79,77.985,419.513,971.958,,,256.029,267.296,,261.101,108.788,2509.905,298.372,206.326,55.64,35.38,155.765,99.358,26.51,,73.617,59.57,76.797,22.474,148.357,202.612,11.194,,307.54,630.872,,162.158,,,248.766,731.529,140.349,101.183,5.835,20.95,5.84,28.77,512.987,59.9,,11.735,245.457,286.749,,144.86,,46.99,70.304,2824.35,6.961,170.825,98.721,,225.823
2016-10-14,1882.194,515.413,817.084,70.041,254.282,,113.836,336.473,43.341,76.669,6.406,57.909,21.552,74.036,33.38,24.95,79.362,421.908,1012.779,,,256.173,266.855,,263.705,106.388,2484.129,298.636,200.403,57.32,36.28,158.789,99.301,27.4,,78.369,60.122,78.028,22.63,151.732,219.877,12.022,,315.82,636.072,,167.727,,,256.425,745.141,143.328,112.836,5.775,21.28,5.9,29.313,517.585,58.43,10.581,11.765,253.112,311.15,,157.1,,46.78,71.51,2890.744,7.301,164.498,101.081,,228.772
2016-10-21,1874.259,521.52,823.53,75.214,254.483,,116.5,335.143,42.374,75.931,6.396,58.395,22.116,74.256,33.12,24.89,80.051,420.82,1027.623,,,250.423,266.91,,264.6,106.425,2530.158,300.214,198.596,56.56,37.0,165.637,99.703,27.6,,76.965,60.306,77.38,22.435,157.897,225.433,11.792,,317.74,589.272,,168.757,,,262.364,741.545,132.422,107.782,5.88,21.87,5.95,28.945,530.754,58.82,10.557,12.185,260.766,305.696,,160.4,,46.86,70.953,2733.182,8.171,163.707,101.041,,228.351
2016-10-28,1946.632,545.947,882.552,79.432,259.792,1160.377,116.176,320.063,41.749,75.892,6.427,58.492,22.692,74.876,33.23,25.16,80.78,431.053,1019.328,,,247.117,269.668,,270.134,107.85,2526.476,299.951,197.141,56.31,34.93,164.496,97.749,27.9,,76.047,60.03,78.223,22.24,155.242,220.373,11.654,,312.82,601.272,,163.0,,,261.503,773.907,127.794,114.24,5.88,22.6,6.65,28.84,530.336,59.99,10.679,12.065,265.359,306.27,,147.38,,46.73,71.278,2683.634,8.021,164.023,100.241,,235.652
2016-11-04,1934.082,531.374,872.883,79.679,254.349,1171.891,117.94,319.287,42.457,75.931,6.396,58.783,22.86,75.676,33.65,25.33,80.901,430.4,1009.068,,,248.051,264.538,,269.076,108.713,,293.637,189.361,55.4,34.75,163.469,97.289,30.59,,75.723,62.422,75.372,21.785,159.922,218.785,11.884,,307.3,580.872,,158.227,,,261.159,775.063,125.985,121.471,6.03,23.1,6.63,28.665,514.659,61.46,10.654,12.035,263.828,302.251,,169.37,,46.44,69.631,2667.779,8.831,162.6,100.641,,235.091
2016-11-11,1935.546,538.452,880.336,79.371,253.744,1173.103,116.356,320.396,41.973,76.358,6.396,58.556,23.352,75.796,33.84,26.02,83.777,439.544,1006.885,,,241.726,263.656,,268.913,110.363,,294.163,188.608,55.2,34.81,167.92,97.806,31.69,,75.345,61.502,75.89,25.1,152.722,209.061,12.896,,303.22,582.472,,162.907,,,260.987,777.759,128.379,131.369,6.39,23.5,6.61,28.455,521.139,64.34,11.045,13.595,285.644,304.548,,155.84,,45.71,70.373,2806.512,8.861,165.289,100.521,,254.749
2016-11-18,1906.957,533.872,855.962,78.293,252.333,1164.013,115.924,315.628,41.49,76.669,6.375,58.362,23.16,75.836,33.97,26.35,82.4,439.762,1004.266,,,243.882,263.104,,272.9,109.238,2537.523,292.321,191.469,55.33,34.93,166.208,96.542,30.33,,75.885,61.134,76.538,23.579,152.317,214.419,12.758,,306.34,578.072,,160.426,,,263.224,765.431,126.73,127.227,6.27,22.7,6.44,28.298,512.778,62.99,11.142,13.085,293.298,314.882,,151.76,,45.8,69.399,2977.948,8.991,167.187,100.601,,246.043
2016-11-25,1945.732,543.726,863.214,79.432,258.347,1215.522,117.148,319.176,41.796,80.125,6.49,60.53,24.492,79.376,34.99,29.26,84.263,459.793,1027.841,,,243.451,263.931,,291.374,116.25,2971.118,302.319,193.677,55.44,36.46,173.399,100.565,29.26,,75.129,61.41,76.408,23.215,151.012,206.878,13.08,,309.34,576.472,,155.887,,,261.675,756.699,126.411,124.138,6.285,23.19,6.23,28.84,523.229,65.42,11.545,13.265,289.088,319.763,,150.65,,46.69,70.466,2926.418,10.181,178.102,100.601,,261.489
2016-12-02,1973.195,551.776,862.207,79.956,259.053,1245.821,117.652,320.285,41.69,78.183,6.511,60.433,23.796,78.356,34.23,28.56,83.007,461.317,1037.227,,,242.301,262.387,,297.396,119.513,3111.967,312.579,190.917,54.8,35.62,174.198,103.037,27.91,,73.725,65.458,75.372,23.852,141.382,202.512,13.954,,315.94,572.472,,143.391,,,254.532,733.07,120.186,123.226,6.375,22.89,5.6,28.84,519.048,65.24,11.655,12.605,281.051,315.313,,141.92,,46.03,70.489,2852.096,11.171,186.802,99.841,,258.961
2016-12-09,2063.183,564.406,876.71,81.988,267.755,1190.07,117.724,313.41,41.101,80.94,6.584,61.501,24.624,79.536,34.46,29.14,80.658,431.488,1034.39,,,240.36,260.015,,276.318,120.675,2949.024,302.056,188.407,52.8,36.58,172.486,101.543,28.02,,73.401,63.618,72.974,23.618,145.702,208.168,13.862,,315.7,572.872,,141.238,,,249.54,692.361,120.186,108.343,6.3,23.08,5.48,28.508,513.405,64.07,12.265,12.785,289.471,306.701,,144.26,,45.3,69.399,2689.58,10.901,176.203,101.441,,247.026
2016-12-16,2005.893,547.612,849.717,85.652,261.438,1146.439,111.64,300.659,40.287,76.979,6.417,59.236,22.776,76.776,32.7,27.16,77.904,402.313,1027.404,,,226.273,255.768,,267.855,117.0,2764.907,294.689,180.477,51.517,36.34,163.069,95.852,,,71.079,65.09,67.466,23.579,131.302,195.964,13.08,,299.38,538.072,,129.913,,,243.86,652.808,114.494,109.396,6.21,21.84,5.23,28.14,509.433,61.7,11.777,12.335,280.285,300.528,57.524,135.11,,44.22,69.491,2456.706,9.641,167.029,99.521,,235.933
2016-12-23,1963.403,533.317,837.832,80.11,255.491,1139.167,108.976,298.885,39.285,74.727,6.385,57.78,22.44,75.276,31.57,26.99,77.459,376.403,999.9,,,223.541,255.216,,269.076,112.988,2682.054,292.058,181.38,50.597,35.47,163.298,94.53,28.01,,73.185,64.63,67.207,24.138,126.847,195.964,13.218,,293.02,538.872,,127.62,,,236.028,623.4,112.313,107.852,6.03,21.6,5.02,27.86,535.143,60.74,11.557,12.185,270.335,295.074,74.103,127.22,,44.42,70.164,2242.66,9.711,163.39,96.401,,235.933
2016-12-30,2042.867,534.15,850.12,86.361,262.48,1147.651,109.948,302.766,39.839,74.727,6.396,58.071,22.608,76.676,31.62,27.47,77.742,371.178,1003.611,,,219.66,256.209,1132.268,268.018,113.138,2730.845,291.532,188.708,50.097,36.49,164.895,94.013,26.74,,73.023,62.698,69.345,23.397,132.787,207.871,13.448,,299.62,557.672,,125.56,,,237.233,618.52,113.962,101.253,6.03,21.93,5.0,27.65,533.262,60.23,11.594,11.765,269.569,307.131,95.245,127.88,,45.31,69.259,2267.434,9.651,163.39,94.121,,242.252
2017-01-06,2136.344,556.634,878.926,88.67,263.555,1150.681,110.92,298.885,39.827,76.125,6.427,58.168,23.34,76.696,31.79,28.56,77.54,374.226,1014.307,,,229.795,254.058,1085.63,265.251,117.713,2765.828,295.215,182.033,50.217,36.13,167.521,95.45,26.26,,73.725,62.882,67.79,24.047,134.812,197.849,14.507,,303.1,543.272,,132.019,,,243.258,611.97,112.1,102.938,6.09,22.14,5.05,27.737,576.321,61.67,11.911,11.915,285.644,303.83,105.232,130.19,,45.52,70.141,2276.352,9.671,163.865,95.681,,237.759
2017-01-13,2103.197,550.943,852.135,87.869,253.072,1147.651,118.3,295.558,40.311,77.135,6.48,58.459,23.076,76.936,31.97,29.08,78.35,360.073,1007.103,,,218.51,251.465,1064.614,255.73,113.325,2688.499,292.585,182.083,49.327,36.1,168.947,94.817,26.48,,75.993,61.226,66.105,24.151,137.647,200.131,14.967,,306.7,540.472,,132.58,,,237.319,575.628,108.961,98.164,6.135,22.35,5.19,27.86,574.649,62.96,12.191,12.365,284.878,294.213,110.353,123.02,,45.82,69.793,2392.294,9.331,162.916,93.561,,227.508
2017-01-20,2160.15,567.876,871.876,87.346,259.859,1188.858,116.644,304.651,40.841,78.571,6.511,60.142,24.0,78.336,32.59,28.88,79.16,351.147,1036.354,,,220.235,252.899,1109.093,258.903,117.075,2799.889,293.374,190.616,48.997,37.63,174.825,97.461,25.49,,77.235,61.042,64.226,23.033,131.212,198.94,15.381,,315.34,562.872,,127.76,,,234.307,573.958,106.088,96.479,6.18,22.87,5.39,28.175,599.105,65.96,12.301,12.365,290.236,302.682,120.899,122.36,,46.38,70.745,2280.316,9.511,165.605,96.401,,228.632
2017-01-27,2100.664,569.125,864.02,85.498,261.203,1196.736,116.716,307.977,42.846,80.163,6.594,61.08,23.94,78.836,32.87,29.1,79.443,349.187,1054.472,,,224.979,253.175,1121.616,260.124,119.625,2837.633,297.583,187.654,49.097,37.99,175.795,98.841,25.86,,79.557,61.41,66.753,23.137,132.247,203.802,15.979,,327.46,558.472,,133.002,,,236.717,581.535,106.62,96.199,6.39,22.97,5.45,28.298,593.879,69.14,12.143,12.995,299.422,311.007,122.825,129.32,,47.66,71.534,2280.316,9.731,164.814,96.841,,231.019
2017-02-03,2114.34,560.936,848.106,85.498,260.262,1186.434,112.468,305.649,43.176,78.999,6.553,59.98,23.772,77.056,32.11,28.53,78.998,342.002,1077.611,,,228.932,252.954,1148.102,259.717,119.625,2801.73,298.636,184.091,48.767,37.54,174.369,97.404,25.85,,78.909,60.766,66.883,22.643,130.942,210.45,15.105,,330.58,566.472,,131.364,,,245.581,576.912,112.1,96.409,6.375,22.67,5.33,28.088,601.613,70.22,,12.785,299.422,308.136,123.383,128.51,,47.27,71.835,2280.316,9.631,164.181,95.401,,228.913
2017-02-10,2104.379,580.644,884.566,86.114,277.264,1181.586,111.964,306.757,44.367,79.775,6.584,60.077,24.036,78.216,31.86,29.78,80.213,352.235,1054.036,,,224.26,252.734,1123.631,260.449,120.45,2855.124,296.005,186.901,50.047,40.12,174.711,98.209,25.93,,78.369,61.41,68.373,23.8,138.772,215.809,15.289,,328.42,575.272,,131.27,,,257.544,586.158,111.727,96.058,6.345,22.81,5.64,28.455,608.72,72.59,,13.055,317.792,317.897,143.764,130.22,,46.77,71.951,2278.334,9.971,168.769,97.321,,231.861
2017-02-17,2135.219,596.189,930.696,92.981,295.811,1170.679,114.952,309.197,43.907,80.241,6.636,59.851,24.372,78.336,31.51,29.95,80.213,364.21,1081.759,,,228.213,252.679,1144.503,258.985,128.438,2987.688,300.74,197.392,48.977,39.4,173.17,98.439,25.55,,76.695,59.754,66.559,23.657,134.857,217.694,15.105,,351.94,588.072,,126.169,,,255.393,582.434,110.663,86.02,6.375,22.87,5.8,28.455,630.459,70.58,,14.705,315.113,317.753,149.037,124.43,,46.95,71.417,2266.443,9.681,166.238,98.081,,231.44
2017-02-24,2203.09,614.787,958.092,105.236,304.178,1188.252,114.088,313.743,44.131,81.833,6.699,60.53,24.924,78.936,31.43,29.5,80.375,366.17,1131.529,,,230.226,265.531,1167.103,263.135,128.888,3028.194,308.37,201.357,50.637,41.92,178.192,101.083,,,78.369,61.502,70.188,24.034,144.037,216.007,15.703,,352.78,604.072,,136.09,,,268.818,607.219,114.387,83.422,6.435,22.7,5.62,28.49,644.046,70.1,,16.355,319.706,328.088,140.063,168.89,,48.78,72.763,2284.28,9.821,170.509,106.521,,237.197
2017-03-03,2168.873,610.623,960.912,105.483,303.842,1174.315,115.744,306.868,43.966,80.202,6.647,59.171,24.42,77.516,30.66,28.67,78.998,356.808,1097.476,,,220.81,264.262,1135.147,261.426,126.45,2977.562,317.315,197.542,51.427,42.07,177.907,101.198,,,81.555,60.582,69.54,22.812,161.767,222.258,15.105,,361.3,624.872,,138.945,,,269.249,603.623,112.047,85.388,6.195,22.42,5.83,28.28,635.267,71.06,12.204,15.425,308.224,329.667,148.581,191.06,,52.08,71.301,2232.75,9.471,168.136,104.081,,236.916
2017-03-10,2243.778,619.922,981.056,104.621,311.536,1184.01,118.156,307.977,44.26,79.814,6.709,58.945,24.264,77.016,31.14,28.28,78.471,350.929,1129.783,,,221.529,267.572,1142.344,266.146,135.825,3130.379,321.787,209.388,50.607,41.44,174.54,97.174,26.33,,80.421,61.87,68.827,22.565,171.307,229.502,14.737,,368.62,612.472,,142.876,,,298.596,577.939,111.94,83.212,6.12,22.15,5.79,28.07,640.074,69.53,12.143,15.185,323.151,331.82,174.489,191.99,,53.36,71.301,2272.388,9.411,171.3,107.081,,232.844
2017-03-17,2292.346,621.31,986.495,104.774,311.704,1179.163,116.464,311.525,43.529,79.426,6.689,58.815,24.312,77.316,31.44,28.95,78.755,348.752,1144.627,,,222.966,266.634,1155.443,265.169,132.788,3116.57,327.049,208.535,49.907,40.45,170.146,97.059,26.32,,85.551,63.986,69.28,22.357,162.217,226.823,14.967,,375.82,643.672,,147.229,,224.76,293.346,586.8,111.089,83.422,6.195,22.44,6.07,28.508,647.808,74.27,12.045,15.065,322.385,337.992,196.644,186.35,,51.64,73.761,2365.538,9.561,173.04,109.721,,259.242
2017-03-24,2339.282,655.73,1032.625,105.206,322.96,1241.579,125.284,324.387,45.263,79.309,6.689,58.201,24.432,78.916,30.92,28.28,78.674,342.655,1177.807,,,226.848,282.245,1290.031,278.678,138.45,3367.889,344.413,213.805,50.067,40.87,175.111,99.646,26.08,,87.873,63.526,68.373,22.266,166.132,250.041,15.933,,405.34,705.672,,141.332,,206.42,316.325,570.876,107.099,81.106,6.15,25.04,6.13,28.98,658.886,73.85,11.862,14.225,327.361,342.299,190.713,179.99,,59.41,75.455,2360.583,10.341,172.091,112.481,,269.633
2017-03-31,2336.693,652.399,1035.244,99.509,318.861,1227.035,129.676,320.728,43.754,80.824,6.845,58.298,24.744,79.836,31.27,28.68,77.945,328.721,1196.361,,,222.032,281.031,1261.386,269.889,132.375,3382.619,352.042,214.357,48.437,41.05,175.91,98.841,23.9,,86.145,61.778,66.624,21.603,162.172,253.018,16.117,,396.7,649.272,,134.452,,210.1,306.169,555.723,102.258,86.511,6.09,25.11,6.33,28.718,649.898,71.57,11.789,14.735,311.669,330.385,166.782,170.54,,58.6,77.288,2270.406,9.991,169.718,109.801,,256.434
2017-04-07,2373.33,648.096,1022.351,101.48,312.074,1208.856,132.736,322.835,43.518,79.736,6.866,58.718,24.492,79.016,31.13,28.43,78.633,325.89,1207.276,,,233.46,295.318,1281.107,269.727,133.688,3392.745,347.307,221.233,50.017,43.09,177.622,99.416,24.2,,91.167,63.986,68.373,23.579,174.817,254.804,17.129,,402.58,670.872,,138.009,,215.03,306.772,553.283,105.875,86.441,6.36,25.04,6.38,28.718,686.06,72.89,12.008,15.905,313.582,345.026,179.356,173.27,,59.5,78.959,2292.207,10.721,172.091,111.041,,260.646
2017-04-14,2387.849,643.378,1014.495,102.896,305.454,1195.524,129.352,319.065,43.706,79.464,6.814,57.003,23.352,77.596,30.59,27.89,78.228,328.067,1189.158,,,229.867,297.69,1250.735,265.902,129.9,3288.719,335.731,218.272,51.767,44.44,176.138,98.726,23.19,,86.253,63.71,66.364,24.19,161.227,248.057,17.359,,405.22,655.672,,128.696,,177.9,284.396,534.919,102.417,83.492,6.45,24.99,6.27,29.208,700.483,74.87,11.838,15.455,300.57,349.763,181.536,160.19,,52.55,86.802,2276.352,10.701,175.412,109.201,,254.047
2017-04-21,2416.438,689.178,1105.546,109.178,317.584,1230.065,136.732,327.27,44.673,79.387,6.814,55.547,23.328,77.996,30.52,27.51,78.512,294.494,1238.928,,,233.317,316.499,1324.29,277.458,135.863,3494.009,356.778,231.874,52.387,43.33,186.296,98.036,22.67,,89.493,64.538,65.068,19.926,153.982,258.376,18.601,,449.5,695.672,,116.996,,174.9,268.044,504.612,101.779,89.179,6.18,24.91,6.05,29.663,724.312,74.69,11.472,14.075,300.57,353.495,168.81,154.91,,55.14,86.779,2280.316,11.011,172.723,110.801,,260.506
2017-04-28,2489.318,687.096,1122.064,104.805,294.064,1187.646,139.432,311.636,42.846,80.668,6.887,55.871,23.772,81.736,31.6,29.51,78.431,293.449,1181.081,,,241.007,308.005,1266.856,265.169,133.725,3502.294,352.305,236.743,52.297,41.17,186.581,96.024,21.63,,92.247,62.882,64.032,20.498,143.992,271.176,18.831,,452.74,746.472,,118.072,,198.06,277.769,513.986,103.003,89.81,6.09,25.22,6.1,29.803,665.575,72.95,11.459,13.805,305.163,352.49,161.864,152.93,,55.06,87.197,2163.383,10.151,167.978,112.601,,267.667
2017-05-05,2504.569,668.499,1100.107,104.805,298.869,1192.494,137.848,309.751,42.209,79.387,6.866,55.612,22.596,80.336,31.19,29.15,76.608,274.637,1203.128,,,231.951,298.131,1235.188,265.495,143.063,3481.121,377.299,239.303,48.757,40.09,190.747,92.116,22.09,,90.897,63.342,63.254,22.188,143.722,266.81,19.199,,457.9,720.872,11.12,113.907,,189.99,267.183,493.953,99.545,88.266,5.97,25.53,5.67,30.101,641.328,69.74,11.228,13.52,303.632,346.318,147.364,149.18,,53.92,92.232,2102.935,10.111,167.029,112.161,,265.42
2017-05-12,2489.262,682.239,1118.64,98.37,303.808,1180.374,138.568,305.649,42.268,85.367,7.075,57.359,24.036,87.716,32.84,31.13,76.082,288.223,1231.943,,,238.779,310.542,1286.289,264.6,145.313,3508.739,377.562,257.573,48.447,38.8,190.976,85.965,20.28,,88.305,55.982,59.301,20.914,138.441,276.534,17.773,,480.7,690.072,17.91,114.188,,194.66,248.508,484.578,90.394,90.442,5.82,25.46,5.68,30.206,645.091,69.23,10.984,13.07,291.384,341.007,144.423,156.23,,54.77,90.492,2153.474,10.191,164.34,101.601,,260.365
2017-05-19,2643.181,721.516,1136.568,103.235,303.136,1260.365,147.208,309.086,43.117,86.105,6.992,56.291,23.4,87.836,31.69,29.62,76.325,295.016,1292.409,,,247.548,307.729,1323.715,270.54,144.525,3511.5,382.034,254.361,48.967,39.79,193.601,87.517,19.45,,84.579,57.454,63.513,22.24,141.585,282.19,19.383,,499.54,702.472,24.29,115.639,,195.0,257.544,503.97,99.225,92.618,5.88,25.73,5.8,30.504,673.853,71.48,11.154,13.67,292.533,346.748,140.317,162.2,,56.11,98.962,2130.682,9.881,166.396,100.321,,286.763
2017-05-26,2705.649,728.178,1162.957,106.468,317.45,1299.754,146.596,324.72,44.72,94.298,7.253,59.236,24.42,96.176,33.79,31.96,79.079,306.512,1295.902,,,248.195,301.937,1314.358,273.389,145.013,3600.797,398.872,253.116,49.527,40.06,200.106,89.357,18.33,,81.339,54.694,64.032,23.267,141.764,275.84,18.785,,502.42,740.872,21.92,109.18,,177.69,262.364,496.008,95.182,89.319,5.94,27.3,6.08,31.116,673.351,72.77,11.74,13.4,300.57,341.94,141.179,171.56,,57.39,95.411,2267.434,10.121,170.351,97.321,,290.414
2017-06-02,2679.705,733.73,1141.402,103.635,314.997,1280.968,151.348,321.726,43.989,92.434,7.326,59.01,24.288,95.736,33.95,31.49,79.038,320.36,1325.175,,,234.61,301.992,1335.95,276.318,147.713,3548.324,407.817,258.401,49.857,40.87,203.93,89.644,17.64,,81.393,52.854,63.254,23.423,132.873,278.816,18.187,,522.58,798.072,20.15,110.21,,179.05,264.343,494.467,95.448,97.041,5.91,28.04,6.25,31.712,662.816,73.43,11.606,12.83,301.335,341.509,141.888,163.43,,59.06,96.34,2307.072,10.361,172.881,95.801,,295.609
2017-06-09,2783.425,792.16,1189.547,114.905,324.035,1355.504,157.972,336.695,46.595,95.346,7.18,59.624,24.324,102.096,35.94,31.84,79.808,328.198,1352.942,,,240.324,315.672,1386.474,282.178,162.375,3782.152,426.496,279.543,50.657,42.61,207.639,92.702,18.11,,85.767,54.51,71.289,23.878,139.339,286.258,18.923,,583.06,918.472,,122.284,,178.05,274.757,556.365,95.182,106.307,5.97,,6.45,31.536,715.24,75.38,11.764,13.31,315.496,355.289,148.936,162.71,,61.29,98.01,2299.144,10.651,177.073,103.361,,312.88
2017-06-16,2765.922,790.079,1178.669,114.844,318.894,1319.145,151.636,330.486,45.192,90.065,7.054,58.912,23.796,99.216,35.49,30.45,78.755,328.721,1358.704,,,253.154,308.556,1373.663,279.248,157.725,3777.549,399.924,271.843,51.467,43.6,206.84,90.978,19.04,,85.713,56.81,70.382,22.994,151.285,279.709,18.601,,552.82,846.072,,119.252,,163.91,278.199,579.609,93.693,102.727,6.045,,6.45,30.696,729.036,72.2,11.886,15.83,313.965,364.045,170.585,154.94,,59.07,91.583,2306.081,10.206,172.486,103.681,,319.339
2017-06-23,2822.763,831.438,1212.712,118.077,322.624,1388.227,155.452,337.804,45.451,98.686,7.159,60.563,24.456,105.256,37.1,31.3,81.306,310.693,1326.485,,,250.782,337.791,1408.066,298.698,178.05,4147.624,420.971,288.351,51.017,43.51,213.346,93.507,19.78,,89.709,55.43,70.771,21.239,155.236,301.837,18.831,,591.7,929.672,,112.325,,155.21,294.379,573.573,92.203,95.497,6.06,,6.66,31.536,771.928,74.6,11.984,15.2,332.336,385.002,166.174,152.66,,59.29,96.409,2616.249,10.616,181.977,106.561,,348.966
2017-06-30,2817.81,840.598,1223.59,116.137,324.002,1425.798,153.616,347.34,46.512,102.103,7.274,62.375,25.8,105.036,37.72,30.6,81.63,317.486,1338.534,,,256.82,341.818,1387.05,297.151,172.65,4254.411,427.548,285.154,50.367,44.23,217.683,94.714,20.25,,93.597,56.166,73.226,20.94,164.936,292.113,19.429,,602.5,926.872,,113.121,,156.15,348.34,613.897,93.48,97.673,6.165,,7.22,32.412,812.061,79.04,12.289,15.89,347.262,385.863,165.413,163.04,,63.19,94.298,2705.435,10.686,181.661,109.881,,351.634
2017-07-07,2710.36,787.025,1176.654,114.782,316.71,1354.292,143.86,339.8,44.744,99.579,7.232,63.119,26.484,107.836,38.56,31.06,81.347,319.837,1292.169,,,249.704,323.891,1337.821,288.037,167.363,4166.035,404.66,269.559,51.087,45.61,223.39,93.219,21.76,,100.131,60.03,73.29,20.875,203.556,293.006,19.337,,563.44,942.072,,120.047,,183.37,376.31,589.368,95.129,92.689,6.285,,8.63,32.342,812.562,80.87,12.667,18.62,341.904,371.078,169.013,158.63,,59.39,96.572,2674.716,10.406,185.773,115.361,,343.911
2017-07-14,2769.113,797.296,1194.986,112.442,312.813,1383.985,143.068,325.718,44.473,107.034,7.435,65.74,27.958,112.456,39.15,32.67,83.088,306.774,1289.288,,,247.548,320.195,1344.299,289.42,169.388,4411.831,404.923,268.515,50.987,43.78,222.135,93.162,20.41,,97.431,59.662,71.735,19.978,194.395,299.703,18.876,,563.44,1010.872,,112.747,,162.89,341.885,563.171,92.629,90.92,6.345,,8.29,32.732,826.86,80.81,12.862,19.61,343.435,371.94,156.693,157.76,,61.83,95.11,2667.779,11.156,196.055,119.405,,354.864
2017-07-21,2863.604,827.413,1239.705,119.986,322.355,1374.29,150.268,322.17,43.848,105.326,7.602,65.514,27.958,110.836,38.64,32.31,83.655,286.394,1320.722,,,250.782,314.9,1355.382,280.957,168.375,4377.77,414.131,267.21,50.907,43.78,219.281,97.76,20.3,,108.879,60.582,73.679,18.054,198.437,315.48,18.692,,571.72,975.672,,107.271,,153.99,399.375,522.847,89.33,89.642,6.33,,8.99,33.047,891.574,84.38,13.228,22.79,356.83,374.38,148.53,151.76,,60.89,95.087,2686.607,11.706,197.479,118.565,,350.511
2017-07-28,2923.933,841.57,1315.245,132.98,335.056,1359.14,145.408,318.843,44.579,109.364,7.832,65.643,27.895,110.696,38.04,31.54,82.683,299.458,1346.393,,,248.626,311.094,1323.858,279.411,166.5,4272.823,400.713,256.64,49.887,43.81,213.746,94.197,19.47,,114.603,64.262,79.835,18.327,208.406,314.885,18.416,,558.76,990.472,,108.581,,142.69,413.317,560.089,100.892,92.59,6.495,,8.31,33.555,886.808,82.49,12.789,21.74,353.003,377.538,145.184,150.92,,61.41,92.418,2572.647,11.286,191.943,118.045,,344.754
2017-08-04,2866.08,818.808,1279.389,136.09,325.984,1372.472,143.356,315.184,43.895,108.354,7.957,64.705,26.928,110.796,38.71,30.81,83.817,344.92,1326.485,,,248.41,305.853,1271.031,274.691,159.188,4108.959,384.086,251.55,49.105,42.97,207.811,93.679,19.47,,116.655,69.23,79.122,18.925,208.226,300.15,18.186,,536.44,908.872,,107.879,,159.03,397.654,561.245,94.783,87.873,6.795,,8.56,32.96,953.529,80.72,13.985,21.74,375.201,372.514,157.301,150.14,,59.59,91.884,2494.362,10.986,183.559,115.765,,324.956
2017-08-11,2924.721,845.317,1344.656,155.12,335.661,1474.277,149.692,318.954,43.117,104.355,7.832,63.313,26.522,106.076,38.54,30.64,81.023,338.649,1405.331,,,253.37,312.693,1327.313,274.935,159.9,4143.021,386.191,248.026,48.445,43.33,210.093,89.598,19.21,,116.115,68.494,79.77,18.418,203.825,307.741,17.45,,547.24,972.472,,107.879,,137.33,417.706,550.971,93.479,92.197,6.93,,7.88,33.205,882.293,81.8,13.509,19.34,344.583,374.236,167.036,149.54,,58.61,93.834,2413.104,10.786,179.604,132.925,,325.517
2017-08-18,2956.18,842.68,1334.785,147.73,329.008,1510.636,157.288,326.494,43.765,107.966,7.905,63.119,27.146,113.256,38.31,31.91,81.752,360.857,1420.262,,,252.507,312.638,1317.093,279.574,157.988,4153.147,381.192,253.573,49.145,43.0,207.411,90.288,20.23,,112.659,69.138,81.455,18.743,210.561,317.564,18.002,,581.98,1054.072,,111.717,,140.81,521.326,621.216,100.961,93.377,6.75,,8.1,33.73,959.047,80.27,13.643,19.07,349.176,391.892,167.289,159.08,,61.71,94.367,2492.38,10.946,183.875,130.685,,344.754
2017-08-25,2974.977,818.947,1291.475,144.22,331.864,1503.365,154.336,335.697,43.471,116.159,8.469,65.934,28.379,118.576,41.76,32.89,83.534,367.912,1445.933,,,247.979,311.811,1315.941,276.237,168.375,4280.188,392.505,261.99,49.275,43.39,214.373,90.575,20.28,,112.983,70.702,84.306,18.47,199.874,302.68,18.37,,580.0,993.272,,111.389,,145.07,538.28,624.941,106.04,90.625,6.66,,8.39,33.625,994.164,83.03,13.96,20.45,352.62,388.303,166.731,157.91,,61.45,95.11,2530.036,11.286,186.248,146.525,,339.98
2017-09-01,2987.302,838.378,1317.663,160.324,327.664,1535.482,153.652,333.48,43.388,113.17,8.083,64.511,28.067,119.256,42.81,32.38,88.232,402.4,1471.866,,,258.329,303.868,1291.759,275.423,164.4,4138.418,405.133,262.055,48.885,41.8,209.123,90.978,20.44,,114.603,74.29,83.788,18.431,209.035,321.285,18.094,,614.02,1015.272,,119.72,,197.51,506.265,720.87,107.207,97.308,7.17,29.97,9.23,32.942,1027.524,81.32,14.558,23.0,334.25,405.097,153.245,155.9,,62.87,97.546,2576.612,10.806,185.457,172.805,,350.792
2017-09-08,2870.188,787.719,1242.928,149.608,320.944,1552.449,156.172,336.917,43.058,111.694,8.198,64.284,28.145,117.956,42.87,32.19,86.085,383.066,1570.097,,,266.523,308.832,1287.44,274.365,164.963,4044.518,400.924,252.986,50.415,41.86,207.24,90.115,22.0,,124.269,75.946,84.63,18.145,236.069,319.796,18.692,,615.64,1037.672,,126.365,,218.75,480.016,712.266,109.883,102.222,7.545,29.71,9.01,33.398,1100.265,80.27,13.887,24.02,335.015,421.461,152.738,154.97,,67.29,107.107,2864.979,10.686,198.903,165.565,,374.241
2017-09-15,2957.25,830.467,1312.425,166.082,327.563,1586.385,162.148,342.461,42.409,110.102,8.062,64.058,27.848,114.676,41.28,31.65,87.138,385.678,1538.663,,,260.917,313.135,1286.721,271.761,168.863,4122.768,420.129,256.966,53.995,41.98,206.327,90.92,21.72,,145.599,87.262,98.692,17.963,238.134,312.057,18.094,,607.72,1017.672,,134.789,,232.51,461.082,688.251,121.209,98.88,7.125,29.21,8.76,33.082,1136.385,85.16,13.131,24.08,330.805,425.911,170.838,157.52,,71.59,103.974,3212.804,10.876,208.236,161.285,,363.991
2017-09-22,3014.034,846.427,1325.519,176.767,357.669,1651.831,169.564,351.332,41.844,110.024,8.281,64.187,28.457,115.996,41.66,31.76,87.584,363.731,1536.306,,,271.267,307.674,1294.35,269.483,176.625,4243.364,421.971,268.907,62.915,41.53,213.46,91.897,22.12,,148.299,89.838,107.181,17.794,227.357,301.192,18.83,,610.96,969.672,,134.509,,265.03,461.684,676.694,117.159,102.123,6.99,29.34,8.86,33.205,1064.647,87.44,12.85,23.51,322.002,428.064,159.025,163.25,,69.45,97.175,3065.152,10.626,202.857,150.925,,393.197
2017-09-29,3113.702,863.082,1334.785,180.524,373.36,1783.936,177.412,360.091,41.867,108.471,8.302,63.766,27.677,116.236,41.48,31.36,87.786,364.776,1583.195,,,279.137,326.483,1353.223,278.353,176.963,4119.086,435.125,264.339,68.895,41.14,212.775,93.277,22.71,,160.395,91.586,110.421,17.599,228.973,310.271,20.671,,597.1,977.272,24.39,140.78,,261.05,466.676,669.887,117.09,102.713,6.915,29.66,9.06,33.117,1150.933,85.76,13.119,24.23,329.274,434.092,168.1,168.5,,71.89,96.873,2910.563,10.286,188.463,152.045,,415.663
2017-10-13,3330.427,923.317,1393.203,180.524,388.144,1789.996,183.388,356.321,44.272,110.995,8.448,65.417,28.332,122.076,41.69,31.57,87.017,370.002,1661.256,,,291.643,331.999,1359.701,279.736,190.05,4337.264,457.224,285.35,68.315,,222.934,93.737,22.7,,155.157,94.898,109.902,17.742,230.5,319.945,23.891,,651.1,1037.672,32.63,141.529,,262.89,483.028,708.285,119.63,110.477,6.96,29.15,8.5,33.643,1133.124,83.12,13.289,22.22,338.842,448.446,174.742,172.58,,75.83,101.654,2977.948,10.396,186.406,157.965,,432.512
2017-10-20,3432.74,935.669,1373.26,178.368,415.326,1885.135,185.188,364.415,43.53,113.208,8.553,65.676,28.675,125.956,43.43,31.94,86.126,345.181,1715.479,,,301.346,356.766,1475.576,286.003,189.9,4358.437,461.171,280.195,69.145,43.21,226.358,94.197,23.01,,162.933,93.15,109.514,18.73,213.435,333.936,23.707,,661.9,1040.472,29.53,141.903,,238.11,435.521,653.963,112.217,117.947,7.02,29.23,8.27,34.676,1075.182,89.6,13.314,22.13,337.694,445.432,,181.37,,76.53,103.44,2901.645,10.356,187.988,162.445,,420.718
2017-10-27,3856.51,1011.726,1409.318,190.47,425.474,1946.946,189.652,369.183,44.213,118.373,8.501,65.093,30.048,135.776,46.07,33.09,86.45,351.451,1739.054,,,317.518,369.288,1528.836,292.838,201.45,4659.468,478.008,291.353,65.725,41.47,225.559,90.92,23.55,,174.003,97.474,111.976,18.262,205.262,369.062,27.664,,669.1,1063.672,28.54,151.216,,270.79,432.681,683.757,110.501,123.057,6.69,29.43,8.47,34.833,1076.938,88.85,13.497,22.52,352.238,454.188,157.808,178.04,,81.99,101.306,3034.433,10.676,192.259,182.165,,440.656
2017-11-03,3797.644,1016.445,1512.254,189.423,412.336,1899.073,189.436,392.136,44.98,114.334,8.407,63.572,29.315,136.816,47.93,36.7,84.06,326.108,1898.058,,,308.031,375.521,1542.798,284.456,201.188,4480.875,484.849,274.91,64.845,38.83,216.77,88.908,23.63,,173.841,92.506,121.048,17.794,186.851,370.252,28.078,,722.2,1134.472,33.37,180.607,,326.77,495.507,693.131,110.982,120.895,6.66,29.28,7.96,34.816,987.893,86.3,13.704,21.41,338.077,447.155,153.093,185.69,,82.87,108.383,3102.808,10.796,192.575,193.765,,478.147
2017-11-10,4015.889,1103.467,1584.369,196.69,421.744,1986.941,203.188,393.023,47.467,114.373,8.114,62.666,29.424,147.696,48.96,37.65,88.596,358.767,1886.794,,,313.206,381.368,1506.093,293.327,211.5,4834.379,543.254,291.549,68.245,38.74,225.673,89.023,24.15,,212.937,119.094,136.276,17.391,198.706,386.327,30.332,,786.64,1171.672,43.42,197.969,,,506.523,741.802,118.12,123.45,6.66,30.32,8.31,35.779,1015.233,85.85,14.278,20.99,362.954,456.628,154.209,184.52,,90.59,111.26,3035.424,10.456,189.095,192.525,,513.391
2017-11-17,4085.11,1107.075,1594.844,185.143,420.602,2026.936,193.792,380.937,44.178,123.343,8.333,63.993,30.984,158.456,52.29,38.15,88.232,339.433,1787.253,,,301.239,372.984,1513.146,294.71,212.438,4860.155,544.832,287.764,64.185,38.83,230.067,87.471,23.78,,209.319,124.706,129.083,17.677,171.672,374.569,28.86,,737.5,1144.472,36.78,188.375,,,582.86,684.013,125.945,128.069,6.645,32.09,8.11,36.374,1079.948,95.87,14.888,18.83,370.226,420.6,147.415,161.69,,87.73,113.279,3173.166,10.486,209.501,213.365,,524.483
2017-11-24,3746.262,1018.249,1497.146,165.805,408.942,1935.432,187.924,383.598,43.294,126.1,8.375,65.611,32.435,157.156,49.45,35.98,91.107,356.677,1722.29,,,293.045,355.884,1470.106,285.27,214.125,4819.65,529.047,303.098,71.295,38.53,222.534,88.161,20.95,,195.441,120.382,114.957,16.767,178.947,379.034,27.02,,696.1,1064.072,36.17,181.964,,,549.21,643.561,119.836,128.856,6.855,31.77,8.51,36.234,1038.812,97.22,14.961,20.81,360.275,403.662,154.665,159.32,,85.01,110.1,3460.543,10.636,212.823,204.685,,554.391
2017-12-01,3702.985,974.392,1413.548,160.971,385.355,1859.684,183.028,359.758,41.832,120.353,8.187,64.284,30.547,144.116,45.41,34.51,90.824,374.966,1744.555,,,308.57,346.617,1410.369,278.19,200.925,4462.463,494.057,275.954,63.945,38.59,216.941,87.931,20.7,,181.995,108.146,108.93,16.403,177.061,355.517,25.179,,696.1,994.472,36.47,173.774,,,596.544,629.564,116.61,131.116,7.02,31.72,8.71,35.569,1037.307,103.1,15.217,22.01,384.387,410.408,160.495,158.57,,86.13,106.341,3354.511,10.646,225.636,192.045,,489.52
2017-12-08,3730.73,1010.477,1427.447,168.422,395.637,1899.073,184.216,364.748,42.81,120.004,8.177,63.669,29.97,150.896,47.47,35.42,89.082,361.641,1727.267,,,314.931,352.243,1413.248,280.876,200.363,4467.987,507.211,279.608,60.345,40.06,218.768,87.184,20.32,,184.695,103.638,111.782,16.052,167.002,387.964,26.514,,708.7,1022.472,39.35,182.198,,,525.629,589.497,112.148,131.706,6.9,30.59,8.26,35.656,1045.333,99.23,14.351,20.51,367.547,405.959,154.563,153.77,,88.17,106.179,3264.334,10.546,225.478,216.045,,514.093
2017-12-15,3879.922,1080.566,1514.067,184.773,408.976,2028.754,194.8,375.614,47.644,118.217,8.145,62.893,29.752,148.676,46.06,33.95,86.814,344.136,1782.8,,,309.864,345.789,1466.94,276.4,212.625,4598.71,525.364,278.499,63.345,39.82,218.026,86.954,20.87,,192.849,109.802,114.957,16.104,169.876,365.638,25.823,,704.2,952.072,39.1,187.439,,,531.653,622.372,119.699,139.273,7.08,30.52,8.16,35.446,,94.64,14.131,20.6,360.658,418.303,172.968,156.29,,87.25,109.984,3193.976,10.306,216.145,216.605,,537.823
2017-12-22,4043.859,1186.463,1536.628,183.88,426.28,2126.923,199.372,387.811,51.276,122.994,8.219,62.957,30.844,155.956,48.43,35.39,87.786,340.478,1879.197,,,333.475,360.628,1529.843,276.725,223.425,4779.144,545.622,291.223,62.795,38.44,220.765,83.678,20.81,,212.235,125.81,127.139,15.948,169.427,357.303,27.664,,740.56,952.872,43.63,189.077,,,536.473,626.995,122.307,139.863,7.35,31.85,8.22,35.498,,98.93,14.387,20.03,355.682,428.781,170.99,158.33,,90.11,111.376,3267.307,10.356,230.856,222.365,,552.847
2017-12-29,4125.855,1176.748,1534.211,186.498,418.72,2068.143,200.488,377.832,51.912,121.945,8.511,62.796,30.844,147.876,45.97,34.07,87.422,341.784,1820.259,,,338.111,353.733,1512.858,276.969,219.113,4653.024,533.783,280.782,65.645,38.83,223.333,84.252,20.41,,198.033,116.242,122.992,15.844,178.049,351.648,27.066,,723.1,938.072,41.77,195.115,,,513.924,610.301,121.826,142.32,7.995,31.89,8.42,34.028,,98.84,14.644,21.35,384.387,435.815,174.387,154.64,,89.69,113.186,3387.212,10.026,247.782,215.205,,528.836
2018-01-05,4355.862,1215.609,1575.506,190.993,445.533,2143.285,202.864,394.353,57.229,126.139,8.386,63.475,31.405,149.696,44.07,33.36,90.581,344.658,1855.36,,,345.657,378.72,1517.032,284.212,228.6,5037.828,537.466,285.546,64.975,41.59,222.648,85.862,20.57,,207.375,123.326,118.91,16.078,176.342,357.75,26.1,,737.14,974.472,43.9,188.609,,,538.108,631.747,120.454,139.47,8.055,32.38,9.11,34.763,,108.8,14.924,22.19,404.288,425.48,180.116,160.82,,93.25,111.191,3753.865,10.496,265.815,219.085,,524.343
2018-01-12,4637.588,1336.217,1635.334,193.611,492.573,2227.517,212.404,396.349,55.32,131.614,8.563,65.837,31.936,156.736,44.89,34.01,92.403,349.1,1967.736,,,373.797,413.471,1520.631,284.619,239.25,5536.784,603.764,278.107,67.675,41.08,234.005,86.552,20.34,,199.383,118.542,111.069,15.623,176.342,349.415,28.354,,791.86,982.472,43.21,167.877,,,562.808,671.814,112.217,137.111,8.07,33.08,9.31,35.236,,105.53,15.193,23.63,394.72,406.963,175.046,157.94,,94.77,110.704,3832.151,10.496,272.3,239.605,,521.254
2018-01-19,4422.382,1250.168,1572.283,212.456,469.086,2154.193,211.0,402.558,54.647,135.303,9.472,66.873,34.229,163.096,45.59,34.78,100.341,360.073,1961.187,,,384.47,407.404,1505.661,290.56,229.388,5366.476,594.556,291.745,63.795,40.54,227.841,87.931,19.97,,191.715,110.63,111.522,15.545,161.613,347.331,31.022,,746.5,1020.472,38.6,157.487,,,535.612,637.012,101.99,133.671,7.875,32.88,9.48,34.921,,108.47,15.461,25.01,400.078,406.533,154.209,153.2,,99.23,112.258,4215.65,11.356,297.451,243.565,,530.662
2018-01-26,4574.557,1273.346,1594.441,,475.638,2216.609,213.772,398.899,53.975,139.225,9.734,68.297,33.932,160.116,44.43,34.78,104.594,431.662,2034.271,,,386.626,426.269,1519.192,300.0,243.75,5914.224,610.604,316.344,66.095,41.92,240.111,87.414,20.21,,206.889,116.794,113.985,15.584,163.589,330.215,29.32,,760.54,1070.472,36.28,161.84,,,523.133,674.254,104.53,150.182,8.43,34.02,10.08,34.851,,115.22,15.949,24.05,414.622,426.198,155.324,155.15,,100.87,117.526,4277.089,11.676,295.87,248.885,,509.74
2018-02-02,4367.343,1210.057,1481.836,,465.592,2219.033,209.74,401.006,52.891,143.224,9.974,68.523,34.385,159.936,45.83,35.12,101.273,399.264,1959.092,,,378.109,405.694,1480.758,287.63,235.875,5738.392,595.082,305.382,62.495,41.47,238.513,84.885,18.0,,205.161,109.25,104.524,15.558,150.656,341.675,26.56,,744.52,1115.672,30.68,140.546,,,458.93,644.46,96.911,149.691,9.18,37.37,10.82,35.061,,121.58,17.645,24.26,392.424,426.915,140.418,151.7,,110.57,121.935,4013.495,11.136,315.326,225.205,,422.964
2018-02-09,4046.729,1056.278,1321.691,178.368,445.768,2011.18,192.46,362.752,47.68,128.508,9.013,65.384,32.45,136.776,41.88,30.59,84.384,341.0,1783.062,,,345.334,390.028,1370.497,274.528,206.175,5182.36,533.783,280.717,57.245,41.32,223.162,80.171,17.31,,168.927,86.25,90.916,15.415,142.932,341.229,24.305,,693.58,991.272,30.71,127.957,,,413.059,572.16,94.028,132.197,7.665,33.01,8.6,34.693,,103.1,16.303,19.31,354.151,398.207,113.395,138.56,,96.47,111.353,3408.022,9.856,248.414,198.965,,417.769
2018-02-16,4243.813,1131.225,1399.246,191.055,451.648,2071.779,200.704,381.158,50.132,131.07,9.222,65.158,34.12,145.696,43.5,29.85,85.518,338.388,1897.534,,,384.47,404.315,1404.755,274.935,224.7,5623.319,559.302,299.053,61.095,40.03,230.01,79.079,17.85,,179.241,98.67,98.303,15.701,153.799,362.066,25.869,,731.2,1059.272,29.75,132.637,,,434.833,585.259,102.951,142.123,7.995,33.41,9.15,34.728,,109.64,16.644,20.93,356.065,441.269,126.121,144.65,,106.51,110.425,3596.303,9.986,264.391,208.965,,446.554
2018-02-23,4379.048,1173.417,1450.814,189.392,471.808,2177.22,205.996,387.7,51.087,132.662,9.357,66.582,35.321,149.196,46.02,30.88,87.786,351.451,1932.897,,,384.039,413.857,1441.173,281.364,227.063,5606.749,578.507,298.792,63.395,40.96,234.918,80.689,18.01,,178.539,96.002,98.303,16.338,158.38,362.959,26.1,,758.74,1074.872,31.82,139.001,,,463.664,602.467,104.873,141.435,8.34,34.34,9.47,35.183,,111.92,16.913,24.77,365.633,438.112,130.227,146.9,,111.07,117.479,3749.901,10.326,271.351,215.365,,458.068
2018-03-02,4344.888,1087.089,1407.102,182.094,434.512,2072.991,208.372,391.581,49.755,125.867,9.013,65.708,34.588,143.276,43.45,30.39,86.328,360.073,1945.732,,,402.906,414.078,1432.249,275.342,222.075,5461.296,564.564,302.968,63.465,42.19,240.339,80.976,18.65,,194.415,98.67,110.291,16.689,161.523,373.229,26.192,,791.5,1148.072,33.91,168.719,,303.89,483.2,647.157,124.091,147.234,8.025,32.08,8.76,36.059,,107.66,15.827,25.79,347.645,476.293,143.207,155.3,,109.51,125.578,3508.109,10.016,258.064,198.285,,460.876
2018-03-09,4298.684,1138.164,1409.721,187.822,427.96,2001.484,219.136,400.008,51.417,130.216,8.877,66.323,34.697,149.696,44.84,31.07,90.5,395.084,2092.948,,,436.22,458.868,1491.41,288.363,235.913,5512.849,578.771,311.189,66.145,41.44,247.473,81.608,18.68,,199.167,100.326,116.188,16.728,167.541,379.034,27.434,,808.24,1186.472,38.46,177.237,,351.09,505.146,682.729,128.827,147.922,8.265,31.93,8.59,36.426,,105.83,15.205,26.0,362.571,494.81,156.49,158.72,,117.45,126.692,3625.041,10.026,265.182,202.285,,490.363
2018-03-16,4364.247,1134.972,1429.059,190.778,412.134,1994.819,220.612,394.464,53.009,126.255,8.678,64.252,33.745,148.936,45.31,30.56,88.394,409.977,2160.007,,,432.555,448.333,1492.994,287.223,235.088,5547.831,572.983,293.311,64.825,41.2,250.669,82.356,20.37,,196.143,97.29,113.207,16.793,168.978,384.094,27.066,,770.98,1101.672,36.53,170.03,,380.55,534.235,692.489,124.366,143.696,8.19,31.94,8.39,35.884,,113.51,15.583,28.4,353.769,497.537,151.319,155.33,,113.93,123.234,3542.792,9.866,255.058,202.645,,467.756
2018-03-23,4202.224,1058.637,1351.907,183.264,392.68,1832.415,215.608,380.493,50.391,126.954,8.616,63.54,33.355,148.516,43.81,30.32,85.802,382.282,2229.947,,,438.269,468.08,1497.888,286.328,222.15,5129.886,528.784,267.21,60.075,38.23,243.364,75.975,19.03,,185.019,99.498,106.792,16.208,146.524,357.899,25.547,,791.32,1022.872,40.05,163.805,,354.77,471.582,646.13,125.258,137.111,7.92,30.9,8.08,35.604,,105.56,14.692,25.67,349.176,481.604,149.037,147.56,,117.01,126.576,3388.203,9.886,234.494,191.725,,425.632
2018-03-30,4047.798,989.104,1347.879,180.277,395.166,1843.928,211.144,367.853,53.209,122.217,8.396,61.825,32.747,138.536,38.48,29.03,89.366,445.771,2292.553,,,450.02,462.84,1472.697,296.663,215.738,4947.611,501.686,272.365,56.895,38.5,234.575,76.32,19.21,,186.315,102.534,125.649,16.611,162.87,362.662,24.903,,764.5,1039.272,41.01,215.847,,394.13,528.469,782.126,154.429,130.625,7.635,29.57,7.97,34.781,,107.36,14.497,26.15,338.077,526.819,172.308,152.51,,108.73,122.074,3608.195,9.666,237.025,184.885,,441.639
2018-04-06,4106.271,1038.235,1427.649,189.977,406.758,1920.282,220.576,367.853,55.638,120.936,8.166,60.66,32.138,137.016,37.73,28.64,91.107,418.337,2216.588,,,425.439,453.021,1427.787,319.042,210.038,4938.405,502.738,299.966,55.415,38.35,233.948,75.975,20.79,,177.081,103.73,116.577,16.325,155.326,359.238,24.029,,760.9,968.872,39.31,209.435,,400.23,496.195,807.938,143.241,121.681,7.635,28.88,7.9,34.501,,107.96,14.143,24.59,345.349,512.178,182.905,150.05,,108.87,119.8,3559.638,9.516,240.505,202.605,,439.393
2018-04-13,4066.032,1011.588,1421.606,184.712,395.469,1836.656,224.284,364.97,55.697,123.964,8.333,61.113,32.591,140.276,37.53,28.59,90.743,420.166,2137.217,,,461.772,484.352,1432.681,313.509,203.7,4998.243,501.16,311.581,56.195,38.02,228.583,76.665,18.46,,176.001,102.074,114.568,16.598,157.931,355.964,24.581,,768.82,1022.472,39.6,208.593,,374.39,494.991,836.319,146.399,121.583,7.665,29.31,7.89,34.641,,110.99,14.778,25.49,362.954,486.772,180.826,151.07,,115.15,118.477,3406.04,9.576,245.725,209.285,,456.383
2018-04-20,3972.611,1034.488,1423.217,176.582,408.64,1803.327,223.312,370.957,54.777,118.8,8.219,60.11,30.968,136.216,35.72,27.82,88.151,425.34,2214.492,,,465.33,477.733,1406.483,299.918,204.0,5035.066,487.479,305.969,52.855,35.92,222.477,72.297,18.0,,185.073,112.378,117.03,16.494,152.722,335.424,21.085,,711.04,926.472,40.02,244.629,,411.27,488.364,774.035,157.518,106.939,7.425,29.27,8.06,34.833,,108.14,15.193,23.72,354.917,464.379,203.489,146.96,,110.03,114.115,3297.035,9.196,235.918,199.765,,457.927
2018-04-27,3929.109,1011.588,1417.98,174.796,409.178,1710.006,232.96,373.508,53.516,123.149,8.302,59.948,31.312,129.696,36.15,28.13,91.026,453.244,2200.085,,,512.767,520.648,1411.521,303.255,205.05,4688.006,489.058,335.136,53.555,37.12,222.705,71.377,17.65,,187.125,113.206,119.104,16.481,148.86,314.141,20.302,,714.1,914.472,37.49,231.993,,349.71,459.189,796.252,144.271,114.31,7.29,29.66,8.26,34.938,,112.67,15.376,23.45,370.991,490.36,193.197,144.74,,107.05,124.278,3123.618,9.396,231.647,194.805,,
2018-05-04,3931.022,1079.872,1425.836,183.08,448.994,1622.138,238.504,364.637,56.18,120.858,8.208,59.592,29.908,129.336,37.2,27.97,92.565,469.861,2172.842,,,501.77,532.673,1473.993,308.707,207.375,4853.711,503.791,348.121,49.845,37.39,226.928,70.227,18.05,,188.799,117.438,114.957,16.403,153.889,325.601,20.717,,727.24,966.472,38.7,239.06,,346.89,471.409,806.782,156.626,112.541,7.05,29.03,8.19,34.903,,115.13,15.083,23.21,363.719,480.025,184.527,144.89,,118.99,127.481,2975.966,9.286,230.065,201.125,,
2018-05-11,4241.393,1137.609,1512.052,196.628,469.12,1687.584,254.272,386.148,63.301,126.061,8.375,60.627,31.39,134.116,39.88,28.77,93.051,458.574,2357.254,,41.39,502.525,541.223,1558.92,326.367,217.313,5002.846,510.368,340.356,53.545,38.17,237.999,71.204,18.27,,206.133,122.406,122.15,17.43,178.767,346.587,20.763,,740.74,982.472,36.84,224.833,,330.67,481.737,784.823,151.615,117.16,7.29,30.14,8.84,34.973,,114.86,15.095,25.16,363.719,501.843,179.457,151.97,,124.93,130.776,3078.035,9.536,240.663,205.765,,
2018-05-18,4361.265,1144.965,1533.203,194.226,467.474,1782.724,257.224,399.232,66.685,127.537,8.354,60.595,31.14,133.996,39.47,29.0,94.023,466.725,2430.076,,66.66,528.939,601.955,1646.871,346.793,217.838,5073.731,521.681,346.555,54.595,37.45,239.94,72.182,18.4,,200.247,115.69,110.615,17.443,178.229,344.057,20.395,,762.7,1019.272,37.7,220.433,,335.65,485.524,776.218,141.869,119.814,7.065,31.04,9.1,36.111,,117.86,14.814,25.31,370.991,484.332,193.095,149.51,,126.09,134.025,2999.749,9.496,243.511,218.085,,
2018-05-25,4234.865,1099.303,1535.218,192.872,465.76,1693.038,259.6,388.92,67.322,122.683,8.072,59.754,29.845,130.976,37.79,28.54,91.31,448.541,2563.932,,107.36,551.021,667.485,1731.222,349.153,205.463,4840.823,520.365,337.613,54.815,37.12,238.057,70.515,19.49,,191.499,109.986,103.098,17.144,163.409,343.61,19.382,,724.9,992.472,,220.106,,339.136,475.842,825.788,145.918,117.553,6.93,29.24,8.32,36.269,,112.97,14.424,23.3,353.769,473.279,182.398,145.82,,127.57,130.521,2924.437,9.316,225.478,224.765,,
2018-06-01,4393.849,1159.26,1568.053,202.325,501.981,1948.158,276.34,413.868,65.034,120.314,7.926,59.139,30.001,131.196,37.62,28.14,89.325,417.815,2537.03,,132.87,528.704,590.316,1632.62,329.622,211.313,4918.152,555.093,374.284,51.505,37.81,244.049,69.825,19.22,,171.195,102.718,91.823,16.832,154.787,339.145,19.014,,726.88,970.472,,194.834,,293.02,491.849,759.139,132.259,124.63,6.63,29.39,8.61,36.111,,113.63,14.509,22.22,348.028,480.456,170.382,148.22,,137.87,131.031,2885.789,9.186,223.105,211.005,,
2018-06-08,4578.665,1183.826,1580.34,210.516,508.768,1977.851,299.236,414.423,63.537,118.761,7.863,58.945,29.83,135.096,37.97,28.1,89.406,401.825,2780.171,,118.46,520.134,634.665,1608.149,327.262,220.725,5062.684,582.77,376.307,50.725,37.0,246.16,68.79,18.95,,132.412,78.706,66.291,16.676,163.32,371.741,19.014,19.83,733.0,982.472,,204.709,,294.476,476.616,748.48,145.987,125.416,6.96,29.62,8.73,36.479,1321.247,116.96,15.278,22.01,349.559,497.824,188.482,146.72,,135.27,141.682,2956.147,9.136,236.867,205.965,,
2018-06-15,4614.565,1223.52,1558.988,208.175,512.8,1955.43,289.984,398.567,60.342,121.635,7.989,59.818,30.516,139.576,40.69,28.3,88.758,416.247,2603.093,,100.53,493.613,590.922,1566.261,313.183,226.8,5141.854,589.873,369.651,48.775,35.74,248.957,67.641,19.09,53.0,123.416,70.886,61.236,16.572,160.716,370.252,18.416,22.58,714.46,925.272,,222.118,,294.952,464.223,699.552,135.417,125.318,7.05,29.91,9.21,37.669,1334.29,122.09,15.595,21.2,367.547,492.944,169.875,141.68,,135.71,145.952,3082.989,9.276,251.578,199.005,,338.716
2018-06-22,4576.296,1180.911,1535.218,201.062,509.608,1957.247,278.752,397.569,59.753,120.392,7.957,58.945,30.204,132.456,38.63,26.85,81.104,385.835,2705.935,,89.9,534.364,624.736,1570.004,318.31,216.938,5054.398,582.506,367.041,47.445,34.75,241.709,63.675,17.68,66.55,124.852,68.034,59.098,16.312,157.303,342.122,16.346,18.72,700.6,900.872,,197.735,,258.692,404.066,637.397,120.316,122.861,6.81,29.75,9.06,37.004,1351.347,121.52,15.254,19.61,380.559,507.441,169.368,140.09,,137.87,140.035,3093.89,9.126,252.844,184.245,,228.632
2018-06-29,4378.93,1122.897,1430.67,204.665,483.064,1850.594,274.972,389.031,57.218,111.927,7.592,56.518,28.472,127.476,36.4,26.54,81.225,417.188,2596.623,,94.95,531.453,624.901,1587.277,301.709,211.575,4970.625,553.83,358.037,48.275,34.33,240.168,63.56,17.83,71.96,128.405,69.782,60.005,16.39,160.895,338.252,16.944,18.44,698.44,924.472,,233.631,,305.172,419.815,698.14,149.35,117.789,6.66,28.66,8.48,36.181,1270.579,114.89,14.156,19.808,380.559,494.666,180.218,139.22,,132.77,137.482,2747.056,8.865,223.263,181.605,,201.251
2018-07-06,4281.345,1066.271,1319.475,196.351,472.178,1824.537,275.548,370.07,55.284,109.597,7.56,55.515,28.706,124.196,35.86,26.6,79.605,408.096,2399.795,,95.89,498.787,614.807,1518.472,290.885,193.5,4699.053,526.469,338.592,46.625,32.71,232.92,61.985,17.57,70.88,118.426,63.802,56.441,16.234,149.04,322.029,15.932,17.23,615.1,732.472,,225.151,,290.78,406.518,630.206,150.38,117.2,6.54,28.02,8.05,36.496,1234.71,108.77,13.436,17.888,344.2,461.796,191.879,135.59,,128.21,138.434,2609.313,8.319,197.637,164.349,,201.391
2018-07-13,4466.329,1137.47,1423.217,207.867,497.848,1886.953,285.484,393.134,60.389,114.373,7.885,56.421,29.034,127.396,37.57,26.73,81.347,409.036,2570.402,,101.81,553.285,694.79,1593.611,309.847,195.15,4907.105,542.254,369.782,46.545,32.98,240.396,61.812,17.79,82.7,115.402,64.446,54.562,16.195,154.519,365.936,17.036,17.62,692.32,818.072,,250.797,,326.648,427.173,686.197,160.401,125.455,6.36,27.18,8.158,36.076,1397.5,116.93,13.973,20.528,359.892,469.69,189.192,138.92,,145.95,151.985,2659.852,8.403,206.97,191.925,,216.275
2018-07-20,4433.351,1105.271,1365.404,203.064,485.282,1829.385,274.432,395.906,61.592,118.839,8.0,57.327,29.642,131.996,38.7,27.67,82.278,427.221,2528.517,,92.22,555.225,680.282,1569.428,307.894,190.388,4778.223,526.206,352.947,43.505,32.41,235.831,59.973,18.01,90.93,116.234,64.446,52.099,16.052,151.285,362.781,16.944,17.3,694.84,824.072,,250.516,,334.628,413.877,687.738,173.785,134.3,6.165,26.96,8.028,37.214,1408.035,118.97,14.29,19.088,364.485,424.619,191.22,138.74,,150.87,152.217,2602.377,8.487,203.965,196.245,,250.255
2018-07-27,4418.887,1115.819,1361.979,200.6,491.498,1791.208,273.28,388.92,58.821,121.596,8.073,59.042,29.954,132.056,38.3,27.57,82.319,427.534,2414.097,,86.55,554.255,648.344,1523.366,295.117,192.713,4691.689,498.055,361.952,43.585,32.08,228.869,61.065,17.72,76.05,122.66,71.53,53.849,,150.387,366.65,17.726,17.29,659.02,807.272,,244.947,,332.584,418.911,686.325,161.567,135.244,6.57,28.02,8.328,36.671,1404.272,127.49,15.046,18.308,380.559,425.193,190.155,136.19,,148.09,151.916,2620.214,9.257,217.252,195.525,,234.95
2018-08-03,4083.641,997.57,1210.496,173.226,436.125,1670.616,258.304,363.75,52.266,118.295,8.01,58.298,29.72,125.956,36.46,26.03,78.998,399.317,2280.948,,75.34,525.794,601.458,1443.908,273.145,172.8,4267.299,458.856,356.405,38.925,29.2,216.827,57.789,17.66,69.6,114.268,67.206,49.313,,141.765,346.141,16.53,15.81,570.64,662.072,,228.661,,305.648,381.861,636.627,153.056,125.691,6.195,27.23,7.878,37.284,1348.086,124.43,14.766,16.598,379.411,391.461,175.401,132.02,,133.49,147.228,2398.24,8.837,199.219,202.293,,205.744
2018-08-10,4129.733,1002.844,1218.353,172.117,432.227,1821.507,257.476,364.305,52.195,122.955,8.031,59.754,30.454,131.196,39.21,26.33,80.415,409.977,2401.497,,80.02,532.424,600.3,1443.764,277.214,184.425,4376.849,480.955,357.515,42.285,27.58,222.078,58.421,17.72,74.44,109.581,66.838,50.091,,140.508,362.007,17.266,15.47,606.1,690.072,,249.112,,312.592,393.996,660.127,179.619,130.762,6.39,27.75,8.128,36.549,1382.701,130.4,15.132,15.968,401.992,409.691,176.669,134.63,,130.43,145.186,2606.34,9.341,215.354,187.965,,221.892
2018-08-17,3835.288,927.342,1118.438,157.861,394.024,1705.158,245.596,346.342,48.635,115.499,7.781,57.424,28.41,123.476,38.11,25.62,77.904,392.419,2226.123,,71.91,482.454,564.114,1297.085,263.054,169.95,4128.291,437.809,335.264,43.186,25.72,210.892,54.857,17.66,68.16,95.822,59.846,45.684,,126.048,321.374,16.714,14.63,581.62,658.472,,239.986,,289.128,377.601,648.313,160.675,111.892,6.09,26.84,7.968,36.164,1323.254,120.05,14.534,15.338,383.238,403.662,171.041,128.12,,118.13,140.244,2557.784,8.781,203.49,167.877,,241.55
2018-08-24,3978.458,959.958,1141.402,158.353,406.624,1756.666,254.884,348.116,48.116,120.081,8.021,59.754,29.44,135.256,39.47,26.59,80.537,407.782,2331.347,,85.88,492.481,570.899,1197.331,270.785,170.925,4214.826,442.807,336.112,44.186,25.96,212.833,55.719,17.68,68.8,96.275,60.398,44.518,,123.353,343.625,16.944,14.99,598.9,620.472,,248.738,,315.196,382.249,720.613,169.667,111.657,6.21,27.07,8.188,36.304,1324.759,126.5,14.497,15.368,388.979,413.279,174.843,128.51,,123.35,142.494,2655.888,8.795,209.343,169.101,,258.961
2018-08-31,3972.212,945.246,1097.891,158.507,428.397,1626.38,256.468,354.547,46.359,122.372,7.969,58.718,29.861,136.276,38.11,26.12,80.456,401.825,2269.37,,84.5,516.576,574.981,1215.036,276.888,171.75,4215.747,438.861,348.053,45.196,26.2,217.284,54.57,17.54,65.5,105.045,65.182,46.073,,122.994,363.555,16.346,14.79,596.2,644.472,,244.573,,307.412,409.229,703.148,164.999,106.232,6.345,28.12,8.168,35.621,1367.902,125.84,14.265,15.038,387.831,397.777,179.913,125.0,,130.67,137.436,2781.739,8.781,224.529,171.837,,286.342
2018-09-07,3925.951,929.563,1056.999,153.981,411.597,1522.756,253.588,362.309,45.157,121.906,7.875,57.877,29.003,137.116,38.06,25.59,80.091,391.165,2251.322,,88.0,504.124,558.157,1149.109,264.03,166.875,3993.886,438.861,333.894,43.556,25.72,213.061,53.765,17.37,63.32,103.911,66.01,45.943,,122.545,349.623,15.886,14.89,573.7,668.072,,239.05,,288.54,404.324,713.55,164.244,96.797,6.405,28.52,8.728,35.411,1271.583,122.51,13.875,14.378,374.436,396.485,188.887,121.46,,127.93,133.236,2698.499,8.445,212.507,171.405,,272.3
2018-09-14,3880.535,940.111,1063.445,145.359,402.592,1567.599,259.384,363.972,44.036,120.78,7.895,58.039,28.862,138.156,37.48,25.1,79.241,330.968,1996.262,,82.82,463.534,516.621,1124.207,256.055,,4043.598,450.174,337.287,45.546,26.65,218.425,53.593,17.86,65.9,98.921,66.654,46.073,,129.281,312.28,15.472,14.6,529.78,578.872,44.195,212.374,,247.184,385.992,685.041,147.634,95.499,6.42,28.14,8.838,35.428,1189.561,113.3,13.607,14.228,357.213,398.782,186.048,124.85,,127.55,135.51,2709.4,8.459,220.416,171.693,,276.092
2018-09-21,4201.937,1007.979,1182.899,153.119,460.216,1670.01,284.548,385.15,46.418,130.177,8.292,60.692,30.906,146.536,39.65,26.08,83.291,355.736,2087.866,,90.0,490.863,542.988,1080.16,268.099,,4300.44,483.849,352.556,47.746,28.96,229.439,56.639,17.42,69.19,99.224,65.366,46.786,,136.466,298.929,15.564,14.45,550.84,604.072,39.095,218.178,,249.676,394.383,722.539,151.821,102.929,6.66,29.5,9.478,36.339,1226.433,124.58,14.351,14.888,380.942,411.126,185.389,135.56,,138.97,141.427,2955.156,8.907,238.291,170.541,,279.321
2018-09-28,4370.714,1029.214,1186.928,158.476,470.968,1716.065,294.988,386.148,47.031,131.692,8.313,61.534,31.39,148.556,40.86,26.7,83.331,356.677,2179.129,,92.55,530.807,566.045,,275.016,,4330.82,481.744,374.219,49.836,28.48,240.853,56.237,17.24,73.0,109.581,67.666,46.656,,130.359,302.025,15.15,14.24,547.42,613.272,35.915,221.547,,249.76,374.632,727.162,150.929,105.288,6.6,30.02,9.378,36.601,1196.584,124.82,14.229,14.618,383.238,421.174,190.662,133.04,,139.99,146.462,2806.513,8.907,222.789,185.805,,275.249
2018-10-12,4021.792,921.79,1109.172,129.87,428.531,1692.432,279.148,373.175,43.824,125.751,8.063,59.527,30.266,139.296,39.26,25.41,77.337,335.984,1967.998,,78.13,496.2,503.879,,257.764,,4192.732,434.652,348.575,47.156,25.3,212.947,51.696,17.2,62.86,102.475,57.27,39.01,,108.804,297.381,13.033,11.96,473.62,549.672,31.915,190.425,,201.936,304.147,626.867,126.219,94.32,6.72,30.23,9.338,34.851,1076.938,120.5,13.777,12.308,360.275,376.964,177.683,124.25,,130.49,136.809,2558.775,8.445,210.134,190.125,,237.337
2018-10-19,4033.048,911.797,1101.114,127.9,430.48,1679.1,269.608,360.756,43.647,125.945,8.01,59.98,30.048,142.796,40.1,25.79,78.026,373.607,1944.161,89.07,80.8,470.164,461.185,,250.603,,4186.288,404.923,354.839,47.756,23.11,211.634,48.017,17.01,73.77,102.021,56.166,37.325,,107.546,315.569,13.171,11.61,462.1,515.272,28.745,191.314,,198.996,281.814,643.561,116.61,93.141,6.345,29.22,9.058,35.639,934.717,116.99,13.704,11.888,343.052,357.873,167.898,124.73,,110.55,132.563,2534.992,8.319,206.97,179.325,,250.958
2018-10-26,3695.945,839.765,1002.61,120.479,363.448,1542.148,243.148,347.007,41.643,127.459,8.23,61.501,30.688,142.636,41.25,26.55,84.101,383.327,1985.025,97.2,82.66,453.993,444.251,,256.543,,4201.938,387.296,336.241,49.356,23.29,207.982,50.604,16.84,74.6,104.138,60.674,38.491,,108.624,322.728,13.493,12.09,468.58,477.672,28.135,185.605,,194.348,292.399,637.14,106.795,86.064,6.57,30.0,9.428,35.954,858.715,109.07,13.899,12.458,345.349,333.758,169.419,125.15,,110.31,122.863,2757.957,8.669,226.427,175.149,,260.506
2018-11-02,3638.541,831.299,1055.79,120.14,379.173,1590.626,255.388,349.557,44.65,130.294,8.178,62.925,32.154,146.256,40.94,26.69,87.786,410.604,2318.748,105.4,88.55,480.352,464.66,,257.845,169.425,4327.137,406.501,350.336,48.756,23.68,211.292,52.213,16.82,78.48,122.433,70.978,42.379,,116.258,333.564,13.953,12.61,534.28,544.072,31.145,193.467,,206.22,325.318,669.63,119.561,84.767,6.555,29.85,9.158,35.253,930.202,117.92,14.095,13.508,354.917,369.212,175.908,121.4,,120.39,135.858,2838.224,8.837,231.014,172.917,,275.811
2018-11-09,3425.249,780.225,1014.898,114.936,359.886,1545.784,246.28,354.658,44.579,123.576,7.875,60.66,30.454,140.796,38.35,25.88,84.263,390.851,2212.161,110.78,86.61,459.491,442.817,,255.323,164.888,4187.209,393.084,344.267,50.736,23.5,206.27,50.719,16.93,77.75,126.969,76.958,48.924,17.274,115.989,296.801,13.493,12.34,504.4,525.672,30.355,194.778,,186.424,312.28,657.559,115.855,72.384,6.375,30.11,8.838,33.573,864.484,114.5,13.765,13.298,350.324,360.169,166.072,116.03,,117.35,125.276,2732.192,8.627,222.947,189.909,,297.294
2018-11-16,3413.994,789.662,1041.488,116.291,361.936,1599.11,237.316,360.756,44.791,123.11,7.864,61.113,30.36,142.056,38.15,26.59,86.936,439.762,2138.605,110.65,86.94,464.019,446.016,,262.321,173.25,4182.606,410.711,355.947,52.286,24.01,199.878,52.788,17.35,80.11,132.261,79.81,55.663,15.792,123.443,310.152,14.183,12.86,548.5,593.272,36.415,212.889,,222.124,335.129,761.707,125.121,78.281,6.435,29.34,8.688,33.555,892.577,113.15,13.716,13.478,356.065,367.633,172.562,117.53,,114.27,129.824,2854.079,8.935,235.918,193.797,,324.253
2018-11-23,3396.547,780.363,1040.28,112.904,361.768,1580.931,234.544,348.449,41.372,120.78,7.854,60.53,29.954,136.836,36.6,25.43,82.967,405.587,2149.502,108.3,79.0,453.184,466.425,1149.253,256.218,165.3,4078.58,404.923,359.471,54.736,23.35,194.285,50.029,17.14,73.98,131.051,77.878,52.618,13.322,115.45,297.575,13.125,11.81,504.58,525.272,33.255,191.502,,205.212,325.964,701.35,107.618,74.035,6.33,28.56,8.438,32.872,849.434,108.32,13.326,12.548,341.521,328.591,164.298,115.16,,112.91,123.791,2865.971,8.823,235.918,181.557,,295.89
2018-11-30,3442.132,813.257,1055.79,123.25,377.493,1603.958,238.0,350.112,42.386,123.382,7.854,61.501,30.064,138.536,36.74,25.6,84.06,405.901,2245.533,112.5,79.75,470.164,455.945,1141.624,253.37,160.838,4022.424,408.869,375.392,57.736,23.32,192.745,49.799,17.07,80.03,142.845,84.318,56.117,12.503,133.592,295.64,13.447,11.53,519.16,556.072,33.895,191.736,,212.268,323.64,714.064,106.177,72.738,6.33,28.39,8.398,33.047,855.705,109.88,12.85,12.848,350.707,329.739,161.814,109.82,,114.37,126.344,2919.482,9.299,237.5,200.997,,297.294
2018-12-07,3565.943,824.499,1088.222,130.917,384.549,1554.873,248.116,356.654,43.624,123.498,7.875,61.792,29.845,137.556,35.95,25.57,84.789,404.647,2004.776,114.14,80.1,484.718,486.559,1164.224,252.8,160.05,3988.363,408.869,376.11,57.626,22.87,192.003,50.546,16.72,79.7,146.776,92.598,64.347,12.997,141.945,296.801,13.309,11.92,521.68,532.072,35.155,205.448,,215.544,321.833,729.345,107.138,74.271,6.345,28.71,8.538,33.047,913.898,107.57,13.094,13.088,356.83,331.748,155.831,111.89,,120.85,125.949,2909.572,9.537,230.856,219.789,,298.979
2018-12-14,3599.485,821.584,1100.107,133.042,380.584,1571.235,260.356,355.656,48.47,122.528,7.875,61.016,29.268,135.436,35.75,25.3,83.979,407.782,2022.483,107.81,78.63,486.012,514.305,1206.4,260.856,164.813,4066.612,425.707,385.963,58.036,22.51,192.06,51.696,17.32,79.34,144.433,86.25,62.921,12.36,150.477,277.452,13.217,12.06,533.56,533.672,33.735,194.637,,198.772,325.189,715.476,105.285,78.517,6.315,28.97,8.448,34.115,911.39,108.74,12.911,13.178,367.164,338.638,152.282,109.28,,125.31,128.966,3020.559,9.859,235.918,208.053,,294.205
2018-12-21,3455.695,788.413,1029.2,125.559,355.048,1500.335,245.668,367.298,47.42,111.111,7.707,58.556,28.114,128.236,34.41,25.3,80.942,396.808,1722.473,99.32,75.7,435.396,468.797,1094.842,234.978,157.95,3950.619,411.5,364.104,53.716,21.7,197.025,51.178,17.42,78.5,136.721,83.95,62.079,12.503,145.807,259.071,12.619,11.76,499.0,501.272,31.225,187.43,,188.832,305.954,702.763,106.52,72.266,6.315,28.54,8.298,34.851,858.213,103.22,12.728,12.728,366.781,322.849,150.0,103.22,,120.39,124.812,2801.558,9.341,219.308,202.149,,288.448
2018-12-28,3582.883,792.299,1048.941,120.787,359.147,1546.39,257.548,367.742,47.137,110.374,7.812,58.265,28.987,123.756,33.78,24.41,80.577,383.327,1813.055,109.22,74.86,434.587,485.456,1133.851,240.43,153.975,3915.637,411.5,367.562,51.736,21.67,203.131,52.27,17.68,73.8,134.075,82.478,59.681,11.281,144.011,275.711,12.757,11.59,493.78,480.872,29.435,178.023,,175.812,323.898,685.683,94.92,66.723,6.255,27.59,8.118,35.726,833.381,102.29,12.582,12.218,362.571,312.658,137.985,102.47,,124.35,127.875,2758.947,9.201,216.778,213.525,,293.362
2019-01-04,3650.36,773.701,1014.898,117.892,344.498,1524.574,245.596,372.51,45.416,111.577,7.791,59.107,29.346,124.736,34.33,24.51,,404.96,1867.54,101.58,72.59,424.884,463.557,1090.524,234.896,154.463,4004.013,404.66,351.706,51.386,21.82,192.174,53.995,16.74,76.96,137.855,80.638,58.32,11.333,145.807,259.264,12.757,11.65,496.48,486.072,29.375,184.809,,171.36,356.043,703.019,96.568,66.841,5.865,27.7,8.148,34.746,844.919,99.65,12.594,12.428,352.238,315.241,145.691,103.07,,118.15,125.694,2868.943,9.243,223.738,221.085,,287.886
2019-01-11,3841.028,789.662,1021.546,121.772,356.728,1584.567,252.544,380.05,45.192,115.266,7.76,59.754,29.44,127.696,33.23,24.47,84.465,400.884,1922.026,104.91,72.38,428.927,477.182,1130.397,236.036,165.15,4103.436,417.288,351.706,49.756,23.41,194.571,58.306,17.11,75.29,153.731,86.802,63.439,11.736,149.04,289.061,12.987,12.17,542.2,510.472,29.925,195.48,,172.76,379.796,737.307,96.225,70.851,5.82,28.14,8.308,34.868,906.624,103.46,12.875,12.428,356.83,336.198,154.107,102.86,,125.31,124.023,2905.609,9.187,219.941,224.109,,306.28
2019-01-18,4109.642,833.936,1079.963,128.639,376.888,1641.529,269.608,377.832,48.705,117.752,7.916,60.66,29.97,131.396,35.18,25.53,88.151,407.782,2031.678,109.5,75.1,445.907,507.134,1198.914,233.187,173.55,4217.588,445.438,354.903,47.556,23.47,195.826,57.041,17.31,75.4,170.59,95.91,67.975,11.476,146.436,295.64,13.079,12.05,560.38,512.472,29.245,192.672,,173.012,368.952,783.025,98.421,72.856,5.79,28.64,8.658,35.498,935.218,107.6,13.106,12.698,374.053,348.973,154.665,102.47,,122.81,126.088,2951.193,9.593,221.207,242.613,,298.839
2019-01-25,4087.637,852.951,1090.438,130.301,372.386,1640.317,272.596,,49.46,123.265,8.052,61.663,30.781,134.136,35.54,26.32,88.799,409.35,2025.548,106.93,76.38,442.835,492.737,1195.316,234.327,172.875,4303.202,453.857,367.627,49.916,24.73,200.62,57.961,16.99,77.44,172.556,99.406,79.315,16.676,162.422,305.121,12.803,11.8,557.5,518.472,30.405,215.416,,196.532,369.856,778.145,100.343,73.092,5.715,29.1,8.668,35.779,942.242,108.41,13.131,12.488,390.51,344.811,154.006,97.31,,116.81,121.796,2984.885,9.691,224.845,238.293,,303.613
2019-02-01,4160.629,935.253,1111.186,135.967,373.528,1646.983,276.088,384.596,50.957,126.294,8.188,62.957,31.109,137.976,36.23,26.89,90.986,420.323,2087.866,110.96,77.2,466.445,511.105,1234.613,235.954,181.725,4492.842,473.062,369.193,49.006,25.54,203.017,58.651,16.91,78.4,174.824,105.202,78.149,14.219,166.644,326.792,12.711,11.9,597.64,566.472,29.295,223.653,,200.284,373.728,862.645,108.717,71.558,5.76,29.64,9.078,36.549,995.167,111.95,13.277,12.638,406.202,343.519,149.899,99.62,,112.95,125.067,3141.456,9.803,233.861,255.285,,304.876
2019-02-15,4341.337,1007.701,1190.755,149.639,396.41,1700.31,279.58,385.15,51.228,125.712,8.042,62.051,31.156,138.056,36.05,26.48,91.229,429.102,2206.031,113.15,81.91,489.408,549.331,1261.099,250.684,185.513,4565.569,462.276,381.46,52.406,26.17,200.62,60.72,17.06,82.42,180.645,112.01,81.713,15.935,168.799,334.531,17.128,13.55,604.84,606.872,33.655,226.414,,210.476,395.158,879.981,116.679,79.696,6.12,29.28,8.828,36.461,1046.086,115.43,13.216,13.418,405.436,372.801,157.048,109.22,,123.17,130.753,3029.478,9.663,230.698,311.229,,341.243
2019-02-22,4348.259,1036.847,1239.101,157.583,398.123,1705.158,283.036,373.619,50.733,131.459,8.084,63.669,31.998,145.596,38.8,29.98,106.578,532.566,2274.478,114.17,85.28,519.972,580.828,1265.705,244.662,186.788,4769.018,467.011,374.087,52.616,29.5,213.061,64.226,17.22,84.37,221.469,128.57,84.175,16.702,172.122,399.737,18.186,14.09,661.9,676.472,38.075,232.966,,228.704,402.0,1016.748,126.288,87.48,6.465,29.24,9.168,36.286,1071.921,118.55,13.375,14.108,439.882,404.667,163.233,115.43,,129.81,146.927,3071.098,9.663,234.178,349.101,,409.204
2019-03-01,4704.44,1139.552,1307.389,174.55,428.632,1845.14,289.084,375.504,52.289,140.273,8.397,72.374,34.385,156.336,40.65,35.12,114.8,659.232,2468.583,128.39,89.89,545.199,599.638,1315.078,255.323,197.888,4895.137,498.845,446.254,54.536,29.35,214.602,64.686,17.08,90.03,211.414,116.702,76.075,16.325,202.21,407.864,20.349,15.08,654.52,649.272,41.505,243.403,,259.504,468.354,1151.716,133.563,86.064,6.69,30.46,9.798,36.409,1186.802,124.49,13.936,15.308,453.66,403.949,166.782,114.14,,132.85,148.156,3226.678,9.943,241.454,337.725,,435.742
2019-03-08,4412.922,1077.652,1234.669,170.516,414.722,1756.666,279.328,370.181,50.262,132.041,8.125,67.844,33.558,148.956,38.01,32.18,113.261,609.067,2388.898,125.81,93.56,505.579,563.783,1260.811,260.775,187.5,4782.826,460.697,433.857,51.856,27.01,202.104,59.628,17.72,84.97,193.573,110.63,72.382,16.325,207.599,404.187,19.152,15.82,649.3,688.472,50.235,341.308,,297.836,494.431,1103.687,166.853,81.229,6.57,29.65,9.308,37.092,1071.67,119.9,13.655,15.218,467.438,398.495,158.974,108.14,,123.05,140.476,3113.709,9.663,236.551,399.645,,428.44
2019-03-15,4636.907,1179.523,1302.957,182.248,418.317,1771.21,280.516,386.924,51.948,135.497,8.115,69.591,34.057,159.256,38.24,32.77,112.167,607.5,2452.237,135.3,93.65,530.321,580.607,1279.811,263.379,195.488,5004.687,490.689,441.556,56.126,27.46,198.052,59.57,17.99,89.83,210.129,124.062,81.13,17.014,222.597,438.048,18.232,14.86,675.4,706.872,47.425,321.325,,275.716,470.549,1060.667,150.997,84.649,6.465,29.61,9.398,36.426,1160.465,124.61,13.582,15.218,517.192,406.102,159.228,112.19,,125.85,144.165,3180.103,9.789,248.256,387.981,,416.786
2019-03-22,4730.891,1280.424,1459.275,190.501,440.459,1851.806,289.984,392.025,53.421,138.138,8.115,68.491,35.945,160.996,38.49,32.91,116.177,626.311,2507.063,130.4,96.87,530.968,607.636,1307.449,261.345,198.0,4934.723,485.69,447.886,57.736,28.81,200.677,64.801,17.77,86.58,197.957,114.954,76.14,16.611,221.071,477.713,19.382,15.09,652.9,699.672,50.715,335.271,,292.516,475.842,1127.573,158.479,86.772,6.63,30.76,9.678,37.897,1173.759,126.5,13.692,15.278,535.946,400.073,166.224,107.84,,132.45,149.201,3291.09,9.971,250.787,400.005,,414.539
2019-03-29,5068.5,1404.641,1571.074,199.061,479.099,1923.918,321.988,392.801,56.935,144.234,8.104,68.717,36.818,165.756,39.39,32.34,116.096,611.575,2697.557,134.3,93.82,559.106,641.284,1299.964,260.205,198.488,5031.384,497.266,514.572,54.226,28.36,199.707,61.985,16.94,85.0,199.545,118.174,73.095,15.766,221.789,483.518,18.6,14.75,661.36,679.272,49.435,331.2,,285.768,474.293,1142.598,157.243,78.87,6.51,29.24,9.588,37.459,1273.338,128.99,13.472,14.918,532.501,,163.588,114.08,,144.11,154.306,3442.706,9.789,255.533,462.357,,428.3
2019-04-05,5130.462,1477.228,1597.664,202.017,460.888,1964.519,321.52,394.908,63.926,150.719,8.355,72.309,40.032,171.956,40.97,33.37,121.037,648.258,2726.98,131.7,93.12,552.638,661.031,1290.751,266.472,216.938,,526.995,498.259,55.926,33.43,214.202,68.537,17.25,84.17,211.943,129.214,81.065,16.234,255.29,498.997,18.968,15.84,673.96,711.272,57.345,333.586,,334.6,487.331,1268.064,168.637,88.541,6.84,30.11,10.608,37.337,1320.996,140.3,14.119,16.148,554.699,437.681,169.317,112.31,,148.65,155.28,3591.349,10.055,260.436,509.301,,439.252
2019-04-12,5406.223,1468.762,1631.909,188.006,448.456,2020.27,316.516,402.115,63.572,147.651,8.272,71.338,39.502,172.436,40.34,32.61,114.03,604.678,2664.866,129.31,96.25,554.093,661.307,1364.451,275.423,208.088,5707.092,500.16,498.259,54.826,34.6,212.433,72.159,17.55,81.98,207.029,121.854,80.741,17.534,251.787,487.0,18.278,15.71,651.1,677.272,51.155,303.681,,286.916,458.027,1199.617,154.704,87.48,6.57,29.55,9.888,37.477,1294.157,139.55,13.887,15.488,540.156,409.978,165.312,109.16,,146.71,151.103,3479.371,10.181,250.154,496.845,,443.184
2019-04-19,5623.229,1497.075,1622.643,196.443,454.806,2089.352,322.852,402.78,64.987,152.311,8.533,75.61,40.172,185.556,44.74,35.4,114.962,607.5,2657.919,127.91,92.95,555.549,653.474,1363.875,281.038,222.3,6669.102,530.152,530.167,60.866,36.52,220.023,71.067,17.47,83.2,230.987,140.622,87.48,17.365,259.78,516.411,18.83,17.89,658.3,720.072,56.175,303.166,,278.796,457.639,1177.272,172.0,86.772,6.6,30.12,10.178,37.284,1318.237,142.19,14.095,15.488,545.897,429.069,168.05,109.548,,161.23,164.539,3518.018,10.461,254.9,483.885,,530.662
2019-04-26,5580.683,1505.541,1749.349,189.915,434.68,2020.27,314.104,399.454,63.325,145.943,8.251,71.241,38.316,177.776,41.56,34.1,111.276,574.266,2571.288,135.81,88.29,592.581,609.787,1310.184,266.309,200.888,5857.147,487.795,476.009,56.096,33.1,202.617,64.399,15.63,79.35,214.493,137.218,81.195,17.326,247.027,507.897,18.232,16.01,602.5,697.672,54.735,300.312,,272.076,431.692,1121.152,185.316,77.691,6.24,29.0,9.518,36.917,1234.71,132.92,13.424,14.048,499.587,395.48,151.471,105.618,,158.55,163.425,3280.189,9.761,239.714,480.429,,498.086
2019-05-03,5743.889,1506.79,1798.701,189.7,436.226,2080.868,331.276,420.854,66.166,146.292,8.355,74.38,39.408,183.756,41.53,34.32,109.049,517.83,2711.043,140.84,88.52,612.957,643.49,1343.147,270.296,212.25,5801.912,499.108,467.2,57.636,31.93,207.183,63.537,15.3,79.76,214.592,137.586,78.991,17.586,233.914,508.478,17.22,15.42,618.34,687.272,54.845,286.833,,233.66,422.913,1084.681,161.018,76.865,6.225,29.32,9.698,37.459,1265.813,134.3,13.399,13.568,512.217,384.858,153.144,104.058,,158.93,173.984,3260.37,9.803,243.669,468.045,,469.722
2019-05-10,5367.504,1462.933,1676.427,184.989,425.91,2036.026,342.76,393.466,66.296,143.03,8.146,69.72,37.864,174.316,39.1,31.03,99.329,506.857,2644.434,144.5,78.28,577.218,597.597,1220.938,258.008,206.063,5771.533,479.376,467.33,52.996,31.33,201.191,60.375,14.2,74.1,222.151,145.038,70.762,15.337,240.74,483.131,16.76,14.22,566.5,611.672,54.245,326.566,,240.044,399.805,1090.332,158.891,74.507,6.12,28.24,9.378,36.864,1187.303,131.42,13.033,12.938,519.871,368.351,150.051,98.658,,158.25,178.555,3176.139,9.243,235.443,449.685,,451.889
2019-05-17,5365.646,1563.694,1788.025,196.69,442.005,2045.115,355.396,391.027,67.675,141.865,8.104,69.106,38.69,169.756,37.92,29.37,95.279,468.92,2588.859,139.18,80.46,596.301,605.926,1220.794,259.636,,5730.107,462.276,465.503,50.956,30.1,196.34,59.283,14.06,72.25,228.336,150.282,66.226,15.272,237.686,418.505,15.932,13.2,534.46,561.272,52.115,312.76,,220.612,390.898,1070.016,147.36,72.148,6.06,28.1,9.608,36.917,1130.114,131.3,12.899,12.698,491.167,362.322,148.023,95.508,,158.33,175.446,3109.745,9.103,229.907,437.805,,418.471
2019-05-24,5206.437,1488.192,1684.283,185.635,426.784,2014.21,349.852,387.368,64.398,142.991,8.24,68.944,38.94,166.756,38.25,29.32,97.02,476.006,2478.935,139.69,79.71,581.746,586.013,,256.706,202.575,5647.254,471.221,488.602,49.346,29.29,184.869,54.455,13.72,67.85,224.213,141.45,62.403,15.064,211.64,398.383,16.208,12.9,484.96,519.272,43.995,309.344,,229.572,377.989,1051.485,147.154,66.487,6.045,27.98,9.768,37.687,1138.141,131.9,12.777,12.578,503.797,352.849,143.359,94.668,,154.55,167.95,3056.234,8.935,229.116,396.117,,414.961
2019-05-31,5271.156,1491.385,1652.657,186.898,425.138,2020.876,374.116,390.251,63.348,145.36,8.146,66.776,39.876,171.756,39.77,30.14,97.263,480.521,2564.341,148.5,79.2,628.481,600.465,1187.543,254.427,206.625,5500.882,465.433,495.91,48.986,30.52,187.609,54.627,12.83,69.44,225.686,149.454,67.003,16.0,225.471,418.892,16.622,13.68,488.02,527.272,42.045,313.65,,216.944,381.216,1063.004,151.272,70.497,6.12,28.02,9.408,38.93,1135.632,133.1,12.948,13.028,505.328,348.686,144.88,94.488,,158.73,170.526,3044.342,9.075,230.54,462.645,,422.122
2019-06-07,5114.31,1460.018,1575.506,178.799,416.2,2020.27,369.868,379.384,59.21,144.156,8.272,67.714,37.942,167.976,39.23,30.09,97.02,466.224,2393.529,150.0,77.17,603.044,573.988,1168.11,244.662,204.825,5527.578,456.488,480.576,50.106,31.36,191.09,52.041,13.1,66.94,206.934,136.666,60.588,16.325,211.011,414.249,16.07,12.83,467.5,512.472,39.045,297.55,,210.434,368.436,1021.101,147.36,67.313,6.195,28.49,9.268,38.597,1129.863,129.29,12.948,12.518,500.735,345.815,136.565,90.378,,151.81,172.058,3085.962,9.159,236.551,424.197,,436.444
2019-06-14,5400.595,1566.47,1644.801,193.549,423.424,2128.135,384.088,379.163,61.686,149.787,8.282,69.3,39.08,173.256,40.2,30.6,99.41,475.253,2528.38,153.0,82.2,611.663,596.108,1214.604,247.836,210.263,5395.014,476.745,504.589,50.086,31.0,189.606,51.523,13.04,72.18,211.646,138.598,58.709,16.364,220.442,421.795,16.392,11.81,498.1,548.472,43.825,296.1,,223.342,375.407,1070.016,152.645,68.964,6.465,29.33,9.298,38.562,1155.699,136.82,13.045,12.998,532.884,353.71,137.427,94.488,,162.87,179.854,3166.23,9.478,241.929,451.269,,443.465
2019-06-21,5756.832,1677.78,1756.802,203.834,444.458,2160.858,381.1,387.479,62.276,158.873,8.397,72.18,40.796,189.696,42.41,32.44,111.6,533.193,2717.172,158.51,85.06,647.402,630.803,1234.469,252.149,216.038,5592.94,493.846,535.322,51.286,31.72,195.084,52.673,14.01,69.09,219.893,141.726,61.301,16.351,241.728,463.782,16.898,12.449,534.1,592.872,51.065,315.568,,244.174,424.979,1190.884,163.215,72.03,6.84,29.66,9.688,38.79,1234.46,140.0,13.241,13.268,545.897,368.925,143.562,98.298,,174.03,191.643,3203.886,9.66,243.985,429.525,,466.633
2019-06-28,5881.988,1746.758,1858.126,225.481,460.082,2226.911,391.396,388.255,64.905,152.233,8.439,71.338,41.498,190.976,41.86,32.5,112.167,514.382,2721.259,164.2,86.68,663.589,646.248,1298.812,252.637,215.1,5748.519,502.002,526.448,51.456,30.55,196.454,52.5,13.72,68.88,219.599,137.126,62.856,16.832,276.396,483.324,16.622,12.179,537.34,607.272,54.955,325.396,,244.874,434.919,1159.999,149.83,67.313,6.9,30.01,9.918,39.263,1254.777,144.02,13.192,13.148,543.983,352.418,144.677,106.728,,182.35,204.498,3154.338,9.506,240.031,429.813,,475.058
2019-07-05,5971.02,1911.363,1940.112,233.579,486.357,2230.547,391.72,400.008,62.995,154.136,8.471,71.274,40.781,195.456,41.55,33.55,111.074,518.144,2778.468,165.0,92.868,659.595,638.967,1308.6,269.157,227.888,6033.899,514.893,527.883,53.996,33.28,204.843,55.777,13.73,71.08,212.726,136.114,62.986,16.52,287.892,502.421,17.588,13.279,547.6,613.672,54.525,318.844,,262.934,448.216,1165.341,152.164,67.902,6.885,30.24,9.958,40.085,1272.084,149.42,13.302,13.298,535.946,368.351,148.986,106.638,,178.05,198.975,3316.855,9.884,252.369,446.445,,485.589
2019-07-12,5893.75,1852.655,2011.624,230.9,492.069,2252.362,381.352,388.366,61.38,153.631,8.419,70.982,39.938,191.256,43.02,34.85,110.385,499.332,2739.647,160.0,89.48,649.504,623.412,1273.046,260.938,226.05,5884.765,502.528,512.484,54.996,32.17,194.514,52.5,13.62,73.88,211.941,132.894,65.448,16.338,288.88,495.127,17.956,12.899,526.36,602.872,55.175,308.464,,259.21,431.692,1110.417,144.408,65.897,6.675,29.54,9.788,39.805,1237.47,143.21,12.984,12.818,545.897,358.16,147.668,106.698,,180.47,200.205,3336.674,9.646,252.527,476.541,,470.424
2019-07-19,5723.679,1804.911,1931.048,226.836,474.933,2156.617,378.472,380.826,61.568,157.398,8.398,71.727,40.828,190.456,44.13,34.31,109.616,561.035,2722.076,157.6,91.51,637.311,577.739,1200.786,251.579,217.838,5674.872,489.374,475.422,54.666,30.61,193.429,56.926,13.68,72.5,228.336,132.894,67.392,15.415,279.809,507.704,19.336,12.589,517.54,604.072,60.495,314.876,,276.318,422.139,1149.315,129.033,64.109,6.9,29.74,9.848,40.558,1197.838,141.05,12.911,12.908,574.161,364.332,147.212,107.088,,176.81,199.231,3441.715,9.856,265.656,523.485,,456.664
2019-07-26,5775.23,1792.559,1885.925,224.28,455.848,2162.07,376.708,383.043,60.389,160.698,8.492,74.348,41.576,193.956,44.99,34.48,110.466,545.233,2754.767,165.4,94.66,661.908,594.232,1217.483,247.185,220.988,5790.865,489.9,493.757,58.36,31.09,197.082,58.812,13.46,76.802,248.462,138.874,70.179,15.402,277.653,556.25,20.118,13.379,595.3,681.672,69.325,302.801,,287.994,442.406,1195.392,132.465,63.165,6.765,29.64,10.038,41.503,1270.328,143.3,12.936,12.098,613.964,376.964,152.383,113.688,,184.25,207.445,3367.393,9.898,267.238,521.973,,487.274
2019-08-02,5715.688,1749.118,1837.579,215.165,419.963,2089.352,364.216,374.173,57.359,154.99,8.356,72.956,40.141,185.816,43.91,33.21,105.08,534.322,2722.893,159.6,89.984,652.658,579.78,1183.224,244.174,218.438,5603.987,472.799,472.29,55.33,30.01,196.112,57.662,13.14,75.422,241.786,137.862,69.272,14.83,271.905,535.121,18.876,13.019,574.06,641.272,68.125,285.813,,262.794,418.653,1173.522,131.779,64.816,6.765,29.14,10.338,42.011,1272.586,135.23,12.801,12.218,586.408,378.255,146.806,115.248,,185.99,200.136,3174.157,9.548,256.798,569.925,,459.191
2019-08-09,5758.346,1747.73,1788.629,211.47,402.189,1862.714,369.4,354.547,59.198,152.039,8.251,72.342,39.845,182.456,43.2,32.35,101.354,497.075,2757.219,161.37,91.832,661.697,533.721,1167.534,241.407,212.7,5420.791,455.988,481.751,51.93,29.59,197.253,57.547,12.96,72.072,235.012,129.214,67.068,13.53,268.402,532.606,17.91,12.419,546.52,593.672,65.325,268.731,,243.474,388.058,1111.585,123.817,65.878,6.99,28.57,9.988,42.134,1258.539,134.6,12.448,12.788,569.185,352.275,140.621,111.738,,179.85,196.075,3102.809,9.226,251.894,530.613,,410.046
2019-08-16,6279.309,1862.648,1962.271,227.513,405.784,1941.492,384.88,354.769,66.331,152.699,8.293,70.173,40.126,188.676,43.12,32.43,103.541,524.54,2848.754,167.51,101.24,682.72,555.344,1182.505,244.825,209.325,5541.387,448.885,484.491,52.01,30.25,198.166,63.64,13.7,73.362,232.263,127.19,67.392,13.842,307.561,595.741,18.37,14.489,581.08,694.072,72.885,279.401,,271.838,420.331,1138.63,137.133,63.637,6.96,29.05,9.958,42.466,1250.011,136.04,12.387,12.458,560.765,348.399,141.99,115.578,,186.49,206.958,3106.286,9.086,257.273,547.605,,413.978
2019-08-23,6704.205,1915.388,2047.681,235.057,412.605,1935.432,401.836,,68.737,157.009,8.21,71.694,40.718,193.536,46.37,33.59,108.846,559.906,3154.418,176.4,116.178,718.249,566.542,1218.779,252.718,216.563,5876.48,457.303,485.144,49.83,30.67,198.508,61.801,13.73,74.042,257.593,144.21,81.065,15.454,317.171,650.324,19.06,15.079,611.14,706.472,83.615,291.803,,323.554,420.46,1226.109,158.067,66.585,6.84,29.29,10.038,42.204,1257.787,139.88,12.484,12.008,593.297,349.404,152.586,122.028,,195.61,213.943,3173.671,9.24,267.08,509.589,,428.862
2019-08-30,6771.175,2073.609,2212.661,251.5,427.893,1938.462,426.208,360.202,68.878,149.282,8.178,67.714,39.938,188.396,44.15,33.03,107.55,548.995,3295.399,187.35,121.96,722.663,560.805,1202.081,244.987,218.55,5932.635,474.93,503.284,50.39,30.25,201.248,60.479,14.03,72.412,264.171,142.554,80.093,15.532,326.063,620.392,17.634,14.339,597.46,668.872,88.285,304.346,,370.454,430.53,1262.67,161.087,69.416,6.885,29.2,9.898,41.714,1302.936,137.81,12.35,12.038,568.803,356.868,164.196,129.108,,196.01,206.656,3058.72,9.114,250.945,585.765,,422.824
2019-09-06,6773.933,2052.929,2155.25,249.191,416.906,1967.549,419.944,372.399,66.39,155.534,8.314,70.303,42.434,196.652,45.48,33.78,114.962,617.846,3297.85,184.4,115.604,725.186,569.686,1193.444,248.161,223.913,6236.428,477.824,491.017,51.43,30.91,206.156,65.077,14.2,72.002,268.098,144.762,81.908,15.74,369.263,649.318,18.784,15.439,650.92,738.472,98.815,330.647,,396.914,454.541,1389.715,168.294,70.949,6.705,30.15,10.158,41.679,1352.852,149.0,12.655,12.368,617.791,366.916,185.49,123.168,,193.41,211.181,3166.734,9.534,256.007,554.229,,488.537
2019-09-13,6529.181,1935.513,2051.71,246.235,405.414,2005.12,413.716,373.729,65.2,153.204,8.366,70.044,42.84,199.932,45.14,33.98,117.23,627.252,3236.146,181.26,113.476,724.555,562.625,1200.786,249.056,223.5,6310.995,475.719,494.018,51.73,31.15,201.59,63.008,13.87,78.142,267.411,146.878,84.176,17.365,354.893,630.453,19.336,15.439,661.9,743.272,103.295,325.312,,425.474,452.217,1392.387,168.706,72.836,6.72,30.12,10.148,42.116,1357.618,146.78,12.887,12.608,617.791,381.27,178.342,121.008,,189.83,204.591,3254.929,9.618,269.769,513.045,,520.13
2019-09-20,6857.956,2008.933,2053.926,254.949,415.965,1953.006,413.428,383.931,65.6,150.175,8.324,69.009,41.998,194.952,43.55,33.15,111.681,593.015,3354.651,188.16,118.88,759.874,589.654,1215.036,243.034,218.25,6166.463,472.825,504.067,51.01,30.13,198.851,62.031,13.68,75.002,263.189,140.714,79.51,17.326,316.183,701.637,18.922,14.619,660.28,750.072,110.215,333.736,,461.034,442.794,1354.49,181.266,70.124,6.645,30.11,9.998,42.151,1314.475,145.31,12.789,12.458,620.47,377.825,168.151,126.048,,191.79,200.182,3157.816,9.268,268.82,546.669,,501.315
2019-09-27,6955.485,1966.741,2018.07,253.687,402.726,1916.646,406.876,379.163,64.079,152.854,8.335,69.397,44.572,191.852,41.95,32.24,110.507,577.213,3336.263,190.84,122.436,751.675,568.582,1198.626,238.64,213.075,6061.517,460.723,507.656,49.52,29.02,193.372,56.972,13.3,71.602,252.586,126.638,76.659,15.701,285.287,706.417,18.094,15.199,638.32,740.472,104.395,324.47,,416.57,427.173,1275.024,172.275,69.062,6.33,29.2,9.778,40.978,1289.392,143.84,12.484,12.278,604.779,380.983,157.453,122.478,,191.07,197.096,3078.539,9.114,263.442,496.485,,484.465
2019-10-04,6816.198,1911.224,1977.782,253.225,401.08,1930.584,409.072,386.148,63.785,151.107,8.324,68.879,43.636,189.332,41.22,31.66,108.198,560.658,3321.143,185.46,121.96,758.192,572.775,1192.725,237.663,212.25,6098.34,458.882,499.695,49.72,28.84,193.829,57.087,13.42,71.642,250.23,124.982,75.492,16.117,275.767,677.742,18.048,14.529,622.3,717.272,98.335,308.464,,409.178,417.104,1256.493,162.46,68.001,6.3,29.29,9.728,41.031,1288.89,143.54,12.472,12.188,599.803,375.672,154.665,123.108,,191.17,196.748,3068.63,9.058,264.391,514.485,,467.756
2019-10-11,6954.641,1931.349,2027.134,261.446,396.04,1917.252,409.9,382.046,64.976,157.087,8.439,72.536,47.255,195.052,42.84,32.59,110.061,580.599,3431.885,183.36,124.662,781.527,605.926,1193.013,236.931,219.075,6215.254,471.247,510.005,49.37,29.05,194.685,59.559,13.37,71.602,253.077,124.154,71.021,15.181,302.711,688.809,18.094,14.949,593.14,663.272,99.225,312.021,,397.474,443.181,1296.393,168.568,66.939,6.405,29.43,9.868,41.276,1304.692,149.3,12.533,12.128,617.791,380.265,149.392,129.048,,194.67,197.862,3158.807,9.17,286.695,599.445,,480.253
2019-10-18,6961.338,1876.527,1963.278,272.593,394.36,1899.679,400.18,401.45,62.464,156.66,8.471,72.762,45.71,194.752,42.21,33.53,106.254,562.163,3467.845,177.9,124.48,808.016,640.567,1247.424,238.884,218.063,6144.369,463.88,534.082,47.84,28.57,191.946,56.168,13.25,70.232,221.955,119.094,66.874,14.687,298.849,734.337,17.542,15.359,588.82,647.272,97.675,294.799,,371.714,454.67,1226.777,156.008,72.364,6.21,28.69,9.578,40.155,1266.315,146.54,12.435,11.768,604.779,359.452,144.221,127.608,,195.55,195.657,3173.671,9.156,280.526,635.445,,475.058
2019-10-25,6936.35,1889.018,1933.062,273.363,393.554,1860.896,398.74,402.891,61.839,157.514,8.795,73.15,46.678,191.252,41.46,34.68,106.497,571.945,3601.47,177.29,117.032,815.163,598.259,1260.811,240.267,222.375,6084.532,464.144,528.98,47.98,29.44,189.777,56.57,13.5,71.162,221.071,126.178,66.615,15.246,312.142,808.54,17.818,16.009,621.58,666.472,104.975,305.048,,400.274,437.114,1274.19,156.214,72.718,6.255,28.64,9.578,40.26,1302.936,146.66,12.362,11.678,591.766,374.81,148.682,127.668,,185.83,187.234,3174.662,9.058,283.848,724.941,,486.572
2019-11-01,7013.169,1965.353,2037.811,301.476,387.741,1986.335,417.64,449.018,62.995,158.291,8.753,74.898,48.721,195.332,41.65,37.5,106.983,574.955,3804.156,180.8,132.824,894.209,609.787,1346.17,239.454,241.463,6694.878,513.078,550.186,44.51,33.28,194.228,57.432,13.38,69.472,212.432,123.418,66.356,14.7,346.81,829.921,17.312,15.719,633.1,681.672,107.505,333.596,,449.666,439.824,1308.914,169.392,78.733,6.45,28.89,9.468,40.418,1329.525,149.93,12.338,11.528,585.26,385.719,146.299,123.948,,186.67,188.58,3160.789,8.848,272.617,688.365,,495.699
2019-11-08,7125.725,1977.705,1985.839,294.671,386.229,1988.153,423.112,483.391,64.28,162.756,8.68,76.483,48.534,193.592,43.16,39.02,107.955,571.569,3755.119,195.46,133.16,882.857,623.467,1387.77,241.244,244.2,6679.229,544.648,553.71,45.82,35.38,193.658,60.766,13.27,75.762,214.101,126.546,68.948,15.194,353.635,871.424,17.496,16.129,660.1,728.872,113.675,328.588,,469.686,452.476,1314.924,183.394,76.61,6.78,28.55,9.438,40.628,1346.832,150.56,12.106,11.678,592.532,387.298,144.423,123.708,,186.05,192.316,3151.87,8.68,269.453,676.629,,479.551
2019-11-15,7237.717,1960.217,1977.58,318.782,377.224,1956.641,417.532,462.545,71.472,159.184,8.596,75.157,48.222,191.052,41.23,38.78,105.08,529.431,3812.329,195.0,136.562,961.271,588.385,1375.535,234.001,232.688,6241.951,518.603,534.852,44.06,34.15,190.348,60.996,13.22,72.742,208.406,113.298,64.347,14.557,359.383,878.97,17.772,16.139,631.3,727.672,130.155,363.033,,483.434,430.401,1271.185,195.406,74.959,6.555,27.41,9.038,40.541,1326.515,147.47,11.703,11.378,584.877,381.7,138.948,120.918,,174.05,186.584,3127.096,8.386,260.436,660.501,,458.348
2019-11-22,7063.819,1899.705,1957.235,306.126,380.651,1960.277,409.108,457.777,67.852,156.854,8.513,73.862,47.364,185.032,40.85,36.97,104.189,532.065,3660.315,183.69,128.218,895.26,570.513,1395.831,233.92,229.613,6044.946,519.655,518.996,44.76,33.58,186.524,63.468,13.3,80.642,217.93,124.614,67.328,14.674,375.37,834.197,17.588,16.949,616.72,745.672,119.035,341.833,,455.434,447.054,1304.407,189.915,74.959,6.825,27.81,9.288,40.453,1357.116,157.61,11.972,11.558,607.075,415.863,141.027,121.098,,174.45,185.122,3178.626,8.554,265.498,669.285,,449.362
2019-11-29,6698.014,1879.997,1907.882,290.268,381.558,1965.125,398.524,455.892,66.367,156.077,8.596,73.28,45.773,182.492,40.6,36.99,103.865,525.669,3534.453,180.7,123.766,851.743,561.191,1363.299,235.222,224.25,6136.084,505.185,501.835,44.33,33.7,190.804,63.468,13.23,87.552,226.864,128.294,68.494,14.843,405.009,860.608,18.738,16.789,606.28,704.072,125.425,367.526,,465.234,432.595,1237.796,191.562,72.128,6.735,27.72,9.478,40.856,1395.744,156.92,11.935,11.948,607.458,403.518,140.013,118.698,,172.65,185.957,3247.002,8.61,266.447,631.845,,449.502
2019-12-06,6928.753,1927.602,1924.803,291.099,387.64,2035.42,413.86,441.921,68.029,157.553,8.554,73.409,46.99,184.732,41.17,37.22,107.793,543.352,3583.49,187.18,130.85,880.754,568.251,1353.943,231.234,231.375,6566.917,504.922,524.151,44.65,32.65,187.951,62.088,13.27,93.142,244.045,134.734,75.039,14.882,448.119,942.86,19.52,16.929,603.94,718.072,145.125,424.201,,545.454,425.624,1253.822,191.287,72.6,6.915,27.68,9.408,40.33,1440.392,160.88,11.862,12.488,649.175,426.341,149.595,118.548,,179.45,192.037,3262.857,8.596,275.147,663.165,,466.352
2019-12-13,6889.358,1907.338,1912.918,288.297,384.952,2059.659,400.396,434.825,69.232,161.785,8.627,75.61,48.378,188.792,43.45,39.87,110.304,575.708,3573.274,186.3,132.992,870.874,576.636,1333.647,232.781,239.625,6622.152,543.333,524.151,44.31,32.44,193.372,67.319,13.25,93.142,238.154,129.214,73.548,15.038,474.614,927.768,19.704,19.049,615.1,752.072,150.855,424.154,,571.438,429.239,1345.809,204.123,74.487,7.335,27.79,9.578,41.521,1484.538,166.07,12.204,12.548,655.298,439.547,149.747,115.248,,185.29,195.007,3291.595,8.848,286.537,606.285,,484.465
2019-12-20,6795.375,1901.509,1915.94,279.614,414.52,2020.876,394.6,443.917,66.661,161.941,8.753,76.807,48.144,186.312,43.95,38.27,112.653,580.599,3493.589,177.05,130.08,832.402,579.725,1341.708,235.547,237.375,6762.081,551.225,526.957,47.56,32.2,194.97,70.48,12.36,92.922,233.736,128.202,73.095,15.519,478.835,909.406,22.327,18.279,620.68,799.272,150.605,403.187,,548.954,438.663,1331.118,201.652,80.266,7.425,28.28,9.748,41.136,1513.133,164.33,12.118,12.458,646.113,448.159,154.918,120.018,,180.43,195.193,3641.401,9.086,291.282,605.493,,486.852
2019-12-27,6889.358,1900.121,1907.076,286.388,415.528,2059.053,396.004,430.5,66.084,163.183,8.711,76.742,48.019,184.692,43.13,37.98,111.641,571.193,3472.34,176.48,128.288,823.152,607.305,1359.845,250.196,235.125,6763.922,568.063,529.958,46.94,32.02,194.4,69.331,12.16,104.342,232.362,127.374,70.179,14.856,438.868,894.565,22.143,17.639,616.9,799.672,147.825,417.181,,562.114,449.894,1284.206,187.993,79.676,8.085,28.33,9.898,40.961,1545.992,175.55,12.191,14.258,690.509,449.882,155.577,117.378,,181.29,190.9,3574.016,9.142,289.226,604.269,,490.644
2020-01-03,6414.15,1921.634,1989.264,285.033,426.986,2125.711,392.872,443.806,67.027,169.163,8.805,77.325,49.86,187.652,45.97,39.16,119.943,606.559,3536.496,179.0,125.544,840.601,612.049,1380.573,250.684,239.1,7000.512,558.855,534.395,48.98,33.25,195.655,74.791,12.12,109.692,257.593,139.886,74.196,15.649,434.737,942.105,22.557,18.349,655.96,886.072,145.225,435.386,,619.234,454.541,1341.635,203.162,84.04,8.595,29.07,9.998,41.626,1609.703,183.56,12.338,14.708,732.609,469.26,163.588,116.418,,187.01,190.993,3678.067,9.828,290.491,660.645,,531.504
2020-01-10,6605.156,1964.242,2084.142,305.233,450.438,2166.918,402.052,460.882,67.11,167.765,8.722,75.869,49.798,184.812,44.8,39.23,120.632,610.698,3599.836,188.5,128.008,890.425,643.215,1375.823,245.72,245.588,7244.467,579.639,516.517,47.86,33.13,201.077,79.447,12.14,113.452,273.301,141.818,75.492,17.17,486.47,1003.983,23.569,18.159,659.38,873.272,156.545,427.43,,688.114,475.196,1380.867,205.152,88.168,8.205,28.67,9.988,40.628,1544.988,179.84,12.265,14.408,714.621,471.413,159.583,117.618,,193.73,187.791,3619.6,9.716,291.599,660.501,,542.878
2020-01-17,6577.017,2032.666,2110.329,312.9,439.72,2194.794,408.892,451.013,67.027,163.455,8.627,74.445,48.222,187.752,44.08,37.23,119.862,597.153,3728.966,194.05,136.282,916.283,691.37,1352.647,244.418,246.788,7075.08,568.063,517.495,58.89,31.96,199.307,77.148,11.97,115.222,276.246,136.482,75.557,16.624,495.72,1058.566,23.017,19.119,682.96,857.672,175.725,530.39,,710.542,471.323,1481.368,215.997,83.332,8.325,28.41,9.688,40.173,1533.952,175.91,12.24,14.528,699.312,468.542,153.195,116.388,6.65,184.75,181.618,3520.505,9.576,293.18,646.389,,563.659
2020-01-24,6269.179,1860.705,1926.012,297.473,411.698,2059.053,399.352,436.71,63.584,159.106,8.523,72.309,46.319,182.232,42.31,36.44,113.949,571.945,3619.859,188.68,134.686,853.425,721.211,1344.587,245.394,227.25,6709.608,544.911,494.136,60.77,30.79,187.152,71.285,10.89,130.712,277.915,132.342,76.076,18.652,544.399,1140.315,22.511,20.129,688.9,831.272,185.775,556.13,,794.514,461.383,1502.904,220.321,75.431,7.83,27.79,9.388,39.14,1483.535,163.52,11.886,13.628,666.78,446.293,144.525,122.508,7.05,169.05,171.686,3373.844,9.114,280.684,594.981,,568.292
2020-02-07,6399.743,1783.26,1767.075,277.551,395.838,2065.719,396.796,475.74,60.377,153.709,8.23,69.138,43.854,177.312,39.75,34.17,108.441,554.639,3687.693,216.87,143.912,859.732,741.345,1312.919,257.845,218.738,6565.997,523.601,482.456,58.84,28.9,179.391,66.342,9.87,160.342,314.437,142.922,71.734,20.797,550.866,1080.701,22.235,19.429,674.5,838.072,195.455,679.963,,826.658,508.761,1545.809,286.488,68.826,7.545,26.69,8.858,40.436,1406.78,164.45,11.63,12.908,657.595,431.796,136.413,139.398,7.73,165.45,178.021,3227.183,8.834,265.973,672.525,,564.922
2020-02-14,6467.276,1822.815,1826.702,284.14,396.779,2002.09,390.316,481.395,59.658,154.563,8.22,69.591,45.57,177.252,39.95,34.75,110.223,580.223,3765.335,237.55,154.23,876.76,713.654,1276.789,246.534,222.15,6598.217,535.177,493.157,57.84,29.65,180.76,69.618,9.92,150.042,308.645,171.534,75.428,25.438,631.788,1120.444,22.327,18.479,684.22,820.472,191.225,663.349,,874.062,502.306,1621.268,311.334,71.657,8.205,27.23,9.168,39.963,1434.623,177.98,11.716,17.528,696.25,446.15,134.081,132.258,7.3,166.93,178.694,3554.197,9.156,289.7,770.157,,572.505
2020-02-21,6607.295,1914.0,1926.817,293.101,401.786,2063.295,390.928,501.353,61.097,154.563,8.283,70.659,45.726,180.012,40.87,36.38,119.133,700.617,3710.169,241.34,158.374,922.8,717.847,1295.501,249.138,224.175,6589.932,551.488,503.597,68.44,32.32,194.228,79.562,10.44,160.042,325.531,182.298,91.368,23.618,727.26,1271.114,25.409,19.729,750.1,910.072,200.245,717.59,,1106.658,540.776,1744.14,316.551,74.015,8.445,27.25,9.078,39.805,1470.993,176.3,11.838,15.068,712.324,470.121,146.097,142.218,7.53,175.19,180.295,3400.6,9.002,280.684,802.197,,657.876
2020-02-28,6292.815,1783.538,1767.881,280.753,378.837,1954.218,371.884,489.267,56.947,148.971,8.084,68.102,43.558,170.692,38.24,33.63,111.924,657.351,3460.489,240.0,148.98,853.425,673.277,1230.726,235.547,219.563,6273.251,504.133,512.602,66.31,32.29,184.869,72.952,10.66,135.812,294.115,166.474,76.27,22.63,600.533,1206.972,23.339,17.209,670.9,801.672,174.445,694.237,,1018.626,505.275,1628.113,274.682,69.062,7.635,26.51,8.898,38.93,1361.38,184.1,11.606,13.478,720.362,432.801,138.441,151.698,6.87,162.05,164.098,3434.292,8.974,294.288,845.685,,720.36
2020-03-06,6847.15,1914.972,1900.429,311.391,380.92,2042.691,393.88,523.419,60.012,153.67,8.199,70.141,47.177,177.072,39.03,34.76,118.85,725.825,3793.94,264.5,162.63,956.436,726.562,1266.856,240.43,229.875,6483.144,530.705,505.62,66.3,33.07,188.921,80.424,11.63,143.662,294.115,162.794,81.454,22.175,641.578,1150.628,24.535,17.119,674.86,814.472,172.735,627.359,,903.378,547.36,1665.842,282.095,70.241,7.965,27.28,9.118,39.718,1475.759,191.12,11.838,14.258,751.745,454.906,144.119,148.578,7.03,171.59,178.23,3586.899,9.408,299.033,928.485,,732.436
2020-03-13,6602.511,1811.296,1850.874,294.517,360.088,1914.829,376.924,500.466,57.3,145.904,8.001,66.711,44.868,164.672,36.01,31.83,114.111,679.172,3485.416,247.26,140.734,877.601,668.588,1174.588,229.119,215.25,6062.438,483.612,493.222,56.6,33.55,184.584,81.804,10.15,132.242,267.607,143.566,79.575,20.004,601.521,1085.229,21.453,15.779,617.62,754.472,162.885,625.862,,871.85,501.66,1554.49,286.144,65.052,7.155,26.54,8.558,38.877,1309.207,181.88,11.496,12.818,694.719,412.274,153.347,137.328,6.69,172.23,171.547,3420.419,8.946,293.022,889.605,,731.453
2020-03-20,6170.58,1615.741,1643.995,271.423,332.234,1920.282,373.54,498.138,52.82,136.701,7.854,61.987,40.297,153.252,33.55,29.48,108.927,639.668,3299.894,237.0,129.632,771.646,676.862,1202.081,222.12,204.563,5570.846,440.729,461.38,53.46,30.91,166.836,74.446,8.97,116.002,228.925,129.858,69.531,17.235,534.52,966.001,20.118,13.699,564.34,717.672,145.965,675.517,,768.754,474.809,1506.076,279.283,57.269,6.585,25.4,7.948,37.985,1199.092,178.13,11.093,12.008,661.805,379.404,135.855,140.568,6.33,156.25,157.462,3058.72,8.764,267.396,847.125,,606.344
2020-03-27,6396.929,1717.057,1761.838,293.316,340.029,1940.886,427.864,528.076,59.01,143.224,7.99,64.834,41.951,154.692,35.09,31.01,108.563,630.638,3738.365,263.83,131.2,828.618,698.982,1300.971,227.735,206.063,5662.904,444.938,477.04,55.72,32.59,175.282,74.791,8.98,118.852,230.693,118.634,67.392,16.923,497.876,936.572,18.968,13.199,552.1,687.672,149.525,580.981,,702.31,471.711,1508.914,268.772,57.033,7.08,26.78,8.288,38.72,1216.901,186.98,11.081,11.678,713.473,410.983,139.353,141.648,6.35,149.89,155.698,3135.024,8.918,279.418,830.133,,627.547
2020-04-03,6758.738,1740.79,1757.809,294.733,337.24,1985.729,473.836,554.354,60.094,141.011,7.917,64.122,38.94,152.972,34.06,30.48,106.781,615.212,3854.419,257.88,131.844,840.391,711.282,1315.654,224.48,202.05,5606.749,445.201,495.049,55.94,30.22,168.434,70.94,9.66,121.142,241.394,120.29,65.837,17.456,554.009,1041.713,18.37,14.089,594.94,696.472,163.725,584.678,,723.898,456.348,1494.724,273.99,55.146,6.945,26.63,8.498,39.263,1258.038,183.38,11.106,11.858,737.584,412.274,141.179,146.778,6.18,150.31,158.738,3154.843,8.792,275.938,891.477,,593.567
2020-04-10,6900.614,1865.701,1809.176,303.016,357.803,2032.39,469.876,556.794,62.075,140.817,7.886,64.413,40.609,157.232,34.31,30.66,108.239,649.073,3955.762,262.41,140.79,914.18,726.231,1294.782,225.945,205.425,5770.613,458.619,488.72,55.51,29.98,166.094,70.825,9.46,118.602,235.7,116.15,65.708,17.001,532.813,1001.971,18.278,13.749,570.1,686.472,155.725,549.11,,693.518,468.741,1542.637,268.005,53.73,7.35,26.4,8.398,38.965,1257.536,193.16,11.179,11.858,783.129,432.944,156.439,149.238,6.25,159.69,163.797,3165.743,8.806,270.56,898.965,,569.977
2020-04-17,7243.908,1897.623,1838.989,315.241,353.234,2017.24,466.816,554.687,61.486,143.768,7.927,64.122,40.531,160.052,35.65,32.24,111.843,668.261,3971.699,260.24,138.886,918.385,754.583,1324.146,228.467,208.463,5858.989,446.254,479.585,59.74,30.01,166.55,71.515,8.86,137.092,276.639,125.718,67.133,20.095,570.176,1063.345,18.692,14.119,585.22,699.272,176.025,641.353,,755.314,454.154,1611.752,261.791,57.151,7.59,26.54,8.548,39.087,1288.137,194.15,11.276,11.978,803.413,452.753,155.172,150.828,6.28,167.65,168.762,3149.888,8.834,288.435,899.469,,579.947
2020-04-24,7382.126,1933.431,1829.925,323.093,357.602,2092.988,470.884,576.642,64.162,142.409,7.823,62.698,40.999,156.252,34.77,31.96,109.089,637.41,3917.758,266.67,140.44,936.675,764.292,1355.958,225.212,215.663,5808.356,448.095,475.213,59.67,29.47,162.327,67.031,8.83,131.832,264.76,124.89,64.282,18.808,566.943,1041.965,17.818,14.079,576.04,672.872,168.445,619.31,,691.166,442.665,1603.405,266.701,56.915,7.74,25.67,8.208,39.805,1253.774,193.64,11.142,11.558,788.104,463.518,156.237,147.556,6.11,180.43,175.213,3046.829,8.61,288.751,931.365,,563.799
2020-05-01,7467.33,1994.082,1855.91,345.602,382.398,1974.215,455.944,560.342,68.795,152.427,7.948,65.934,44.946,164.172,37.12,32.72,113.139,690.835,3824.588,257.3,143.058,945.715,784.425,1398.134,231.804,222.188,5865.433,463.091,463.207,60.9,29.92,165.98,70.25,8.77,144.522,295.194,146.786,72.9,20.472,609.065,1194.647,18.094,14.819,617.98,701.272,194.705,713.705,,780.01,436.726,1735.292,294.014,62.929,7.26,26.44,8.538,39.665,1310.211,199.4,11.203,11.708,805.327,496.245,167.289,146.026,6.5,187.65,175.678,3157.816,8.792,295.079,924.165,,595.252
2020-05-08,7742.584,2093.039,1905.666,348.804,387.035,1986.335,486.954,587.175,71.873,151.961,7.875,65.125,45.227,163.782,36.04,32.12,113.625,696.855,3990.087,267.21,145.62,996.379,810.792,1414.976,230.827,231.863,6069.802,460.197,467.513,60.72,30.91,173.912,75.883,8.98,144.222,299.023,142.646,73.743,20.264,610.682,1193.138,18.554,14.569,614.02,720.872,209.195,732.332,,869.537,449.507,1748.313,303.758,65.052,7.41,26.37,8.338,39.035,1356.113,202.07,11.215,12.218,833.648,524.236,171.649,143.386,6.41,190.41,171.733,3104.304,8.722,289.542,894.645,,614.91
2020-05-15,7733.523,2125.239,2024.919,369.835,372.856,1928.16,494.212,576.531,78.145,147.612,7.865,64.09,42.887,162.302,35.03,31.06,112.086,678.42,3899.369,262.68,153.642,1016.141,810.626,1363.299,227.084,234.188,6156.337,454.146,470.515,58.9,30.49,164.268,75.079,8.72,145.622,293.624,137.218,70.438,19.809,597.749,1217.788,18.876,13.919,596.74,705.672,215.125,759.663,,904.778,438.534,1762.504,301.763,63.991,7.305,26.54,8.208,39.158,1316.983,196.07,11.093,11.708,792.314,530.551,173.17,142.006,6.25,180.19,163.843,3028.001,8.596,279.577,827.685,,596.375
2020-05-22,7819.065,2111.776,1954.817,378.211,380.282,1892.407,506.826,546.704,75.669,146.758,7.823,63.216,43.87,158.082,34.35,30.49,107.469,646.364,3942.277,276.63,148.49,1018.874,798.491,1321.987,224.399,234.825,5943.682,452.305,475.735,56.97,29.8,162.898,71.917,8.37,142.952,296.765,130.226,70.956,19.25,547.184,1125.223,18.14,13.389,580.18,677.768,186.425,737.48,,806.778,425.366,1736.794,286.649,62.222,7.275,26.42,8.178,38.475,1335.294,190.49,11.02,11.528,769.733,519.212,163.74,138.856,6.12,177.39,163.611,2995.299,8.47,271.509,846.189,,557.2
2020-05-29,8035.172,2166.598,1979.393,409.65,406.154,1926.342,513.652,550.917,81.222,147.496,7.896,64.252,44.26,159.262,34.63,29.78,107.348,649.073,3892.831,281.3,149.68,1085.894,820.114,1367.33,226.759,241.95,6065.199,491.768,475.082,58.35,29.71,160.387,71.17,8.65,145.672,310.903,135.526,75.168,18.782,585.983,1123.965,17.864,13.539,547.96,626.968,183.805,712.91,,761.267,419.557,1780.367,271.765,64.345,7.065,26.89,8.168,39.56,1379.942,189.92,11.228,11.528,754.807,519.212,167.847,142.396,6.21,207.51,179.599,3048.811,8.456,278.311,872.253,,524.483
2020-06-05,8363.833,2331.619,2146.387,429.634,418.888,1928.16,515.682,549.143,83.875,153.01,7.99,64.608,47.083,168.442,35.61,32.01,109.656,699.639,4069.364,276.33,161.321,1122.516,846.481,1386.187,235.222,247.65,6362.548,497.029,473.777,64.14,30.28,162.156,73.642,12.07,151.562,302.067,137.918,77.501,18.964,661.965,1308.844,20.763,14.209,571.36,705.768,186.725,722.878,,890.0,438.017,1851.118,270.0,70.713,7.125,26.89,8.128,40.19,1438.385,187.94,11.167,12.098,772.412,519.499,162.574,156.796,6.42,217.87,183.985,3119.169,8.512,286.22,857.608,,554.251
2020-06-12,8315.266,2351.189,2174.79,431.79,423.693,2014.814,514.516,565.221,82.472,150.136,8.001,63.831,45.32,166.142,35.3,32.32,108.725,733.952,4242.954,280.4,164.085,1162.417,860.988,1386.187,232.618,251.513,6357.945,492.82,476.909,62.42,30.7,160.787,80.424,9.59,159.662,321.997,146.29,79.056,20.095,718.15,1375.501,22.097,13.939,572.26,748.968,189.795,704.533,,904.896,457.639,2006.51,278.823,68.119,7.35,26.79,8.038,39.805,1430.609,187.52,11.179,11.978,799.586,513.04,163.03,165.526,6.35,244.75,185.656,3049.802,8.47,278.944,827.253,,554.672
2020-06-19,8447.349,2407.676,2112.142,442.321,415.494,2063.899,533.049,595.159,89.487,147.651,7.98,63.184,44.275,164.682,35.53,32.35,113.747,825.151,4593.077,296.85,175.845,1281.027,884.541,1468.811,237.582,250.725,6350.58,517.024,479.519,67.93,30.49,162.27,81.172,9.35,166.262,327.985,146.29,84.24,20.264,752.124,1498.72,21.913,14.479,596.74,789.368,198.025,731.677,,890.274,462.932,2086.377,289.871,67.293,7.635,26.73,8.288,40.926,1441.646,189.32,11.398,12.638,788.104,525.958,161.256,173.626,6.36,266.67,177.58,3073.585,8.61,281.475,927.988,,620.245
2020-06-26,8656.674,2480.402,2123.624,443.429,415.588,2119.044,552.1,609.351,92.375,147.806,8.001,63.41,45.04,162.362,35.06,32.41,115.367,871.653,4591.606,301.69,188.977,1219.536,926.905,1495.729,240.023,250.463,6201.446,527.811,496.186,72.64,30.19,161.928,79.62,8.95,171.862,367.747,167.726,90.267,23.644,762.026,1611.204,21.637,15.649,598.36,795.368,206.905,792.952,,959.932,480.618,2287.562,296.853,71.539,7.965,26.45,8.258,42.536,1468.736,187.82,11.215,12.368,762.461,556.963,161.763,171.256,6.28,259.65,176.049,3118.178,8.491,284.322,931.293,,575.875
2020-07-03,9116.913,2759.509,2478.965,472.282,478.756,2165.705,554.476,635.187,99.85,158.834,8.212,67.067,48.456,173.762,38.25,37.22,133.268,1035.089,4539.137,299.19,188.957,1197.672,964.469,1631.181,250.521,260.55,6313.757,529.389,534.423,80.29,31.75,169.575,84.908,9.17,167.962,404.072,184.378,101.477,24.19,808.804,1662.214,22.879,16.239,654.34,831.768,208.615,844.993,,922.065,500.628,2330.534,269.079,73.072,8.52,27.65,8.988,42.536,1558.533,195.83,11.472,13.607,835.179,568.59,176.821,174.346,6.54,370.55,186.352,3341.142,8.827,309.79,1024.195,,613.786
2020-07-10,10085.226,3013.217,2708.606,493.375,512.087,2345.682,579.921,668.451,99.508,165.474,8.275,69.106,52.949,182.522,39.25,45.08,145.823,1162.859,4905.442,321.17,199.619,1270.915,1021.781,1685.88,252.312,264.338,6364.389,529.126,542.644,89.94,35.74,171.173,89.334,9.75,204.262,448.35,191.462,118.455,25.945,971.846,1844.347,24.259,16.359,718.78,891.768,244.225,1037.529,,1076.474,539.356,2572.521,321.634,77.894,9.885,28.23,9.217,42.186,1563.299,197.06,12.008,14.267,835.562,724.043,285.826,200.206,6.66,412.03,186.932,3392.672,9.093,327.032,1105.223,,649.311
2020-07-17,9714.919,2990.872,2557.728,499.995,493.204,2332.956,579.316,727.883,103.352,160.931,8.108,66.685,52.543,173.882,37.33,39.43,133.065,1118.162,4757.351,343.4,201.54,1223.362,1033.309,1667.023,241.976,266.213,6200.525,525.837,556.673,82.53,38.53,169.061,76.171,9.42,196.062,448.841,193.486,120.075,30.235,891.606,1811.321,22.189,15.119,685.48,832.968,218.655,811.485,77.06,916.146,489.138,2273.889,276.215,73.648,9.57,27.35,8.897,42.887,1771.488,196.49,11.569,13.757,851.254,748.158,299.768,195.646,6.2,382.69,177.534,3200.427,8.785,305.361,1167.28,,584.58
2020-07-24,9418.054,2935.356,2557.123,519.487,498.95,2313.565,609.426,692.179,101.961,155.184,8.024,65.294,52.013,171.842,36.92,40.31,132.579,1134.867,4681.834,334.89,210.87,1218.169,1057.8,1663.424,239.291,275.963,6195.922,502.16,590.082,83.94,45.67,165.637,78.47,9.65,199.042,497.34,226.698,128.823,29.533,961.773,1743.961,21.683,14.489,658.84,815.368,199.645,837.646,71.95,887.491,472.485,2251.535,259.029,77.422,9.99,27.25,9.287,42.169,1771.99,202.07,11.594,14.057,876.774,727.919,331.861,196.306,6.15,415.57,170.271,3180.608,8.799,302.197,1103.265,,550.741
2020-07-31,9884.484,3158.947,2637.699,573.25,515.447,2471.121,665.63,729.103,105.109,155.961,8.003,65.294,50.281,169.642,37.06,41.4,138.492,1209.813,4661.729,349.49,222.532,1253.698,1141.699,1718.555,244.987,295.65,6172.908,539.781,595.367,86.33,46.54,166.893,78.125,9.61,212.532,552.319,260.646,138.802,30.729,1032.112,1923.478,22.373,14.919,719.32,883.368,205.935,977.578,82.21,910.658,481.134,2408.23,267.391,78.365,10.32,27.1,9.437,42.466,1909.445,209.78,11.606,14.597,877.156,750.455,322.38,218.416,6.2,492.49,169.25,3161.78,8.757,297.926,1130.56,,568.292
2020-08-07,9618.966,3016.826,2497.094,532.912,502.78,2459.001,676.041,712.914,97.976,162.989,8.024,65.52,54.836,170.502,37.54,43.13,146.592,1221.551,4505.792,329.87,220.376,1269.275,1121.676,1708.047,274.609,291.15,6112.149,660.538,571.159,86.32,50.29,166.436,75.366,9.75,204.652,566.063,245.006,131.35,27.037,931.726,1761.946,22.925,14.629,750.46,920.968,189.075,977.157,80.47,869.067,498.82,2335.525,264.323,75.535,11.505,27.13,9.047,41.959,1908.944,210.02,11.545,15.677,879.453,767.823,370.393,208.756,6.2,448.25,168.902,3180.608,8.869,300.615,1122.482,,564.501
2020-08-14,9787.799,3095.103,2629.843,531.865,501.268,2386.889,686.884,698.832,95.559,168.387,8.066,66.717,57.442,174.222,39.58,47.74,144.203,1149.314,4422.429,318.22,212.497,1244.132,1109.651,1636.219,272.738,296.738,6112.149,652.908,593.997,82.87,49.03,168.434,80.309,9.86,200.732,547.901,225.41,138.348,27.115,896.215,1766.85,23.615,15.359,770.62,989.768,186.575,975.285,75.55,834.61,504.759,2268.681,254.655,79.073,10.215,27.4,9.127,42.186,1906.686,203.87,11.642,14.447,849.983,820.359,333.636,204.256,6.31,420.99,186.004,3345.762,9.135,320.388,1140.352,,559.868
2020-08-21,9872.215,3171.438,2836.722,547.939,498.143,2365.68,732.244,780.884,103.93,167.494,8.056,66.2,59.516,174.342,39.82,49.61,148.455,1186.336,4535.214,320.22,207.832,1253.698,1157.089,1629.741,271.192,286.763,5925.271,671.325,586.819,80.58,47.95,167.406,82.666,9.64,192.592,524.829,219.522,129.082,30.196,851.486,1760.965,24.765,15.129,731.2,946.168,188.305,935.037,71.87,809.914,509.922,2214.641,250.666,89.569,10.845,27.59,9.267,43.552,1949.829,203.6,11.801,14.837,876.774,823.086,304.432,220.486,6.313,405.25,193.731,3314.051,8.967,313.112,1109.263,,567.029
2020-08-28,10328.064,3478.164,3344.754,613.403,537.556,2711.091,798.772,845.971,114.541,170.134,8.045,66.135,61.763,173.622,39.08,49.68,148.739,1194.462,4711.256,341.82,218.612,1415.762,1316.337,1790.815,272.331,290.138,6000.758,677.639,583.557,86.39,47.53,171.23,83.586,9.6,208.662,612.795,227.25,143.662,30.261,866.168,1832.902,25.869,15.079,736.78,948.968,175.605,894.508,66.78,775.104,492.753,2510.667,252.661,96.763,11.52,27.62,9.527,43.552,2084.274,211.82,11.679,14.087,924.614,859.976,295.357,268.396,6.273,447.09,197.815,3334.861,8.995,311.688,1109.14,,566.327
2020-09-04,10401.225,3335.488,3362.682,614.943,548.241,2734.725,755.097,779.11,103.34,163.727,7.941,66.782,57.66,167.482,37.73,47.41,144.891,1175.5,4619.067,338.5,207.283,1450.47,1371.498,1767.784,273.145,284.55,5981.426,626.6,585.449,91.0,54.16,173.056,86.46,9.37,204.622,646.568,228.262,144.569,32.588,864.802,1807.397,26.744,14.499,734.8,931.768,187.395,877.239,66.28,803.093,485.782,2342.47,246.063,92.282,12.045,27.94,9.447,45.338,2158.019,203.87,11.716,13.907,956.381,817.488,288.563,256.726,6.243,446.09,193.754,3384.409,8.785,311.688,1081.233,,547.371
2020-09-11,10192.998,3303.011,3234.163,664.642,519.311,2605.044,713.409,712.138,97.764,165.436,7.972,66.815,55.866,172.262,38.27,49.49,141.044,1064.887,4535.704,331.39,193.524,1378.047,1460.802,1782.179,258.985,274.763,5984.188,626.074,559.479,92.2,58.3,171.515,93.242,9.01,187.662,680.144,237.278,160.964,32.809,803.683,1837.153,24.995,13.949,704.74,871.768,188.015,737.541,55.23,704.466,456.348,2232.003,213.916,92.636,11.91,27.76,9.907,45.95,2023.824,199.52,11.74,13.337,952.171,779.306,271.376,245.146,6.193,420.91,183.312,3377.472,8.743,313.428,969.359,,494.294
2020-09-18,9979.143,3325.772,3157.012,630.493,510.508,2635.949,700.794,705.485,97.103,172.231,8.024,67.688,58.58,185.215,39.99,52.16,144.324,1134.415,4396.93,326.35,190.349,1319.289,1362.837,1705.168,259.31,290.138,6056.914,664.221,558.761,116.5,64.09,178.706,98.99,9.65,198.392,702.038,238.106,184.227,37.996,847.73,1828.978,25.133,14.149,713.02,880.168,192.095,767.399,57.69,719.754,467.709,2189.899,223.276,101.245,12.09,28.43,10.427,46.563,2095.06,205.61,11.862,13.727,1033.691,824.952,279.539,242.356,6.243,438.49,187.187,3506.296,9.051,325.608,932.517,,495.418
2020-09-25,9642.096,3154.783,3090.738,624.365,484.569,2560.807,697.036,692.512,93.92,165.203,7.93,66.232,56.178,174.615,39.07,50.31,141.489,1090.17,4370.94,332.5,193.073,1329.401,1278.001,1620.96,246.127,290.213,5915.144,631.598,555.955,106.09,58.42,172.771,94.105,9.13,191.862,692.907,237.738,176.71,40.427,857.29,1812.629,23.247,13.499,702.76,840.968,175.205,735.903,53.7,702.898,454.025,2145.843,212.918,99.594,10.845,28.1,9.997,43.324,1945.565,195.62,11.606,12.677,998.48,831.986,271.528,237.556,6.013,444.89,173.38,3339.816,8.841,302.513,915.993,,486.01
2020-10-02,9830.007,3207.523,3184.811,628.214,481.646,2584.44,717.556,710.253,95.806,160.621,7.962,66.815,54.197,171.955,38.76,49.34,140.801,1088.816,4438.121,350.5,199.992,1420.955,1357.487,1608.869,244.499,298.838,5840.577,640.28,557.456,117.24,63.85,172.314,91.69,9.01,209.562,731.098,254.022,180.857,46.446,849.437,1875.738,23.477,13.919,739.48,851.768,177.665,746.245,49.65,681.769,450.797,2170.801,209.312,102.071,10.77,28.24,9.737,43.797,1952.337,191.3,11.691,12.557,1021.827,860.119,288.716,249.256,5.903,452.37,173.055,3379.454,8.827,302.513,916.605,,485.87
2020-10-09,9984.77,3298.708,3226.106,632.987,485.51,2693.518,721.833,733.205,95.229,161.32,7.951,66.944,54.197,175.235,39.57,49.76,143.109,1117.259,4542.57,360.6,204.284,1469.328,1370.063,1640.681,247.754,301.8,5974.062,647.647,544.406,121.35,66.16,176.138,96.404,9.25,225.232,799.723,278.494,209.823,51.048,872.655,2016.67,24.811,14.179,740.2,863.368,182.695,758.601,50.94,708.072,467.192,2202.053,216.294,101.835,10.875,28.35,10.247,43.499,2025.078,192.38,11.764,13.037,1048.235,915.382,293.532,262.726,5.913,414.69,174.541,3380.445,8.855,305.202,899.224,,489.801
2020-10-16,10074.815,3427.922,3312.322,682.871,577.036,2748.662,744.556,716.573,96.148,175.299,8.035,71.701,59.953,183.435,40.9,54.54,145.053,1178.66,4598.962,378.0,213.535,1575.64,1376.793,1664.144,248.324,307.088,6245.634,652.382,532.465,128.8,74.05,180.646,99.853,10.08,228.462,743.959,273.618,199.844,51.334,941.969,1916.284,23.523,14.109,746.14,870.968,184.795,812.467,58.21,722.616,468.225,2130.217,220.361,117.166,11.43,28.79,10.697,43.412,2210.693,190.73,11.96,13.097,1113.681,925.0,306.308,274.996,5.783,413.35,174.68,3363.599,8.883,307.575,931.905,,505.106
2020-10-23,10093.555,3424.452,3427.546,658.422,610.771,2702.607,728.918,650.045,102.715,180.89,8.108,73.901,60.998,186.435,41.59,53.91,141.084,1142.993,4356.229,357.5,205.245,1578.646,1316.448,1606.854,244.581,308.25,6302.71,663.958,524.048,139.67,81.34,184.413,104.336,9.96,225.362,661.785,266.074,183.968,46.615,911.922,1863.312,22.925,13.919,758.2,856.568,172.595,739.974,57.22,697.175,456.994,2100.918,216.371,115.869,11.91,28.45,10.267,43.097,2188.118,185.12,12.106,13.157,1017.617,921.555,281.77,260.626,5.603,392.61,169.343,3365.581,8.869,310.581,855.65,,490.503
2020-10-30,9838.561,3531.598,3767.98,711.138,626.361,2658.976,709.348,677.765,100.652,175.415,7.962,72.219,58.097,175.095,39.46,50.99,135.131,1061.275,4390.065,389.3,221.983,1717.207,1280.152,1623.264,243.848,318.6,6312.836,720.259,503.037,160.81,77.65,195.256,109.452,9.42,247.532,742.486,291.926,254.34,50.216,913.117,1801.511,22.649,13.979,861.7,936.168,198.315,802.125,62.24,766.402,499.466,2048.18,210.156,117.048,12.03,28.42,10.097,43.499,2182.851,178.04,12.118,13.247,1062.395,951.124,261.033,254.056,5.633,405.29,166.836,3332.879,8.869,294.13,878.416,,474.215
2020-11-06,10010.771,3739.089,3975.463,740.761,646.521,2607.468,751.252,669.338,102.291,185.783,8.003,72.833,57.348,182.035,39.56,46.19,137.601,1143.445,4392.517,376.85,229.215,1810.674,1262.721,1590.588,251.172,364.613,7044.7,826.546,516.674,191.44,91.57,221.336,116.234,10.84,263.862,696.736,291.006,283.954,47.824,1059.428,1938.519,24.995,14.329,937.48,988.968,219.605,890.483,64.95,834.845,538.839,2040.801,198.801,126.483,13.395,29.6,10.837,45.95,2367.713,189.74,13.155,14.117,1121.335,1170.023,264.177,256.126,5.753,399.13,168.832,3522.152,9.233,306.784,875.723,,523.781
2020-11-13,10035.42,3818.2,4053.823,788.058,649.579,2573.533,720.623,657.585,107.408,186.171,8.003,72.121,57.036,180.115,39.33,45.61,135.455,1132.609,4226.282,346.35,231.744,1897.309,1243.746,1543.374,246.452,366.038,7124.27,813.392,516.087,176.9,84.19,212.604,112.613,10.48,253.572,649.906,293.95,303.135,40.011,1155.033,1834.537,25.547,14.679,904.9,949.768,202.085,852.996,62.46,815.206,558.333,1955.509,199.492,118.935,13.005,29.25,11.287,45.95,2418.883,190.46,13.35,14.447,1146.978,1203.611,265.089,248.146,5.783,391.49,189.647,3481.522,9.065,300.773,868.624,,524.062
2020-11-20,10119.612,3866.36,4204.097,846.255,659.423,2628.677,726.887,692.401,114.718,195.762,8.077,76.166,60.312,188.515,41.23,47.42,138.33,1167.373,4295.424,349.01,214.888,1777.059,1226.977,1549.708,245.883,370.05,7275.246,843.383,520.394,177.06,86.29,217.912,132.789,15.41,252.442,653.146,304.53,298.664,40.765,1120.888,1713.878,25.685,14.579,910.84,898.168,202.645,826.32,61.03,816.97,536.645,1999.565,195.656,121.412,15.015,29.5,11.457,44.987,2486.607,194.12,13.521,15.587,1176.065,1181.075,282.53,243.436,5.833,376.49,198.279,3661.876,9.177,319.439,903.998,,529.679
2020-11-27,10220.574,3780.726,4178.917,807.026,671.553,2572.321,716.562,657.03,112.407,198.869,8.453,81.311,63.666,199.635,46.03,47.71,140.598,1210.715,4297.385,341.11,202.599,1727.046,1190.958,1528.116,242.139,355.838,7161.094,810.761,504.929,175.1,88.42,217.683,152.045,18.66,242.362,678.77,297.17,306.764,43.248,1127.547,1707.992,24.995,14.159,899.5,876.568,206.095,795.853,58.93,801.251,502.822,1892.136,191.59,118.228,14.97,31.07,11.887,45.863,2318.049,192.02,13.314,15.107,1259.881,1145.764,300.275,239.506,5.783,392.89,198.975,3735.207,9.415,326.399,955.528,,512.408
2020-12-04,10531.283,3848.595,4136.615,827.595,723.196,2662.612,803.308,663.572,120.707,198.597,8.369,82.962,62.605,203.815,46.34,46.62,141.894,1286.113,4511.676,352.5,218.553,1847.022,1283.186,1597.21,230.665,357.938,7376.51,782.347,512.89,172.86,82.66,207.183,157.045,19.28,250.082,676.217,279.966,307.282,42.0,1066.94,1712.57,25.547,14.169,879.16,890.168,217.935,775.823,58.2,851.858,508.115,2077.696,198.418,128.134,15.24,30.66,11.457,45.53,2330.089,193.13,13.009,15.377,1295.858,1255.859,316.144,254.836,5.963,399.35,201.551,3575.663,9.135,319.439,967.279,,509.88
2020-12-11,10682.613,3853.175,4150.716,917.078,735.83,2617.164,821.668,641.618,126.496,186.559,8.129,79.726,60.078,191.635,44.32,44.69,135.617,1200.783,4422.429,358.2,214.692,1854.675,1344.69,1721.722,227.572,341.588,6897.807,758.143,500.688,168.0,81.28,198.965,146.986,16.85,266.922,711.168,292.386,353.29,45.653,1102.962,1664.83,24.259,13.799,853.96,854.568,233.045,773.483,60.99,789.138,503.855,2201.402,189.978,118.11,14.19,30.4,11.517,45.338,2266.378,182.87,13.058,14.327,1274.808,1221.697,298.044,240.466,5.723,418.49,188.185,3423.056,8.855,303.937,912.933,,472.811
2020-12-18,10823.308,3982.804,4415.206,1035.136,774.604,2717.757,833.937,659.359,126.331,188.19,8.045,80.826,58.939,195.015,44.98,43.82,135.86,1220.197,5214.865,380.57,239.78,1915.073,1372.656,1780.739,229.2,361.463,6674.105,793.923,521.96,177.0,93.4,203.93,150.838,17.66,290.352,758.784,318.974,400.464,50.268,1236.639,1690.989,24.719,13.979,879.34,842.168,233.295,745.965,55.02,794.626,509.664,2231.786,183.457,128.252,15.33,30.84,11.147,44.882,2398.816,185.03,13.204,16.577,1277.104,1294.472,313.254,245.656,5.843,440.99,188.951,3427.02,8.911,305.044,906.935,,481.798
2020-12-25,10738.891,3969.758,4581.797,1026.422,798.527,2675.338,885.604,642.394,122.794,186.715,8.014,80.017,58.549,185.835,42.95,42.43,132.66,1217.036,5673.36,405.0,258.792,2005.26,1394.334,1789.808,216.586,377.513,6475.259,814.181,514.717,186.22,106.75,196.682,141.353,17.64,313.152,913.903,382.822,486.778,61.24,1335.147,1857.099,27.066,13.729,904.0,783.768,220.295,810.502,53.43,721.048,500.499,2071.402,169.11,120.115,15.45,30.24,10.847,44.13,2501.908,178.94,12.997,17.627,1359.39,1356.05,376.477,263.506,5.713,524.49,182.477,3387.382,8.715,299.824,920.644,,456.944
2021-01-01,11684.356,4190.851,4848.907,1173.548,854.606,2940.154,883.617,650.932,124.444,191.491,8.035,82.153,60.218,193.395,45.95,43.3,138.249,1405.304,5499.279,428.5,265.103,2062.379,1490.92,1776.421,219.434,395.738,6726.578,834.702,550.866,195.3,119.92,202.617,140.261,17.74,351.472,901.63,363.134,471.096,53.336,1395.754,1842.712,28.492,14.019,926.68,827.368,231.395,847.708,57.75,777.378,535.999,2307.746,182.383,123.299,15.48,29.78,10.687,43.849,2497.644,180.38,12.862,20.147,1407.996,1368.251,394.628,270.346,5.713,571.39,189.02,3446.839,8.673,301.406,954.549,,493.592
2021-01-08,12202.11,4539.908,5439.328,1286.556,876.379,3237.086,942.844,704.82,132.815,201.781,8.045,80.373,63.744,191.635,46.55,43.94,140.922,1536.233,5585.584,452.4,287.623,2090.802,1651.327,2170.398,230.909,412.875,6980.659,934.412,581.599,228.51,133.99,208.952,149.171,16.3,404.862,1080.312,396.806,555.012,49.735,1666.523,1969.91,30.47,14.569,1085.62,980.568,266.295,878.175,61.59,797.213,564.142,2190.767,200.259,135.682,18.57,30.4,11.587,44.165,2948.136,194.87,13.607,23.597,1614.285,1464.423,482.186,280.426,5.623,588.49,189.763,3510.26,8.659,291.44,1194.208,,497.103
2021-01-15,12157.088,4133.253,5198.204,1162.216,758.879,3078.318,901.156,701.604,117.052,219.41,8.202,88.107,64.976,193.235,48.63,46.32,141.408,1632.85,5419.349,444.48,274.393,1975.471,1582.928,2055.962,224.317,400.425,6860.983,942.567,571.289,226.2,137.02,209.808,130.03,14.06,380.912,1001.28,363.686,547.884,50.801,1575.015,1884.566,32.173,15.579,1113.7,978.568,286.295,1007.389,61.6,845.194,578.213,2105.692,205.553,138.395,17.385,30.5,12.067,43.919,2915.528,192.26,13.35,20.477,1655.236,1309.831,422.107,269.356,5.643,566.51,180.388,3570.708,8.757,296.66,1016.973,,513.952
2021-01-22,12145.551,4242.342,5109.369,1171.3,709.588,3041.353,894.201,671.666,117.417,221.352,8.087,88.819,64.04,187.035,45.12,42.93,142.016,1782.29,5555.181,480.68,346.012,2221.164,1667.654,2138.442,229.77,403.725,6569.158,964.667,560.066,243.92,124.6,197.652,130.26,15.98,408.362,1171.616,422.106,642.946,54.09,1891.708,1887.509,33.691,15.079,1254.82,1022.968,322.795,1036.171,57.15,825.124,677.486,2196.627,200.566,144.292,17.79,30.43,12.267,43.412,3136.008,182.36,13.716,20.927,1649.878,1447.198,439.041,306.826,5.723,572.49,178.601,3502.332,8.631,285.746,1014.403,,496.822
2021-01-29,12349.445,4180.997,5484.249,1170.869,747.153,2929.852,868.972,651.486,111.935,219.255,8.139,89.369,65.117,177.595,42.24,41.06,133.997,1594.926,5121.695,450.89,327.078,2167.325,1662.138,2055.242,217.237,387.825,6207.369,904.157,561.371,248.0,132.25,188.35,113.59,19.07,354.472,1052.331,432.686,681.826,46.823,1822.565,1743.961,29.32,14.619,1187.5,1006.968,289.865,939.717,56.18,716.618,611.906,2139.115,175.248,134.975,15.945,29.17,11.497,44.76,3018.368,176.84,13.607,19.577,1617.729,1394.806,387.935,302.626,5.443,594.49,196.771,3356.662,8.449,269.611,1098.981,,473.092
2021-02-05,13457.102,4578.214,6090.382,1237.319,769.699,2926.822,848.927,653.593,122.487,233.389,8.233,97.976,72.168,178.875,46.37,38.71,128.61,1602.601,5295.285,485.91,346.443,2261.612,1915.6,2085.902,220.492,391.275,6450.403,952.301,569.462,250.0,120.88,186.239,118.189,13.98,373.812,1121.742,428.914,749.218,50.359,1809.078,1626.899,27.986,13.539,1127.02,927.768,285.395,889.641,52.06,691.922,572.275,2185.125,195.579,142.994,16.245,28.12,11.237,44.322,3318.111,176.09,13.741,18.617,1660.595,1443.897,368.517,325.006,5.223,700.39,148.922,3464.676,8.351,268.662,1314.772,,454.838
2021-02-12,15077.899,4895.904,6618.155,1383.706,830.481,3068.622,907.679,699.054,120.176,232.651,8.306,100.824,71.435,177.935,46.7,38.53,132.053,1743.463,5388.455,497.05,363.652,2505.391,2188.424,2455.84,233.676,428.25,6593.094,984.398,572.986,267.95,133.87,188.293,123.822,13.87,413.022,1194.0,506.838,774.425,52.322,1899.391,1733.498,29.366,14.369,1241.5,962.968,303.265,945.286,54.03,723.752,699.69,2339.215,211.231,151.84,19.665,28.5,11.647,44.777,3736.246,181.19,13.912,21.137,1903.625,1666.815,408.012,356.956,5.513,782.21,148.458,3459.721,8.435,269.927,1535.337,,473.373
2021-02-19,14284.384,4920.192,6296.254,1322.953,788.783,3174.67,843.182,673.773,114.541,235.175,8.296,101.18,72.418,187.835,49.86,40.21,135.09,1668.065,5190.346,464.14,340.093,2444.993,2127.857,2408.914,240.756,394.05,6642.805,923.888,557.456,258.35,128.74,190.405,123.477,16.3,387.862,1145.108,478.318,729.648,47.616,1668.913,1637.363,29.734,14.519,1163.74,987.768,304.575,929.421,58.4,771.145,674.517,2153.873,234.708,152.311,22.005,29.88,13.807,45.285,3662.502,189.5,14.485,22.787,1790.338,1547.246,411.815,353.356,5.923,750.29,154.863,3559.808,8.687,279.102,1564.101,,483.763
2021-02-26,12386.588,4026.385,5031.21,982.05,696.719,2870.465,763.348,640.952,101.135,219.255,8.432,94.482,67.644,189.795,51.74,38.07,129.542,1377.312,5025.583,420.5,282.665,1991.049,1656.291,2024.15,244.662,375.638,6455.927,827.072,533.313,198.27,100.6,184.413,118.821,19.86,322.592,1021.995,441.702,563.112,43.677,1464.044,1528.149,28.906,14.139,1053.58,869.768,283.275,841.437,55.16,757.778,630.754,1927.946,216.908,136.036,19.83,29.52,12.067,44.882,3494.947,185.54,14.778,21.497,1642.606,1253.276,409.432,320.536,5.733,622.31,157.044,3882.859,8.785,296.977,1404.981,,467.054
2021-03-05,12033.896,3839.018,4671.64,974.906,666.177,2763.812,736.564,630.53,97.917,220.42,8.641,94.87,67.644,188.435,50.63,38.24,120.632,1391.308,4952.027,388.5,266.789,1731.965,1568.255,1973.769,242.953,362.213,6375.836,806.551,494.163,197.37,100.99,182.073,111.923,23.91,320.362,972.71,352.094,501.228,40.83,1412.144,1565.098,29.55,14.079,1101.1,971.768,265.195,853.511,58.52,766.716,623.396,1963.973,221.665,131.555,18.045,29.95,12.407,45.67,2967.951,179.15,15.278,19.637,1642.606,1290.453,370.697,296.956,5.783,618.25,154.259,3728.27,8.757,293.655,1392.863,,466.352
2021-03-12,11841.933,3810.566,4537.279,981.126,618.028,2643.827,688.612,586.953,98.035,227.875,8.505,92.022,67.535,190.535,49.22,36.96,115.488,1277.083,4554.338,386.53,275.138,1705.182,1494.45,1965.132,234.896,348.938,6409.897,855.222,482.548,182.68,99.13,179.22,105.888,21.18,341.822,890.635,319.434,512.439,36.93,1400.535,1343.4,28.814,13.859,1057.9,889.368,258.815,715.498,57.72,665.658,639.92,1936.627,194.505,126.719,18.57,30.34,12.997,47.631,3131.995,188.78,16.669,19.337,1514.776,1272.367,313.204,281.116,5.823,625.31,153.029,3723.315,8.883,291.282,1328.726,,455.54
2021-03-19,11751.889,3759.769,4614.229,981.742,598.305,2612.316,674.14,579.192,101.242,221.818,8.421,89.757,66.022,178.715,46.1,35.99,116.298,1231.484,4351.326,363.5,248.619,1572.634,1471.062,1910.577,233.432,346.5,6547.985,846.804,492.205,172.15,93.73,177.507,99.335,23.01,316.862,771.645,293.122,428.393,35.851,1411.12,1179.579,28.584,13.829,1016.5,889.368,258.725,666.405,54.97,669.578,584.926,1876.076,184.147,125.304,17.79,30.47,12.687,46.143,3104.654,180.2,16.608,18.077,1448.182,1238.635,320.2,262.816,5.673,619.61,152.217,3694.578,8.785,283.057,1295.433,,435.742
2021-03-26,11768.772,3831.385,4823.727,1051.21,609.998,2698.366,667.228,602.033,103.34,221.196,8.411,89.79,66.833,179.455,46.06,37.11,116.298,1274.374,4506.773,388.51,267.925,1711.468,1568.751,2070.644,243.767,334.125,6697.12,847.067,496.447,171.99,100.18,177.85,98.128,25.26,313.982,785.979,304.162,432.411,35.513,1287.003,1149.496,30.056,14.369,1014.7,998.968,258.205,663.831,53.79,673.224,622.879,1866.093,193.354,126.012,16.41,29.9,12.097,46.773,2928.822,179.51,15.534,17.627,1434.787,1270.644,313.964,252.706,5.783,633.35,149.781,3647.012,8.911,278.153,1205.469,,435.04
2021-04-02,12607.309,4089.673,5286.838,1151.993,646.655,2705.637,753.412,575.533,106.795,218.672,8.484,90.275,65.85,177.195,45.6,37.18,116.906,1309.138,4578.366,410.05,288.937,1778.698,1719.781,1910.433,264.193,353.25,6772.607,911.523,526.136,176.87,110.47,176.709,99.508,23.11,332.762,869.134,317.686,478.03,39.088,1346.074,1175.982,30.194,14.479,1070.5,1025.368,287.205,770.535,58.77,718.617,635.66,1871.085,188.06,116.459,16.74,31.55,12.427,47.281,3010.844,179.51,15.583,17.447,1419.095,1338.969,333.331,254.926,5.933,673.49,149.154,3575.663,8.995,275.78,1307.061,,436.725
2021-04-09,11808.167,3822.363,4802.777,1089.515,585.571,2663.218,759.417,570.765,108.646,215.954,8.484,89.822,65.616,173.755,43.11,36.16,114.759,1255.412,4505.792,405.1,274.648,1690.971,1808.423,1799.02,261.426,328.275,6699.881,908.629,524.048,167.72,102.19,177.45,97.726,27.05,312.362,818.868,305.634,445.695,37.593,1221.445,1101.428,31.298,14.389,1052.68,1042.168,293.415,748.305,57.02,716.618,608.292,1828.981,175.861,118.817,16.98,31.28,12.747,46.808,2895.461,177.5,16.169,18.137,1347.526,1198.156,326.487,223.816,6.053,609.69,146.695,3462.694,8.911,272.458,1264.833,,418.611
2021-04-16,12005.026,3773.787,5061.426,1098.753,598.271,2615.952,738.724,569.545,110.886,213.974,8.495,82.218,63.994,170.835,42.29,35.54,115.043,1295.594,3986.982,404.7,264.966,1639.044,1719.781,1762.89,260.043,326.213,6628.996,894.159,514.325,166.3,105.67,180.018,105.371,29.66,334.202,834.38,300.85,430.791,38.399,1227.591,1095.87,32.909,14.729,1080.04,995.768,280.085,709.086,56.31,685.258,606.097,1817.262,184.608,115.161,16.89,31.59,12.697,46.143,2811.433,176.69,15.693,18.167,1287.82,1173.18,316.702,196.786,5.863,578.19,143.237,3463.685,9.023,280.368,1247.33,,419.313
2021-04-23,12308.7,4026.385,5321.284,1220.352,638.087,2706.243,755.14,575.754,116.427,227.798,8.348,85.389,68.596,170.745,41.14,37.02,113.949,1431.941,4103.69,437.8,295.287,1945.955,1917.31,1812.263,262.24,341.063,6530.494,920.468,513.347,170.25,108.49,176.937,107.153,38.87,371.862,899.569,335.166,514.253,38.282,1465.751,1230.262,34.381,14.509,1191.64,990.968,298.795,769.224,55.17,689.452,660.058,1947.479,185.298,125.54,17.715,31.32,12.787,45.985,3001.312,175.67,16.144,18.707,1329.537,1203.324,316.55,203.234,5.953,605.07,144.235,3386.391,8.841,274.515,1371.321,,430.968
2021-04-30,11733.768,4095.78,5441.544,1281.198,708.479,2732.907,749.524,536.724,114.552,225.468,8.181,84.968,70.967,167.225,40.44,37.98,115.772,1461.287,4157.63,468.85,312.202,2051.174,1886.972,1689.334,273.796,327.225,6539.7,937.832,533.966,159.57,107.62,177.622,108.59,49.12,388.532,972.318,333.602,585.274,34.265,1518.164,1216.201,34.611,14.089,1183.54,970.168,302.805,776.946,54.68,760.64,666.384,2025.392,183.38,134.031,18.09,30.98,12.597,45.268,2823.724,172.61,16.132,18.827,1251.079,1312.988,290.997,199.694,5.933,630.47,127.481,3394.318,8.631,272.617,1395.311,,427.598
2021-05-07,11149.718,3916.74,5075.326,1253.393,686.975,2591.106,704.553,527.3,114.776,231.215,8.275,87.913,71.965,162.425,39.82,37.52,114.111,1368.734,3956.089,428.51,281.508,1909.334,1838.982,1609.445,264.274,308.138,6507.479,881.794,552.562,144.95,101.05,176.937,110.544,56.35,367.642,946.104,340.686,536.868,34.096,1458.41,1142.302,31.298,13.779,1121.26,931.368,264.555,761.409,53.77,700.742,637.338,1919.265,177.626,130.847,19.425,31.79,13.387,44.9,2921.046,176.24,16.62,20.057,1229.263,1247.678,308.945,190.844,5.693,582.49,118.5,3377.472,8.701,271.193,1309.387,,416.224
2021-05-14,11751.045,4123.538,5284.823,1356.362,685.699,2631.101,767.106,542.712,127.38,234.321,8.338,88.948,71.341,164.585,41.47,40.36,122.211,1558.807,4144.39,452.67,301.324,2057.733,2076.007,1695.092,289.339,313.238,6339.933,823.915,537.816,154.53,99.55,179.391,146.756,58.98,359.362,936.974,353.566,532.138,34.174,1653.206,1102.082,31.16,13.809,1145.92,968.488,272.295,768.195,55.86,676.987,704.983,1925.559,183.687,123.653,18.135,31.73,13.227,44.707,2840.279,175.01,15.522,18.677,1182.188,1194.568,351.127,195.254,5.683,625.65,121.007,3285.314,8.743,266.764,1234.233,,429.423
2021-05-21,11932.54,4256.776,5480.22,1397.439,723.969,2614.74,760.743,540.716,127.286,230.943,8.223,83.9,71.076,162.325,41.18,39.32,118.85,1562.87,4062.989,483.1,321.335,2193.561,2054.604,1751.518,320.996,332.4,6317.839,858.379,534.488,174.2,109.75,178.364,158.195,58.33,375.932,964.169,373.263,580.479,39.764,1723.886,1140.667,31.39,13.439,1205.5,938.488,284.365,792.343,54.07,673.812,707.952,1962.888,181.079,128.842,17.775,31.42,12.837,44.62,2842.787,172.88,15.217,18.857,1174.917,1337.39,353.51,208.604,5.623,642.49,122.886,3235.766,8.603,260.911,1221.748,,424.228
2021-05-28,12989.998,4538.52,5822.467,1410.988,794.563,2709.273,784.555,543.599,130.893,247.99,8.327,89.919,71.622,168.165,42.6,41.61,125.208,1704.726,4243.445,489.53,322.923,2308.345,2096.526,1936.2,374.869,336.075,6270.889,873.375,528.182,182.68,117.58,179.448,146.929,58.75,409.962,951.21,364.707,590.588,40.83,1779.457,1292.717,29.872,12.679,1219.9,982.088,286.775,877.707,55.78,738.021,808.0,2064.674,197.727,129.668,18.33,31.7,13.177,44.742,2988.269,172.67,15.193,18.617,1236.535,1405.715,382.358,216.194,5.843,695.07,128.014,3273.422,8.575,265.973,1116.851,,461.578
2021-06-04,13110.995,4516.313,5925.403,1493.512,834.311,2649.887,793.484,538.831,128.512,244.223,8.223,87.071,71.95,163.925,41.44,40.69,122.616,1689.014,4086.527,489.2,350.5,2344.42,2236.082,1973.193,343.131,323.963,6177.91,843.383,508.02,190.4,123.13,178.021,150.033,56.66,432.572,935.305,339.959,559.613,44.301,1779.627,1261.653,29.32,12.549,1168.06,930.088,286.595,979.965,55.14,788.072,769.401,1938.363,203.712,124.242,17.805,32.05,13.317,45.092,3103.651,170.36,15.241,18.407,1230.794,1346.72,377.998,233.834,5.743,645.61,131.333,3211.983,8.561,263.442,1190.548,,484.465
2021-06-11,12701.912,4325.755,5495.328,1465.953,771.58,2619.587,778.097,527.078,134.088,239.563,8.244,84.386,67.972,161.025,40.06,38.21,120.186,1707.976,4336.713,475.0,345.202,2363.004,2245.956,1776.982,308.056,309.975,6052.711,798.659,493.078,228.02,140.23,176.766,148.366,67.98,452.342,1071.476,345.203,637.827,50.97,1861.575,1282.907,29.504,12.829,1183.9,892.088,289.765,1027.139,55.62,779.181,755.846,1936.627,204.786,120.94,18.045,32.35,13.647,46.528,3126.226,169.79,15.388,17.747,1151.953,1347.582,381.294,219.734,5.843,628.49,126.808,3108.924,8.603,257.905,1104.868,,476.743
2021-06-18,12207.4,4179.054,4982.663,1523.873,733.142,2586.864,749.006,496.364,135.798,233.195,8.233,79.855,66.646,152.425,38.03,38.33,119.012,1646.756,4247.27,460.99,331.043,2311.351,2249.266,1735.958,302.278,309.225,5966.176,758.406,480.223,246.0,136.27,186.981,150.665,73.04,450.362,1042.317,331.863,648.324,52.569,1805.065,1307.758,30.332,12.819,1147.0,917.688,273.445,1220.563,58.57,872.477,862.736,1888.881,201.103,113.628,16.2,31.61,13.057,45.46,2860.345,160.25,14.507,16.967,1139.553,1472.246,396.047,209.954,5.613,581.45,,3037.575,8.477,253.16,1008.05,,500.613
2021-06-25,12321.942,4302.854,5025.57,1393.467,777.763,2568.079,765.854,507.23,137.743,239.835,8.286,81.667,67.722,155.585,38.6,39.8,122.495,1780.033,4048.376,473.68,370.087,2414.413,2485.407,1792.96,318.717,306.863,5832.692,764.984,470.892,245.99,138.97,191.946,166.472,75.96,476.592,1183.142,371.423,719.604,58.51,1814.114,1544.825,30.746,12.939,1211.08,912.088,296.895,1237.365,59.31,943.821,828.009,1920.784,194.735,114.808,16.77,32.09,13.857,46.441,2993.285,158.12,15.324,17.477,1206.147,1456.744,422.726,216.764,5.483,601.89,131.959,3031.629,8.603,248.414,1031.698,,475.058
2021-07-02,11877.349,4110.075,4857.77,1353.961,738.619,2509.904,730.697,503.571,135.409,226.827,8.306,84.489,63.9,146.825,37.04,36.9,114.962,1618.583,3980.705,456.08,366.441,2439.218,2452.863,1853.561,350.129,299.1,5718.539,742.358,469.587,240.04,132.97,183.214,161.667,62.79,519.952,1135.035,397.827,684.612,62.371,1665.071,1433.322,29.09,12.299,1187.86,855.688,315.1,1249.954,58.13,983.829,823.878,2002.17,182.613,111.741,16.305,31.05,12.847,45.845,2854.074,152.87,15.275,16.727,1126.923,1681.097,369.775,206.444,5.303,570.67,120.241,2986.045,8.498,242.403,1043.35,,466.914
2021-07-09,11647.229,3885.651,4654.517,1383.83,693.631,2380.223,661.396,485.165,121.202,214.595,8.166,82.936,60.624,142.405,36.75,37.07,114.395,1714.478,3697.664,449.41,356.398,2281.532,2403.494,1695.222,318.961,291.975,5562.961,741.306,445.118,249.82,154.72,188.293,185.165,67.61,546.482,1262.449,393.227,768.269,62.462,2012.154,1524.225,30.378,12.279,1154.38,863.288,329.76,1542.075,56.91,1042.605,803.611,1855.893,185.528,105.528,16.935,31.75,12.503,45.863,3373.294,149.54,15.361,21.446,1075.638,1739.446,460.274,203.144,5.303,538.81,120.519,2987.036,8.456,243.827,1000.339,,460.174
2021-07-16,11556.003,4027.772,4769.137,1614.077,765.232,2428.096,713.119,480.397,123.277,223.732,8.052,83.389,63.666,141.625,36.89,36.52,115.691,1769.197,3579.976,439.0,390.079,2326.889,2416.236,1703.139,324.82,293.85,5626.481,770.245,431.415,223.92,141.37,181.788,170.197,65.89,531.602,1222.177,367.743,819.461,70.483,2079.931,1360.403,31.16,11.819,1201.9,934.888,312.11,1519.658,54.03,924.888,795.865,1949.635,213.993,105.292,16.725,31.66,13.263,45.303,3379.314,147.83,15.702,21.686,1050.378,1587.652,476.457,202.544,5.263,558.49,118.384,2976.136,8.554,237.658,960.069,,524.764
2021-07-23,11241.411,3940.196,4654.316,1547.947,732.54,2367.498,686.612,457.666,121.709,220.043,8.01,81.253,61.31,137.505,37.99,36.75,117.351,1856.965,3661.769,440.0,363.971,2265.941,2318.271,1698.389,326.936,283.575,5537.184,756.565,411.84,259.68,172.18,181.274,173.013,63.65,547.612,1267.397,412.271,892.685,74.825,2142.758,1333.917,29.274,12.089,1281.1,940.888,302.73,1749.773,51.88,1081.076,819.102,1870.041,209.773,102.462,16.92,31.35,13.383,44.427,3229.066,148.25,15.836,22.676,1139.553,1773.25,523.091,191.594,5.213,563.85,113.535,2892.896,8.568,227.534,841.145,,531.785
2021-07-30,9997.619,3239.861,3739.778,1251.484,619.341,2324.473,665.552,433.827,101.902,206.258,7.895,74.393,56.412,129.565,34.87,33.55,110.669,1690.64,3243.387,395.35,354.563,2099.751,2039.16,1621.378,303.336,270.638,5397.255,723.416,388.415,265.71,189.46,171.287,164.322,58.77,551.002,1179.843,409.327,1090.973,79.96,1925.255,1220.452,27.755,11.799,1165.9,887.688,302.7,2024.115,64.69,1267.888,767.464,1725.738,210.847,96.683,17.1,30.58,13.293,44.795,3099.136,138.08,15.629,22.226,1041.958,1710.595,480.929,183.974,4.896,490.49,102.907,2650.112,8.26,209.501,753.066,,565.905
2021-08-06,9952.653,3312.726,3889.649,1350.118,643.164,2446.276,666.394,439.371,104.024,210.491,7.832,74.005,55.476,129.565,35.25,33.37,112.653,1792.494,3268.101,389.05,347.978,2007.62,2094.375,1586.4,299.186,296.288,5419.349,770.245,398.79,304.628,194.89,175.967,172.289,59.85,544.482,1262.036,478.051,1038.874,84.835,2073.444,1340.457,27.893,12.409,1132.24,884.488,309.58,1762.035,67.46,1081.021,746.809,1619.713,231.946,94.324,17.745,31.1,13.053,44.882,3068.535,149.75,15.068,22.316,1238.296,1851.623,529.124,186.614,4.596,512.49,100.517,2693.714,8.386,221.207,753.238,,577.841
2021-08-13,10116.083,3518.135,4098.341,1409.695,651.765,2439.61,671.393,448.463,110.685,224.431,7.916,77.5,61.934,130.845,35.94,33.96,116.784,1750.777,3369.902,369.9,328.08,1895.646,2155.327,1557.467,303.499,301.013,5307.038,793.134,398.007,301.168,182.68,176.594,184.923,59.67,502.652,1155.652,435.823,936.62,80.87,1899.817,1297.622,27.939,12.419,1087.6,860.888,270.2,1635.581,58.38,951.559,709.76,1596.016,220.13,97.744,18.66,31.54,13.313,45.845,3093.618,155.33,16.032,23.276,1271.976,1627.915,513.296,186.974,4.606,523.79,102.094,2861.185,8.498,241.296,831.549,,519.569
2021-08-20,9260.438,3040.42,3585.294,1191.303,605.666,2314.777,613.941,428.616,108.917,223.849,7.968,76.302,60.686,128.245,35.32,35.21,118.971,1710.144,2895.029,283.09,291.059,1676.304,1932.7,1473.403,289.746,302.475,5268.374,753.145,384.043,286.238,182.14,171.515,196.833,57.22,494.712,1086.379,462.135,896.573,71.77,1686.412,1252.17,27.571,12.459,1032.16,885.288,258.91,1714.299,59.31,927.851,678.39,1658.295,214.223,91.965,16.785,30.84,12.593,46.283,2876.9,158.33,16.202,21.416,1165.195,1528.012,517.768,180.824,4.486,465.03,103.951,2857.221,8.554,254.425,788.538,,520.692
2021-08-27,9530.739,3030.705,3746.446,1229.929,639.871,2331.139,617.535,421.408,111.829,221.208,7.947,75.493,57.036,126.225,35.03,35.01,120.956,1687.931,2753.214,328.25,307.382,1686.934,2015.441,1424.462,297.965,286.725,5223.706,765.07,379.802,289.298,196.24,174.426,185.648,73.54,508.102,1247.055,539.507,970.316,91.855,1748.556,1253.151,27.571,12.289,1016.5,911.688,266.73,1827.555,57.92,968.517,690.395,1617.586,209.159,95.621,17.4,31.74,13.863,45.723,2872.887,149.84,17.069,24.776,1136.874,1651.169,541.759,178.304,4.696,488.95,109.497,2797.764,8.638,239.872,764.205,,507.212
2021-09-03,9880.73,3033.619,4046.994,1170.179,630.53,2492.331,527.567,427.174,109.719,227.615,8.041,80.121,59.969,125.645,36.66,36.51,128.489,1703.1,2756.157,336.2,316.226,1476.805,1833.687,1519.033,302.36,295.125,5017.495,824.002,369.427,255.258,192.13,177.565,172.37,78.09,487.102,1175.307,550.363,909.922,95.56,1540.443,1129.549,28.123,12.579,993.1,905.688,233.11,1542.075,56.77,816.884,650.376,1673.181,204.863,93.145,18.33,33.55,16.103,46.651,2826.483,162.95,18.228,22.826,1168.64,1519.83,531.254,175.214,4.956,481.29,118.338,2800.737,9.114,256.956,814.413,,490.644
2021-09-10,9905.267,3142.014,4109.239,1267.434,646.456,2506.874,531.498,435.379,111.416,235.847,8.104,81.091,62.402,125.645,37.15,37.34,131.243,1929.021,2835.596,336.7,332.925,1611.104,1903.63,1548.11,307.731,303.975,5077.333,817.425,374.712,266.758,187.39,186.467,176.635,75.63,502.702,1150.842,551.283,933.574,90.256,1678.047,1189.061,28.538,12.779,1034.86,1032.488,243.74,1732.551,58.27,882.904,683.683,1756.725,214.146,96.801,19.68,35.98,17.023,47.246,2884.174,174.32,19.679,25.316,1175.529,1543.083,531.325,194.774,5.096,518.49,119.684,2748.216,9.38,259.804,807.559,,518.024
2021-09-17,10037.069,2978.936,4000.462,1384.519,666.415,2451.73,522.119,436.821,104.743,224.703,8.01,77.661,60.608,119.585,36.02,36.37,125.897,1888.388,2806.174,368.0,360.208,1864.463,1928.783,1578.627,283.561,288.45,4802.999,780.856,345.871,256.268,177.76,181.388,158.931,76.36,503.602,1101.223,466.367,807.02,77.1,1555.467,1107.641,27.157,12.329,1059.52,1000.088,240.43,1673.115,55.65,835.433,668.708,1697.788,203.098,94.442,17.94,35.2,17.053,47.088,3056.746,171.77,18.716,23.336,1103.577,1446.194,494.273,197.444,4.906,507.49,114.718,2616.419,8.904,267.871,794.536,,501.315
2021-09-24,10082.091,2959.089,4089.297,1405.427,622.768,2548.081,587.489,443.474,101.336,215.073,7.947,75.202,58.83,118.385,35.95,35.18,126.261,1867.259,2973.88,380.0,356.633,1858.085,1893.812,1622.386,284.619,284.475,4770.779,724.555,350.57,252.918,170.53,178.934,154.424,70.06,500.582,1123.352,479.523,913.421,82.625,1533.102,1175.328,25.363,12.439,1012.54,1005.288,240.41,1793.204,54.04,829.671,696.463,1693.839,204.786,93.97,17.235,35.48,16.763,48.454,2873.639,162.41,17.691,21.956,1082.527,1437.581,520.962,210.524,4.896,502.49,115.461,2740.289,8.904,274.989,806.873,,507.915
2021-10-01,10847.468,3220.986,4797.963,1378.656,629.724,2585.652,639.494,450.126,103.081,221.596,7.968,76.432,60.702,118.945,35.99,35.35,123.183,1870.509,2999.183,390.42,361.149,1911.946,2106.455,1604.249,282.34,293.475,4848.108,763.755,355.137,250.658,165.13,175.51,150.642,60.04,526.332,1132.561,480.351,965.132,86.395,1695.46,1178.925,24.581,12.199,1057.9,991.288,243.22,1713.784,55.2,801.078,693.881,1773.434,195.809,94.56,16.86,36.24,16.923,50.047,2924.307,154.28,16.581,19.616,1065.687,1390.644,484.549,202.694,4.846,528.49,116.134,2838.393,8.736,284.638,918.086,,489.099
2021-10-08,10901.494,3343.538,4873.503,1419.61,670.548,2702.001,650.726,460.106,106.936,223.46,8.02,77.661,62.434,126.425,38.15,36.85,125.087,1882.429,3232.206,381.35,353.67,1904.15,2204.365,1621.09,287.223,304.35,4945.69,778.225,372.037,254.148,167.53,178.192,158.689,60.1,534.602,1092.289,475.935,976.925,77.828,1723.288,1243.341,25.777,12.699,1084.54,1006.488,237.09,1654.442,55.77,826.927,718.667,1818.092,200.106,98.216,17.115,34.98,16.533,49.96,2939.106,155.72,16.483,19.526,1093.243,1415.62,472.199,215.234,5.036,549.09,122.515,2831.456,8.806,277.046,966.067,,499.349
2021-10-15,11336.914,3428.2,5062.051,1513.589,690.741,2669.278,665.72,443.584,107.29,232.702,8.062,79.409,64.524,123.985,37.65,36.89,121.887,1843.421,2988.591,383.03,343.58,1689.415,2351.368,1557.467,300.569,298.725,4875.725,765.333,364.207,284.478,196.18,185.44,162.954,61.76,569.602,1167.198,525.983,1024.748,93.441,1851.161,1194.293,24.949,12.309,1074.1,995.688,250.61,1659.309,54.98,858.977,720.603,1798.952,205.476,101.164,18.915,35.54,16.643,48.034,2879.659,152.78,15.865,20.696,1059.181,1387.414,475.89,202.844,4.816,547.59,135.278,2816.592,8.54,281.0,978.062,,503.702
2021-10-22,11247.039,3299.264,5006.05,1433.104,684.895,2718.363,705.762,460.438,102.515,236.507,8.041,81.512,65.242,130.805,38.69,38.19,123.912,1809.289,3062.147,367.99,330.526,1674.532,2419.711,1549.694,296.582,311.85,5024.86,804.797,376.735,301.148,195.58,186.239,173.174,69.67,602.002,1161.975,514.207,1023.387,103.958,1927.816,1248.246,24.213,12.119,1065.82,946.888,252.87,1724.595,55.79,852.72,704.725,1796.218,210.924,99.136,18.405,35.21,16.143,48.296,3031.663,153.71,15.462,20.396,1054.971,1356.194,488.595,194.144,4.726,546.49,129.616,2840.375,8.638,279.577,1005.994,,490.924
2021-10-29,10825.407,3181.014,4946.424,1318.303,697.26,2906.824,678.918,476.183,131.082,235.265,7.978,77.5,65.46,123.112,36.25,35.35,125.613,1790.868,2940.927,381.09,326.363,1739.378,2297.972,1486.358,288.2,290.363,4654.785,791.379,396.18,312.458,212.23,182.358,173.174,68.33,639.822,1341.618,538.219,1066.997,119.285,1941.645,1274.732,23.937,11.929,1008.58,913.688,266.61,1739.805,55.04,935.644,739.322,1947.205,215.45,97.485,17.415,33.47,14.633,48.734,2892.201,146.12,15.084,19.466,970.771,1438.658,535.797,200.534,4.686,545.41,135.974,2531.197,8.54,261.385,1007.365,,481.938
2021-11-05,10790.852,3094.965,4961.532,1291.489,694.975,2921.368,715.085,490.487,123.277,225.907,7.968,75.914,64.056,123.832,36.93,34.39,123.507,1781.658,3092.157,403.89,299.056,1737.961,2334.268,1482.327,299.756,297.788,4628.088,767.701,411.253,315.148,196.78,196.34,183.636,68.06,634.692,1235.921,472.163,1013.084,120.221,1942.328,1358.442,24.397,12.269,994.54,1021.288,284.48,1771.395,57.27,923.571,759.073,1959.661,221.051,98.31,16.995,33.08,13.993,47.701,2769.043,145.34,14.206,17.966,972.302,1500.882,536.506,195.284,4.526,470.05,127.226,2492.55,8.456,256.324,1026.214,,463.403
2021-11-12,10531.075,3005.306,4564.695,1276.875,657.578,2846.226,675.436,481.727,118.62,229.168,7.958,78.179,66.739,125.192,37.05,34.68,123.426,1927.938,3135.702,372.21,304.936,1706.069,2384.188,1467.213,292.025,303.113,4542.474,799.272,405.837,307.928,193.48,188.636,190.556,63.05,641.602,1301.484,466.919,1045.095,121.56,2251.338,1334.898,24.443,12.299,1015.06,1016.888,272.84,2066.188,56.16,898.655,759.332,1947.813,217.292,96.541,17.835,32.7,13.783,46.493,2717.873,146.27,14.157,18.146,940.536,1552.342,563.976,193.544,4.646,455.61,131.286,2684.795,8.75,297.926,1032.555,,470.705
2021-11-19,10838.519,3126.748,4978.252,1362.275,659.964,2776.538,695.092,483.945,124.291,228.897,7.968,77.079,66.334,123.892,37.17,35.06,119.214,1916.561,3102.749,383.1,308.229,1694.376,2489.158,1492.404,299.593,294.975,4586.662,817.425,457.124,297.968,185.86,184.641,162.793,62.76,639.602,1261.899,461.859,985.479,130.66,2195.512,1420.569,24.029,12.489,976.72,1072.888,269.61,1853.342,54.71,879.612,745.131,1813.535,223.353,96.187,17.37,32.92,14.353,46.913,2761.016,144.29,14.352,18.566,930.202,1457.39,521.317,208.904,4.696,459.09,125.555,2698.669,8.666,300.299,1015.247,,473.092
2021-11-26,11472.206,3269.146,5041.705,1376.501,663.088,2675.944,665.664,470.639,128.748,220.237,7.916,76.108,66.521,121.412,36.23,34.48,117.675,1890.013,3123.933,366.05,330.244,1653.625,2440.066,1478.153,326.692,290.513,4514.856,801.639,453.731,298.808,185.08,181.673,156.034,67.05,658.602,1199.498,425.059,994.032,114.241,2544.301,1323.127,23.937,11.749,928.3,1030.488,273.94,1743.736,54.25,839.494,715.44,1769.484,227.803,95.598,17.265,33.3,14.303,45.723,2665.7,141.59,14.645,19.166,952.783,1484.734,496.474,197.174,4.646,431.13,122.817,2608.492,8.554,285.113,965.21,,462.28
2021-12-03,11645.935,3360.609,5416.787,1417.498,666.112,2718.969,648.198,484.056,126.967,224.703,7.916,76.432,69.599,121.952,35.95,34.84,121.158,1897.598,2938.574,358.0,335.277,1513.303,2574.602,1477.002,326.611,284.325,4501.048,832.158,441.856,308.048,179.83,183.728,155.873,73.35,687.602,1129.262,416.227,995.004,112.733,2500.767,1274.405,23.753,11.829,939.1,1035.288,304.36,1813.515,55.03,973.95,702.53,1818.092,232.79,94.064,16.905,36.18,15.423,,2630.082,146.96,14.938,19.766,951.252,1452.222,531.538,188.144,4.646,416.61,120.241,2636.238,8.708,295.87,942.419,,458.348
2021-12-10,12310.687,3604.185,5414.168,1458.883,693.496,2863.799,667.574,496.475,133.039,233.401,7.968,80.056,70.851,126.412,36.99,35.95,127.881,2007.579,3059.793,375.59,330.808,1591.26,2530.087,1534.867,329.947,302.1,4650.182,878.198,479.375,302.568,178.48,191.204,161.506,69.74,640.552,1192.076,457.259,975.564,120.403,2347.456,1493.161,25.087,12.469,1030.9,1067.288,306.59,1724.22,56.4,965.115,705.499,1918.041,242.38,103.853,17.115,35.28,14.773,,2820.212,150.2,14.938,19.226,978.808,1559.662,504.281,203.174,4.836,467.85,121.285,2724.433,8.82,299.508,901.807,,474.777
2021-12-17,12089.516,3439.858,5340.441,1330.374,659.056,2783.203,631.07,482.947,125.682,222.839,7.916,80.25,69.942,125.052,36.4,35.48,127.274,2063.382,2972.703,361.16,295.293,1537.399,2538.361,1502.768,343.7,290.1,4548.918,850.574,453.079,280.128,164.23,186.182,154.424,72.8,651.792,1124.589,426.715,952.949,121.495,2227.779,1508.202,24.581,12.719,1006.6,1039.288,292.31,1619.295,53.49,922.638,684.328,1937.484,240.922,101.966,16.98,35.61,15.183,49.889,2834.008,151.67,15.523,18.806,992.969,1585.284,488.95,195.614,4.756,443.05,114.625,2662.003,8.946,290.966,840.289,,482.5
2021-12-24,12896.481,3533.958,5596.068,1343.953,658.149,2868.647,622.365,501.686,132.037,219.305,7.958,78.923,68.605,123.612,36.03,35.69,124.844,2029.792,2992.71,377.1,265.258,1549.447,2666.885,1630.447,382.518,303.075,4558.124,838.472,456.211,271.148,158.59,184.127,140.1,63.85,577.402,1069.336,391.387,866.83,118.83,1981.594,1631.15,24.121,12.559,977.8,986.088,308.61,1546.755,52.56,959.682,670.773,1968.471,249.362,103.028,16.26,36.04,14.673,50.695,2786.35,157.22,15.243,18.116,986.08,1534.256,474.044,213.194,4.776,444.29,116.876,2672.904,8.96,309.632,924.598,,473.934
2021-12-31,12085.576,3266.37,5448.413,1379.863,625.188,2813.503,612.031,498.914,124.857,214.84,7.937,78.826,68.416,124.792,35.97,35.64,127.76,2018.956,3027.428,385.8,280.664,1517.91,2431.626,1702.995,393.179,309.263,4689.767,862.149,456.472,269.268,153.85,184.356,138.491,60.21,588.602,1183.691,425.335,948.413,121.17,2022.397,1620.032,24.581,12.499,1009.66,981.688,311.38,1626.408,52.99,970.438,688.846,1921.382,251.893,107.273,16.275,36.1,14.323,51.273,2780.079,152.78,15.121,18.236,964.647,1511.217,482.846,213.404,4.916,447.31,121.796,2684.795,9.016,309.948,943.105,,494.294
2022-01-07,11477.777,3196.975,5102.137,1290.282,625.02,2732.907,635.506,510.335,122.145,216.16,8.052,83.227,70.165,129.852,36.77,36.09,124.965,1836.919,3037.432,332.99,257.849,1392.116,2195.319,1670.751,442.088,324.15,4976.069,886.09,453.796,247.648,143.74,184.527,132.697,53.22,540.502,1102.185,399.023,835.013,110.744,1804.041,1535.342,25.041,12.409,965.56,959.288,278.35,1375.233,52.83,866.989,652.442,1819.611,235.705,110.222,15.78,36.09,14.263,50.327,2826.483,163.76,15.682,18.146,1041.575,1463.634,440.754,212.444,5.016,424.05,129.453,2895.868,9.352,318.173,992.97,57.62,494.294
2022-01-14,11055.695,3051.801,4910.165,1207.943,589.471,2655.947,599.732,483.058,114.517,212.161,7.989,84.068,65.536,126.172,35.96,34.55,122.171,1754.027,2788.521,342.8,269.844,1275.889,2150.032,1698.676,420.766,302.475,4802.079,821.108,418.691,254.288,143.29,179.733,129.156,45.75,578.002,1088.166,392.767,804.557,115.554,1920.304,1525.206,24.213,11.919,937.3,870.488,277.66,1353.518,51.09,869.184,615.263,1784.066,229.414,103.617,16.455,36.1,14.323,50.835,2657.172,149.06,15.243,18.356,986.845,1412.175,425.778,204.614,4.946,409.47,126.529,2777.945,9.044,299.191,983.203,57.65,487.274
2022-01-21,11719.715,3191.424,5105.562,1226.61,628.01,2728.665,622.646,497.362,117.936,226.916,8.01,87.757,71.314,131.072,37.06,35.09,124.884,1809.289,2687.897,347.22,255.05,1231.95,2112.082,1600.218,401.073,322.763,4880.328,859.782,413.537,251.548,140.23,179.334,124.73,50.6,570.092,1043.495,379.151,812.139,114.93,1665.925,1554.308,24.305,12.189,958.72,854.488,285.83,1379.632,51.28,845.037,628.172,1869.737,255.499,105.033,17.13,37.59,15.343,51.763,2596.22,155.45,15.536,18.566,979.191,1485.811,376.66,208.844,5.056,409.81,136.183,2871.095,9.478,307.575,971.208,57.58,486.572
2022-01-28,11168.25,2929.388,4691.804,1204.71,597.031,2608.074,563.453,479.51,116.852,216.781,7.968,84.78,69.805,123.912,35.11,33.11,126.432,1707.435,2453.109,328.28,248.253,1163.206,1990.839,1496.146,368.195,306.975,4763.414,803.218,387.697,227.948,128.11,173.113,119.097,46.47,593.202,962.539,355.323,742.284,115.931,1597.123,1536.977,23.661,11.689,922.18,805.688,254.81,1326.795,49.22,768.754,571.242,1812.623,236.089,100.551,16.365,36.12,14.663,49.907,2512.944,149.51,14.974,17.006,862.843,1325.835,366.155,196.694,5.136,421.61,130.613,2741.28,9.296,311.055,964.182,57.58,447.115
2022-02-11,10959.854,2872.345,4689.185,1236.827,641.45,2714.727,554.074,490.265,114.258,230.566,8.187,91.608,72.943,135.152,37.68,37.15,131.49,1727.48,2471.35,301.5,197.144,1167.813,1895.908,1536.739,376.822,310.5,4953.975,774.278,390.829,231.338,124.36,175.51,119.821,42.81,490.592,894.365,360.383,630.245,98.16,1445.349,1353.537,24.351,11.909,895.9,808.088,228.16,1168.564,51.46,780.828,620.298,1664.371,218.673,106.094,18.315,39.69,16.273,53.093,2708.342,164.12,15.743,18.866,888.868,1349.95,368.213,194.414,5.436,459.35,146.648,2825.511,9.856,311.846,1068.883,66.61,445.992
2022-02-18,11280.806,2937.993,4929.302,1306.103,655.932,2758.964,571.428,480.619,121.674,227.848,8.125,91.285,71.588,132.972,36.83,36.1,126.618,1475.554,2453.697,324.0,232.847,1261.715,1996.686,1528.39,378.612,306.225,4874.805,765.597,376.735,244.108,122.98,174.483,121.431,46.56,528.102,941.097,371.055,690.12,109.834,1460.544,1435.284,23.937,11.869,904.9,808.888,240.01,1261.275,50.84,806.566,668.579,1658.295,232.406,106.212,18.57,39.37,16.633,52.2,2715.365,162.47,15.67,18.896,891.547,1436.72,375.666,190.844,5.526,451.19,145.441,2756.144,9.716,321.021,1056.716,62.8,436.584
2022-02-25,10673.345,2819.744,4671.458,1267.865,620.383,2694.73,568.901,464.984,118.479,219.111,7.978,88.761,67.559,126.772,35.43,34.48,120.493,1439.797,2403.68,330.91,244.96,1273.409,1989.35,1510.109,392.04,287.925,4702.656,749.285,386.197,248.988,119.23,171.458,121.672,46.21,529.402,1023.703,398.931,762.826,116.295,1530.199,1426.128,23.385,11.779,936.4,793.688,245.62,1413.609,50.73,854.367,647.278,1621.232,235.935,102.438,18.15,38.15,16.213,51.36,2617.039,152.81,15.133,18.716,863.991,1405.715,395.256,186.344,5.186,428.73,136.391,2662.003,9.114,312.795,1008.907,61.06,433.917
2022-03-04,10568.893,2623.911,4428.925,1238.551,617.325,2685.64,595.577,477.292,123.701,214.801,8.031,87.466,69.051,124.172,35.15,34.23,117.755,1417.042,2384.261,318.26,241.456,1259.235,1764.24,1474.267,399.119,278.475,4579.297,719.03,376.409,234.948,107.95,173.056,117.648,43.88,492.392,1068.236,404.727,791.792,122.99,1338.988,1262.634,22.741,11.719,891.76,789.688,234.75,1369.149,50.88,854.751,648.827,1561.384,221.281,95.48,19.095,40.8,17.323,53.461,2541.037,151.73,15.475,18.836,816.533,1361.361,385.532,182.864,5.296,411.39,142.123,2580.745,9.646,331.936,1035.296,61.71,427.598
2022-03-11,10504.23,2560.068,4476.062,1256.312,600.424,2622.011,544.022,462.878,117.736,198.298,7.916,84.522,64.798,118.252,33.01,31.65,109.263,1341.193,2257.157,311.7,233.929,1171.356,1777.258,1377.68,382.844,255.15,4392.419,667.202,361.14,230.998,97.6,169.061,108.314,42.22,494.152,1105.484,430.763,823.479,115.619,1307.575,1181.868,21.774,10.859,882.94,736.088,222.73,1407.759,49.74,871.489,611.777,1474.194,208.699,90.762,18.195,40.48,16.803,51.097,2323.818,146.03,14.816,17.126,775.964,1286.864,389.578,167.774,5.136,381.69,132.447,2376.608,9.282,319.439,982.175,60.1,375.504
2022-03-18,10159.698,2506.356,4441.414,1201.218,555.535,2591.712,538.63,436.266,109.4,204.977,7.853,84.392,61.901,119.832,32.44,32.03,111.815,1416.5,2250.096,322.12,245.478,1033.514,1746.699,1352.633,366.486,253.35,4250.649,659.836,355.79,235.648,93.64,166.322,107.992,45.27,511.102,1107.821,419.263,789.329,112.33,1450.813,1152.439,21.13,10.779,848.56,710.888,224.89,1453.108,46.8,891.905,622.621,1439.865,199.032,85.455,17.67,38.61,16.543,49.662,2281.428,144.83,14.535,17.006,779.026,1259.304,391.494,155.144,5.016,361.39,135.719,2455.885,8.988,331.303,966.067,61.78,360.901
2022-03-25,10059.58,2357.712,4166.247,1129.915,529.73,2467.485,516.391,443.03,102.562,201.133,7.926,82.159,64.678,119.232,31.98,30.87,106.804,1341.193,2183.602,305.0,260.154,1070.721,1733.295,1363.429,380.24,242.813,4182.526,651.943,372.624,236.458,91.18,163.526,106.302,40.32,502.672,1042.121,391.571,709.042,107.169,1344.281,1109.603,20.808,10.799,806.98,703.288,205.81,1340.835,46.76,845.202,611.003,1422.245,192.05,81.917,19.005,40.76,17.423,48.839,2199.406,142.49,14.45,17.906,746.494,1214.735,424.358,141.464,4.766,334.19,126.483,2451.921,9.38,327.981,970.351,66.0,379.998
2022-04-01,10566.136,2395.324,4175.916,1134.269,535.039,2563.837,518.244,473.079,104.46,208.588,8.104,86.463,68.794,121.892,32.05,32.66,110.284,1421.918,2207.728,310.96,258.296,1156.828,1766.502,1362.565,400.422,252.225,4320.613,700.614,398.79,237.108,91.51,163.925,107.831,45.87,519.502,996.763,410.247,687.464,104.322,1395.839,1034.723,21.176,10.759,809.68,702.888,194.76,1291.227,45.71,776.108,609.712,1340.22,185.298,84.04,18.9,43.11,18.583,50.432,2404.585,150.98,14.767,17.336,763.717,1256.075,400.864,153.644,4.996,357.01,131.078,2773.981,9.73,350.759,1012.677,68.38,359.919
2022-04-08,10588.59,2404.901,4135.024,1085.513,532.015,2540.809,500.778,459.551,99.862,208.899,8.125,88.372,70.8,122.452,32.26,32.61,110.099,1421.918,2040.022,312.99,248.723,1158.6,1713.713,1351.482,378.775,247.463,4332.224,676.41,381.433,245.128,87.25,163.298,104.692,42.71,495.602,932.163,387.707,661.414,104.647,1293.746,970.633,20.67,10.729,777.1,691.288,180.81,1228.515,44.99,742.796,590.219,1293.739,178.01,80.974,19.65,44.15,19.083,52.148,2467.042,154.64,15.304,17.726,829.546,1240.788,378.789,151.424,5.076,337.45,130.474,2856.23,10.584,350.759,949.102,69.56,346.579
2022-04-15,10712.345,2534.114,4534.479,1163.972,535.375,2640.797,529.195,492.483,107.254,207.54,8.072,89.246,68.468,120.572,31.77,32.48,109.17,1465.802,2049.437,345.8,258.39,1243.998,1750.726,1320.965,370.474,252.413,4347.874,724.292,397.746,237.348,85.27,162.784,99.864,40.79,451.462,911.546,375.011,551.384,99.98,1222.042,966.709,20.256,10.619,786.64,671.288,174.51,1225.613,43.25,731.984,547.747,1196.828,185.682,80.148,19.92,44.61,19.673,52.498,2369.971,151.7,15.353,18.056,797.397,1166.721,371.265,156.974,5.016,372.97,135.765,2837.402,10.472,368.318,927.34,64.69,342.507
2022-04-22,10526.685,2472.075,4391.457,1144.055,549.084,2625.041,523.748,498.249,107.974,190.726,8.156,86.528,66.239,116.892,31.07,32.05,104.53,1368.282,1985.297,307.0,240.727,1240.454,1653.974,1268.857,336.132,246.113,4310.13,722.976,402.053,236.548,81.31,159.132,99.381,42.05,415.942,851.07,350.539,425.801,98.875,1066.683,959.515,19.566,10.299,802.3,722.088,149.61,1193.415,41.85,718.813,508.761,1111.157,180.465,76.61,18.72,43.27,18.693,53.006,2248.569,146.84,14.706,16.346,736.543,1119.999,359.766,152.384,4.976,362.45,132.377,2689.75,10.262,343.957,971.208,65.8,344.192
2022-04-29,10838.351,2426.274,4579.4,1191.131,606.136,2632.313,529.6,493.348,109.884,180.747,8.093,83.486,65.039,113.092,29.65,31.0,103.649,1493.758,1778.165,317.5,244.56,1292.544,1709.024,1294.623,325.227,246.563,4240.166,757.441,409.752,244.148,82.69,157.648,100.508,39.53,409.952,932.988,389.823,413.165,106.519,1129.339,1020.989,18.83,10.099,832.72,711.288,151.11,1120.875,39.72,690.331,488.622,1190.144,166.194,79.44,18.33,44.36,19.333,51.308,2262.114,151.76,14.267,15.536,723.531,1276.529,354.088,160.544,4.676,372.47,128.084,2647.139,10.808,349.336,923.741,64.96,362.727
2022-05-06,10639.24,2355.908,4361.845,1112.068,589.639,2589.894,496.117,503.105,103.635,172.903,8.052,81.803,64.164,112.092,28.91,30.65,99.519,1412.491,1769.927,311.0,223.792,1301.757,1665.061,1323.384,357.046,250.725,4493.326,747.97,382.412,243.228,79.66,159.874,111.05,38.6,376.592,920.205,375.839,407.722,108.547,1100.999,965.401,18.232,9.769,694.3,644.088,140.77,1041.315,39.6,660.092,482.684,1135.461,172.025,78.025,16.83,43.82,18.923,51.308,2303.501,148.67,13.815,15.146,712.432,1235.836,374.672,154.154,4.516,335.87,125.323,2558.944,10.374,321.97,909.518,63.99,350.09
2022-05-13,10556.174,2354.242,4454.91,1132.545,604.927,2631.101,495.499,498.005,108.481,169.952,8.01,81.124,61.335,111.892,30.04,30.83,101.792,1477.504,1807.587,310.5,239.057,1275.889,1703.508,1438.856,368.277,246.263,4453.741,752.442,401.074,271.228,96.94,161.357,122.155,43.9,415.402,957.729,382.923,466.949,110.094,1263.016,999.735,18.922,9.959,645.34,646.888,150.76,1166.739,42.4,699.111,473.002,1174.043,168.956,77.318,16.02,44.38,18.993,52.2,2365.958,146.54,13.791,14.816,704.394,1250.692,390.998,156.044,4.586,354.49,122.167,2576.781,10.234,325.134,873.19,64.38,354.723
2022-05-20,10678.691,2430.993,4544.954,1152.246,611.983,2584.44,488.457,485.919,109.495,180.863,7.937,80.93,59.98,112.592,30.0,30.47,103.927,1498.309,1822.887,313.041,233.482,1264.196,1707.094,1380.616,373.811,245.85,4426.124,761.913,425.608,288.848,112.03,162.499,124.81,48.04,427.502,1052.842,434.903,555.66,124.043,1372.621,1024.586,19.474,10.039,669.1,669.688,164.28,1233.663,42.88,786.041,477.003,1160.069,169.877,80.62,16.755,45.93,19.953,52.323,2420.889,145.79,14.157,15.566,726.975,1328.204,392.63,158.264,4.756,359.99,124.278,2599.573,10.29,332.252,864.108,66.0,362.025
2022-05-27,10426.286,2368.26,4310.881,1101.851,594.175,2578.986,475.113,483.923,108.563,177.601,7.978,81.027,58.386,111.032,30.15,29.96,103.277,1454.1,1795.819,303.421,219.276,1211.752,1649.617,1353.411,389.68,231.675,4269.624,736.657,428.926,290.028,112.99,164.382,130.122,47.89,395.002,1031.4,422.667,507.384,121.053,1297.161,1026.875,19.428,9.819,669.64,677.288,149.93,1201.371,42.13,767.986,462.287,1131.512,165.35,78.733,16.62,48.07,21.483,53.058,2404.084,143.54,14.157,15.746,741.901,1336.386,386.455,156.884,4.836,338.39,127.272,2524.261,9.912,320.704,873.704,66.99,366.518
2022-06-03,10599.846,2532.032,4571.343,1183.586,616.989,2550.505,488.333,460.749,114.187,176.825,7.937,79.829,57.803,111.972,29.92,30.67,103.602,1497.008,1799.349,306.491,214.949,1264.196,1680.727,1339.304,398.875,235.833,4268.704,739.814,428.273,302.168,114.85,167.92,141.066,64.23,437.402,1098.199,455.897,554.429,119.35,1480.86,1106.66,19.598,9.979,677.92,684.488,172.86,1353.518,44.52,807.06,487.589,1256.98,168.88,85.809,16.53,46.77,20.873,53.408,2358.683,140.54,14.316,16.016,740.753,1414.328,408.601,162.254,4.736,359.27,125.972,2481.65,9.646,304.728,884.5,65.834,368.203
2022-06-10,11244.788,2638.484,4748.006,1255.665,640.845,2621.405,519.963,471.726,116.722,181.484,7.999,83.001,61.884,113.852,30.69,31.21,108.753,1588.677,1900.561,315.041,244.836,1334.357,1770.804,1360.262,407.583,234.671,4271.466,707.717,413.722,349.948,118.0,166.779,141.79,72.18,454.602,1177.424,512.569,606.593,131.232,1651.414,1128.895,19.368,10.179,708.88,684.888,166.01,1275.362,45.39,761.455,500.111,1336.574,172.639,86.163,17.31,48.39,23.423,53.584,2502.159,138.68,14.535,18.536,752.518,1433.921,417.047,164.444,4.796,383.99,125.299,2496.514,9.688,308.366,916.853,67.594,371.713
2022-06-17,11528.427,2690.669,4826.567,1259.588,641.954,2679.58,541.399,495.011,116.085,180.436,8.062,83.308,61.215,118.032,31.74,33.95,108.892,1601.03,2007.069,316.081,228.772,1437.118,1886.475,1394.521,451.284,244.083,4372.73,733.237,429.774,339.148,125.74,168.719,168.507,75.06,486.662,1173.383,521.493,589.875,129.838,1714.069,1099.139,20.15,10.269,706.0,693.288,161.0,1203.29,44.9,731.161,510.955,1332.929,170.337,85.927,16.845,46.14,22.853,52.848,2696.302,143.18,14.23,19.826,797.68,1432.629,406.471,162.88,4.776,389.27,124.789,2525.252,9.618,309.157,972.887,64.894,388.984
2022-06-24,11854.894,2743.687,4967.575,1323.907,663.723,2662.006,546.032,487.249,120.837,181.795,8.052,82.661,59.912,120.464,32.29,37.32,112.651,1647.839,2015.896,327.791,244.46,1503.027,1908.374,1391.297,456.41,255.483,4487.803,776.12,431.601,352.198,128.17,170.431,196.109,85.72,564.102,1240.732,553.325,621.886,139.83,1836.649,1071.018,20.196,10.329,726.52,704.488,160.19,1258.467,45.05,735.607,551.232,1407.966,178.393,85.573,15.825,44.78,21.943,52.446,2652.657,140.9,14.047,18.746,802.273,1537.055,424.571,165.04,4.976,410.73,129.453,2544.08,9.618,319.439,1008.016,62.634,377.751
2022-07-01,12089.656,3035.465,5280.815,1371.974,701.221,2688.67,584.457,488.247,129.078,186.377,8.083,84.958,64.25,119.564,32.31,36.55,111.305,1651.74,2334.832,320.531,244.766,1566.456,1955.205,1428.982,425.975,259.196,4446.376,786.117,422.466,330.348,120.13,166.265,207.898,85.18,523.242,1251.123,568.965,626.033,137.446,1638.951,1126.606,20.381,10.359,728.5,702.888,173.96,1322.489,44.81,773.199,543.616,1339.612,179.544,88.757,16.23,46.7,23.883,54.109,2732.171,145.7,14.229,18.626,868.484,1436.929,440.187,175.12,4.986,458.71,139.106,2748.216,10.024,339.845,992.422,62.934,382.806
2022-07-08,11920.542,2892.512,5188.555,1322.916,682.002,2561.413,564.009,478.379,124.527,180.281,8.083,83.049,61.181,118.584,31.73,35.8,108.196,1549.019,2315.411,325.151,262.171,1551.927,1887.413,1411.852,434.519,258.408,4441.774,764.544,416.593,339.148,116.29,172.543,204.655,79.15,541.602,1198.976,606.409,681.502,140.085,1765.967,1143.937,20.335,10.319,698.26,686.488,161.86,1429.755,43.4,753.607,562.205,1360.878,174.02,88.993,15.63,47.03,23.503,53.899,2674.73,144.02,14.241,18.238,836.718,1427.886,437.915,170.32,4.946,432.43,133.004,2637.229,9.912,328.455,1109.804,61.014,374.522
2022-07-15,11641.967,2853.65,5120.67,1272.478,661.371,2521.418,541.77,464.075,122.31,167.008,7.93,77.613,58.711,112.364,30.38,34.19,103.092,1469.053,2244.21,325.541,249.94,1576.748,1787.407,1358.046,431.427,245.733,4469.391,724.292,404.0,339.338,111.94,162.508,205.701,74.6,533.602,1196.282,569.333,815.314,132.914,1757.601,1093.907,19.506,9.929,654.52,642.088,145.59,1317.458,41.02,704.325,524.51,1209.284,162.282,83.686,14.58,45.87,22.713,54.074,2562.107,141.02,13.692,17.158,785.05,1397.957,417.402,159.82,4.816,420.21,133.653,2472.731,9.758,321.495,1103.978,60.884,357.812
2022-07-22,11627.898,2798.273,5017.935,1279.936,654.282,2557.777,549.677,456.314,122.864,169.804,8.013,77.289,57.923,113.044,30.61,34.42,104.53,1514.562,2347.776,311.781,244.107,1552.349,1739.694,1359.255,425.812,245.321,4491.485,732.448,367.198,330.768,114.01,163.592,202.144,72.72,532.602,1159.721,536.305,744.552,132.168,1687.434,1034.068,20.196,10.579,649.84,650.488,146.49,1282.826,41.45,687.257,544.39,1284.018,164.43,82.743,15.03,44.46,22.093,55.203,2486.356,138.86,13.436,18.388,794.618,1375.565,409.878,166.18,4.816,440.73,134.93,2448.948,9.52,319.123,1040.575,62.674,379.155
2022-07-29,11354.614,2694.042,4810.452,1208.245,636.843,2530.508,536.704,460.971,125.576,167.785,7.982,78.066,57.134,111.184,30.04,34.07,103.231,1459.301,2129.464,297.991,222.657,1422.988,1658.166,1331.243,410.106,244.908,4428.885,727.975,369.156,321.613,111.85,162.85,209.99,77.06,509.202,1185.891,515.145,806.955,142.233,1618.29,1124.971,20.196,10.629,659.02,645.688,143.137,1190.069,40.09,660.256,554.976,1323.207,164.276,80.384,15.42,44.22,22.583,54.766,2408.85,136.52,13.606,17.878,761.321,1464.273,436.496,156.7,4.785,431.29,133.143,2432.102,9.422,335.574,1054.283,60.294,371.011
2022-08-05,11498.234,2704.868,4876.524,1214.108,649.074,2562.625,539.978,459.529,130.917,164.795,7.992,77.516,54.288,110.024,29.54,33.04,101.839,1428.745,2290.697,307.661,228.161,1457.515,1674.439,1318.547,427.195,237.371,4376.997,692.721,356.628,325.743,103.63,162.222,203.923,68.04,506.252,1094.103,487.729,752.134,132.987,1659.776,1150.149,19.966,10.667,669.1,654.488,158.851,1489.027,44.34,725.07,557.042,1384.27,170.337,81.681,15.255,43.41,22.023,55.116,2374.235,135.11,13.118,17.518,740.654,1409.369,449.556,153.64,4.685,409.29,144.838,2357.78,9.24,314.852,1033.892,63.244,384.491
2022-08-12,11520.971,2698.206,4860.409,1247.475,669.805,2578.38,520.086,460.638,132.638,165.067,7.961,78.389,54.802,110.164,29.96,34.15,105.365,1504.81,2255.979,314.641,225.809,1408.257,1681.83,1327.414,429.23,238.083,4391.727,698.772,358.912,313.183,103.09,163.992,196.391,64.81,502.602,1129.702,490.397,803.844,134.443,1655.508,1223.395,20.473,10.747,685.48,663.288,152.222,1529.462,42.71,706.52,544.261,1349.334,168.573,82.153,15.81,45.06,24.383,55.379,2513.446,137.66,13.253,18.088,752.136,1386.331,471.56,156.55,4.755,402.81,148.04,2349.853,9.254,317.857,988.31,65.264,379.998
2022-08-19,11335.311,2628.255,4691.602,1168.886,655.827,2527.478,508.905,454.096,131.483,163.047,7.93,78.163,52.865,108.884,29.74,33.37,104.994,1501.559,2165.359,297.991,215.625,1329.996,1645.369,1308.068,412.628,236.021,4352.142,715.347,355.975,320.643,100.21,163.307,189.905,64.24,532.602,1082.365,571.725,900.98,126.562,1899.132,1237.782,20.473,10.597,641.56,629.688,143.488,1438.296,40.99,665.909,514.957,1269.314,160.747,82.153,15.285,45.82,24.553,54.258,2438.448,134.72,13.216,17.428,731.468,1384.178,453.46,156.82,4.705,387.49,144.42,2412.283,9.296,337.788,1031.664,65.714,374.662
2022-08-26,11352.138,2578.846,4897.353,1263.253,667.856,2552.323,515.021,460.638,136.765,162.465,7.951,78.422,52.967,113.184,30.14,35.64,104.809,1468.403,2098.865,303.561,213.602,1368.206,1648.679,1296.984,418.976,234.596,4323.603,727.85,354.996,316.983,114.49,161.081,176.932,66.19,507.382,1023.483,539.249,857.434,118.027,1736.944,1280.291,19.736,10.437,622.84,641.688,125.465,1325.601,40.27,641.762,492.624,1317.496,155.914,82.271,15.75,47.38,26.113,53.908,2533.512,134.45,13.192,17.278,703.147,1343.269,432.947,155.29,4.695,396.31,147.507,2391.354,9.38,335.732,1044.002,67.264,372.556
2022-09-02,11222.699,2464.206,4942.274,1270.15,600.589,2413.552,507.855,455.981,129.691,164.873,7.951,75.671,54.734,114.344,30.6,35.9,104.066,1436.546,2047.67,304.491,205.84,1346.108,1660.318,1261.315,389.924,239.921,4587.811,762.051,361.783,283.253,103.39,157.543,168.772,65.73,466.862,982.881,500.425,708.459,122.067,1623.583,1254.132,18.954,10.387,615.1,638.488,122.455,1339.688,40.4,632.707,494.948,1393.718,155.837,81.327,14.805,46.78,26.583,54.661,2490.37,132.53,13.118,16.408,706.591,1286.857,418.609,152.53,4.605,372.11,141.265,2487.477,9.52,341.11,1044.002,66.274,368.905
2022-09-09,11052.684,2458.932,4926.159,1281.703,578.245,2401.433,516.503,450.437,123.407,165.571,7.961,76.804,56.963,116.324,31.32,37.7,106.572,1485.956,2099.453,307.951,202.5,1405.034,1671.35,1268.166,402.049,246.633,4739.707,784.94,367.655,280.953,102.37,158.798,165.739,66.29,452.822,1025.792,522.045,783.238,128.965,1621.022,1199.851,18.954,10.547,605.74,631.688,121.172,1465.814,40.2,641.871,491.849,1430.447,152.308,78.615,15.81,48.85,28.503,54.818,2707.589,133.13,13.484,17.248,731.468,1299.13,468.721,158.32,4.735,393.67,150.477,2621.256,9.87,364.047,1035.434,69.358,375.785
2022-09-16,11132.655,2453.658,4791.194,1274.332,569.038,2351.742,526.017,444.117,128.653,167.319,7.961,76.286,57.82,114.804,30.73,37.26,100.261,1309.12,2102.395,306.791,176.417,1301.454,1644.266,1270.786,390.737,245.433,4732.343,773.364,363.088,267.233,95.08,156.173,155.487,63.74,410.602,931.888,475.677,717.725,115.479,1390.374,1132.492,18.172,10.197,620.5,613.688,114.125,1481.071,39.79,594.071,469.903,1378.711,148.011,75.666,15.045,47.08,26.093,54.03,2576.405,132.59,13.326,16.258,706.209,1256.499,468.153,153.28,4.695,388.51,147.6,2606.391,9.576,357.403,1042.288,67.488,372.977
2022-09-23,10994.38,2426.594,4849.008,1284.635,575.826,2325.685,507.608,432.918,130.045,165.028,8.003,75.898,57.511,112.984,30.24,37.08,99.983,1209.65,1990.591,264.381,166.256,1211.224,1420.811,1267.562,382.518,231.258,4593.334,732.322,352.256,267.653,93.91,154.747,156.637,63.91,417.942,936.507,473.653,736.258,120.029,1521.148,1057.611,17.896,9.767,607.0,591.288,111.83,1337.114,38.14,550.332,447.699,1320.655,137.96,72.836,14.82,47.3,26.583,53.803,2510.687,125.0,13.277,16.228,661.047,1264.681,473.405,147.28,4.595,382.31,151.405,2557.835,9.674,349.494,989.167,72.388,341.665
2022-09-30,11208.63,2566.771,5046.218,1332.055,613.155,2357.802,537.631,441.345,134.643,162.271,7.951,74.442,57.734,110.104,30.18,37.83,95.621,1158.29,2118.283,307.491,171.595,1343.807,1498.642,1274.615,400.177,223.646,4533.497,739.426,363.936,253.263,91.84,152.064,149.524,55.92,402.145,924.384,452.125,721.16,117.408,1451.834,976.191,17.344,9.597,631.66,567.288,109.306,1306.226,37.78,525.691,435.952,1374.762,129.598,77.318,13.785,47.76,26.243,52.77,2619.547,125.45,13.106,15.868,640.38,1278.891,435.005,148.84,4.655,407.99,147.53,2589.545,9.576,356.612,967.233,72.318,328.606
2022-10-14,10449.5,2426.455,4674.762,1224.497,597.061,2347.5,488.704,449.439,131.176,152.291,7.94,73.989,55.094,110.824,30.65,37.45,98.637,1191.446,2288.343,348.661,193.398,1403.193,1518.776,1306.859,429.23,218.696,4529.814,736.006,365.241,265.793,89.35,153.548,155.905,55.1,438.165,988.077,483.313,859.572,124.287,1578.17,982.404,18.632,9.517,629.14,545.288,109.657,1055.753,37.86,485.518,438.275,1420.574,137.04,78.615,13.965,47.66,25.343,53.155,2627.323,125.72,13.325,15.088,670.232,1379.871,463.539,155.53,4.605,382.41,142.935,2509.278,9.674,344.748,1034.748,72.848,333.802
2022-10-21,9810.13,2329.718,4266.846,1175.18,556.808,2173.582,460.967,444.338,123.407,146.467,7.951,72.306,51.39,108.055,29.72,35.57,99.24,1175.193,2404.855,340.041,183.873,1429.893,1446.571,1305.247,447.052,203.733,4365.03,694.964,342.925,267.553,87.28,151.551,145.548,51.62,414.255,916.494,452.585,859.637,113.422,1596.779,943.165,18.862,9.547,627.34,547.688,106.862,1232.376,38.31,478.658,448.603,1389.769,138.114,75.666,13.92,46.94,25.093,52.192,2477.076,122.39,13.349,14.488,663.726,1397.527,483.626,160.81,4.665,362.63,146.509,2427.029,9.59,337.156,991.223,71.838,337.312
2022-10-28,8324.399,2126.391,3629.691,1037.791,525.19,1927.552,407.16,426.487,108.94,137.147,7.846,69.297,46.263,102.215,27.86,33.46,94.693,1012.01,2344.834,331.001,187.354,1189.587,1285.889,1323.585,442.088,191.583,4327.286,648.135,329.483,241.143,95.29,150.581,136.238,46.99,366.755,950.169,435.657,841.104,122.395,1432.372,885.615,18.448,9.357,595.3,528.888,97.925,1247.726,41.55,466.64,450.539,1554.852,141.566,67.529,14.175,45.48,24.883,49.163,2371.225,114.92,12.947,14.218,658.751,1436.498,504.14,156.82,4.595,346.39,143.956,2243.702,9.226,314.377,847.452,70.968,328.045
2022-11-04,9205.539,2299.878,4101.464,1146.426,551.734,2039.66,457.198,441.012,126.39,144.525,7.679,70.494,47.755,105.375,31.22,35.66,99.472,1130.334,2512.54,327.341,200.548,1289.484,1432.726,1326.406,434.764,200.321,4324.524,672.339,343.251,281.453,102.04,153.206,152.034,58.08,405.655,1010.783,458.933,907.654,131.021,1637.241,1054.014,18.586,9.767,624.46,543.288,111.344,1279.082,42.15,510.434,473.131,1635.024,153.152,74.251,14.565,45.86,24.333,48.218,2376.492,116.12,12.947,15.148,697.023,1543.507,489.66,157.24,5.005,405.67,154.074,2213.973,9.114,294.288,867.501,71.838,353.881
2022-11-11,9270.708,2300.156,4152.428,1183.716,558.79,2081.473,472.025,444.56,128.913,152.913,7.742,72.824,52.247,109.415,31.87,37.58,102.767,1181.694,2360.722,310.801,203.747,1270.149,1451.646,1343.737,404.572,209.846,4411.979,710.749,349.189,270.053,100.3,153.263,148.268,54.91,403.735,932.658,442.373,805.076,121.885,1608.901,1042.57,18.632,9.917,620.68,531.688,110.602,1118.184,40.71,500.062,457.123,1659.51,150.006,79.44,16.905,45.97,24.363,48.761,2478.581,120.02,13.3,15.748,717.69,1573.651,473.05,164.77,4.975,403.25,146.254,2384.418,9.618,322.286,866.816,70.658,362.727
2022-11-18,9490.079,2349.981,4131.075,1161.083,572.331,2123.892,470.171,448.441,125.918,156.136,7.762,73.05,52.813,113.075,32.8,38.3,103.649,1195.997,2422.508,335.011,206.452,1318.027,1477.626,1389.886,407.99,218.621,4471.817,719.694,358.52,255.933,95.53,152.692,141.887,49.73,382.045,906.873,424.341,748.829,106.415,1438.176,1081.481,18.954,10.027,668.02,554.488,116.42,1082.195,41.81,580.571,462.158,1761.403,158.292,82.861,16.485,44.4,22.753,49.811,2541.79,122.66,13.398,15.778,701.616,1569.344,458.712,164.65,4.865,393.09,138.201,2373.517,9.688,318.173,841.797,70.248,380.84
2022-11-25,9236.154,2263.515,3892.167,1099.221,551.533,2086.32,458.619,452.433,119.551,159.825,7.919,75.607,56.02,114.255,33.7,39.82,104.577,1177.793,2384.848,337.501,195.703,1240.226,1423.955,1366.509,411.896,213.821,4471.817,724.43,357.737,246.303,93.88,154.062,141.677,46.46,373.455,882.435,416.429,742.349,102.629,1390.374,1041.262,18.77,10.127,640.3,528.488,110.804,1056.361,40.69,562.076,428.852,1633.839,148.702,77.436,16.71,46.38,24.053,51.142,2514.199,123.68,13.703,15.658,717.69,1513.579,457.577,160.03,4.875,368.81,133.444,2539.006,10.402,338.263,836.313,75.988,370.73
2022-12-02,9865.732,2481.138,4282.76,1155.738,571.189,2161.463,491.484,454.983,130.87,165.144,7.836,76.901,57.58,117.995,33.7,41.5,106.804,1243.457,2436.042,336.491,185.731,1309.28,1459.589,1364.897,424.428,218.883,4515.085,719.694,368.895,263.333,102.07,156.401,160.194,47.08,393.135,925.731,415.785,782.525,107.853,1447.225,1017.065,18.632,10.217,659.2,536.488,111.547,1065.347,40.65,552.856,437.888,1620.016,154.149,83.096,17.19,45.51,22.643,50.371,2565.368,123.56,13.727,15.688,710.036,1560.947,441.606,167.92,5.135,410.29,138.085,2645.038,10.318,327.348,870.928,76.428,379.857
2022-12-09,10406.673,2761.633,4688.057,1251.441,622.832,2297.809,521.445,454.65,140.255,174.308,7.898,78.81,60.22,123.955,35.13,42.4,110.563,1350.729,2337.184,319.931,191.14,1355.776,1532.842,1408.426,427.521,242.358,4666.981,757.316,394.061,275.953,103.09,157.429,163.542,48.35,425.855,893.403,406.401,696.406,105.268,1554.269,1059.573,18.908,10.537,705.82,554.888,115.475,1149.025,42.16,556.478,451.185,1596.32,151.08,93.121,17.94,45.23,23.153,49.584,2652.155,129.77,14.081,16.738,756.346,1534.249,425.707,181.27,4.845,437.95,148.644,2850.166,10.682,332.094,869.043,76.878,400.358
2022-12-16,10726.724,2751.223,4891.713,1262.735,645.109,2263.268,525.09,453.874,136.788,175.629,7.888,77.678,58.129,122.555,34.56,41.83,109.495,1287.016,2288.932,319.251,188.976,1377.413,1640.019,1409.232,416.046,241.233,4609.905,745.477,398.237,271.763,100.03,157.486,159.253,45.46,419.265,861.268,392.601,639.382,101.101,1564.512,1051.725,18.816,10.577,702.22,538.488,113.491,1132.224,43.0,579.857,449.894,1552.482,148.011,90.526,17.475,44.7,22.593,49.479,2601.989,127.94,14.032,16.078,748.691,1547.813,418.538,182.11,5.095,454.89,153.61,2743.143,10.332,325.292,861.503,74.968,397.971
2022-12-23,10637.411,2720.273,4855.252,1250.449,628.376,2243.877,523.731,449.772,138.663,172.833,7.846,76.383,56.397,120.035,33.82,42.58,106.618,1249.958,2215.376,324.491,184.131,1411.479,1624.132,1334.064,386.424,235.158,4565.717,734.164,386.231,253.433,97.09,154.176,152.139,42.37,399.735,782.566,369.601,597.651,98.625,1479.662,1043.551,17.896,10.257,707.44,519.288,107.902,1022.712,41.06,530.904,442.923,1556.827,142.641,90.998,16.875,43.79,21.793,48.691,2537.024,123.92,13.813,15.328,726.876,1476.33,403.064,181.72,4.995,458.15,151.823,2683.686,9.954,319.597,853.621,73.438,381.261
2022-12-30,10513.094,2725.825,4917.699,1254.889,621.051,2237.817,517.739,457.644,136.175,176.289,7.94,77.483,59.277,122.755,34.37,43.32,107.175,1274.013,2320.119,324.461,193.492,1454.292,1618.12,1315.121,393.097,232.983,4523.37,731.27,393.8,258.223,97.3,152.692,146.908,40.65,394.675,815.663,375.029,728.806,110.219,1508.173,1053.033,17.85,10.257,708.34,505.688,105.202,1057.718,41.14,573.546,436.081,1634.234,143.178,90.998,17.025,43.74,22.053,49.724,2633.343,121.16,13.727,15.358,713.863,1537.048,418.538,180.46,5.055,443.55,147.367,2626.21,9.968,311.213,868.358,71.658,391.231
2023-01-06,10945.138,2861.423,5124.981,1265.71,641.682,2268.116,515.885,454.65,134.761,180.638,7.94,79.134,59.586,128.235,34.68,43.23,109.495,1337.076,2366.018,326.591,208.945,1441.402,1615.583,1328.825,373.729,241.271,4687.234,762.314,405.806,267.453,96.4,153.034,149.0,41.87,417.915,823.553,392.693,782.59,119.028,1541.464,958.207,18.954,10.457,691.6,517.288,111.25,1071.852,41.68,575.796,450.41,1703.348,153.228,93.357,17.67,43.74,22.433,49.531,2659.179,124.76,14.106,15.568,740.654,1485.804,428.475,186.01,4.965,460.83,145.72,2727.288,10.094,327.032,846.766,77.448,393.197
2023-01-13,11413.536,2974.12,5320.982,1347.876,695.576,2334.168,534.48,456.314,138.203,185.608,7.94,79.554,61.884,133.455,35.8,44.25,111.073,1426.794,2363.664,339.311,217.012,1576.748,1669.088,1363.487,404.002,248.546,4719.454,782.046,414.093,279.833,96.67,153.32,156.533,42.78,440.755,837.6,384.781,784.016,118.937,1441.591,970.959,19.598,10.507,689.62,517.288,115.03,1066.189,41.3,606.254,441.632,1703.348,151.847,96.659,19.35,45.1,23.203,49.601,2650.4,125.78,14.203,16.348,760.556,1526.498,412.15,188.32,5.085,468.49,148.04,2683.686,9.996,322.286,879.496,79.438,399.234
2023-01-20,11261.643,3114.853,5391.486,1304.077,697.021,2318.413,518.604,453.985,133.416,191.006,7.93,78.681,60.58,132.955,36.14,42.3,115.342,1523.014,2614.929,349.541,232.3,1578.129,1779.795,1393.514,411.815,252.783,4774.689,782.046,414.615,271.323,99.64,155.146,159.776,40.21,453.255,909.759,405.849,837.346,120.975,1456.444,1031.452,20.841,10.607,745.24,560.488,131.513,1153.143,42.59,684.184,501.273,1861.322,161.131,96.423,19.89,44.83,23.493,49.776,2690.282,127.46,14.386,17.098,770.124,1571.713,425.21,188.29,5.065,472.49,157.299,2663.867,10.164,321.812,857.219,81.858,412.293
2023-02-03,11025.221,3132.618,5139.686,1261.744,671.451,2300.233,511.499,452.876,132.155,184.21,7.898,76.416,58.214,127.955,35.35,39.71,113.904,1480.755,2571.384,334.011,223.598,1550.047,1707.149,1362.278,405.386,238.646,4742.469,769.418,416.638,296.253,104.74,155.146,165.948,41.3,457.455,907.065,397.109,800.993,114.277,1516.368,1086.713,20.749,10.437,744.7,575.288,128.125,1186.465,43.33,656.14,578.471,1925.696,165.427,93.829,19.8,44.37,22.733,49.584,2817.202,126.23,14.362,19.378,746.777,1586.784,431.598,180.31,4.915,433.41,154.468,2603.418,9.94,314.377,891.834,81.798,408.782
2023-02-10,10980.198,3059.06,5375.371,1263.597,659.59,2265.692,506.001,450.548,130.021,179.784,7.909,76.189,57.494,127.355,36.27,40.43,112.047,1441.097,2618.459,332.651,214.119,1524.727,1719.725,1349.783,397.736,232.308,4702.884,775.995,411.548,283.113,102.31,155.089,161.136,40.07,447.205,875.7,393.797,785.83,110.728,1443.298,1065.459,21.071,10.857,744.7,591.288,128.03,1166.247,43.07,650.817,630.754,1868.826,205.86,94.064,18.81,43.82,22.283,50.091,2767.287,125.72,14.313,18.988,741.802,1601.21,415.911,179.38,4.895,420.33,153.842,2573.69,9.968,321.495,873.841,80.088,424.088
2023-02-17,11040.866,3106.942,5464.004,1293.731,673.77,2219.031,509.708,458.309,135.857,174.153,7.877,74.636,55.145,126.355,36.97,40.62,108.706,1374.784,2652.0,327.471,203.394,1504.011,1736.991,1364.293,418.732,231.408,4675.266,770.207,406.915,272.913,106.21,154.347,156.742,36.48,421.445,837.022,377.421,731.528,105.687,1369.887,1053.033,21.209,10.787,741.28,581.688,119.768,1117.341,41.81,607.956,615.134,1772.856,258.185,92.178,19.065,43.15,21.973,49.304,2858.088,129.2,14.411,19.198,799.211,1576.234,405.477,168.88,4.945,412.57,153.262,2516.214,9.884,309.157,854.306,79.788,420.858
2023-02-24,10856.388,3009.095,5407.601,1241.482,648.099,2214.183,518.665,464.63,131.235,177.065,7.888,75.251,55.008,125.155,37.51,41.73,110.331,1371.533,2594.333,323.531,197.397,1464.881,1726.234,1369.331,419.383,237.408,4913.698,785.992,440.389,268.833,111.43,155.831,158.939,37.69,406.655,862.808,403.917,786.478,108.035,1250.038,1028.509,21.347,10.697,762.34,586.888,118.661,1114.019,41.97,598.516,646.762,1794.183,271.534,89.111,19.47,43.97,23.193,49.759,2861.348,132.29,15.106,19.678,823.322,1620.158,417.189,168.31,5.005,406.51,149.572,2529.097,10.234,307.892,886.179,81.878,450.766
2023-03-03,11025.446,3073.771,5526.451,1214.323,660.8,2241.453,525.646,464.851,142.896,180.133,7.961,76.577,56.414,129.315,38.35,43.08,113.022,1400.789,2606.69,321.591,198.784,1441.402,1731.419,1374.772,424.998,245.733,5043.213,771.259,449.198,265.043,112.87,157.657,157.893,39.17,403.575,836.83,399.225,732.759,106.379,1233.137,1003.985,21.761,12.447,792.76,679.288,118.04,1168.353,43.32,591.547,666.9,1832.887,276.061,93.121,19.995,44.58,23.433,50.301,2968.453,134.18,15.204,19.648,847.434,1676.999,421.377,170.17,5.405,403.61,151.382,2488.468,10.92,310.106,885.665,90.888,477.164
2023-03-10,10642.533,2927.764,5193.672,1156.428,633.282,2123.286,490.866,451.213,139.736,167.63,7.94,74.28,51.201,120.755,35.94,40.91,107.546,1305.219,2516.07,318.251,191.658,1427.131,1686.519,1306.859,427.684,230.546,4918.013,706.014,437.061,244.393,99.16,151.836,146.594,37.64,407.045,812.969,381.009,742.932,109.327,1181.066,956.572,21.025,11.927,764.68,696.888,111.628,1225.59,43.0,565.643,627.14,1824.198,221.588,88.404,19.185,44.24,22.813,49.286,2773.558,126.59,14.764,19.318,789.643,1598.411,404.555,163.42,5.165,374.95,145.465,2391.354,10.542,297.926,837.684,93.388,481.517
2023-03-17,10597.51,2834.22,5148.146,1178.327,617.691,2108.742,487.901,449.439,137.107,165.028,8.128,74.668,50.361,121.155,36.79,40.61,108.335,1333.175,2454.872,307.441,177.381,1435.878,1596.276,1309.076,443.39,227.471,5092.924,702.857,424.076,239.163,87.91,151.551,138.225,40.37,377.235,759.282,369.693,627.459,96.478,1065.998,917.006,21.485,14.667,810.4,818.488,113.869,1266.914,52.57,588.363,687.168,1902.395,225.194,91.942,19.215,44.69,22.433,50.074,2752.989,127.19,14.984,17.818,777.778,1504.751,383.332,164.68,5.315,382.09,142.355,2398.291,11.088,299.824,854.82,105.088,515.076
2023-03-24,10803.599,2896.953,5348.176,1205.788,631.635,2124.498,488.951,451.546,141.846,165.3,8.086,74.862,51.15,121.155,36.14,39.97,110.006,1328.624,2506.655,312.491,191.47,1428.052,1578.184,1292.551,432.973,234.071,5033.086,705.487,438.366,247.273,89.53,151.836,141.259,40.9,394.835,773.137,379.353,661.414,102.702,1170.651,1038.319,22.957,18.737,886.9,952.488,127.828,1215.481,50.8,658.226,787.087,1908.319,286.495,92.295,20.04,45.1,22.683,49.339,2707.338,125.87,14.642,19.378,757.494,1528.435,391.494,168.37,5.255,384.13,140.684,2389.372,10.654,298.717,846.766,94.848,525.045
2023-03-31,11036.476,2952.191,5532.292,1200.615,637.717,2123.892,498.835,457.755,151.62,164.678,8.065,75.218,50.464,119.955,35.77,39.49,109.82,1314.971,2572.561,320.201,189.964,1454.292,1595.614,1321.973,478.22,240.521,5022.96,684.441,424.403,257.273,92.23,152.407,142.828,38.51,407.305,780.064,378.065,683.835,105.214,1197.455,1005.947,22.727,18.297,851.98,957.688,124.115,1247.492,50.11,680.727,834.335,2138.172,247.367,94.89,20.61,44.29,23.813,50.161,2714.362,123.77,14.52,19.678,763.235,1554.273,384.538,173.32,5.355,377.97,142.773,2332.888,10.486,295.395,872.642,93.958,485.308
2023-04-07,10873.215,2841.992,5415.659,1114.353,614.869,2125.104,499.515,459.307,153.389,164.174,8.139,75.477,50.687,120.015,36.57,39.79,113.022,1472.303,2709.668,317.491,200.125,1425.29,1634.834,1346.357,476.755,243.783,5072.671,679.442,417.877,250.533,90.25,152.178,141.991,34.85,391.765,781.219,378.065,648.843,103.594,1153.408,1031.779,22.865,19.447,904.54,1133.288,140.882,1466.563,59.9,771.827,857.83,2137.382,270.997,89.819,21.36,43.86,23.303,49.864,2691.285,124.79,14.874,19.378,775.099,1515.947,388.371,181.18,5.365,375.13,145.859,2390.363,10.934,310.897,880.01,100.508,547.652
2023-04-14,10436.669,2655.042,5023.858,1075.21,585.57,2051.173,477.708,455.094,146.055,165.144,8.243,75.93,52.83,119.735,37.42,39.92,112.001,1416.392,2860.898,320.991,204.782,1446.466,1578.68,1344.14,474.721,241.008,5174.856,686.545,409.395,247.313,91.48,151.836,143.142,33.35,398.545,757.935,388.829,665.561,100.172,1183.797,1014.449,22.313,19.147,886.18,1034.088,144.527,1475.689,62.26,754.321,776.243,2030.749,276.521,90.173,22.935,44.52,22.773,50.091,2616.538,124.85,15.313,20.938,759.407,1515.732,391.707,177.82,5.325,361.05,140.87,2389.372,11.452,310.264,859.961,102.288,511.144
2023-04-21,10504.483,2605.216,5015.196,1056.069,585.637,2056.021,465.785,460.305,144.251,165.571,8.316,75.93,50.035,122.235,39.43,42.15,111.351,1345.918,2837.36,309.991,182.697,1326.313,1511.66,1327.414,477.732,251.921,5416.049,694.175,410.7,244.253,90.55,149.953,135.924,31.58,406.245,722.914,380.273,717.142,101.774,1079.314,921.257,21.439,19.867,799.06,1051.288,129.677,1581.738,62.8,704.929,761.526,1977.828,315.343,88.639,21.96,45.15,23.173,49.829,2629.079,121.7,15.301,21.478,744.481,1362.647,404.2,171.16,5.355,345.83,138.132,2338.834,11.284,299.191,851.565,105.278,541.614
2023-04-28,10701.737,2563.579,4957.181,1097.411,584.763,2150.555,462.14,457.866,147.14,162.077,8.337,76.286,50.584,132.355,41.06,45.2,112.326,1272.583,2915.623,320.391,161.811,1380.175,1526.94,1392.304,502.796,251.658,5261.391,711.275,407.111,257.113,89.02,151.037,142.724,30.18,419.305,673.46,386.529,734.897,104.206,1126.605,868.285,20.795,17.197,763.6,992.088,124.318,1568.868,61.58,606.474,794.574,1987.306,293.4,89.819,21.27,45.2,23.043,51.264,2621.554,119.66,14.764,19.588,740.271,1371.259,410.588,176.53,5.565,333.45,138.062,2322.978,11.564,291.915,853.278,105.108,528.274
2023-05-05,10642.533,2628.949,4907.828,1062.665,578.581,2159.645,454.48,457.201,141.658,166.309,8.619,75.995,51.098,136.415,43.25,45.15,116.549,1265.561,2846.186,322.851,159.318,1354.855,1537.31,1401.574,526.722,246.221,4875.667,682.336,405.219,251.323,86.62,149.496,141.573,28.81,412.375,640.556,372.545,701.007,98.192,1101.85,859.783,20.657,15.847,733.18,947.288,124.426,1510.883,58.8,586.333,761.655,1901.21,276.215,99.372,20.895,46.01,23.293,51.65,2569.632,120.2,14.984,18.568,730.703,1305.805,399.941,170.59,5.865,317.25,135.185,2362.617,12.054,297.451,840.94,105.958,497.805
2023-05-12,10397.162,2568.715,4706.992,1034.213,563.427,2163.281,440.272,461.636,131.648,163.785,8.609,75.671,50.447,131.295,41.5,45.39,114.553,1235.915,2730.852,315.281,158.73,1345.188,1694.462,1374.167,498.89,248.058,4794.655,677.337,400.847,261.353,91.75,150.409,144.502,28.59,432.139,633.628,371.717,708.07,88.357,1149.823,877.441,20.335,15.437,722.2,930.888,121.955,1340.39,53.69,562.844,828.655,1809.19,250.512,96.187,18.495,46.96,23.613,53.068,2510.436,120.2,14.85,17.608,710.419,1252.408,408.033,158.584,5.645,290.89,127.434,2315.051,11.508,295.711,833.4,100.128,464.105
2023-05-19,10358.33,2588.561,4693.496,1027.66,558.992,2168.128,425.754,458.42,136.105,163.436,8.671,75.704,49.109,130.835,40.86,47.8,113.579,1241.376,2943.868,319.541,161.035,1386.62,1714.044,1364.078,511.992,247.983,4845.287,676.548,412.657,260.433,89.08,148.526,142.096,28.09,417.775,636.707,373.189,747.468,96.74,1168.261,934.337,20.519,17.237,737.86,926.888,132.985,1413.305,55.0,625.901,785.796,1725.859,277.979,92.531,18.36,47.05,23.773,52.91,2491.624,118.13,14.52,17.728,715.394,1298.269,425.494,158.194,5.715,281.81,128.014,2263.521,11.018,286.22,765.199,97.098,492.048
2023-05-26,10308.018,2578.846,4713.237,963.341,547.669,2145.101,422.11,458.199,127.132,158.737,8.421,74.862,48.149,125.635,38.31,43.9,109.31,1198.468,2900.912,325.851,158.259,1321.249,1718.181,1359.241,519.235,242.208,4806.623,670.76,400.219,248.243,79.66,145.787,146.385,27.12,399.775,608.42,373.189,743.256,103.721,1134.799,912.428,20.058,17.867,734.62,904.888,130.865,1414.802,51.8,636.823,743.324,1700.188,295.549,90.408,18.225,45.42,21.403,52.455,2513.446,117.38,14.313,17.458,690.517,1330.565,420.738,154.564,5.605,272.89,123.165,2230.82,10.416,279.102,766.741,97.758,506.23
2023-06-02,10195.688,2548.312,4674.762,958.038,545.082,2162.675,407.135,454.761,126.142,160.019,8.504,74.603,47.909,126.955,38.4,44.6,108.474,1150.098,2761.451,314.571,162.54,1295.009,1693.248,1326.796,499.867,242.171,4778.085,686.282,389.061,260.313,79.18,148.298,145.548,27.42,414.967,565.125,358.359,703.923,91.364,1128.312,956.245,20.611,18.907,743.08,879.688,134.348,1398.843,53.72,608.779,874.612,1763.773,318.719,90.291,19.41,44.38,20.463,52.052,2467.544,115.43,14.154,18.118,699.675,1306.881,417.402,153.844,5.645,257.11,120.171,2261.539,10.878,286.695,731.441,103.278,539.648
2023-06-09,10169.8,2502.373,4548.258,906.609,539.605,2167.523,391.716,455.537,125.942,162.62,8.703,75.898,49.521,127.715,39.66,44.08,108.428,1127.473,2756.736,314.991,161.599,1212.37,1599.862,1309.062,487.497,258.333,4880.269,687.598,396.434,259.253,78.13,149.211,144.397,26.06,385.447,533.567,339.131,677.867,95.568,1008.293,903.6,20.979,20.717,679.18,812.928,130.744,1440.074,53.53,577.827,868.803,1687.155,328.463,93.593,19.59,45.57,21.223,52.98,2540.536,117.65,14.118,17.908,708.095,1268.771,396.108,152.164,5.775,245.09,122.445,2276.404,11.018,290.808,731.955,108.628,544.843
2023-06-16,10910.921,2772.875,5085.297,974.592,569.475,2202.064,408.766,457.755,134.313,163.358,8.504,75.542,48.818,128.907,38.35,44.09,109.402,1176.623,2857.36,319.201,173.977,1251.87,1672.343,1325.386,482.777,266.733,5055.18,715.222,411.768,272.333,82.99,150.752,149.419,35.35,419.755,572.629,363.419,745.064,104.562,1048.754,988.289,21.163,25.137,729.22,918.128,136.981,1502.786,55.56,625.188,971.562,1799.317,411.553,102.202,20.37,46.08,21.443,51.825,2639.363,118.91,14.13,18.688,767.8,1416.686,409.239,157.234,5.715,271.81,124.325,2263.521,10.934,293.339,760.058,101.708,581.351
2023-06-23,10562.787,2596.889,4829.468,904.022,556.367,2167.523,398.388,452.654,130.504,160.407,8.473,75.438,47.258,124.987,36.47,41.65,106.897,1132.934,2792.631,312.091,153.961,1199.802,1619.885,1305.032,471.14,266.471,4968.645,703.909,412.486,269.033,83.68,150.866,148.059,39.01,408.613,548.768,361.579,738.973,103.9,1017.337,1013.14,20.887,25.577,729.58,946.928,136.778,1383.446,50.8,606.199,1014.033,1992.436,449.761,97.603,19.68,45.93,21.143,51.65,2600.484,115.49,13.776,17.728,749.812,1410.658,422.938,151.234,5.395,255.79,123.188,2204.064,10.584,286.537,755.26,98.298,634.989
2023-06-30,10456.315,2540.707,4621.38,838.453,535.669,2138.435,377.631,452.765,131.613,158.815,8.442,75.05,47.018,124.507,36.85,41.16,106.572,1125.133,2880.898,312.791,151.633,1138.756,1606.536,1307.652,497.914,268.871,5000.866,705.487,417.054,259.523,83.95,151.322,153.394,37.43,415.597,561.853,362.039,761.524,107.543,1043.117,1080.172,21.393,26.277,692.68,852.928,133.484,1489.916,50.52,597.693,889.587,1790.625,351.319,94.182,19.38,46.87,21.663,51.579,2552.826,114.68,13.886,17.698,751.726,1430.897,452.395,143.194,5.395,232.55,118.849,2211.992,10.756,285.113,755.26,99.268,673.181
2023-07-07,10450.856,2541.956,4657.237,894.624,532.074,2160.251,369.773,450.88,127.734,157.068,8.379,74.629,46.057,126.127,38.34,40.97,108.196,1111.09,2909.731,304.631,153.279,1094.468,1578.018,1298.382,465.525,264.483,4998.104,689.176,430.169,265.653,86.17,152.692,162.809,46.0,403.825,536.646,342.627,754.849,93.428,981.485,1108.293,22.452,24.737,696.1,896.528,143.123,1337.769,49.38,591.986,899.259,1683.202,332.292,97.013,19.65,47.37,22.603,51.474,2491.875,113.78,13.995,18.16,748.282,1495.49,449.215,143.194,5.625,230.81,121.355,2197.127,10.616,281.475,747.206,99.158,637.376
2023-07-14,10805.237,2657.568,5012.577,950.235,548.202,2123.286,364.658,452.876,131.082,162.341,8.494,75.147,47.824,128.987,39.85,40.68,109.913,1141.516,2858.537,314.441,164.216,1171.673,1597.876,1344.127,453.643,263.396,5022.039,694.175,428.211,265.663,85.54,152.692,165.278,45.07,414.679,588.216,361.671,743.509,89.325,993.265,1136.414,22.682,28.337,720.4,942.528,144.959,1404.249,49.46,658.555,919.656,1530.362,315.797,103.617,21.195,47.53,22.333,52.297,2635.35,114.2,14.069,19.48,772.393,1522.834,449.911,150.124,5.685,245.59,119.916,2188.209,10.714,278.311,758.217,101.318,651.698
2023-07-21,10908.225,2647.575,4971.483,965.41,543.935,2083.897,362.36,452.322,125.847,161.836,8.508,75.471,46.846,125.647,37.35,38.35,109.263,1125.913,2764.974,312.901,164.545,1217.756,1584.031,1328.005,452.179,262.158,5048.736,691.544,420.512,265.573,84.55,153.215,159.002,41.66,402.637,562.238,354.863,708.647,84.127,964.925,1065.785,21.945,24.117,698.26,885.328,136.981,1266.095,49.0,630.731,847.234,1480.995,304.672,102.084,21.12,46.34,21.843,52.212,2647.39,114.95,14.056,19.39,781.961,1472.236,439.775,148.384,5.655,240.53,116.83,2208.028,10.42,282.74,782.721,100.768,597.92
2023-07-28,11615.635,2785.116,5334.478,1063.527,574.007,2148.131,369.476,458.753,129.62,174.65,8.727,77.768,53.207,135.567,41.47,43.14,124.623,1276.484,2948.568,321.851,168.026,1241.696,1633.896,1344.127,453.725,271.946,5211.68,731.007,415.814,269.395,93.85,158.921,175.844,42.9,417.865,577.825,364.799,712.276,86.446,1009.484,1059.572,21.899,23.887,736.06,881.328,138.466,1297.077,50.26,641.487,819.479,1616.853,340.732,103.028,21.51,47.08,22.183,51.756,2750.23,121.16,14.935,20.05,787.319,1547.164,442.359,157.174,5.766,265.03,121.262,2331.897,11.148,306.626,791.632,101.028,586.406
2023-08-04,11595.769,2758.746,5232.348,1050.034,579.853,2137.829,371.552,461.636,128.335,173.796,8.675,77.995,52.779,135.507,41.22,44.67,129.402,1340.457,2478.991,299.071,182.797,1202.196,1641.839,1341.306,479.603,265.121,5178.539,734.953,422.404,270.695,98.83,159.663,184.632,43.46,445.693,602.07,373.079,723.356,81.885,1034.239,1122.354,21.761,25.397,754.6,954.528,140.563,1322.864,51.1,601.041,830.968,1682.017,367.431,106.212,21.6,46.47,21.733,52.107,2771.049,123.71,14.984,20.26,785.023,1586.135,430.235,155.194,5.616,264.81,122.352,2332.888,11.246,306.784,787.69,102.878,606.906
2023-08-11,11261.086,2662.703,5086.908,1016.193,560.701,2088.744,358.95,459.307,124.208,167.078,8.539,76.506,51.819,130.447,39.42,42.66,126.618,1274.923,2368.953,279.291,189.947,1139.953,1626.89,1346.344,493.519,254.846,5037.402,708.645,414.509,261.645,93.31,156.81,173.334,40.01,438.475,576.285,365.719,728.994,77.732,991.899,1101.427,20.795,23.127,731.38,880.528,137.31,1309.245,46.92,574.643,813.928,1598.291,325.924,102.91,21.075,46.18,21.883,52.474,2732.421,119.51,14.703,19.81,723.787,1501.734,426.36,150.904,5.516,254.09,122.817,2269.467,10.924,299.824,767.984,103.968,535.716
2023-08-18,11084.318,2540.152,5026.879,1013.865,544.741,2055.415,336.859,461.525,122.711,162.147,8.539,75.988,51.39,126.747,39.39,42.8,126.015,1271.022,2413.086,284.791,187.995,1110.627,1594.346,1311.682,490.101,253.383,4997.817,690.492,404.003,242.685,87.01,153.443,159.629,35.7,428.341,547.229,344.927,699.964,72.916,937.268,1033.086,20.335,21.727,706.9,847.728,120.354,1208.157,48.01,529.203,745.25,1511.8,293.087,101.494,20.445,46.02,21.773,53.017,2652.155,120.5,14.618,18.97,718.046,1510.777,451.501,146.134,5.516,241.27,118.152,2240.729,10.91,302.988,748.278,100.378,519.709
2023-08-25,11210.323,2512.671,5065.153,1035.808,549.075,2043.296,327.444,467.623,124.385,160.904,8.592,76.215,50.533,125.727,38.17,41.8,125.783,1249.178,2458.396,290.981,191.029,1069.93,1526.498,1317.123,491.566,255.146,4921.409,696.503,396.5,234.995,86.14,152.473,157.432,32.7,414.787,501.432,337.015,641.968,70.903,839.955,1032.759,19.921,21.947,695.74,838.928,121.636,1208.157,48.3,503.574,676.701,1390.555,266.464,104.207,20.775,46.56,22.053,53.192,2677.239,121.73,14.557,19.36,695.848,1444.461,429.738,138.364,5.386,228.09,104.183,2221.395,10.658,300.141,744.508,103.558,507.072
2023-09-01,11357.039,2487.55,5275.154,1114.913,555.997,2000.877,322.774,479.377,120.235,163.661,8.498,75.988,51.939,131.907,40.12,44.02,120.91,1264.001,2506.06,282.291,193.616,1123.794,1567.483,1349.568,482.045,265.158,5109.208,740.439,405.047,251.515,89.23,155.326,155.34,37.55,429.295,521.636,342.259,656.936,71.999,846.272,1088.347,20.979,22.877,736.6,923.728,123.243,1283.13,53.68,533.209,715.429,1469.937,275.364,106.566,21.525,47.42,23.333,52.579,2772.053,122.63,14.788,19.78,725.701,1516.806,447.625,138.964,5.286,231.79,105.088,2281.843,10.728,304.411,746.05,105.092,523.22
2023-09-08,11173.856,2517.806,5184.506,1142.201,553.679,1984.515,315.435,477.159,119.092,167.156,8.518,76.7,51.75,131.947,41.13,43.68,120.307,1240.596,2450.158,272.741,184.302,1126.188,1522.748,1317.526,477.162,258.221,5051.211,740.439,401.981,246.445,88.24,155.612,155.131,44.36,405.067,516.633,332.231,609.308,64.151,822.029,978.806,20.841,20.707,708.34,892.928,125.929,1252.617,52.5,548.85,652.173,1383.446,249.048,104.443,21.645,48.11,23.803,52.632,2721.134,121.4,14.618,20.2,749.047,1557.93,454.383,136.294,5.206,229.89,104.508,2267.97,10.658,299.982,732.684,105.862,494.996
2023-09-15,10968.386,2487.134,5049.541,1129.355,549.176,2005.724,320.031,483.59,116.899,166.34,8.56,76.506,51.767,130.107,40.08,42.33,119.379,1217.972,2627.867,290.181,192.769,1096.264,1490.865,1327.804,468.617,257.133,5042.005,729.915,401.198,246.685,89.5,156.468,155.549,47.02,377.743,515.479,329.747,575.483,63.259,800.347,951.012,20.289,19.757,682.6,885.328,127.414,1171.419,51.7,563.393,633.455,1309.198,254.035,102.792,22.05,49.84,23.903,53.822,2678.242,122.75,14.618,21.01,742.158,1545.011,436.396,133.264,5.266,225.21,102.025,2219.413,10.602,290.333,739.196,110.162,491.486
2023-09-22,11345.502,2490.048,5057.599,1102.455,543.901,2034.206,321.662,485.697,116.58,167.816,8.675,77.38,52.35,132.367,40.52,43.99,121.978,1231.234,2654.936,286.201,192.181,1105.241,1550.107,1320.549,468.454,261.858,5111.049,739.913,416.597,247.445,88.63,158.294,155.863,50.65,383.449,509.514,327.539,557.209,63.336,789.591,1004.965,20.473,21.567,694.3,900.128,131.1,1102.857,51.2,574.259,651.915,1337.634,270.07,103.735,21.72,49.92,24.373,53.752,2687.021,123.44,14.642,20.23,742.158,1515.298,443.054,131.104,5.306,231.69,102.002,2216.44,10.742,290.175,727.714,108.052,521.815
2023-09-29,11061.582,2437.031,4849.108,1073.097,529.117,2029.964,311.951,482.149,114.67,166.379,8.612,77.121,50.567,128.307,39.46,42.95,117.569,1203.149,2706.719,282.801,207.775,1104.044,1551.927,1324.176,477.894,255.971,5073.305,723.338,407.135,239.095,86.35,156.81,161.198,56.38,369.229,535.106,343.179,585.786,66.47,780.543,994.174,20.335,21.327,705.1,953.728,126.874,1134.681,51.15,555.71,667.536,1323.021,267.768,101.494,20.52,49.87,24.113,53.332,2564.866,121.55,14.459,19.69,723.404,1479.988,431.03,130.324,5.276,225.03,101.375,2185.721,10.462,280.526,694.813,105.012,492.609
2023-10-13,10793.981,2402.749,4617.452,1033.221,503.816,2049.355,318.845,479.377,110.343,164.981,8.832,77.056,47.258,127.647,40.92,44.17,116.92,1197.688,2689.654,284.201,217.183,1121.999,1507.082,1335.059,457.712,254.133,4936.138,708.079,386.386,242.755,93.97,158.636,177.623,73.85,346.855,525.87,334.071,574.446,63.004,783.445,1063.823,20.979,19.507,716.08,948.528,140.226,1169.313,54.56,580.845,702.133,1297.745,249.585,102.438,20.355,49.44,24.143,54.207,2533.763,119.09,14.422,19.3,701.589,1463.193,417.615,131.824,5.086,207.45,98.544,2137.164,10.084,275.938,662.598,107.922,486.712
2023-10-20,10197.438,2264.931,4453.279,1003.734,480.8,1995.423,290.453,467.845,107.16,161.254,8.727,75.503,45.852,123.387,39.39,41.16,116.966,1184.425,2576.084,270.391,204.106,1018.461,1353.736,1238.126,429.637,247.346,4822.906,693.872,391.932,241.595,97.27,155.669,168.521,81.73,329.575,501.817,321.375,546.193,60.074,758.178,1023.276,19.921,17.797,685.12,900.528,134.799,1127.38,57.1,549.069,672.957,1223.102,206.697,96.659,19.8,49.45,23.853,53.525,2481.591,115.64,14.288,18.1,668.292,1395.155,405.69,124.264,4.946,197.81,94.483,2045.005,9.916,261.385,587.713,106.682,442.201
2023-10-27,10375.895,2393.867,4694.201,1086.073,504.051,2051.173,307.058,480.596,111.063,160.788,8.706,75.471,46.315,123.909,38.37,40.19,119.286,1192.226,2733.787,278.841,213.749,1109.43,1417.722,1267.75,458.933,249.446,4881.823,698.082,423.579,244.345,98.71,158.921,185.992,80.47,336.271,490.848,301.135,542.694,59.463,804.956,1065.458,20.197,15.697,742.9,871.728,139.618,1183.774,56.98,573.436,601.698,1270.89,203.398,99.372,20.34,49.02,23.553,53.332,2553.077,116.99,14.824,18.25,685.897,1369.964,423.279,128.494,5.186,200.89,98.498,2042.033,10.028,256.64,664.997,101.082,399.656
2023-11-03,11132.998,2486.579,4942.375,1116.551,501.263,2094.804,308.541,481.262,105.887,158.691,8.675,73.594,47.463,124.029,37.81,39.43,118.497,1215.631,2857.948,295.641,209.516,1128.582,1420.701,1278.028,446.726,245.921,4862.491,697.293,414.183,241.045,99.25,156.981,180.552,89.66,341.167,450.246,288.531,547.554,57.806,784.469,1065.458,20.289,16.377,741.28,875.328,144.87,1208.344,57.86,607.297,608.023,1277.603,210.687,98.31,20.58,49.04,23.633,54.155,2534.014,114.77,14.69,18.19,660.255,1393.433,415.429,124.984,5.136,202.25,99.936,2006.358,9.93,249.838,700.297,101.862,403.026
2023-11-10,10933.775,2448.134,4756.849,1093.79,495.013,2089.956,314.693,474.609,106.759,155.468,8.717,72.882,47.086,118.249,35.01,37.59,121.282,1221.092,2909.731,298.201,212.503,1088.483,1411.379,1269.362,445.261,245.546,4813.7,689.663,420.316,239.355,93.61,155.669,186.515,82.34,344.029,462.947,297.087,582.87,61.705,817.761,1078.864,20.749,17.037,765.94,908.528,149.203,1203.524,54.39,591.821,625.451,1328.945,241.146,98.546,19.995,49.77,24.153,53.91,2439.702,114.05,14.544,17.41,657.576,1384.174,419.404,128.374,5.066,201.89,99.519,2067.797,9.818,254.584,686.588,98.992,415.803
2023-11-17,10807.601,2421.764,4680.906,1057.923,485.336,2055.415,312.766,471.282,104.059,156.128,8.717,72.008,47.155,118.869,35.03,38.26,121.56,1210.95,2836.176,298.491,205.847,1071.726,1405.697,1263.317,440.297,242.396,4723.483,687.032,412.682,239.155,93.16,154.984,193.315,83.88,329.089,464.101,297.547,572.502,59.692,787.201,1062.188,20.887,17.977,739.48,906.859,145.693,1161.357,53.7,590.723,648.688,1324.996,253.114,95.48,20.28,49.47,24.133,53.997,2413.866,113.72,14.702,17.71,659.107,1370.395,431.925,130.774,5.046,200.25,99.287,2041.042,9.846,250.471,678.706,97.622,420.718
2023-11-24,10940.303,2397.198,4722.403,1077.451,491.821,2079.655,311.876,478.046,101.749,154.846,8.738,72.332,46.76,118.929,35.5,38.06,119.379,1178.184,2823.819,300.491,202.083,1057.362,1444.585,1270.37,455.027,244.721,4769.512,694.136,425.275,219.245,91.27,155.554,206.601,76.67,318.775,443.512,288.347,553.256,56.431,752.885,1034.721,20.335,17.027,741.28,860.059,141.036,1108.707,54.09,534.636,612.283,1270.89,259.406,96.187,20.1,49.72,24.903,54.102,2391.291,114.77,14.739,17.8,654.514,1395.155,426.161,131.254,5.116,197.09,98.637,2090.589,9.86,256.007,712.806,98.562,402.323
2023-12-01,10846.207,2313.646,4553.999,1057.362,483.757,2061.475,306.984,477.159,98.907,148.09,8.748,71.685,43.28,115.589,34.78,36.89,117.105,1165.701,2803.223,307.391,200.296,1045.991,1424.507,1264.727,461.456,237.483,4723.483,666.774,437.999,199.445,88.87,157.152,221.247,78.04,301.675,418.304,270.039,545.092,51.487,720.448,1044.531,20.381,16.777,735.7,870.059,149.068,1095.088,54.15,536.776,622.611,1256.277,259.406,91.47,20.385,50.18,25.203,54.19,2328.082,112.04,14.788,17.8,640.353,1462.763,427.254,132.964,5.216,188.89,96.897,2019.241,9.65,241.138,706.637,100.872,400.779
2023-12-08,10534.654,2254.244,4312.271,1038.61,469.645,2019.662,299.793,479.82,96.03,145.139,8.665,70.067,40.193,111.929,33.96,35.18,114.275,1138.395,2744.967,313.291,183.832,1005.294,1369.843,1252.031,446.808,236.696,4758.465,649.674,439.108,200.945,87.28,152.929,212.459,79.65,298.237,409.067,264.059,517.811,49.959,720.277,1029.162,20.381,17.387,684.4,869.259,146.098,1045.433,52.55,518.995,639.006,1204.935,256.03,88.757,19.83,49.25,24.893,53.997,2260.609,108.92,14.617,16.66,612.414,1321.089,410.659,131.494,5.106,177.69,93.509,1957.801,9.384,233.545,732.684,99.922,400.217
2023-12-15,10197.438,2126.141,3950.686,978.257,455.029,1968.153,287.487,470.728,93.861,144.09,8.665,70.714,39.456,111.129,34.12,34.61,112.001,1123.572,2690.242,310.291,177.67,968.188,1336.967,1239.537,450.144,236.658,4778.718,633.362,433.497,195.675,86.26,149.334,210.785,86.65,282.775,408.105,255.595,507.443,48.302,681.523,1056.629,19.737,16.407,696.28,823.659,147.759,1058.397,53.6,531.233,637.586,1177.685,246.363,90.526,19.875,49.08,25.053,54.278,2234.773,108.98,14.556,16.27,604.76,1348.433,416.721,128.254,5.026,169.47,89.773,1943.928,9.342,240.031,720.517,100.842,408.361
2023-12-22,10449.314,2122.255,3919.06,998.777,453.248,1997.847,295.864,472.28,95.347,145.566,8.717,71.717,38.067,111.749,33.92,34.22,111.166,1100.948,2651.993,306.111,175.67,966.991,1333.658,1227.446,452.83,245.808,4681.136,647.832,437.216,194.645,84.04,148.82,195.303,84.72,285.097,418.496,263.967,543.666,49.882,684.425,1076.903,19.783,15.947,685.3,787.659,147.975,1086.477,54.79,514.66,606.861,1134.242,229.33,87.224,20.535,50.05,26.153,54.978,2290.207,108.86,14.568,16.66,617.007,1333.792,419.602,126.934,4.996,171.29,88.38,1918.163,9.384,234.811,729.428,102.542,387.159
2023-12-29,10760.811,2217.881,4099.147,1035.29,463.597,2043.296,311.654,485.697,99.685,146.381,8.717,76.862,38.976,114.149,34.65,35.04,111.583,1112.65,2723.783,307.891,176.211,975.37,1368.684,1240.545,469.106,252.783,4693.104,654.936,436.694,200.395,85.0,149.562,196.663,76.86,297.643,450.824,276.663,573.344,54.086,730.691,1145.57,20.519,16.747,721.66,813.259,145.302,1155.32,53.02,521.629,612.283,1177.29,233.934,91.706,21.09,50.02,26.543,55.258,2276.411,111.14,14.397,17.56,642.267,1407.859,424.372,129.124,5.066,180.47,89.517,1926.091,9.454,235.601,751.191,107.672,405.553
2024-01-05,10408.288,2091.999,3770.397,968.428,436.045,2005.118,289.415,485.586,94.085,148.206,8.811,72.332,37.93,111.489,35.1,33.49,108.892,1053.358,2530.774,300.981,165.275,892.18,1313.028,1233.894,469.919,256.421,4767.671,665.722,443.219,195.075,80.26,148.478,176.367,70.8,275.395,425.423,267.187,525.133,49.322,684.425,1081.807,20.013,14.927,680.44,755.659,133.084,1101.125,50.58,451.987,542.056,1061.969,210.61,90.173,21.105,52.12,27.773,55.958,2235.776,110.93,14.702,17.77,628.489,1340.251,402.709,122.644,4.906,167.13,86.431,1879.516,9.398,224.054,738.51,106.442,378.453
2024-01-12,10294.044,2057.44,3697.476,952.262,424.151,2043.296,286.375,487.804,96.643,149.177,8.748,71.943,38.222,109.609,32.81,32.41,107.639,1027.613,2480.757,294.291,174.0,908.339,1244.629,1216.765,440.541,254.171,4826.588,667.038,431.409,198.265,79.57,148.364,173.02,67.26,282.109,435.622,285.679,575.288,51.411,706.107,1019.679,19.691,14.487,644.44,754.859,128.67,1091.157,45.83,434.974,532.374,1020.501,210.764,87.696,20.7,52.29,28.153,55.591,2126.414,110.63,14.385,17.92,625.044,1250.898,392.375,124.474,4.896,174.71,87.127,1850.779,9.37,223.579,691.729,103.492,364.552
2024-01-19,10248.685,2059.383,3663.634,926.439,418.976,2050.567,289.785,490.243,95.205,153.798,8.832,73.432,38.427,111.949,33.03,32.58,107.407,1008.109,2498.998,293.901,181.221,879.014,1254.558,1221.803,445.18,258.446,4820.144,672.299,429.778,191.735,78.52,148.877,171.032,63.01,282.595,435.43,286.323,582.416,54.418,697.741,978.479,19.369,15.827,666.94,760.059,123.769,1178.673,45.86,427.73,521.53,995.62,223.193,85.219,20.28,51.92,28.373,55.538,2110.361,110.3,14.202,17.53,614.328,1205.467,369.718,122.974,4.996,181.11,91.049,1822.042,9.258,219.308,674.936,106.352,367.922
2024-01-26,10261.741,2088.668,3610.856,934.673,412.962,2070.565,294.826,502.218,96.691,159.195,9.041,75.018,41.565,116.049,35.74,35.31,113.718,1040.876,2433.681,301.611,160.218,858.665,1291.57,1245.784,452.992,263.583,4830.271,687.295,426.776,188.255,75.22,151.617,169.149,63.95,273.775,432.736,286.691,568.031,54.239,657.28,928.777,19.829,16.037,667.3,764.459,122.811,1163.697,46.5,391.783,553.675,1000.754,230.711,86.045,20.73,54.47,29.653,56.641,2180.594,111.92,14.739,18.46,638.057,1272.859,374.388,121.504,5.116,184.33,93.137,1900.327,9.958,235.76,657.286,109.592,373.819
2024-02-02,10029.202,1989.016,3389.877,943.769,399.253,2056.021,287.117,501.996,96.526,155.74,9.124,75.244,40.845,113.749,34.82,34.89,110.702,988.605,2177.709,284.721,123.197,777.271,1073.687,1180.491,370.23,266.358,5008.864,692.557,414.509,169.395,69.34,150.818,149.796,59.17,266.575,373.276,267.371,519.625,43.92,570.21,857.166,19.369,15.547,656.14,710.859,109.108,1088.349,42.13,344.861,528.631,833.301,198.104,84.04,20.445,55.69,29.703,56.904,2047.904,112.4,14.69,18.25,616.241,1280.826,346.365,110.164,5.066,170.13,90.214,1829.969,9.79,227.218,651.117,110.072,338.435
2024-02-09,10648.256,2124.614,3580.237,1011.451,425.293,2129.951,307.28,506.321,103.659,160.283,9.114,76.344,40.142,119.109,36.89,37.48,115.667,1052.578,2526.067,314.671,130.018,873.627,1225.212,1245.986,388.296,274.008,5058.576,732.546,471.342,183.565,75.88,155.554,162.663,72.36,296.887,399.061,285.403,559.996,46.162,611.184,965.399,20.427,17.327,702.4,775.259,118.95,1176.801,44.0,390.686,575.75,900.44,212.298,88.05,21.15,56.74,29.843,57.534,2219.221,116.15,14.861,19.0,657.576,1384.39,377.171,120.574,5.176,181.99,95.365,1886.453,9.888,236.709,693.442,109.392,370.73
2024-02-23,10693.785,2237.312,3889.246,1047.059,436.347,2178.43,337.822,518.85,109.412,166.302,9.448,78.965,43.657,121.689,37.9,38.24,116.92,1088.465,2556.666,307.501,131.1,897.567,1237.458,1251.83,396.841,271.496,5240.851,730.968,438.717,185.075,76.66,157.381,174.066,79.28,292.675,411.954,288.439,558.505,48.787,626.549,907.195,20.887,19.797,719.32,795.659,119.058,1229.966,44.98,409.619,611.638,960.075,244.368,93.239,22.65,58.52,32.303,59.372,2296.477,117.26,15.288,21.01,649.156,1355.323,386.71,125.974,5.256,188.25,95.365,1900.327,10.406,237.183,703.21,112.872,392.073
2024-03-01,10530.411,2249.525,4026.629,1062.32,434.096,2134.799,329.742,512.641,106.347,162.38,9.302,78.059,42.268,119.529,36.14,36.64,115.992,1109.53,2564.316,307.461,134.487,893.377,1265.921,1267.549,390.168,289.683,5414.841,744.385,445.699,194.575,81.1,157.837,175.217,92.96,299.965,425.808,292.763,573.215,49.373,682.888,945.78,21.485,21.647,738.94,837.259,128.197,1372.659,48.51,430.364,692.192,1037.878,294.775,91.588,22.275,57.05,31.483,58.164,2324.32,114.77,15.312,20.65,649.156,1423.146,390.288,122.074,5.146,186.39,94.506,1869.607,10.168,230.54,699.611,110.122,462.561
2024-03-08,10453.704,2191.65,3825.39,1062.32,426.906,2137.223,320.327,514.304,104.0,161.331,9.354,77.736,41.154,119.309,35.78,35.77,113.579,1075.203,2527.244,309.571,127.007,840.112,1272.374,1289.716,380.565,295.796,5503.217,753.593,470.625,190.485,79.09,157.951,174.484,95.76,288.175,424.461,295.707,649.873,51.182,652.329,920.275,21.209,26.497,707.44,878.859,128.035,1418.148,47.4,407.534,669.472,990.091,302.37,90.408,24.735,58.42,33.183,59.617,2285.441,114.86,15.532,22.21,649.921,1489.892,381.642,119.944,5.176,175.83,94.344,1799.249,10.14,221.998,715.548,116.692,457.506
2024-03-15,10712.919,2386.927,4263.925,1126.467,441.219,2168.734,334.264,506.764,110.343,159.428,9.166,77.445,40.776,118.509,33.81,35.34,113.904,1083.004,2835.587,311.761,125.761,864.051,1322.295,1287.096,386.424,287.996,5305.292,730.705,471.016,211.865,82.45,155.84,196.663,99.11,329.575,422.152,290.371,677.867,50.417,711.229,927.142,21.163,24.707,695.38,855.259,127.873,1358.057,46.67,439.474,667.794,992.46,285.952,92.649,26.34,55.98,30.363,57.656,2313.283,113.93,15.178,25.18,643.415,1425.945,381.444,124.834,5.156,191.79,99.681,1827.987,10.014,232.28,703.553,110.292,440.937
2024-03-22,10622.087,2399.974,4174.083,1104.783,434.063,2158.433,325.591,505.101,110.65,159.506,9.208,77.056,40.039,114.669,33.53,35.09,112.187,1074.422,2764.974,306.581,117.764,822.756,1324.115,1270.168,373.892,282.746,5242.692,716.761,445.764,219.345,79.39,157.095,206.915,101.36,339.493,396.752,281.171,673.007,47.003,700.302,1060.226,20.611,26.057,685.84,838.059,134.556,1467.944,45.6,444.743,672.957,1023.66,291.552,96.541,25.485,56.61,31.033,58.182,2286.946,110.27,15.068,24.4,649.156,1370.179,377.171,122.044,5.106,181.71,97.918,1807.177,9.958,227.218,769.526,113.582,425.211
2024-03-29,10630.81,2401.084,4203.292,1097.152,422.437,2112.984,322.477,480.596,109.848,163.389,9.239,75.471,39.868,115.169,33.87,35.19,106.154,1022.932,2767.328,298.751,113.695,794.627,1294.383,1273.796,365.673,288.746,5350.401,758.855,470.559,205.455,77.86,158.351,196.349,87.66,346.063,385.591,275.191,678.385,45.805,678.791,980.768,21.255,24.397,675.58,831.259,134.097,1435.605,43.66,409.016,642.491,932.43,308.355,94.064,27.63,57.76,30.743,58.042,2426.408,110.3,15.264,26.92,673.267,1366.519,366.836,117.124,5.166,183.93,97.593,1781.412,10.056,223.421,784.949,113.952,426.755
2024-04-05,10699.525,2416.212,4364.041,1134.226,430.266,2099.046,316.102,485.032,106.818,163.506,9.292,74.273,40.811,114.549,34.48,35.58,105.969,1016.691,2696.127,298.611,116.353,804.203,1305.305,1282.864,367.951,298.158,5447.982,795.687,464.687,210.555,80.92,159.949,203.881,87.07,359.545,392.134,279.515,685.384,47.054,701.156,959.514,22.544,23.547,668.74,806.459,132.153,1398.539,44.24,407.589,628.807,919.397,281.118,97.838,28.665,58.26,31.383,57.184,2479.082,110.33,15.3,28.18,682.836,1372.117,360.178,113.944,5.236,182.09,98.683,1701.145,10.0,217.727,821.106,112.742,415.944
2024-04-12,10243.226,2220.379,3926.714,1075.684,408.325,2032.388,298.385,487.471,99.249,163.079,9.281,74.532,40.776,109.109,32.98,33.22,100.308,961.299,2656.701,287.931,105.957,764.703,1228.522,1269.765,365.917,291.258,5246.375,799.897,461.62,212.995,85.63,158.065,208.379,90.46,342.877,367.311,260.839,629.656,42.034,636.622,928.777,22.037,23.887,653.26,798.859,129.534,1362.597,40.33,419.882,607.378,851.863,269.61,98.782,29.985,58.4,31.593,58.899,2509.433,111.11,15.386,28.84,713.071,1310.754,347.558,110.794,5.176,165.05,95.713,1593.131,9.734,203.965,768.327,109.242,412.293
2024-04-19,10314.192,2253.828,4023.808,1070.424,415.045,2098.44,306.02,495.344,102.126,168.903,9.521,76.765,42.68,112.389,35.13,34.78,101.189,979.243,2514.886,288.681,104.334,755.127,1280.648,1392.896,375.52,310.421,5408.397,858.565,485.893,212.525,86.47,159.264,198.755,96.14,347.215,365.194,258.263,622.398,38.951,607.77,882.017,22.083,23.677,674.5,767.259,127.212,1402.283,41.38,421.199,589.305,843.57,254.265,99.136,30.345,60.56,32.883,59.915,2520.469,113.15,16.142,30.4,718.046,1361.782,368.625,111.124,5.306,157.79,97.686,1553.493,10.224,207.128,790.604,114.952,427.317
2024-04-26,10667.559,2383.596,4240.155,1128.234,430.635,2119.65,318.252,496.674,104.696,172.243,9.365,77.574,42.097,116.609,36.24,36.24,105.969,1043.996,2746.144,306.091,106.028,784.453,1278.773,1365.086,381.216,304.308,5367.892,848.305,470.951,221.765,88.3,159.093,193.943,95.45,361.039,368.465,245.843,649.031,38.212,629.793,960.495,22.682,26.037,688.36,769.659,131.802,1473.326,42.06,446.499,586.077,890.962,266.925,97.956,29.805,58.22,30.713,59.162,2565.995,111.77,15.813,29.8,729.145,1324.964,382.437,116.944,5.336,161.61,100.47,1570.339,10.21,215.67,807.054,111.852,437.286
2024-05-03,10642.628,2358.337,4233.709,1171.43,413.768,2156.009,321.365,496.009,108.186,171.582,9.396,78.933,43.811,116.269,36.67,37.35,105.273,1038.535,2778.509,321.881,107.792,800.612,1342.483,1403.778,376.577,309.596,5609.085,898.554,475.127,220.895,87.94,157.152,174.589,91.81,377.482,360.384,246.027,675.469,37.524,641.402,973.901,22.636,26.127,692.68,794.859,138.403,1498.317,41.91,446.773,595.888,855.418,293.087,93.829,28.815,58.5,30.183,59.547,2625.191,112.4,15.642,28.9,739.479,1329.486,389.791,116.674,5.236,162.89,100.795,1623.85,10.224,219.941,793.003,110.862,436.304
2024-05-10,10833.86,2413.853,4250.63,1205.96,418.775,2116.014,318.326,493.348,113.539,176.669,9.365,79.645,46.332,119.409,38.52,38.32,105.505,1043.216,2797.339,322.011,110.567,796.423,1345.848,1370.668,394.074,317.471,5710.349,928.283,475.779,230.195,87.34,155.726,175.217,85.28,379.102,368.465,254.215,697.177,38.595,675.206,983.711,22.728,25.547,693.76,774.459,141.103,1399.803,42.99,467.298,578.332,874.375,274.443,95.244,29.76,59.64,30.613,59.005,2653.284,116.21,15.739,29.56,780.813,1409.15,403.305,121.144,5.296,161.15,99.287,1638.715,10.392,232.754,855.892,109.592,426.755
2024-05-17,10698.906,2441.333,4309.249,1177.724,422.605,2125.71,312.025,482.038,112.996,181.445,9.438,81.684,48.835,123.949,39.82,39.66,106.108,1040.095,2695.538,326.291,110.685,800.014,1341.711,1406.539,409.129,314.205,5621.052,933.282,467.558,221.985,92.17,155.212,169.672,88.84,378.202,368.465,247.867,663.092,37.397,660.182,1053.686,22.866,27.327,703.12,775.659,135.46,1367.277,42.3,469.384,571.102,881.088,279.354,97.367,30.57,58.56,30.053,59.53,2649.271,119.66,15.727,28.03,767.8,1360.06,404.2,123.574,5.396,166.07,97.894,1781.412,10.924,256.165,862.746,106.362,431.81
2024-05-24,10485.501,2368.329,4137.018,1127.587,415.28,2172.37,297.273,480.486,109.565,173.252,9.407,82.298,47.789,121.329,39.78,38.63,103.324,997.967,2559.608,319.391,105.628,762.907,1304.202,1378.527,402.456,308.918,5521.629,893.292,457.64,211.695,87.43,153.329,171.691,84.77,374.566,371.159,255.779,661.213,39.614,649.577,1049.435,22.037,25.777,697.54,760.847,127.59,1348.557,41.03,445.95,553.158,841.2,270.147,94.418,29.13,59.98,31.023,60.44,2615.409,116.75,15.593,26.5,759.381,1325.18,387.903,123.634,5.276,160.41,96.363,1780.421,10.7,246.991,868.915,106.252,410.046
2024-05-31,10324.378,2306.568,4007.089,1081.029,407.922,2137.829,295.716,478.268,103.081,171.466,9.396,82.298,46.966,119.689,39.65,38.04,103.463,988.605,2554.9,308.931,104.123,753.93,1285.999,1357.569,394.806,301.943,5478.362,879.612,454.795,231.415,87.25,152.644,168.448,89.59,368.77,367.888,258.079,645.272,41.191,687.648,1058.591,21.347,24.537,699.88,746.047,128.184,1378.275,44.85,470.701,558.322,834.091,258.562,91.942,28.515,61.0,31.683,60.983,2586.312,115.49,15.581,26.98,734.503,1305.583,398.734,120.244,5.206,155.09,94.089,1707.091,10.602,240.663,853.493,108.392,412.293
2024-06-07,10159.653,2246.055,3832.44,1064.174,400.832,2134.799,293.195,473.278,105.286,170.34,9.49,81.134,45.097,117.789,39.18,37.68,102.349,969.101,2542.543,318.561,104.781,743.13,1294.825,1382.356,390.493,303.443,5515.185,908.025,450.815,237.895,84.37,152.872,163.427,87.33,360.562,332.289,246.763,638.339,38.362,723.671,1071.998,21.623,26.157,709.06,736.447,136.432,1495.462,47.21,472.622,549.415,807.235,249.892,93.947,29.04,62.82,32.363,63.959,2597.349,116.36,15.691,27.19,734.121,1228.717,414.534,123.274,5.386,158.29,92.812,1699.163,10.574,243.827,865.831,111.377,409.906
2024-06-14,9798.463,2153.621,3627.374,1052.879,400.328,2141.465,296.754,482.26,102.904,169.641,9.469,80.907,43.691,117.289,39.5,38.1,103.509,983.144,2527.832,317.891,107.862,734.751,1273.974,1356.36,376.74,305.13,5499.535,908.815,460.342,255.445,84.46,153.957,165.833,88.45,345.604,331.904,247.6,614.313,38.107,710.184,1142.3,21.301,28.857,705.64,752.047,139.605,1516.101,46.49,512.135,573.813,817.101,260.94,92.885,28.335,63.02,33.033,63.241,2559.223,114.92,15.698,26.8,715.367,1247.88,413.938,119.764,5.276,154.95,90.91,1676.371,10.504,237.183,817.164,111.357,424.368
2024-06-21,9499.494,2077.564,3508.323,976.101,380.773,2057.233,289.859,465.849,97.87,169.214,9.48,80.551,42.457,116.889,39.34,38.1,102.628,951.938,2418.382,309.771,100.312,683.88,1221.572,1330.968,364.94,298.905,5387.224,870.141,439.331,253.065,88.18,152.53,170.54,100.31,346.09,307.659,247.14,622.544,34.489,727.427,1252.495,21.347,30.097,686.2,725.647,141.508,1550.312,48.75,533.209,565.164,766.154,269.456,92.885,28.68,62.78,32.963,63.994,2479.709,117.11,15.43,26.95,733.715,1171.66,409.765,117.394,5.346,145.71,89.332,1602.05,10.392,228.325,797.972,112.927,426.334
2024-06-28,9479.178,2047.586,3375.373,949.718,381.277,2060.869,290.749,460.86,97.351,171.117,9.678,81.425,42.32,116.269,38.73,37.74,101.653,844.276,2325.408,309.701,99.583,655.153,1189.413,1322.705,347.118,300.968,5342.115,849.094,435.416,252.645,86.14,151.446,164.682,91.78,336.856,279.95,230.488,573.064,31.253,700.282,1304.487,21.531,29.027,669.28,708.847,135.393,1502.482,46.1,539.356,568.004,744.038,259.252,92.531,29.055,63.04,32.738,65.027,2418.507,117.08,15.515,27.46,755.148,1162.617,407.678,116.764,5.628,141.37,88.288,1576.285,10.534,217.568,792.66,117.877,426.475
2024-07-05,9398.194,2060.216,3252.092,893.633,373.448,2037.236,285.115,456.757,91.715,169.913,9.814,80.033,41.994,115.789,38.81,36.67,99.704,816.97,2417.793,304.721,96.831,652.759,1163.653,1324.318,349.722,299.093,5202.187,803.317,420.604,244.425,81.4,150.076,167.402,87.56,332.518,270.136,217.332,563.746,29.444,658.113,1285.521,21.393,28.707,649.84,682.047,133.111,1480.112,46.64,518.611,546.693,709.679,266.618,94.418,30.66,63.77,33.018,65.727,2424.527,118.82,15.942,29.23,729.122,1148.191,408.175,112.954,5.728,147.85,89.842,1571.33,10.604,218.201,796.43,118.377,419.735
2024-07-12,9543.503,2103.518,3242.221,909.67,379.295,2040.266,292.009,459.751,94.545,178.036,10.075,82.396,43.125,118.909,39.58,38.65,102.256,828.672,2502.51,299.791,98.665,682.683,1197.301,1335.603,338.004,302.843,5309.895,825.679,425.628,265.015,89.29,153.386,182.676,82.68,336.442,283.028,214.48,573.787,29.47,666.99,1366.907,22.498,28.887,653.44,692.047,148.231,1546.755,48.64,548.85,513.904,706.914,269.303,92.531,30.42,62.14,31.898,66.708,2480.211,120.59,15.869,28.697,747.493,1113.096,410.56,114.814,5.758,151.89,93.787,1578.267,10.674,221.681,783.064,118.287,435.601
2024-07-19,9806.882,2187.07,3445.675,938.941,390.752,2094.804,304.093,465.517,96.985,179.007,10.218,83.205,43.794,119.609,41.59,39.15,107.036,855.198,2559.001,304.041,100.547,683.88,1321.191,1367.645,356.233,297.593,5344.877,813.314,425.563,266.455,89.23,157.209,185.186,75.96,353.794,290.341,223.128,665.964,29.495,701.647,1341.729,21.439,26.287,658.3,695.247,151.228,1670.447,51.2,541.441,522.166,737.324,273.523,93.121,29.61,62.9,32.368,69.369,2460.646,121.07,16.028,27.647,751.32,1158.957,435.005,118.534,5.978,156.05,96.386,1589.167,10.73,224.37,831.73,123.577,438.031
2024-07-26,9224.803,2086.863,3100.206,845.566,381.68,2014.814,289.711,456.979,90.465,171.707,10.239,81.134,41.891,118.7,39.86,37.71,106.433,841.155,2490.741,286.741,100.406,655.153,1204.417,1335.804,335.156,294.743,5398.271,823.048,437.765,257.345,82.75,154.698,182.466,74.68,353.632,285.53,218.528,648.325,29.75,693.111,1268.81,20.427,25.127,644.8,671.647,141.549,1562.573,49.75,477.835,513.904,734.954,264.853,89.111,26.475,61.73,30.728,68.616,2379.628,118.07,15.747,24.227,735.629,1055.823,443.551,114.574,6.098,150.63,95.133,1567.366,10.786,220.099,783.064,116.377,421.462
2024-08-02,9018.038,2052.166,2969.673,822.502,379.631,1976.031,292.083,451.213,92.517,171.357,10.186,81.231,41.805,120.16,40.71,38.85,106.201,861.439,2555.47,279.141,108.332,700.638,1196.749,1310.211,331.493,295.305,5473.759,797.003,429.543,240.273,78.91,155.383,167.716,76.91,331.564,287.069,218.896,613.498,29.368,652.479,1244.94,20.519,23.957,623.74,678.847,134.907,1585.88,48.42,470.426,516.615,750.357,256.414,88.168,26.64,60.04,30.338,68.774,2246.437,115.91,15.601,24.077,722.616,1034.292,433.614,112.924,6.068,149.59,93.393,1564.393,10.842,216.562,803.113,116.967,416.969
2024-08-09,9307.024,2112.956,3086.508,893.633,380.202,1960.882,298.31,457.201,93.743,171.551,10.228,80.745,41.016,117.74,39.22,36.48,104.716,836.474,2570.181,278.571,105.016,676.698,1200.942,1360.39,335.644,285.968,5441.538,771.22,424.845,237.113,77.08,151.446,161.858,76.66,318.802,279.18,226.44,643.35,29.979,649.918,1216.819,19.875,22.417,602.5,639.247,125.673,1510.719,48.49,443.316,478.274,716.787,234.164,89.229,25.86,59.98,29.578,67.548,2286.82,117.17,15.149,23.597,713.431,1024.819,412.746,114.424,5.938,146.05,92.627,1601.059,10.814,220.675,787.519,112.377,405.735
2024-08-16,9275.509,2070.347,3007.946,851.817,373.079,1951.186,293.937,450.104,89.699,174.736,10.458,81.878,39.525,119.74,39.72,37.8,105.69,845.056,2611.372,272.761,102.005,674.903,1191.233,1367.645,331.493,290.618,5507.82,760.876,428.891,240.603,77.23,149.081,162.485,82.5,325.318,277.448,231.132,631.681,29.342,648.723,1240.035,20.197,23.267,608.62,647.647,124.887,1488.208,49.46,447.596,459.684,694.276,234.087,89.347,26.655,61.46,31.218,67.688,2163.913,113.93,14.844,24.707,708.838,968.623,406.684,113.584,5.988,143.37,92.673,1563.402,10.996,214.822,781.693,115.237,408.965
2024-08-23,9184.283,2016.219,2974.912,825.865,368.946,1900.283,292.232,454.318,82.354,176.871,10.792,83.819,41.548,123.22,40.59,39.18,105.69,823.991,2640.794,264.461,95.584,633.607,1180.477,1378.124,325.227,304.568,5601.72,773.768,447.553,244.833,77.65,148.624,149.618,80.98,340.042,261.669,223.22,628.153,26.157,572.921,1267.829,20.473,22.667,590.8,614.847,123.578,1420.816,47.13,411.705,452.842,666.631,223.269,86.752,26.94,61.21,30.618,68.196,2160.151,111.11,14.698,24.677,734.098,917.163,404.796,113.404,5.938,138.29,90.422,1524.755,11.038,210.551,706.294,115.937,385.656
2024-08-30,9342.986,2042.867,2996.466,821.77,385.107,1866.348,309.504,454.761,84.005,170.852,10.291,81.198,40.245,124.58,41.53,40.5,108.776,862.999,2670.805,269.591,99.559,618.047,1197.246,1381.348,322.379,301.905,5601.143,773.768,433.458,254.913,79.72,146.113,150.664,77.18,344.614,279.18,229.568,708.48,27.915,590.677,1317.859,20.473,22.677,593.86,639.247,123.645,1498.598,48.24,411.815,458.781,691.512,228.64,88.639,26.85,61.48,31.628,67.268,2221.354,109.07,14.673,24.887,740.604,990.369,418.807,118.744,5.688,138.41,90.608,1559.438,10.646,213.873,706.294,115.367,391.975
2024-09-06,9088.667,1966.532,2821.616,766.417,363.973,1843.926,298.31,458.309,80.951,167.358,9.936,80.81,38.942,123.02,42.88,41.12,107.709,844.276,2686.693,260.891,98.665,594.706,1163.488,1364.017,314.485,295.418,5625.079,782.186,435.807,257.093,80.05,144.515,150.245,76.34,347.512,273.792,230.488,696.268,28.502,579.75,1202.759,20.289,20.567,583.6,631.247,116.868,1404.155,45.08,387.119,453.746,682.428,218.973,88.757,24.99,58.97,29.768,66.778,2174.197,108.68,14.49,23.147,740.987,964.532,414.634,118.684,5.678,130.03,89.007,1530.701,10.128,207.071,698.412,114.656,381.584
2024-09-13,8560.389,1850.92,2624.607,706.969,354.968,1802.113,300.979,458.975,77.532,164.834,9.852,79.451,37.124,122.3,41.54,41.2,107.059,830.233,2708.465,254.521,101.064,595.903,1150.084,1311.823,292.676,297.255,5558.797,788.237,449.249,260.483,79.63,140.349,146.061,74.4,343.102,266.287,225.796,718.611,28.603,578.726,1243.632,19.507,21.457,564.34,631.247,115.329,1380.381,42.4,372.959,451.422,678.084,219.28,83.332,24.87,58.78,29.238,65.377,2180.97,106.55,14.21,22.007,708.455,989.938,411.454,118.054,5.528,126.07,85.41,1515.837,9.778,203.75,686.588,113.006,373.862
2024-09-20,8334.096,1865.91,2635.686,724.342,357.757,1826.959,301.498,465.738,81.741,166.154,9.967,80.357,38.462,124.82,42.17,42.11,108.776,859.879,2587.246,250.731,102.852,620.441,1155.379,1303.762,295.605,306.818,5727.263,839.539,454.012,261.593,82.51,142.119,149.722,76.21,346.882,259.745,218.528,724.762,27.941,559.093,1225.648,20.105,21.067,569.02,656.563,115.478,1382.253,43.86,372.905,462.653,703.36,228.563,86.517,26.67,59.43,30.458,65.115,2301.369,105.92,14.246,24.737,730.27,1006.732,392.772,122.374,5.588,125.01,85.897,1572.321,9.974,212.766,661.227,114.156,382.567
2024-09-27,10389.806,2385.817,3335.086,917.3,416.187,2167.523,359.913,489.245,97.893,184.366,10.322,87.12,45.817,140.32,47.66,47.12,134.019,1340.457,2938.546,287.881,119.363,831.107,1342.869,1429.915,347.362,332.843,6033.818,915.045,468.89,289.483,92.89,151.877,166.67,82.86,421.06,320.551,245.668,782.655,34.107,712.744,1352.52,21.807,25.207,647.32,737.363,133.743,1568.891,49.99,455.828,536.366,867.653,269.687,99.136,29.115,62.74,33.668,66.585,2545.678,118.91,15.354,27.527,805.667,1227.21,431.13,137.734,5.868,156.75,96.804,1765.557,11.22,244.086,785.12,117.046,445.753
2024-10-04,11058.385,2590.81,3609.246,1003.088,443.269,2256.602,392.309,504.99,106.288,192.054,10.5,90.129,49.59,150.7,50.99,51.12,145.481,1604.15,3151.562,315.851,130.558,989.706,1472.496,1521.205,378.449,344.318,6359.704,968.978,490.357,312.803,101.17,157.926,179.851,91.08,466.204,351.34,264.712,912.734,37.241,851.543,1449.962,23.28,27.397,694.12,786.563,146.15,1721.834,59.99,499.568,588.52,949.799,298.611,105.622,30.06,64.53,34.548,68.441,2693.919,124.73,16.0,28.517,846.236,1402.688,473.363,144.634,6.298,170.79,103.116,1852.761,11.752,259.905,839.098,122.456,480.716
2024-10-11,10253.558,2412.326,3441.648,918.895,401.0,2152.373,376.371,479.599,97.209,195.238,10.594,89.256,47.343,151.6,49.13,49.82,149.982,1647.059,3027.989,307.291,128.418,891.554,1362.948,1448.859,344.433,346.98,6419.542,950.562,476.459,305.543,96.94,152.448,162.171,92.86,448.024,325.17,244.472,887.587,35.61,806.301,1408.762,21.991,26.797,646.24,734.163,152.562,1720.991,69.48,475.585,568.768,969.941,283.266,103.146,28.71,63.53,32.368,66.97,2460.144,120.92,15.793,26.567,809.112,1313.98,459.848,134.884,5.978,159.65,95.806,1791.322,11.57,247.566,770.04,121.326,462.322
2024-10-18,9893.437,2320.031,3317.964,882.985,395.49,2094.804,354.65,479.931,94.675,197.646,10.646,91.197,50.43,152.723,49.89,50.79,148.775,1810.892,3044.466,292.051,125.525,935.244,1318.323,1432.334,343.293,340.38,6300.787,942.143,460.603,305.793,91.18,149.252,162.904,91.48,462.604,329.98,242.632,866.781,37.649,795.887,1482.334,21.853,28.287,632.56,754.563,150.2,1886.476,90.14,496.11,606.464,1156.35,313.188,104.679,29.295,62.91,32.128,65.605,2365.33,121.73,15.537,26.417,812.556,1317.64,477.834,137.254,5.948,152.43,94.715,1818.077,11.892,251.047,768.498,119.856,476.925
2024-10-25,9993.893,2390.952,3345.763,900.099,400.093,2111.772,363.842,476.937,95.653,197.84,10.437,89.709,51.03,153.763,50.55,51.08,146.873,1791.388,2898.532,302.761,132.064,934.047,1365.154,1448.657,358.023,341.355,6272.249,933.987,457.471,313.633,93.7,150.622,166.461,97.04,478.786,407.143,309.24,874.109,48.325,862.811,1446.365,22.82,27.867,670.0,755.763,152.333,1826.853,93.7,503.848,601.946,1088.422,311.654,109.514,28.695,61.86,32.077,64.047,2352.789,122.66,15.573,26.177,791.506,1306.875,477.834,139.894,5.868,154.37,95.922,1795.285,11.906,254.843,784.092,114.686,484.227
2024-11-01,9852.636,2388.315,3343.95,959.418,380.538,2209.941,363.101,480.153,92.906,193.607,10.469,86.958,49.247,150.663,48.57,49.67,148.961,1814.793,2872.64,289.101,127.712,886.168,1361.955,1449.06,369.009,330.03,5952.806,896.366,460.211,295.803,88.72,147.997,165.31,114.59,455.962,379.241,328.192,809.793,48.962,819.276,1408.435,23.234,25.887,655.06,738.963,143.072,1822.547,84.81,488.207,592.909,1066.7,315.49,107.627,28.725,62.0,32.247,64.817,2322.438,126.71,15.683,26.207,840.878,1255.2,463.624,145.684,5.798,153.03,94.994,1792.313,11.71,258.481,799.514,116.156,458.952
2024-11-08,10281.585,2506.981,3635.434,1034.169,418.607,2320.837,396.905,486.695,100.617,196.675,10.427,88.285,50.378,156.603,49.98,56.07,181.118,2223.596,2986.798,308.711,139.402,999.282,1456.831,1513.346,387.645,331.268,6020.009,890.052,457.014,303.393,91.93,151.078,172.11,134.88,476.302,383.475,331.504,802.104,48.962,897.468,1346.634,24.016,28.187,681.7,789.363,152.171,2104.517,100.3,538.587,637.059,1296.947,376.945,110.576,28.485,61.12,31.277,64.187,2449.108,127.67,15.866,26.717,831.693,1404.41,616.061,148.636,5.928,167.99,98.73,1831.951,11.92,262.278,814.765,115.566,503.604
2024-11-15,9994.737,2435.087,3496.44,994.164,410.543,2269.934,377.038,480.929,100.393,192.869,10.364,86.182,48.801,149.963,46.95,52.0,163.717,2019.975,2880.879,295.181,131.758,940.63,1402.167,1479.692,373.973,330.03,5915.983,901.628,456.166,295.493,96.34,172.992,178.177,132.16,490.81,369.812,298.936,787.54,44.503,860.421,1313.935,23.004,26.127,678.1,805.763,146.73,1987.19,94.91,506.263,699.928,1224.279,357.764,107.745,26.28,61.07,30.607,63.276,2334.478,123.32,15.561,24.797,821.359,1315.057,510.528,142.636,5.918,157.83,98.173,1752.674,11.57,245.352,767.641,117.786,505.85
2024-11-22,9706.708,2346.262,3339.115,919.067,393.911,2216.001,357.912,473.278,96.243,187.55,10.364,85.373,46.64,144.423,45.74,49.09,160.005,2041.039,2914.42,287.811,124.137,892.153,1354.784,1462.361,361.929,323.055,5748.437,883.475,440.049,283.983,88.24,177.044,170.645,124.65,479.182,354.996,293.784,738.331,43.866,842.666,1259.982,22.221,25.047,653.26,754.963,135.782,1986.488,88.77,477.671,646.354,1190.315,346.256,104.797,26.49,60.73,30.487,63.556,2256.721,122.24,15.537,24.377,785.0,1312.042,500.094,137.356,5.788,151.19,94.762,1723.937,11.43,239.341,747.421,116.156,477.908
2024-11-29,9807.558,2372.354,3388.267,937.561,398.111,2226.909,369.847,476.383,99.956,187.123,10.469,86.182,47.824,144.863,45.79,49.42,161.954,2147.141,3056.823,284.991,125.337,916.092,1338.843,1471.288,371.939,322.08,5820.242,868.479,449.641,280.323,88.78,174.761,168.657,122.25,483.034,369.428,307.216,747.196,47.051,849.836,1293.662,22.498,24.397,654.34,750.963,134.594,1954.43,90.1,485.354,677.207,1258.244,346.946,103.617,26.4,60.89,30.427,63.661,2266.754,123.29,15.61,24.257,792.655,1356.396,500.988,137.536,5.988,155.49,94.971,1741.774,11.472,247.408,743.48,119.136,480.857
2024-12-06,9780.938,2367.774,3377.792,921.697,397.875,2266.904,380.077,487.249,100.97,192.403,10.646,87.605,48.235,148.603,47.59,51.08,164.228,2192.39,2988.564,287.311,137.285,920.88,1299.955,1477.737,370.718,332.28,5837.733,892.42,460.472,285.773,91.42,175.789,170.436,139.05,492.592,356.92,293.968,741.859,44.299,857.006,1343.691,22.544,24.807,664.42,772.563,135.552,1907.208,88.93,486.451,683.791,1275.226,347.253,105.15,26.385,63.27,31.867,65.167,2250.199,123.86,15.976,24.677,770.074,1396.659,490.852,135.616,6.508,157.51,96.386,1749.702,11.584,245.985,737.996,119.976,482.823
2024-12-13,9769.627,2389.981,3369.331,919.24,391.995,2267.51,384.97,487.693,107.054,190.85,10.719,86.505,47.241,145.843,46.33,49.47,160.422,2080.827,2815.562,283.671,140.296,899.335,1285.834,1489.425,373.078,336.593,5904.936,870.32,450.293,282.003,90.49,181.381,172.424,131.151,493.456,340.949,276.12,703.685,42.082,819.447,1355.789,22.774,23.557,667.48,764.563,134.621,1817.774,82.99,524.867,672.818,1236.127,331.295,104.207,26.205,63.53,31.687,66.112,2278.292,124.64,15.768,24.077,757.444,1360.702,492.045,138.496,6.418,158.99,96.873,1722.946,11.43,241.081,736.797,121.546,472.292
2024-12-20,9920.912,2322.945,3218.855,889.322,395.591,2264.48,381.041,493.237,105.816,193.219,10.866,87.702,45.817,143.603,44.89,48.75,161.165,2057.423,2795.555,274.761,138.626,878.986,1269.285,1524.893,383.739,336.593,5928.871,864.006,452.12,285.693,90.49,178.243,169.18,132.091,485.68,327.864,263.148,682.156,39.917,818.764,1378.679,22.912,24.227,668.74,768.963,142.109,1947.503,94.28,635.835,682.887,1230.993,375.794,103.853,25.38,62.27,30.717,66.953,2251.704,118.7,15.805,22.967,740.604,1338.095,506.95,134.626,6.318,155.23,94.042,1664.48,11.374,233.172,712.635,124.156,568.194
2024-12-27,9960.138,2313.369,3203.345,869.017,392.298,2322.049,381.634,495.455,107.938,198.772,11.273,90.388,46.692,144.903,45.99,49.84,160.608,2091.75,2786.728,282.731,136.274,861.63,1260.184,1522.878,376.333,341.918,6094.576,871.11,458.841,291.773,89.44,187.488,168.971,136.071,484.402,324.207,257.536,696.539,38.592,821.667,1380.968,22.682,24.817,671.98,765.763,144.391,1938.611,97.51,629.03,659.78,1208.087,390.141,103.263,25.8,63.12,29.867,67.671,2234.146,118.4,16.122,22.877,760.123,1336.803,510.627,135.826,6.488,154.15,95.736,1637.724,11.556,229.85,720.003,127.356,606.106
2025-01-03,9656.407,2214.55,3005.732,826.813,384.771,2270.54,363.62,492.461,105.981,196.131,11.054,88.997,46.126,138.963,43.54,46.64,145.527,1803.871,2684.339,268.161,130.582,785.024,1186.545,1483.782,357.535,339.18,6157.176,849.273,462.625,276.223,85.99,177.215,157.568,125.971,476.536,302.078,250.544,643.621,36.018,766.352,1311.646,22.037,22.757,631.84,694.963,134.671,1764.515,88.31,580.406,588.907,1048.138,332.215,101.966,26.205,63.0,30.607,66.603,2161.405,116.6,15.927,22.727,720.702,1262.521,469.686,132.226,6.218,142.05,90.77,1583.221,11.192,220.517,699.177,126.836,543.903
2025-01-10,9436.924,2120.173,2876.81,798.318,373.146,2223.879,346.57,485.143,101.418,197.374,11.162,91.133,48.578,136.263,43.09,44.98,143.161,1727.415,2584.892,255.501,132.91,758.691,1180.477,1457.383,339.143,345.48,6217.934,870.584,461.777,271.513,84.04,175.047,154.011,129.161,455.602,291.687,239.136,655.561,34.566,751.157,1276.658,22.037,21.957,613.3,672.163,137.438,1804.529,93.18,675.897,593.167,1029.971,339.734,98.192,27.075,60.11,29.227,66.375,2056.307,117.5,15.524,23.297,714.579,1349.722,477.735,131.446,5.988,136.35,89.076,1552.502,10.8,219.41,679.985,122.056,572.828
2025-01-17,9542.445,2171.525,2984.782,829.227,378.791,2216.001,349.609,484.477,102.326,204.092,11.099,92.168,49.487,137.123,43.48,46.38,147.105,1849.12,2594.896,258.351,132.064,780.835,1187.924,1475.117,343.049,337.905,6181.111,848.221,456.231,282.093,86.59,170.31,157.778,136.061,465.502,305.157,254.5,690.84,36.732,787.522,1309.357,22.682,22.867,620.5,700.163,140.26,1827.602,102.7,754.321,633.573,1079.338,364.17,99.725,27.255,60.54,29.12,66.62,2124.282,120.14,15.585,23.897,713.813,1361.779,485.983,133.006,5.978,138.43,91.003,1546.556,10.982,222.415,688.382,121.856,622.815
2025-01-24,9436.924,2143.712,2934.986,819.14,380.269,2166.917,339.527,486.584,96.266,202.344,11.162,93.236,49.898,140.083,44.41,48.19,148.172,1899.83,2700.815,258.541,138.79,778.441,1161.778,1472.094,339.306,332.168,6039.341,847.958,451.076,284.573,84.49,171.109,155.999,133.791,484.124,301.309,245.208,682.608,35.05,746.889,1368.542,23.326,25.557,635.26,717.363,146.632,1784.686,97.85,730.777,657.972,1092.766,386.88,98.546,26.88,60.01,28.76,65.57,2108.48,119.63,15.854,24.287,743.666,1417.329,476.94,129.466,5.958,138.89,91.327,1621.869,10.926,218.619,691.637,121.776,645.983
2025-01-31,9431.24,2136.495,2948.684,811.553,381.243,2181.46,339.083,496.896,95.877,203.859,11.318,93.495,50.756,140.063,44.24,47.92,145.342,1810.112,2701.404,256.901,137.614,775.448,1170.052,1483.581,341.096,336.143,6078.926,853.746,455.187,279.993,84.88,172.365,155.476,133.781,477.608,300.154,242.908,664.155,34.464,744.499,1343.037,23.234,23.657,635.44,703.763,144.134,1773.407,93.94,713.764,669.074,1071.044,379.055,100.315,27.21,60.93,28.93,66.795,2122.275,121.01,16.086,24.137,739.839,1354.028,473.263,131.806,5.958,137.79,90.91,1609.977,10.996,217.037,697.292,123.726,604.702
2025-02-07,9436.924,2142.463,2947.677,820.131,379.496,2149.949,345.458,485.364,95.087,202.111,11.183,92.88,48.801,140.123,44.31,47.83,150.956,1914.653,2739.064,275.691,144.224,822.13,1189.303,1475.117,350.292,334.493,6008.041,832.962,446.509,332.393,87.79,177.444,165.833,133.631,485.312,325.747,263.884,684.96,37.751,796.399,1421.841,23.602,23.757,668.74,749.763,159.781,1916.522,102.53,775.01,715.806,1237.312,443.041,99.725,27.78,59.82,28.45,65.447,2129.299,118.19,16.012,24.287,764.716,1543.716,486.977,135.376,5.908,139.67,91.235,1624.841,10.856,219.093,690.609,120.896,645.843
2025-02-14,9656.407,2192.427,3035.505,889.667,381.882,2168.734,340.936,490.465,97.033,209.217,11.496,96.245,49.298,141.763,44.63,47.87,151.42,1909.973,2751.421,286.301,147.305,847.865,1209.436,1483.178,347.769,330.93,5996.074,830.331,447.748,361.543,87.7,179.041,166.565,123.161,500.486,317.665,252.2,641.902,35.407,779.839,1452.251,23.786,24.307,680.62,788.563,185.188,1964.819,99.08,713.325,719.421,1427.276,465.981,101.966,28.59,59.06,28.37,65.587,2170.686,117.8,15.829,24.377,791.889,1491.826,470.779,135.616,5.928,140.57,90.515,1663.489,10.856,220.201,705.86,125.406,601.332
2025-02-21,9730.75,2190.9,3019.792,903.203,382.789,2172.976,342.567,492.461,93.991,206.771,11.433,94.66,47.926,140.763,44.13,47.06,152.441,1920.115,2915.008,282.321,168.308,871.804,1181.525,1444.284,338.411,323.805,5753.96,811.652,450.032,388.493,85.81,173.163,163.531,123.611,510.998,324.207,244.012,622.273,34.438,805.106,1499.664,23.602,25.407,701.32,805.763,214.969,2185.341,103.98,772.211,732.588,1432.015,500.353,97.131,27.135,56.31,26.71,64.869,2110.988,114.32,15.72,23.147,800.309,1649.649,466.705,140.476,5.828,138.49,89.889,1644.661,10.646,215.139,693.694,127.256,652.864
2025-02-28,9801.547,2197.285,3168.455,948.123,377.749,2208.729,339.972,502.662,96.066,209.295,11.371,94.919,47.155,139.123,42.76,46.23,147.198,1832.737,2778.49,277.411,151.185,869.41,1181.194,1428.162,334.016,333.03,5707.011,813.757,454.339,367.313,84.94,168.313,159.347,122.501,490.748,334.983,248.704,653.3,35.152,818.081,1439.826,22.544,23.397,655.42,755.363,193.126,2102.318,97.79,738.076,683.533,1253.11,434.832,97.131,25.875,56.38,26.13,64.134,2129.299,116.09,16.171,22.337,820.211,1611.539,443.253,139.036,5.728,138.73,89.355,1657.543,10.772,223.048,681.527,119.676,586.167
2025-03-07,9915.284,2241.975,3268.168,955.84,379.328,2176.612,339.157,497.229,96.997,215.197,11.298,96.892,47.789,141.363,43.08,46.1,148.358,1846.78,2762.013,268.581,154.431,859.835,1159.13,1428.162,336.213,324.555,5799.989,822.702,452.642,361.893,85.48,168.027,160.811,135.531,484.376,347.299,251.74,624.715,33.903,861.275,1386.853,23.05,23.077,716.98,872.563,197.324,2185.247,96.88,753.717,690.891,1278.78,439.972,99.607,27.495,56.82,26.09,63.924,2124.533,118.58,16.683,23.987,883.743,1709.505,460.941,140.296,5.798,140.23,88.659,1635.742,10.674,224.63,691.98,121.346,566.93
2025-03-14,10517.512,2325.249,3513.925,1030.764,383.327,2297.809,343.53,498.67,101.395,221.371,11.245,98.187,49.761,145.303,44.87,46.88,150.631,1926.356,2812.619,274.921,157.724,897.539,1199.728,1440.052,344.27,328.605,5923.348,841.381,456.622,381.433,89.95,163.462,161.753,130.411,486.608,350.57,253.672,633.852,34.642,866.567,1369.523,22.958,23.467,713.2,858.563,190.264,2064.082,94.81,727.429,676.433,1298.132,435.292,104.443,29.07,58.1,27.38,64.257,2155.134,119.39,16.622,26.177,907.855,1645.342,459.451,146.176,5.918,144.55,89.309,1636.733,10.772,222.89,719.398,119.266,572.126
2025-03-21,10212.149,2239.199,3253.463,1005.545,377.514,2171.764,332.337,492.682,99.591,219.585,11.256,97.766,50.087,141.863,43.62,44.86,146.084,1835.857,2713.173,265.001,164.945,859.835,1189.413,1426.348,340.527,341.393,5973.059,846.643,450.815,377.493,89.29,161.864,159.242,125.371,475.808,341.718,245.944,623.449,35.381,888.761,1332.246,22.267,22.837,676.84,811.763,185.296,1969.031,91.2,692.965,641.448,1204.138,415.037,103.971,29.205,57.55,27.08,64.169,2093.931,121.07,16.696,25.337,873.41,1552.974,447.526,142.066,5.778,140.03,89.076,1618.896,10.73,220.359,720.769,119.406,536.32
2025-03-28,10276.643,2220.185,3286.096,1006.45,376.371,2205.094,339.008,501.996,104.142,213.838,11.381,97.443,50.704,142.283,44.03,45.1,144.738,1814.793,2934.427,262.581,166.85,844.873,1177.167,1451.942,340.689,347.355,6114.829,837.698,489.574,387.993,89.5,162.549,159.347,128.071,477.248,338.062,238.492,665.874,33.827,837.885,1376.39,22.083,22.187,670.36,780.163,181.786,1955.459,90.4,656.744,632.024,1188.735,391.33,105.386,30.09,58.76,27.05,64.957,2101.707,120.11,16.476,25.547,860.397,1532.305,442.06,139.996,5.878,139.61,89.378,1595.113,10.66,219.093,738.933,119.156,530.282
2025-04-04,10184.742,2203.114,3291.737,1010.502,375.699,2209.335,336.71,508.428,107.903,211.625,11.392,96.31,49.007,141.323,44.14,44.66,143.068,1771.884,3077.418,249.771,156.807,837.691,1171.21,1464.235,340.364,334.193,6121.273,812.441,491.858,363.003,85.3,162.72,158.928,125.591,452.552,316.703,225.98,619.83,31.177,800.155,1187.063,21.853,21.257,651.28,756.563,177.452,2068.154,88.09,649.829,637.188,1135.024,381.049,105.268,28.515,59.89,27.24,65.92,2052.294,118.79,16.391,24.107,854.656,1560.941,437.291,144.136,5.968,137.59,89.1,1597.095,10.534,218.144,736.362,121.746,531.406
2025-04-11,10185.305,2197.562,3243.189,1022.745,366.762,2267.51,346.866,509.315,107.797,207.198,11.298,94.919,46.126,137.063,42.03,43.08,138.056,1625.995,2920.893,239.401,129.947,814.35,1183.787,1462.623,339.062,323.43,6098.259,782.712,476.785,360.473,80.23,160.951,152.965,128.221,418.208,298.23,213.928,533.986,28.578,724.866,1081.119,20.013,20.007,625.9,715.363,175.846,2150.147,92.9,631.005,589.682,1066.7,347.138,104.325,28.575,58.95,26.23,67.32,1913.333,123.05,15.805,22.187,862.693,1443.597,456.072,139.516,6.098,152.29,89.749,1591.149,10.59,223.523,761.038,122.546,493.775
2025-04-18,10168.196,2199.644,3276.024,1018.866,363.939,2289.326,347.608,506.432,107.761,212.013,11.653,96.99,47.703,139.243,42.69,43.75,137.082,1622.874,2898.532,241.581,131.711,807.766,1196.915,1474.109,334.098,325.043,6116.67,769.032,482.397,351.493,79.84,162.035,153.593,131.601,420.836,299.192,210.432,519.151,27.38,701.477,1008.2,20.289,19.767,623.56,721.363,166.774,2131.521,91.35,608.943,589.165,1058.012,343.379,107.037,29.28,60.13,27.47,67.986,1782.65,121.64,15.805,22.577,858.101,1410.224,448.222,143.086,6.228,146.13,89.425,1613.941,10.8,230.957,751.442,127.546,507.072
2025-04-25,10078.49,2162.171,3146.297,980.326,361.218,2250.542,346.57,501.331,105.179,209.411,11.726,95.533,47.944,141.023,42.71,43.82,137.314,1640.038,3032.108,241.511,142.318,822.13,1189.854,1483.178,335.725,331.905,6109.306,781.397,470.325,376.323,79.72,164.147,153.384,129.981,449.053,299.962,207.948,544.027,27.278,722.646,1062.481,20.473,20.447,620.14,741.363,166.207,2130.398,88.42,632.707,602.075,1067.49,350.053,103.971,29.325,59.61,27.18,67.881,1809.238,120.02,15.634,23.807,854.273,1455.654,436.297,143.956,6.078,142.39,88.821,1588.176,10.828,223.997,745.616,123.706,495.979
2025-05-02,10061.606,2157.313,3113.663,949.934,348.315,2298.415,345.977,489.91,101.631,204.208,11.517,95.307,46.503,139.783,41.74,43.63,136.757,1629.896,3080.949,244.161,146.576,814.35,1185.607,1494.362,336.864,335.168,6140.605,775.346,475.284,358.583,77.98,167.114,152.338,131.271,439.873,296.306,204.728,560.128,27.049,720.086,1037.629,20.381,20.267,620.68,744.773,179.329,2119.54,89.05,720.844,620.664,1071.439,370.692,107.155,29.04,59.23,26.35,67.846,1768.855,118.55,15.878,23.597,846.619,1599.481,434.508,144.436,6.068,143.19,88.45,1564.393,10.814,217.828,739.447,125.006,500.473
2025-05-09,10310.241,2197.285,3166.441,946.571,348.987,2283.872,349.535,487.471,101.359,214.848,11.684,99.287,48.835,141.863,43.72,44.96,138.938,1650.18,3181.573,248.501,146.317,807.168,1197.853,1490.13,337.922,343.343,6273.169,791.131,479.786,368.713,80.08,168.883,153.279,129.351,470.059,300.539,206.476,577.496,27.457,758.328,1077.849,20.473,20.897,628.6,747.973,178.195,2072.225,85.83,697.3,627.635,1076.574,374.068,108.217,29.325,59.77,26.75,67.933,1780.142,118.31,15.988,23.687,878.385,1553.836,469.487,144.886,6.218,141.83,88.404,1561.42,10.884,215.93,735.163,126.746,508.476
2025-05-16,10439.398,2190.345,3165.031,953.814,347.341,2312.353,350.869,485.032,99.426,217.915,11.674,101.229,50.498,145.143,45.32,46.14,142.001,1704.791,3242.771,250.851,151.726,800.585,1204.196,1483.48,346.793,346.343,6234.238,798.761,472.805,394.663,81.1,170.824,153.593,131.761,490.021,304.965,213.1,602.734,27.355,792.131,1091.583,20.611,21.427,631.3,739.173,175.508,2014.895,84.7,685.721,619.244,1090.001,364.784,108.924,28.98,60.39,27.26,68.896,1828.803,116.9,16.025,24.377,862.311,1536.18,479.623,143.326,6.268,142.13,89.494,1560.429,11.15,216.246,732.25,126.526,503.14
2025-05-23,10205.677,2149.68,3075.39,897.771,344.048,2349.318,364.139,485.475,98.766,217.061,11.59,101.585,51.887,144.823,45.4,45.33,139.495,1646.279,3292.773,256.401,156.478,790.41,1186.103,1480.457,346.142,354.93,6324.455,800.865,494.925,410.493,80.5,170.71,158.196,147.831,503.755,300.539,209.604,560.128,27.355,833.076,1052.344,20.289,20.997,632.676,729.573,177.452,1997.392,82.9,647.908,609.175,1053.667,354.849,110.458,30.735,60.63,28.0,69.579,1809.991,117.14,15.903,24.107,847.384,1489.888,490.256,150.766,6.128,138.15,89.123,1546.556,11.094,213.399,736.705,126.956,490.082
2025-05-30,9920.912,2125.947,2976.281,864.577,338.571,2331.139,364.51,482.925,101.359,214.653,11.58,101.034,51.321,144.923,46.32,45.61,138.799,1633.796,3306.896,252.341,159.912,780.236,1178.546,1478.442,349.478,355.568,6311.567,781.923,481.115,357.793,77.83,166.943,153.384,137.981,473.173,290.148,204.544,558.228,26.004,796.541,1022.915,20.197,21.137,631.776,725.573,169.906,1967.908,82.09,630.895,609.046,1085.657,356.997,110.34,29.445,60.49,28.05,69.071,1779.64,116.0,15.756,24.017,844.323,1474.386,490.455,152.326,6.118,137.57,89.053,1547.547,11.052,214.031,752.642,129.586,488.537
2025-06-06,9833.063,2107.21,2960.569,852.981,343.343,2305.687,359.098,486.473,100.888,218.692,11.611,104.011,51.167,145.183,46.87,47.35,140.933,1654.861,3251.582,258.971,161.064,787.418,1171.651,1480.86,343.293,342.968,6168.876,776.398,487.445,365.453,77.65,161.921,158.51,135.121,471.157,291.88,202.704,561.937,26.514,798.59,1052.998,20.841,22.517,639.336,737.173,180.436,2023.74,84.56,692.032,644.417,1112.114,379.783,108.217,30.06,60.47,27.21,68.704,1798.202,115.07,15.646,25.187,830.544,1447.252,510.031,154.576,6.068,139.61,89.1,1543.583,11.066,214.506,764.637,131.658,505.668
2025-06-13,9385.993,2024.352,2818.352,807.673,332.288,2265.692,346.051,486.141,96.066,221.449,11.601,103.817,51.15,147.323,47.8,47.82,142.418,1689.188,3256.878,263.751,171.107,778.41,1164.094,1478.845,338.899,340.188,6173.479,766.138,471.393,351.493,76.24,166.429,159.451,132.731,469.933,290.918,201.232,586.173,27.049,757.616,1050.709,20.611,23.107,625.116,725.573,169.784,1930.468,82.79,667.116,632.67,1146.473,355.923,106.212,31.995,60.19,26.97,69.807,1786.413,113.36,15.864,26.147,818.202,1440.362,558.723,160.846,5.998,137.19,88.404,1527.728,11.094,212.924,809.876,127.268,494.014
2025-06-20,9395.617,2030.459,2919.475,860.87,339.344,2260.844,327.073,485.697,97.752,224.594,11.893,106.147,51.39,147.843,47.27,47.52,140.469,1640.818,3131.54,253.731,164.051,756.865,1156.151,1449.221,333.121,343.563,6147.703,771.663,472.241,345.743,73.09,163.062,153.907,133.231,455.641,287.454,194.792,588.073,26.692,745.324,1114.799,20.795,22.797,616.116,723.973,169.906,2006.331,81.28,667.446,606.593,1156.741,347.867,104.915,30.885,60.37,27.13,69.421,1755.812,111.38,15.681,25.757,806.72,1398.592,540.538,165.826,6.028,138.85,86.779,1512.864,11.08,210.235,776.461,129.138,486.712
2025-06-27,9407.041,2025.185,2893.691,830.779,340.342,2260.844,328.927,484.145,98.176,225.487,12.029,107.442,53.242,152.283,48.85,48.48,148.358,1822.595,3142.72,253.111,165.368,789.183,1158.854,1466.351,338.004,343.188,6201.097,776.661,468.0,339.733,74.23,165.973,157.045,134.691,474.955,293.804,198.656,613.491,27.508,794.663,1136.38,21.209,23.557,622.956,749.973,174.118,2042.554,86.88,707.947,624.666,1382.25,370.193,106.92,32.94,60.86,27.616,69.106,1760.828,112.76,15.669,28.078,823.56,1441.008,560.214,159.946,6.038,139.67,87.684,1522.773,11.192,212.766,783.389,127.218,506.791
2025-07-04,9514.7,2041.979,2916.051,827.503,344.677,2251.754,329.668,485.808,97.091,228.788,12.29,111.551,54.373,154.712,49.03,48.66,148.729,1803.871,3219.806,250.271,177.105,776.615,1147.105,1464.537,334.993,347.688,6341.025,803.233,468.979,336.493,75.73,171.794,156.313,137.041,501.613,313.047,223.588,634.025,29.291,781.859,1182.812,21.347,26.017,622.416,747.573,169.096,2131.486,85.8,668.706,621.692,1343.941,367.431,108.099,33.345,61.98,27.686,69.001,1778.386,114.92,16.315,28.798,835.041,1447.252,595.292,157.606,5.958,140.55,87.22,1527.728,11.388,213.082,818.69,126.938,505.808
2025-07-11,9541.601,2096.245,3020.195,850.739,348.406,2246.907,328.408,488.58,97.634,231.001,12.562,110.322,53.91,156.992,50.35,48.07,153.369,1886.568,3433.999,247.551,191.993,795.766,1145.174,1470.18,334.83,343.938,6360.358,790.079,466.368,329.403,75.25,171.623,157.882,133.951,511.873,326.132,242.264,710.553,32.629,796.2,1198.181,21.623,28.207,627.636,755.573,168.799,2104.192,88.16,666.017,622.596,1413.844,382.162,113.878,31.605,59.99,27.656,69.421,1819.272,116.24,16.205,27.538,858.005,1444.883,591.516,155.926,5.958,142.99,87.522,1559.438,11.612,216.088,852.276,127.808,521.535
2025-07-18,9597.878,2133.011,3135.016,866.302,358.15,2269.934,329.223,491.13,97.528,228.71,12.483,110.224,53.328,155.712,50.06,48.0,151.884,1860.042,3543.449,251.791,204.811,795.766,1150.47,1473.404,337.271,345.251,6445.972,801.655,473.742,334.603,77.38,176.359,158.614,132.161,511.333,322.668,241.988,675.274,31.89,805.76,1301.832,21.301,29.317,629.616,764.373,171.404,2068.558,88.51,659.431,631.374,1380.67,405.562,110.811,32.475,60.59,27.456,69.129,1919.604,115.79,16.315,27.808,864.894,1470.505,665.448,158.32,5.926,144.03,88.543,1540.61,11.67,212.291,858.274,126.738,532.487
2025-07-25,9699.178,2129.68,3135.62,885.615,355.093,2255.39,333.078,490.798,98.447,227.856,12.191,106.18,56.688,157.732,50.46,49.27,158.195,1896.71,3404.577,258.311,219.582,831.675,1177.333,1479.45,339.469,344.988,6346.549,827.851,464.15,343.423,79.72,174.134,162.747,131.121,532.213,331.327,249.072,707.116,32.4,831.369,1288.753,21.807,30.867,641.316,780.773,172.714,2174.511,93.47,685.664,664.035,1374.746,402.57,110.811,33.045,61.62,29.076,67.816,2001.375,121.61,16.73,30.808,900.105,1475.242,642.195,159.04,5.946,154.59,89.981,1561.42,11.6,217.986,901.799,125.328,534.874
2025-08-01,9485.323,2094.427,3099.966,856.861,354.757,2235.999,323.96,487.36,96.738,226.264,12.326,104.109,55.899,157.972,50.07,48.51,153.787,1832.737,3693.502,253.701,229.272,816.713,1170.217,1474.613,343.619,337.601,6262.776,803.384,465.063,326.867,76.69,173.26,161.387,130.411,496.699,319.782,244.012,702.774,31.202,776.737,1233.491,21.485,35.847,649.416,773.573,163.075,2097.684,88.29,660.255,643.767,1453.733,396.509,110.811,32.16,60.75,28.326,66.485,1949.704,118.64,16.547,30.118,894.364,1432.18,631.265,153.7,5.766,147.67,88.543,1522.773,11.376,211.184,854.332,123.128,527.994
2025-08-08,9507.665,2111.36,3174.136,857.809,356.739,2223.273,325.22,490.576,96.396,226.691,12.504,105.824,56.294,158.652,49.87,48.54,154.39,1835.077,3674.672,257.181,223.769,810.728,1167.79,1466.552,340.445,340.563,6405.466,809.172,461.866,321.257,78.64,174.117,161.073,128.661,497.437,317.857,240.056,759.762,30.642,776.396,1226.952,21.347,39.437,643.296,771.173,162.953,2093.199,86.66,655.261,638.603,1409.5,393.363,114.703,34.08,,30.306,66.258,1946.694,121.16,16.767,32.458,942.587,1455.864,636.034,157.93,5.856,148.57,88.705,1528.719,11.488,212.133,873.867,125.038,526.309
2025-08-15,9513.912,2123.573,3225.503,898.547,360.435,2214.789,329.89,492.682,96.207,221.915,12.253,103.429,55.248,161.172,52.67,50.09,164.692,2112.814,3816.487,261.701,240.562,828.084,1171.376,1467.963,339.062,343.263,6437.687,818.117,467.935,327.677,81.94,179.937,162.538,130.561,528.379,324.4,246.128,874.463,32.374,825.394,1297.254,21.163,47.707,657.516,788.373,169.096,2174.954,91.84,690.933,649.576,1506.259,431.648,116.826,35.205,,29.886,65.855,2001.626,120.83,16.352,36.508,941.056,1516.797,606.521,154.72,5.766,147.81,88.45,1536.647,11.264,214.348,858.788,123.378,546.388
2025-08-22,9749.547,2160.908,3346.166,932.862,368.062,2246.907,337.007,494.346,97.351,221.759,12.337,104.885,54.939,162.572,53.75,50.67,169.796,2197.851,3909.461,270.721,231.624,849.031,1244.849,1501.819,346.142,342.476,6375.087,826.536,465.977,341.447,89.14,190.267,165.153,135.921,541.9,331.327,248.152,906.847,33.98,855.271,1431.647,22.175,48.677,685.056,862.373,186.713,2436.329,103.97,844.487,690.241,1569.449,504.688,120.246,34.26,61.69,30.306,66.275,2106.473,121.31,16.376,36.508,952.538,1567.61,634.643,158.95,5.726,153.45,90.074,1539.619,11.32,214.008,932.13,124.588,705.617
2025-08-29,9839.872,2212.815,3477.102,956.486,373.942,2300.233,348.794,499.779,98.447,220.323,12.128,103.72,55.454,161.332,53.28,49.85,167.754,2280.548,3983.016,269.261,253.498,849.031,1217.104,1500.61,334.667,348.551,6143.486,839.164,462.323,351.647,89.14,182.163,158.771,138.871,576.1,343.835,257.352,925.029,34.973,1003.63,1538.899,22.406,56.677,686.496,892.773,195.353,2367.463,114.76,888.94,704.829,1531.14,496.632,122.959,37.89,60.66,28.696,66.66,2142.342,121.49,16.108,40.258,942.204,1682.37,643.885,148.9,5.716,157.07,89.657,1562.411,11.306,214.008,1011.127,124.548,690.031
2025-09-05,9856.756,2175.064,3451.116,947.908,370.885,2276.6,341.381,502.994,96.596,219.818,12.138,101.585,56.328,157.372,51.01,47.8,160.098,2100.331,4350.204,265.741,263.141,820.304,1187.593,1535.271,329.866,357.963,6029.333,844.426,461.866,331.247,89.8,183.476,157.621,148.461,610.174,361.731,279.064,1245.885,38.413,1358.907,1578.792,21.853,58.677,658.596,850.773,180.193,2271.303,,892.123,660.162,1414.634,443.31,122.959,41.175,61.35,28.616,66.625,2073.363,119.75,16.157,41.878,928.426,1646.198,555.742,141.25,5.646,159.47,88.728,1542.592,11.166,210.528,989.535,124.09,639.201
2025-09-12,10042.472,2180.338,3513.562,974.765,369.675,2280.842,342.937,505.212,96.561,218.964,12.18,100.517,55.402,156.932,50.29,46.99,159.866,2127.637,4146.603,268.771,258.602,818.509,1184.118,1529.024,330.598,355.526,6000.795,837.322,457.625,327.197,86.98,180.793,157.516,140.261,609.976,342.873,259.192,1233.04,36.579,1287.374,1758.962,22.129,64.747,678.936,858.373,185.593,2396.147,108.42,1060.33,680.559,1432.801,473.078,121.19,41.745,60.95,28.546,66.38,2122.025,119.9,16.23,43.438,945.649,1782.49,592.013,140.35,5.656,159.29,89.1,1577.276,11.278,212.584,1055.338,125.3,670.935
2025-09-19,9772.17,2137.175,3429.965,947.778,362.317,2247.513,336.636,498.116,96.03,212.984,11.887,96.86,52.933,151.772,47.86,46.03,153.044,2096.43,4184.263,262.781,266.316,793.971,1161.998,1518.747,327.424,350.951,5944.64,840.743,451.622,336.737,86.41,184.788,155.424,145.561,688.258,338.639,255.512,1262.71,35.381,1250.568,1847.249,21.945,68.947,678.216,891.173,194.368,2553.844,121.34,1032.835,697.728,1373.561,475.226,123.195,40.8,61.79,29.036,65.102,2059.818,118.37,16.083,40.708,975.119,1825.982,633.749,139.81,5.576,166.43,89.61,1581.239,11.25,213.533,1001.188,122.99,666.722
2025-09-26,9586.623,2082.908,3283.518,909.67,353.917,2220.849,331.151,494.013,94.981,212.207,12.107,96.957,52.282,152.012,48.17,46.25,154.947,2058.203,4209.566,266.331,253.427,786.19,1151.132,1511.673,322.623,350.388,5890.325,824.957,443.009,331.337,84.25,172.176,155.738,159.181,709.696,350.185,254.684,1446.34,35.356,1350.613,2136.307,21.807,67.717,677.316,922.373,205.883,2874.798,132.27,1060.33,715.802,1372.376,533.766,122.369,44.37,61.95,28.675,65.575,2027.21,117.95,16.288,44.578,990.045,1822.537,653.921,136.78,5.576,158.89,88.125,1563.402,11.082,210.211,968.458,123.35,676.411
2025-10-03,9637.217,2101.089,3370.943,921.956,353.883,2222.061,332.337,494.457,94.227,210.693,11.992,95.436,52.384,151.792,48.09,47.41,160.422,2140.9,4296.067,273.471,274.854,785.592,1156.262,1504.418,321.158,344.613,5878.358,814.697,438.311,337.097,85.39,172.633,155.215,173.531,748.576,359.806,259.744,1486.865,36.196,1585.017,2150.695,22.083,68.857,692.796,921.973,206.072,2872.018,140.13,1187.048,739.684,1413.844,552.409,120.01,47.76,61.69,28.355,65.19,2091.674,118.82,16.422,50.278,1026.787,1871.628,726.96,137.56,5.506,161.63,88.659,1572.321,11.11,212.426,977.54,122.23,692.839
2025-10-10,9558.484,2090.68,3309.504,899.065,352.909,2250.542,334.709,495.455,96.007,209.8,12.002,94.919,52.316,152.652,48.03,47.43,159.402,2060.543,4098.939,269.781,257.661,804.743,1151.904,1516.107,325.553,345.251,5941.878,823.379,438.18,332.837,85.33,172.69,157.411,169.631,712.486,367.503,255.144,1347.017,36.018,1403.708,2023.496,22.129,69.257,743.016,939.173,193.45,2780.66,127.95,1196.487,738.651,1394.098,515.889,116.59,49.905,62.96,29.025,66.03,2120.52,121.49,16.654,53.338,1016.07,1882.609,720.6,140.08,5.526,155.69,88.636,1558.448,11.334,213.533,981.31,124.14,782.142
2025-10-17,9699.178,2095.399,3432.986,930.103,360.805,2226.303,333.226,501.331,96.207,215.275,12.326,96.537,54.133,156.132,49.72,48.818,156.664,1964.584,3916.522,253.281,238.563,798.16,1153.779,1510.666,323.193,345.138,5924.387,806.541,442.878,322.757,80.14,168.239,157.83,157.041,669.628,392.519,271.796,1335.167,37.369,1333.882,1849.865,21.347,62.857,727.716,861.973,173.807,2537.607,121.98,1120.698,678.881,1280.356,475.61,114.232,48.855,65.09,30.805,66.695,1964.503,120.38,16.52,48.298,1010.268,1737.49,654.816,136.84,5.536,158.53,87.823,1515.837,11.306,210.686,952.448,125.48,734.823
2025-10-24,9671.039,2084.573,3337.101,880.441,358.184,2222.061,329.668,500.777,94.427,216.673,12.556,97.863,54.665,159.232,50.19,52.388,160.283,2045.72,3940.06,249.331,255.521,778.41,1067.619,1496.559,320.345,351.926,5950.163,822.59,433.417,320.747,81.16,170.122,160.341,161.971,719.362,375.97,259.008,1522.693,35.407,1401.489,2125.19,21.577,70.097,731.856,914.373,181.03,2634.714,134.06,1229.744,694.501,1323.799,501.619,114.349,48.645,65.69,31.115,66.836,1962.998,119.15,16.508,53.518,1025.96,1754.499,640.705,136.21,5.616,159.53,87.939,1519.8,11.474,206.573,922.289,124.42,751.953
2025-10-31,9558.54,2066.531,3423.72,906.824,363.493,2229.939,326.035,505.545,93.979,212.557,12.494,96.666,55.659,159.132,48.47,51.978,158.01,2014.514,3860.62,242.821,245.148,780.206,1053.332,1502.605,320.1,358.638,5881.119,853.634,437.984,311.837,79.96,169.836,156.888,157.461,724.762,419.651,282.652,1747.029,38.592,1451.511,2095.434,21.623,74.847,724.296,933.973,178.451,2585.75,124.18,1223.817,733.875,1292.994,481.901,117.534,49.35,65.7,31.055,66.678,1992.596,118.73,16.788,54.298,996.49,1725.002,620.135,137.56,5.605,170.63,90.074,1510.882,11.082,204.042,946.965,123.34,662.229
2025-11-07,9577.225,2035.442,3365.504,892.167,358.99,2222.667,324.998,510.534,93.059,218.847,12.776,99.708,57.323,161.252,48.58,51.608,156.246,1986.428,3709.39,233.571,234.423,768.834,1039.763,1489.909,319.531,357.888,5905.975,855.113,438.572,301.067,79.93,166.07,155.528,140.841,736.642,445.051,299.856,1848.342,40.095,1523.044,1994.067,21.393,75.547,697.296,928.373,171.782,2628.08,122.11,1229.031,694.114,1220.326,460.189,114.467,48.855,66.92,32.485,67.413,2058.815,119.12,17.13,52.798,996.107,1651.15,607.614,136.51,5.625,176.47,89.935,1501.963,11.054,201.669,936.854,125.1,637.797
2025-11-14,9708.183,2083.463,3526.052,933.035,360.401,2286.902,328.334,518.296,94.604,221.721,12.985,101.099,57.854,164.772,49.26,52.148,154.576,1939.619,3787.065,236.831,234.846,780.206,1068.005,1502.605,331.656,369.251,5961.21,863.795,448.098,304.577,79.69,165.157,155.215,137.471,752.392,434.467,291.668,1703.609,39.611,1441.609,1883.218,21.347,67.117,696.216,898.373,166.369,2588.593,118.18,1145.778,661.324,1190.311,436.021,116.354,48.63,66.26,31.975,67.098,2072.109,120.23,17.154,53.518,939.847,1597.538,599.863,137.44,5.655,195.05,94.576,1510.882,11.068,202.777,939.596,124.76,610.276
2025-11-21,9764.46,2076.107,3416.871,917.602,350.557,2332.35,319.957,522.066,92.541,220.75,12.985,100.323,56.448,161.292,47.6,51.488,148.358,1842.879,3586.994,224.241,227.273,746.69,1042.686,1482.452,318.147,369.289,5927.149,866.163,452.862,287.567,76.45,158.822,150.612,125.671,690.976,375.97,266.0,1548.835,33.827,1256.202,1763.54,20.565,63.517,669.396,851.973,158.485,2458.189,113.0,1018.072,651.255,1170.169,423.592,115.175,45.81,66.24,31.255,66.783,1994.602,118.16,16.666,48.718,924.538,1565.457,588.535,133.9,5.525,176.59,89.425,1490.072,10.83,197.715,905.667,126.03,586.546
2025-11-28,9673.853,2050.708,3450.713,923.206,348.037,2349.318,317.51,519.405,91.432,220.556,12.838,99.514,55.711,161.452,47.72,51.528,149.703,1850.68,3738.812,233.141,225.838,735.319,1018.802,1490.513,316.52,373.452,5937.275,880.896,456.777,294.977,77.29,160.363,152.704,128.461,696.736,370.775,265.172,1684.613,33.47,1250.568,1924.746,20.703,63.567,672.996,873.573,163.817,2717.48,113.6,1130.521,655.386,1208.478,453.974,113.406,46.47,65.31,31.035,66.468,2105.219,117.71,16.642,51.868,926.834,1588.28,596.584,131.68,5.505,176.55,88.612,1422.687,10.76,195.026,954.676,125.25,642.992
2025-12-05,9558.54,2010.598,3299.029,870.397,336.814,2321.443,314.174,517.409,90.925,222.497,12.713,98.51,55.471,167.452,50.58,53.408,150.956,1843.659,3711.744,231.521,223.98,723.349,1002.695,1487.893,316.276,382.339,5984.225,879.843,445.031,297.407,77.35,163.102,151.135,128.381,725.338,360.191,255.604,1676.472,31.636,1211.643,1972.813,22.544,63.967,673.896,885.573,164.506,2860.267,114.18,1151.431,646.478,1204.529,451.903,111.519,50.58,65.7,30.975,66.625,2176.956,117.53,16.739,58.438,964.341,1642.107,578.101,131.23,5.655,180.53,88.96,1380.076,10.942,191.387,921.775,123.02,641.027
2025-12-12,9505.865,1963.965,3190.855,861.991,335.437,2308.111,314.026,514.526,89.711,215.857,12.692,98.025,54.596,171.292,51.21,53.308,153.508,1821.034,3809.425,228.951,232.565,711.978,1013.341,1485.878,307.975,371.427,5973.178,864.058,443.009,300.467,79.66,164.643,149.565,124.641,730.216,363.462,253.58,1612.97,31.432,1243.569,2009.763,21.991,64.597,665.976,877.291,173.335,2889.33,116.8,1168.334,657.709,1209.663,461.339,111.165,51.15,64.17,30.215,66.573,2139.081,115.64,16.569,55.918,965.107,1658.04,546.103,128.86,5.565,176.89,87.127,1387.013,10.718,189.647,920.918,121.91,582.053
2025-12-19,9580.753,1984.894,3172.927,855.524,336.445,2366.286,323.589,520.957,90.171,216.828,12.746,99.449,56.894,180.972,54.01,54.508,154.761,1819.474,3666.434,227.321,228.849,726.94,1028.069,1499.985,308.138,371.914,6009.08,879.054,436.027,292.157,78.22,164.586,150.716,122.871,698.176,361.346,246.036,1514.099,31.1,1201.912,1892.047,21.761,61.147,658.056,870.491,170.446,2846.746,113.63,1170.09,646.091,1202.554,454.204,112.934,50.28,64.76,30.155,66.24,2317.673,115.7,16.593,58.258,962.045,1607.442,562.996,130.12,5.635,184.61,93.045,1375.121,10.774,188.224,927.944,119.71,571.943
2025-12-26,9603.996,1974.485,3118.538,851.644,334.361,2361.438,320.92,515.302,89.475,215.702,12.673,99.611,55.591,185.792,55.3,54.688,156.71,1867.064,3678.791,229.121,229.39,713.175,1009.59,1503.411,306.754,369.739,5974.098,858.796,426.696,309.497,79.93,163.331,153.227,122.941,698.95,379.434,255.236,1668.15,32.833,1257.227,1945.019,21.531,66.687,669.396,885.691,176.467,2914.033,122.1,1262.069,646.607,1234.544,495.481,111.401,53.895,64.24,29.935,65.873,2352.538,115.76,16.764,62.428,959.366,1645.122,575.914,132.04,5.635,203.59,92.604,1362.239,10.746,187.116,906.695,118.39,584.159
2026-01-02,9396.05,1921.19,3054.682,825.779,329.691,2331.139,317.955,513.639,88.662,217.255,12.798,99.352,55.745,180.272,54.88,53.508,154.901,1833.517,3591.113,219.581,224.545,704.198,1001.757,1504.62,306.836,367.039,5924.387,841.696,414.364,302.627,79.48,161.79,151.867,123.231,686.044,363.655,243.46,1577.33,31.89,1154.109,1889.758,22.314,64.897,669.756,880.891,172.498,2914.475,122.83,1192.261,665.326,1241.258,492.412,113.642,55.305,64.67,29.675,65.085,2345.013,114.74,16.886,63.178,957.835,1688.83,571.145,131.53,5.565,208.11,91.165,1350.347,10.662,184.586,951.763,118.6,583.317
2026-01-09,9631.966,1937.844,3067.574,846.687,335.941,2275.388,324.405,507.319,89.817,214.149,12.568,98.64,55.848,181.472,59.47,56.818,154.251,1907.632,3838.848,232.811,244.396,730.531,1019.574,1515.905,308.3,373.114,5948.322,840.643,415.603,300.497,77.98,162.817,151.762,126.991,689.59,367.311,246.312,1559.328,32.731,1213.521,1855.097,23.234,64.327,677.316,910.491,180.085,3157.213,128.88,1388.732,733.875,1285.095,510.058,117.652,59.43,66.62,30.945,65.26,2411.985,117.44,16.678,71.518,1001.848,1752.777,633.252,133.48,5.525,210.55,91.003,1381.067,10.732,192.02,937.711,117.67,616.876
2026-01-16,9423.176,1910.364,3015.602,828.667,333.925,2232.363,317.733,504.214,88.956,208.064,12.464,96.181,57.82,176.132,57.16,55.528,151.977,1888.908,3730.574,230.321,256.673,732.909,1001.316,1493.335,297.233,363.889,5936.354,831.435,415.212,297.047,76.87,160.477,150.088,123.191,659.152,373.853,238.86,1576.877,32.273,1204.131,1934.555,23.464,66.177,690.636,942.491,179.153,3323.882,126.99,1555.622,838.441,1361.713,503.844,114.349,59.805,65.17,30.305,63.912,2396.183,115.61,16.337,75.928,995.342,1807.681,598.77,133.0,5.375,195.85,87.986,1358.275,10.634,186.642,896.071,113.83,613.927
2026-01-23,9169.926,1880.247,2970.48,795.861,335.773,2223.273,309.208,503.105,89.357,203.327,12.046,93.074,57.271,171.272,54.96,53.738,150.539,1842.879,3556.984,224.641,240.915,728.121,965.738,1492.327,291.699,361.902,5943.452,830.909,415.277,290.417,76.36,159.507,150.193,120.271,649.576,385.784,241.252,1504.963,34.336,1171.011,1850.192,23.418,63.287,707.736,961.291,177.223,3238.526,124.96,1647.765,774.539,1341.966,479.216,114.467,59.94,64.17,29.765,63.001,2534.892,120.35,16.63,71.458,1028.639,1776.03,608.011,134.02,5.305,205.63,87.893,1380.076,10.564,194.235,873.451,112.93,615.191
2026-01-30,9530.103,1908.143,3176.311,822.804,311.48,2194.186,305.205,504.879,87.341,207.87,12.087,91.715,60.649,176.972,58.52,57.728,151.977,1796.069,3508.143,218.391,235.27,714.356,955.533,1481.445,291.048,364.939,5876.249,815.913,408.426,282.137,73.66,155.627,144.125,106.361,654.976,357.497,222.116,1396.051,31.534,1120.477,1725.61,23.05,60.877,696.576,881.691,166.153,3016.511,122.97,1744.519,785.512,1276.802,464.025,111.637,63.81,66.1,30.635,63.632,2628.201,122.72,16.703,76.168,988.07,1673.758,559.518,129.07,5.285,197.73,86.617,1373.139,10.536,195.817,873.28,113.93,592.444
2026-02-06,10171.725,1935.901,3215.189,840.436,311.211,2239.029,320.698,514.415,90.843,211.481,12.098,94.029,62.912,177.272,57.78,55.478,152.348,1792.949,3458.125,218.621,241.456,714.356,1008.487,1509.456,300.895,372.252,5863.361,841.17,420.367,278.927,74.38,157.396,144.858,111.351,689.374,366.734,225.52,1337.253,33.98,1116.038,1708.606,23.05,57.577,720.156,862.491,159.065,2997.557,112.7,1532.078,723.676,1226.25,437.095,112.934,59.385,65.84,30.435,63.912,2596.346,124.25,16.459,69.148,1028.639,1674.189,560.71,133.15,5.385,203.69,86.942,1366.203,10.578,198.506,880.306,112.66,561.833
2026-02-13,10004.524,1922.855,3082.642,800.517,307.28,2202.67,309.949,512.974,89.062,208.025,11.941,92.864,61.078,174.052,55.86,55.398,151.188,1770.324,3512.262,214.901,251.052,670.068,994.917,1499.38,293.327,370.414,5845.87,831.435,418.866,280.277,73.6,156.654,143.289,111.491,682.588,362.308,220.368,1379.407,32.961,1120.306,1701.737,22.175,57.927,715.476,880.091,158.89,3085.314,116.93,1710.603,753.497,1251.131,482.668,112.58,60.27,65.62,31.125,63.369,2552.701,123.14,16.239,69.118,1033.997,1684.308,567.667,130.09,5.325,208.27,86.501,1382.058,10.48,194.709,862.141,110.16,573.769
2026-02-27,9834.115,1894.958,2966.814,780.298,304.357,2178.43,312.321,511.532,90.159,208.18,11.743,92.281,61.232,169.652,53.78,52.488,150.028,1782.026,3413.992,215.051,241.879,686.227,971.198,1490.312,294.71,368.877,5761.176,831.435,417.104,277.427,73.09,156.711,143.498,109.591,640.594,365.964,221.748,1337.253,33.547,1095.551,1682.771,23.556,58.877,698.556,893.691,168.583,2995.346,115.0,1662.857,736.715,1236.123,471.544,110.104,62.925,66.43,32.055,63.439,2754.369,125.84,16.581,75.148,1035.145,1636.94,564.487,130.18,5.365,180.15,85.944,1369.175,10.536,195.658,888.702,111.86,594.69
2026-03-06,9535.731,1872.058,2875.763,778.402,299.384,2186.308,320.179,522.066,90.147,209.928,11.941,92.961,61.935,168.812,52.21,50.698,145.666,1707.131,3355.148,210.501,230.801,669.47,944.115,1492.327,288.607,360.927,5756.573,809.336,408.687,290.327,72.16,155.741,141.51,102.521,663.562,359.806,,1385.196,33.827,1060.894,1587.29,23.05,57.507,691.896,850.091,157.85,2954.279,106.5,1580.482,694.243,1150.817,437.402,105.858,59.25,70.0,33.305,65.365,2754.369,125.18,16.459,69.238,992.28,1605.72,566.673,128.32,5.465,172.23,84.041,1357.284,10.55,191.387,930.514,113.16,577.138
2026-03-13,9601.238,1879.691,2913.634,772.194,297.737,2216.607,325.887,529.828,91.279,212.102,12.035,93.964,60.992,165.872,52.14,49.938,142.511,1671.244,3328.668,207.701,225.086,659.894,933.579,1495.35,288.037,362.202,5867.043,815.124,420.758,308.477,74.8,158.423,140.987,102.501,739.576,376.547,232.42,1616.679,35.177,1196.107,1653.669,23.004,55.667,707.556,846.091,153.368,2906.894,107.06,1543.932,684.819,1128.306,455.509,107.745,57.255,73.09,34.595,65.855,2541.163,125.18,16.471,62.458,963.959,1634.141,527.918,130.75,5.515,165.57,83.066,1351.338,10.69,190.28,938.225,115.44,563.94
2026-03-20,9777.725,1872.058,2860.05,748.872,294.814,2197.216,326.332,533.93,90.265,212.063,12.349,93.835,60.015,162.952,52.13,49.728,140.423,1601.81,3330.433,198.651,225.156,649.121,932.807,1504.217,286.003,355.677,5832.061,800.128,417.561,318.557,75.46,156.425,136.489,102.031,768.376,378.856,224.508,1600.487,35.075,1240.154,1617.373,21.715,53.477,696.036,815.691,142.325,2975.381,102.18,1609.075,649.447,1081.309,437.939,105.15,51.075,73.72,35.515,65.435,2353.04,120.08,15.812,55.828,892.772,1547.156,487.374,126.94,5.485,163.39,81.604,1319.628,10.452,185.535,932.399,113.8,533.189
2026-03-27,9614.632,1875.528,2831.446,725.593,296.293,2183.278,340.046,529.938,90.159,210.86,12.244,93.543,59.192,157.372,50.09,45.328,135.597,1523.794,3332.787,198.731,239.503,626.379,914.328,1457.061,274.447,354.402,5800.761,740.144,412.993,325.367,74.23,157.11,132.513,97.691,774.1,369.812,210.892,1507.767,33.164,1267.47,1695.524,21.117,52.707,678.936,794.091,138.91,2875.936,97.5,1435.983,619.498,1054.848,421.751,102.792,52.305,71.67,34.475,65.557,2427.787,118.28,15.641,55.918,882.438,1542.634,489.759,127.78,5.465,162.29,79.423,1291.881,10.382,181.264,859.571,110.97,510.863
2026-04-03,9862.142,1887.186,2841.317,696.451,295.822,2192.368,354.798,529.606,90.914,210.704,12.349,93.511,59.106,157.972,51.19,44.098,134.298,1466.842,3403.4,187.531,246.536,620.394,903.848,1498.574,270.785,360.289,5763.017,711.731,426.631,306.497,73.87,155.284,132.723,88.671,720.604,334.021,198.288,1145.663,28.807,1055.772,1636.339,21.025,55.357,677.496,794.091,124.235,2708.319,91.78,1383.518,606.33,1045.765,418.298,101.377,52.965,71.75,33.715,64.595,2487.987,117.89,15.605,55.738,909.994,1489.237,494.131,129.4,5.465,156.83,79.4,1268.098,10.48,175.253,820.158,110.57,502.438
2026-04-10,9828.15,1867.478,2805.863,684.294,294.512,2182.066,352.278,529.938,90.053,209.967,12.15,92.993,59.449,161.112,51.6,45.778,143.207,1566.703,3443.414,187.311,261.448,626.977,902.027,1467.54,270.54,360.514,5751.05,704.627,422.194,314.477,75.4,155.684,133.664,92.341,773.776,342.873,204.544,1213.235,30.107,1210.79,1943.054,21.531,59.697,703.416,820.491,131.255,3026.999,101.01,1471.271,631.116,1112.509,499.317,103.028,54.225,70.55,33.585,64.069,2655.793,117.68,15.629,60.058,939.847,1533.376,498.702,128.62,5.365,157.07,79.238,1275.035,10.438,176.676,822.043,111.55,554.532
2026-04-17,9565.221,1864.563,2779.474,686.967,292.731,2136.617,341.825,535.039,89.546,211.17,12.286,92.573,60.975,159.312,50.31,45.528,144.878,1588.547,3400.458,185.881,245.125,618.0,877.812,1474.996,269.971,368.914,5715.147,703.838,430.154,320.807,73.78,154.371,133.036,91.741,824.536,349.03,216.688,1230.965,30.693,1223.935,1994.391,21.439,64.147,728.976,889.691,128.137,2982.899,105.23,1602.27,638.862,1102.24,504.918,99.961,55.695,69.72,33.155,64.034,2623.185,115.82,15.483,63.868,920.711,1480.625,520.664,126.67,5.345,152.57,78.379,1281.971,10.396,184.111,865.226,111.02,548.073
2026-04-24,9853.644,1856.375,2808.28,697.528,293.168,2128.133,341.677,543.909,89.228,210.627,12.432,91.861,62.964,159.032,49.59,44.788,144.738,1569.823,3383.982,190.131,246.748,709.568,853.265,1457.665,269.076,372.702,5729.876,694.104,436.418,307.847,72.28,153.173,131.467,93.121,838.228,348.068,218.896,1240.373,30.387,1274.47,2198.759,21.945,68.187,737.436,850.091,130.945,3000.527,110.96,1650.235,649.576,1085.258,555.708,99.018,55.065,71.36,34.655,64.787,2667.582,113.36,15.544,61.288,896.216,1461.031,495.721,126.07,5.325,149.83,77.892,1261.161,10.256,178.891,824.271,112.99,562.816
2026-05-01,9438.877,1798.222,2757.316,703.564,291.017,2262.056,332.188,536.48,91.267,206.317,12.296,91.052,64.507,162.212,50.2,44.678,149.332,1621.314,3256.29,197.531,269.021,697.0,862.588,1461.756,270.296,378.102,6000.528,721.728,434.004,318.407,71.26,153.572,127.492,91.021,822.208,330.173,214.48,1273.119,30.413,1270.714,2231.458,21.715,66.057,785.856,862.891,135.238,3406.711,118.73,1734.146,633.052,1108.559,516.58,100.905,53.55,72.17,34.485,65.68,2667.582,112.55,15.495,59.038,927.982,1543.926,481.312,127.87,5.315,150.23,78.356,1277.017,10.354,185.218,851.003,114.18,567.309
2026-05-08,9372.47,1729.521,2705.546,696.02,287.893,2265.692,328.778,527.166,90.147,205.035,12.307,90.404,62.535,163.592,49.87,45.318,148.079,1631.456,3192.738,199.741,262.553,683.235,849.515,1453.091,269.889,375.477,5987.64,718.045,436.092,309.527,70.99,152.773,124.981,92.571,824.008,328.248,213.1,1295.19,30.591,1224.789,2371.736,22.129,66.457,772.536,850.091,136.426,3430.719,120.31,1849.998,660.42,1142.919,568.214,100.433,55.8,69.35,32.185,65.12,2518.588,112.28,15.617,63.778,934.871,1681.724,508.441,129.67,5.265,144.35,78.24,1285.935,10.354,189.806,830.611,114.23,595.111
2026-05-15,9147.134,1656.517,2574.006,652.091,279.997,2271.146,318.622,523.729,89.322,203.909,12.254,90.21,62.175,154.472,47.51,43.368,145.295,1572.164,3262.762,189.501,253.921,685.03,817.135,1418.429,266.472,383.614,6021.701,718.308,442.552,298.367,68.86,148.778,120.587,85.531,799.888,313.624,204.176,1419.889,29.139,1158.443,2460.35,21.991,70.797,728.796,823.291,139.409,3754.264,119.02,2076.323,624.661,1081.704,520.109,96.541,51.36,69.87,32.215,65.172,2473.689,110.6,15.385,59.818,932.192,1731.676,484.492,124.12,5.375,136.99,75.641,1264.134,10.382,186.326,813.304,115.52,567.45
2026-05-22,8906.547,1617.101,2554.264,638.468,272.134,2185.702,307.354,514.304,88.225,201.463,12.191,89.531,60.889,150.832,45.82,41.828,143.068,1554.22,3055.631,182.131,255.92,601.242,755.19,1396.261,249.545,375.027,5879.931,691.473,450.513,290.717,64.72,146.153,116.089,84.301,777.496,302.848,202.796,1524.458,27.763,1134.541,2408.032,26.684,70.337,719.076,837.691,143.27,4240.75,131.33,2588.902,627.372,1070.646,505.378,91.706,50.04,69.15,31.675,64.349,2377.872,108.2,14.995,58.768,874.784,1767.633,466.108,123.278,5.275,132.29,73.622,1232.424,10.172,180.156,750.586,113.53,552.426
2026-05-29,9108.021,1629.037,2574.811,638.684,278.115,2229.333,312.025,506.432,88.591,205.307,12.233,92.896,60.786,150.472,45.15,41.838,143.903,1527.695,3050.923,182.521,254.037,597.651,779.075,1399.082,253.044,377.164,5919.517,704.627,438.442,298.007,62.26,145.24,110.649,83.731,800.608,280.719,190.56,1646.396,25.928,1122.59,2437.134,26.454,76.577,696.216,805.601,130.783,3993.527,139.91,2583.524,634.472,1009.036,477.605,92.531,49.26,71.09,34.095,66.433,2295.349,109.61,15.153,59.566,835.746,1659.332,444.296,122.678,5.435,138.15,73.32,1241.342,10.242,179.365,744.615,116.65,567.59
2026-06-05,8808.961,1576.158,2491.012,611.654,271.093,2208.124,298.014,503.549,86.893,207.52,12.358,93.22,59.98,150.432,44.02,40.828,142.14,1477.765,2867.918,175.081,242.183,562.939,740.904,1376.31,247.998,380.314,5854.155,689.631,431.982,288.497,61.81,142.101,111.486,78.081,762.808,266.095,179.796,1427.125,24.221,1029.546,2289.335,32.527,77.237,709.176,814.801,131.444,3826.036,127.4,2698.717,610.332,964.803,458.501,90.291,48.045,72.69,35.495,66.188,2270.516,107.21,14.8,58.606,862.919,1694.205,419.652,122.408,5.365,133.39,70.002,1211.614,10.088,172.88,693.036,117.082,601.43
2026-06-12,8916.17,1560.058,2453.142,596.609,270.085,2210.547,309.134,497.007,87.907,210.471,12.818,94.873,63.65,154.992,45.83,43.818,146.919,1437.196,2950.888,181.731,249.592,558.151,730.258,1412.383,247.347,386.089,5860.599,711.205,421.346,284.267,64.39,137.251,106.674,71.741,748.138,272.445,180.716,1381.987,25.266,1019.985,2125.514,28.571,73.307,690.456,776.001,118.781,4229.314,124.88,2662.881,537.523,915.823,425.663,90.998,47.235,70.31,35.355,67.361,2250.701,105.29,15.141,61.366,872.87,1523.679,460.494,120.908,5.415,135.97,71.487,1202.695,10.158,170.507,689.609,114.872,562.395
2026-06-19,8483.339,1503.57,2371.155,573.934,263.465,2122.68,292.158,481.705,80.055,202.395,12.17,90.699,60.358,145.732,42.95,41.708,148.172,1484.006,2946.769,170.701,256.671,546.78,693.466,1368.653,235.547,366.477,5693.974,667.006,411.559,273.857,64.54,134.626,105.732,67.881,742.198,260.514,172.896,1365.885,23.941,1173.466,2327.266,33.337,81.257,727.536,788.801,124.127,4569.539,140.7,3472.525,566.182,937.149,485.507,85.927,48.135,65.43,31.325,64.525,2184.983,102.44,14.726,64.156,852.203,1610.234,427.304,112.478,5.005,129.65,68.888,1192.786,9.934,165.92,668.531,111.402,584.019
2026-06-26,8380.093,1466.375,2255.73,551.603,257.384,2123.286,296.161,481.816,77.331,197.502,12.159,88.919,60.958,141.432,41.4,43.048,153.648,1598.689,2961.48,164.671,293.033,530.621,666.492,1339.835,226.514,368.539,5721.591,674.109,402.684,244.067,56.89,130.46,99.56,62.871,723.208,257.243,164.708,1402.701,22.845,1097.494,2264.157,39.042,73.397,745.896,777.201,119.74,5152.88,148.76,4246.333,521.128,886.203,471.927,82.861,41.82,63.74,29.964,64.507,2253.711,100.67,14.592,55.756,825.795,1440.139,420.546,110.288,4.945,125.63,68.981,1187.831,9.64,163.231,667.332,106.572,552.847
2026-07-03,8525.402,1466.93,2296.018,556.561,260.509,2143.283,303.796,487.36,79.442,200.725,12.045,89.696,59.517,145.152,42.62,46.668,159.262,1675.925,3301.6,170.711,307.004,563.538,700.692,1377.318,238.477,380.285,5842.188,696.735,418.149,274.877,57.7,132.628,103.535,64.911,721.408,254.934,163.236,1177.551,23.788,1079.568,2147.749,41.756,67.897,758.136,810.001,140.773,5174.31,140.31,3740.175,551.982,896.866,490.801,84.512,45.9,64.87,30.804,65.207,2188.244,102.41,14.836,59.596,859.475,1631.119,430.881,115.238,5.045,125.21,68.935,1195.758,9.752,162.672,724.566,107.232,562.816
2026-07-10,8584.662,1473.592,2315.759,561.087,260.408,2160.251,301.646,488.136,79.583,204.814,12.348,90.731,60.22,145.932,42.59,46.046,156.71,1608.051,3378.097,172.261,305.075,551.568,716.412,1376.512,241.081,384.147,5834.823,690.684,420.824,279.467,57.37,132.685,102.175,62.971,665.176,246.467,159.188,1074.7,22.106,973.377,2072.542,38.122,69.447,766.236,829.601,142.001,5079.54,163.02,3379.229,573.669,900.42,668.567,85.691,45.75,66.21,32.184,66.923,2176.455,102.32,14.702,56.536,870.956,1443.368,418.162,113.918,5.075,124.45,68.749,1197.74,9.906,164.729,745.815,109.732,621.088
2026-07-17,8854.908,1496.464,2401.976,586.694,264.171,2234.787,318.548,501.775,81.187,209.24,12.598,92.09,63.375,148.372,43.87,47.676,152.998,1569.823,3227.456,180.121,292.351,577.283,879.577,1428.908,260.287,398.097,5991.322,706.469,429.959,289.877,59.62,134.226,103.388,57.371,685.408,239.54,151.092,955.476,20.45,917.551,1938.803,31.128,60.767,742.836,778.801,143.23,4296.108,139.88,2562.341,548.238,850.659,575.579,87.932,46.71,69.15,33.564,68.236,2209.815,104.0,15.044,56.266,869.808,1350.57,416.77,117.068,5.235,125.69,70.489,1196.749,10.202,165.52,774.775,113.152,557.481
2026-07-24,9104.837,1507.706,2413.055,605.317,262.726,2291.143,317.436,505.434,81.552,213.822,12.786,93.967,64.01,155.012,46.07,48.936,154.622,1546.419,3242.755,177.071,309.074,564.116,789.555,1420.444,252.312,404.81,6038.272,727.779,423.956,285.137,61.0,134.169,104.329,57.401,726.826,252.433,157.164,1062.307,20.603,956.647,2026.395,29.84,63.427,784.956,795.201,133.483,4801.548,143.73,2528.589,519.321,879.094,636.267,88.757,51.435,70.9,33.964,69.829,2302.874,104.3,15.227,61.156,905.402,1355.522,447.476,118.328,5.435,126.29,70.745,1193.777,10.44,166.943,755.068,114.442,543.439
2026-07-31,9404.178,1569.19,2572.595,662.394,274.688,2294.779,336.636,517.187,85.301,215.453,13.037,95.812,63.787,156.772,46.48,48.146,156.849,1606.491,3279.827,189.571,317.141,601.222,848.577,1457.927,262.565,416.435,6207.659,765.401,428.263,297.851,63.07,139.533,111.338,65.321,748.948,263.401,162.132,971.397,21.851,961.768,1924.702,28.552,59.877,823.836,806.801,122.413,4359.288,123.99,2098.33,562.438,963.61,532.691,95.244,53.595,70.89,34.064,70.162,2321.937,106.67,15.495,62.596,942.526,1456.933,448.867,122.798,5.545,135.91,73.019,1220.532,10.44,172.163,765.007,117.162,532.46
2026-08-07,9171.301,1529.08,2526.466,632.131,267.766,2240.847,321.662,498.116,82.472,212.269,12.557,94.0,63.101,153.732,45.59,47.196,154.622,1591.668,3311.603,182.101,379.211,585.662,835.062,1415.607,252.149,401.06,6005.131,732.252,412.081,280.661,59.38,136.075,105.898,59.891,735.934,262.246,175.012,1069.001,22.386,973.377,1908.679,31.128,72.007,816.456,811.601,123.844,4769.895,128.5,2309.344,579.349,957.686,580.106,89.583,56.895,69.14,34.304,67.816,2352.287,104.27,15.044,66.526,905.402,1468.56,440.123,117.728,5.455,131.53,71.116,1208.641,10.188,172.48,751.47,115.252,544.957
2026-08-14,9355.723,1510.205,2542.178,646.358,266.893,2198.428,317.214,501.775,81.234,210.949,12.588,92.996,64.336,150.472,44.04,45.466,151.652,1551.88,3193.915,181.161,389.606,579.078,810.792,1400.896,247.592,399.297,5986.719,727.779,410.58,277.241,58.9,134.078,103.701,56.271,749.006,256.858,172.436,1092.158,21.979,998.986,1895.273,29.932,70.017,773.976,796.801,125.626,4685.676,132.87,2311.704,556.758,932.015,586.321,88.875,52.965,69.92,34.634,68.429,2285.065,103.07,15.031,59.356,873.635,1395.354,458.705,116.048,5.41,128.01,69.399,1199.722,10.02,172.005,765.521,117.462,549.871
2026-08-21,8966.506,1474.674,2457.17,616.31,261.013,2191.762,311.506,505.101,79.194,212.658,12.807,93.223,67.525,153.672,44.54,45.656,150.771,1508.191,2906.755,185.141,398.121,556.336,763.961,1386.79,241.814,404.06,6110.077,727.088,410.841,281.951,58.27,134.306,102.969,53.571,744.002,252.433,169.032,1059.232,21.316,987.889,1832.164,30.806,66.667,775.236,782.401,118.525,4532.591,124.8,2265.495,523.323,900.026,567.523,86.752,56.91,71.61,34.994,68.184,2308.643,103.22,15.105,59.896,875.549,1348.632,454.929,115.328,5.38,124.47,68.935,1194.767,10.006,170.74,761.751,116.002,532.039
2026-08-28,9104.781,1479.116,2409.975,627.001,262.021,2280.236,304.612,504.769,79.572,214.405,12.901,91.055,67.182,158.672,45.89,46.896,154.529,1547.979,2882.04,194.991,385.279,551.548,781.612,1400.292,247.592,411.297,6087.967,733.928,406.795,287.501,58.6,135.447,103.283,53.661,703.232,252.625,164.708,920.016,21.316,962.793,1895.927,30.438,67.867,787.836,788.801,113.368,4425.69,125.88,2198.322,534.554,926.091,575.886,87.578,56.775,72.83,36.334,68.341,2410.48,105.71,15.129,62.566,887.031,1413.655,479.474,118.838,5.37,126.59,70.629,1202.695,10.104,170.74,806.476,117.612,529.932
2026-09-04,9288.246,1485.639,2439.788,642.219,263.566,2280.236,306.687,497.007,79.984,223.491,13.183,93.611,68.279,163.452,48.33,47.796,154.808,1526.915,2805.543,200.601,378.082,559.927,762.03,1420.847,244.825,416.322,6086.126,757.08,404.968,272.741,57.46,136.189,103.492,52.591,671.732,239.925,159.464,836.252,19.864,906.795,1820.719,29.012,67.517,783.696,790.401,111.005,4050.78,121.14,2061.451,527.325,928.461,578.034,87.106,54.825,72.81,35.504,68.989,2400.948,104.63,15.166,59.476,921.476,1354.66,496.765,114.488,5.41,129.09,71.139,1210.623,10.02,171.689,845.718,120.052,522.069
2026-09-11,8979.619,1454.689,2313.083,606.093,258.459,2268.116,305.056,490.021,78.829,222.171,13.163,93.32,69.994,158.592,47.09,46.616,149.843,1461.381,2608.415,194.751,371.99,540.177,739.856,1408.352,238.803,411.41,6064.032,731.034,394.267,262.541,56.08,143.323,102.865,49.451,634.85,231.266,156.336,799.797,19.634,865.138,1856.361,27.724,67.897,754.536,774.801,106.456,4024.434,117.41,2058.378,522.806,866.851,522.948,85.573,53.19,72.71,35.314,69.041,2342.003,102.98,15.141,58.771,913.056,1229.996,494.38,111.188,5.32,123.23,69.77,1192.786,9.95,168.683,815.044,117.472,509.432
