date,close,adjclose
2007-01-18,1.309,1.309
2007-01-19,1.337,1.337
2007-01-22,1.394,1.394
2007-01-23,1.421,1.421
2007-01-24,1.467,1.467
2007-01-25,1.406,1.406
2007-01-26,1.436,1.436
2007-01-29,1.48,1.48
2007-01-30,1.489,1.489
2007-01-31,1.387,1.387
2007-02-01,1.372,1.372
2007-02-02,1.315,1.315
2007-02-05,1.286,1.286
2007-02-06,1.309,1.309
2007-02-07,1.339,1.339
2007-02-08,1.357,1.357
2007-02-09,1.337,1.337
2007-02-12,1.389,1.389
2007-02-13,1.41,1.41
2007-02-14,1.447,1.447
2007-02-15,1.506,1.506
2007-02-16,1.521,1.521
2007-02-26,1.596,1.596
2007-02-27,1.448,1.448
2007-02-28,1.52,1.52
2007-03-01,1.48,1.48
2007-03-02,1.491,1.491
2007-03-05,1.465,1.465
2007-03-06,1.478,1.478
2007-03-07,1.51,1.51
2007-03-08,1.52,1.52
2007-03-09,1.519,1.519
2007-03-12,1.531,1.531
2007-03-13,1.538,1.538
2007-03-14,1.499,1.499
2007-03-15,1.529,1.529
2007-03-16,1.491,1.491
2007-03-19,1.519,1.519
2007-03-20,1.533,1.533
2007-03-21,1.552,1.552
2007-03-22,1.565,1.565
2007-03-23,1.571,1.571
2007-03-26,1.607,1.607
2007-03-27,1.618,1.618
2007-03-28,1.632,1.632
2007-03-29,1.623,1.623
2007-03-30,1.623,1.623
2007-04-02,1.683,1.683
2007-04-03,1.7,1.7
2007-04-04,1.7,1.7
2007-04-05,1.72,1.72
2007-04-06,1.735,1.735
2007-04-09,1.788,1.788
2007-04-10,1.822,1.822
2007-04-11,1.847,1.847
2007-04-12,1.872,1.872
2007-04-13,1.86,1.86
2007-04-16,1.904,1.904
2007-04-17,1.93,1.93
2007-04-18,1.942,1.942
2007-04-19,1.849,1.849
2007-04-20,1.921,1.921
2007-04-23,2.033,2.033
2007-04-24,2.076,2.076
2007-04-25,2.071,2.071
2007-04-26,2.103,2.103
2007-04-27,2.092,2.092
2007-04-30,2.12,2.12
2007-05-08,2.22,2.22
2007-05-09,2.231,2.231
2007-05-10,2.272,2.272
2007-05-11,2.252,2.252
2007-05-14,2.277,2.277
2007-05-15,2.181,2.181
2007-05-16,2.219,2.219
2007-05-17,2.261,2.261
2007-05-18,2.268,2.268
2007-05-21,2.288,2.288
2007-05-22,2.318,2.318
2007-05-23,2.377,2.377
2007-05-24,2.354,2.354
2007-05-25,2.358,2.358
2007-05-28,2.413,2.413
2007-05-29,2.478,2.478
2007-05-30,2.294,2.294
2007-05-31,2.321,2.321
2007-06-01,2.202,2.202
2007-06-04,1.999,1.999
2007-06-05,2.09,2.09
2007-06-06,2.107,2.107
2007-06-07,2.181,2.181
2007-06-08,2.196,2.196
2007-06-11,2.221,2.221
2007-06-12,2.32,2.32
2007-06-13,2.383,2.383
2007-06-14,2.324,2.324
2007-06-15,2.318,2.318
2007-06-18,2.373,2.373
2007-06-19,2.396,2.396
2007-06-20,2.359,2.359
2007-06-21,2.37,2.37
2007-06-22,2.296,2.296
2007-06-25,2.161,2.161
2007-06-26,2.204,2.204
2007-06-27,2.261,2.261
2007-06-28,2.156,2.156
2007-06-29,2.078,2.078
2007-07-02,2.099,2.099
2007-07-03,2.138,2.138
2007-07-04,2.098,2.098
2007-07-05,1.972,1.972
2007-07-06,2.062,2.062
2007-07-09,2.122,2.122
2007-07-10,2.074,2.074
2007-07-11,2.09,2.09
2007-07-12,2.103,2.103
2007-07-13,2.106,2.106
2007-07-16,2.039,2.039
2007-07-17,2.075,2.075
2007-07-18,2.09,2.09
2007-07-19,2.069,2.069
2007-07-20,2.151,2.151
2007-07-23,2.286,2.286
2007-07-24,2.294,2.294
2007-07-25,2.358,2.358
2007-07-26,2.375,2.375
2007-07-27,2.398,2.398
2007-07-30,2.48,2.48
2007-07-31,2.496,2.496
2007-08-01,2.406,2.406
2007-08-02,2.482,2.482
2007-08-03,2.524,2.524
2007-08-06,2.597,2.597
2007-08-07,2.628,2.628
2007-08-08,2.574,2.574
2007-08-09,2.621,2.621
2007-08-10,2.605,2.605
2007-08-13,2.609,2.609
2007-08-14,2.641,2.641
2007-08-15,2.658,2.658
2007-08-16,2.616,2.616
2007-08-17,2.569,2.569
2007-08-20,2.783,2.783
2007-08-21,2.771,2.771
2007-08-22,2.779,2.779
2007-08-23,2.802,2.802
2007-08-24,2.9,2.9
2007-08-27,2.934,2.934
2007-08-28,2.932,2.932
2007-08-29,2.878,2.878
2007-08-30,2.918,2.918
2007-08-31,2.968,2.968
2007-09-03,3.092,3.092
2007-09-05,3.077,3.077
2007-09-06,3.157,3.157
2007-09-07,3.116,3.116
2007-09-10,3.155,3.155
2007-09-11,3.001,3.001
2007-09-12,3.032,3.032
2007-09-13,3.153,3.153
2007-09-14,3.248,3.248
2007-09-17,3.36,3.36
2007-09-18,3.309,3.309
2007-09-19,3.257,3.257
2007-09-20,3.263,3.263
2007-09-21,3.194,3.194
2007-09-24,3.221,3.221
2007-09-25,3.172,3.172
2007-09-26,3.102,3.102
2007-09-27,3.119,3.119
2007-09-28,3.214,3.214
2007-10-08,3.195,3.195
2007-10-09,3.188,3.188
2007-10-10,3.22,3.22
2007-10-11,3.226,3.226
2007-10-12,3.235,3.235
2007-10-15,3.4,3.4
2007-10-16,3.39,3.39
2007-10-17,3.378,3.378
2007-10-18,3.254,3.254
2007-10-19,3.225,3.225
2007-10-22,3.092,3.092
2007-10-23,3.116,3.116
2007-10-24,3.205,3.205
2007-10-25,3.014,3.014
2007-10-26,3.054,3.054
2007-10-29,3.12,3.12
2007-10-30,3.194,3.194
2007-10-31,3.213,3.213
2007-11-01,3.223,3.223
2007-11-02,3.185,3.185
2007-11-05,3.084,3.084
2007-11-06,2.982,2.982
2007-11-07,2.993,2.993
2007-11-08,2.832,2.832
2007-11-09,2.813,2.813
2007-11-12,2.758,2.758
2007-11-13,2.795,2.795
2007-11-14,2.904,2.904
2007-11-15,2.843,2.843
2007-11-16,2.824,2.824
2007-11-19,2.83,2.83
2007-11-20,2.876,2.876
2007-11-21,2.841,2.841
2007-11-22,2.752,2.752
2007-11-23,2.777,2.777
2007-11-26,2.737,2.737
2007-11-27,2.688,2.688
2007-11-28,2.619,2.619
2007-11-29,2.73,2.73
2007-11-30,2.661,2.661
2007-12-03,2.679,2.679
2007-12-04,2.729,2.729
2007-12-05,2.841,2.841
2007-12-06,2.834,2.834
2007-12-07,2.903,2.903
2007-12-10,2.959,2.959
2007-12-11,2.966,2.966
2007-12-12,2.938,2.938
2007-12-13,2.811,2.811
2007-12-14,2.851,2.851
2007-12-17,2.787,2.787
2007-12-18,2.75,2.75
2007-12-19,2.847,2.847
2007-12-20,2.926,2.926
2007-12-21,2.957,2.957
2007-12-24,2.996,2.996
2007-12-25,3.006,3.006
2007-12-26,3.035,3.035
2007-12-27,3.07,3.07
2007-12-28,3.039,3.039
2008-01-03,3.141,3.141
2008-01-04,3.168,3.168
2008-01-07,3.181,3.181
2008-01-08,3.185,3.185
2008-01-09,3.249,3.249
2008-01-10,3.257,3.257
2008-01-11,3.252,3.252
2008-01-14,3.278,3.278
2008-01-15,3.254,3.254
2008-01-16,3.176,3.176
2008-01-17,3.061,3.061
2008-01-18,3.047,3.047
2008-01-21,2.887,2.887
2008-01-22,2.648,2.648
2008-01-23,2.801,2.801
2008-01-24,2.805,2.805
2008-01-25,2.826,2.826
2008-01-28,2.615,2.615
2008-01-29,2.621,2.621
2008-01-30,2.623,2.623
2008-01-31,2.602,2.602
2008-02-01,2.548,2.548
2008-02-04,2.803,2.803
2008-02-05,2.776,2.776
2008-02-13,2.712,2.712
2008-02-14,2.756,2.756
2008-02-15,2.731,2.731
2008-02-18,2.774,2.774
2008-02-19,2.853,2.853
2008-02-20,2.811,2.811
2008-02-21,2.816,2.816
2008-02-22,2.721,2.721
2008-02-25,2.63,2.63
2008-02-26,2.623,2.623
2008-02-27,2.672,2.672
2008-02-28,2.67,2.67
2008-02-29,2.679,2.679
2008-03-03,2.738,2.738
2008-03-04,2.657,2.657
2008-03-05,2.603,2.603
2008-03-06,2.615,2.615
2008-03-07,2.574,2.574
2008-03-10,2.484,2.484
2008-03-11,2.474,2.474
2008-03-12,2.407,2.407
2008-03-13,2.321,2.321
2008-03-14,2.295,2.295
2008-03-17,2.181,2.181
2008-03-18,2.056,2.056
2008-03-19,2.137,2.137
2008-03-20,2.226,2.226
2008-03-21,2.281,2.281
2008-03-24,2.172,2.172
2008-03-25,2.202,2.202
2008-03-26,2.201,2.201
2008-03-27,2.082,2.082
2008-03-28,2.149,2.149
2008-03-31,2.053,2.053
2008-04-01,1.908,1.908
2008-04-02,1.864,1.864
2008-04-03,1.939,1.939
2008-04-07,2.05,2.05
2008-04-08,2.071,2.071
2008-04-09,1.988,1.988
2008-04-10,2.01,2.01
2008-04-11,2.032,2.032
2008-04-14,1.905,1.905
2008-04-15,1.925,1.925
2008-04-16,1.866,1.866
2008-04-17,1.794,1.794
2008-04-18,1.712,1.712
2008-04-21,1.726,1.726
2008-04-22,1.746,1.746
2008-04-23,1.836,1.836
2008-04-24,2.02,2.02
2008-04-25,2.065,2.065
2008-04-28,2.021,2.021
2008-04-29,2.064,2.064
2008-04-30,2.174,2.174
2008-05-05,2.214,2.214
2008-05-06,2.186,2.186
2008-05-07,2.092,2.092
2008-05-08,2.143,2.143
2008-05-09,2.151,2.151
2008-05-12,2.176,2.176
2008-05-13,2.176,2.176
2008-05-14,2.212,2.212
2008-05-15,2.221,2.221
2008-05-16,2.191,2.191
2008-05-19,2.183,2.183
2008-05-20,2.068,2.068
2008-05-21,2.128,2.128
2008-05-22,2.091,2.091
2008-05-23,2.059,2.059
2008-05-26,1.995,1.995
2008-05-27,1.99,1.99
2008-05-28,2.049,2.049
2008-05-29,1.993,1.993
2008-05-30,2.026,2.026
2008-06-02,2.033,2.033
2008-06-03,2.025,2.025
2008-06-04,1.989,1.989
2008-06-05,1.966,1.966
2008-06-06,1.969,1.969
2008-06-10,1.781,1.781
2008-06-11,1.761,1.761
2008-06-12,1.723,1.723
2008-06-13,1.677,1.677
2008-06-16,1.681,1.681
2008-06-17,1.617,1.617
2008-06-18,1.713,1.713
2008-06-19,1.569,1.569
2008-06-20,1.602,1.602
2008-06-23,1.547,1.547
2008-06-24,1.55,1.55
2008-06-25,1.63,1.63
2008-06-26,1.64,1.64
2008-06-27,1.521,1.521
2008-06-30,1.497,1.497
2008-07-01,1.448,1.448
2008-07-02,1.459,1.459
2008-07-03,1.498,1.498
2008-07-04,1.481,1.481
2008-07-07,1.568,1.568
2008-07-08,1.583,1.583
2008-07-09,1.649,1.649
2008-07-10,1.618,1.618
2008-07-11,1.601,1.601
2008-07-14,1.618,1.618
2008-07-15,1.562,1.562
2008-07-16,1.507,1.507
2008-07-17,1.482,1.482
2008-07-18,1.541,1.541
2008-07-21,1.596,1.596
2008-07-22,1.594,1.594
2008-07-23,1.581,1.581
2008-07-24,1.624,1.624
2008-07-25,1.597,1.597
2008-07-28,1.619,1.619
2008-07-29,1.593,1.593
2008-07-30,1.582,1.582
2008-07-31,1.535,1.535
2008-08-01,1.533,1.533
2008-08-04,1.49,1.49
2008-08-05,1.446,1.446
2008-08-06,1.454,1.454
2008-08-07,1.455,1.455
2008-08-08,1.381,1.381
2008-08-11,1.304,1.304
2008-08-12,1.321,1.321
2008-08-13,1.33,1.33
2008-08-14,1.328,1.328
2008-08-15,1.329,1.329
2008-08-18,1.257,1.257
2008-08-19,1.269,1.269
2008-08-20,1.373,1.373
2008-08-21,1.301,1.301
2008-08-22,1.268,1.268
2008-08-25,1.258,1.258
2008-08-26,1.21,1.21
2008-08-27,1.209,1.209
2008-08-28,1.22,1.22
2008-08-29,1.252,1.252
2008-09-01,1.217,1.217
2008-09-02,1.213,1.213
2008-09-03,1.206,1.206
2008-09-04,1.218,1.218
2008-09-05,1.189,1.189
2008-09-08,1.14,1.14
2008-09-09,1.148,1.148
2008-09-10,1.159,1.159
2008-09-11,1.134,1.134
2008-09-12,1.145,1.145
2008-09-16,1.121,1.121
2008-09-17,1.099,1.099
2008-09-18,1.067,1.067
2008-09-19,1.174,1.174
2008-09-22,1.248,1.248
2008-09-23,1.183,1.183
2008-09-24,1.193,1.193
2008-09-25,1.237,1.237
2008-09-26,1.246,1.246
2008-10-06,1.171,1.171
2008-10-07,1.167,1.167
2008-10-08,1.136,1.136
2008-10-09,1.113,1.113
2008-10-10,1.065,1.065
2008-10-13,1.098,1.098
2008-10-14,1.069,1.069
2008-10-15,1.038,1.038
2008-10-16,0.99,0.99
2008-10-17,0.999,0.999
2008-10-20,1.031,1.031
2008-10-21,1.018,1.018
2008-10-22,0.991,0.991
2008-10-23,0.99,0.99
2008-10-24,0.961,0.961
2008-10-27,0.882,0.882
2008-10-28,0.905,0.905
2008-10-29,0.87,0.87
2008-10-30,0.885,0.885
2008-10-31,0.872,0.872
2008-11-03,0.862,0.862
2008-11-04,0.85,0.85
2008-11-05,0.879,0.879
2008-11-06,0.868,0.868
2008-11-07,0.874,0.874
2008-11-10,0.959,0.959
2008-11-11,0.946,0.946
2008-11-12,0.959,0.959
2008-11-13,1.014,1.014
2008-11-14,1.041,1.041
2008-11-17,1.071,1.071
2008-11-18,0.99,0.99
2008-11-19,1.059,1.059
2008-11-20,1.047,1.047
2008-11-21,1.039,1.039
2008-11-24,1.003,1.003
2008-11-25,0.993,0.993
2008-11-26,1.008,1.008
2008-11-27,1.027,1.027
2008-11-28,1.009,1.009
2008-12-01,1.025,1.025
2008-12-02,1.026,1.026
2008-12-03,1.074,1.074
2008-12-04,1.098,1.098
2008-12-05,1.105,1.105
2008-12-08,1.149,1.149
2008-12-09,1.12,1.12
2008-12-10,1.134,1.134
2008-12-11,1.098,1.098
2008-12-12,1.056,1.056
2008-12-15,1.068,1.068
2008-12-16,1.079,1.079
2008-12-17,1.078,1.078
2008-12-18,1.09,1.09
2008-12-19,1.097,1.097
2008-12-22,1.075,1.075
2008-12-23,1.024,1.024
2008-12-24,1.003,1.003
2008-12-25,0.991,0.991
2008-12-26,0.991,0.991
2008-12-29,0.988,0.988
2008-12-30,0.976,0.976
2008-12-31,0.961,0.961
2009-01-05,0.999,0.999
2009-01-06,1.034,1.034
2009-01-07,1.03,1.03
2009-01-08,1.011,1.011
2009-01-09,1.031,1.031
2009-01-12,1.039,1.039
2009-01-13,1.018,1.018
2009-01-14,1.051,1.051
2009-01-15,1.043,1.043
2009-01-16,1.07,1.07
2009-01-19,1.075,1.075
2009-01-20,1.082,1.082
2009-01-21,1.071,1.071
2009-01-22,1.085,1.085
2009-01-23,1.085,1.085
2009-02-02,1.098,1.098
2009-02-03,1.128,1.128
2009-02-04,1.159,1.159
2009-02-05,1.159,1.159
2009-02-06,1.206,1.206
2009-02-09,1.235,1.235
2009-02-10,1.25,1.25
2009-02-11,1.252,1.252
2009-02-12,1.246,1.246
2009-02-13,1.292,1.292
2009-02-16,1.341,1.341
2009-02-17,1.292,1.292
2009-02-18,1.225,1.225
2009-02-19,1.248,1.248
2009-02-20,1.278,1.278
2009-02-23,1.308,1.308
2009-02-24,1.247,1.247
2009-02-25,1.246,1.246
2009-02-26,1.185,1.185
2009-02-27,1.14,1.14
2009-03-02,1.155,1.155
2009-03-03,1.157,1.157
2009-03-04,1.236,1.236
2009-03-05,1.239,1.239
2009-03-06,1.225,1.225
2009-03-09,1.185,1.185
2009-03-10,1.2,1.2
2009-03-11,1.187,1.187
2009-03-12,1.185,1.185
2009-03-13,1.174,1.174
2009-03-16,1.186,1.186
2009-03-17,1.228,1.228
2009-03-18,1.243,1.243
2009-03-19,1.269,1.269
2009-03-20,1.272,1.272
2009-03-23,1.299,1.299
2009-03-24,1.313,1.313
2009-03-25,1.278,1.278
2009-03-26,1.313,1.313
2009-03-27,1.331,1.331
2009-03-30,1.318,1.318
2009-03-31,1.318,1.318
2009-04-01,1.343,1.343
2009-04-02,1.358,1.358
2009-04-03,1.35,1.35
2009-04-07,1.353,1.353
2009-04-08,1.305,1.305
2009-04-09,1.317,1.317
2009-04-10,1.345,1.345
2009-04-13,1.394,1.394
2009-04-14,1.406,1.406
2009-04-15,1.417,1.417
2009-04-16,1.421,1.421
2009-04-17,1.406,1.406
2009-04-20,1.431,1.431
2009-04-21,1.42,1.42
2009-04-22,1.368,1.368
2009-04-23,1.376,1.376
2009-04-24,1.361,1.361
2009-04-27,1.317,1.317
2009-04-28,1.323,1.323
2009-04-29,1.358,1.358
2009-04-30,1.366,1.366
2009-05-04,1.421,1.421
2009-05-05,1.431,1.431
2009-05-06,1.451,1.451
2009-05-07,1.452,1.452
2009-05-08,1.456,1.456
2009-05-11,1.423,1.423
2009-05-12,1.459,1.459
2009-05-13,1.469,1.469
2009-05-14,1.459,1.459
2009-05-15,1.457,1.457
2009-05-18,1.468,1.468
2009-05-19,1.481,1.481
2009-05-20,1.467,1.467
2009-05-21,1.438,1.438
2009-05-22,1.432,1.432
2009-05-25,1.434,1.434
2009-05-26,1.416,1.416
2009-05-27,1.431,1.431
2009-06-01,1.471,1.471
2009-06-02,1.475,1.475
2009-06-03,1.501,1.501
2009-06-04,1.515,1.515
2009-06-05,1.499,1.499
2009-06-08,1.489,1.489
2009-06-09,1.489,1.489
2009-06-10,1.512,1.512
2009-06-11,1.503,1.503
2009-06-12,1.462,1.462
2009-06-15,1.478,1.478
2009-06-16,1.479,1.479
2009-06-17,1.502,1.502
2009-06-18,1.518,1.518
2009-06-19,1.522,1.522
2009-06-22,1.529,1.529
2009-06-23,1.537,1.537
2009-06-24,1.571,1.571
2009-06-25,1.567,1.567
2009-06-26,1.566,1.566
2009-06-29,1.582,1.582
2009-06-30,1.566,1.566
2009-07-02,1.608,1.608
2009-07-03,1.626,1.626
2009-07-06,1.683,1.683
2009-07-07,1.673,1.673
2009-07-08,1.685,1.685
2009-07-09,1.722,1.722
2009-07-10,1.718,1.718
2009-07-13,1.693,1.693
2009-07-14,1.749,1.749
2009-07-15,1.793,1.793
2009-07-16,1.782,1.782
2009-07-17,1.794,1.794
2009-07-20,1.839,1.839
2009-07-21,1.805,1.805
2009-07-22,1.854,1.854
2009-07-23,1.866,1.866
2009-07-24,1.88,1.88
2009-07-27,1.921,1.921
2009-07-28,1.958,1.958
2009-07-29,1.87,1.87
2009-07-30,1.898,1.898
2009-07-31,1.963,1.963
2009-08-03,2.033,2.033
2009-08-04,2.061,2.061
2009-08-05,2.027,2.027
2009-08-06,1.961,1.961
2009-08-07,1.883,1.883
2009-08-10,1.901,1.901
2009-08-11,1.908,1.908
2009-08-12,1.809,1.809
2009-08-13,1.819,1.819
2009-08-14,1.762,1.762
2009-08-17,1.641,1.641
2009-08-18,1.688,1.688
2009-08-19,1.585,1.585
2009-08-20,1.656,1.656
2009-08-21,1.697,1.697
2009-08-24,1.711,1.711
2009-08-25,1.662,1.662
2009-08-26,1.706,1.706
2009-08-27,1.687,1.687
2009-08-28,1.634,1.634
2009-08-31,1.49,1.49
2009-09-01,1.496,1.496
2009-09-02,1.516,1.516
2009-09-03,1.611,1.611
2009-09-04,1.619,1.619
2009-09-07,1.621,1.621
2009-09-08,1.654,1.654
2009-09-09,1.679,1.679
2009-09-10,1.655,1.655
2009-09-11,1.683,1.683
2009-09-14,1.711,1.711
2009-09-15,1.719,1.719
2009-09-16,1.691,1.691
2009-09-17,1.728,1.728
2009-09-18,1.668,1.668
2009-09-21,1.666,1.666
2009-09-22,1.613,1.613
2009-09-23,1.579,1.579
2009-09-24,1.582,1.582
2009-09-25,1.572,1.572
2009-09-28,1.52,1.52
2009-09-29,1.517,1.517
2009-09-30,1.531,1.531
2009-10-09,1.611,1.611
2009-10-12,1.601,1.601
2009-10-13,1.634,1.634
2009-10-14,1.652,1.652
2009-10-15,1.663,1.663
2009-10-16,1.664,1.664
2009-10-19,1.707,1.707
2009-10-20,1.722,1.722
2009-10-21,1.714,1.714
2009-10-22,1.7,1.7
2009-10-23,1.725,1.725
2009-10-26,1.732,1.732
2009-10-27,1.687,1.687
2009-10-28,1.692,1.692
2009-10-29,1.657,1.657
2009-10-30,1.67,1.67
2009-11-02,1.718,1.718
2009-11-03,1.742,1.742
2009-11-04,1.756,1.756
2009-11-05,1.774,1.774
2009-11-06,1.793,1.793
2009-11-09,1.805,1.805
2009-11-10,1.806,1.806
2009-11-11,1.795,1.795
2009-11-12,1.799,1.799
2009-11-13,1.802,1.802
2009-11-16,1.858,1.858
2009-11-17,1.853,1.853
2009-11-18,1.859,1.859
2009-11-19,1.875,1.875
2009-11-20,1.863,1.863
2009-11-23,1.891,1.891
2009-11-24,1.839,1.839
2009-11-25,1.891,1.891
2009-11-26,1.813,1.813
2009-11-27,1.76,1.76
2009-11-30,1.829,1.829
2009-12-01,1.864,1.864
2009-12-02,1.875,1.875
2009-12-03,1.888,1.888
2009-12-04,1.906,1.906
2009-12-07,1.916,1.916
2009-12-08,1.902,1.902
2009-12-09,1.868,1.868
2009-12-10,1.872,1.872
2009-12-11,1.866,1.866
2009-12-14,1.887,1.887
2009-12-15,1.885,1.885
2009-12-16,1.868,1.868
2009-12-17,1.821,1.821
2009-12-18,1.79,1.79
2009-12-21,1.792,1.792
2009-12-22,1.748,1.748
2009-12-23,1.764,1.764
2009-12-24,1.816,1.816
2009-12-25,1.81,1.81
2009-12-28,1.843,1.843
2009-12-29,1.844,1.844
2009-12-30,1.87,1.87
2009-12-31,1.877,1.877
2010-01-04,1.851,1.851
2010-01-05,1.874,1.874
2010-01-06,1.871,1.871
2010-01-07,1.825,1.825
2010-01-08,1.826,1.826
2010-01-11,1.827,1.827
2010-01-12,1.854,1.854
2010-01-13,1.783,1.783
2010-01-14,1.807,1.807
2010-01-15,1.812,1.812
2010-01-18,1.818,1.818
2010-01-19,1.821,1.821
2010-01-20,1.767,1.767
2010-01-21,1.771,1.771
2010-01-22,1.77,1.77
2010-01-25,1.74,1.74
2010-01-26,1.697,1.697
2010-01-27,1.674,1.674
2010-01-28,1.664,1.664
2010-01-29,1.662,1.662
2010-02-01,1.636,1.636
2010-02-02,1.634,1.634
2010-02-03,1.68,1.68
2010-02-04,1.672,1.672
2010-02-05,1.636,1.636
2010-02-08,1.637,1.637
2010-02-09,1.645,1.645
2010-02-10,1.663,1.663
2010-02-11,1.664,1.664
2010-02-12,1.681,1.681
2010-02-22,1.676,1.676
2010-02-23,1.662,1.662
2010-02-24,1.683,1.683
2010-02-25,1.705,1.705
2010-02-26,1.693,1.693
2010-03-01,1.716,1.716
2010-03-02,1.706,1.706
2010-03-03,1.716,1.716
2010-03-04,1.678,1.678
2010-03-05,1.682,1.682
2010-03-08,1.699,1.699
2010-03-09,1.707,1.707
2010-03-10,1.699,1.699
2010-03-11,1.703,1.703
2010-03-12,1.678,1.678
2010-03-15,1.659,1.659
2010-03-16,1.661,1.661
2010-03-17,1.689,1.689
2010-03-18,1.686,1.686
2010-03-19,1.695,1.695
2010-03-22,1.698,1.698
2010-03-23,1.686,1.686
2010-03-24,1.688,1.688
2010-03-25,1.67,1.67
2010-03-26,1.697,1.697
2010-03-29,1.737,1.737
2010-03-30,1.737,1.737
2010-03-31,1.723,1.723
2010-04-01,1.742,1.742
2010-04-02,1.751,1.751
2010-04-06,1.756,1.756
2010-04-07,1.746,1.746
2010-04-08,1.723,1.723
2010-04-09,1.735,1.735
2010-04-12,1.714,1.714
2010-04-13,1.742,1.742
2010-04-14,1.742,1.742
2010-04-15,1.742,1.742
2010-04-16,1.719,1.719
2010-04-19,1.638,1.638
2010-04-20,1.634,1.634
2010-04-21,1.66,1.66
2010-04-22,1.624,1.624
2010-04-23,1.616,1.616
2010-04-26,1.602,1.602
2010-04-27,1.57,1.57
2010-04-28,1.572,1.572
2010-04-29,1.563,1.563
2010-04-30,1.575,1.575
2010-05-04,1.553,1.553
2010-05-05,1.562,1.562
2010-05-06,1.493,1.493
2010-05-07,1.473,1.473
2010-05-10,1.481,1.481
2010-05-11,1.463,1.463
2010-05-12,1.482,1.482
2010-05-13,1.511,1.511
2010-05-14,1.497,1.497
2010-05-17,1.434,1.434
2010-05-18,1.463,1.463
2010-05-19,1.446,1.446
2010-05-20,1.438,1.438
2010-05-21,1.453,1.453
2010-05-24,1.502,1.502
2010-05-25,1.469,1.469
2010-05-26,1.462,1.462
2010-05-27,1.487,1.487
2010-05-28,1.484,1.484
2010-05-31,1.448,1.448
2010-06-01,1.433,1.433
2010-06-02,1.432,1.432
2010-06-03,1.431,1.431
2010-06-04,1.431,1.431
2010-06-07,1.394,1.394
2010-06-08,1.398,1.398
2010-06-09,1.436,1.436
2010-06-10,1.423,1.423
2010-06-11,1.432,1.432
2010-06-17,1.421,1.421
2010-06-18,1.407,1.407
2010-06-21,1.438,1.438
2010-06-22,1.435,1.435
2010-06-23,1.422,1.422
2010-06-24,1.427,1.427
2010-06-25,1.418,1.418
2010-06-28,1.413,1.413
2010-06-29,1.355,1.355
2010-06-30,1.338,1.338
2010-07-01,1.322,1.322
2010-07-02,1.328,1.328
2010-07-05,1.316,1.316
2010-07-06,1.345,1.345
2010-07-07,1.345,1.345
2010-07-08,1.345,1.345
2010-07-09,1.381,1.381
2010-07-12,1.398,1.398
2010-07-13,1.377,1.377
2010-07-14,1.387,1.387
2010-07-15,1.362,1.362
2010-07-16,1.37,1.37
2010-07-19,1.4,1.4
2010-07-20,1.425,1.425
2010-07-21,1.426,1.426
2010-07-22,1.438,1.438
2010-07-23,1.446,1.446
2010-07-26,1.447,1.447
2010-07-27,1.442,1.442
2010-07-28,1.475,1.475
2010-07-29,1.486,1.486
2010-07-30,1.477,1.477
2010-08-02,1.502,1.502
2010-08-03,1.479,1.479
2010-08-04,1.486,1.486
2010-08-05,1.462,1.462
2010-08-06,1.486,1.486
2010-08-09,1.487,1.487
2010-08-10,1.449,1.449
2010-08-11,1.452,1.452
2010-08-12,1.435,1.435
2010-08-13,1.452,1.452
2010-08-16,1.484,1.484
2010-08-17,1.486,1.486
2010-08-18,1.48,1.48
2010-08-19,1.487,1.487
2010-08-20,1.47,1.47
2010-08-23,1.456,1.456
2010-08-24,1.461,1.461
2010-08-25,1.428,1.428
2010-08-26,1.43,1.43
2010-08-27,1.436,1.436
2010-08-30,1.456,1.456
2010-08-31,1.444,1.444
2010-09-01,1.442,1.442
2010-09-02,1.457,1.457
2010-09-03,1.449,1.449
2010-09-06,1.482,1.482
2010-09-07,1.48,1.48
2010-09-08,1.474,1.474
2010-09-09,1.455,1.455
2010-09-10,1.451,1.451
2010-09-13,1.462,1.462
2010-09-14,1.458,1.458
2010-09-15,1.442,1.442
2010-09-16,1.408,1.408
2010-09-17,1.406,1.406
2010-09-20,1.408,1.408
2010-09-21,1.408,1.408
2010-09-27,1.42,1.42
2010-09-28,1.406,1.406
2010-09-29,1.41,1.41
2010-09-30,1.434,1.434
2010-10-08,1.476,1.476
2010-10-11,1.518,1.518
2010-10-12,1.533,1.533
2010-10-13,1.545,1.545
2010-10-14,1.566,1.566
2010-10-15,1.626,1.626
2010-10-18,1.623,1.623
2010-10-19,1.646,1.646
2010-10-20,1.649,1.649
2010-10-21,1.631,1.631
2010-10-22,1.628,1.628
2010-10-25,1.664,1.664
2010-10-26,1.651,1.651
2010-10-27,1.642,1.642
2010-10-28,1.642,1.642
2010-10-29,1.618,1.618
2010-11-01,1.662,1.662
2010-11-02,1.654,1.654
2010-11-03,1.643,1.643
2010-11-04,1.665,1.665
2010-11-05,1.681,1.681
2010-11-08,1.701,1.701
2010-11-09,1.685,1.685
2010-11-10,1.668,1.668
2010-11-11,1.677,1.677
2010-11-12,1.6,1.6
2010-11-15,1.608,1.608
2010-11-16,1.545,1.545
2010-11-17,1.52,1.52
2010-11-18,1.535,1.535
2010-11-19,1.548,1.548
2010-11-22,1.53,1.53
2010-11-23,1.51,1.51
2010-11-24,1.516,1.516
2010-11-25,1.532,1.532
2010-11-26,1.526,1.526
2010-11-29,1.512,1.512
2010-11-30,1.495,1.495
2010-12-01,1.499,1.499
2010-12-02,1.508,1.508
2010-12-03,1.505,1.505
2010-12-06,1.51,1.51
2010-12-07,1.518,1.518
2010-12-08,1.503,1.503
2010-12-09,1.487,1.487
2010-12-10,1.494,1.494
2010-12-13,1.537,1.537
2010-12-14,1.537,1.537
2010-12-15,1.533,1.533
2010-12-16,1.532,1.532
2010-12-17,1.529,1.529
2010-12-20,1.502,1.502
2010-12-21,1.534,1.534
2010-12-22,1.522,1.522
2010-12-23,1.524,1.524
2010-12-24,1.508,1.508
2010-12-27,1.487,1.487
2010-12-28,1.469,1.469
2010-12-29,1.467,1.467
2010-12-30,1.469,1.469
2010-12-31,1.485,1.485
2011-01-04,1.512,1.512
2011-01-05,1.512,1.512
2011-01-06,1.503,1.503
2011-01-07,1.514,1.514
2011-01-10,1.494,1.494
2011-01-11,1.506,1.506
2011-01-12,1.512,1.512
2011-01-13,1.513,1.513
2011-01-14,1.501,1.501
2011-01-17,1.46,1.46
2011-01-18,1.454,1.454
2011-01-19,1.479,1.479
2011-01-20,1.44,1.44
2011-01-21,1.457,1.457
2011-01-24,1.451,1.451
2011-01-25,1.447,1.447
2011-01-26,1.452,1.452
2011-01-27,1.475,1.475
2011-01-28,1.479,1.479
2011-01-31,1.49,1.49
2011-02-01,1.493,1.493
2011-02-09,1.48,1.48
2011-02-10,1.498,1.498
2011-02-11,1.499,1.499
2011-02-14,1.554,1.554
2011-02-15,1.55,1.55
2011-02-16,1.56,1.56
2011-02-17,1.557,1.557
2011-02-18,1.545,1.545
2011-02-21,1.568,1.568
2011-02-22,1.528,1.528
2011-02-23,1.528,1.528
2011-02-24,1.537,1.537
2011-02-25,1.541,1.541
2011-02-28,1.555,1.555
2011-03-01,1.562,1.562
2011-03-02,1.552,1.552
2011-03-03,1.558,1.558
2011-03-04,1.58,1.58
2011-03-07,1.619,1.619
2011-03-08,1.617,1.617
2011-03-09,1.61,1.61
2011-03-10,1.585,1.585
2011-03-11,1.57,1.57
2011-03-14,1.571,1.571
2011-03-15,1.545,1.545
2011-03-16,1.566,1.566
2011-03-17,1.552,1.552
2011-03-18,1.556,1.556
2011-03-21,1.547,1.547
2011-03-22,1.558,1.558
2011-03-23,1.575,1.575
2011-03-24,1.575,1.575
2011-03-25,1.596,1.596
2011-03-28,1.59,1.59
2011-03-29,1.588,1.588
2011-03-30,1.585,1.585
2011-03-31,1.572,1.572
2011-04-01,1.594,1.594
2011-04-06,1.623,1.623
2011-04-07,1.622,1.622
2011-04-08,1.63,1.63
2011-04-11,1.63,1.63
2011-04-12,1.631,1.631
2011-04-13,1.641,1.641
2011-04-14,1.64,1.64
2011-04-15,1.645,1.645
2011-04-18,1.65,1.65
2011-04-19,1.617,1.617
2011-04-20,1.614,1.614
2011-04-21,1.629,1.629
2011-04-22,1.618,1.618
2011-04-25,1.592,1.592
2011-04-26,1.582,1.582
2011-04-27,1.579,1.579
2011-04-28,1.567,1.567
2011-04-29,1.579,1.579
2011-05-03,1.584,1.584
2011-05-04,1.548,1.548
2011-05-05,1.547,1.547
2011-05-06,1.545,1.545
2011-05-09,1.548,1.548
2011-05-10,1.557,1.557
2011-05-11,1.552,1.552
2011-05-12,1.537,1.537
2011-05-13,1.548,1.548
2011-05-16,1.531,1.531
2011-05-17,1.539,1.539
2011-05-18,1.546,1.546
2011-05-19,1.537,1.537
2011-05-20,1.533,1.533
2011-05-23,1.493,1.493
2011-05-24,1.486,1.486
2011-05-25,1.473,1.473
2011-05-26,1.478,1.478
2011-05-27,1.472,1.472
2011-05-30,1.474,1.474
2011-05-31,1.491,1.491
2011-06-01,1.487,1.487
2011-06-02,1.466,1.466
2011-06-03,1.476,1.476
2011-06-07,1.479,1.479
2011-06-08,1.478,1.478
2011-06-09,1.461,1.461
2011-06-10,1.466,1.466
2011-06-13,1.462,1.462
2011-06-14,1.47,1.47
2011-06-15,1.466,1.466
2011-06-16,1.45,1.45
2011-06-17,1.44,1.44
2011-06-20,1.436,1.436
2011-06-21,1.444,1.444
2011-06-22,1.445,1.445
2011-06-23,1.465,1.465
2011-06-24,1.502,1.502
2011-06-27,1.497,1.497
2011-06-28,1.498,1.498
2011-06-29,1.485,1.485
2011-06-30,1.496,1.496
2011-07-01,1.497,1.497
2011-07-04,1.525,1.525
2011-07-05,1.524,1.524
2011-07-06,1.518,1.518
2011-07-07,1.518,1.518
2011-07-08,1.516,1.516
2011-07-11,1.514,1.514
2011-07-12,1.488,1.488
2011-07-13,1.504,1.504
2011-07-14,1.509,1.509
2011-07-15,1.512,1.512
2011-07-18,1.51,1.51
2011-07-19,1.499,1.499
2011-07-20,1.495,1.495
2011-07-21,1.486,1.486
2011-07-22,1.484,1.484
2011-07-25,1.447,1.447
2011-07-26,1.444,1.444
2011-07-27,1.45,1.45
2011-07-28,1.442,1.442
2011-07-29,1.446,1.446
2011-08-01,1.45,1.45
2011-08-02,1.44,1.44
2011-08-03,1.436,1.436
2011-08-04,1.438,1.438
2011-08-05,1.408,1.408
2011-08-08,1.36,1.36
2011-08-09,1.361,1.361
2011-08-10,1.373,1.373
2011-08-11,1.389,1.389
2011-08-12,1.393,1.393
2011-08-15,1.412,1.412
2011-08-16,1.406,1.406
2011-08-17,1.407,1.407
2011-08-18,1.391,1.391
2011-08-19,1.374,1.374
2011-08-22,1.365,1.365
2011-08-23,1.384,1.384
2011-08-24,1.379,1.379
2011-08-25,1.424,1.424
2011-08-26,1.42,1.42
2011-08-29,1.4,1.4
2011-08-30,1.399,1.399
2011-08-31,1.399,1.399
2011-09-01,1.395,1.395
2011-09-02,1.381,1.381
2011-09-05,1.355,1.355
2011-09-06,1.346,1.346
2011-09-07,1.375,1.375
2011-09-08,1.368,1.368
2011-09-09,1.37,1.37
2011-09-13,1.364,1.364
2011-09-14,1.368,1.368
2011-09-15,1.368,1.368
2011-09-16,1.368,1.368
2011-09-19,1.347,1.347
2011-09-20,1.355,1.355
2011-09-21,1.387,1.387
2011-09-22,1.349,1.349
2011-09-23,1.345,1.345
2011-09-26,1.326,1.326
2011-09-27,1.336,1.336
2011-09-28,1.333,1.333
2011-09-29,1.326,1.326
2011-09-30,1.327,1.327
2011-10-10,1.32,1.32
2011-10-11,1.313,1.313
2011-10-12,1.347,1.347
2011-10-13,1.351,1.351
2011-10-14,1.351,1.351
2011-10-17,1.351,1.351
2011-10-18,1.324,1.324
2011-10-19,1.327,1.327
2011-10-20,1.297,1.297
2011-10-21,1.304,1.304
2011-10-24,1.326,1.326
2011-10-25,1.348,1.348
2011-10-26,1.353,1.353
2011-10-27,1.357,1.357
2011-10-28,1.375,1.375
2011-10-31,1.368,1.368
2011-11-01,1.368,1.368
2011-11-02,1.385,1.385
2011-11-03,1.389,1.389
2011-11-04,1.393,1.393
2011-11-07,1.386,1.386
2011-11-08,1.39,1.39
2011-11-09,1.397,1.397
2011-11-10,1.377,1.377
2011-11-11,1.374,1.374
2011-11-14,1.398,1.398
2011-11-15,1.393,1.393
2011-11-16,1.36,1.36
2011-11-17,1.362,1.362
2011-11-18,1.339,1.339
2011-11-21,1.339,1.339
2011-11-22,1.337,1.337
2011-11-23,1.327,1.327
2011-11-24,1.323,1.323
2011-11-25,1.32,1.32
2011-11-28,1.322,1.322
2011-11-29,1.339,1.339
2011-11-30,1.299,1.299
2011-12-01,1.323,1.323
2011-12-02,1.311,1.311
2011-12-05,1.298,1.298
2011-12-06,1.303,1.303
2011-12-07,1.303,1.303
2011-12-08,1.303,1.303
2011-12-09,1.298,1.298
2011-12-12,1.288,1.288
2011-12-13,1.277,1.277
2011-12-14,1.263,1.263
2011-12-15,1.247,1.247
2011-12-16,1.261,1.261
2011-12-19,1.254,1.254
2011-12-20,1.25,1.25
2011-12-21,1.235,1.235
2011-12-22,1.237,1.237
2011-12-23,1.246,1.246
2011-12-26,1.239,1.239
2011-12-27,1.235,1.235
2011-12-28,1.234,1.234
2011-12-29,1.236,1.236
2011-12-30,1.244,1.244
2012-01-04,1.233,1.233
2012-01-05,1.229,1.229
2012-01-06,1.237,1.237
2012-01-09,1.27,1.27
2012-01-10,1.299,1.299
2012-01-11,1.291,1.291
2012-01-12,1.295,1.295
2012-01-13,1.281,1.281
2012-01-16,1.27,1.27
2012-01-17,1.317,1.317
2012-01-18,1.3,1.3
2012-01-19,1.321,1.321
2012-01-20,1.335,1.335
2012-01-30,1.313,1.313
2012-01-31,1.315,1.315
2012-02-01,1.299,1.299
2012-02-02,1.322,1.322
2012-02-03,1.331,1.331
2012-02-06,1.33,1.33
2012-02-07,1.309,1.309
2012-02-08,1.337,1.337
2012-02-09,1.337,1.337
2012-02-10,1.332,1.332
2012-02-13,1.328,1.328
2012-02-14,1.326,1.326
2012-02-15,1.332,1.332
2012-02-16,1.332,1.332
2012-02-17,1.333,1.333
2012-02-20,1.332,1.332
2012-02-21,1.34,1.34
2012-02-22,1.353,1.353
2012-02-23,1.353,1.353
2012-02-24,1.372,1.372
2012-02-27,1.38,1.38
2012-02-28,1.385,1.385
2012-02-29,1.366,1.366
2012-03-01,1.371,1.371
2012-03-02,1.385,1.385
2012-03-05,1.378,1.378
2012-03-06,1.359,1.359
2012-03-07,1.349,1.349
2012-03-08,1.36,1.36
2012-03-09,1.368,1.368
2012-03-12,1.362,1.362
2012-03-13,1.373,1.373
2012-03-14,1.345,1.345
2012-03-15,1.334,1.334
2012-03-16,1.345,1.345
2012-03-19,1.347,1.347
2012-03-20,1.337,1.337
2012-03-21,1.334,1.334
2012-03-22,1.337,1.337
2012-03-23,1.324,1.324
2012-03-26,1.327,1.327
2012-03-27,1.326,1.326
2012-03-28,1.301,1.301
2012-03-29,1.286,1.286
2012-03-30,1.292,1.292
2012-04-05,1.317,1.317
2012-04-06,1.313,1.313
2012-04-09,1.305,1.305
2012-04-10,1.313,1.313
2012-04-11,1.311,1.311
2012-04-12,1.337,1.337
2012-04-13,1.345,1.345
2012-04-16,1.341,1.341
2012-04-17,1.327,1.327
2012-04-18,1.351,1.351
2012-04-19,1.352,1.352
2012-04-20,1.366,1.366
2012-04-23,1.358,1.358
2012-04-24,1.362,1.362
2012-04-25,1.366,1.366
2012-04-26,1.364,1.364
2012-04-27,1.364,1.364
2012-05-02,1.381,1.381
2012-05-03,1.383,1.383
2012-05-04,1.389,1.389
2012-05-07,1.388,1.388
2012-05-08,1.381,1.381
2012-05-09,1.362,1.362
2012-05-10,1.36,1.36
2012-05-11,1.352,1.352
2012-05-14,1.346,1.346
2012-05-15,1.345,1.345
2012-05-16,1.326,1.326
2012-05-17,1.343,1.343
2012-05-18,1.332,1.332
2012-05-21,1.334,1.334
2012-05-22,1.346,1.346
2012-05-23,1.339,1.339
2012-05-24,1.343,1.343
2012-05-25,1.325,1.325
2012-05-28,1.339,1.339
2012-05-29,1.358,1.358
2012-05-30,1.349,1.349
2012-05-31,1.345,1.345
2012-06-01,1.345,1.345
2012-06-04,1.317,1.317
2012-06-05,1.313,1.313
2012-06-06,1.309,1.309
2012-06-07,1.306,1.306
2012-06-08,1.299,1.299
2012-06-11,1.315,1.315
2012-06-12,1.299,1.299
2012-06-13,1.315,1.315
2012-06-14,1.305,1.305
2012-06-15,1.313,1.313
2012-06-18,1.318,1.318
2012-06-19,1.312,1.312
2012-06-20,1.312,1.312
2012-06-21,1.289,1.289
2012-06-25,1.276,1.276
2012-06-26,1.272,1.272
2012-06-27,1.267,1.267
2012-06-28,1.261,1.261
2012-06-29,1.272,1.272
2012-07-02,1.267,1.267
2012-07-03,1.273,1.273
2012-07-04,1.271,1.271
2012-07-05,1.263,1.263
2012-07-06,1.269,1.269
2012-07-09,1.246,1.246
2012-07-10,1.244,1.244
2012-07-11,1.25,1.25
2012-07-12,1.259,1.259
2012-07-13,1.257,1.257
2012-07-16,1.243,1.243
2012-07-17,1.252,1.252
2012-07-18,1.257,1.257
2012-07-19,1.261,1.261
2012-07-20,1.252,1.252
2012-07-23,1.235,1.235
2012-07-24,1.236,1.236
2012-07-25,1.233,1.233
2012-07-26,1.225,1.225
2012-07-27,1.231,1.231
2012-07-30,1.229,1.229
2012-07-31,1.231,1.231
2012-08-01,1.237,1.237
2012-08-02,1.232,1.232
2012-08-03,1.239,1.239
2012-08-06,1.25,1.25
2012-08-07,1.248,1.248
2012-08-08,1.25,1.25
2012-08-09,1.256,1.256
2012-08-10,1.253,1.253
2012-08-13,1.231,1.231
2012-08-14,1.229,1.229
2012-08-15,1.218,1.218
2012-08-16,1.217,1.217
2012-08-17,1.214,1.214
2012-08-20,1.209,1.209
2012-08-21,1.215,1.215
2012-08-22,1.207,1.207
2012-08-23,1.21,1.21
2012-08-24,1.201,1.201
2012-08-27,1.182,1.182
2012-08-28,1.19,1.19
2012-08-29,1.184,1.184
2012-08-30,1.19,1.19
2012-08-31,1.189,1.189
2012-09-03,1.194,1.194
2012-09-04,1.183,1.183
2012-09-05,1.177,1.177
2012-09-06,1.179,1.179
2012-09-07,1.223,1.223
2012-09-10,1.225,1.225
2012-09-11,1.214,1.214
2012-09-12,1.216,1.216
2012-09-13,1.212,1.212
2012-09-14,1.22,1.22
2012-09-17,1.199,1.199
2012-09-18,1.183,1.183
2012-09-19,1.186,1.186
2012-09-20,1.172,1.172
2012-09-21,1.175,1.175
2012-09-24,1.172,1.172
2012-09-25,1.173,1.173
2012-09-26,1.167,1.167
2012-09-27,1.191,1.191
2012-09-28,1.212,1.212
2012-10-08,1.206,1.206
2012-10-09,1.222,1.222
2012-10-10,1.221,1.221
2012-10-11,1.215,1.215
2012-10-12,1.22,1.22
2012-10-15,1.212,1.212
2012-10-16,1.216,1.216
2012-10-17,1.217,1.217
2012-10-18,1.228,1.228
2012-10-19,1.227,1.227
2012-10-22,1.234,1.234
2012-10-23,1.221,1.221
2012-10-24,1.218,1.218
2012-10-25,1.213,1.213
2012-10-26,1.195,1.195
2012-10-29,1.19,1.19
2012-10-30,1.192,1.192
2012-10-31,1.193,1.193
2012-11-01,1.214,1.214
2012-11-02,1.222,1.222
2012-11-05,1.223,1.223
2012-11-06,1.217,1.217
2012-11-07,1.217,1.217
2012-11-08,1.204,1.204
2012-11-09,1.196,1.196
2012-11-12,1.204,1.204
2012-11-13,1.187,1.187
2012-11-14,1.193,1.193
2012-11-15,1.184,1.184
2012-11-16,1.17,1.17
2012-11-19,1.18,1.18
2012-11-20,1.169,1.169
2012-11-21,1.182,1.182
2012-11-22,1.176,1.176
2012-11-23,1.184,1.184
2012-11-26,1.182,1.182
2012-11-27,1.174,1.174
2012-11-28,1.166,1.166
2012-11-29,1.163,1.163
2012-11-30,1.165,1.165
2012-12-03,1.157,1.157
2012-12-04,1.164,1.164
2012-12-05,1.201,1.201
2012-12-06,1.2,1.2
2012-12-07,1.223,1.223
2012-12-10,1.231,1.231
2012-12-11,1.227,1.227
2012-12-12,1.228,1.228
2012-12-13,1.218,1.218
2012-12-14,1.275,1.275
2012-12-17,1.284,1.284
2012-12-18,1.287,1.287
2012-12-19,1.284,1.284
2012-12-20,1.292,1.292
2012-12-21,1.282,1.282
2012-12-24,1.284,1.284
2012-12-25,1.318,1.318
2012-12-26,1.318,1.318
2012-12-27,1.314,1.314
2012-12-28,1.336,1.336
2012-12-31,1.353,1.353
2013-01-04,1.358,1.358
2013-01-07,1.37,1.37
2013-01-08,1.36,1.36
2013-01-09,1.353,1.353
2013-01-10,1.357,1.357
2013-01-11,1.332,1.332
2013-01-14,1.385,1.385
2013-01-15,1.386,1.386
2013-01-16,1.368,1.368
2013-01-17,1.36,1.36
2013-01-18,1.381,1.381
2013-01-21,1.394,1.394
2013-01-22,1.396,1.396
2013-01-23,1.404,1.404
2013-01-24,1.402,1.402
2013-01-25,1.396,1.396
2013-01-28,1.443,1.443
2013-01-29,1.463,1.463
2013-01-30,1.47,1.47
2013-01-31,1.476,1.476
2013-02-01,1.518,1.518
2013-02-04,1.524,1.524
2013-02-05,1.523,1.523
2013-02-06,1.525,1.525
2013-02-07,1.499,1.499
2013-02-08,1.495,1.495
2013-02-18,1.484,1.484
2013-02-19,1.464,1.464
2013-02-20,1.458,1.458
2013-02-21,1.406,1.406
2013-02-22,1.389,1.389
2013-02-25,1.402,1.402
2013-02-26,1.388,1.388
2013-02-27,1.404,1.404
2013-02-28,1.447,1.447
2013-03-01,1.442,1.442
2013-03-04,1.375,1.375
2013-03-05,1.431,1.431
2013-03-06,1.45,1.45
2013-03-07,1.431,1.431
2013-03-08,1.428,1.428
2013-03-11,1.414,1.414
2013-03-12,1.391,1.391
2013-03-13,1.382,1.382
2013-03-14,1.383,1.383
2013-03-15,1.396,1.396
2013-03-18,1.375,1.375
2013-03-19,1.386,1.386
2013-03-20,1.436,1.436
2013-03-21,1.434,1.434
2013-03-22,1.438,1.438
2013-03-25,1.435,1.435
2013-03-26,1.408,1.408
2013-03-27,1.413,1.413
2013-03-28,1.354,1.354
2013-03-29,1.354,1.354
2013-04-01,1.354,1.354
2013-04-02,1.353,1.353
2013-04-03,1.358,1.358
2013-04-08,1.349,1.349
2013-04-09,1.356,1.356
2013-04-10,1.348,1.348
2013-04-11,1.347,1.347
2013-04-12,1.343,1.343
2013-04-15,1.331,1.331
2013-04-16,1.333,1.333
2013-04-17,1.323,1.323
2013-04-18,1.328,1.328
2013-04-19,1.371,1.371
2013-04-22,1.375,1.375
2013-04-23,1.338,1.338
2013-04-24,1.359,1.359
2013-04-25,1.345,1.345
2013-04-26,1.342,1.342
2013-05-02,1.343,1.343
2013-05-03,1.366,1.366
2013-05-06,1.376,1.376
2013-05-07,1.374,1.374
2013-05-08,1.377,1.377
2013-05-09,1.371,1.371
2013-05-10,1.379,1.379
2013-05-13,1.374,1.374
2013-05-14,1.362,1.362
2013-05-15,1.371,1.371
2013-05-16,1.388,1.388
2013-05-17,1.404,1.404
2013-05-20,1.416,1.416
2013-05-21,1.409,1.409
2013-05-22,1.413,1.413
2013-05-23,1.393,1.393
2013-05-24,1.393,1.393
2013-05-27,1.393,1.393
2013-05-28,1.414,1.414
2013-05-29,1.413,1.413
2013-05-30,1.408,1.408
2013-05-31,1.399,1.399
2013-06-03,1.398,1.398
2013-06-04,1.391,1.391
2013-06-05,1.379,1.379
2013-06-06,1.366,1.366
2013-06-07,1.352,1.352
2013-06-13,1.309,1.309
2013-06-14,1.313,1.313
2013-06-17,1.305,1.305
2013-06-18,1.312,1.312
2013-06-19,1.298,1.298
2013-06-20,1.264,1.264
2013-06-21,1.261,1.261
2013-06-24,1.197,1.197
2013-06-25,1.182,1.182
2013-06-26,1.168,1.168
2013-06-27,1.18,1.18
2013-06-28,1.218,1.218
2013-07-01,1.218,1.218
2013-07-02,1.215,1.215
2013-07-03,1.204,1.204
2013-07-04,1.214,1.214
2013-07-05,1.212,1.212
2013-07-08,1.196,1.196
2013-07-09,1.202,1.202
2013-07-10,1.224,1.224
2013-07-11,1.29,1.29
2013-07-12,1.259,1.259
2013-07-15,1.267,1.267
2013-07-16,1.268,1.268
2013-07-17,1.254,1.254
2013-07-18,1.228,1.228
2013-07-19,1.208,1.208
2013-07-22,1.21,1.21
2013-07-23,1.233,1.233
2013-07-24,1.219,1.219
2013-07-25,1.213,1.213
2013-07-26,1.213,1.213
2013-07-29,1.185,1.185
2013-07-30,1.197,1.197
2013-07-31,1.201,1.201
2013-08-01,1.22,1.22
2013-08-02,1.216,1.216
2013-08-05,1.225,1.225
2013-08-06,1.231,1.231
2013-08-07,1.224,1.224
2013-08-08,1.22,1.22
2013-08-09,1.219,1.219
2013-08-12,1.261,1.261
2013-08-13,1.27,1.27
2013-08-14,1.267,1.267
2013-08-15,1.263,1.263
2013-08-16,1.261,1.261
2013-08-19,1.272,1.272
2013-08-20,1.27,1.27
2013-08-21,1.262,1.262
2013-08-22,1.261,1.261
2013-08-23,1.25,1.25
2013-08-26,1.271,1.271
2013-08-27,1.271,1.271
2013-08-28,1.265,1.265
2013-08-29,1.264,1.264
2013-08-30,1.263,1.263
2013-09-02,1.266,1.266
2013-09-03,1.284,1.284
2013-09-04,1.284,1.284
2013-09-05,1.282,1.282
2013-09-06,1.291,1.291
2013-09-09,1.36,1.36
2013-09-10,1.368,1.368
2013-09-11,1.373,1.373
2013-09-12,1.393,1.393
2013-09-13,1.372,1.372
2013-09-16,1.364,1.364
2013-09-17,1.345,1.345
2013-09-18,1.345,1.345
2013-09-23,1.351,1.351
2013-09-24,1.322,1.322
2013-09-25,1.32,1.32
2013-09-26,1.299,1.299
2013-09-27,1.297,1.297
2013-09-30,1.307,1.307
2013-10-08,1.315,1.315
2013-10-09,1.32,1.32
2013-10-10,1.301,1.301
2013-10-11,1.32,1.32
2013-10-14,1.317,1.317
2013-10-15,1.307,1.307
2013-10-16,1.291,1.291
2013-10-17,1.29,1.29
2013-10-18,1.293,1.293
2013-10-21,1.306,1.306
2013-10-22,1.294,1.294
2013-10-23,1.296,1.296
2013-10-24,1.281,1.281
2013-10-25,1.274,1.274
2013-10-28,1.274,1.274
2013-10-29,1.288,1.288
2013-10-30,1.305,1.305
2013-10-31,1.293,1.293
2013-11-01,1.303,1.303
2013-11-04,1.301,1.301
2013-11-05,1.294,1.294
2013-11-06,1.281,1.281
2013-11-07,1.281,1.281
2013-11-08,1.272,1.272
2013-11-11,1.267,1.267
2013-11-12,1.279,1.279
2013-11-13,1.251,1.251
2013-11-14,1.246,1.246
2013-11-15,1.266,1.266
2013-11-18,1.314,1.314
2013-11-19,1.307,1.307
2013-11-20,1.305,1.305
2013-11-21,1.301,1.301
2013-11-22,1.297,1.297
2013-11-25,1.292,1.292
2013-11-26,1.287,1.287
2013-11-27,1.295,1.295
2013-11-28,1.303,1.303
2013-11-29,1.303,1.303
2013-12-02,1.318,1.318
2013-12-03,1.323,1.323
2013-12-04,1.328,1.328
2013-12-05,1.326,1.326
2013-12-06,1.317,1.317
2013-12-09,1.317,1.317
2013-12-10,1.318,1.318
2013-12-11,1.299,1.299
2013-12-12,1.294,1.294
2013-12-13,1.286,1.286
2013-12-16,1.274,1.274
2013-12-17,1.27,1.27
2013-12-18,1.267,1.267
2013-12-19,1.255,1.255
2013-12-20,1.237,1.237
2013-12-23,1.237,1.237
2013-12-24,1.233,1.233
2013-12-25,1.24,1.24
2013-12-26,1.22,1.22
2013-12-27,1.238,1.238
2013-12-30,1.238,1.238
2013-12-31,1.248,1.248
2014-01-02,1.241,1.241
2014-01-03,1.226,1.226
2014-01-06,1.203,1.203
2014-01-07,1.202,1.202
2014-01-08,1.203,1.203
2014-01-09,1.195,1.195
2014-01-10,1.193,1.193
2014-01-13,1.191,1.191
2014-01-14,1.197,1.197
2014-01-15,1.197,1.197
2014-01-16,1.198,1.198
2014-01-17,1.188,1.188
2014-01-20,1.182,1.182
2014-01-21,1.182,1.182
2014-01-22,1.204,1.204
2014-01-23,1.201,1.201
2014-01-24,1.208,1.208
2014-01-27,1.201,1.201
2014-01-28,1.201,1.201
2014-01-29,1.209,1.209
2014-01-30,1.202,1.202
2014-02-07,1.203,1.203
2014-02-10,1.226,1.226
2014-02-11,1.237,1.237
2014-02-12,1.239,1.239
2014-02-13,1.239,1.239
2014-02-14,1.248,1.248
2014-02-17,1.25,1.25
2014-02-18,1.24,1.24
2014-02-19,1.25,1.25
2014-02-20,1.258,1.258
2014-02-21,1.245,1.245
2014-02-24,1.226,1.226
2014-02-25,1.205,1.205
2014-02-26,1.204,1.204
2014-02-27,1.212,1.212
2014-02-28,1.218,1.218
2014-03-03,1.221,1.221
2014-03-04,1.215,1.215
2014-03-05,1.21,1.21
2014-03-06,1.21,1.21
2014-03-07,1.207,1.207
2014-03-10,1.175,1.175
2014-03-11,1.174,1.174
2014-03-12,1.175,1.175
2014-03-13,1.19,1.19
2014-03-14,1.188,1.188
2014-03-17,1.198,1.198
2014-03-18,1.198,1.198
2014-03-19,1.193,1.193
2014-03-20,1.182,1.182
2014-03-21,1.206,1.206
2014-03-24,1.214,1.214
2014-03-25,1.218,1.218
2014-03-26,1.214,1.214
2014-03-27,1.209,1.209
2014-03-28,1.204,1.204
2014-03-31,1.199,1.199
2014-04-01,1.207,1.207
2014-04-02,1.214,1.214
2014-04-03,1.204,1.204
2014-04-04,1.208,1.208
2014-04-08,1.231,1.231
2014-04-09,1.233,1.233
2014-04-10,1.248,1.248
2014-04-11,1.251,1.251
2014-04-14,1.247,1.247
2014-04-15,1.233,1.233
2014-04-16,1.233,1.233
2014-04-17,1.229,1.229
2014-04-18,1.229,1.229
2014-04-21,1.216,1.216
2014-04-22,1.219,1.219
2014-04-23,1.216,1.216
2014-04-24,1.216,1.216
2014-04-25,1.21,1.21
2014-04-28,1.195,1.195
2014-04-29,1.203,1.203
2014-04-30,1.208,1.208
2014-05-05,1.208,1.208
2014-05-06,1.21,1.21
2014-05-07,1.204,1.204
2014-05-08,1.204,1.204
2014-05-09,1.199,1.199
2014-05-12,1.22,1.22
2014-05-13,1.218,1.218
2014-05-14,1.217,1.217
2014-05-15,1.207,1.207
2014-05-16,1.206,1.206
2014-05-19,1.2,1.2
2014-05-20,1.198,1.198
2014-05-21,1.208,1.208
2014-05-22,1.204,1.204
2014-05-23,1.21,1.21
2014-05-26,1.216,1.216
2014-05-27,1.217,1.217
2014-05-28,1.222,1.222
2014-05-29,1.214,1.214
2014-05-30,1.214,1.214
2014-06-03,1.21,1.21
2014-06-04,1.202,1.202
2014-06-05,1.21,1.21
2014-06-06,1.204,1.204
2014-06-09,1.204,1.204
2014-06-10,1.214,1.214
2014-06-11,1.217,1.217
2014-06-12,1.212,1.212
2014-06-13,1.225,1.225
2014-06-16,1.233,1.233
2014-06-17,1.226,1.226
2014-06-18,1.22,1.22
2014-06-19,1.206,1.206
2014-06-20,1.21,1.21
2014-06-23,1.213,1.213
2014-06-24,1.214,1.214
2014-06-25,1.21,1.21
2014-06-26,1.214,1.214
2014-06-27,1.216,1.216
2014-06-30,1.223,1.223
2014-07-01,1.224,1.224
2014-07-02,1.229,1.229
2014-07-03,1.231,1.231
2014-07-04,1.232,1.232
2014-07-07,1.23,1.23
2014-07-08,1.234,1.234
2014-07-09,1.223,1.223
2014-07-10,1.223,1.223
2014-07-11,1.227,1.227
2014-07-14,1.241,1.241
2014-07-15,1.24,1.24
2014-07-16,1.24,1.24
2014-07-17,1.237,1.237
2014-07-18,1.239,1.239
2014-07-21,1.238,1.238
2014-07-22,1.251,1.251
2014-07-23,1.254,1.254
2014-07-24,1.271,1.271
2014-07-25,1.281,1.281
2014-07-28,1.306,1.306
2014-07-29,1.313,1.313
2014-07-30,1.307,1.307
2014-07-31,1.323,1.323
2014-08-01,1.318,1.318
2014-08-04,1.333,1.333
2014-08-05,1.332,1.332
2014-08-06,1.331,1.331
2014-08-07,1.318,1.318
2014-08-08,1.319,1.319
2014-08-11,1.339,1.339
2014-08-12,1.339,1.339
2014-08-13,1.337,1.337
2014-08-14,1.332,1.332
2014-08-15,1.339,1.339
2014-08-18,1.343,1.343
2014-08-19,1.343,1.343
2014-08-20,1.339,1.339
2014-08-21,1.331,1.331
2014-08-22,1.336,1.336
2014-08-25,1.328,1.328
2014-08-26,1.317,1.317
2014-08-27,1.318,1.318
2014-08-28,1.313,1.313
2014-08-29,1.324,1.324
2014-09-01,1.328,1.328
2014-09-02,1.344,1.344
2014-09-03,1.353,1.353
2014-09-04,1.362,1.362
2014-09-05,1.379,1.379
2014-09-09,1.374,1.374
2014-09-10,1.368,1.368
2014-09-11,1.369,1.369
2014-09-12,1.374,1.374
2014-09-15,1.375,1.375
2014-09-16,1.359,1.359
2014-09-17,1.359,1.359
2014-09-18,1.362,1.362
2014-09-19,1.377,1.377
2014-09-22,1.355,1.355
2014-09-23,1.362,1.362
2014-09-24,1.379,1.379
2014-09-25,1.381,1.381
2014-09-26,1.379,1.379
2014-09-29,1.389,1.389
2014-09-30,1.393,1.393
2014-10-08,1.398,1.398
2014-10-09,1.398,1.398
2014-10-10,1.39,1.39
2014-10-13,1.381,1.381
2014-10-14,1.382,1.382
2014-10-15,1.386,1.386
2014-10-16,1.383,1.383
2014-10-17,1.381,1.381
2014-10-20,1.387,1.387
2014-10-21,1.377,1.377
2014-10-22,1.371,1.371
2014-10-23,1.355,1.355
2014-10-24,1.355,1.355
2014-10-27,1.345,1.345
2014-10-28,1.366,1.366
2014-10-29,1.385,1.385
2014-10-30,1.404,1.404
2014-10-31,1.433,1.433
2014-11-03,1.434,1.434
2014-11-04,1.432,1.432
2014-11-05,1.432,1.432
2014-11-06,1.433,1.433
2014-11-07,1.432,1.432
2014-11-10,1.467,1.467
2014-11-11,1.47,1.47
2014-11-12,1.482,1.482
2014-11-13,1.479,1.479
2014-11-14,1.474,1.474
2014-11-17,1.476,1.476
2014-11-18,1.459,1.459
2014-11-19,1.454,1.454
2014-11-20,1.455,1.455
2014-11-21,1.476,1.476
2014-11-24,1.497,1.497
2014-11-25,1.522,1.522
2014-11-26,1.533,1.533
2014-11-27,1.538,1.538
2014-11-28,1.573,1.573
2014-12-01,1.58,1.58
2014-12-02,1.624,1.624
2014-12-03,1.626,1.626
2014-12-04,1.687,1.687
2014-12-05,1.697,1.697
2014-12-08,1.74,1.74
2014-12-09,1.678,1.678
2014-12-10,1.733,1.733
2014-12-11,1.729,1.729
2014-12-12,1.722,1.722
2014-12-15,1.727,1.727
2014-12-16,1.758,1.758
2014-12-17,1.784,1.784
2014-12-18,1.781,1.781
2014-12-19,1.843,1.843
2014-12-22,1.87,1.87
2014-12-23,1.805,1.805
2014-12-24,1.756,1.756
2014-12-25,1.815,1.815
2014-12-26,1.852,1.852
2014-12-29,1.845,1.845
2014-12-30,1.826,1.826
2014-12-31,1.866,1.866
2015-01-05,1.946,1.946
2015-01-06,1.942,1.942
2015-01-07,1.936,1.936
2015-01-08,1.894,1.894
2015-01-09,1.883,1.883
2015-01-12,1.848,1.848
2015-01-13,1.85,1.85
2015-01-14,1.844,1.844
2015-01-15,1.894,1.894
2015-01-16,1.91,1.91
2015-01-19,1.749,1.749
2015-01-20,1.788,1.788
2015-01-21,1.854,1.854
2015-01-22,1.855,1.855
2015-01-23,1.853,1.853
2015-01-26,1.873,1.873
2015-01-27,1.861,1.861
2015-01-28,1.849,1.849
2015-01-29,1.834,1.834
2015-01-30,1.822,1.822
2015-02-02,1.775,1.775
2015-02-03,1.799,1.799
2015-02-04,1.786,1.786
2015-02-05,1.762,1.762
2015-02-06,1.722,1.722
2015-02-09,1.723,1.723
2015-02-10,1.754,1.754
2015-02-11,1.757,1.757
2015-02-12,1.76,1.76
2015-02-13,1.778,1.778
2015-02-16,1.784,1.784
2015-02-17,1.799,1.799
2015-02-25,1.79,1.79
2015-02-26,1.839,1.839
2015-02-27,1.839,1.839
2015-03-02,1.854,1.854
2015-03-03,1.834,1.834
2015-03-04,1.835,1.835
2015-03-05,1.816,1.816
2015-03-06,1.815,1.815
2015-03-09,1.862,1.862
2015-03-10,1.853,1.853
2015-03-11,1.86,1.86
2015-03-12,1.896,1.896
2015-03-13,1.906,1.906
2015-03-16,1.939,1.939
2015-03-17,1.967,1.967
2015-03-18,2.024,2.024
2015-03-19,2.022,2.022
2015-03-20,2.045,2.045
2015-03-23,2.083,2.083
2015-03-24,2.098,2.098
2015-03-25,2.087,2.087
2015-03-26,2.076,2.076
2015-03-27,2.09,2.09
2015-03-30,2.145,2.145
2015-03-31,2.122,2.122
2015-04-01,2.152,2.152
2015-04-02,2.18,2.18
2015-04-03,2.214,2.214
2015-04-07,2.283,2.283
2015-04-08,2.316,2.316
2015-04-09,2.309,2.309
2015-04-10,2.356,2.356
2015-04-13,2.381,2.381
2015-04-14,2.391,2.391
2015-04-15,2.375,2.375
2015-04-16,2.422,2.422
2015-04-17,2.463,2.463
2015-04-20,2.394,2.394
2015-04-21,2.434,2.434
2015-04-22,2.503,2.503
2015-04-23,2.51,2.51
2015-04-24,2.473,2.473
2015-04-27,2.52,2.52
2015-04-28,2.476,2.476
2015-04-29,2.478,2.478
2015-04-30,2.477,2.477
2015-05-04,2.51,2.51
2015-05-05,2.41,2.41
2015-05-06,2.36,2.36
2015-05-07,2.29,2.29
2015-05-08,2.333,2.333
2015-05-11,2.406,2.406
2015-05-12,2.434,2.434
2015-05-13,2.415,2.415
2015-05-14,2.425,2.425
2015-05-15,2.393,2.393
2015-05-18,2.366,2.366
2015-05-19,2.435,2.435
2015-05-20,2.447,2.447
2015-05-21,2.51,2.51
2015-05-22,2.568,2.568
2015-05-25,2.651,2.651
2015-05-26,2.685,2.685
2015-05-27,2.685,2.685
2015-05-28,2.538,2.538
2015-05-29,2.514,2.514
2015-06-01,2.679,2.679
2015-06-02,2.715,2.715
2015-06-03,2.703,2.703
2015-06-04,2.737,2.737
2015-06-05,2.793,2.793
2015-06-08,2.854,2.854
2015-06-09,2.864,2.864
2015-06-10,2.856,2.856
2015-06-11,2.85,2.85
2015-06-12,2.921,2.921
2015-06-15,2.906,2.906
2015-06-16,2.803,2.803
2015-06-17,2.865,2.865
2015-06-18,2.807,2.807
2015-06-19,2.622,2.622
2015-06-23,2.659,2.659
2015-06-24,2.731,2.731
2015-06-25,2.648,2.648
2015-06-26,2.406,2.406
2015-06-29,2.387,2.387
2015-06-30,2.522,2.522
2015-07-01,2.37,2.37
2015-07-02,2.27,2.27
2015-07-03,2.125,2.125
2015-07-06,2.197,2.197
2015-07-07,2.126,2.126
2015-07-08,1.934,1.934
2015-07-09,2.107,2.107
2015-07-10,2.298,2.298
2015-07-13,2.422,2.422
2015-07-14,2.315,2.315
2015-07-15,2.2,2.2
2015-07-16,2.229,2.229
2015-07-17,2.32,2.32
2015-07-20,2.312,2.312
2015-07-21,2.332,2.332
2015-07-22,2.319,2.319
2015-07-23,2.377,2.377
2015-07-24,2.334,2.334
2015-07-27,2.136,2.136
2015-07-28,2.145,2.145
2015-07-29,2.226,2.226
2015-07-30,2.184,2.184
2015-07-31,2.176,2.176
2015-08-03,2.229,2.229
2015-08-04,2.267,2.267
2015-08-05,2.223,2.223
2015-08-06,2.204,2.204
2015-08-07,2.243,2.243
2015-08-10,2.337,2.337
2015-08-11,2.327,2.327
2015-08-12,2.294,2.294
2015-08-13,2.322,2.322
2015-08-14,2.32,2.32
2015-08-17,2.338,2.338
2015-08-18,2.232,2.232
2015-08-19,2.243,2.243
2015-08-20,2.173,2.173
2015-08-21,2.085,2.085
2015-08-24,1.896,1.896
2015-08-25,1.741,1.741
2015-08-26,1.754,1.754
2015-08-27,1.854,1.854
2015-08-28,1.934,1.934
2015-08-31,1.927,1.927
2015-09-01,1.922,1.922
2015-09-02,1.935,1.935
2015-09-07,1.881,1.881
2015-09-08,1.932,1.932
2015-09-09,1.968,1.968
2015-09-10,1.934,1.934
2015-09-11,1.931,1.931
2015-09-14,1.866,1.866
2015-09-15,1.813,1.813
2015-09-16,1.904,1.904
2015-09-17,1.854,1.854
2015-09-18,1.854,1.854
2015-09-21,1.875,1.875
2015-09-22,1.887,1.887
2015-09-23,1.872,1.872
2015-09-24,1.873,1.873
2015-09-25,1.848,1.848
2015-09-28,1.843,1.843
2015-09-29,1.822,1.822
2015-09-30,1.831,1.831
2015-10-08,1.873,1.873
2015-10-09,1.888,1.888
2015-10-12,1.942,1.942
2015-10-13,1.94,1.94
2015-10-14,1.929,1.929
2015-10-15,1.963,1.963
2015-10-16,1.988,1.988
2015-10-19,1.993,1.993
2015-10-20,2.007,2.007
2015-10-21,1.953,1.953
2015-10-22,1.98,1.98
2015-10-23,2.005,2.005
2015-10-26,2.02,2.02
2015-10-27,2.026,2.026
2015-10-28,2.005,2.005
2015-10-29,2.001,2.001
2015-10-30,2.001,2.001
2015-11-02,1.988,1.988
2015-11-03,1.967,1.967
2015-11-04,2.024,2.024
2015-11-05,2.059,2.059
2015-11-06,2.09,2.09
2015-11-09,2.128,2.128
2015-11-10,2.122,2.122
2015-11-11,2.12,2.12
2015-11-12,2.099,2.099
2015-11-13,2.084,2.084
2015-11-16,2.09,2.09
2015-11-17,2.1,2.1
2015-11-18,2.084,2.084
2015-11-19,2.103,2.103
2015-11-20,2.098,2.098
2015-11-23,2.094,2.094
2015-11-24,2.092,2.092
2015-11-25,2.111,2.111
2015-11-26,2.109,2.109
2015-11-27,2.054,2.054
2015-11-30,2.033,2.033
2015-12-01,2.019,2.019
2015-12-02,2.067,2.067
2015-12-03,2.086,2.086
2015-12-04,2.054,2.054
2015-12-07,2.05,2.05
2015-12-08,2.027,2.027
2015-12-09,2.024,2.024
2015-12-10,2.014,2.014
2015-12-11,2.003,2.003
2015-12-14,2.037,2.037
2015-12-15,2.026,2.026
2015-12-16,2.02,2.02
2015-12-17,2.056,2.056
2015-12-18,2.056,2.056
2015-12-21,2.105,2.105
2015-12-22,2.105,2.105
2015-12-23,2.117,2.117
2015-12-24,2.096,2.096
2015-12-25,2.098,2.098
2015-12-28,2.057,2.057
2015-12-29,2.065,2.065
2015-12-30,2.066,2.066
2015-12-31,2.068,2.068
2016-01-04,1.985,1.985
2016-01-05,1.959,1.959
2016-01-06,1.987,1.987
2016-01-07,1.899,1.899
2016-01-08,1.923,1.923
2016-01-11,1.861,1.861
2016-01-12,1.831,1.831
2016-01-13,1.817,1.817
2016-01-14,1.834,1.834
2016-01-15,1.782,1.782
2016-01-18,1.775,1.775
2016-01-19,1.822,1.822
2016-01-20,1.796,1.796
2016-01-21,1.763,1.763
2016-01-22,1.771,1.771
2016-01-25,1.78,1.78
2016-01-26,1.693,1.693
2016-01-27,1.677,1.677
2016-01-28,1.657,1.657
2016-01-29,1.686,1.686
2016-02-01,1.662,1.662
2016-02-02,1.687,1.687
2016-02-03,1.68,1.68
2016-02-04,1.694,1.694
2016-02-05,1.694,1.694
2016-02-15,1.681,1.681
2016-02-16,1.718,1.718
2016-02-17,1.731,1.731
2016-02-18,1.733,1.733
2016-02-19,1.734,1.734
2016-02-22,1.761,1.761
2016-02-23,1.748,1.748
2016-02-24,1.754,1.754
2016-02-25,1.693,1.693
2016-02-26,1.689,1.689
2016-02-29,1.663,1.663
2016-03-01,1.678,1.678
2016-03-02,1.746,1.746
2016-03-03,1.746,1.746
2016-03-04,1.765,1.765
2016-03-07,1.773,1.773
2016-03-08,1.769,1.769
2016-03-09,1.75,1.75
2016-03-10,1.742,1.742
2016-03-11,1.744,1.744
2016-03-14,1.758,1.758
2016-03-15,1.758,1.758
2016-03-16,1.765,1.765
2016-03-17,1.782,1.782
2016-03-18,1.804,1.804
2016-03-21,1.82,1.82
2016-03-22,1.816,1.816
2016-03-23,1.81,1.81
2016-03-24,1.79,1.79
2016-03-25,1.792,1.792
2016-03-28,1.793,1.793
2016-03-29,1.765,1.765
2016-03-30,1.807,1.807
2016-03-31,1.807,1.807
2016-04-01,1.809,1.809
2016-04-05,1.835,1.835
2016-04-06,1.829,1.829
2016-04-07,1.816,1.816
2016-04-08,1.81,1.81
2016-04-11,1.828,1.828
2016-04-12,1.82,1.82
2016-04-13,1.848,1.848
2016-04-14,1.85,1.85
2016-04-15,1.849,1.849
2016-04-18,1.837,1.837
2016-04-19,1.834,1.834
2016-04-20,1.81,1.81
2016-04-21,1.815,1.815
2016-04-22,1.815,1.815
2016-04-25,1.804,1.804
2016-04-26,1.812,1.812
2016-04-27,1.815,1.815
2016-04-28,1.811,1.811
2016-04-29,1.808,1.808
2016-05-03,1.825,1.825
2016-05-04,1.82,1.82
2016-05-05,1.814,1.814
2016-05-06,1.787,1.787
2016-05-09,1.741,1.741
2016-05-10,1.735,1.735
2016-05-11,1.736,1.736
2016-05-12,1.742,1.742
2016-05-13,1.742,1.742
2016-05-16,1.749,1.749
2016-05-17,1.75,1.75
2016-05-18,1.739,1.739
2016-05-19,1.733,1.733
2016-05-20,1.735,1.735
2016-05-23,1.742,1.742
2016-05-24,1.738,1.738
2016-05-25,1.737,1.737
2016-05-26,1.737,1.737
2016-05-27,1.74,1.74
2016-05-30,1.746,1.746
2016-05-31,1.789,1.789
2016-06-01,1.785,1.785
2016-06-02,1.785,1.785
2016-06-03,1.788,1.788
2016-06-06,1.788,1.788
2016-06-07,1.788,1.788
2016-06-08,1.78,1.78
2016-06-13,1.746,1.746
2016-06-14,1.75,1.75
2016-06-15,1.763,1.763
2016-06-16,1.752,1.752
2016-06-17,1.761,1.761
2016-06-20,1.765,1.765
2016-06-21,1.765,1.765
2016-06-22,1.784,1.784
2016-06-23,1.77,1.77
2016-06-24,1.756,1.756
2016-06-27,1.77,1.77
2016-06-28,1.767,1.767
2016-06-29,1.777,1.777
2016-06-30,1.782,1.782
2016-07-01,1.786,1.786
2016-07-04,1.811,1.811
2016-07-05,1.82,1.82
2016-07-06,1.815,1.815
2016-07-07,1.816,1.816
2016-07-08,1.809,1.809
2016-07-11,1.816,1.816
2016-07-12,1.854,1.854
2016-07-13,1.864,1.864
2016-07-14,1.858,1.858
2016-07-15,1.863,1.863
2016-07-18,1.869,1.869
2016-07-19,1.86,1.86
2016-07-20,1.86,1.86
2016-07-21,1.872,1.872
2016-07-22,1.86,1.86
2016-07-25,1.864,1.864
2016-07-26,1.883,1.883
2016-07-27,1.868,1.868
2016-07-28,1.88,1.88
2016-07-29,1.886,1.886
2016-08-01,1.875,1.875
2016-08-02,1.877,1.877
2016-08-03,1.875,1.875
2016-08-04,1.875,1.875
2016-08-05,1.883,1.883
2016-08-08,1.891,1.891
2016-08-09,1.907,1.907
2016-08-10,1.905,1.905
2016-08-11,1.899,1.899
2016-08-12,1.934,1.934
2016-08-15,1.972,1.972
2016-08-16,1.957,1.957
2016-08-17,1.964,1.964
2016-08-18,1.955,1.955
2016-08-19,1.962,1.962
2016-08-22,1.954,1.954
2016-08-23,1.952,1.952
2016-08-24,1.948,1.948
2016-08-25,1.939,1.939
2016-08-26,1.937,1.937
2016-08-29,1.94,1.94
2016-08-30,1.938,1.938
2016-08-31,1.946,1.946
2016-09-01,1.936,1.936
2016-09-02,1.941,1.941
2016-09-05,1.95,1.95
2016-09-06,1.955,1.955
2016-09-07,1.96,1.96
2016-09-08,1.959,1.959
2016-09-09,1.955,1.955
2016-09-12,1.915,1.915
2016-09-13,1.914,1.914
2016-09-14,1.907,1.907
2016-09-19,1.916,1.916
2016-09-20,1.917,1.917
2016-09-21,1.921,1.921
2016-09-22,1.935,1.935
2016-09-23,1.929,1.929
2016-09-26,1.907,1.907
2016-09-27,1.905,1.905
2016-09-28,1.903,1.903
2016-09-29,1.91,1.91
2016-09-30,1.915,1.915
2016-10-10,1.935,1.935
2016-10-11,1.938,1.938
2016-10-12,1.933,1.933
2016-10-13,1.941,1.941
2016-10-14,1.941,1.941
2016-10-17,1.931,1.931
2016-10-18,1.951,1.951
2016-10-19,1.952,1.952
2016-10-20,1.951,1.951
2016-10-21,1.963,1.963
2016-10-24,1.987,1.987
2016-10-25,1.987,1.987
2016-10-26,1.973,1.973
2016-10-27,1.973,1.973
2016-10-28,1.968,1.968
2016-10-31,1.964,1.964
2016-11-01,1.972,1.972
2016-11-02,1.961,1.961
2016-11-03,1.972,1.972
2016-11-04,1.97,1.97
2016-11-07,1.978,1.978
2016-11-08,1.986,1.986
2016-11-09,1.973,1.973
2016-11-10,1.995,1.995
2016-11-11,2.006,2.006
2016-11-14,2.01,2.01
2016-11-15,2.004,2.004
2016-11-16,2.008,2.008
2016-11-17,2.01,2.01
2016-11-18,2.005,2.005
2016-11-21,2.022,2.022
2016-11-22,2.039,2.039
2016-11-23,2.043,2.043
2016-11-24,2.046,2.046
2016-11-25,2.066,2.066
2016-11-28,2.079,2.079
2016-11-29,2.087,2.087
2016-11-30,2.064,2.064
2016-12-01,2.084,2.084
2016-12-02,2.071,2.071
2016-12-05,2.048,2.048
2016-12-06,2.043,2.043
2016-12-07,2.051,2.051
2016-12-08,2.056,2.056
2016-12-09,2.071,2.071
2016-12-12,2.039,2.039
2016-12-13,2.028,2.028
2016-12-14,2.018,2.018
2016-12-15,1.984,1.984
2016-12-16,1.988,1.988
2016-12-19,1.985,1.985
2016-12-20,1.971,1.971
2016-12-21,1.989,1.989
2016-12-22,1.992,1.992
2016-12-23,1.974,1.974
2016-12-26,1.98,1.98
2016-12-27,1.98,1.98
2016-12-28,1.972,1.972
2016-12-29,1.972,1.972
2016-12-30,1.976,1.976
2017-01-03,1.992,1.992
2017-01-04,2.005,2.005
2017-01-05,2.007,2.007
2017-01-06,2.007,2.007
2017-01-09,2.014,2.014
2017-01-10,2.008,2.008
2017-01-11,1.997,1.997
2017-01-12,1.991,1.991
2017-01-13,1.997,1.997
2017-01-16,2.015,2.015
2017-01-17,2.014,2.014
2017-01-18,2.022,2.022
2017-01-19,2.017,2.017
2017-01-20,2.029,2.029
2017-01-23,2.029,2.029
2017-01-24,2.038,2.038
2017-01-25,2.042,2.042
2017-01-26,2.045,2.045
2017-02-03,2.033,2.033
2017-02-06,2.035,2.035
2017-02-07,2.035,2.035
2017-02-08,2.039,2.039
2017-02-09,2.046,2.046
2017-02-10,2.056,2.056
2017-02-13,2.063,2.063
2017-02-14,2.06,2.06
2017-02-15,2.064,2.064
2017-02-16,2.071,2.071
2017-02-17,2.06,2.06
2017-02-20,2.083,2.083
2017-02-21,2.087,2.087
2017-02-22,2.096,2.096
2017-02-23,2.088,2.088
2017-02-24,2.086,2.086
2017-02-27,2.075,2.075
2017-02-28,2.08,2.08
2017-03-01,2.081,2.081
2017-03-02,2.07,2.07
2017-03-03,2.068,2.068
2017-03-06,2.074,2.074
2017-03-07,2.072,2.072
2017-03-08,2.069,2.069
2017-03-09,2.056,2.056
2017-03-10,2.056,2.056
2017-03-13,2.073,2.073
2017-03-14,2.076,2.076
2017-03-15,2.079,2.079
2017-03-16,2.085,2.085
2017-03-17,2.066,2.066
2017-03-20,2.079,2.079
2017-03-21,2.084,2.084
2017-03-22,2.07,2.07
2017-03-23,2.071,2.071
2017-03-24,2.09,2.09
2017-03-27,2.094,2.094
2017-03-28,2.085,2.085
2017-03-29,2.084,2.084
2017-03-30,2.08,2.08
2017-03-31,2.094,2.094
2017-04-05,2.115,2.115
2017-04-06,2.117,2.117
2017-04-07,2.121,2.121
2017-04-10,2.119,2.119
2017-04-11,2.121,2.121
2017-04-12,2.113,2.113
2017-04-13,2.118,2.118
2017-04-14,2.102,2.102
2017-04-17,2.096,2.096
2017-04-18,2.086,2.086
2017-04-19,2.075,2.075
2017-04-20,2.08,2.08
2017-04-21,2.092,2.092
2017-04-24,2.077,2.077
2017-04-25,2.082,2.082
2017-04-26,2.084,2.084
2017-04-27,2.083,2.083
2017-04-28,2.073,2.073
2017-05-02,2.064,2.064
2017-05-03,2.055,2.055
2017-05-04,2.05,2.05
2017-05-05,2.046,2.046
2017-05-08,2.046,2.046
2017-05-09,2.049,2.049
2017-05-10,2.037,2.037
2017-05-11,2.046,2.046
2017-05-12,2.064,2.064
2017-05-15,2.074,2.074
2017-05-16,2.08,2.08
2017-05-17,2.075,2.075
2017-05-18,2.065,2.065
2017-05-19,2.068,2.068
2017-05-22,2.067,2.067
2017-05-23,2.082,2.082
2017-05-24,2.08,2.08
2017-05-25,2.113,2.113
2017-05-26,2.117,2.117
2017-05-31,2.126,2.126
2017-06-01,2.13,2.13
2017-06-02,2.131,2.131
2017-06-05,2.115,2.115
2017-06-06,2.121,2.121
2017-06-07,2.137,2.137
2017-06-08,2.157,2.157
2017-06-09,2.16,2.16
2017-06-12,2.163,2.163
2017-06-13,2.168,2.168
2017-06-14,2.145,2.145
2017-06-15,2.135,2.135
2017-06-16,2.128,2.128
2017-06-19,2.14,2.14
2017-06-20,2.132,2.132
2017-06-21,2.153,2.153
2017-06-22,2.159,2.159
2017-06-23,2.173,2.173
2017-06-26,2.189,2.189
2017-06-27,2.189,2.189
2017-06-28,2.184,2.184
2017-06-29,2.193,2.193
2017-06-30,2.199,2.199
2017-07-03,2.2,2.2
2017-07-04,2.191,2.191
2017-07-05,2.202,2.202
2017-07-06,2.21,2.21
2017-07-07,2.217,2.217
2017-07-10,2.216,2.216
2017-07-11,2.227,2.227
2017-07-12,2.216,2.216
2017-07-13,2.233,2.233
2017-07-14,2.252,2.252
2017-07-17,2.24,2.24
2017-07-18,2.24,2.24
2017-07-19,2.259,2.259
2017-07-20,2.269,2.269
2017-07-21,2.27,2.27
2017-07-24,2.279,2.279
2017-07-25,2.27,2.27
2017-07-26,2.26,2.26
2017-07-27,2.26,2.26
2017-07-28,2.259,2.259
2017-07-31,2.261,2.261
2017-08-01,2.274,2.274
2017-08-02,2.27,2.27
2017-08-03,2.255,2.255
2017-08-04,2.247,2.247
2017-08-07,2.253,2.253
2017-08-08,2.244,2.244
2017-08-09,2.24,2.24
2017-08-10,2.235,2.235
2017-08-11,2.204,2.204
2017-08-14,2.213,2.213
2017-08-15,2.224,2.224
2017-08-16,2.219,2.219
2017-08-17,2.229,2.229
2017-08-18,2.231,2.231
2017-08-21,2.237,2.237
2017-08-22,2.239,2.239
2017-08-23,2.246,2.246
2017-08-24,2.242,2.242
2017-08-25,2.275,2.275
2017-08-28,2.281,2.281
2017-08-29,2.282,2.282
2017-08-30,2.278,2.278
2017-08-31,2.267,2.267
2017-09-01,2.266,2.266
2017-09-04,2.269,2.269
2017-09-05,2.274,2.274
2017-09-06,2.272,2.272
2017-09-07,2.265,2.265
2017-09-08,2.267,2.267
2017-09-11,2.269,2.269
2017-09-12,2.273,2.273
2017-09-13,2.273,2.273
2017-09-14,2.261,2.261
2017-09-15,2.255,2.255
2017-09-18,2.263,2.263
2017-09-19,2.259,2.259
2017-09-20,2.27,2.27
2017-09-21,2.276,2.276
2017-09-22,2.278,2.278
2017-09-25,2.276,2.276
2017-09-26,2.274,2.274
2017-09-27,2.276,2.276
2017-09-28,2.274,2.274
2017-09-29,2.28,2.28
2017-10-09,2.295,2.295
2017-10-10,2.29,2.29
2017-10-11,2.297,2.297
2017-10-12,2.301,2.301
2017-10-13,2.302,2.302
2017-10-16,2.299,2.299
2017-10-17,2.297,2.297
2017-10-18,2.307,2.307
2017-10-19,2.311,2.311
2017-10-20,2.318,2.318
2017-10-23,2.315,2.315
2017-10-24,2.326,2.326
2017-10-25,2.33,2.33
2017-10-26,2.325,2.325
2017-10-27,2.335,2.335
2017-10-30,2.33,2.33
2017-10-31,2.322,2.322
2017-11-01,2.306,2.306
2017-11-02,2.304,2.304
2017-11-03,2.298,2.298
2017-11-06,2.306,2.306
2017-11-07,2.318,2.318
2017-11-08,2.323,2.323
2017-11-09,2.333,2.333
2017-11-10,2.346,2.346
2017-11-13,2.361,2.361
2017-11-14,2.351,2.351
2017-11-15,2.338,2.338
2017-11-16,2.337,2.337
2017-11-17,2.36,2.36
2017-11-20,2.375,2.375
2017-11-21,2.392,2.392
2017-11-22,2.402,2.402
2017-11-23,2.358,2.358
2017-11-24,2.355,2.355
2017-11-27,2.336,2.336
2017-11-28,2.331,2.331
2017-11-29,2.33,2.33
2017-11-30,2.318,2.318
2017-12-01,2.316,2.316
2017-12-04,2.315,2.315
2017-12-05,2.338,2.338
2017-12-06,2.32,2.32
2017-12-07,2.303,2.303
2017-12-08,2.301,2.301
2017-12-11,2.32,2.32
2017-12-12,2.293,2.293
2017-12-13,2.301,2.301
2017-12-14,2.294,2.294
2017-12-15,2.278,2.278
2017-12-18,2.28,2.28
2017-12-19,2.297,2.297
2017-12-20,2.297,2.297
2017-12-21,2.302,2.302
2017-12-22,2.301,2.301
2017-12-25,2.303,2.303
2017-12-26,2.315,2.315
2017-12-27,2.303,2.303
2017-12-28,2.313,2.313
2017-12-29,2.324,2.324
2018-01-02,2.353,2.353
2018-01-03,2.363,2.363
2018-01-04,2.364,2.364
2018-01-05,2.385,2.385
2018-01-08,2.399,2.399
2018-01-09,2.398,2.398
2018-01-10,2.405,2.405
2018-01-11,2.4,2.4
2018-01-12,2.405,2.405
2018-01-15,2.402,2.402
2018-01-16,2.417,2.417
2018-01-17,2.423,2.423
2018-01-18,2.442,2.442
2018-01-19,2.452,2.452
2018-01-22,2.466,2.466
2018-01-23,2.498,2.498
2018-01-24,2.505,2.505
2018-01-25,2.495,2.495
2018-01-26,2.519,2.519
2018-01-29,2.498,2.498
2018-01-30,2.478,2.478
2018-01-31,2.476,2.476
2018-02-01,2.474,2.474
2018-02-02,2.494,2.494
2018-02-05,2.527,2.527
2018-02-06,2.469,2.469
2018-02-07,2.428,2.428
2018-02-08,2.39,2.39
2018-02-09,2.314,2.314
2018-02-12,2.318,2.318
2018-02-13,2.343,2.343
2018-02-14,2.349,2.349
2018-02-22,2.387,2.387
2018-02-23,2.396,2.396
2018-02-26,2.409,2.409
2018-02-27,2.383,2.383
2018-02-28,2.365,2.365
2018-03-01,2.361,2.361
2018-03-02,2.36,2.36
2018-03-05,2.361,2.361
2018-03-06,2.377,2.377
2018-03-07,2.375,2.375
2018-03-08,2.383,2.383
2018-03-09,2.385,2.385
2018-03-12,2.389,2.389
2018-03-13,2.381,2.381
2018-03-14,2.375,2.375
2018-03-15,2.372,2.372
2018-03-16,2.36,2.36
2018-03-19,2.351,2.351
2018-03-20,2.354,2.354
2018-03-21,2.348,2.348
2018-03-22,2.335,2.335
2018-03-23,2.291,2.291
2018-03-26,2.271,2.271
2018-03-27,2.271,2.271
2018-03-28,2.248,2.248
2018-03-29,2.281,2.281
2018-03-30,2.276,2.276
2018-04-02,2.266,2.266
2018-04-03,2.24,2.24
2018-04-04,2.24,2.24
2018-04-09,2.239,2.239
2018-04-10,2.273,2.273
2018-04-11,2.288,2.288
2018-04-12,2.268,2.268
2018-04-13,2.259,2.259
2018-04-16,2.225,2.225
2018-04-17,2.209,2.209
2018-04-18,2.21,2.21
2018-04-19,2.222,2.222
2018-04-20,2.199,2.199
2018-04-23,2.199,2.199
2018-04-24,2.235,2.235
2018-04-25,2.224,2.224
2018-04-26,2.198,2.198
2018-04-27,2.201,2.201
2018-05-02,2.209,2.209
2018-05-03,2.22,2.22
2018-05-04,2.219,2.219
2018-05-07,2.24,2.24
2018-05-08,2.256,2.256
2018-05-09,2.252,2.252
2018-05-10,2.266,2.266
2018-05-11,2.262,2.262
2018-05-14,2.266,2.266
2018-05-15,2.273,2.273
2018-05-16,2.265,2.265
2018-05-17,2.261,2.261
2018-05-18,2.281,2.281
2018-05-21,2.287,2.287
2018-05-22,2.278,2.278
2018-05-23,2.263,2.263
2018-05-24,2.248,2.248
2018-05-25,2.25,2.25
2018-05-28,2.247,2.247
2018-05-29,2.245,2.245
2018-05-30,2.219,2.219
2018-05-31,2.246,2.246
2018-06-01,2.239,2.239
2018-06-04,2.25,2.25
2018-06-05,2.259,2.259
2018-06-06,2.255,2.255
2018-06-07,2.248,2.248
2018-06-08,2.226,2.226
2018-06-11,2.223,2.223
2018-06-12,2.237,2.237
2018-06-13,2.235,2.235
2018-06-14,2.233,2.233
2018-06-15,2.232,2.232
2018-06-19,2.188,2.188
2018-06-20,2.185,2.185
2018-06-21,2.172,2.172
2018-06-22,2.168,2.168
2018-06-25,2.155,2.155
2018-06-26,2.134,2.134
2018-06-27,2.113,2.113
2018-06-28,2.095,2.095
2018-06-29,2.125,2.125
2018-07-02,2.076,2.076
2018-07-03,2.079,2.079
2018-07-04,2.075,2.075
2018-07-05,2.065,2.065
2018-07-06,2.077,2.077
2018-07-09,2.113,2.113
2018-07-10,2.119,2.119
2018-07-11,2.094,2.094
2018-07-12,2.124,2.124
2018-07-13,2.122,2.122
2018-07-16,2.115,2.115
2018-07-17,2.107,2.107
2018-07-18,2.116,2.116
2018-07-19,2.109,2.109
2018-07-20,2.153,2.153
2018-07-23,2.177,2.177
2018-07-24,2.191,2.191
2018-07-25,2.191,2.191
2018-07-26,2.18,2.18
2018-07-27,2.174,2.174
2018-07-30,2.178,2.178
2018-07-31,2.189,2.189
2018-08-01,2.155,2.155
2018-08-02,2.118,2.118
2018-08-03,2.109,2.109
2018-08-06,2.099,2.099
2018-08-07,2.136,2.136
2018-08-08,2.113,2.113
2018-08-09,2.141,2.141
2018-08-10,2.135,2.135
2018-08-13,2.121,2.121
2018-08-14,2.117,2.117
2018-08-15,2.087,2.087
2018-08-16,2.081,2.081
2018-08-17,2.064,2.064
2018-08-20,2.081,2.081
2018-08-21,2.098,2.098
2018-08-22,2.091,2.091
2018-08-23,2.097,2.097
2018-08-24,2.103,2.103
2018-08-27,2.138,2.138
2018-08-28,2.136,2.136
2018-08-29,2.134,2.134
2018-08-30,2.122,2.122
2018-08-31,2.116,2.116
2018-09-03,2.113,2.113
2018-09-04,2.129,2.129
2018-09-05,2.105,2.105
2018-09-06,2.089,2.089
2018-09-07,2.097,2.097
2018-09-10,2.089,2.089
2018-09-11,2.082,2.082
2018-09-12,2.079,2.079
2018-09-13,2.098,2.098
2018-09-14,2.1,2.1
2018-09-17,2.091,2.091
2018-09-18,2.116,2.116
2018-09-19,2.139,2.139
2018-09-20,2.133,2.133
2018-09-21,2.183,2.183
2018-09-25,2.168,2.168
2018-09-26,2.181,2.181
2018-09-27,2.183,2.183
2018-09-28,2.198,2.198
2018-10-08,2.136,2.136
2018-10-09,2.131,2.131
2018-10-10,2.138,2.138
2018-10-11,2.065,2.065
2018-10-12,2.075,2.075
2018-10-15,2.05,2.05
2018-10-16,2.036,2.036
2018-10-17,2.049,2.049
2018-10-18,2.02,2.02
2018-10-19,2.058,2.058
2018-10-22,2.115,2.115
2018-10-23,2.074,2.074
2018-10-24,2.082,2.082
2018-10-25,2.08,2.08
2018-10-26,2.083,2.083
2018-10-29,2.049,2.049
2018-10-30,2.058,2.058
2018-10-31,2.077,2.077
2018-11-01,2.075,2.075
2018-11-02,2.115,2.115
2018-11-05,2.105,2.105
2018-11-06,2.103,2.103
2018-11-07,2.093,2.093
2018-11-08,2.094,2.094
2018-11-09,2.07,2.07
2018-11-12,2.09,2.09
2018-11-13,2.099,2.099
2018-11-14,2.083,2.083
2018-11-15,2.095,2.095
2018-11-16,2.099,2.099
2018-11-19,2.115,2.115
2018-11-20,2.085,2.085
2018-11-21,2.085,2.085
2018-11-22,2.079,2.079
2018-11-23,2.05,2.05
2018-11-26,2.052,2.052
2018-11-27,2.048,2.048
2018-11-28,2.058,2.058
2018-11-29,2.047,2.047
2018-11-30,2.058,2.058
2018-12-03,2.094,2.094
2018-12-04,2.098,2.098
2018-12-05,2.094,2.094
2018-12-06,2.073,2.073
2018-12-07,2.08,2.08
2018-12-10,2.071,2.071
2018-12-11,2.072,2.072
2018-12-12,2.083,2.083
2018-12-13,2.1,2.1
2018-12-14,2.09,2.09
2018-12-17,2.099,2.099
2018-12-18,2.088,2.088
2018-12-19,2.079,2.079
2018-12-20,2.069,2.069
2018-12-21,2.06,2.06
2018-12-24,2.069,2.069
2018-12-25,2.053,2.053
2018-12-26,2.054,2.054
2018-12-27,2.052,2.052
2018-12-28,2.055,2.055
2019-01-02,2.026,2.026
2019-01-03,2.022,2.022
2019-01-04,2.044,2.044
2019-01-07,2.06,2.06
2019-01-08,2.064,2.064
2019-01-09,2.071,2.071
2019-01-10,2.066,2.066
2019-01-11,2.073,2.073
2019-01-14,2.075,2.075
2019-01-15,2.086,2.086
2019-01-16,2.088,2.088
2019-01-17,2.083,2.083
2019-01-18,2.104,2.104
2019-01-21,2.111,2.111
2019-01-22,2.095,2.095
2019-01-23,2.097,2.097
2019-01-24,2.103,2.103
2019-01-25,2.108,2.108
2019-01-28,2.109,2.109
2019-01-29,2.116,2.116
2019-01-30,2.11,2.11
2019-01-31,2.121,2.121
2019-02-01,2.135,2.135
2019-02-11,2.145,2.145
2019-02-12,2.157,2.157
2019-02-13,2.178,2.178
2019-02-14,2.181,2.181
2019-02-15,2.155,2.155
2019-02-18,2.195,2.195
2019-02-19,2.192,2.192
2019-02-20,2.194,2.194
2019-02-21,2.182,2.182
2019-02-22,2.2,2.2
2019-02-25,2.278,2.278
2019-02-26,2.267,2.267
2019-02-27,2.265,2.265
2019-02-28,2.266,2.266
2019-03-01,2.284,2.284
2019-03-04,2.307,2.307
2019-03-05,2.316,2.316
2019-03-06,2.339,2.339
2019-03-07,2.333,2.333
2019-03-08,2.257,2.257
2019-03-11,2.281,2.281
2019-03-12,2.299,2.299
2019-03-13,2.286,2.286
2019-03-14,2.265,2.265
2019-03-15,2.282,2.282
2019-03-18,2.332,2.332
2019-03-19,2.33,2.33
2019-03-20,2.328,2.328
2019-03-21,2.338,2.338
2019-03-22,2.339,2.339
2019-03-25,2.311,2.311
2019-03-26,2.281,2.281
2019-03-27,2.311,2.311
2019-03-28,2.302,2.302
2019-03-29,2.339,2.339
2019-04-01,2.39,2.39
2019-04-02,2.389,2.389
2019-04-03,2.41,2.41
2019-04-04,2.432,2.432
2019-04-08,2.442,2.442
2019-04-09,2.438,2.438
2019-04-10,2.433,2.433
2019-04-11,2.415,2.415
2019-04-12,2.4,2.4
2019-04-15,2.396,2.396
2019-04-16,2.422,2.422
2019-04-17,2.425,2.425
2019-04-18,2.409,2.409
2019-04-19,2.413,2.413
2019-04-22,2.374,2.374
2019-04-23,2.356,2.356
2019-04-24,2.37,2.37
2019-04-25,2.326,2.326
2019-04-26,2.304,2.304
2019-04-29,2.292,2.292
2019-04-30,2.31,2.31
2019-05-06,2.223,2.223
2019-05-07,2.242,2.242
2019-05-08,2.223,2.223
2019-05-09,2.196,2.196
2019-05-10,2.235,2.235
2019-05-13,2.21,2.21
2019-05-14,2.2,2.2
2019-05-15,2.227,2.227
2019-05-16,2.235,2.235
2019-05-17,2.199,2.199
2019-05-20,2.19,2.19
2019-05-21,2.208,2.208
2019-05-22,2.206,2.206
2019-05-23,2.187,2.187
2019-05-24,2.187,2.187
2019-05-27,2.205,2.205
2019-05-28,2.206,2.206
2019-05-29,2.208,2.208
2019-05-30,2.208,2.208
2019-05-31,2.204,2.204
2019-06-03,2.197,2.197
2019-06-04,2.19,2.19
2019-06-05,2.197,2.197
2019-06-06,2.18,2.18
2019-06-10,2.195,2.195
2019-06-11,2.235,2.235
2019-06-12,2.223,2.223
2019-06-13,2.217,2.217
2019-06-14,2.201,2.201
2019-06-17,2.206,2.206
2019-06-18,2.208,2.208
2019-06-19,2.221,2.221
2019-06-20,2.252,2.252
2019-06-21,2.256,2.256
2019-06-24,2.257,2.257
2019-06-25,2.241,2.241
2019-06-26,2.245,2.245
2019-06-27,2.259,2.259
2019-06-28,2.252,2.252
2019-07-01,2.278,2.278
2019-07-02,2.287,2.287
2019-07-03,2.288,2.288
2019-07-04,2.286,2.286
2019-07-05,2.29,2.29
2019-07-08,2.25,2.25
2019-07-09,2.248,2.248
2019-07-10,2.237,2.237
2019-07-11,2.238,2.238
2019-07-12,2.246,2.246
2019-07-15,2.247,2.247
2019-07-16,2.248,2.248
2019-07-17,2.246,2.246
2019-07-18,2.229,2.229
2019-07-19,2.24,2.24
2019-07-22,2.227,2.227
2019-07-23,2.234,2.234
2019-07-24,2.248,2.248
2019-07-25,2.257,2.257
2019-07-26,2.265,2.265
2019-07-29,2.268,2.268
2019-07-30,2.278,2.278
2019-07-31,2.267,2.267
2019-08-01,2.253,2.253
2019-08-02,2.229,2.229
2019-08-05,2.2,2.2
2019-08-06,2.17,2.17
2019-08-07,2.164,2.164
2019-08-08,2.178,2.178
2019-08-09,2.18,2.18
2019-08-12,2.199,2.199
2019-08-13,2.188,2.188
2019-08-14,2.192,2.192
2019-08-15,2.201,2.201
2019-08-16,2.202,2.202
2019-08-19,2.231,2.231
2019-08-20,2.235,2.235
2019-08-21,2.234,2.234
2019-08-22,2.229,2.229
2019-08-23,2.233,2.233
2019-08-26,2.225,2.225
2019-08-27,2.248,2.248
2019-08-28,2.24,2.24
2019-08-29,2.231,2.231
2019-08-30,2.221,2.221
2019-09-02,2.242,2.242
2019-09-03,2.248,2.248
2019-09-04,2.271,2.271
2019-09-05,2.286,2.286
2019-09-06,2.294,2.294
2019-09-09,2.303,2.303
2019-09-10,2.297,2.297
2019-09-11,2.294,2.294
2019-09-12,2.305,2.305
2019-09-16,2.311,2.311
2019-09-17,2.288,2.288
2019-09-18,2.29,2.29
2019-09-19,2.292,2.292
2019-09-20,2.292,2.292
2019-09-23,2.274,2.274
2019-09-24,2.276,2.276
2019-09-25,2.258,2.258
2019-09-26,2.258,2.258
2019-09-27,2.249,2.249
2019-09-30,2.237,2.237
2019-10-08,2.244,2.244
2019-10-09,2.258,2.258
2019-10-10,2.266,2.266
2019-10-11,2.285,2.285
2019-10-14,2.302,2.302
2019-10-15,2.294,2.294
2019-10-16,2.289,2.289
2019-10-17,2.279,2.279
2019-10-18,2.26,2.26
2019-10-21,2.263,2.263
2019-10-22,2.266,2.266
2019-10-23,2.263,2.263
2019-10-24,2.266,2.266
2019-10-25,2.268,2.268
2019-10-28,2.275,2.275
2019-10-29,2.267,2.267
2019-10-30,2.246,2.246
2019-10-31,2.238,2.238
2019-11-01,2.254,2.254
2019-11-04,2.259,2.259
2019-11-05,2.269,2.269
2019-11-06,2.257,2.257
2019-11-07,2.262,2.262
2019-11-08,2.256,2.256
2019-11-11,2.222,2.222
2019-11-12,2.225,2.225
2019-11-13,2.217,2.217
2019-11-14,2.216,2.216
2019-11-15,2.206,2.206
2019-11-18,2.215,2.215
2019-11-19,2.229,2.229
2019-11-20,2.221,2.221
2019-11-21,2.219,2.219
2019-11-22,2.221,2.221
2019-11-25,2.241,2.241
2019-11-26,2.237,2.237
2019-11-27,2.233,2.233
2019-11-28,2.229,2.229
2019-11-29,2.225,2.225
2019-12-02,2.23,2.23
2019-12-03,2.232,2.232
2019-12-04,2.223,2.223
2019-12-05,2.231,2.231
2019-12-06,2.228,2.228
2019-12-09,2.238,2.238
2019-12-10,2.243,2.243
2019-12-11,2.253,2.253
2019-12-12,2.252,2.252
2019-12-13,2.273,2.273
2019-12-16,2.288,2.288
2019-12-17,2.301,2.301
2019-12-18,2.297,2.297
2019-12-19,2.303,2.303
2019-12-20,2.293,2.293
2019-12-23,2.273,2.273
2019-12-24,2.278,2.278
2019-12-25,2.278,2.278
2019-12-26,2.296,2.296
2019-12-27,2.297,2.297
2019-12-30,2.313,2.313
2019-12-31,2.325,2.325
2020-01-02,2.349,2.349
2020-01-03,2.345,2.345
2020-01-06,2.341,2.341
2020-01-07,2.354,2.354
2020-01-08,2.341,2.341
2020-01-09,2.356,2.356
2020-01-10,2.35,2.35
2020-01-13,2.357,2.357
2020-01-14,2.367,2.367
2020-01-15,2.36,2.36
2020-01-16,2.358,2.358
2020-01-17,2.345,2.345
2020-01-20,2.345,2.345
2020-01-21,2.312,2.312
2020-01-22,2.309,2.309
2020-01-23,2.269,2.269
2020-02-03,2.105,2.105
2020-02-04,2.147,2.147
2020-02-05,2.168,2.168
2020-02-06,2.172,2.172
2020-02-07,2.168,2.168
2020-02-10,2.197,2.197
2020-02-11,2.206,2.206
2020-02-12,2.21,2.21
2020-02-13,2.2,2.2
2020-02-14,2.21,2.21
2020-02-17,2.239,2.239
2020-02-18,2.24,2.24
2020-02-19,2.239,2.239
2020-02-20,2.263,2.263
2020-02-21,2.273,2.273
2020-02-24,2.261,2.261
2020-02-25,2.239,2.239
2020-02-26,2.244,2.244
2020-02-27,2.245,2.245
2020-02-28,2.197,2.197
2020-03-02,2.249,2.249
2020-03-03,2.254,2.254
2020-03-04,2.269,2.269
2020-03-05,2.284,2.284
2020-03-06,2.269,2.269
2020-03-09,2.222,2.222
2020-03-10,2.246,2.246
2020-03-11,2.236,2.236
2020-03-12,2.209,2.209
2020-03-13,2.18,2.18
2020-03-16,2.142,2.142
2020-03-17,2.127,2.127
2020-03-18,2.11,2.11
2020-03-19,2.082,2.082
2020-03-20,2.098,2.098
2020-03-23,2.049,2.049
2020-03-24,2.077,2.077
2020-03-25,2.114,2.114
2020-03-26,2.102,2.102
2020-03-27,2.111,2.111
2020-03-30,2.096,2.096
2020-03-31,2.093,2.093
2020-04-01,2.083,2.083
2020-04-02,2.1,2.1
2020-04-03,2.095,2.095
2020-04-07,2.118,2.118
2020-04-08,2.119,2.119
2020-04-09,2.118,2.118
2020-04-10,2.107,2.107
2020-04-13,2.1,2.1
2020-04-14,2.116,2.116
2020-04-15,2.11,2.11
2020-04-16,2.105,2.105
2020-04-17,2.109,2.109
2020-04-20,2.111,2.111
2020-04-21,2.101,2.101
2020-04-22,2.102,2.102
2020-04-23,2.096,2.096
2020-04-24,2.084,2.084
2020-04-27,2.092,2.092
2020-04-28,2.08,2.08
2020-04-29,2.101,2.101
2020-04-30,2.128,2.128
2020-05-06,2.127,2.127
2020-05-07,2.128,2.128
2020-05-08,2.139,2.139
2020-05-11,2.138,2.138
2020-05-12,2.13,2.13
2020-05-13,2.132,2.132
2020-05-14,2.116,2.116
2020-05-15,2.113,2.113
2020-05-18,2.113,2.113
2020-05-19,2.118,2.118
2020-05-20,2.107,2.107
2020-05-21,2.102,2.102
2020-05-22,2.08,2.08
2020-05-25,2.079,2.079
2020-05-26,2.087,2.087
2020-05-27,2.095,2.095
2020-05-28,2.098,2.098
2020-05-29,2.088,2.088
2020-06-01,2.115,2.115
2020-06-02,2.119,2.119
2020-06-03,2.125,2.125
2020-06-04,2.132,2.132
2020-06-05,2.122,2.122
2020-06-08,2.129,2.129
2020-06-09,2.133,2.133
2020-06-10,2.126,2.126
2020-06-11,2.115,2.115
2020-06-12,2.113,2.113
2020-06-15,2.103,2.103
2020-06-16,2.121,2.121
2020-06-17,2.126,2.126
2020-06-18,2.14,2.14
2020-06-19,2.138,2.138
2020-06-22,2.13,2.13
2020-06-23,2.124,2.124
2020-06-24,2.126,2.126
2020-06-29,2.115,2.115
2020-06-30,2.126,2.126
2020-07-01,2.152,2.152
2020-07-02,2.189,2.189
2020-07-03,2.214,2.214
2020-07-06,2.333,2.333
2020-07-07,2.305,2.305
2020-07-08,2.332,2.332
2020-07-09,2.339,2.339
2020-07-10,2.299,2.299
2020-07-13,2.333,2.333
2020-07-14,2.323,2.323
2020-07-15,2.297,2.297
2020-07-16,2.25,2.25
2020-07-17,2.251,2.251
2020-07-20,2.317,2.317
2020-07-21,2.313,2.313
2020-07-22,2.313,2.313
2020-07-23,2.292,2.292
2020-07-24,2.241,2.241
2020-07-27,2.233,2.233
2020-07-28,2.245,2.245
2020-07-29,2.265,2.265
2020-07-30,2.267,2.267
2020-07-31,2.279,2.279
2020-08-03,2.319,2.319
2020-08-04,2.32,2.32
2020-08-05,2.31,2.31
2020-08-06,2.318,2.318
2020-08-07,2.315,2.315
2020-08-10,2.336,2.336
2020-08-11,2.328,2.328
2020-08-12,2.314,2.314
2020-08-13,2.33,2.33
2020-08-14,2.339,2.339
2020-08-17,2.38,2.38
2020-08-18,2.382,2.382
2020-08-19,2.377,2.377
2020-08-20,2.367,2.367
2020-08-21,2.365,2.365
2020-08-24,2.368,2.368
2020-08-25,2.359,2.359
2020-08-26,2.333,2.333
2020-08-27,2.333,2.333
2020-08-28,2.355,2.355
2020-08-31,2.349,2.349
2020-09-01,2.347,2.347
2020-09-02,2.347,2.347
2020-09-03,2.344,2.344
2020-09-04,2.331,2.331
2020-09-07,2.322,2.322
2020-09-08,2.33,2.33
2020-09-09,2.316,2.316
2020-09-10,2.304,2.304
2020-09-11,2.302,2.302
2020-09-14,2.303,2.303
2020-09-15,2.309,2.309
2020-09-16,2.314,2.314
2020-09-17,2.316,2.316
2020-09-18,2.338,2.338
2020-09-21,2.33,2.33
2020-09-22,2.309,2.309
2020-09-23,2.309,2.309
2020-09-24,2.283,2.283
2020-09-25,2.279,2.279
2020-09-28,2.28,2.28
2020-09-29,2.28,2.28
2020-09-30,2.276,2.276
2020-10-09,2.3,2.3
2020-10-12,2.33,2.33
2020-10-13,2.326,2.326
2020-10-14,2.318,2.318
2020-10-15,2.313,2.313
2020-10-16,2.315,2.315
2020-10-19,2.308,2.308
2020-10-20,2.305,2.305
2020-10-21,2.303,2.303
2020-10-22,2.295,2.295
2020-10-23,2.29,2.29
2020-10-26,2.279,2.279
2020-10-27,2.274,2.274
2020-10-28,2.276,2.276
2020-10-29,2.292,2.292
2020-10-30,2.282,2.282
2020-11-02,2.289,2.289
2020-11-03,2.301,2.301
2020-11-04,2.317,2.317
2020-11-05,2.347,2.347
2020-11-06,2.362,2.362
2020-11-09,2.396,2.396
2020-11-10,2.389,2.389
2020-11-11,2.398,2.398
2020-11-12,2.407,2.407
2020-11-13,2.394,2.394
2020-11-16,2.431,2.431
2020-11-17,2.438,2.438
2020-11-18,2.448,2.448
2020-11-19,2.435,2.435
2020-11-20,2.445,2.445
2020-11-23,2.474,2.474
2020-11-24,2.47,2.47
2020-11-25,2.449,2.449
2020-11-26,2.444,2.444
2020-11-27,2.458,2.458
2020-11-30,2.44,2.44
2020-12-01,2.444,2.444
2020-12-02,2.446,2.446
2020-12-03,2.429,2.429
2020-12-04,2.422,2.422
2020-12-07,2.393,2.393
2020-12-08,2.389,2.389
2020-12-09,2.364,2.364
2020-12-10,2.375,2.375
2020-12-11,2.37,2.37
2020-12-14,2.345,2.345
2020-12-15,2.337,2.337
2020-12-16,2.335,2.335
2020-12-17,2.352,2.352
2020-12-18,2.364,2.364
2020-12-21,2.367,2.367
2020-12-22,2.328,2.328
2020-12-23,2.33,2.33
2020-12-24,2.324,2.324
2020-12-25,2.33,2.33
2020-12-28,2.322,2.322
2020-12-29,2.305,2.305
2020-12-30,2.309,2.309
2020-12-31,2.316,2.316
2021-01-04,2.32,2.32
2021-01-05,2.306,2.306
2021-01-06,2.304,2.304
2021-01-07,2.297,2.297
2021-01-08,2.306,2.306
2021-01-11,2.284,2.284
2021-01-12,2.298,2.298
2021-01-13,2.303,2.303
2021-01-14,2.301,2.301
2021-01-15,2.313,2.313
2021-01-18,2.322,2.322
2021-01-19,2.324,2.324
2021-01-20,2.323,2.323
2021-01-21,2.326,2.326
2021-01-22,2.31,2.31
2021-01-25,2.287,2.287
2021-01-26,2.28,2.28
2021-01-27,2.279,2.279
2021-01-28,2.258,2.258
2021-01-29,2.248,2.248
2021-02-01,2.259,2.259
2021-02-02,2.263,2.263
2021-02-03,2.25,2.25
2021-02-04,2.238,2.238
2021-02-05,2.251,2.251
2021-02-08,2.259,2.259
2021-02-09,2.27,2.27
2021-02-10,2.282,2.282
2021-02-18,2.324,2.324
2021-02-19,2.358,2.358
2021-02-22,2.387,2.387
2021-02-23,2.368,2.368
2021-02-24,2.348,2.348
2021-02-25,2.375,2.375
2021-02-26,2.341,2.341
2021-03-01,2.364,2.364
2021-03-02,2.354,2.354
2021-03-03,2.397,2.397
2021-03-04,2.394,2.394
2021-03-05,2.376,2.376
2021-03-08,2.369,2.369
2021-03-09,2.362,2.362
2021-03-10,2.352,2.352
2021-03-11,2.383,2.383
2021-03-12,2.4,2.4
2021-03-15,2.417,2.417
2021-03-16,2.419,2.419
2021-03-17,2.41,2.41
2021-03-18,2.41,2.41
2021-03-19,2.398,2.398
2021-03-22,2.415,2.415
2021-03-23,2.402,2.402
2021-03-24,2.37,2.37
2021-03-25,2.372,2.372
2021-03-26,2.392,2.392
2021-03-29,2.416,2.416
2021-03-30,2.415,2.415
2021-03-31,2.411,2.411
2021-04-01,2.423,2.423
2021-04-02,2.408,2.408
2021-04-06,2.412,2.412
2021-04-07,2.425,2.425
2021-04-08,2.426,2.426
2021-04-09,2.429,2.429
2021-04-12,2.433,2.433
2021-04-13,2.412,2.412
2021-04-14,2.416,2.416
2021-04-15,2.419,2.419
2021-04-16,2.442,2.442
2021-04-19,2.449,2.449
2021-04-20,2.444,2.444
2021-04-21,2.438,2.438
2021-04-22,2.444,2.444
2021-04-23,2.44,2.44
2021-04-26,2.435,2.435
2021-04-27,2.427,2.427
2021-04-28,2.429,2.429
2021-04-29,2.439,2.439
2021-04-30,2.42,2.42
2021-05-06,2.447,2.447
2021-05-07,2.467,2.467
2021-05-10,2.494,2.494
2021-05-11,2.476,2.476
2021-05-12,2.484,2.484
2021-05-13,2.455,2.455
2021-05-14,2.459,2.459
2021-05-17,2.456,2.456
2021-05-18,2.464,2.464
2021-05-19,2.448,2.448
2021-05-20,2.419,2.419
2021-05-21,2.422,2.422
2021-05-24,2.421,2.421
2021-05-25,2.438,2.438
2021-05-26,2.451,2.451
2021-05-27,2.459,2.459
2021-05-28,2.456,2.456
2021-05-31,2.458,2.458
2021-06-01,2.472,2.472
2021-06-02,2.469,2.469
2021-06-03,2.478,2.478
2021-06-04,2.474,2.474
2021-06-07,2.472,2.472
2021-06-08,2.465,2.465
2021-06-09,2.476,2.476
2021-06-10,2.483,2.483
2021-06-11,2.486,2.486
2021-06-15,2.475,2.475
2021-06-16,2.469,2.469
2021-06-17,2.464,2.464
2021-06-18,2.464,2.464
2021-06-21,2.456,2.456
2021-06-22,2.472,2.472
2021-06-23,2.496,2.496
2021-06-24,2.504,2.504
2021-06-25,2.51,2.51
2021-06-28,2.487,2.487
2021-06-29,2.473,2.473
2021-06-30,2.482,2.482
2021-07-01,2.483,2.483
2021-07-02,2.467,2.467
2021-07-05,2.472,2.472
2021-07-06,2.476,2.476
2021-07-07,2.478,2.478
2021-07-08,2.45,2.45
2021-07-09,2.462,2.462
2021-07-12,2.465,2.465
2021-07-13,2.48,2.48
2021-07-14,2.484,2.484
2021-07-15,2.504,2.504
2021-07-16,2.512,2.512
2021-07-19,2.506,2.506
2021-07-20,2.493,2.493
2021-07-21,2.491,2.491
2021-07-22,2.507,2.507
2021-07-23,2.501,2.501
2021-07-26,2.469,2.469
2021-07-27,2.43,2.43
2021-07-28,2.413,2.413
2021-07-29,2.428,2.428
2021-07-30,2.448,2.448
2021-08-02,2.433,2.433
2021-08-03,2.408,2.408
2021-08-04,2.423,2.423
2021-08-05,2.415,2.415
2021-08-06,2.423,2.423
2021-08-09,2.449,2.449
2021-08-10,2.448,2.448
2021-08-11,2.486,2.486
2021-08-12,2.506,2.506
2021-08-13,2.503,2.503
2021-08-16,2.508,2.508
2021-08-17,2.486,2.486
2021-08-18,2.498,2.498
2021-08-19,2.491,2.491
2021-08-20,2.501,2.501
2021-08-23,2.51,2.51
2021-08-24,2.525,2.525
2021-08-25,2.548,2.548
2021-08-26,2.575,2.575
2021-08-27,2.594,2.594
2021-08-30,2.61,2.61
2021-08-31,2.658,2.658
2021-09-01,2.655,2.655
2021-09-02,2.706,2.706
2021-09-03,2.691,2.691
2021-09-06,2.71,2.71
2021-09-07,2.763,2.763
2021-09-08,2.786,2.786
2021-09-09,2.852,2.852
2021-09-10,2.811,2.811
2021-09-13,2.858,2.858
2021-09-14,2.813,2.813
2021-09-15,2.797,2.797
2021-09-16,2.789,2.789
2021-09-17,2.731,2.731
2021-09-22,2.769,2.769
2021-09-23,2.763,2.763
2021-09-24,2.688,2.688
2021-09-27,2.632,2.632
2021-09-28,2.683,2.683
2021-09-29,2.628,2.628
2021-09-30,2.638,2.638
2021-10-08,2.632,2.632
2021-10-11,2.66,2.66
2021-10-12,2.634,2.634
2021-10-13,2.607,2.607
2021-10-14,2.596,2.596
2021-10-15,2.611,2.611
2021-10-18,2.643,2.643
2021-10-19,2.651,2.651
2021-10-20,2.602,2.602
2021-10-21,2.627,2.627
2021-10-22,2.586,2.586
2021-10-25,2.586,2.586
2021-10-26,2.569,2.569
2021-10-27,2.522,2.522
2021-10-28,2.472,2.472
2021-10-29,2.474,2.474
2021-11-01,2.48,2.48
2021-11-02,2.447,2.447
2021-11-03,2.474,2.474
2021-11-04,2.469,2.469
2021-11-05,2.444,2.444
2021-11-08,2.442,2.442
2021-11-09,2.432,2.432
2021-11-10,2.428,2.428
2021-11-11,2.459,2.459
2021-11-12,2.448,2.448
2021-11-15,2.451,2.451
2021-11-16,2.44,2.44
2021-11-17,2.442,2.442
2021-11-18,2.442,2.442
2021-11-19,2.465,2.465
2021-11-22,2.465,2.465
2021-11-23,2.473,2.473
2021-11-24,2.494,2.494
2021-11-25,2.487,2.487
2021-11-26,2.466,2.466
2021-11-29,2.443,2.443
2021-11-30,2.444,2.444
2021-12-01,2.461,2.461
2021-12-02,2.47,2.47
2021-12-03,2.491,2.491
2021-12-06,2.486,2.486
2021-12-07,2.505,2.505
2021-12-08,2.505,2.505
2021-12-09,2.512,2.512
2021-12-10,2.499,2.499
2021-12-13,2.493,2.493
2021-12-14,2.468,2.468
2021-12-15,2.476,2.476
2021-12-16,2.504,2.504
2021-12-17,2.493,2.493
2021-12-20,2.476,2.476
2021-12-21,2.502,2.502
2021-12-22,2.499,2.499
2021-12-23,2.505,2.505
2021-12-24,2.497,2.497
2021-12-27,2.502,2.502
2021-12-28,2.491,2.491
2021-12-29,2.484,2.484
2021-12-30,2.482,2.482
2021-12-31,2.498,2.498
2022-01-04,2.525,2.525
2022-01-05,2.52,2.52
2022-01-06,2.522,2.522
2022-01-07,2.533,2.533
2022-01-10,2.545,2.545
2022-01-11,2.559,2.559
2022-01-12,2.551,2.551
2022-01-13,2.55,2.55
2022-01-14,2.521,2.521
2022-01-17,2.523,2.523
2022-01-18,2.543,2.543
2022-01-19,2.554,2.554
2022-01-20,2.544,2.544
2022-01-21,2.543,2.543
2022-01-24,2.533,2.533
2022-01-25,2.482,2.482
2022-01-26,2.487,2.487
2022-01-27,2.475,2.475
2022-01-28,2.47,2.47
2022-02-07,2.508,2.508
2022-02-08,2.552,2.552
2022-02-09,2.556,2.556
2022-02-10,2.583,2.583
2022-02-11,2.585,2.585
2022-02-14,2.555,2.555
2022-02-15,2.543,2.543
2022-02-16,2.562,2.562
2022-02-17,2.552,2.552
2022-02-18,2.587,2.587
2022-02-21,2.604,2.604
2022-02-22,2.597,2.597
2022-02-23,2.577,2.577
2022-02-24,2.56,2.56
2022-02-25,2.547,2.547
2022-02-28,2.553,2.553
2022-03-01,2.573,2.573
2022-03-02,2.594,2.594
2022-03-03,2.617,2.617
2022-03-04,2.611,2.611
2022-03-07,2.598,2.598
2022-03-08,2.543,2.543
2022-03-09,2.506,2.506
2022-03-10,2.536,2.536
2022-03-11,2.549,2.549
2022-03-14,2.524,2.524
2022-03-15,2.42,2.42
2022-03-16,2.459,2.459
2022-03-17,2.478,2.478
2022-03-18,2.524,2.524
2022-03-21,2.537,2.537
2022-03-22,2.568,2.568
2022-03-23,2.565,2.565
2022-03-24,2.57,2.57
2022-03-25,2.571,2.571
2022-03-28,2.601,2.601
2022-03-29,2.613,2.613
2022-03-30,2.618,2.618
2022-03-31,2.643,2.643
2022-04-01,2.665,2.665
2022-04-06,2.695,2.695
2022-04-07,2.664,2.664
2022-04-08,2.687,2.687
2022-04-11,2.649,2.649
2022-04-12,2.642,2.642
2022-04-13,2.657,2.657
2022-04-14,2.694,2.694
2022-04-15,2.672,2.672
2022-04-18,2.63,2.63
2022-04-19,2.659,2.659
2022-04-20,2.602,2.602
2022-04-21,2.567,2.567
2022-04-22,2.586,2.586
2022-04-25,2.505,2.505
2022-04-26,2.48,2.48
2022-04-27,2.503,2.503
2022-04-28,2.533,2.533
2022-04-29,2.556,2.556
2022-05-05,2.548,2.548
2022-05-06,2.499,2.499
2022-05-09,2.494,2.494
2022-05-10,2.496,2.496
2022-05-11,2.495,2.495
2022-05-12,2.487,2.487
2022-05-13,2.523,2.523
2022-05-16,2.552,2.552
2022-05-17,2.545,2.545
2022-05-18,2.527,2.527
2022-05-19,2.529,2.529
2022-05-20,2.554,2.554
2022-05-23,2.557,2.557
2022-05-24,2.528,2.528
2022-05-25,2.547,2.547
2022-05-26,2.573,2.573
2022-05-27,2.573,2.573
2022-05-30,2.563,2.563
2022-05-31,2.566,2.566
2022-06-01,2.572,2.572
2022-06-02,2.56,2.56
2022-06-06,2.56,2.56
2022-06-07,2.569,2.569
2022-06-08,2.594,2.594
2022-06-09,2.599,2.599
2022-06-10,2.612,2.612
2022-06-13,2.583,2.583
2022-06-14,2.608,2.608
2022-06-15,2.61,2.61
2022-06-16,2.579,2.579
2022-06-17,2.575,2.575
2022-06-20,2.56,2.56
2022-06-21,2.564,2.564
2022-06-22,2.541,2.541
2022-06-23,2.556,2.556
2022-06-24,2.559,2.559
2022-06-27,2.577,2.577
2022-06-28,2.593,2.593
2022-06-29,2.601,2.601
2022-06-30,2.612,2.612
2022-07-01,2.615,2.615
2022-07-04,2.619,2.619
2022-07-05,2.628,2.628
2022-07-06,2.585,2.585
2022-07-07,2.594,2.594
2022-07-08,2.592,2.592
2022-07-11,2.575,2.575
2022-07-12,2.59,2.59
2022-07-13,2.588,2.588
2022-07-14,2.569,2.569
2022-07-15,2.543,2.543
2022-07-18,2.581,2.581
2022-07-19,2.584,2.584
2022-07-20,2.587,2.587
2022-07-21,2.558,2.558
2022-07-22,2.547,2.547
2022-07-25,2.553,2.553
2022-07-26,2.578,2.578
2022-07-27,2.578,2.578
2022-07-28,2.585,2.585
2022-07-29,2.571,2.571
2022-08-01,2.575,2.575
2022-08-02,2.534,2.534
2022-08-03,2.516,2.516
2022-08-04,2.518,2.518
2022-08-05,2.521,2.521
2022-08-08,2.541,2.541
2022-08-09,2.555,2.555
2022-08-10,2.544,2.544
2022-08-11,2.562,2.562
2022-08-12,2.58,2.58
2022-08-15,2.589,2.589
2022-08-16,2.596,2.596
2022-08-17,2.598,2.598
2022-08-18,2.583,2.583
2022-08-19,2.599,2.599
2022-08-22,2.616,2.616
2022-08-23,2.622,2.622
2022-08-24,2.594,2.594
2022-08-25,2.636,2.636
2022-08-26,2.622,2.622
2022-08-29,2.637,2.637
2022-08-30,2.619,2.619
2022-08-31,2.607,2.607
2022-09-01,2.626,2.626
2022-09-02,2.622,2.622
2022-09-05,2.657,2.657
2022-09-06,2.689,2.689
2022-09-07,2.684,2.684
2022-09-08,2.678,2.678
2022-09-09,2.706,2.706
2022-09-13,2.691,2.691
2022-09-14,2.674,2.674
2022-09-15,2.682,2.682
2022-09-16,2.623,2.623
2022-09-19,2.623,2.623
2022-09-20,2.621,2.621
2022-09-21,2.639,2.639
2022-09-22,2.647,2.647
2022-09-23,2.631,2.631
2022-09-26,2.6,2.6
2022-09-27,2.61,2.61
2022-09-28,2.596,2.596
2022-09-29,2.593,2.593
2022-09-30,2.609,2.609
2022-10-10,2.613,2.613
2022-10-11,2.606,2.606
2022-10-12,2.629,2.629
2022-10-13,2.599,2.599
2022-10-14,2.62,2.62
2022-10-17,2.614,2.614
2022-10-18,2.611,2.611
2022-10-19,2.609,2.609
2022-10-20,2.592,2.592
2022-10-21,2.6,2.6
2022-10-24,2.566,2.566
2022-10-25,2.548,2.548
2022-10-26,2.537,2.537
2022-10-27,2.546,2.546
2022-10-28,2.514,2.514
2022-10-31,2.47,2.47
2022-11-01,2.483,2.483
2022-11-02,2.505,2.505
2022-11-03,2.492,2.492
2022-11-04,2.524,2.524
2022-11-07,2.54,2.54
2022-11-08,2.54,2.54
2022-11-09,2.539,2.539
2022-11-10,2.543,2.543
2022-11-11,2.584,2.584
2022-11-14,2.577,2.577
2022-11-15,2.583,2.583
2022-11-16,2.577,2.577
2022-11-17,2.563,2.563
2022-11-18,2.555,2.555
2022-11-21,2.548,2.548
2022-11-22,2.56,2.56
2022-11-23,2.571,2.571
2022-11-24,2.581,2.581
2022-11-25,2.613,2.613
2022-11-28,2.602,2.602
2022-11-29,2.658,2.658
2022-11-30,2.645,2.645
2022-12-01,2.631,2.631
2022-12-02,2.617,2.617
2022-12-05,2.652,2.652
2022-12-06,2.644,2.644
2022-12-07,2.634,2.634
2022-12-08,2.644,2.644
2022-12-09,2.649,2.649
2022-12-12,2.608,2.608
2022-12-13,2.617,2.617
2022-12-14,2.613,2.613
2022-12-15,2.59,2.59
2022-12-16,2.605,2.605
2022-12-19,2.579,2.579
2022-12-20,2.557,2.557
2022-12-21,2.559,2.559
2022-12-22,2.544,2.544
2022-12-23,2.538,2.538
2022-12-26,2.533,2.533
2022-12-27,2.552,2.552
2022-12-28,2.556,2.556
2022-12-29,2.537,2.537
2022-12-30,2.546,2.546
2023-01-03,2.554,2.554
2023-01-04,2.568,2.568
2023-01-05,2.571,2.571
2023-01-06,2.568,2.568
2023-01-09,2.569,2.569
2023-01-10,2.559,2.559
2023-01-11,2.573,2.573
2023-01-12,2.565,2.565
2023-01-13,2.575,2.575
2023-01-16,2.587,2.587
2023-01-17,2.582,2.582
2023-01-18,2.584,2.584
2023-01-19,2.588,2.588
2023-01-20,2.606,2.606
2023-01-30,2.596,2.596
2023-01-31,2.601,2.601
2023-02-01,2.603,2.603
2023-02-02,2.606,2.606
2023-02-03,2.594,2.594
2023-02-06,2.584,2.584
2023-02-07,2.592,2.592
2023-02-08,2.587,2.587
2023-02-09,2.593,2.593
2023-02-10,2.595,2.595
2023-02-13,2.598,2.598
2023-02-14,2.609,2.609
2023-02-15,2.601,2.601
2023-02-16,2.591,2.591
2023-02-17,2.594,2.594
2023-02-20,2.623,2.623
2023-02-21,2.647,2.647
2023-02-22,2.649,2.649
2023-02-23,2.657,2.657
2023-02-24,2.651,2.651
2023-02-27,2.655,2.655
2023-02-28,2.659,2.659
2023-03-01,2.67,2.67
2023-03-02,2.679,2.679
2023-03-03,2.689,2.689
2023-03-06,2.68,2.68
2023-03-07,2.676,2.676
2023-03-08,2.674,2.674
2023-03-09,2.672,2.672
2023-03-10,2.645,2.645
2023-03-13,2.667,2.667
2023-03-14,2.657,2.657
2023-03-15,2.673,2.673
2023-03-16,2.659,2.659
2023-03-17,2.672,2.672
2023-03-20,2.663,2.663
2023-03-21,2.658,2.658
2023-03-22,2.667,2.667
2023-03-23,2.668,2.668
2023-03-24,2.657,2.657
2023-03-27,2.643,2.643
2023-03-28,2.646,2.646
2023-03-29,2.645,2.645
2023-03-30,2.652,2.652
2023-03-31,2.657,2.657
2023-04-03,2.67,2.67
2023-04-04,2.679,2.679
2023-04-06,2.668,2.668
2023-04-07,2.668,2.668
2023-04-10,2.666,2.666
2023-04-11,2.681,2.681
2023-04-12,2.704,2.704
2023-04-13,2.708,2.708
2023-04-14,2.703,2.703
2023-04-17,2.725,2.725
2023-04-18,2.738,2.738
2023-04-19,2.735,2.735
2023-04-20,2.732,2.732
2023-04-21,2.721,2.721
2023-04-24,2.717,2.717
2023-04-25,2.732,2.732
2023-04-26,2.736,2.736
2023-04-27,2.741,2.741
2023-04-28,2.765,2.765
2023-05-04,2.811,2.811
2023-05-05,2.83,2.83
2023-05-08,2.889,2.889
2023-05-09,2.864,2.864
2023-05-10,2.82,2.82
2023-05-11,2.815,2.815
2023-05-12,2.807,2.807
2023-05-15,2.802,2.802
2023-05-16,2.789,2.789
2023-05-17,2.78,2.78
2023-05-18,2.799,2.799
2023-05-19,2.771,2.771
2023-05-22,2.764,2.764
2023-05-23,2.739,2.739
2023-05-24,2.712,2.712
2023-05-25,2.702,2.702
2023-05-26,2.72,2.72
2023-05-29,2.74,2.74
2023-05-30,2.74,2.74
2023-05-31,2.718,2.718
2023-06-01,2.716,2.716
2023-06-02,2.716,2.716
2023-06-05,2.727,2.727
2023-06-06,2.721,2.721
2023-06-07,2.741,2.741
2023-06-08,2.765,2.765
2023-06-09,2.753,2.753
2023-06-12,2.733,2.733
2023-06-13,2.728,2.728
2023-06-14,2.716,2.716
2023-06-15,2.722,2.722
2023-06-16,2.719,2.719
2023-06-19,2.695,2.695
2023-06-20,2.677,2.677
2023-06-21,2.666,2.666
2023-06-26,2.636,2.636
2023-06-27,2.67,2.67
2023-06-28,2.683,2.683
2023-06-29,2.682,2.682
2023-06-30,2.685,2.685
2023-07-03,2.708,2.708
2023-07-04,2.693,2.693
2023-07-05,2.692,2.692
2023-07-06,2.687,2.687
2023-07-07,2.699,2.699
2023-07-10,2.704,2.704
2023-07-11,2.702,2.702
2023-07-12,2.691,2.691
2023-07-13,2.711,2.711
2023-07-14,2.721,2.721
2023-07-17,2.71,2.71
2023-07-18,2.705,2.705
2023-07-19,2.717,2.717
2023-07-20,2.712,2.712
2023-07-21,2.712,2.712
2023-07-24,2.71,2.71
2023-07-25,2.738,2.738
2023-07-26,2.742,2.742
2023-07-27,2.748,2.748
2023-07-28,2.782,2.782
2023-07-31,2.795,2.795
2023-08-01,2.798,2.798
2023-08-02,2.773,2.773
2023-08-03,2.783,2.783
2023-08-04,2.776,2.776
2023-08-07,2.757,2.757
2023-08-08,2.754,2.754
2023-08-09,2.748,2.748
2023-08-10,2.761,2.761
2023-08-11,2.734,2.734
2023-08-14,2.73,2.73
2023-08-15,2.746,2.746
2023-08-16,2.745,2.745
2023-08-17,2.744,2.744
2023-08-18,2.745,2.745
2023-08-21,2.729,2.729
2023-08-22,2.74,2.74
2023-08-23,2.744,2.744
2023-08-24,2.734,2.734
2023-08-25,2.736,2.736
2023-08-28,2.763,2.763
2023-08-29,2.763,2.763
2023-08-30,2.744,2.744
2023-08-31,2.722,2.722
2023-09-01,2.74,2.74
2023-09-04,2.771,2.771
2023-09-05,2.755,2.755
2023-09-06,2.753,2.753
2023-09-07,2.748,2.748
2023-09-08,2.735,2.735
2023-09-11,2.749,2.749
2023-09-12,2.746,2.746
2023-09-13,2.755,2.755
2023-09-14,2.78,2.78
2023-09-15,2.782,2.782
2023-09-18,2.783,2.783
2023-09-19,2.797,2.797
2023-09-20,2.802,2.802
2023-09-21,2.79,2.79
2023-09-22,2.799,2.799
2023-09-25,2.795,2.795
2023-09-26,2.786,2.786
2023-09-27,2.779,2.779
2023-09-28,2.776,2.776
2023-10-09,2.773,2.773
2023-10-10,2.754,2.754
2023-10-11,2.748,2.748
2023-10-12,2.765,2.765
2023-10-13,2.763,2.763
2023-10-16,2.775,2.775
2023-10-17,2.773,2.773
2023-10-18,2.757,2.757
2023-10-19,2.728,2.728
2023-10-20,2.713,2.713
2023-10-23,2.693,2.693
2023-10-24,2.707,2.707
2023-10-25,2.722,2.722
2023-10-26,2.729,2.729
2023-10-27,2.736,2.736
2023-10-30,2.709,2.709
2023-10-31,2.714,2.714
2023-11-01,2.712,2.712
2023-11-02,2.718,2.718
2023-11-03,2.709,2.709
2023-11-06,2.697,2.697
2023-11-07,2.698,2.698
2023-11-08,2.697,2.697
2023-11-09,2.714,2.714
2023-11-10,2.708,2.708
2023-11-13,2.712,2.712
2023-11-14,2.705,2.705
2023-11-15,2.711,2.711
2023-11-16,2.712,2.712
2023-11-17,2.706,2.706
2023-11-20,2.708,2.708
2023-11-21,2.719,2.719
2023-11-22,2.714,2.714
2023-11-23,2.727,2.727
2023-11-24,2.732,2.732
2023-11-27,2.726,2.726
2023-11-28,2.722,2.722
2023-11-29,2.714,2.714
2023-11-30,2.719,2.719
2023-12-01,2.727,2.727
2023-12-04,2.731,2.731
2023-12-05,2.708,2.708
2023-12-06,2.706,2.706
2023-12-07,2.706,2.706
2023-12-08,2.707,2.707
2023-12-11,2.724,2.724
2023-12-12,2.732,2.732
2023-12-13,2.717,2.717
2023-12-14,2.723,2.723
2023-12-15,2.712,2.712
2023-12-18,2.71,2.71
2023-12-19,2.704,2.704
2023-12-20,2.703,2.703
2023-12-21,2.69,2.69
2023-12-22,2.687,2.687
2023-12-25,2.686,2.686
2023-12-26,2.675,2.675
2023-12-27,2.683,2.683
2023-12-28,2.671,2.671
2023-12-29,2.681,2.681
2024-01-02,2.706,2.706
2024-01-03,2.733,2.733
2024-01-04,2.748,2.748
2024-01-05,2.755,2.755
2024-01-08,2.736,2.736
2024-01-09,2.751,2.751
2024-01-10,2.741,2.741
2024-01-11,2.723,2.723
2024-01-12,2.733,2.733
2024-01-15,2.742,2.742
2024-01-16,2.748,2.748
2024-01-17,2.724,2.724
2024-01-18,2.708,2.708
2024-01-19,2.693,2.693
2024-01-22,2.648,2.648
2024-01-23,2.66,2.66
2024-01-24,2.704,2.704
2024-01-25,2.752,2.752
2024-01-26,2.778,2.778
2024-01-29,2.788,2.788
2024-01-30,2.766,2.766
2024-01-31,2.769,2.769
2024-02-01,2.749,2.749
2024-02-02,2.754,2.754
2024-02-05,2.758,2.758
2024-02-06,2.786,2.786
2024-02-07,2.814,2.814
2024-02-08,2.815,2.815
2024-02-19,2.861,2.861
2024-02-20,2.89,2.89
2024-02-21,2.885,2.885
2024-02-22,2.923,2.923
2024-02-23,2.911,2.911
2024-02-26,2.866,2.866
2024-02-27,2.877,2.877
2024-02-28,2.873,2.873
2024-02-29,2.885,2.885
2024-03-01,2.882,2.882
2024-03-04,2.9,2.9
2024-03-05,2.913,2.913
2024-03-06,2.912,2.912
2024-03-07,2.925,2.925
2024-03-08,2.936,2.936
2024-03-11,2.915,2.915
2024-03-12,2.868,2.868
2024-03-13,2.856,2.856
2024-03-14,2.862,2.862
2024-03-15,2.858,2.858
2024-03-18,2.847,2.847
2024-03-19,2.846,2.846
2024-03-20,2.85,2.85
2024-03-21,2.852,2.852
2024-03-22,2.856,2.856
2024-03-25,2.863,2.863
2024-03-26,2.852,2.852
2024-03-27,2.851,2.851
2024-03-28,2.846,2.846
2024-03-29,2.859,2.859
2024-04-01,2.856,2.856
2024-04-02,2.87,2.87
2024-04-03,2.894,2.894
2024-04-08,2.9,2.9
2024-04-09,2.89,2.89
2024-04-10,2.898,2.898
2024-04-11,2.924,2.924
2024-04-12,2.919,2.919
2024-04-15,2.963,2.963
2024-04-16,2.972,2.972
2024-04-17,2.993,2.993
2024-04-18,2.999,2.999
2024-04-19,3.014,3.014
2024-04-22,2.957,2.957
2024-04-23,2.925,2.925
2024-04-24,2.926,2.926
2024-04-25,2.938,2.938
2024-04-26,2.919,2.919
2024-04-29,2.897,2.897
2024-04-30,2.906,2.906
2024-05-06,2.917,2.917
2024-05-07,2.917,2.917
2024-05-08,2.931,2.931
2024-05-09,2.938,2.938
2024-05-10,2.951,2.951
2024-05-13,2.953,2.953
2024-05-14,2.945,2.945
2024-05-15,2.944,2.944
2024-05-16,2.949,2.949
2024-05-17,2.963,2.963
2024-05-20,2.988,2.988
2024-05-21,2.999,2.999
2024-05-22,2.999,2.999
2024-05-23,2.971,2.971
2024-05-24,2.968,2.968
2024-05-27,3.005,3.005
2024-05-28,2.999,2.999
2024-05-29,3.001,3.001
2024-05-30,2.986,2.986
2024-05-31,2.991,2.991
2024-06-03,2.97,2.97
2024-06-04,2.979,2.979
2024-06-05,2.954,2.954
2024-06-06,2.965,2.965
2024-06-07,2.983,2.983
2024-06-11,2.946,2.946
2024-06-12,2.973,2.973
2024-06-13,2.955,2.955
2024-06-14,2.958,2.958
2024-06-17,2.93,2.93
2024-06-18,2.935,2.935
2024-06-19,2.935,2.935
2024-06-20,2.939,2.939
2024-06-21,2.942,2.942
2024-06-24,2.915,2.915
2024-06-25,2.923,2.923
2024-06-26,2.928,2.928
2024-06-27,2.928,2.928
2024-06-28,2.944,2.944
2024-07-01,2.988,2.988
2024-07-02,2.989,2.989
2024-07-03,2.975,2.975
2024-07-04,2.966,2.966
2024-07-05,2.955,2.955
2024-07-08,2.947,2.947
2024-07-09,2.965,2.965
2024-07-10,2.921,2.921
2024-07-11,2.918,2.918
2024-07-12,2.915,2.915
2024-07-15,2.94,2.94
2024-07-16,2.931,2.931
2024-07-17,2.923,2.923
2024-07-18,2.925,2.925
2024-07-19,2.91,2.91
2024-07-22,2.889,2.889
2024-07-23,2.875,2.875
2024-07-24,2.877,2.877
2024-07-25,2.868,2.868
2024-07-26,2.856,2.856
2024-07-29,2.864,2.864
2024-07-30,2.854,2.854
2024-07-31,2.873,2.873
2024-08-01,2.875,2.875
2024-08-02,2.87,2.87
2024-08-05,2.843,2.843
2024-08-06,2.835,2.835
2024-08-07,2.843,2.843
2024-08-08,2.851,2.851
2024-08-09,2.843,2.843
2024-08-12,2.856,2.856
2024-08-13,2.857,2.857
2024-08-14,2.852,2.852
2024-08-15,2.871,2.871
2024-08-16,2.875,2.875
2024-08-19,2.894,2.894
2024-08-20,2.871,2.871
2024-08-21,2.85,2.85
2024-08-22,2.852,2.852
2024-08-23,2.851,2.851
2024-08-26,2.84,2.84
2024-08-27,2.845,2.845
2024-08-28,2.836,2.836
2024-08-29,2.799,2.799
2024-08-30,2.805,2.805
2024-09-02,2.815,2.815
2024-09-03,2.797,2.797
2024-09-04,2.797,2.797
2024-09-05,2.798,2.798
2024-09-06,2.782,2.782
2024-09-09,2.746,2.746
2024-09-10,2.751,2.751
2024-09-11,2.709,2.709
2024-09-12,2.716,2.716
2024-09-13,2.71,2.71
2024-09-18,2.732,2.732
2024-09-19,2.729,2.729
2024-09-20,2.729,2.729
2024-09-23,2.75,2.75
2024-09-24,2.837,2.837
2024-09-25,2.868,2.868
2024-09-26,2.936,2.936
2024-09-27,2.928,2.928
2024-09-30,3.073,3.073
2024-10-08,3.077,3.077
2024-10-09,2.909,2.909
2024-10-10,2.989,2.989
2024-10-11,2.96,2.96
2024-10-14,3.016,3.016
2024-10-15,2.963,2.963
2024-10-16,2.995,2.995
2024-10-17,2.963,2.963
2024-10-18,2.977,2.977
2024-10-21,2.964,2.964
2024-10-22,2.972,2.972
2024-10-23,2.972,2.972
2024-10-24,2.96,2.96
2024-10-25,2.959,2.959
2024-10-28,2.972,2.972
2024-10-29,2.943,2.943
2024-10-30,2.92,2.92
2024-10-31,2.908,2.908
2024-11-01,2.927,2.927
2024-11-04,2.936,2.936
2024-11-05,2.955,2.955
2024-11-06,2.936,2.936
2024-11-07,2.982,2.982
2024-11-08,2.96,2.96
2024-11-11,2.938,2.938
2024-11-12,2.925,2.925
2024-11-13,2.938,2.938
2024-11-14,2.921,2.921
2024-11-15,2.923,2.923
2024-11-18,2.955,2.955
2024-11-19,2.949,2.949
2024-11-20,2.953,2.953
2024-11-21,2.955,2.955
2024-11-22,2.905,2.905
2024-11-25,2.909,2.909
2024-11-26,2.916,2.916
2024-11-27,2.936,2.936
2024-11-28,2.934,2.934
2024-11-29,2.944,2.944
2024-12-02,2.949,2.949
2024-12-03,2.97,2.97
2024-12-04,2.986,2.986
2024-12-05,2.982,2.982
2024-12-06,3.01,3.01
2024-12-09,3.015,3.015
2024-12-10,3.012,3.012
2024-12-11,3.021,3.021
2024-12-12,3.025,3.025
2024-12-13,3.001,3.001
2024-12-16,3.02,3.02
2024-12-17,3.016,3.016
2024-12-18,3.029,3.029
2024-12-19,3.003,3.003
2024-12-20,2.985,2.985
2024-12-23,2.994,2.994
2024-12-24,3.016,3.016
2024-12-25,3.025,3.025
2024-12-26,3.019,3.019
2024-12-27,3.018,3.018
2024-12-30,3.049,3.049
2024-12-31,3.042,3.042
2025-01-02,2.995,2.995
2025-01-03,2.974,2.974
2025-01-06,2.974,2.974
2025-01-07,2.965,2.965
2025-01-08,2.961,2.961
2025-01-09,2.932,2.932
2025-01-10,2.911,2.911
2025-01-13,2.893,2.893
2025-01-14,2.926,2.926
2025-01-15,2.932,2.932
2025-01-16,2.951,2.951
2025-01-17,2.94,2.94
2025-01-20,2.933,2.933
2025-01-21,2.923,2.923
2025-01-22,2.907,2.907
2025-01-23,2.939,2.939
2025-01-24,2.949,2.949
2025-01-27,2.974,2.974
2025-02-05,2.933,2.933
2025-02-06,2.932,2.932
2025-02-07,2.94,2.94
2025-02-10,2.936,2.936
2025-02-11,2.944,2.944
2025-02-12,2.946,2.946
2025-02-13,2.947,2.947
2025-02-14,2.949,2.949
2025-02-17,2.941,2.941
2025-02-18,2.94,2.94
2025-02-19,2.928,2.928
2025-02-20,2.919,2.919
2025-02-21,2.905,2.905
2025-02-24,2.902,2.902
2025-02-25,2.889,2.889
2025-02-26,2.906,2.906
2025-02-27,2.923,2.923
2025-02-28,2.911,2.911
2025-03-03,2.903,2.903
2025-03-04,2.902,2.902
2025-03-05,2.908,2.908
2025-03-06,2.904,2.904
2025-03-07,2.903,2.903
2025-03-10,2.906,2.906
2025-03-11,2.919,2.919
2025-03-12,2.917,2.917
2025-03-13,2.935,2.935
2025-03-14,2.949,2.949
2025-03-17,2.955,2.955
2025-03-18,2.947,2.947
2025-03-19,2.948,2.948
2025-03-20,2.945,2.945
2025-03-21,2.941,2.941
2025-03-24,2.956,2.956
2025-03-25,2.97,2.97
2025-03-26,2.971,2.971
2025-03-27,2.97,2.97
2025-03-28,2.959,2.959
2025-03-31,2.953,2.953
2025-04-01,2.968,2.968
2025-04-02,2.978,2.978
2025-04-03,2.982,2.982
2025-04-07,2.864,2.864
2025-04-08,2.907,2.907
2025-04-09,2.909,2.909
2025-04-10,2.93,2.93
2025-04-11,2.92,2.92
2025-04-14,2.938,2.938
2025-04-15,2.948,2.948
2025-04-16,2.959,2.959
2025-04-17,2.954,2.954
2025-04-18,2.955,2.955
2025-04-21,2.949,2.949
2025-04-22,2.955,2.955
2025-04-23,2.945,2.945
2025-04-24,2.953,2.953
2025-04-25,2.951,2.951
2025-04-28,2.953,2.953
2025-04-29,2.946,2.946
2025-04-30,2.93,2.93
2025-05-06,2.925,2.925
2025-05-07,2.937,2.937
2025-05-08,2.94,2.94
2025-05-09,2.951,2.951
2025-05-12,2.959,2.959
2025-05-13,2.974,2.974
2025-05-14,2.992,2.992
2025-05-15,2.986,2.986
2025-05-16,2.974,2.974
2025-05-19,2.982,2.982
2025-05-20,2.984,2.984
2025-05-21,3.003,3.003
2025-05-22,3.004,3.004
2025-05-23,2.985,2.985
2025-05-26,2.975,2.975
2025-05-27,2.967,2.967
2025-05-28,2.97,2.97
2025-05-29,2.976,2.976
2025-05-30,2.985,2.985
2025-06-03,2.993,2.993
2025-06-04,2.998,2.998
2025-06-05,2.986,2.986
2025-06-06,2.986,2.986
2025-06-09,2.989,2.989
2025-06-10,2.992,2.992
2025-06-11,2.998,2.998
2025-06-12,2.997,2.997
2025-06-13,2.987,2.987
2025-06-16,2.991,2.991
2025-06-17,2.993,2.993
2025-06-18,2.995,2.995
2025-06-19,2.986,2.986
2025-06-20,2.997,2.997
2025-06-23,3.005,3.005
2025-06-24,3.008,3.008
2025-06-25,3.018,3.018
2025-06-26,3.023,3.023
2025-06-27,3.006,3.006
2025-06-30,3.004,3.004
2025-07-01,3.02,3.02
2025-07-02,3.035,3.035
2025-07-03,3.035,3.035
2025-07-04,3.05,3.05
2025-07-07,3.059,3.059
2025-07-08,3.055,3.055
2025-07-09,3.065,3.065
2025-07-10,3.082,3.082
2025-07-11,3.069,3.069
2025-07-14,3.083,3.083
2025-07-15,3.058,3.058
2025-07-16,3.05,3.05
2025-07-17,3.044,3.044
2025-07-18,3.053,3.053
2025-07-21,3.067,3.067
2025-07-22,3.101,3.101
2025-07-23,3.1,3.1
2025-07-24,3.106,3.106
2025-07-25,3.097,3.097
2025-07-28,3.075,3.075
2025-07-29,3.069,3.069
2025-07-30,3.077,3.077
2025-07-31,3.043,3.043
2025-08-01,3.041,3.041
2025-08-04,3.05,3.05
2025-08-05,3.071,3.071
2025-08-06,3.08,3.08
2025-08-07,3.088,3.088
2025-08-08,3.087,3.087
2025-08-11,3.075,3.075
2025-08-12,3.087,3.087
2025-08-13,3.074,3.074
2025-08-14,3.06,3.06
2025-08-15,3.056,3.056
2025-08-18,3.051,3.051
2025-08-19,3.047,3.047
2025-08-20,3.062,3.062
2025-08-21,3.073,3.073
2025-08-22,3.071,3.071
2025-08-25,3.084,3.084
2025-08-26,3.076,3.076
2025-08-27,3.041,3.041
2025-08-28,3.039,3.039
2025-08-29,3.029,3.029
2025-09-01,3.017,3.017
2025-09-02,3.027,3.027
2025-09-03,3.005,3.005
2025-09-04,3.018,3.018
2025-09-05,3.011,3.011
2025-09-08,3.015,3.015
2025-09-09,3.016,3.016
2025-09-10,3.016,3.016
2025-09-11,3.019,3.019
2025-09-12,3.009,3.009
2025-09-15,2.998,2.998
2025-09-16,2.993,2.993
2025-09-17,3.003,3.003
2025-09-18,2.968,2.968
2025-09-19,2.979,2.979
2025-09-22,2.962,2.962
2025-09-23,2.974,2.974
2025-09-24,2.978,2.978
2025-09-25,2.968,2.968
2025-09-26,2.969,2.969
2025-09-29,2.966,2.966
2025-09-30,2.959,2.959
2025-10-09,2.972,2.972
2025-10-10,2.994,2.994
2025-10-13,2.997,2.997
2025-10-14,3.039,3.039
2025-10-15,3.041,3.041
2025-10-16,3.062,3.062
2025-10-17,3.055,3.055
2025-10-20,3.073,3.073
2025-10-21,3.067,3.067
2025-10-22,3.071,3.071
2025-10-23,3.087,3.087
2025-10-24,3.075,3.075
2025-10-27,3.083,3.083
2025-10-28,3.08,3.08
2025-10-29,3.068,3.068
2025-10-30,3.067,3.067
2025-10-31,3.062,3.062
2025-11-03,3.09,3.09
2025-11-04,3.11,3.11
2025-11-05,3.116,3.116
2025-11-06,3.119,3.119
2025-11-07,3.122,3.122
2025-11-10,3.138,3.138
2025-11-11,3.132,3.132
2025-11-12,3.141,3.141
2025-11-13,3.141,3.141
2025-11-14,3.133,3.133
2025-11-17,3.12,3.12
2025-11-18,3.091,3.091
2025-11-19,3.101,3.101
2025-11-20,3.101,3.101
2025-11-21,3.072,3.072
2025-11-24,3.054,3.054
2025-11-25,3.064,3.064
2025-11-26,3.053,3.053
2025-11-27,3.056,3.056
2025-11-28,3.056,3.056
2025-12-01,3.065,3.065
2025-12-02,3.068,3.068
2025-12-03,3.063,3.063
2025-12-04,3.054,3.054
2025-12-05,3.053,3.053
2025-12-08,3.043,3.043
2025-12-09,3.025,3.025
2025-12-10,3.017,3.017
2025-12-11,3.006,3.006
2025-12-12,2.998,2.998
2025-12-15,3.015,3.015
2025-12-16,2.997,2.997
2025-12-17,2.999,2.999
2025-12-18,3.02,3.02
2025-12-19,3.019,3.019
2025-12-22,3.009,3.009
2025-12-23,3.01,3.01
2025-12-24,3.013,3.013
2025-12-25,3.019,3.019
2025-12-26,3.027,3.027
2025-12-29,3.026,3.026
2025-12-30,3.028,3.028
2025-12-31,3.025,3.025
2026-01-05,3.023,3.023
2026-01-06,3.048,3.048
2026-01-07,3.057,3.057
2026-01-08,3.05,3.05
2026-01-09,3.058,3.058
2026-01-12,3.056,3.056
2026-01-13,3.055,3.055
2026-01-14,3.035,3.035
2026-01-15,3.028,3.028
2026-01-16,3.012,3.012
2026-01-19,3.022,3.022
2026-01-20,3.047,3.047
2026-01-21,3.036,3.036
2026-01-22,3.049,3.049
2026-01-23,3.044,3.044
2026-01-26,3.068,3.068
2026-01-27,3.052,3.052
2026-01-28,3.085,3.085
2026-01-29,3.107,3.107
2026-01-30,3.093,3.093
2026-02-02,3.029,3.029
2026-02-03,3.032,3.032
2026-02-04,3.097,3.097
2026-02-05,3.088,3.088
2026-02-06,3.081,3.081
2026-02-09,3.093,3.093
2026-02-10,3.101,3.101
2026-02-11,3.119,3.119
2026-02-12,3.117,3.117
2026-02-13,3.088,3.088
2026-02-24,3.123,3.123
2026-02-25,3.126,3.126
2026-02-26,3.126,3.126
2026-02-27,3.151,3.151
2026-03-02,3.197,3.197
2026-03-03,3.239,3.239
2026-03-04,3.198,3.198
2026-03-05,3.189,3.189
2026-03-06,3.185,3.185
2026-03-09,3.201,3.201
2026-03-10,3.176,3.176
2026-03-11,3.204,3.204
2026-03-12,3.248,3.248
2026-03-13,3.237,3.237
2026-03-16,3.218,3.218
2026-03-17,3.201,3.201
2026-03-18,3.193,3.193
2026-03-19,3.198,3.198
2026-03-20,3.193,3.193
2026-03-23,3.152,3.152
2026-03-24,3.175,3.175
2026-03-25,3.166,3.166
2026-03-26,3.174,3.174
2026-03-27,3.174,3.174
2026-03-30,3.195,3.195
2026-03-31,3.163,3.163
2026-04-01,3.157,3.157
2026-04-02,3.168,3.168
2026-04-03,3.14,3.14
2026-04-07,3.148,3.148
2026-04-08,3.147,3.147
2026-04-09,3.138,3.138
2026-04-10,3.141,3.141
2026-04-13,3.145,3.145
2026-04-14,3.145,3.145
2026-04-15,3.156,3.156
2026-04-16,3.158,3.158
2026-04-17,3.141,3.141
2026-04-20,3.146,3.146
2026-04-21,3.172,3.172
2026-04-22,3.175,3.175
2026-04-23,3.191,3.191
2026-04-24,3.182,3.182
2026-04-27,3.179,3.179
2026-04-28,3.212,3.212
2026-04-29,3.226,3.226
2026-04-30,3.222,3.222
2026-05-06,3.222,3.222
2026-05-07,3.177,3.177
2026-05-08,3.17,3.17
2026-05-11,3.171,3.171
2026-05-12,3.167,3.167
2026-05-13,3.158,3.158
2026-05-14,3.145,3.145
2026-05-15,3.145,3.145
2026-05-18,3.141,3.141
2026-05-19,3.144,3.144
2026-05-20,3.139,3.139
2026-05-21,3.111,3.111
2026-05-22,3.101,3.101
2026-05-25,3.12,3.12
2026-05-26,3.12,3.12
2026-05-27,3.11,3.11
2026-05-28,3.11,3.11
2026-05-29,3.134,3.134
2026-06-01,3.2,3.2
2026-06-02,3.2,3.2
2026-06-03,3.211,3.211
2026-06-04,3.213,3.213
2026-06-05,3.209,3.209
2026-06-08,3.198,3.198
2026-06-09,3.189,3.189
2026-06-10,3.17,3.17
2026-06-11,3.169,3.169
2026-06-12,3.197,3.197
2026-06-15,3.162,3.162
2026-06-16,3.127,3.127
2026-06-17,3.103,3.103
2026-06-18,3.063,3.063
2026-06-22,3.081,3.081
2026-06-23,3.067,3.067
2026-06-24,3.03,3.03
2026-06-25,3.003,3.003
2026-06-26,2.968,2.968
2026-06-29,2.98,2.98
2026-06-30,2.944,2.944
2026-07-01,2.974,2.974
2026-07-02,2.994,2.994
2026-07-03,3.014,3.014
2026-07-06,3.057,3.057
2026-07-07,3.027,3.027
2026-07-08,3.051,3.051
2026-07-09,3.025,3.025
2026-07-10,3.028,3.028
2026-07-13,3.042,3.042
2026-07-14,3.089,3.089
2026-07-15,3.12,3.12
2026-07-16,3.094,3.094
2026-07-17,3.087,3.087
2026-07-20,3.157,3.157
2026-07-21,3.133,3.133
2026-07-22,3.164,3.164
2026-07-23,3.182,3.182
2026-07-24,3.145,3.145
2026-07-27,3.151,3.151
2026-07-28,3.151,3.151
2026-07-29,3.177,3.177
2026-07-30,3.203,3.203
2026-07-31,3.198,3.198
2026-08-03,3.185,3.185
2026-08-04,3.154,3.154
2026-08-05,3.148,3.148
2026-08-06,3.187,3.187
2026-08-07,3.183,3.183
2026-08-10,3.208,3.208
2026-08-11,3.201,3.201
2026-08-12,3.197,3.197
2026-08-13,3.177,3.177
2026-08-14,3.193,3.193
2026-08-17,3.198,3.198
2026-08-18,3.221,3.221
2026-08-19,3.235,3.235
2026-08-20,3.249,3.249
2026-08-21,3.252,3.252
2026-08-24,3.287,3.287
2026-08-25,3.267,3.267
2026-08-26,3.287,3.287
2026-08-27,3.296,3.296
2026-08-28,3.301,3.301
2026-08-31,3.319,3.319
2026-09-01,3.314,3.314
2026-09-02,3.279,3.279
2026-09-03,3.284,3.284
2026-09-04,3.286,3.286
2026-09-07,3.254,3.254
2026-09-08,3.291,3.291
2026-09-09,3.325,3.325
2026-09-10,3.309,3.309
2026-09-11,3.273,3.273
2026-09-14,3.263,3.263
2026-09-15,3.249,3.249
2026-09-16,3.239,3.239
