date,close,adjclose
1993-01-29,43.9375,24.11325454711914
1993-02-01,44.25,24.28475570678711
1993-02-02,44.34375,24.336214065551758
1993-02-03,44.8125,24.59347152709961
1993-02-04,45.0,24.69639015197754
1993-02-05,44.96875,24.67922592163086
1993-02-08,44.96875,24.67922592163086
1993-02-09,44.65625,24.50771141052246
1993-02-10,44.71875,24.54201316833496
1993-02-11,44.9375,24.662073135375977
1993-02-12,44.59375,24.473419189453125
1993-02-16,43.46875,23.855998992919922
1993-02-17,43.4375,23.838855743408203
1993-02-18,43.40625,23.821718215942383
1993-02-19,43.5625,23.907447814941406
1993-02-22,43.71875,23.99320411682129
1993-02-23,43.6875,23.976049423217773
1993-02-24,44.25,24.28475570678711
1993-02-25,44.34375,24.336214065551758
1993-02-26,44.40625,24.370513916015625
1993-03-01,44.28125,24.30190658569336
1993-03-02,44.9375,24.662073135375977
1993-03-03,45.125,24.764970779418945
1993-03-04,44.875,24.627777099609375
1993-03-05,44.75,24.55916404724121
1993-03-08,45.75,25.10797882080078
1993-03-09,45.59375,25.0222225189209
1993-03-10,45.6875,25.073680877685547
1993-03-11,45.5625,25.005069732666016
1993-03-12,45.09375,24.747812271118164
1993-03-15,45.3125,24.867877960205078
1993-03-16,45.3125,24.867877960205078
1993-03-17,45.03125,24.71352767944336
1993-03-18,45.3125,24.867877960205078
1993-03-19,45.03125,24.830242156982422
1993-03-22,44.78125,24.6923885345459
1993-03-23,44.875,24.74408721923828
1993-03-24,44.875,24.74408721923828
1993-03-25,45.15625,24.899158477783203
1993-03-26,44.90625,24.761306762695312
1993-03-29,45.09375,24.86469268798828
1993-03-30,45.21875,24.933622360229492
1993-03-31,45.1875,24.916399002075195
1993-04-01,45.03125,24.830242156982422
1993-04-02,44.09375,24.313297271728516
1993-04-05,44.3125,24.433921813964844
1993-04-06,44.1875,24.365001678466797
1993-04-07,44.34375,24.45115089416504
1993-04-08,44.28125,24.416685104370117
1993-04-12,44.90625,24.761306762695312
1993-04-13,45.0,24.813024520874023
1993-04-14,44.9375,24.778547286987305
1993-04-15,44.9375,24.778547286987305
1993-04-16,44.9375,24.778547286987305
1993-04-19,44.75,24.675155639648438
1993-04-20,44.53125,24.554529190063477
1993-04-21,44.5,24.53730583190918
1993-04-22,43.9375,24.22713851928711
1993-04-23,43.75,24.123750686645508
1993-04-26,43.40625,23.934219360351562
1993-04-27,43.875,24.192672729492188
1993-04-28,43.78125,24.140979766845703
1993-04-29,43.96875,24.244375228881836
1993-04-30,44.03125,24.278837203979492
1993-05-03,44.3125,24.433921813964844
1993-05-04,44.46875,24.52006721496582
1993-05-05,44.59375,24.58900260925293
1993-05-06,44.4375,24.502840042114258
1993-05-07,44.34375,24.45115089416504
1993-05-10,44.4375,24.502840042114258
1993-05-11,44.625,24.606225967407227
1993-05-12,44.5625,24.57177734375
1993-05-13,44.03125,24.278837203979492
1993-05-14,44.0,24.261608123779297
1993-05-17,44.15625,24.347759246826172
1993-05-18,44.125,24.330535888671875
1993-05-19,45.03125,24.830242156982422
1993-05-20,45.15625,24.899158477783203
1993-05-21,44.75,24.675155639648438
1993-05-24,44.9375,24.778547286987305
1993-05-25,45.03125,24.830242156982422
1993-05-26,45.59375,25.140399932861328
1993-05-27,45.4375,25.054243087768555
1993-05-28,45.21875,24.933622360229492
1993-06-01,45.65625,25.17485809326172
1993-06-02,45.59375,25.140399932861328
1993-06-03,45.4375,25.054243087768555
1993-06-04,45.28125,24.968095779418945
1993-06-07,45.125,24.88193702697754
1993-06-08,44.71875,24.657926559448242
1993-06-09,44.875,24.74408721923828
1993-06-10,44.90625,24.761306762695312
1993-06-11,45.09375,24.86469268798828
1993-06-14,45.03125,24.830242156982422
1993-06-15,44.9375,24.778547286987305
1993-06-16,45.03125,24.830242156982422
1993-06-17,45.1875,24.916399002075195
1993-06-18,44.5,24.711200714111328
1993-06-21,44.59375,24.76327896118164
1993-06-22,44.625,24.780620574951172
1993-06-23,44.21875,24.555028915405273
1993-06-24,44.8125,24.884748458862305
1993-06-25,44.78125,24.867393493652344
1993-06-28,45.28125,25.14504623413086
1993-06-29,45.0625,25.023563385009766
1993-06-30,45.0625,25.023563385009766
1993-07-01,44.9375,24.95417022705078
1993-07-02,44.6875,24.81532859802246
1993-07-06,44.21875,24.555028915405273
1993-07-07,44.34375,24.624448776245117
1993-07-08,44.84375,24.902095794677734
1993-07-09,44.96875,24.971506118774414
1993-07-12,44.9375,24.95417022705078
1993-07-13,44.90625,24.93680191040039
1993-07-14,45.0625,25.023563385009766
1993-07-15,44.875,24.91946029663086
1993-07-16,44.75,24.850040435791016
1993-07-19,44.71875,24.832693099975586
1993-07-20,44.84375,24.902095794677734
1993-07-21,44.8125,24.884748458862305
1993-07-22,44.5,24.711200714111328
1993-07-23,44.71875,24.832693099975586
1993-07-26,44.96875,24.971506118774414
1993-07-27,44.9375,24.95417022705078
1993-07-28,44.84375,24.902095794677734
1993-07-29,45.09375,25.040925979614258
1993-07-30,44.84375,24.902095794677734
1993-08-02,44.96875,24.971506118774414
1993-08-03,45.0,24.98885726928711
1993-08-04,45.0,24.98885726928711
1993-08-05,44.90625,24.93680191040039
1993-08-06,44.96875,24.971506118774414
1993-08-09,45.21875,25.11033058166504
1993-08-10,45.1875,25.092988967895508
1993-08-11,45.1875,25.092988967895508
1993-08-12,45.0625,25.023563385009766
1993-08-13,45.125,25.058265686035156
1993-08-16,45.375,25.197114944458008
1993-08-17,45.53125,25.28386688232422
1993-08-18,45.78125,25.42270278930664
1993-08-19,45.78125,25.42270278930664
1993-08-20,45.8125,25.440053939819336
1993-08-23,45.71875,25.387985229492188
1993-08-24,46.21875,25.665624618530273
1993-08-25,46.25,25.68299102783203
1993-08-26,46.28125,25.70034408569336
1993-08-27,46.25,25.68299102783203
1993-08-30,46.4375,25.787113189697266
1993-08-31,46.5625,25.856523513793945
1993-09-01,46.5,25.82183074951172
1993-09-02,46.34375,25.735044479370117
1993-09-03,46.375,25.752408981323242
1993-09-07,46.0625,25.578872680664062
1993-09-08,45.90625,25.49212074279785
1993-09-09,46.0,25.544166564941406
1993-09-10,46.40625,25.769765853881836
1993-09-13,46.4375,25.787113189697266
1993-09-14,46.25,25.68299102783203
1993-09-15,46.375,25.752408981323242
1993-09-16,46.1875,25.648296356201172
1993-09-17,45.8125,25.598567962646484
1993-09-20,45.4375,25.389013290405273
1993-09-21,45.28125,25.30171775817871
1993-09-22,45.65625,25.51125144958496
1993-09-23,45.90625,25.650955200195312
1993-09-24,45.78125,25.581104278564453
1993-09-27,46.28125,25.860475540161133
1993-09-28,46.1875,25.8080997467041
1993-09-29,46.03125,25.720792770385742
1993-09-30,45.9375,25.668418884277344
1993-10-01,46.15625,25.790645599365234
1993-10-04,46.21875,25.825544357299805
1993-10-05,46.15625,25.790645599365234
1993-10-06,46.125,25.773178100585938
1993-10-07,46.0,25.703327178955078
1993-10-08,46.0625,25.738248825073242
1993-10-11,46.15625,25.790645599365234
1993-10-12,46.21875,25.825544357299805
1993-10-13,46.21875,25.825544357299805
1993-10-14,46.8125,26.157339096069336
1993-10-15,47.0625,26.297016143798828
1993-10-18,46.9375,26.227163314819336
1993-10-19,46.59375,26.03510284423828
1993-10-20,46.65625,26.07002067565918
1993-10-21,46.59375,26.03510284423828
1993-10-22,46.375,25.912864685058594
1993-10-25,46.5,25.98272132873535
1993-10-26,46.46875,25.965255737304688
1993-10-27,46.5,25.98272132873535
1993-10-28,46.84375,26.174795150756836
1993-10-29,46.84375,26.174795150756836
1993-11-01,46.96875,26.244638442993164
1993-11-02,46.9375,26.227163314819336
1993-11-03,46.34375,25.895397186279297
1993-11-04,45.84375,25.61602020263672
1993-11-05,46.0625,25.738248825073242
1993-11-08,46.125,25.773178100585938
1993-11-09,46.15625,25.790645599365234
1993-11-10,46.5,25.98272132873535
1993-11-11,46.375,25.912864685058594
1993-11-12,46.59375,26.03510284423828
1993-11-15,46.5625,26.01763343811035
1993-11-16,46.78125,26.139869689941406
1993-11-17,46.53125,26.00017738342285
1993-11-18,46.40625,25.930326461791992
1993-11-19,46.3125,25.877946853637695
1993-11-22,46.03125,25.720792770385742
1993-11-23,46.28125,25.860475540161133
1993-11-24,46.46875,25.965255737304688
1993-11-26,46.5,25.98272132873535
1993-11-29,46.3125,25.877946853637695
1993-11-30,46.34375,25.895397186279297
1993-12-01,46.40625,25.930326461791992
1993-12-02,46.53125,26.00017738342285
1993-12-03,46.71875,26.104930877685547
1993-12-06,46.875,26.1922607421875
1993-12-07,46.84375,26.174795150756836
1993-12-08,46.84375,26.174795150756836
1993-12-09,46.6875,26.08747673034668
1993-12-10,46.59375,26.03510284423828
1993-12-13,46.875,26.1922607421875
1993-12-14,46.53125,26.00017738342285
1993-12-15,46.46875,25.965255737304688
1993-12-16,46.625,26.052562713623047
1993-12-17,46.5625,26.195730209350586
1993-12-20,46.625,26.230905532836914
1993-12-21,46.46875,26.143001556396484
1993-12-22,46.78125,26.31881332397461
1993-12-23,46.75,26.301225662231445
1993-12-27,47.0,26.441864013671875
1993-12-28,47.09375,26.4946231842041
1993-12-29,47.03125,26.459468841552734
1993-12-30,46.84375,26.35396385192871
1993-12-31,46.59375,26.21331214904785
1994-01-03,46.46875,26.143001556396484
1994-01-04,46.65625,26.248476028442383
1994-01-05,46.75,26.301225662231445
1994-01-06,46.75,26.301225662231445
1994-01-07,47.03125,26.459468841552734
1994-01-10,47.59375,26.775915145874023
1994-01-11,47.5,26.723167419433594
1994-01-12,47.34375,26.635271072387695
1994-01-13,47.21875,26.564931869506836
1994-01-14,47.40625,26.670429229736328
1994-01-17,47.40625,26.670429229736328
1994-01-18,47.46875,26.70557403564453
1994-01-19,47.34375,26.635271072387695
1994-01-20,47.46875,26.70557403564453
1994-01-21,47.375,26.65283966064453
1994-01-24,47.1875,26.54734992980957
1994-01-25,47.1875,26.54734992980957
1994-01-26,47.3125,26.617687225341797
1994-01-27,47.75,26.863821029663086
1994-01-28,47.875,26.93413543701172
1994-01-31,48.21875,27.12753677368164
1994-02-01,47.96875,26.986886978149414
1994-02-02,48.28125,27.162704467773438
1994-02-03,48.0625,27.039613723754883
1994-02-04,46.96875,26.42429542541504
1994-02-07,47.1875,26.54734992980957
1994-02-08,47.21875,26.564931869506836
1994-02-09,47.40625,26.670429229736328
1994-02-10,47.0,26.441864013671875
1994-02-11,47.15625,26.529783248901367
1994-02-14,47.21875,26.564931869506836
1994-02-15,47.46875,26.70557403564453
1994-02-16,47.4375,26.688020706176758
1994-02-17,47.15625,26.529783248901367
1994-02-18,46.875,26.37154769897461
1994-02-22,47.34375,26.635271072387695
1994-02-23,47.21875,26.564931869506836
1994-02-24,46.59375,26.21331214904785
1994-02-25,46.8125,26.336393356323242
1994-02-28,46.8125,26.336393356323242
1994-03-01,46.625,26.230905532836914
1994-03-02,46.6875,26.26605987548828
1994-03-03,46.5625,26.195730209350586
1994-03-04,46.6875,26.26605987548828
1994-03-07,46.9375,26.406707763671875
1994-03-08,46.75,26.301225662231445
1994-03-09,46.96875,26.42429542541504
1994-03-10,46.59375,26.21331214904785
1994-03-11,46.84375,26.35396385192871
1994-03-14,46.90625,26.38912010192871
1994-03-15,46.875,26.37154769897461
1994-03-16,47.25,26.582517623901367
1994-03-17,47.25,26.582517623901367
1994-03-18,46.96875,26.57672691345215
1994-03-21,46.84375,26.5059814453125
1994-03-22,46.96875,26.57672691345215
1994-03-23,46.9375,26.559049606323242
1994-03-24,46.375,26.240745544433594
1994-03-25,45.9375,25.993202209472656
1994-03-28,46.0,26.028560638427734
1994-03-29,45.09375,25.515775680541992
1994-03-30,44.46875,25.162132263183594
1994-03-31,44.59375,25.232866287231445
1994-04-04,43.90625,24.843852996826172
1994-04-05,44.8125,25.356630325317383
1994-04-06,44.8125,25.356630325317383
1994-04-07,45.03125,25.48042106628418
1994-04-08,44.6875,25.285888671875
1994-04-11,44.875,25.392013549804688
1994-04-12,44.8125,25.356630325317383
1994-04-13,44.578125,25.224000930786133
1994-04-14,44.59375,25.232866287231445
1994-04-15,44.59375,25.232866287231445
1994-04-18,44.296875,25.064868927001953
1994-04-19,44.359375,25.100238800048828
1994-04-20,44.3125,25.073715209960938
1994-04-21,44.90625,25.409683227539062
1994-04-22,44.859375,25.383148193359375
1994-04-25,45.328125,25.648395538330078
1994-04-26,45.28125,25.621856689453125
1994-04-28,44.953125,25.436199188232422
1994-04-29,45.09375,25.515775680541992
1994-05-02,45.375,25.674917221069336
1994-05-03,45.328125,25.648395538330078
1994-05-04,45.25,25.604202270507812
1994-05-05,45.1875,25.568828582763672
1994-05-06,44.75,25.321266174316406
1994-05-09,44.359375,25.100238800048828
1994-05-10,44.703125,25.29474639892578
1994-05-11,44.296875,25.064868927001953
1994-05-12,44.515625,25.188642501831055
1994-05-13,44.515625,25.188642501831055
1994-05-16,44.53125,25.19748306274414
1994-05-17,45.1875,25.568828582763672
1994-05-18,45.515625,25.75448226928711
1994-05-19,45.734375,25.878257751464844
1994-05-20,45.5625,25.781003952026367
1994-05-23,45.484375,25.736793518066406
1994-05-24,45.671875,25.842899322509766
1994-05-25,45.796875,25.913654327392578
1994-05-26,45.828125,25.931320190429688
1994-05-27,45.875,25.957849502563477
1994-05-31,45.8125,25.922462463378906
1994-06-01,46.015625,26.037395477294922
1994-06-02,45.96875,26.010883331298828
1994-06-03,46.234375,26.161176681518555
1994-06-06,46.21875,26.15233612060547
1994-06-07,46.15625,26.11698341369629
1994-06-08,45.78125,25.904788970947266
1994-06-09,46.03125,26.046255111694336
1994-06-10,46.109375,26.090456008911133
1994-06-13,46.171875,26.125822067260742
1994-06-14,46.53125,26.329172134399414
1994-06-15,46.34375,26.223079681396484
1994-06-16,46.4375,26.276119232177734
1994-06-17,45.875,26.12946128845215
1994-06-20,45.484375,25.906967163085938
1994-06-21,45.09375,25.68446922302246
1994-06-22,45.265625,25.782363891601562
1994-06-23,45.0,25.63107681274414
1994-06-24,44.0625,25.097095489501953
1994-06-27,44.828125,25.533174514770508
1994-06-28,44.609375,25.4085693359375
1994-06-29,44.75,25.488677978515625
1994-06-30,44.46875,25.32847785949707
1994-07-01,44.5625,25.381881713867188
1994-07-05,44.796875,25.5153751373291
1994-07-06,44.734375,25.47977638244629
1994-07-07,44.921875,25.586572647094727
1994-07-08,44.90625,25.57767105102539
1994-07-11,44.75,25.488677978515625
1994-07-12,44.8125,25.524274826049805
1994-07-13,44.890625,25.568775177001953
1994-07-14,45.375,25.844669342041016
1994-07-15,45.390625,25.853561401367188
1994-07-18,45.46875,25.89805793762207
1994-07-19,45.375,25.844669342041016
1994-07-20,45.171875,25.72896385192871
1994-07-21,45.265625,25.782363891601562
1994-07-22,45.34375,25.826866149902344
1994-07-25,45.40625,25.862468719482422
1994-07-26,45.359375,25.835773468017578
1994-07-27,45.359375,25.835773468017578
1994-07-28,45.453125,25.889158248901367
1994-07-29,45.90625,26.147249221801758
1994-08-01,46.125,26.2718563079834
1994-08-02,46.1875,26.307453155517578
1994-08-03,46.203125,26.31635093688965
1994-08-04,45.9375,26.165042877197266
1994-08-05,45.78125,26.076053619384766
1994-08-08,45.890625,26.138351440429688
1994-08-09,45.96875,26.18284797668457
1994-08-10,46.140625,26.280744552612305
1994-08-11,45.96875,26.18284797668457
1994-08-12,46.328125,26.387535095214844
1994-08-15,46.3125,26.378644943237305
1994-08-16,46.640625,26.565532684326172
1994-08-17,46.609375,26.5477352142334
1994-08-18,46.453125,26.458736419677734
1994-08-19,46.421875,26.440935134887695
1994-08-22,46.375,26.414234161376953
1994-08-23,46.640625,26.565532684326172
1994-08-24,47.140625,26.850339889526367
1994-08-25,47.015625,26.779136657714844
1994-08-26,47.6875,27.161828994750977
1994-08-29,47.65625,27.144020080566406
1994-08-30,47.78125,27.215211868286133
1994-08-31,47.65625,27.144020080566406
1994-09-01,47.5,27.055025100708008
1994-09-02,47.296875,26.9393310546875
1994-09-06,47.3125,26.948225021362305
1994-09-07,47.265625,26.921518325805664
1994-09-08,47.5,27.055025100708008
1994-09-09,47.0,26.77022933959961
1994-09-12,46.859375,26.690126419067383
1994-09-13,47.0,26.77022933959961
1994-09-14,47.046875,26.796924591064453
1994-09-15,47.640625,27.13512420654297
1994-09-16,47.015625,26.94200897216797
1994-09-19,47.0625,26.968852996826172
1994-09-20,46.171875,26.458499908447266
1994-09-21,46.171875,26.458499908447266
1994-09-22,46.0625,26.395824432373047
1994-09-23,45.90625,26.306270599365234
1994-09-26,46.140625,26.440589904785156
1994-09-27,46.109375,26.42268180847168
1994-09-28,46.46875,26.628631591796875
1994-09-29,46.234375,26.494306564331055
1994-09-30,46.171875,26.458499908447266
1994-10-03,46.0625,26.395824432373047
1994-10-04,45.375,26.001848220825195
1994-10-05,45.390625,26.010799407958984
1994-10-06,45.25,25.930225372314453
1994-10-07,45.453125,26.046613693237305
1994-10-10,45.9375,26.324182510375977
1994-10-11,46.625,26.7181396484375
1994-10-12,46.6875,26.75397491455078
1994-10-13,46.84375,26.843502044677734
1994-10-14,47.046875,26.959918975830078
1994-10-17,46.953125,26.906185150146484
1994-10-18,46.84375,26.843502044677734
1994-10-19,47.0625,26.968852996826172
1994-10-20,46.75,26.789775848388672
1994-10-21,46.5625,26.682327270507812
1994-10-24,46.171875,26.458499908447266
1994-10-25,46.21875,26.485361099243164
1994-10-26,46.390625,26.583850860595703
1994-10-27,46.671875,26.745010375976562
1994-10-28,47.65625,27.309110641479492
1994-10-31,47.484375,27.21061897277832
1994-11-01,46.953125,26.906185150146484
1994-11-02,46.6875,26.75397491455078
1994-11-03,46.9375,26.89723014831543
1994-11-04,46.328125,26.548036575317383
1994-11-07,46.46875,26.628631591796875
1994-11-08,46.828125,26.83456802368164
1994-11-09,46.90625,26.87933349609375
1994-11-10,46.578125,26.69129753112793
1994-11-11,46.40625,26.592803955078125
1994-11-14,46.84375,26.843502044677734
1994-11-15,46.6875,26.75397491455078
1994-11-16,46.84375,26.843502044677734
1994-11-17,46.53125,26.6644344329834
1994-11-18,46.46875,26.628631591796875
1994-11-21,46.0,26.360013961791992
1994-11-22,45.0,25.786958694458008
1994-11-23,45.25,25.930225372314453
1994-11-25,45.46875,26.05557632446289
1994-11-28,45.671875,26.171960830688477
1994-11-29,45.65625,26.163022994995117
1994-11-30,45.59375,26.127195358276367
1994-12-01,45.140625,25.86754035949707
1994-12-02,45.5625,26.10929298400879
1994-12-05,45.609375,26.136167526245117
1994-12-06,45.640625,26.154077529907227
1994-12-07,45.3125,25.96603012084961
1994-12-08,44.875,25.715335845947266
1994-12-09,45.046875,25.813819885253906
1994-12-12,45.34375,25.983951568603516
1994-12-13,45.515625,26.08243751525879
1994-12-14,45.75,26.216751098632812
1994-12-15,45.890625,26.29732894897461
1994-12-16,45.75,26.425777435302734
1994-12-19,45.8125,26.461864471435547
1994-12-20,45.671875,26.380638122558594
1994-12-21,46.15625,26.66043472290039
1994-12-22,46.015625,26.579212188720703
1994-12-23,46.0625,26.60628318786621
1994-12-27,46.3125,26.750694274902344
1994-12-28,46.078125,26.615293502807617
1994-12-29,46.109375,26.63335609436035
1994-12-30,45.5625,26.317466735839844
1995-01-03,45.78125,26.44383430480957
1995-01-04,46.0,26.5701904296875
1995-01-05,46.0,26.5701904296875
1995-01-06,46.046875,26.59724998474121
1995-01-09,46.09375,26.624330520629883
1995-01-10,46.140625,26.651397705078125
1995-01-11,46.171875,26.669456481933594
1995-01-12,46.1875,26.678489685058594
1995-01-13,46.734375,26.994375228881836
1995-01-16,47.015625,27.156827926635742
1995-01-17,47.03125,27.16583824157715
1995-01-18,46.984375,27.138757705688477
1995-01-19,46.71875,26.985340118408203
1995-01-20,46.546875,26.886064529418945
1995-01-23,46.6875,26.96729278564453
1995-01-24,46.75,27.00337791442871
1995-01-25,46.875,27.075584411621094
1995-01-26,46.921875,27.1026554107666
1995-01-27,47.109375,27.210956573486328
1995-01-30,46.90625,27.09364891052246
1995-01-31,47.09375,27.201953887939453
1995-02-01,47.078125,27.192922592163086
1995-02-02,47.359375,27.355369567871094
1995-02-03,48.03125,27.74346351623535
1995-02-06,48.234375,27.860794067382812
1995-02-07,48.296875,27.89689064025879
1995-02-08,48.296875,27.89689064025879
1995-02-09,48.296875,27.89689064025879
1995-02-10,48.359375,27.932971954345703
1995-02-13,48.375,27.9420223236084
1995-02-14,48.4375,27.978086471557617
1995-02-15,48.703125,28.13153076171875
1995-02-16,48.640625,28.095449447631836
1995-02-17,48.453125,27.987133026123047
1995-02-21,48.4375,27.978086471557617
1995-02-22,48.796875,28.18568992614746
1995-02-23,48.875,28.23082160949707
1995-02-24,49.0,28.303009033203125
1995-02-27,48.609375,28.0773868560791
1995-02-28,49.015625,28.312040328979492
1995-03-01,48.703125,28.13153076171875
1995-03-02,48.765625,28.167633056640625
1995-03-03,48.78125,28.17665672302246
1995-03-06,48.8125,28.194717407226562
1995-03-07,48.4375,27.978086471557617
1995-03-08,48.5625,28.050315856933594
1995-03-09,48.546875,28.04128074645996
1995-03-10,49.265625,28.45644187927246
1995-03-13,49.21875,28.42938232421875
1995-03-14,49.578125,28.636947631835938
1995-03-15,49.484375,28.582805633544922
1995-03-16,49.78125,28.75428009033203
1995-03-17,49.5625,28.78289222717285
1995-03-20,49.5625,28.78289222717285
1995-03-21,49.4375,28.710277557373047
1995-03-22,49.484375,28.737516403198242
1995-03-23,49.515625,28.755643844604492
1995-03-24,50.21875,29.163990020751953
1995-03-27,50.421875,29.281946182250977
1995-03-28,50.421875,29.281946182250977
1995-03-29,50.40625,29.27286720275879
1995-03-30,50.3125,29.21842384338379
1995-03-31,50.109375,29.100479125976562
1995-04-03,50.234375,29.173063278198242
1995-04-04,50.5625,29.363624572753906
1995-04-05,50.5625,29.363624572753906
1995-04-06,50.75,29.472497940063477
1995-04-07,50.703125,29.445281982421875
1995-04-10,50.796875,29.49973487854004
1995-04-11,50.625,29.3998966217041
1995-04-12,50.796875,29.49973487854004
1995-04-13,51.078125,29.663061141967773
1995-04-17,50.78125,29.490650177001953
1995-04-18,50.609375,29.390836715698242
1995-04-19,50.5625,29.363624572753906
1995-04-20,50.640625,29.408987045288086
1995-04-21,50.890625,29.554176330566406
1995-04-24,51.484375,29.898977279663086
1995-04-25,51.34375,29.817298889160156
1995-04-26,51.390625,29.844541549682617
1995-04-27,51.515625,29.917142868041992
1995-04-28,51.59375,29.962495803833008
1995-05-01,51.453125,29.880830764770508
1995-05-02,51.5625,29.94434356689453
1995-05-03,52.28125,30.361766815185547
1995-05-04,52.25,30.343616485595703
1995-05-05,52.1875,30.307315826416016
1995-05-08,52.5625,30.52507972717285
1995-05-09,52.515625,30.49788475036621
1995-05-10,52.578125,30.53417205810547
1995-05-11,52.71875,30.6158447265625
1995-05-12,52.75,30.633995056152344
1995-05-15,53.0,30.779157638549805
1995-05-16,53.03125,30.797300338745117
1995-05-17,52.828125,30.67935562133789
1995-05-18,52.0625,30.23471450805664
1995-05-19,52.09375,30.252880096435547
1995-05-22,52.671875,30.588611602783203
1995-05-23,53.15625,30.869911193847656
1995-05-24,53.125,30.85176658630371
1995-05-25,53.171875,30.878969192504883
1995-05-26,52.5625,30.52507972717285
1995-05-30,52.546875,30.516014099121094
1995-05-31,53.640625,31.15122413635254
1995-06-01,53.5,31.069551467895508
1995-06-02,53.546875,31.096750259399414
1995-06-05,53.875,31.287307739257812
1995-06-06,53.78125,31.232887268066406
1995-06-07,53.5,31.069551467895508
1995-06-08,53.375,30.9969425201416
1995-06-09,53.0625,30.81546401977539
1995-06-12,53.359375,30.987869262695312
1995-06-13,53.9375,31.323610305786133
1995-06-14,53.890625,31.296375274658203
1995-06-15,54.125,31.432497024536133
1995-06-16,53.96875,31.525800704956055
1995-06-19,54.578125,31.88177490234375
1995-06-20,54.4375,31.799633026123047
1995-06-21,54.40625,31.781391143798828
1995-06-22,55.125,32.201229095458984
1995-06-23,55.015625,32.13734436035156
1995-06-26,54.359375,31.753992080688477
1995-06-27,54.25,31.69009780883789
1995-06-28,54.53125,31.854419708251953
1995-06-29,54.4375,31.799633026123047
1995-06-30,54.40625,31.781391143798828
1995-07-03,54.609375,31.900022506713867
1995-07-05,54.8125,32.0186767578125
1995-07-06,55.515625,32.42942810058594
1995-07-07,55.765625,32.575443267822266
1995-07-10,55.796875,32.593719482421875
1995-07-11,55.53125,32.43855285644531
1995-07-12,56.21875,32.84016418457031
1995-07-13,56.09375,32.767127990722656
1995-07-14,56.046875,32.73974609375
1995-07-17,56.359375,32.92230224609375
1995-07-18,55.875,32.63934326171875
1995-07-19,55.265625,32.28337478637695
1995-07-20,55.46875,32.40203094482422
1995-07-21,55.40625,32.365543365478516
1995-07-24,55.8125,32.60283660888672
1995-07-25,56.234375,32.84928512573242
1995-07-26,56.1875,32.82190704345703
1995-07-27,56.65625,33.09571075439453
1995-07-28,56.296875,32.88579559326172
1995-07-31,56.15625,32.803619384765625
1995-08-01,56.0625,32.7488899230957
1995-08-02,55.9375,32.67585754394531
1995-08-03,55.921875,32.666751861572266
1995-08-04,55.984375,32.703250885009766
1995-08-07,56.109375,32.77626037597656
1995-08-08,56.109375,32.77626037597656
1995-08-09,56.09375,32.767127990722656
1995-08-10,55.96875,32.694122314453125
1995-08-11,55.65625,32.511573791503906
1995-08-14,56.15625,32.803619384765625
1995-08-15,56.046875,32.73974609375
1995-08-16,56.203125,32.83102035522461
1995-08-17,56.109375,32.77626037597656
1995-08-18,56.171875,32.812767028808594
1995-08-21,56.015625,32.721500396728516
1995-08-22,56.125,32.785396575927734
1995-08-23,55.921875,32.666751861572266
1995-08-24,55.984375,32.703250885009766
1995-08-25,56.296875,32.88579559326172
1995-08-28,56.09375,32.767127990722656
1995-08-29,56.234375,32.84928512573242
1995-08-30,56.359375,32.92230224609375
1995-08-31,56.40625,32.949676513671875
1995-09-01,56.65625,33.09571075439453
1995-09-05,57.1875,33.406063079833984
1995-09-06,57.296875,33.469947814941406
1995-09-07,57.328125,33.48820495605469
1995-09-08,57.546875,33.6159782409668
1995-09-11,57.703125,33.707252502441406
1995-09-12,57.96875,33.862403869628906
1995-09-13,58.234375,34.017581939697266
1995-09-14,58.765625,34.327919006347656
1995-09-15,58.4375,34.31843566894531
1995-09-18,58.21875,34.18998336791992
1995-09-19,58.5,34.35515213012695
1995-09-20,58.78125,34.52032470703125
1995-09-21,58.296875,34.23585510253906
1995-09-22,58.3125,34.24502944946289
1995-09-25,58.21875,34.18998336791992
1995-09-26,58.203125,34.180809020996094
1995-09-27,58.15625,34.15327835083008
1995-09-28,58.59375,34.41019821166992
1995-09-29,58.484375,34.34595489501953
1995-10-02,58.1875,34.17160415649414
1995-10-03,58.25,34.20832443237305
1995-10-04,58.1875,34.17160415649414
1995-10-05,58.359375,34.2725715637207
1995-10-06,58.40625,34.300079345703125
1995-10-09,57.921875,34.01561737060547
1995-10-10,57.890625,33.997283935546875
1995-10-11,58.078125,34.10740661621094
1995-10-12,58.4375,34.31843566894531
1995-10-13,58.625,34.42853927612305
1995-10-16,58.34375,34.26338195800781
1995-10-17,58.734375,34.49277114868164
1995-10-18,58.90625,34.59370803833008
1995-10-19,59.1875,34.75889205932617
1995-10-20,58.828125,34.54785919189453
1995-10-23,58.703125,34.47442626953125
1995-10-24,58.765625,34.511138916015625
1995-10-25,58.28125,34.2266960144043
1995-10-26,57.75,33.91469955444336
1995-10-27,58.1875,34.17160415649414
1995-10-30,58.5625,34.39183807373047
1995-10-31,58.3125,34.24502944946289
1995-11-01,58.78125,34.52032470703125
1995-11-02,59.15625,34.740543365478516
1995-11-03,59.234375,34.786415100097656
1995-11-06,59.03125,34.667137145996094
1995-11-07,58.8125,34.53866195678711
1995-11-08,59.34375,34.85065460205078
1995-11-09,59.5625,34.9791145324707
1995-11-10,59.53125,34.96075439453125
1995-11-13,59.46875,34.92405319213867
1995-11-14,59.078125,34.69465637207031
1995-11-15,59.671875,35.04335021972656
1995-11-16,60.0,35.23603439331055
1995-11-17,60.1875,35.346160888671875
1995-11-20,59.875,35.162635803222656
1995-11-21,60.359375,35.447105407714844
1995-11-22,60.171875,35.33697509765625
1995-11-24,60.328125,35.42875671386719
1995-11-27,60.34375,35.43791580200195
1995-11-28,60.984375,35.814125061035156
1995-11-29,61.046875,35.850833892822266
1995-11-30,60.90625,35.76824188232422
1995-12-01,60.984375,35.814125061035156
1995-12-04,61.734375,36.25458526611328
1995-12-05,62.140625,36.4931526184082
1995-12-06,62.28125,36.575740814208984
1995-12-07,61.953125,36.38302993774414
1995-12-08,62.15625,36.502342224121094
1995-12-11,62.421875,36.6583366394043
1995-12-12,62.234375,36.5482063293457
1995-12-13,62.625,36.777610778808594
1995-12-14,62.171875,36.51152038574219
1995-12-15,61.8125,36.524871826171875
1995-12-18,60.625,35.823204040527344
1995-12-19,61.265625,36.20174026489258
1995-12-20,60.671875,35.85089874267578
1995-12-21,60.984375,36.03554916381836
1995-12-22,61.203125,36.16482162475586
1995-12-26,61.5,36.340240478515625
1995-12-27,61.46875,36.32175827026367
1995-12-28,61.40625,36.28482437133789
1995-12-29,61.484375,36.33099365234375
1996-01-02,62.140625,36.71876907348633
1996-01-03,62.3125,36.8203239440918
1996-01-04,61.71875,36.46947479248047
1996-01-05,61.59375,36.39561462402344
1996-01-08,61.828125,36.53411102294922
1996-01-09,60.765625,35.90629577636719
1996-01-10,59.96875,35.43541717529297
1996-01-11,60.328125,35.647769927978516
1996-01-12,60.234375,35.59239959716797
1996-01-15,60.109375,35.51850509643555
1996-01-16,60.84375,35.95246124267578
1996-01-17,60.65625,35.84166717529297
1996-01-18,60.859375,35.961673736572266
1996-01-19,61.265625,36.20174026489258
1996-01-22,61.28125,36.21097183227539
1996-01-23,61.421875,36.294090270996094
1996-01-24,61.921875,36.589508056640625
1996-01-25,61.703125,36.46025085449219
1996-01-26,62.234375,36.77415466308594
1996-01-29,62.484375,36.9218864440918
1996-01-30,63.015625,37.23580551147461
1996-01-31,63.671875,37.62359619140625
1996-02-01,63.90625,37.76205825805664
1996-02-02,63.640625,37.60512161254883
1996-02-05,64.15625,37.9098014831543
1996-02-06,64.765625,38.26988983154297
1996-02-07,65.140625,38.49147033691406
1996-02-08,65.84375,38.906951904296875
1996-02-09,65.828125,38.897701263427734
1996-02-12,66.328125,39.19316864013672
1996-02-13,66.1875,39.11006164550781
1996-02-14,65.609375,38.76845169067383
1996-02-15,65.203125,38.528385162353516
1996-02-16,64.9375,38.37144470214844
1996-02-20,64.296875,37.99290084838867
1996-02-21,65.09375,38.463775634765625
1996-02-22,66.125,39.07312774658203
1996-02-23,65.9375,38.962345123291016
1996-02-26,65.0,38.40837097167969
1996-02-27,64.796875,38.288333892822266
1996-02-28,64.5,38.112918853759766
1996-02-29,63.875,37.743621826171875
1996-03-01,64.890625,38.34374237060547
1996-03-04,65.265625,38.565330505371094
1996-03-05,65.875,38.92539978027344
1996-03-06,65.296875,38.58377456665039
1996-03-07,65.625,38.77767562866211
1996-03-08,63.5,37.52202224731445
1996-03-11,64.234375,37.955970764160156
1996-03-12,63.734375,37.660518646240234
1996-03-13,64.171875,37.919044494628906
1996-03-14,64.453125,38.085227966308594
1996-03-15,64.125,38.05961990356445
1996-03-18,65.359375,38.792266845703125
1996-03-19,65.21875,38.70878982543945
1996-03-20,65.140625,38.66243362426758
1996-03-21,64.984375,38.5696907043457
1996-03-22,65.15625,38.67170715332031
1996-03-25,65.03125,38.597496032714844
1996-03-26,65.34375,38.78300094604492
1996-03-27,64.75,38.43059158325195
1996-03-28,65.0,38.57896041870117
1996-03-29,64.6875,38.39347839355469
1996-04-01,65.4375,38.8386344909668
1996-04-02,65.5625,38.91280746459961
1996-04-03,65.5625,38.91280746459961
1996-04-04,65.515625,38.88500213623047
1996-04-08,64.390625,38.21728515625
1996-04-09,64.140625,38.068904876708984
1996-04-10,63.0,37.39191818237305
1996-04-11,62.921875,37.345558166503906
1996-04-12,63.71875,37.818511962890625
1996-04-15,64.25,38.13382339477539
1996-04-16,64.4375,38.24509048461914
1996-04-17,64.28125,38.15235900878906
1996-04-18,64.375,38.20802307128906
1996-04-19,64.53125,38.300750732421875
1996-04-22,65.03125,38.597496032714844
1996-04-23,65.234375,38.71805953979492
1996-04-24,65.0,38.57896041870117
1996-04-25,65.296875,38.75514221191406
1996-04-26,65.4375,38.8386344909668
1996-04-29,65.4375,38.8386344909668
1996-04-30,65.390625,38.810813903808594
1996-05-01,65.53125,38.894264221191406
1996-05-02,64.40625,38.2265625
1996-05-03,64.3125,38.170902252197266
1996-05-06,64.25,38.13382339477539
1996-05-07,63.984375,37.976165771484375
1996-05-08,64.78125,38.44913101196289
1996-05-09,64.734375,38.42130661010742
1996-05-10,65.375,38.80154037475586
1996-05-13,66.359375,39.38576126098633
1996-05-14,66.765625,39.62688064575195
1996-05-15,66.6875,39.580528259277344
1996-05-16,66.828125,39.66398239135742
1996-05-17,67.1875,39.877288818359375
1996-05-20,67.640625,40.14622116088867
1996-05-21,67.546875,40.090579986572266
1996-05-22,68.1875,40.47080612182617
1996-05-23,67.90625,40.30388641357422
1996-05-24,68.171875,40.46152877807617
1996-05-28,67.484375,40.053497314453125
1996-05-29,67.03125,39.7845458984375
1996-05-30,67.375,39.98857498168945
1996-05-31,66.875,39.69180679321289
1996-06-03,67.0625,39.8031005859375
1996-06-04,67.53125,40.081302642822266
1996-06-05,68.125,40.433712005615234
1996-06-06,67.625,40.13694763183594
1996-06-07,67.625,40.13694763183594
1996-06-10,67.40625,40.00711441040039
1996-06-11,67.34375,39.970027923583984
1996-06-12,67.21875,39.89582061767578
1996-06-13,67.21875,39.89582061767578
1996-06-14,66.9375,39.72892379760742
1996-06-17,66.890625,39.70110321044922
1996-06-18,66.34375,39.37648391723633
1996-06-19,66.640625,39.55271530151367
1996-06-20,66.59375,39.52488708496094
1996-06-21,66.8125,39.864837646484375
1996-06-24,66.9375,39.939422607421875
1996-06-25,66.859375,39.89281463623047
1996-06-26,66.40625,39.6224250793457
1996-06-27,66.875,39.902130126953125
1996-06-28,67.109375,40.04198455810547
1996-07-01,67.6875,40.38694381713867
1996-07-02,67.4375,40.23774719238281
1996-07-03,67.296875,40.15386199951172
1996-07-05,65.578125,39.12833023071289
1996-07-08,65.3125,38.9698371887207
1996-07-09,65.578125,39.12833023071289
1996-07-10,65.84375,39.28683090209961
1996-07-11,64.515625,38.49436569213867
1996-07-12,64.5625,38.522342681884766
1996-07-15,62.65625,37.38492965698242
1996-07-16,62.8125,37.47816848754883
1996-07-17,63.5625,37.925682067871094
1996-07-18,64.4375,38.44773483276367
1996-07-19,63.96875,38.16804122924805
1996-07-22,63.5,37.88837814331055
1996-07-23,62.6875,37.403587341308594
1996-07-24,62.8125,37.47816848754883
1996-07-25,63.375,37.81379699707031
1996-07-26,63.71875,38.0189094543457
1996-07-29,63.015625,37.599369049072266
1996-07-30,63.625,37.96295928955078
1996-07-31,64.09375,38.24265670776367
1996-08-01,65.15625,38.876617431640625
1996-08-02,66.5625,39.7156867980957
1996-08-05,66.171875,39.48261260986328
1996-08-06,66.375,39.60379409790039
1996-08-07,66.546875,39.706336975097656
1996-08-08,66.4375,39.64109420776367
1996-08-09,66.21875,39.51057052612305
1996-08-12,66.703125,39.79957580566406
1996-08-13,66.171875,39.48261260986328
1996-08-14,66.40625,39.6224250793457
1996-08-15,66.28125,39.5478630065918
1996-08-16,66.84375,39.88348388671875
1996-08-19,66.875,39.902130126953125
1996-08-20,66.828125,39.87415313720703
1996-08-21,66.59375,39.734317779541016
1996-08-22,67.21875,40.10721206665039
1996-08-23,66.859375,39.89281463623047
1996-08-26,66.53125,39.6970329284668
1996-08-27,66.78125,39.84620666503906
1996-08-28,66.671875,39.78094482421875
1996-08-29,66.015625,39.38937759399414
1996-08-30,65.328125,38.97916030883789
1996-09-03,65.75,39.23088073730469
1996-09-04,65.8125,39.26818084716797
1996-09-05,65.015625,38.792701721191406
1996-09-06,65.9375,39.34275436401367
1996-09-09,66.71875,39.808921813964844
1996-09-10,66.6875,39.79026412963867
1996-09-11,67.0625,40.014007568359375
1996-09-12,67.53125,40.293701171875
1996-09-13,68.5625,40.909000396728516
1996-09-16,68.8125,41.05818176269531
1996-09-17,68.65625,40.96495056152344
1996-09-18,68.484375,40.862396240234375
1996-09-19,68.75,41.02088928222656
1996-09-20,68.640625,41.16639709472656
1996-09-23,68.625,41.15703201293945
1996-09-24,68.609375,41.147647857666016
1996-09-25,68.65625,41.17576217651367
1996-09-26,68.625,41.15703201293945
1996-09-27,68.6875,41.19450759887695
1996-09-30,68.625,41.15703201293945
1996-10-01,69.0,41.38193130493164
1996-10-02,69.46875,41.66305160522461
1996-10-03,69.40625,41.62556457519531
1996-10-04,70.34375,42.187835693359375
1996-10-07,70.421875,42.23466491699219
1996-10-08,70.140625,42.06602096557617
1996-10-09,69.59375,41.73802947998047
1996-10-10,69.453125,41.65367126464844
1996-10-11,70.3125,42.1690673828125
1996-10-14,70.40625,42.225311279296875
1996-10-15,70.3125,42.1690673828125
1996-10-16,70.65625,42.375240325927734
1996-10-17,70.84375,42.48771667480469
1996-10-18,71.21875,42.71260070800781
1996-10-21,71.125,42.6563606262207
1996-10-22,70.625,42.35651779174805
1996-10-23,70.859375,42.49707794189453
1996-10-24,70.25,42.13158416748047
1996-10-25,70.3125,42.1690673828125
1996-10-28,69.84375,41.887962341308594
1996-10-29,70.40625,42.225311279296875
1996-10-30,70.171875,42.084739685058594
1996-10-31,70.84375,42.48771667480469
1996-11-01,70.59375,42.337772369384766
1996-11-04,71.0625,42.618892669677734
1996-11-05,71.46875,42.862525939941406
1996-11-06,72.84375,43.68716812133789
1996-11-07,73.015625,43.790245056152344
1996-11-08,73.421875,44.03388595581055
1996-11-11,73.34375,43.98703384399414
1996-11-12,73.125,43.85582733154297
1996-11-13,73.453125,44.05261993408203
1996-11-14,73.9375,44.343135833740234
1996-11-15,74.03125,44.39934539794922
1996-11-18,74.046875,44.40872573852539
1996-11-19,74.578125,44.727333068847656
1996-11-20,74.703125,44.80229568481445
1996-11-21,74.59375,44.73668670654297
1996-11-22,75.171875,45.083431243896484
1996-11-25,76.125,45.65504455566406
1996-11-26,75.875,45.5051383972168
1996-11-27,75.734375,45.420753479003906
1996-11-29,76.015625,45.589447021484375
1996-12-02,76.046875,45.60820388793945
1996-12-03,74.75,44.83042907714844
1996-12-04,74.953125,44.952247619628906
1996-12-05,74.75,44.83042907714844
1996-12-06,74.3125,44.568031311035156
1996-12-09,75.40625,45.22400665283203
1996-12-10,75.046875,45.00847625732422
1996-12-11,74.359375,44.59613800048828
1996-12-12,73.125,43.85582733154297
1996-12-13,73.3125,43.968284606933594
1996-12-16,72.375,43.40605545043945
1996-12-17,72.953125,43.75278091430664
1996-12-18,73.53125,44.09947967529297
1996-12-19,75.046875,45.00847625732422
1996-12-20,74.84375,45.10723114013672
1996-12-23,74.65625,44.99424743652344
1996-12-24,75.203125,45.323829650878906
1996-12-26,75.78125,45.67225646972656
1996-12-27,75.875,45.728759765625
1996-12-30,75.21875,45.333229064941406
1996-12-31,73.84375,44.504554748535156
1997-01-02,74.03125,44.617549896240234
1997-01-03,75.09375,45.257904052734375
1997-01-06,74.4375,44.86239242553711
1997-01-07,75.34375,45.408565521240234
1997-01-08,74.6875,45.01304626464844
1997-01-09,75.3125,45.389732360839844
1997-01-10,76.125,45.8794059753418
1997-01-13,76.015625,45.81349182128906
1997-01-14,76.96875,46.387943267822266
1997-01-15,76.78125,46.274932861328125
1997-01-16,77.09375,46.4632682800293
1997-01-17,77.5625,46.74578857421875
1997-01-20,77.65625,46.80229187011719
1997-01-21,78.28125,47.178955078125
1997-01-22,78.84375,47.5179557800293
1997-01-23,77.75,46.85877990722656
1997-01-24,76.75,46.2561149597168
1997-01-27,76.53125,46.1242561340332
1997-01-28,76.75,46.2561149597168
1997-01-29,77.5,46.70810317993164
1997-01-30,78.5,47.31081008911133
1997-01-31,78.40625,47.254276275634766
1997-02-03,78.640625,47.39554214477539
1997-02-04,79.125,47.68748092651367
1997-02-05,77.640625,46.79287338256836
1997-02-06,78.15625,47.10362243652344
1997-02-07,79.21875,47.74396896362305
1997-02-10,78.46875,47.29197311401367
1997-02-11,79.375,47.838138580322266
1997-02-12,80.5,48.51616668701172
1997-02-13,81.375,49.043521881103516
1997-02-14,81.1875,48.93050003051758
1997-02-18,81.875,49.3448600769043
1997-02-19,81.328125,49.015262603759766
1997-02-20,80.34375,48.4220085144043
1997-02-21,80.375,48.440834045410156
1997-02-24,81.328125,49.015262603759766
1997-02-25,81.390625,49.05293655395508
1997-02-26,80.59375,48.57267761230469
1997-02-27,79.390625,47.84755325317383
1997-02-28,79.15625,47.706298828125
1997-03-03,79.6875,48.02647018432617
1997-03-04,79.25,47.762813568115234
1997-03-05,80.59375,48.57267761230469
1997-03-06,80.125,48.2901725769043
1997-03-07,80.84375,48.72331619262695
1997-03-10,81.6875,49.23185729980469
1997-03-11,81.25,48.96819305419922
1997-03-12,80.53125,48.53500747680664
1997-03-13,79.28125,47.781654357910156
1997-03-14,79.6875,48.02647018432617
1997-03-17,79.90625,48.158321380615234
1997-03-18,79.046875,47.640403747558594
1997-03-19,78.78125,47.480308532714844
1997-03-20,78.375,47.2354850769043
1997-03-21,78.4375,47.454193115234375
1997-03-24,79.53125,48.11590576171875
1997-03-25,78.75,47.64323043823242
1997-03-26,79.09375,47.851200103759766
1997-03-27,77.0,46.5844841003418
1997-03-31,75.375,45.60136795043945
1997-04-01,75.859375,45.89442825317383
1997-04-02,74.5,45.07200622558594
1997-04-03,74.90625,45.317779541015625
1997-04-04,75.84375,45.884952545166016
1997-04-07,76.140625,46.06459045410156
1997-04-08,76.6875,46.395416259765625
1997-04-09,76.0625,46.01731872558594
1997-04-10,75.78125,45.8471565246582
1997-04-11,73.375,44.391395568847656
1997-04-14,74.359375,44.98691177368164
1997-04-15,75.625,45.75260925292969
1997-04-16,76.5,46.28200912475586
1997-04-17,76.1875,46.09294128417969
1997-04-18,76.5625,46.319793701171875
1997-04-21,76.0625,46.01731872558594
1997-04-22,77.734375,47.02879333496094
1997-04-23,77.8125,47.076045989990234
1997-04-24,77.421875,46.8397216796875
1997-04-25,76.53125,46.30091094970703
1997-04-28,77.28125,46.754634857177734
1997-04-29,79.71875,48.22932815551758
1997-04-30,80.09375,48.456207275390625
1997-05-01,80.0,48.39948272705078
1997-05-02,81.4375,49.269126892089844
1997-05-05,83.375,50.44133758544922
1997-05-06,83.3125,50.403533935546875
1997-05-07,81.5,49.306949615478516
1997-05-08,82.0625,49.64728927612305
1997-05-09,82.625,49.987571716308594
1997-05-12,84.0,50.81943130493164
1997-05-13,83.65625,50.611488342285156
1997-05-14,83.8125,50.70600891113281
1997-05-15,84.375,51.04633331298828
1997-05-16,83.21875,50.3467903137207
1997-05-19,83.46875,50.498043060302734
1997-05-20,84.46875,51.10304260253906
1997-05-21,84.28125,50.989601135253906
1997-05-22,84.0,50.81943130493164
1997-05-23,84.78125,51.29210662841797
1997-05-27,85.125,51.50004196166992
1997-05-28,85.109375,51.490623474121094
1997-05-29,84.609375,51.1880989074707
1997-05-30,85.15625,51.51895523071289
1997-06-02,84.78125,51.29210662841797
1997-06-03,84.5,51.12193298339844
1997-06-04,84.40625,51.06520462036133
1997-06-05,84.71875,51.2542724609375
1997-06-06,86.375,52.25630569458008
1997-06-09,86.8125,52.520973205566406
1997-06-10,87.078125,52.68168640136719
1997-06-11,87.28125,52.804595947265625
1997-06-12,88.96875,53.825523376464844
1997-06-13,89.71875,54.27921676635742
1997-06-16,89.75,54.29814147949219
1997-06-17,89.625,54.2225341796875
1997-06-18,89.3125,54.033443450927734
1997-06-19,90.234375,54.59119415283203
1997-06-20,89.578125,54.405181884765625
1997-06-23,87.40625,53.086097717285156
1997-06-24,89.625,54.43367004394531
1997-06-25,89.0,54.05405044555664
1997-06-26,88.5625,53.78837203979492
1997-06-27,88.90625,53.99714660644531
1997-06-30,88.3125,53.63650894165039
1997-07-01,89.34375,54.26285171508789
1997-07-02,90.8125,55.15491485595703
1997-07-03,92.0625,55.9140739440918
1997-07-07,91.125,55.34467697143555
1997-07-08,92.078125,55.9235725402832
1997-07-09,91.0625,55.30673599243164
1997-07-10,91.46875,55.55345153808594
1997-07-11,91.78125,55.743263244628906
1997-07-14,92.0625,55.9140739440918
1997-07-15,92.53125,56.198760986328125
1997-07-16,93.75,56.93901062011719
1997-07-17,93.28125,56.65427780151367
1997-07-18,91.296875,55.44906234741211
1997-07-21,91.3125,55.45854568481445
1997-07-22,93.734375,56.929500579833984
1997-07-23,93.65625,56.88203048706055
1997-07-24,94.09375,57.147735595703125
1997-07-25,94.03125,57.10978317260742
1997-07-28,93.96875,57.071834564208984
1997-07-29,94.28125,57.26164627075195
1997-07-30,95.40625,57.944923400878906
1997-07-31,95.3125,57.887977600097656
1997-08-01,94.9375,57.66019058227539
1997-08-04,95.1875,57.81208419799805
1997-08-05,95.25,57.849979400634766
1997-08-06,96.03125,58.32450485229492
1997-08-07,95.3125,57.887977600097656
1997-08-08,93.375,56.71121597290039
1997-08-11,94.0625,57.128753662109375
1997-08-12,92.5625,56.217750549316406
1997-08-13,92.28125,56.046905517578125
1997-08-14,92.625,56.255714416503906
1997-08-15,89.78125,54.5285530090332
1997-08-18,91.78125,55.743263244628906
1997-08-19,92.84375,56.38857650756836
1997-08-20,94.25,57.24265670776367
1997-08-21,92.59375,56.23672103881836
1997-08-22,92.5625,56.217750549316406
1997-08-25,92.21875,56.00897979736328
1997-08-26,90.859375,55.1833610534668
1997-08-27,91.40625,55.51551818847656
1997-08-28,90.015625,54.670902252197266
1997-08-29,90.375,54.88917922973633
1997-09-02,93.3125,56.673274993896484
1997-09-03,92.8125,56.3696174621582
1997-09-04,93.40625,56.73020935058594
1997-09-05,93.140625,56.56888961791992
1997-09-08,93.546875,56.81560134887695
1997-09-09,93.59375,56.844093322753906
1997-09-10,91.65625,55.667327880859375
1997-09-11,91.1875,55.38261413574219
1997-09-12,92.65625,56.274688720703125
1997-09-15,92.5,56.17980194091797
1997-09-16,94.8125,57.58431625366211
1997-09-17,94.8125,57.58431625366211
1997-09-18,95.21875,57.831031799316406
1997-09-19,95.03125,57.9288444519043
1997-09-22,95.5625,58.252681732177734
1997-09-23,95.125,57.986026763916016
1997-09-24,94.34375,57.50978469848633
1997-09-25,93.6875,57.109737396240234
1997-09-26,94.46875,57.58598709106445
1997-09-29,95.375,58.138427734375
1997-09-30,94.375,57.5287971496582
1997-10-01,95.625,58.29084014892578
1997-10-02,96.15625,58.61463165283203
1997-10-03,96.640625,58.909915924072266
1997-10-06,97.28125,59.3004035949707
1997-10-07,98.1875,59.85283660888672
1997-10-08,97.5,59.433753967285156
1997-10-09,97.15625,59.224220275878906
1997-10-10,96.875,59.05276107788086
1997-10-13,96.96875,59.109928131103516
1997-10-14,97.0,59.12894821166992
1997-10-15,96.78125,58.995609283447266
1997-10-16,95.25,58.06220245361328
1997-10-17,94.28125,57.4716682434082
1997-10-20,95.625,58.29084014892578
1997-10-21,97.484375,59.424224853515625
1997-10-22,96.84375,59.03369140625
1997-10-23,94.9375,57.871726989746094
1997-10-24,94.0,57.30023956298828
1997-10-27,87.1875,53.147457122802734
1997-10-28,92.21875,56.214439392089844
1997-10-29,91.96875,56.062015533447266
1997-10-30,89.9375,54.823822021484375
1997-10-31,92.0625,56.119171142578125
1997-11-03,94.0,57.30023956298828
1997-11-04,94.0,57.30023956298828
1997-11-05,94.3125,57.49070358276367
1997-11-06,93.953125,57.271644592285156
1997-11-07,92.9375,56.65253829956055
1997-11-10,92.375,56.30967330932617
1997-11-11,92.40625,56.328731536865234
1997-11-12,90.5,55.16674041748047
1997-11-13,91.8125,55.96677780151367
1997-11-14,93.0625,56.72875213623047
1997-11-17,94.78125,57.77644729614258
1997-11-18,94.1875,57.414546966552734
1997-11-19,94.65625,57.70027542114258
1997-11-20,96.09375,58.5765495300293
1997-11-21,96.75,58.97653579711914
1997-11-24,95.0,57.9098014831543
1997-11-25,95.25,58.06220245361328
1997-11-26,95.53125,58.233642578125
1997-11-28,95.625,58.29084014892578
1997-12-01,98.09375,59.795711517333984
1997-12-02,97.5,59.433753967285156
1997-12-03,97.78125,59.605228424072266
1997-12-04,97.6875,59.54804992675781
1997-12-05,98.9375,60.3100471496582
1997-12-08,98.65625,60.138580322265625
1997-12-09,98.0625,59.77666091918945
1997-12-10,97.21875,59.26233673095703
1997-12-11,95.5625,58.252681732177734
1997-12-12,95.75,58.367000579833984
1997-12-15,96.71875,58.957523345947266
1997-12-16,97.3125,59.31947708129883
1997-12-17,96.8125,59.014686584472656
1997-12-18,95.875,58.443214416503906
1997-12-19,94.78125,58.00636291503906
1997-12-22,95.390625,58.379310607910156
1997-12-23,93.6875,57.33698272705078
1997-12-24,93.40625,57.16487121582031
1997-12-26,93.78125,57.39436721801758
1997-12-29,95.625,58.52274703979492
1997-12-30,97.125,59.440757751464844
1997-12-31,97.0625,59.402523040771484
1998-01-02,97.5625,59.70853805541992
1998-01-05,97.78125,59.842376708984375
1998-01-06,96.21875,58.886138916015625
1998-01-07,96.46875,59.039100646972656
1998-01-08,95.625,58.52274703979492
1998-01-09,92.3125,56.4954833984375
1998-01-12,94.0,57.52827835083008
1998-01-13,95.3125,58.33150100708008
1998-01-14,95.75,58.59925079345703
1998-01-15,94.953125,58.11158752441406
1998-01-16,96.3125,58.94352722167969
1998-01-20,97.875,59.899757385253906
1998-01-21,96.9375,59.326011657714844
1998-01-22,96.078125,58.80007553100586
1998-01-23,95.9375,58.71400833129883
1998-01-26,95.875,58.67577362060547
1998-01-27,96.84375,59.26865768432617
1998-01-28,97.71875,59.804141998291016
1998-01-29,98.25,60.12926483154297
1998-01-30,98.3125,60.167510986328125
1998-02-02,99.9375,61.1619987487793
1998-02-03,100.6875,61.62102127075195
1998-02-04,100.5625,61.54454803466797
1998-02-05,100.5,61.50626754760742
1998-02-06,101.625,62.194740295410156
1998-02-09,101.28125,61.984405517578125
1998-02-10,102.25,62.5772590637207
1998-02-11,102.15625,62.51987838745117
1998-02-12,102.59375,62.78765869140625
1998-02-13,102.0,62.424293518066406
1998-02-17,102.5,62.730289459228516
1998-02-18,103.4375,63.30398941040039
1998-02-19,102.890625,62.9693489074707
1998-02-20,103.65625,63.437870025634766
1998-02-23,104.0625,63.6865348815918
1998-02-24,103.25,63.189231872558594
1998-02-25,104.53125,63.97339630126953
1998-02-26,105.125,64.3367691040039
1998-02-27,105.125,64.3367691040039
1998-03-02,104.90625,64.20288848876953
1998-03-03,105.5,64.56629180908203
1998-03-04,104.8125,64.14557647705078
1998-03-05,103.84375,63.55266571044922
1998-03-06,105.9375,64.83403778076172
1998-03-09,105.5625,64.60450744628906
1998-03-10,106.5625,65.2165298461914
1998-03-11,107.0625,65.52255249023438
1998-03-12,107.5,65.790283203125
1998-03-13,107.09375,65.54167938232422
1998-03-16,108.25,66.24927520751953
1998-03-17,108.5625,66.44056701660156
1998-03-18,108.96875,66.68915557861328
1998-03-19,109.25,66.86128234863281
1998-03-20,109.875,67.43699645996094
1998-03-23,109.625,67.2835464477539
1998-03-24,110.5625,67.85894012451172
1998-03-25,110.15625,67.609619140625
1998-03-26,110.09375,67.57122039794922
1998-03-27,109.625,67.2835464477539
1998-03-30,109.5625,67.2452163696289
1998-03-31,109.9375,67.47532653808594
1998-04-01,110.828125,68.02198791503906
1998-04-02,112.03125,68.76043701171875
1998-04-03,112.59375,69.10565185546875
1998-04-06,111.6875,68.54945373535156
1998-04-07,110.9375,68.08911895751953
1998-04-08,110.3125,67.70552062988281
1998-04-09,111.1875,68.24256896972656
1998-04-13,110.875,68.05078887939453
1998-04-14,111.8125,68.62615203857422
1998-04-15,112.125,68.81794738769531
1998-04-16,110.8125,68.01238250732422
1998-04-17,112.28125,68.91385650634766
1998-04-20,112.25,68.89469909667969
1998-04-21,112.78125,69.22076416015625
1998-04-22,113.09375,69.41253662109375
1998-04-23,112.0,68.74127197265625
1998-04-24,110.8125,68.01238250732422
1998-04-27,108.71875,66.72732543945312
1998-04-28,108.5625,66.6314468383789
1998-04-29,109.3125,67.09172821044922
1998-04-30,111.34375,68.33842468261719
1998-05-01,112.59375,69.10565185546875
1998-05-04,112.3125,68.93302154541016
1998-05-05,111.53125,68.45353698730469
1998-05-06,110.21875,67.64799499511719
1998-05-07,109.34375,67.11094665527344
1998-05-08,111.125,68.20418548583984
1998-05-11,110.75,67.97403717041016
1998-05-12,111.9375,68.70289611816406
1998-05-13,112.21875,68.87550354003906
1998-05-14,111.65625,68.53028106689453
1998-05-15,111.03125,68.14666748046875
1998-05-18,110.59375,67.87813568115234
1998-05-19,111.34375,68.33842468261719
1998-05-20,112.40625,68.99060821533203
1998-05-21,111.6875,68.54945373535156
1998-05-22,111.25,68.28092193603516
1998-05-26,109.46875,67.18765258789062
1998-05-27,109.625,67.2835464477539
1998-05-28,110.125,67.59046173095703
1998-05-29,109.03125,66.91913604736328
1998-06-01,109.53125,67.22602844238281
1998-06-02,109.625,67.2835464477539
1998-06-03,107.875,66.20948028564453
1998-06-04,109.875,67.43699645996094
1998-06-05,112.0,68.74127197265625
1998-06-08,111.875,68.6645278930664
1998-06-09,112.21875,68.87550354003906
1998-06-10,111.5,68.43439483642578
1998-06-11,109.40625,67.14928436279297
1998-06-12,110.4375,67.78225708007812
1998-06-15,107.53125,65.9985122680664
1998-06-16,109.1875,67.01506042480469
1998-06-17,111.46875,68.41521453857422
1998-06-18,110.96875,68.10832214355469
1998-06-19,110.0625,67.76702117919922
1998-06-22,110.59375,68.09414672851562
1998-06-23,111.90625,68.90226745605469
1998-06-24,113.40625,69.82582092285156
1998-06-25,113.21875,69.71039581298828
1998-06-26,113.6875,69.99897766113281
1998-06-29,114.09375,70.24916076660156
1998-06-30,113.3125,69.76809692382812
1998-07-01,114.625,70.57617950439453
1998-07-02,114.84375,70.71092987060547
1998-07-06,116.0,71.42281341552734
1998-07-07,115.78125,71.28813934326172
1998-07-08,116.625,71.80767059326172
1998-07-09,115.84375,71.32665252685547
1998-07-10,116.46875,71.7114486694336
1998-07-13,116.5,71.730712890625
1998-07-14,117.8125,72.538818359375
1998-07-15,117.59375,72.40413665771484
1998-07-16,118.40625,72.9044189453125
1998-07-17,118.5625,73.00057220458984
1998-07-20,118.5625,73.00057220458984
1998-07-21,116.5,71.730712890625
1998-07-22,116.5,71.730712890625
1998-07-23,114.1875,70.30683898925781
1998-07-24,114.09375,70.24916076660156
1998-07-27,114.90625,70.74938201904297
1998-07-28,112.96875,69.55645751953125
1998-07-29,112.53125,69.28707122802734
1998-07-30,114.21875,70.3260726928711
1998-07-31,111.78125,68.82527923583984
1998-08-03,111.3125,68.53668212890625
1998-08-04,107.0,65.88142395019531
1998-08-05,108.46875,66.78575897216797
1998-08-06,108.9375,67.07437896728516
1998-08-07,109.125,67.18977355957031
1998-08-10,108.5,66.80496978759766
1998-08-11,106.875,65.80442810058594
1998-08-12,108.6875,66.9204330444336
1998-08-13,107.375,66.1123046875
1998-08-14,106.125,65.3426742553711
1998-08-17,108.375,66.7280044555664
1998-08-18,110.375,67.95944213867188
1998-08-19,110.09375,67.7862548828125
1998-08-20,109.4375,67.38221740722656
1998-08-21,108.5625,66.84347534179688
1998-08-24,109.25,67.26678466796875
1998-08-25,109.5,67.42070007324219
1998-08-26,108.875,67.03585052490234
1998-08-27,103.75,63.880367279052734
1998-08-28,103.375,63.64947509765625
1998-08-31,96.0,59.108543395996094
1998-09-01,100.0625,61.609893798828125
1998-09-02,99.34375,61.1673698425293
1998-09-03,98.5625,60.68629455566406
1998-09-04,97.75,60.18608474731445
1998-09-08,103.0,63.418575286865234
1998-09-09,100.5,61.879276275634766
1998-09-10,98.5,60.6478271484375
1998-09-11,101.6875,62.61042404174805
1998-09-14,103.4375,63.68793487548828
1998-09-15,104.0625,64.07272338867188
1998-09-16,105.0,64.64997863769531
1998-09-17,102.0,62.80282974243164
1998-09-18,102.09375,63.08261489868164
1998-09-21,102.03125,63.04396057128906
1998-09-22,102.875,63.5653076171875
1998-09-23,107.0,66.11409759521484
1998-09-24,104.375,64.49217224121094
1998-09-25,104.25,64.4148941040039
1998-09-28,105.1875,64.99420166015625
1998-09-29,104.9375,64.83973693847656
1998-09-30,101.75,62.87016677856445
1998-10-01,98.8125,61.055137634277344
1998-10-02,100.71875,62.233028411865234
1998-10-05,98.6875,60.977909088134766
1998-10-06,98.59375,60.91997528076172
1998-10-07,97.125,60.012481689453125
1998-10-08,96.59375,59.68418884277344
1998-10-09,98.53125,60.881317138671875
1998-10-12,99.96875,61.769554138183594
1998-10-13,99.625,61.55717468261719
1998-10-14,100.5625,62.136478424072266
1998-10-15,105.96875,65.4769287109375
1998-10-16,106.0,65.49620819091797
1998-10-19,106.375,65.7279281616211
1998-10-20,107.0,66.11409759521484
1998-10-21,106.625,65.88235473632812
1998-10-22,108.21875,66.8671646118164
1998-10-23,106.84375,66.01754760742188
1998-10-26,107.625,66.50029754638672
1998-10-27,107.0,66.11409759521484
1998-10-28,106.8125,65.99829864501953
1998-10-29,109.40625,67.60089111328125
1998-10-30,110.0,67.96778106689453
1998-11-02,111.875,69.12633514404297
1998-11-03,111.0625,68.62425994873047
1998-11-04,112.25,69.3580093383789
1998-11-05,113.78125,70.30414581298828
1998-11-06,114.125,70.5165786743164
1998-11-09,113.3125,70.01451873779297
1998-11-10,113.0,69.82141876220703
1998-11-11,112.25,69.3580093383789
1998-11-12,112.125,69.28076934814453
1998-11-13,113.21875,69.95660400390625
1998-11-16,114.0625,70.47794342041016
1998-11-17,114.0625,70.47794342041016
1998-11-18,114.75,70.90277099609375
1998-11-19,115.75,71.52066040039062
1998-11-20,116.625,72.06129455566406
1998-11-23,119.375,73.76048278808594
1998-11-24,118.625,73.29708099365234
1998-11-25,118.625,73.29708099365234
1998-11-27,119.5,73.83773803710938
1998-11-30,116.125,71.75235748291016
1998-12-01,117.625,72.67919158935547
1998-12-02,117.28125,72.46678924560547
1998-12-03,115.34375,71.2696533203125
1998-12-04,118.375,73.14261627197266
1998-12-07,118.9375,73.49014282226562
1998-12-08,118.40625,73.16191101074219
1998-12-09,118.625,73.29708099365234
1998-12-10,116.890625,72.22538757324219
1998-12-11,117.125,72.37023162841797
1998-12-14,113.75,70.28485107421875
1998-12-15,116.6875,72.09992980957031
1998-12-16,116.53125,72.00334930419922
1998-12-17,118.390625,73.15221405029297
1998-12-18,118.5,73.46308135986328
1998-12-21,120.15625,74.48986053466797
1998-12-22,120.6875,74.81917572021484
1998-12-23,123.21875,76.388427734375
1998-12-24,122.6875,76.0591049194336
1998-12-28,122.375,75.86534881591797
1998-12-29,124.3125,77.06648254394531
1998-12-30,123.3125,76.44654083251953
1998-12-31,123.3125,76.44654083251953
1999-01-04,123.03125,76.272216796875
1999-01-05,124.4375,77.14398193359375
1999-01-06,127.4375,79.00377655029297
1999-01-07,126.8125,78.61634826660156
1999-01-08,127.75,79.19751739501953
1999-01-11,126.53125,78.44197845458984
1999-01-12,124.25,77.02776336669922
1999-01-13,123.375,76.48529815673828
1999-01-14,121.21875,75.1485366821289
1999-01-15,124.375,77.105224609375
1999-01-19,125.1875,77.60894012451172
1999-01-20,126.1875,78.22884368896484
1999-01-21,122.84375,76.15593719482422
1999-01-22,122.5625,75.98158264160156
1999-01-25,123.8125,76.75647735595703
1999-01-26,126.0625,78.15139770507812
1999-01-27,124.59375,77.24083709716797
1999-01-28,126.6875,78.53885650634766
1999-01-29,127.65625,79.1394271850586
1999-02-01,126.90625,78.6744384765625
1999-02-02,126.125,78.19013977050781
1999-02-03,127.40625,78.98440551757812
1999-02-04,125.5,77.80266571044922
1999-02-05,124.0625,76.91150665283203
1999-02-08,124.3125,77.06648254394531
1999-02-09,121.53125,75.3422622680664
1999-02-10,122.3125,75.8266372680664
1999-02-11,125.125,77.5701904296875
1999-02-12,123.625,76.64029693603516
1999-02-16,122.875,76.17533111572266
1999-02-17,122.75,76.09781646728516
1999-02-18,123.71875,76.69837188720703
1999-02-19,124.25,77.02776336669922
1999-02-22,127.5625,79.0812759399414
1999-02-23,127.5,79.04255676269531
1999-02-24,125.25,77.64766693115234
1999-02-25,124.0625,76.91150665283203
1999-02-26,123.5625,76.60152435302734
1999-03-01,123.90625,76.81464385986328
1999-03-02,122.8125,76.1365737915039
1999-03-03,123.46875,76.54341888427734
1999-03-04,125.03125,77.51205444335938
1999-03-05,127.546875,79.07159423828125
1999-03-08,128.375,79.58499145507812
1999-03-09,128.0625,79.39127349853516
1999-03-10,129.1875,80.08870697021484
1999-03-11,130.625,80.9798812866211
1999-03-12,129.375,80.20494842529297
1999-03-15,131.21875,81.34796142578125
1999-03-16,130.71875,81.03800964355469
1999-03-17,130.15625,80.68924713134766
1999-03-18,132.25,81.98727416992188
1999-03-19,129.6875,80.59366607666016
1999-03-22,129.9375,80.74903106689453
1999-03-23,126.1875,78.41858673095703
1999-03-24,126.90625,78.8652572631836
1999-03-25,129.5,80.47714233398438
1999-03-26,128.5625,79.8945541381836
1999-03-29,131.15625,81.50641632080078
1999-03-30,130.46875,81.07919311523438
1999-03-31,128.375,79.77800750732422
1999-04-01,129.34375,80.38006591796875
1999-04-05,132.40625,82.28324890136719
1999-04-06,132.09375,82.08904266357422
1999-04-07,133.15625,82.74930572509766
1999-04-08,134.84375,83.79798889160156
1999-04-09,134.875,83.81741333007812
1999-04-12,136.3125,84.71074676513672
1999-04-13,135.4375,84.16697692871094
1999-04-14,133.15625,82.74930572509766
1999-04-15,132.65625,82.4385986328125
1999-04-16,131.53125,81.73946380615234
1999-04-19,129.5,80.47714233398438
1999-04-20,131.125,81.48704528808594
1999-04-21,134.875,83.81741333007812
1999-04-22,136.15625,84.6136474609375
1999-04-23,135.8125,84.40003204345703
1999-04-26,136.59375,84.8855209350586
1999-04-27,137.25,85.29339599609375
1999-04-28,135.375,84.12815856933594
1999-04-29,134.34375,83.48727416992188
1999-04-30,133.25,82.80757904052734
1999-05-03,135.6875,84.32234191894531
1999-05-04,133.75,83.11834716796875
1999-05-05,134.8125,83.77860260009766
1999-05-06,133.984375,83.2638931274414
1999-05-07,135.0,83.89511108398438
1999-05-10,134.328125,83.4775390625
1999-05-11,135.6875,84.32234191894531
1999-05-12,136.75,84.98265838623047
1999-05-13,137.34375,85.35159301757812
1999-05-14,133.78125,83.13771057128906
1999-05-17,134.1875,83.39015197753906
1999-05-18,133.9375,83.23481750488281
1999-05-19,134.90625,83.83683776855469
1999-05-20,134.09375,83.3319091796875
1999-05-21,133.34375,82.8658676147461
1999-05-24,131.125,81.48704528808594
1999-05-25,129.0,80.16643524169922
1999-05-26,130.4375,81.05974578857422
1999-05-27,128.5625,79.8945541381836
1999-05-28,130.203125,80.91413879394531
1999-06-01,129.75,80.63252258300781
1999-06-02,129.875,80.71022033691406
1999-06-03,130.59375,81.15687561035156
1999-06-04,133.21875,82.78822326660156
1999-06-07,133.5625,83.0018081665039
1999-06-08,132.25,82.18612670898438
1999-06-09,132.125,82.10847473144531
1999-06-10,130.90625,81.35107421875
1999-06-11,129.8125,80.67135620117188
1999-06-14,129.9375,80.74903106689453
1999-06-15,130.8125,81.29279327392578
1999-06-16,133.3125,82.84642028808594
1999-06-17,134.5625,83.62323760986328
1999-06-18,134.3125,83.71986389160156
1999-06-21,134.625,83.91462707519531
1999-06-22,133.6875,83.33026885986328
1999-06-23,133.03125,82.92119598388672
1999-06-24,132.03125,82.29789733886719
1999-06-25,131.703125,82.09333038330078
1999-06-28,133.3125,83.09651184082031
1999-06-29,134.5625,83.87567901611328
1999-06-30,137.0,85.39501190185547
1999-07-01,138.03125,86.0378189086914
1999-07-02,139.40625,86.8948745727539
1999-07-06,139.375,86.87541961669922
1999-07-07,139.5625,86.99225616455078
1999-07-08,139.671875,87.0604476928711
1999-07-09,140.5,87.57664489746094
1999-07-12,139.875,87.18704986572266
1999-07-13,139.375,86.87541961669922
1999-07-14,140.15625,87.36235809326172
1999-07-15,141.046875,87.91749572753906
1999-07-16,141.8125,88.39473724365234
1999-07-19,140.875,87.81037139892578
1999-07-20,137.984375,86.00861358642578
1999-07-21,137.828125,85.91117858886719
1999-07-22,136.015625,84.78144836425781
1999-07-23,135.75,84.6158447265625
1999-07-26,134.75,83.99253845214844
1999-07-27,135.875,84.69379425048828
1999-07-28,136.3125,84.96649169921875
1999-07-29,134.40625,83.77825927734375
1999-07-30,132.75,82.74589538574219
1999-08-02,133.0625,82.94068145751953
1999-08-03,132.4375,82.55107116699219
1999-08-04,130.625,81.42132568359375
1999-08-05,131.8125,82.16154479980469
1999-08-06,130.375,81.26549530029297
1999-08-09,130.09375,81.0902328491211
1999-08-10,128.65625,80.19417572021484
1999-08-11,130.21875,81.16812133789062
1999-08-12,130.140625,81.11941528320312
1999-08-13,133.15625,82.9991226196289
1999-08-16,133.75,83.36925506591797
1999-08-17,134.625,83.91462707519531
1999-08-18,133.65625,83.310791015625
1999-08-19,132.5625,82.62903594970703
1999-08-20,133.90625,83.46662902832031
1999-08-23,136.46875,85.06388092041016
1999-08-24,136.96875,85.37557220458984
1999-08-25,138.375,86.25205993652344
1999-08-26,136.71875,85.21971130371094
1999-08-27,135.0625,84.18733978271484
1999-08-30,132.5625,82.62903594970703
1999-08-31,132.0625,82.31736755371094
1999-09-01,133.6875,83.33026885986328
1999-09-02,132.109375,82.3465576171875
1999-09-03,135.96875,84.75221252441406
1999-09-07,135.46875,84.4405746459961
1999-09-08,134.8125,84.03147888183594
1999-09-09,134.75,83.99253845214844
1999-09-10,135.875,84.69379425048828
1999-09-13,134.953125,84.11917114257812
1999-09-14,134.0625,83.56402587890625
1999-09-15,131.9375,82.23943328857422
1999-09-16,132.453125,82.56084442138672
1999-09-17,133.75,83.60401916503906
1999-09-20,133.5625,83.4867935180664
1999-09-21,130.75,81.72877502441406
1999-09-22,130.609375,81.640869140625
1999-09-23,127.875,79.93173217773438
1999-09-24,127.75,79.8535385131836
1999-09-27,128.59375,80.38097381591797
1999-09-28,128.34375,80.22465515136719
1999-09-29,126.8125,79.26759338378906
1999-09-30,128.75,80.4786376953125
1999-10-01,128.46875,80.3028335571289
1999-10-04,130.75,81.72877502441406
1999-10-05,130.625,81.65068817138672
1999-10-06,132.625,82.90078735351562
1999-10-07,131.875,82.4320068359375
1999-10-08,133.875,83.68214416503906
1999-10-11,133.65625,83.54540252685547
1999-10-12,131.59375,82.25621032714844
1999-10-13,128.1875,80.12705993652344
1999-10-14,128.15625,80.10751342773438
1999-10-15,124.875,78.05646514892578
1999-10-18,125.78125,78.62294006347656
1999-10-19,127.0,79.38471984863281
1999-10-20,128.25,80.16608428955078
1999-10-21,129.0,80.63494873046875
1999-10-22,130.09375,81.318603515625
1999-10-25,129.4375,80.90837860107422
1999-10-26,127.8125,79.8926010131836
1999-10-27,130.125,81.33811950683594
1999-10-28,134.5625,84.11189270019531
1999-10-29,137.0,85.6355209350586
1999-11-01,135.5625,84.73699951171875
1999-11-02,134.59375,84.1314468383789
1999-11-03,135.5,84.6978988647461
1999-11-04,136.53125,85.34247589111328
1999-11-05,137.875,86.18245697021484
1999-11-08,138.0,86.2606201171875
1999-11-09,136.703125,85.44998168945312
1999-11-10,137.71875,86.08483123779297
1999-11-11,138.5,86.57313537597656
1999-11-12,139.75,87.35448455810547
1999-11-15,140.078125,87.5595932006836
1999-11-16,141.25,88.2920913696289
1999-11-17,141.625,88.5265121459961
1999-11-18,142.625,89.15157318115234
1999-11-19,142.5,89.07344818115234
1999-11-22,142.46875,89.05391693115234
1999-11-23,141.21875,88.2725830078125
1999-11-24,141.96875,88.74136352539062
1999-11-26,141.4375,88.4093017578125
1999-11-29,140.9375,88.09676361083984
1999-11-30,139.28125,87.06143951416016
1999-12-01,140.40625,87.76470184326172
1999-12-02,141.25,88.2920913696289
1999-12-03,143.84375,89.91337585449219
1999-12-06,142.78125,89.24923706054688
1999-12-07,141.625,88.5265121459961
1999-12-08,140.71875,87.95997619628906
1999-12-09,141.40625,88.38971710205078
1999-12-10,141.875,88.68278503417969
1999-12-13,142.125,88.83902740478516
1999-12-14,140.75,87.9795913696289
1999-12-15,141.5,88.4483642578125
1999-12-16,142.125,88.83902740478516
1999-12-17,142.6875,89.40955352783203
1999-12-20,141.65625,88.76339721679688
1999-12-21,143.8125,90.11451721191406
1999-12-22,144.1875,90.3494873046875
1999-12-23,146.484375,91.78874969482422
1999-12-27,146.28125,91.66142272949219
1999-12-28,146.1875,91.60272979736328
1999-12-29,146.8125,91.9943618774414
1999-12-30,146.640625,91.88668823242188
1999-12-31,146.875,92.03351593017578
2000-01-03,145.4375,91.13275146484375
2000-01-04,139.75,87.56891632080078
2000-01-05,140.0,87.72553253173828
2000-01-06,137.75,86.31571960449219
2000-01-07,145.75,91.32855224609375
2000-01-10,146.25,91.641845703125
2000-01-11,144.5,90.54532623291016
2000-01-12,143.0625,89.64457702636719
2000-01-13,145.0,90.85861206054688
2000-01-14,146.96875,92.09227752685547
2000-01-18,145.8125,91.36770629882812
2000-01-19,147.0,92.1118392944336
2000-01-20,144.75,90.70195770263672
2000-01-21,144.4375,90.506103515625
2000-01-24,140.34375,87.94095611572266
2000-01-25,141.9375,88.93963623046875
2000-01-26,140.8125,88.23468780517578
2000-01-27,140.25,87.88217163085938
2000-01-28,135.875,85.14076232910156
2000-01-31,139.5625,87.45140075683594
2000-02-01,140.9375,88.31295776367188
2000-02-02,141.0625,88.39136505126953
2000-02-03,143.1875,89.72289276123047
2000-02-04,142.59375,89.35089874267578
2000-02-07,142.375,89.21373748779297
2000-02-08,144.3125,90.42781829833984
2000-02-09,141.28125,88.52840423583984
2000-02-10,141.5625,88.70465850830078
2000-02-11,138.6875,86.90312194824219
2000-02-14,139.5,87.41224670410156
2000-02-15,141.078125,88.40110778808594
2000-02-16,139.0,87.09893035888672
2000-02-17,138.28125,86.64856719970703
2000-02-18,135.3125,84.78826904296875
2000-02-22,134.96875,84.57291412353516
2000-02-23,136.5625,85.57159423828125
2000-02-24,133.8125,83.84840393066406
2000-02-25,133.328125,83.5448989868164
2000-02-28,136.125,85.29743957519531
2000-02-29,137.4375,86.1198959350586
2000-03-01,138.4375,86.74646759033203
2000-03-02,138.53125,86.80517578125
2000-03-03,141.125,88.43047332763672
2000-03-06,139.75,87.56891632080078
2000-03-07,137.046875,85.87507629394531
2000-03-08,136.875,85.76736450195312
2000-03-09,140.875,88.27384948730469
2000-03-10,140.125,87.80391693115234
2000-03-13,138.59375,86.8443832397461
2000-03-14,136.625,85.6107406616211
2000-03-15,139.8125,87.60807800292969
2000-03-16,146.34375,91.70063018798828
2000-03-17,146.9375,92.30670166015625
2000-03-20,146.1875,91.8355484008789
2000-03-21,149.1875,93.72008514404297
2000-03-22,150.09375,94.28939819335938
2000-03-23,152.65625,95.89920043945312
2000-03-24,153.5625,96.46849060058594
2000-03-27,151.9375,95.44776916503906
2000-03-28,151.0625,94.89801025390625
2000-03-29,151.21875,94.99617767333984
2000-03-30,148.6875,93.40603637695312
2000-03-31,150.375,94.46607208251953
2000-04-03,151.25,95.01583099365234
2000-04-04,150.125,94.30902862548828
2000-04-05,149.1875,93.72008514404297
2000-04-06,150.484375,94.53483581542969
2000-04-07,151.4375,95.13359069824219
2000-04-10,150.84375,94.76055145263672
2000-04-11,150.40625,94.48576354980469
2000-04-12,146.28125,91.89439392089844
2000-04-13,144.25,90.61837005615234
2000-04-14,136.0,85.43570709228516
2000-04-17,140.75,88.41968536376953
2000-04-18,144.46875,90.75579833984375
2000-04-19,143.125,89.91165161132812
2000-04-20,143.8125,90.34354400634766
2000-04-24,142.25,89.36194610595703
2000-04-25,148.15625,93.07231903076172
2000-04-26,146.484375,92.02204132080078
2000-04-27,146.0,91.71766662597656
2000-04-28,145.09375,91.14839935302734
2000-05-01,147.0625,92.38521575927734
2000-05-02,144.125,90.53980255126953
2000-05-03,140.75,88.41968536376953
2000-05-04,141.8125,89.08708190917969
2000-05-05,143.53125,90.1668472290039
2000-05-08,142.453125,89.48956298828125
2000-05-09,141.3125,88.77304077148438
2000-05-10,138.125,86.77062225341797
2000-05-11,141.28125,88.75340270996094
2000-05-12,142.8125,89.71534729003906
2000-05-15,145.28125,91.26620483398438
2000-05-16,146.6875,92.14964294433594
2000-05-17,145.15625,91.18768310546875
2000-05-18,143.375,90.06868743896484
2000-05-19,141.125,88.65523529052734
2000-05-22,140.0625,87.98776245117188
2000-05-23,138.0,86.69210815429688
2000-05-24,140.25,88.10552978515625
2000-05-25,137.84375,86.59394073486328
2000-05-26,138.0,86.69210815429688
2000-05-30,142.5,89.51902770996094
2000-05-31,142.8125,89.71534729003906
2000-06-01,145.3125,91.2858657836914
2000-06-02,147.84375,92.87596893310547
2000-06-05,147.125,92.4244613647461
2000-06-06,146.46875,92.01219940185547
2000-06-07,147.484375,92.65023040771484
2000-06-08,146.90625,92.28704833984375
2000-06-09,146.59375,92.09076690673828
2000-06-12,144.875,91.01100158691406
2000-06-13,147.59375,92.71892547607422
2000-06-14,147.84375,92.87596893310547
2000-06-15,148.15625,93.07231903076172
2000-06-16,146.59375,92.3075942993164
2000-06-19,148.46875,93.48821258544922
2000-06-20,147.9375,93.15372467041016
2000-06-21,147.875,93.11437225341797
2000-06-22,145.625,91.6975326538086
2000-06-23,144.375,90.91046142578125
2000-06-26,146.234375,92.08131408691406
2000-06-27,145.15625,91.40235900878906
2000-06-28,145.5625,91.65815734863281
2000-06-29,144.1875,90.79236602783203
2000-06-30,145.28125,91.48108673095703
2000-07-03,147.28125,92.74044799804688
2000-07-05,144.625,91.06786346435547
2000-07-06,145.75,91.77625274658203
2000-07-07,148.09375,93.2520980834961
2000-07-10,147.84375,93.09467315673828
2000-07-11,148.15625,93.29145050048828
2000-07-12,149.125,93.90142059326172
2000-07-13,149.78125,94.31472778320312
2000-07-14,151.25,95.23957061767578
2000-07-17,151.0,95.08209228515625
2000-07-18,149.765625,94.30484771728516
2000-07-19,148.5625,93.54725646972656
2000-07-20,150.625,94.84595489501953
2000-07-21,147.6875,92.99626922607422
2000-07-24,146.84375,92.46499633789062
2000-07-25,147.3125,92.76012420654297
2000-07-26,145.875,91.85497283935547
2000-07-27,145.375,91.54009246826172
2000-07-28,142.09375,89.47396087646484
2000-07-31,143.0,90.04460144042969
2000-08-01,143.875,90.59557342529297
2000-08-02,144.59375,91.0482406616211
2000-08-03,145.59375,91.6778793334961
2000-08-04,146.375,92.1698226928711
2000-08-07,148.125,93.27175903320312
2000-08-08,148.6875,93.62594604492188
2000-08-09,147.4375,92.83889770507812
2000-08-10,146.71875,92.38629913330078
2000-08-11,147.40625,92.81917572021484
2000-08-14,149.28125,93.99978637695312
2000-08-15,149.15625,93.92109680175781
2000-08-16,148.625,93.58660125732422
2000-08-17,150.1875,94.57048034667969
2000-08-18,149.6875,94.255615234375
2000-08-21,150.5,94.7672348022461
2000-08-22,150.25,94.60981750488281
2000-08-23,150.84375,94.98367309570312
2000-08-24,151.3125,95.27886962890625
2000-08-25,151.25,95.23957061767578
2000-08-28,151.765625,95.56416320800781
2000-08-29,151.796875,95.58385467529297
2000-08-30,150.34375,94.6688461303711
2000-08-31,152.34375,95.92821502685547
2000-09-01,152.5,96.02662658691406
2000-09-05,151.28125,95.25920867919922
2000-09-06,149.5625,94.17691802978516
2000-09-07,150.84375,94.98367309570312
2000-09-08,149.8125,94.33436584472656
2000-09-11,149.59375,94.19657897949219
2000-09-12,148.5,93.50786590576172
2000-09-13,148.890625,93.75382232666016
2000-09-14,149.640625,94.22608947753906
2000-09-15,146.0,92.16463470458984
2000-09-18,144.65625,91.31636810302734
2000-09-19,145.96875,92.14491271972656
2000-09-20,144.890625,91.4643325805664
2000-09-21,142.6875,90.07356262207031
2000-09-22,145.28125,91.71092224121094
2000-09-25,144.25,91.05988311767578
2000-09-26,142.40625,89.89598846435547
2000-09-27,143.15625,90.36949920654297
2000-09-28,145.0,91.53336334228516
2000-09-29,143.625,90.6654052734375
2000-10-02,143.84375,90.80350494384766
2000-10-03,142.5,89.95526123046875
2000-10-04,143.6875,90.7048568725586
2000-10-05,144.1875,91.02046203613281
2000-10-06,141.0625,89.04780578613281
2000-10-09,140.0,88.37702941894531
2000-10-10,137.6875,86.91722869873047
2000-10-11,136.53125,86.18737030029297
2000-10-12,133.125,84.03709411621094
2000-10-13,137.5625,86.83834838867188
2000-10-16,138.1875,87.23289489746094
2000-10-17,134.75,85.06294250488281
2000-10-18,134.25,84.74725341796875
2000-10-19,139.3125,87.94304656982422
2000-10-20,139.90625,88.31790924072266
2000-10-23,140.53125,88.71240234375
2000-10-24,139.59375,88.12061309814453
2000-10-25,136.3125,86.04924011230469
2000-10-26,136.6875,86.28596496582031
2000-10-27,139.28125,87.92332458496094
2000-10-30,140.53125,88.71240234375
2000-10-31,142.953125,90.2413101196289
2000-11-01,142.46875,89.93550109863281
2000-11-02,142.703125,90.08345794677734
2000-11-03,142.78125,90.13276672363281
2000-11-06,143.78125,90.76404571533203
2000-11-07,143.75,90.74434661865234
2000-11-08,140.5625,88.73210906982422
2000-11-09,140.03125,88.39681243896484
2000-11-10,136.625,86.24653625488281
2000-11-13,135.5625,85.57579803466797
2000-11-14,139.125,87.82466888427734
2000-11-15,139.5625,88.10086059570312
2000-11-16,137.375,86.72003936767578
2000-11-17,136.640625,86.25640869140625
2000-11-20,134.6875,85.02345275878906
2000-11-21,135.375,85.45747375488281
2000-11-22,132.140625,83.41573333740234
2000-11-24,134.84375,85.12207794189453
2000-11-27,136.03125,85.87173461914062
2000-11-28,133.6875,84.39220428466797
2000-11-29,133.4375,84.23436737060547
2000-11-30,132.28125,83.5044937133789
2000-12-01,132.21875,83.46501922607422
2000-12-04,133.34375,84.17518615722656
2000-12-05,137.71875,86.93700408935547
2000-12-06,135.515625,85.54621124267578
2000-12-07,133.65625,84.37248229980469
2000-12-08,133.96875,84.56974792480469
2000-12-11,138.625,87.50906372070312
2000-12-12,138.03125,87.13426971435547
2000-12-13,136.140625,85.94078063964844
2000-12-14,134.40625,84.8459243774414
2000-12-15,130.96875,82.9295425415039
2000-12-18,132.71875,84.03766632080078
2000-12-19,130.015625,82.32603454589844
2000-12-20,126.25,79.9416275024414
2000-12-21,127.125,80.49571228027344
2000-12-22,130.9375,82.90971374511719
2000-12-26,132.34375,83.80021667480469
2000-12-27,133.3125,84.41358184814453
2000-12-28,133.71875,84.67081451416016
2000-12-29,131.1875,83.06803131103516
2001-01-02,128.8125,81.56417846679688
2001-01-03,135.0,85.48213958740234
2001-01-04,133.546875,84.56204223632812
2001-01-05,129.1875,81.8016128540039
2001-01-08,130.1875,82.43484497070312
2001-01-09,129.84375,82.2171630859375
2001-01-10,132.125,83.66168975830078
2001-01-11,132.25,83.7408218383789
2001-01-12,132.0,83.58252716064453
2001-01-16,132.84375,84.11677551269531
2001-01-17,133.453125,84.50263214111328
2001-01-18,134.78125,85.3436050415039
2001-01-19,134.015625,84.85881805419922
2001-01-22,134.90625,85.42277526855469
2001-01-23,135.96875,86.09554290771484
2001-01-24,136.375,86.35275268554688
2001-01-25,136.03125,86.13514709472656
2001-01-26,135.875,86.03618621826172
2001-01-29,136.60000610351562,86.49524688720703
2001-01-30,137.8000030517578,87.25508880615234
2001-01-31,137.02000427246094,86.76119232177734
2001-02-01,137.92999267578125,87.33738708496094
2001-02-02,134.8000030517578,85.35549926757812
2001-02-05,135.7899932861328,85.98237609863281
2001-02-06,135.38999938964844,85.72909545898438
2001-02-07,134.69000244140625,85.28582000732422
2001-02-08,133.1199951171875,84.29170227050781
2001-02-09,131.83999633789062,83.48119354248047
2001-02-12,133.35000610351562,84.4373779296875
2001-02-13,132.25999450683594,83.74718475341797
2001-02-14,132.05999755859375,83.62053680419922
2001-02-15,133.33999633789062,84.4310073852539
2001-02-16,130.39999389648438,82.56938934326172
2001-02-20,128.38999938964844,81.29666900634766
2001-02-21,125.62000274658203,79.54271697998047
2001-02-22,125.80999755859375,79.66299438476562
2001-02-23,124.95999908447266,79.12478637695312
2001-02-26,127.62000274658203,80.8091049194336
2001-02-27,126.44000244140625,80.06193542480469
2001-02-28,123.94999694824219,78.48526000976562
2001-03-01,124.5999984741211,78.8968276977539
2001-03-02,123.61000061035156,78.2699966430664
2001-03-05,124.73999786376953,78.9854965209961
2001-03-06,126.08000183105469,79.83399963378906
2001-03-07,126.9800033569336,80.40387725830078
2001-03-08,127.12000274658203,80.49250793457031
2001-03-09,123.36000061035156,78.11167907714844
2001-03-12,118.08000183105469,74.76837921142578
2001-03-13,120.0199966430664,75.99676513671875
2001-03-14,117.6500015258789,74.49609375
2001-03-15,117.68000030517578,74.51508331298828
2001-03-16,115.01000213623047,73.0205078125
2001-03-19,117.3499984741211,74.5062026977539
2001-03-20,114.19999694824219,72.50626373291016
2001-03-21,112.26000213623047,71.2745132446289
2001-03-22,111.12000274658203,70.55072021484375
2001-03-23,114.4800033569336,72.68404388427734
2001-03-26,115.94000244140625,73.61095428466797
2001-03-27,118.30999755859375,75.11571502685547
2001-03-28,115.04000091552734,73.03955841064453
2001-03-29,115.4800033569336,73.3189468383789
2001-03-30,116.69000244140625,74.08718872070312
2001-04-02,114.19999694824219,72.50626373291016
2001-04-03,110.38999938964844,70.0872573852539
2001-04-04,110.8499984741211,70.37930297851562
2001-04-05,115.05000305175781,73.04588317871094
2001-04-06,113.30000305175781,71.9348373413086
2001-04-09,114.55999755859375,72.73481750488281
2001-04-10,116.6500015258789,74.06173706054688
2001-04-11,116.7300033569336,74.11251068115234
2001-04-12,118.8499984741211,75.45857238769531
2001-04-16,117.5999984741211,74.66490173339844
2001-04-17,119.26000213623047,75.71887969970703
2001-04-18,124.0,78.72830963134766
2001-04-19,125.6500015258789,79.77590942382812
2001-04-20,124.5,79.0457763671875
2001-04-23,122.23999786376953,77.61088562011719
2001-04-24,121.58000183105469,77.19181823730469
2001-04-25,123.16999816894531,78.20133972167969
2001-04-26,123.72000122070312,78.55054473876953
2001-04-27,125.77999877929688,79.85850524902344
2001-04-30,126.66000366210938,80.41719055175781
2001-05-01,127.05000305175781,80.66481018066406
2001-05-02,126.81999969482422,80.51875305175781
2001-05-03,125.20999908447266,79.49658203125
2001-05-04,127.33999633789062,80.84890747070312
2001-05-07,126.23999786376953,80.15052795410156
2001-05-08,126.18000030517578,80.1124267578125
2001-05-09,125.6500015258789,79.77590942382812
2001-05-10,126.0199966430664,80.01084899902344
2001-05-11,125.1500015258789,79.45843505859375
2001-05-14,125.4000015258789,79.61717224121094
2001-05-15,125.9800033569336,79.98542022705078
2001-05-16,128.9499969482422,81.87107849121094
2001-05-17,129.14999389648438,81.99809265136719
2001-05-18,129.74000549316406,82.37268829345703
2001-05-21,131.64999389648438,83.58537292480469
2001-05-22,131.47999572753906,83.4774169921875
2001-05-23,129.25,82.06156158447266
2001-05-24,129.6300048828125,82.3028793334961
2001-05-25,128.10000610351562,81.3314437866211
2001-05-29,127.08000183105469,80.68379974365234
2001-05-30,125.30000305175781,79.5536880493164
2001-05-31,125.94999694824219,79.96642303466797
2001-06-01,126.7300033569336,80.46161651611328
2001-06-04,127.33999633789062,80.84890747070312
2001-06-05,128.8000030517578,81.77589416503906
2001-06-06,127.7300033569336,81.0965347290039
2001-06-07,128.19000244140625,81.38858032226562
2001-06-08,127.0,80.63304138183594
2001-06-11,126.0999984741211,80.06163024902344
2001-06-12,125.87999725341797,79.92194366455078
2001-06-13,124.80000305175781,79.23627471923828
2001-06-14,122.0,77.45850372314453
2001-06-15,121.8499984741211,77.58328247070312
2001-06-18,121.26000213623047,77.2076416015625
2001-06-19,121.79000091552734,77.54509735107422
2001-06-20,122.43000030517578,77.95258331298828
2001-06-21,123.81999969482422,78.8376235961914
2001-06-22,122.8499984741211,78.22003936767578
2001-06-25,121.72000122070312,77.50054168701172
2001-06-26,121.55000305175781,77.39228057861328
2001-06-27,121.4800033569336,77.34771728515625
2001-06-28,122.1500015258789,77.77430725097656
2001-06-29,122.5999984741211,78.06082916259766
2001-07-02,124.12999725341797,79.03497314453125
2001-07-03,124.0999984741211,79.01589965820312
2001-07-05,121.68000030517578,77.47508239746094
2001-07-06,119.05000305175781,75.80049896240234
2001-07-09,119.69999694824219,76.21438598632812
2001-07-10,118.26000213623047,75.2975082397461
2001-07-11,118.37999725341797,75.37393951416016
2001-07-12,121.19000244140625,77.16310119628906
2001-07-13,122.23999786376953,77.83161926269531
2001-07-16,120.70999908447266,76.85745239257812
2001-07-17,121.83999633789062,77.5769271850586
2001-07-18,121.01000213623047,77.0484619140625
2001-07-19,122.06999969482422,77.7233657836914
2001-07-20,121.33999633789062,77.25858306884766
2001-07-23,118.94999694824219,75.7368392944336
2001-07-24,117.80000305175781,75.004638671875
2001-07-25,119.0999984741211,75.83232116699219
2001-07-26,120.3499984741211,76.62825012207031
2001-07-27,120.80999755859375,76.92109680175781
2001-07-30,120.8499984741211,76.94656372070312
2001-07-31,121.3499984741211,77.26495361328125
2001-08-01,122.11000061035156,77.74885559082031
2001-08-02,122.61000061035156,78.06722259521484
2001-08-03,121.94000244140625,77.64061737060547
2001-08-06,120.30000305175781,76.59639739990234
2001-08-07,120.7699966430664,76.89566802978516
2001-08-08,118.52999877929688,75.46942901611328
2001-08-09,118.87999725341797,75.69225311279297
2001-08-10,119.29000091552734,75.9533462524414
2001-08-13,119.31999969482422,75.97240447998047
2001-08-14,119.2699966430664,75.94059753417969
2001-08-15,118.23999786376953,75.28478240966797
2001-08-16,118.6500015258789,75.54582214355469
2001-08-17,116.75,74.33609771728516
2001-08-20,117.83000183105469,75.02375793457031
2001-08-21,115.81999969482422,73.743896484375
2001-08-22,117.0199966430664,74.50800323486328
2001-08-23,116.5999984741211,74.2405776977539
2001-08-24,119.0199966430664,75.78141021728516
2001-08-27,118.30999755859375,75.3293685913086
2001-08-28,116.58000183105469,74.22783660888672
2001-08-29,115.54000091552734,73.5656509399414
2001-08-30,113.31999969482422,72.15216827392578
2001-08-31,114.1500015258789,72.68060302734375
2001-09-04,113.41999816894531,72.2158203125
2001-09-05,113.69999694824219,72.39411163330078
2001-09-06,110.7699966430664,70.52854919433594
2001-09-07,108.72000122070312,69.22325897216797
2001-09-10,110.05000305175781,70.0700912475586
2001-09-17,104.30000305175781,66.40904235839844
2001-09-18,104.05000305175781,66.2498550415039
2001-09-19,101.94999694824219,64.9127426147461
2001-09-20,98.70999908447266,62.849822998046875
2001-09-21,97.27999877929688,62.171669006347656
2001-09-24,100.69999694824219,64.357421875
2001-09-25,101.75,65.02850341796875
2001-09-26,101.38999938964844,64.79841613769531
2001-09-27,102.2699966430664,65.3608169555664
2001-09-28,104.44000244140625,66.74766540527344
2001-10-01,104.2699966430664,66.63900756835938
2001-10-02,105.58000183105469,67.47623443603516
2001-10-03,107.3499984741211,68.60742950439453
2001-10-04,107.44000244140625,68.66497802734375
2001-10-05,107.2300033569336,68.53077697753906
2001-10-08,106.52999877929688,68.0833969116211
2001-10-09,105.95999908447266,67.71910095214844
2001-10-10,108.31999969482422,69.22737884521484
2001-10-11,110.0,70.30107879638672
2001-10-12,109.5,69.98153686523438
2001-10-15,109.30000305175781,69.85371398925781
2001-10-16,109.98999786376953,70.29468536376953
2001-10-17,107.6500015258789,68.79917907714844
2001-10-18,107.41999816894531,68.65218353271484
2001-10-19,107.3499984741211,68.60742950439453
2001-10-22,109.47000122070312,69.96235656738281
2001-10-23,108.91000366210938,69.60444641113281
2001-10-24,108.62000274658203,69.41911315917969
2001-10-25,110.56999969482422,70.66536712646484
2001-10-26,110.31999969482422,70.5055923461914
2001-10-29,107.44999694824219,68.67137145996094
2001-10-30,106.16000366210938,67.84693145751953
2001-10-31,105.80000305175781,67.61681365966797
2001-11-01,108.51000213623047,69.34880828857422
2001-11-02,109.25,69.82176208496094
2001-11-05,110.68000030517578,70.73567962646484
2001-11-06,112.4000015258789,71.83490753173828
2001-11-07,112.25,71.73904418945312
2001-11-08,112.5999984741211,71.96276092529297
2001-11-09,112.72000122070312,72.03944396972656
2001-11-12,112.02999877929688,71.59841918945312
2001-11-13,114.55000305175781,73.20895385742188
2001-11-14,114.66000366210938,73.279296875
2001-11-15,114.87000274658203,73.41352081298828
2001-11-16,114.36000061035156,73.08750915527344
2001-11-19,115.7699966430664,73.98870849609375
2001-11-20,114.80000305175781,73.36874389648438
2001-11-21,114.04000091552734,72.88300323486328
2001-11-23,115.68000030517578,73.93118286132812
2001-11-26,115.93000030517578,74.09095001220703
2001-11-27,115.43000030517578,73.77137756347656
2001-11-28,113.33999633789062,72.43566131591797
2001-11-29,114.87000274658203,73.41352081298828
2001-11-30,114.05000305175781,72.88943481445312
2001-12-03,113.37000274658203,72.45482635498047
2001-12-04,115.29000091552734,73.68196105957031
2001-12-05,117.4000015258789,75.03042602539062
2001-12-06,117.33999633789062,74.9920425415039
2001-12-07,116.55999755859375,74.49357604980469
2001-12-10,114.37999725341797,73.100341796875
2001-12-11,114.1500015258789,72.9533462524414
2001-12-12,114.27999877929688,73.03642272949219
2001-12-13,112.05999755859375,71.61759185791016
2001-12-14,113.12999725341797,72.30147552490234
2001-12-17,114.30000305175781,73.0491943359375
2001-12-18,114.9800033569336,73.48383331298828
2001-12-19,115.79000091552734,74.00147247314453
2001-12-20,114.6500015258789,73.27290344238281
2001-12-21,114.94999694824219,73.71731567382812
2001-12-24,114.7300033569336,73.57622528076172
2001-12-26,115.36000061035156,73.98025512695312
2001-12-27,116.05999755859375,74.42915344238281
2001-12-28,116.0,74.39068603515625
2001-12-31,114.30000305175781,73.30047607421875
2002-01-02,115.52999877929688,74.08927154541016
2002-01-03,116.83999633789062,74.92935180664062
2002-01-04,117.62000274658203,75.42960357666016
2002-01-07,116.79000091552734,74.89728546142578
2002-01-08,116.5199966430664,74.72411346435547
2002-01-09,115.56999969482422,74.11491394042969
2002-01-10,116.08000183105469,74.44200134277344
2002-01-11,114.94000244140625,73.71089935302734
2002-01-14,114.22000122070312,73.2491683959961
2002-01-15,115.1500015258789,73.84557342529297
2002-01-16,112.81999969482422,72.35136413574219
2002-01-17,113.66999816894531,72.89643859863281
2002-01-18,113.1500015258789,72.56295776367188
2002-01-22,112.37000274658203,72.0627670288086
2002-01-23,113.2300033569336,72.6142807006836
2002-01-24,113.58000183105469,72.8387451171875
2002-01-25,113.55000305175781,72.8194808959961
2002-01-28,113.86000061035156,73.0182876586914
2002-01-29,110.27999877929688,70.72240447998047
2002-01-30,111.87000274658203,71.74207305908203
2002-01-31,113.18000030517578,72.58219909667969
2002-02-01,112.6500015258789,72.24231719970703
2002-02-04,109.8499984741211,70.44666290283203
2002-02-05,109.16999816894531,70.0105972290039
2002-02-06,108.69999694824219,69.70921325683594
2002-02-07,108.0199966430664,69.27310180664062
2002-02-08,110.08999633789062,70.6005859375
2002-02-11,111.44000244140625,71.46635437011719
2002-02-12,111.08999633789062,71.24188995361328
2002-02-13,112.2699966430664,71.9986572265625
2002-02-14,112.05999755859375,71.86396789550781
2002-02-15,110.88999938964844,71.11360168457031
2002-02-19,108.76000213623047,69.7476577758789
2002-02-20,110.58999633789062,70.9212875366211
2002-02-21,108.30000305175781,69.45269012451172
2002-02-22,109.63999938964844,70.3120346069336
2002-02-25,111.44999694824219,71.4727554321289
2002-02-26,111.22000122070312,71.32526397705078
2002-02-27,111.6500015258789,71.60102844238281
2002-02-28,111.1500015258789,71.28035736083984
2002-03-01,113.73999786376953,72.94136810302734
2002-03-04,115.75,74.23033142089844
2002-03-05,115.37999725341797,73.99307250976562
2002-03-06,116.75,74.87166595458984
2002-03-07,116.5,74.71134185791016
2002-03-08,116.98999786376953,75.02556610107422
2002-03-11,117.23999786376953,75.1859130859375
2002-03-12,117.16999816894531,75.14099884033203
2002-03-13,116.04000091552734,74.4163589477539
2002-03-14,115.87999725341797,74.31371307373047
2002-03-15,116.6500015258789,75.02179718017578
2002-03-18,116.66999816894531,75.03468322753906
2002-03-19,117.44999694824219,75.53631591796875
2002-03-20,115.23999786376953,74.11497497558594
2002-03-21,115.29000091552734,74.14717864990234
2002-03-22,115.04000091552734,73.98638153076172
2002-03-25,113.61000061035156,73.06666564941406
2002-03-26,114.2699966430664,73.49113464355469
2002-03-27,114.56999969482422,73.68412017822266
2002-03-28,114.5199966430664,73.65192413330078
2002-04-01,114.56999969482422,73.68412017822266
2002-04-02,113.94000244140625,73.27889251708984
2002-04-03,113.13999938964844,72.7643814086914
2002-04-04,112.66999816894531,72.46212005615234
2002-04-05,112.69000244140625,72.47496032714844
2002-04-08,112.93000030517578,72.62932586669922
2002-04-09,112.13999938964844,72.12125396728516
2002-04-10,113.41000366210938,72.93803405761719
2002-04-11,110.58999633789062,71.12443542480469
2002-04-12,111.41999816894531,71.6582260131836
2002-04-15,110.56999969482422,71.11154174804688
2002-04-16,113.19999694824219,72.80296325683594
2002-04-17,112.95999908447266,72.6486587524414
2002-04-18,112.47000122070312,72.3335189819336
2002-04-19,112.87999725341797,72.59715270996094
2002-04-22,111.0,71.38809967041016
2002-04-23,110.5199966430664,71.07939910888672
2002-04-24,109.41000366210938,70.36552429199219
2002-04-25,109.47000122070312,70.404052734375
2002-04-26,107.38999938964844,69.06637573242188
2002-04-29,106.86000061035156,68.7254867553711
2002-04-30,107.86000061035156,69.36863708496094
2002-05-01,109.18000030517578,70.21756744384766
2002-05-02,108.76000213623047,69.94746398925781
2002-05-03,107.58000183105469,69.1885986328125
2002-05-06,105.47000122070312,67.83154296875
2002-05-07,105.0999984741211,67.59361267089844
2002-05-08,109.01000213623047,70.10822296142578
2002-05-09,107.75,69.29788970947266
2002-05-10,105.72000122070312,67.9923324584961
2002-05-13,107.87000274658203,69.37503814697266
2002-05-14,110.22000122070312,70.88646697998047
2002-05-15,109.79000091552734,70.60987854003906
2002-05-16,110.36000061035156,70.97649383544922
2002-05-17,110.9000015258789,71.32378387451172
2002-05-20,109.69999694824219,70.55200958251953
2002-05-21,108.69999694824219,69.9089126586914
2002-05-22,108.94000244140625,70.06324768066406
2002-05-23,110.0999984741211,70.80928039550781
2002-05-24,108.69000244140625,69.90243530273438
2002-05-28,108.0999984741211,69.52300262451172
2002-05-29,107.30000305175781,69.00849151611328
2002-05-30,107.0,68.8155288696289
2002-05-31,107.22000122070312,68.95703125
2002-06-03,104.37000274658203,67.12411499023438
2002-06-04,104.62999725341797,67.29131317138672
2002-06-05,105.61000061035156,67.92160034179688
2002-06-06,103.45999908447266,66.53883361816406
2002-06-07,103.33999633789062,66.461669921875
2002-06-10,103.73999786376953,66.71894836425781
2002-06-11,101.95999908447266,65.57415771484375
2002-06-12,102.58000183105469,65.97285461425781
2002-06-13,101.55000305175781,65.31044006347656
2002-06-14,101.4000015258789,65.21398162841797
2002-06-17,104.12000274658203,66.96331787109375
2002-06-18,104.97000122070312,67.50997924804688
2002-06-19,102.5199966430664,65.9343032836914
2002-06-20,101.20999908447266,65.09180450439453
2002-06-21,99.27999877929688,64.07398986816406
2002-06-24,99.80000305175781,64.40965270996094
2002-06-25,97.55999755859375,62.96394348144531
2002-06-26,97.72000122070312,63.067195892333984
2002-06-27,99.43000030517578,64.17082977294922
2002-06-28,98.95999908447266,63.867496490478516
2002-07-01,97.02999877929688,62.62190246582031
2002-07-02,94.97000122070312,61.29241180419922
2002-07-03,95.51000213623047,61.64091110229492
2002-07-05,99.30999755859375,64.09336853027344
2002-07-08,98.06999969482422,63.293087005615234
2002-07-09,95.5999984741211,61.6989631652832
2002-07-10,92.12000274658203,59.453033447265625
2002-07-11,92.87000274658203,59.93709945678711
2002-07-12,91.8499984741211,59.27876663208008
2002-07-15,92.33999633789062,59.59497833251953
2002-07-16,90.55999755859375,58.44623947143555
2002-07-17,90.73999786376953,58.5623893737793
2002-07-18,87.80000305175781,56.66496658325195
2002-07-19,84.70999908447266,54.67072296142578
2002-07-22,82.19999694824219,53.05079650878906
2002-07-23,79.94999694824219,51.59868621826172
2002-07-24,84.72000122070312,54.677181243896484
2002-07-25,84.0,54.21250534057617
2002-07-26,85.5999984741211,55.2451057434082
2002-07-29,89.7699966430664,57.93635940551758
2002-07-30,90.94000244140625,58.691505432128906
2002-07-31,91.16000366210938,58.83347702026367
2002-08-01,88.77999877929688,57.29744338989258
2002-08-02,86.79000091552734,56.013118743896484
2002-08-05,83.7699966430664,54.064056396484375
2002-08-06,86.58999633789062,55.88405227661133
2002-08-07,88.0999984741211,56.85857391357422
2002-08-08,90.94999694824219,58.69795608520508
2002-08-09,91.29000091552734,58.917388916015625
2002-08-12,90.62000274658203,58.4849739074707
2002-08-13,88.97000122070312,57.42007064819336
2002-08-14,92.22000122070312,59.5175895690918
2002-08-15,93.5,60.34366989135742
2002-08-16,93.22000122070312,60.162994384765625
2002-08-19,95.4000015258789,61.569915771484375
2002-08-20,94.38999938964844,60.91807174682617
2002-08-21,95.75,61.79580307006836
2002-08-22,96.68000030517578,62.3960075378418
2002-08-23,94.5999984741211,61.05361557006836
2002-08-26,95.26000213623047,61.47956466674805
2002-08-27,94.16000366210938,60.76963806152344
2002-08-28,92.0999984741211,59.44015121459961
2002-08-29,92.13999938964844,59.46592712402344
2002-08-30,91.77999877929688,59.23360824584961
2002-09-03,88.27999877929688,56.9747428894043
2002-09-04,89.54000091552734,57.78795623779297
2002-09-05,88.77999877929688,57.29744338989258
2002-09-06,90.0,58.0848274230957
2002-09-09,90.66000366210938,58.510765075683594
2002-09-10,91.69999694824219,59.181983947753906
2002-09-11,91.12999725341797,58.81411361694336
2002-09-12,89.44999694824219,57.72985076904297
2002-09-13,89.66999816894531,57.87186813354492
2002-09-16,89.88999938964844,58.01383972167969
2002-09-17,87.83000183105469,56.684356689453125
2002-09-18,86.94999694824219,56.11640167236328
2002-09-19,84.69999694824219,54.664276123046875
2002-09-20,84.3499984741211,54.68242263793945
2002-09-23,83.66000366210938,54.23511505126953
2002-09-24,82.30999755859375,53.359954833984375
2002-09-25,84.3499984741211,54.68242263793945
2002-09-26,85.7300033569336,55.57704544067383
2002-09-27,82.75,53.64519500732422
2002-09-30,81.79000091552734,53.0228271484375
2002-10-01,85.72000122070312,55.57060623168945
2002-10-02,83.1500015258789,53.904483795166016
2002-10-03,82.30999755859375,53.359954833984375
2002-10-04,80.80000305175781,52.381038665771484
2002-10-07,79.12999725341797,51.29841613769531
2002-10-08,80.37000274658203,52.10227966308594
2002-10-09,78.0999984741211,50.63068389892578
2002-10-10,80.62999725341797,52.27082824707031
2002-10-11,84.16000366210938,54.55926513671875
2002-10-14,84.62999725341797,54.863929748535156
2002-10-15,88.69999694824219,57.50246810913086
2002-10-16,86.55000305175781,56.1086540222168
2002-10-17,88.2699966430664,57.223670959472656
2002-10-18,88.63999938964844,57.46354293823242
2002-10-21,90.16999816894531,58.45541000366211
2002-10-22,89.5199966430664,58.03403091430664
2002-10-23,90.19999694824219,58.47486877441406
2002-10-24,88.36000061035156,57.28200912475586
2002-10-25,90.19999694824219,58.47486877441406
2002-10-28,89.61000061035156,58.092376708984375
2002-10-29,88.56999969482422,57.41816711425781
2002-10-30,89.43000030517578,57.975685119628906
2002-10-31,88.5199966430664,57.385765075683594
2002-11-01,90.2699966430664,58.5202522277832
2002-11-04,91.12999725341797,59.07776641845703
2002-11-05,91.8499984741211,59.54452133178711
2002-11-06,93.04000091552734,60.31597137451172
2002-11-07,90.76000213623047,58.837913513183594
2002-11-08,89.6500015258789,58.1182975769043
2002-11-11,88.26000213623047,57.21720886230469
2002-11-12,88.95999908447266,57.67097854614258
2002-11-13,89.05000305175781,57.729339599609375
2002-11-14,90.7300033569336,58.81845474243164
2002-11-15,91.4000015258789,59.25282287597656
2002-11-18,90.4800033569336,58.6563720703125
2002-11-19,90.36000061035156,58.57859420776367
2002-11-20,92.37000274658203,59.88163757324219
2002-11-21,94.08999633789062,60.99667739868164
2002-11-22,93.41999816894531,60.56232452392578
2002-11-25,93.4800033569336,60.6012077331543
2002-11-26,91.69999694824219,59.44728469848633
2002-11-27,94.27999877929688,61.11984634399414
2002-11-29,93.9800033569336,60.92534637451172
2002-12-02,94.12999725341797,61.02259063720703
2002-12-03,92.87000274658203,60.20577621459961
2002-12-04,92.44999694824219,59.933502197265625
2002-12-05,91.43000030517578,59.272247314453125
2002-12-06,92.02999877929688,59.66118621826172
2002-12-09,89.5,58.021060943603516
2002-12-10,90.69999694824219,58.79901123046875
2002-12-11,90.77999877929688,58.85084915161133
2002-12-12,90.7699966430664,58.844398498535156
2002-12-13,89.33999633789062,57.91733169555664
2002-12-16,91.6500015258789,59.414894104003906
2002-12-17,90.8499984741211,58.896240234375
2002-12-18,89.80000305175781,58.215545654296875
2002-12-19,89.16000366210938,57.80068588256836
2002-12-20,89.98999786376953,58.625431060791016
2002-12-23,90.0199966430664,58.64496994018555
2002-12-24,89.3499984741211,58.208465576171875
2002-12-26,89.38999938964844,58.23454284667969
2002-12-27,87.37999725341797,56.925071716308594
2002-12-30,88.11000061035156,57.40066146850586
2002-12-31,88.2300033569336,57.47880554199219
2003-01-02,91.06999969482422,59.32899475097656
2003-01-03,91.3499984741211,59.511390686035156
2003-01-06,92.95999908447266,60.56025314331055
2003-01-07,92.7300033569336,60.41041564941406
2003-01-08,91.38999938964844,59.53744125366211
2003-01-09,92.80999755859375,60.4625358581543
2003-01-10,93.05999755859375,60.62542724609375
2003-01-13,93.02999877929688,60.605892181396484
2003-01-14,93.33000183105469,60.801326751708984
2003-01-15,92.4000015258789,60.1954231262207
2003-01-16,92.0199966430664,59.947879791259766
2003-01-17,90.66000366210938,59.061893463134766
2003-01-21,89.25,58.14332580566406
2003-01-22,88.16999816894531,57.439727783203125
2003-01-23,88.70999908447266,57.791526794433594
2003-01-24,86.37999725341797,56.27361297607422
2003-01-27,85.19999694824219,55.5048942565918
2003-01-28,85.83000183105469,55.91533279418945
2003-01-29,86.4800033569336,56.33876037597656
2003-01-30,84.43000030517578,55.00327682495117
2003-01-31,86.05999755859375,56.06513977050781
2003-02-03,86.2300033569336,56.17591857910156
2003-02-04,85.37999725341797,55.62213897705078
2003-02-05,84.8499984741211,55.2768669128418
2003-02-06,84.44999694824219,55.01629638671875
2003-02-07,83.41999816894531,54.34528732299805
2003-02-10,84.01000213623047,54.72963333129883
2003-02-11,83.43000030517578,54.35178756713867
2003-02-12,82.0999984741211,53.48534393310547
2003-02-13,82.3499984741211,53.64821243286133
2003-02-14,84.1500015258789,54.82084274291992
2003-02-18,85.62999725341797,55.784996032714844
2003-02-19,85.18000030517578,55.49183654785156
2003-02-20,84.33000183105469,54.9381217956543
2003-02-21,85.18000030517578,55.49183654785156
2003-02-24,83.80000305175781,54.59280776977539
2003-02-25,84.47000122070312,55.02934265136719
2003-02-26,83.23999786376953,54.228031158447266
2003-02-27,84.33999633789062,54.94462966918945
2003-02-28,84.9000015258789,55.309452056884766
2003-03-03,84.08999633789062,54.78175735473633
2003-03-04,82.75,53.908809661865234
2003-03-05,83.44999694824219,54.364830017089844
2003-03-06,82.75,53.908809661865234
2003-03-07,83.31999969482422,54.280155181884766
2003-03-10,81.31999969482422,52.977203369140625
2003-03-11,80.5199966430664,52.45601272583008
2003-03-12,81.05999755859375,52.807823181152344
2003-03-13,83.86000061035156,54.63190841674805
2003-03-14,84.12999725341797,54.807777404785156
2003-03-17,86.77999877929688,56.53418731689453
2003-03-18,87.29000091552734,56.86647415161133
2003-03-19,87.95999908447266,57.302947998046875
2003-03-20,88.1500015258789,57.42670440673828
2003-03-21,89.66999816894531,58.65247344970703
2003-03-24,86.69000244140625,56.703311920166016
2003-03-25,87.5199966430664,57.24617004394531
2003-03-26,87.08000183105469,56.95839309692383
2003-03-27,87.1500015258789,57.00419616699219
2003-03-28,86.70999908447266,56.71642303466797
2003-03-31,84.73999786376953,55.42778396606445
2003-04-01,86.04000091552734,56.27812576293945
2003-04-02,88.12000274658203,57.63863754272461
2003-04-03,87.69999694824219,57.363929748535156
2003-04-04,88.22000122070312,57.70405197143555
2003-04-07,88.05000305175781,57.59284210205078
2003-04-08,88.19000244140625,57.684410095214844
2003-04-09,87.02999877929688,56.925682067871094
2003-04-10,87.51000213623047,57.239654541015625
2003-04-11,87.1500015258789,57.00419616699219
2003-04-14,88.94999694824219,58.18155288696289
2003-04-15,89.77999877929688,58.72443389892578
2003-04-16,88.25,57.723670959472656
2003-04-17,89.55999755859375,58.580501556396484
2003-04-21,89.6500015258789,58.63938903808594
2003-04-22,91.33999633789062,59.744808197021484
2003-04-23,92.18000030517578,60.29424285888672
2003-04-24,91.36000061035156,59.75790786743164
2003-04-25,90.2300033569336,59.01879119873047
2003-04-28,91.79000091552734,60.0391731262207
2003-04-29,92.11000061035156,60.24846267700195
2003-04-30,91.91000366210938,60.117637634277344
2003-05-01,91.9000015258789,60.111106872558594
2003-05-02,93.20999908447266,60.967979431152344
2003-05-05,93.02999877929688,60.85025405883789
2003-05-06,93.91000366210938,61.425811767578125
2003-05-07,93.38999938964844,61.08574295043945
2003-05-08,92.44999694824219,60.470863342285156
2003-05-09,93.7300033569336,61.308101654052734
2003-05-12,94.87999725341797,62.06027603149414
2003-05-13,94.70999908447266,61.9491081237793
2003-05-14,94.51000213623047,61.81829833984375
2003-05-15,95.11000061035156,62.210750579833984
2003-05-16,94.87000274658203,62.05375289916992
2003-05-19,92.6500015258789,60.601707458496094
2003-05-20,92.45999908447266,60.47740936279297
2003-05-21,92.6500015258789,60.601707458496094
2003-05-22,93.56999969482422,61.20343780517578
2003-05-23,93.76000213623047,61.32771682739258
2003-05-27,95.4000015258789,62.40041732788086
2003-05-28,95.66999816894531,62.577049255371094
2003-05-29,95.41999816894531,62.41350555419922
2003-05-30,96.94999694824219,63.41428756713867
2003-06-02,97.3499984741211,63.675899505615234
2003-06-03,97.75,63.93751525878906
2003-06-04,99.16000366210938,64.85982513427734
2003-06-05,99.6500015258789,65.18033599853516
2003-06-06,99.26000213623047,64.92523956298828
2003-06-09,98.25,64.26459503173828
2003-06-10,99.25,64.91868591308594
2003-06-11,100.30000305175781,65.60552978515625
2003-06-12,100.61000061035156,65.80824279785156
2003-06-13,99.55999755859375,65.12144470214844
2003-06-16,101.66000366210938,66.49502563476562
2003-06-17,101.66000366210938,66.49502563476562
2003-06-18,101.56999969482422,66.43616485595703
2003-06-19,100.0199966430664,65.42231750488281
2003-06-20,99.44000244140625,65.27789306640625
2003-06-23,98.41999816894531,64.60835266113281
2003-06-24,98.5199966430664,64.67398834228516
2003-06-25,97.52999877929688,64.02410125732422
2003-06-26,98.80000305175781,64.8577880859375
2003-06-27,97.66000366210938,64.10942077636719
2003-06-30,97.62999725341797,64.08979034423828
2003-07-01,98.52999877929688,64.68054962158203
2003-07-02,99.7699966430664,65.49454498291016
2003-07-03,98.73999786376953,64.81841278076172
2003-07-07,100.69999694824219,66.10502624511719
2003-07-08,101.1500015258789,66.40045928955078
2003-07-09,100.58000183105469,66.02630615234375
2003-07-10,99.30000305175781,65.1860122680664
2003-07-11,100.23999786376953,65.8030776977539
2003-07-14,100.7300033569336,66.124755859375
2003-07-15,100.51000213623047,65.98033142089844
2003-07-16,99.91999816894531,65.59303283691406
2003-07-17,98.5,64.66085052490234
2003-07-18,99.51000213623047,65.3238754272461
2003-07-21,98.27999877929688,64.51643371582031
2003-07-22,99.16999816894531,65.10069274902344
2003-07-23,99.23999786376953,65.14664459228516
2003-07-24,98.48999786376953,64.65430450439453
2003-07-25,100.2300033569336,65.79650115966797
2003-07-28,99.86000061035156,65.55362701416016
2003-07-29,99.4000015258789,65.25165557861328
2003-07-30,99.16000366210938,65.0941162109375
2003-07-31,99.38999938964844,65.24510955810547
2003-08-01,98.51000213623047,64.66741180419922
2003-08-04,98.51000213623047,64.66741180419922
2003-08-05,96.41999816894531,63.29540252685547
2003-08-06,96.9800033569336,63.66304397583008
2003-08-07,98.0,64.3326187133789
2003-08-08,98.27999877929688,64.51643371582031
2003-08-11,98.6500015258789,64.75933837890625
2003-08-12,99.55000305175781,65.35011291503906
2003-08-13,99.04000091552734,65.01535034179688
2003-08-14,99.30999755859375,65.19257354736328
2003-08-15,99.62000274658203,65.39607238769531
2003-08-18,100.4800033569336,65.96063995361328
2003-08-19,100.86000061035156,66.2100830078125
2003-08-20,100.44999694824219,65.94095611572266
2003-08-21,100.7699966430664,66.15099334716797
2003-08-22,99.7699966430664,65.49454498291016
2003-08-25,99.93000030517578,65.59957122802734
2003-08-26,100.11000061035156,65.71775817871094
2003-08-27,100.13999938964844,65.7374496459961
2003-08-28,100.76000213623047,66.14445495605469
2003-08-29,101.44000244140625,66.59082794189453
2003-09-02,102.80000305175781,67.4836196899414
2003-09-03,103.36000061035156,67.8511962890625
2003-09-04,103.41000366210938,67.8840560913086
2003-09-05,102.83000183105469,67.5033187866211
2003-09-08,103.68000030517578,68.061279296875
2003-09-09,103.0,67.61492919921875
2003-09-10,101.95999908447266,66.93217468261719
2003-09-11,102.26000213623047,67.1291275024414
2003-09-12,102.44999694824219,67.25384521484375
2003-09-15,102.08999633789062,67.01750946044922
2003-09-16,103.58000183105469,67.99565124511719
2003-09-17,103.37999725341797,67.86437225341797
2003-09-18,104.5999984741211,68.66522216796875
2003-09-19,103.66999816894531,68.31598663330078
2003-09-22,102.55000305175781,67.57792663574219
2003-09-23,102.94000244140625,67.83488464355469
2003-09-24,101.11000061035156,66.6290054321289
2003-09-25,100.27999877929688,66.0820541381836
2003-09-26,99.94999694824219,65.86454772949219
2003-09-29,100.93000030517578,66.51036834716797
2003-09-30,99.94999694824219,65.86454772949219
2003-10-01,102.08000183105469,67.26819610595703
2003-10-02,102.44999694824219,67.51201629638672
2003-10-03,103.38999938964844,68.13146209716797
2003-10-06,103.86000061035156,68.4411849975586
2003-10-07,104.26000213623047,68.70478057861328
2003-10-08,104.0,68.53343200683594
2003-10-09,104.27999877929688,68.71797180175781
2003-10-10,104.56999969482422,68.90906524658203
2003-10-13,104.9000015258789,69.12651062011719
2003-10-14,105.2699966430664,69.37033081054688
2003-10-15,104.98999786376953,69.18582153320312
2003-10-16,105.41000366210938,69.46259307861328
2003-10-17,104.26000213623047,68.70478057861328
2003-10-20,105.04000091552734,69.2187728881836
2003-10-21,104.86000061035156,69.10018920898438
2003-10-22,103.54000091552734,68.23031616210938
2003-10-23,103.3499984741211,68.1051025390625
2003-10-24,103.58000183105469,68.25666809082031
2003-10-27,103.62999725341797,68.28961181640625
2003-10-28,105.04000091552734,69.2187728881836
2003-10-29,105.18000030517578,69.3110122680664
2003-10-30,105.4000015258789,69.45598602294922
2003-10-31,105.30000305175781,69.39012145996094
2003-11-03,105.98999786376953,69.84478759765625
2003-11-04,105.76000213623047,69.69322204589844
2003-11-05,105.83999633789062,69.74596405029297
2003-11-06,106.4000015258789,70.1149673461914
2003-11-07,105.61000061035156,69.59440612792969
2003-11-10,105.18000030517578,69.3110122680664
2003-11-11,105.1500015258789,69.29125213623047
2003-11-12,106.33000183105469,70.06884002685547
2003-11-13,106.36000061035156,70.08861541748047
2003-11-14,105.45999908447266,69.49552917480469
2003-11-17,104.93000030517578,69.14628601074219
2003-11-18,103.83999633789062,68.42799377441406
2003-11-19,104.72000122070312,69.00788879394531
2003-11-20,103.77999877929688,68.3884506225586
2003-11-21,104.20999908447266,68.67181396484375
2003-11-24,105.58999633789062,69.58118438720703
2003-11-25,105.98999786376953,69.84478759765625
2003-11-26,106.37000274658203,70.0951919555664
2003-11-28,106.44999694824219,70.14794158935547
2003-12-01,107.5999984741211,70.90573120117188
2003-12-02,107.33000183105469,70.72785186767578
2003-12-03,107.16000366210938,70.61578369140625
2003-12-04,107.5999984741211,70.90573120117188
2003-12-05,106.8499984741211,70.41152954101562
2003-12-08,107.56999969482422,70.88597869873047
2003-12-09,106.73999786376953,70.33901977539062
2003-12-10,106.7300033569336,70.33243560791016
2003-12-11,107.93000030517578,71.12322998046875
2003-12-12,108.13999938964844,71.2615966796875
2003-12-15,107.5999984741211,70.90573120117188
2003-12-16,108.16000366210938,71.2747802734375
2003-12-17,108.5,71.49880981445312
2003-12-18,109.72000122070312,72.30276489257812
2003-12-19,108.9000015258789,72.10150909423828
2003-12-22,109.66000366210938,72.60466766357422
2003-12-23,109.7300033569336,72.65105438232422
2003-12-24,109.62000274658203,72.57821655273438
2003-12-26,109.69999694824219,72.63114166259766
2003-12-29,111.16000366210938,73.59783172607422
2003-12-30,111.18000030517578,73.61107635498047
2003-12-31,111.27999877929688,73.6772689819336
2004-01-02,111.2300033569336,73.6441879272461
2004-01-05,112.44000244140625,74.44529724121094
2004-01-06,112.55000305175781,74.51812744140625
2004-01-07,112.93000030517578,74.76972198486328
2004-01-08,113.37999725341797,75.0676498413086
2004-01-09,112.38999938964844,74.41217041015625
2004-01-12,113.22000122070312,74.96172332763672
2004-01-13,112.55999755859375,74.52471923828125
2004-01-14,113.5,75.1470947265625
2004-01-15,113.77999877929688,75.33250427246094
2004-01-16,114.2300033569336,75.63043975830078
2004-01-20,114.19999694824219,75.6105728149414
2004-01-21,115.0999984741211,76.20647430419922
2004-01-22,114.80000305175781,76.00779724121094
2004-01-23,114.43000030517578,75.76286315917969
2004-01-26,115.87000274658203,76.71627807617188
2004-01-27,114.68000030517578,75.92835998535156
2004-01-28,113.37000274658203,75.06103515625
2004-01-29,113.4800033569336,75.13386535644531
2004-01-30,113.4800033569336,75.13386535644531
2004-02-02,113.97000122070312,75.45829010009766
2004-02-03,113.77999877929688,75.33250427246094
2004-02-04,112.8499984741211,74.71674346923828
2004-02-05,113.18000030517578,74.93524932861328
2004-02-06,114.44999694824219,75.77609252929688
2004-02-09,114.4800033569336,75.79594421386719
2004-02-10,114.8499984741211,76.04093170166016
2004-02-11,116.06999969482422,76.84867095947266
2004-02-12,115.6500015258789,76.57062530517578
2004-02-13,115.12999725341797,76.2262954711914
2004-02-17,116.16999816894531,76.91486358642578
2004-02-18,115.66000366210938,76.57725524902344
2004-02-19,115.2300033569336,76.29252624511719
2004-02-20,114.87999725341797,76.06075286865234
2004-02-23,114.58999633789062,75.86875915527344
2004-02-24,114.38999938964844,75.73635864257812
2004-02-25,114.87000274658203,76.05416107177734
2004-02-26,114.94000244140625,76.10045623779297
2004-02-27,115.0199966430664,76.15349578857422
2004-03-01,116.16000366210938,76.90826416015625
2004-03-02,115.4800033569336,76.4580307006836
2004-03-03,115.69000244140625,76.59707641601562
2004-03-04,115.98999786376953,76.79570007324219
2004-03-05,116.37999725341797,77.05390930175781
2004-03-08,114.95999908447266,76.1137466430664
2004-03-09,114.5,75.80921936035156
2004-03-10,112.58000183105469,74.53797149658203
2004-03-11,111.12000274658203,73.57133483886719
2004-03-12,112.58000183105469,74.53797149658203
2004-03-15,111.19999694824219,73.62431335449219
2004-03-16,111.79000091552734,74.01490783691406
2004-03-17,113.04000091552734,74.84257507324219
2004-03-18,113.06999969482422,74.8624038696289
2004-03-19,111.05999755859375,73.7894058227539
2004-03-22,109.6500015258789,72.85259246826172
2004-03-23,109.45999908447266,72.72633361816406
2004-03-24,109.55000305175781,72.7861328125
2004-03-25,111.0,73.74950408935547
2004-03-26,111.02999877929688,73.76947021484375
2004-03-29,112.58999633789062,74.8059310913086
2004-03-30,112.97000122070312,75.05842590332031
2004-03-31,113.0999984741211,75.14476776123047
2004-04-01,113.77999877929688,75.59661865234375
2004-04-02,114.63999938964844,76.16798400878906
2004-04-05,115.2699966430664,76.58656311035156
2004-04-06,114.9000015258789,76.34073638916016
2004-04-07,114.62999725341797,76.16130828857422
2004-04-08,114.37000274658203,75.98860168457031
2004-04-12,114.81999969482422,76.28760528564453
2004-04-13,113.20999908447266,75.2178955078125
2004-04-14,113.38999938964844,75.33745574951172
2004-04-15,112.95999908447266,75.05180358886719
2004-04-16,113.83000183105469,75.62979888916016
2004-04-19,113.83000183105469,75.62979888916016
2004-04-20,111.91999816894531,74.36077880859375
2004-04-21,112.66999816894531,74.85908508300781
2004-04-22,114.25,75.90888977050781
2004-04-23,114.36000061035156,75.98194885253906
2004-04-26,114.19999694824219,75.8756103515625
2004-04-27,114.30000305175781,75.94209289550781
2004-04-28,112.81999969482422,74.95874786376953
2004-04-29,111.83000183105469,74.30098724365234
2004-04-30,110.95999908447266,73.72294616699219
2004-05-03,112.1500015258789,74.51358795166016
2004-05-04,112.05999755859375,74.45379638671875
2004-05-05,112.77999877929688,74.93217468261719
2004-05-06,111.80999755859375,74.28768920898438
2004-05-07,109.95999908447266,73.05854797363281
2004-05-10,108.83000183105469,72.30774688720703
2004-05-11,109.75,72.91901397705078
2004-05-12,110.44999694824219,73.38411712646484
2004-05-13,109.98999786376953,73.07847595214844
2004-05-14,110.04000091552734,73.1116714477539
2004-05-17,109.0999984741211,72.48715209960938
2004-05-18,109.6500015258789,72.85259246826172
2004-05-19,109.2699966430664,72.60010528564453
2004-05-20,109.62000274658203,72.8326416015625
2004-05-21,109.80999755859375,72.9588851928711
2004-05-24,110.2699966430664,73.26451873779297
2004-05-25,111.8499984741211,74.31429290771484
2004-05-26,112.23999786376953,74.5733642578125
2004-05-27,112.87000274658203,74.99198913574219
2004-05-28,112.86000061035156,74.98535919189453
2004-06-01,112.70999908447266,74.88569641113281
2004-06-02,113.12999725341797,75.16470336914062
2004-06-03,112.08999633789062,74.4737319946289
2004-06-04,112.9800033569336,75.06505584716797
2004-06-07,114.69999694824219,76.2078628540039
2004-06-08,114.86000061035156,76.31415557861328
2004-06-09,113.79000091552734,75.60324096679688
2004-06-10,114.3499984741211,75.97532653808594
2004-06-14,113.22000122070312,75.22453308105469
2004-06-15,114.0199966430664,75.75601959228516
2004-06-16,114.0,75.74275970458984
2004-06-17,113.83000183105469,75.62979888916016
2004-06-18,113.62999725341797,75.77253723144531
2004-06-21,113.19999694824219,75.48575592041016
2004-06-22,113.7699966430664,75.86582946777344
2004-06-23,114.75,76.51935577392578
2004-06-24,114.38999938964844,76.2792739868164
2004-06-25,113.83999633789062,75.91252899169922
2004-06-28,113.44999694824219,75.65249633789062
2004-06-29,113.91999816894531,75.96588134765625
2004-06-30,114.52999877929688,76.37262725830078
2004-07-01,112.94000244140625,75.3124008178711
2004-07-02,112.87999725341797,75.27238464355469
2004-07-06,111.88999938964844,74.6122055053711
2004-07-07,112.22000122070312,74.8322982788086
2004-07-08,111.44000244140625,74.31216430664062
2004-07-09,111.7300033569336,74.50553894042969
2004-07-12,111.77999877929688,74.53887939453125
2004-07-13,111.86000061035156,74.59220886230469
2004-07-14,111.5199966430664,74.36548614501953
2004-07-15,110.80000305175781,73.88533782958984
2004-07-16,110.70999908447266,73.8253402709961
2004-07-19,110.23999786376953,73.51190185546875
2004-07-20,111.63999938964844,74.44549560546875
2004-07-21,109.58000183105469,73.07181549072266
2004-07-22,109.87999725341797,73.27186584472656
2004-07-23,108.95999908447266,72.65836334228516
2004-07-26,108.75,72.51837158203125
2004-07-27,109.7699966430664,73.19853973388672
2004-07-28,110.0999984741211,73.41857147216797
2004-07-29,110.56999969482422,73.73199462890625
2004-07-30,110.83999633789062,73.91204833984375
2004-08-02,111.06999969482422,74.06536865234375
2004-08-03,110.20999908447266,73.49193572998047
2004-08-04,110.19999694824219,73.48527526855469
2004-08-05,108.4000015258789,72.28495788574219
2004-08-06,106.8499984741211,71.25138092041016
2004-08-09,107.0,71.35139465332031
2004-08-10,108.37999725341797,72.2716293334961
2004-08-11,108.16000366210938,72.12493133544922
2004-08-12,106.9800033569336,71.33805847167969
2004-08-13,107.19000244140625,71.47807312011719
2004-08-16,108.30000305175781,72.21829986572266
2004-08-17,108.91000366210938,72.62506103515625
2004-08-18,110.02999877929688,73.37188720703125
2004-08-19,109.70999908447266,73.15851593017578
2004-08-20,110.4800033569336,73.6719970703125
2004-08-23,110.19999694824219,73.48527526855469
2004-08-24,110.3499984741211,73.58528900146484
2004-08-25,111.0999984741211,74.08541870117188
2004-08-26,111.0999984741211,74.08541870117188
2004-08-27,111.44999694824219,74.31880187988281
2004-08-30,110.52999877929688,73.70530700683594
2004-08-31,111.11000061035156,74.09207916259766
2004-09-01,111.31999969482422,74.23213195800781
2004-09-02,112.58000183105469,75.07228088378906
2004-09-03,112.12000274658203,74.76557922363281
2004-09-07,112.86000061035156,75.2590560913086
2004-09-08,112.58000183105469,75.07228088378906
2004-09-09,112.4800033569336,75.00564575195312
2004-09-10,113.05999755859375,75.39240264892578
2004-09-13,113.43000030517578,75.63916015625
2004-09-14,113.66000366210938,75.79253387451172
2004-09-15,112.80000305175781,75.21903991699219
2004-09-16,113.13999938964844,75.44579315185547
2004-09-17,113.1500015258789,75.76652526855469
2004-09-20,112.47000122070312,75.31116485595703
2004-09-21,112.95999908447266,75.6393051147461
2004-09-22,111.55000305175781,74.69512176513672
2004-09-23,110.94999694824219,74.29336547851562
2004-09-24,111.45999908447266,74.63488006591797
2004-09-27,110.75,74.15946197509766
2004-09-28,111.27999877929688,74.51435089111328
2004-09-29,111.83999633789062,74.8893051147461
2004-09-30,111.76000213623047,74.83576965332031
2004-10-01,113.6500015258789,76.101318359375
2004-10-04,113.83999633789062,76.2285385131836
2004-10-05,113.9000015258789,76.26870727539062
2004-10-06,114.68000030517578,76.79103088378906
2004-10-07,113.44999694824219,75.96739959716797
2004-10-08,112.51000213623047,75.33798217773438
2004-10-11,112.97000122070312,75.64596557617188
2004-10-12,112.52999877929688,75.35135650634766
2004-10-13,111.54000091552734,74.68841552734375
2004-10-14,110.63999938964844,74.08577728271484
2004-10-15,111.26000213623047,74.50093841552734
2004-10-18,111.68000030517578,74.78218078613281
2004-10-19,110.73999786376953,74.15276336669922
2004-10-20,110.5199966430664,74.00540161132812
2004-10-21,111.23999786376953,74.48755645751953
2004-10-22,109.98999786376953,73.65055084228516
2004-10-25,109.86000061035156,73.56350708007812
2004-10-26,111.54000091552734,74.68841552734375
2004-10-27,112.87999725341797,75.58572387695312
2004-10-28,113.22000122070312,75.81336975097656
2004-10-29,113.19999694824219,75.79995727539062
2004-11-01,113.51000213623047,76.00755310058594
2004-11-02,113.55000305175781,76.03435516357422
2004-11-03,114.9800033569336,76.99188232421875
2004-11-04,116.55000305175781,78.04320526123047
2004-11-05,117.27999877929688,78.53199005126953
2004-11-08,117.11000061035156,78.41819763183594
2004-11-09,116.87999725341797,78.26416778564453
2004-11-10,116.97000122070312,78.32442474365234
2004-11-11,117.86000061035156,78.92037963867188
2004-11-12,118.79000091552734,79.54309844970703
2004-11-15,118.7300033569336,79.73857879638672
2004-11-16,117.87999725341797,79.16768646240234
2004-11-17,118.58000183105469,79.63780975341797
2004-11-18,118.73999786376953,79.74522399902344
2004-11-19,117.41999816894531,78.85874938964844
2004-11-22,117.9800033569336,79.23485565185547
2004-11-23,118.16000366210938,79.35575866699219
2004-11-24,118.44000244140625,79.5438003540039
2004-11-26,118.3499984741211,79.4832992553711
2004-11-29,117.80999755859375,79.12066650390625
2004-11-30,117.88999938964844,79.17440032958984
2004-12-01,119.2300033569336,80.0743408203125
2004-12-02,119.33000183105469,80.14149475097656
2004-12-03,119.25,80.0877685546875
2004-12-06,119.20999908447266,80.06090545654297
2004-12-07,118.0999984741211,79.31546020507812
2004-12-08,118.79000091552734,79.77882385253906
2004-12-09,119.20999908447266,80.06090545654297
2004-12-10,119.33000183105469,80.14149475097656
2004-12-13,120.37000274658203,80.83995056152344
2004-12-14,120.79000091552734,81.12203216552734
2004-12-15,120.87999725341797,81.18245697021484
2004-12-16,120.80999755859375,81.13542938232422
2004-12-17,119.44000244140625,80.59432220458984
2004-12-20,119.47000122070312,80.61455535888672
2004-12-21,120.38999938964844,81.23534393310547
2004-12-22,120.68000030517578,81.4310073852539
2004-12-23,120.7699966430664,81.49171447753906
2004-12-27,120.5199966430664,81.32305908203125
2004-12-28,121.18000030517578,81.76837921142578
2004-12-29,121.36000061035156,81.88986206054688
2004-12-30,121.12999725341797,81.73462677001953
2004-12-31,120.87000274658203,81.55924987792969
2005-01-03,120.30000305175781,81.17464447021484
2005-01-04,118.83000183105469,80.18267059326172
2005-01-05,118.01000213623047,79.6293716430664
2005-01-06,118.61000061035156,80.03424835205078
2005-01-07,118.44000244140625,79.91951751708984
2005-01-10,119.0,80.29740905761719
2005-01-11,118.18000030517578,79.74407196044922
2005-01-12,118.56999969482422,80.00725555419922
2005-01-13,117.62000274658203,79.36621856689453
2005-01-14,118.23999786376953,79.78461456298828
2005-01-18,119.47000122070312,80.61455535888672
2005-01-19,118.22000122070312,79.77108764648438
2005-01-20,117.5,79.28526306152344
2005-01-21,116.77999877929688,78.79943084716797
2005-01-24,116.55000305175781,78.6441879272461
2005-01-25,116.87999725341797,78.86692810058594
2005-01-26,117.2300033569336,79.1030502319336
2005-01-27,117.43000030517578,79.23802185058594
2005-01-28,117.43000030517578,79.23802185058594
2005-01-31,118.16000366210938,79.7305908203125
2005-02-01,118.91000366210938,80.23664093017578
2005-02-02,119.2699966430664,80.47957611083984
2005-02-03,118.95999908447266,80.27039337158203
2005-02-04,120.2300033569336,81.12737274169922
2005-02-07,120.06999969482422,81.0194091796875
2005-02-08,120.20999908447266,81.11383819580078
2005-02-09,119.30999755859375,80.5065689086914
2005-02-10,119.73999786376953,80.79671478271484
2005-02-11,120.7699966430664,81.49171447753906
2005-02-14,120.68000030517578,81.4310073852539
2005-02-15,121.12999725341797,81.73462677001953
2005-02-16,121.20999908447266,81.78864288330078
2005-02-17,120.2300033569336,81.12737274169922
2005-02-18,120.38999938964844,81.23534393310547
2005-02-22,118.5999984741211,80.0274658203125
2005-02-23,119.44999694824219,80.60108184814453
2005-02-24,120.23999786376953,81.13409423828125
2005-02-25,121.43000030517578,81.93710327148438
2005-02-28,120.62999725341797,81.39727783203125
2005-03-01,121.2300033569336,81.80215454101562
2005-03-02,121.16999816894531,81.76167297363281
2005-03-03,121.22000122070312,81.79537963867188
2005-03-04,122.7300033569336,82.81427001953125
2005-03-07,122.79000091552734,82.85478210449219
2005-03-08,122.33000183105469,82.54438781738281
2005-03-09,120.97000122070312,81.62669372558594
2005-03-10,121.23999786376953,81.80887603759766
2005-03-11,120.38999938964844,81.23534393310547
2005-03-14,121.13999938964844,81.74140930175781
2005-03-15,120.13999938964844,81.06663513183594
2005-03-16,119.12000274658203,80.37837982177734
2005-03-17,119.36000061035156,80.54029846191406
2005-03-18,118.54000091552734,80.30119323730469
2005-03-21,118.0999984741211,80.0031509399414
2005-03-22,116.9000015258789,79.19024658203125
2005-03-23,117.0,79.25799560546875
2005-03-24,117.13999938964844,79.35277557373047
2005-03-28,117.30999755859375,79.46795654296875
2005-03-29,116.52999877929688,78.9395751953125
2005-03-30,118.18000030517578,80.05729675292969
2005-03-31,117.95999908447266,79.90826416015625
2005-04-01,117.43000030517578,79.54927062988281
2005-04-04,117.62999725341797,79.68473815917969
2005-04-05,118.19000244140625,80.0640869140625
2005-04-06,118.5999984741211,80.34181213378906
2005-04-07,119.23999786376953,80.77538299560547
2005-04-08,118.0,79.9354019165039
2005-04-11,118.08999633789062,79.99632263183594
2005-04-12,118.69999694824219,80.40955352783203
2005-04-13,117.30000305175781,79.46121215820312
2005-04-14,115.7699966430664,78.42474365234375
2005-04-15,114.1500015258789,77.32732391357422
2005-04-18,114.5,77.56442260742188
2005-04-19,115.41000366210938,78.18090057373047
2005-04-20,113.80000305175781,77.09021759033203
2005-04-21,116.01000213623047,78.58731842041016
2005-04-22,115.56999969482422,78.28926086425781
2005-04-25,116.33000183105469,78.80408477783203
2005-04-26,115.19999694824219,78.03861236572266
2005-04-27,115.6500015258789,78.34346008300781
2005-04-28,114.19999694824219,77.36119842529297
2005-04-29,115.75,78.41123962402344
2005-05-02,116.4000015258789,78.85150909423828
2005-05-03,116.5999984741211,78.98701477050781
2005-05-04,117.5,79.59666442871094
2005-05-05,117.45999908447266,79.56958770751953
2005-05-06,117.08999633789062,79.31893920898438
2005-05-09,117.81999969482422,79.81343078613281
2005-05-10,116.5999984741211,78.98701477050781
2005-05-11,117.23999786376953,79.42053985595703
2005-05-12,115.94999694824219,78.54667663574219
2005-05-13,115.72000122070312,78.39087677001953
2005-05-16,116.80000305175781,79.12247467041016
2005-05-17,117.58000183105469,79.65084075927734
2005-05-18,118.79000091552734,80.47054290771484
2005-05-19,119.29000091552734,80.80924987792969
2005-05-20,119.12000274658203,80.6941146850586
2005-05-23,119.77999877929688,81.14117431640625
2005-05-24,119.5,80.95153045654297
2005-05-25,119.41000366210938,80.89054870605469
2005-05-26,120.05000305175781,81.32408142089844
2005-05-27,120.25,81.45954895019531
2005-05-31,119.4800033569336,80.93795776367188
2005-06-01,120.5,81.62892150878906
2005-06-02,120.76000213623047,81.80509185791016
2005-06-03,120.1500015258789,81.39183807373047
2005-06-06,120.04000091552734,81.31731414794922
2005-06-07,120.12999725341797,81.3782730102539
2005-06-08,119.91000366210938,81.22926330566406
2005-06-09,120.4800033569336,81.61540222167969
2005-06-10,120.19999694824219,81.42570495605469
2005-06-13,120.58000183105469,81.68312072753906
2005-06-14,120.86000061035156,81.87279510498047
2005-06-15,121.08999633789062,82.02861785888672
2005-06-16,121.4000015258789,82.23857879638672
2005-06-17,121.36000061035156,82.54330444335938
2005-06-20,121.4000015258789,82.57050323486328
2005-06-21,121.47000122070312,82.61813354492188
2005-06-22,121.56999969482422,82.68612670898438
2005-06-23,119.86000061035156,81.52308654785156
2005-06-24,118.9800033569336,80.92455291748047
2005-06-27,119.1500015258789,81.04019927978516
2005-06-28,120.1500015258789,81.72036743164062
2005-06-29,119.83000183105469,81.50269317626953
2005-06-30,119.18000030517578,81.0605697631836
2005-07-01,119.52999877929688,81.29864501953125
2005-07-05,120.48999786376953,81.95159912109375
2005-07-06,119.4800033569336,81.2646255493164
2005-07-07,119.94999694824219,81.58428192138672
2005-07-08,121.31999969482422,82.51610565185547
2005-07-11,121.94000244140625,82.93779754638672
2005-07-12,122.26000213623047,83.15546417236328
2005-07-13,122.43000030517578,83.27111053466797
2005-07-14,122.91000366210938,83.59757232666016
2005-07-15,122.83999633789062,83.54991912841797
2005-07-18,122.3499984741211,83.21664428710938
2005-07-19,123.0199966430664,83.67237854003906
2005-07-20,123.44000244140625,83.95804595947266
2005-07-21,122.72000122070312,83.46834564208984
2005-07-22,123.54000091552734,84.02603912353516
2005-07-25,123.19000244140625,83.78803253173828
2005-07-26,123.33999633789062,83.8899917602539
2005-07-27,123.79000091552734,84.19608306884766
2005-07-28,124.56999969482422,84.72659301757812
2005-07-29,123.73999786376953,84.16205596923828
2005-08-01,123.6500015258789,84.1008529663086
2005-08-02,124.38999938964844,84.60416412353516
2005-08-03,124.72000122070312,84.82864379882812
2005-08-04,123.72000122070312,84.14849853515625
2005-08-05,122.87999725341797,83.5771255493164
2005-08-08,122.6500015258789,83.42071533203125
2005-08-09,123.38999938964844,83.92401885986328
2005-08-10,123.33000183105469,83.88321685791016
2005-08-11,123.81999969482422,84.21648406982422
2005-08-12,123.05999755859375,83.69959259033203
2005-08-15,123.81999969482422,84.21648406982422
2005-08-16,122.20999908447266,83.12141418457031
2005-08-17,122.19999694824219,83.11466217041016
2005-08-18,122.19000244140625,83.10784149169922
2005-08-19,122.47000122070312,83.29830169677734
2005-08-22,122.47000122070312,83.29830169677734
2005-08-23,122.23999786376953,83.141845703125
2005-08-24,121.1500015258789,82.40050506591797
2005-08-25,121.58999633789062,82.69975280761719
2005-08-26,120.76000213623047,82.13521575927734
2005-08-29,121.69000244140625,82.76776123046875
2005-08-30,121.05000305175781,82.33248138427734
2005-08-31,122.58000183105469,83.37308502197266
2005-09-01,122.48999786376953,83.31190490722656
2005-09-02,122.2699966430664,83.16226196289062
2005-09-06,123.69999694824219,84.13489532470703
2005-09-07,123.91000366210938,84.27770233154297
2005-09-08,123.5,83.99883270263672
2005-09-09,124.5999984741211,84.74699401855469
2005-09-12,124.3499984741211,84.57696533203125
2005-09-13,123.66000366210938,84.10767364501953
2005-09-14,123.20999908447266,83.80158996582031
2005-09-15,123.1500015258789,83.76078033447266
2005-09-16,123.5,84.35640716552734
2005-09-19,123.08999633789062,84.07634735107422
2005-09-20,122.05000305175781,83.3659896850586
2005-09-21,120.91000366210938,82.58734893798828
2005-09-22,121.33999633789062,82.88101196289062
2005-09-23,121.44000244140625,82.94935607910156
2005-09-26,121.58000183105469,83.04495239257812
2005-09-27,121.55000305175781,83.02447509765625
2005-09-28,121.66999816894531,83.1064224243164
2005-09-29,122.66000366210938,83.78264617919922
2005-09-30,123.04000091552734,84.0422134399414
2005-10-03,122.5999984741211,83.74164581298828
2005-10-04,121.22000122070312,82.7990493774414
2005-10-05,119.62999725341797,81.71300506591797
2005-10-06,119.19999694824219,81.4193115234375
2005-10-07,119.61000061035156,81.69935607910156
2005-10-10,118.5999984741211,81.00947570800781
2005-10-11,118.43000030517578,80.89335632324219
2005-10-12,117.5,80.25814056396484
2005-10-13,117.43000030517578,80.21029663085938
2005-10-14,118.66999816894531,81.0572738647461
2005-10-17,119.11000061035156,81.35785675048828
2005-10-18,117.81999969482422,80.47667694091797
2005-10-19,119.77999877929688,81.8154525756836
2005-10-20,117.66999816894531,80.37423706054688
2005-10-21,118.12999725341797,80.68843841552734
2005-10-24,119.95999908447266,81.93843078613281
2005-10-25,119.72000122070312,81.77449035644531
2005-10-26,119.37000274658203,81.53543853759766
2005-10-27,118.0999984741211,80.66796875
2005-10-28,119.80000305175781,81.82913970947266
2005-10-31,120.12999725341797,82.05450439453125
2005-11-01,120.48999786376953,82.3004379272461
2005-11-02,121.75,83.1611099243164
2005-11-03,122.2699966430664,83.51626586914062
2005-11-04,122.11000061035156,83.4069595336914
2005-11-07,122.2300033569336,83.48892211914062
2005-11-08,122.2300033569336,83.48892211914062
2005-11-09,122.38999938964844,83.59821319580078
2005-11-10,123.33999633789062,84.2470932006836
2005-11-11,123.76000213623047,84.53401184082031
2005-11-14,123.69000244140625,84.48616027832031
2005-11-15,123.23999786376953,84.1788101196289
2005-11-16,123.48999786376953,84.34957885742188
2005-11-17,124.63999938964844,85.13508605957031
2005-11-18,125.12999725341797,85.46977996826172
2005-11-21,125.76000213623047,85.90008544921875
2005-11-22,126.30000305175781,86.26895141601562
2005-11-23,127.02999877929688,86.767578125
2005-11-25,127.12999725341797,86.83586120605469
2005-11-28,126.2300033569336,86.22110748291016
2005-11-29,126.08999633789062,86.1254653930664
2005-11-30,125.41000366210938,85.6610336303711
2005-12-01,126.69000244140625,86.53533935546875
2005-12-02,126.8499984741211,86.6446304321289
2005-12-05,126.58000183105469,86.460205078125
2005-12-06,126.81999969482422,86.62413024902344
2005-12-07,126.08000183105469,86.11869049072266
2005-12-08,126.0,86.06403350830078
2005-12-09,126.33000183105469,86.2894287109375
2005-12-12,126.44999694824219,86.37139129638672
2005-12-13,127.30999755859375,86.95883178710938
2005-12-14,127.80999755859375,87.30033111572266
2005-12-15,127.44000244140625,87.047607421875
2005-12-16,126.36000061035156,86.7674789428711
2005-12-19,125.70999908447266,86.32110595703125
2005-12-20,125.83000183105469,86.40353393554688
2005-12-21,126.02999877929688,86.5408706665039
2005-12-22,126.69000244140625,86.99407958984375
2005-12-23,126.76000213623047,87.04210662841797
2005-12-27,125.47000122070312,86.15631103515625
2005-12-28,125.75,86.34859466552734
2005-12-29,125.19000244140625,85.96404266357422
2005-12-30,124.51000213623047,85.49711608886719
2006-01-03,126.69999694824219,87.00093078613281
2006-01-04,127.30000305175781,87.4129409790039
2006-01-05,127.37999725341797,87.46784210205078
2006-01-06,128.44000244140625,88.19569396972656
2006-01-09,128.77000427246094,88.42234802246094
2006-01-10,128.89999389648438,88.5115966796875
2006-01-11,129.30999755859375,88.79314422607422
2006-01-12,128.8000030517578,88.44290924072266
2006-01-13,128.67999267578125,88.3604965209961
2006-01-17,128.3300018310547,88.12020874023438
2006-01-18,127.81999969482422,87.77002716064453
2006-01-19,128.30999755859375,88.1064453125
2006-01-20,125.97000122070312,86.4996337890625
2006-01-23,126.41999816894531,86.80867767333984
2006-01-24,126.55000305175781,86.89793395996094
2006-01-25,126.66000366210938,86.97348022460938
2006-01-26,127.36000061035156,87.45410919189453
2006-01-27,128.5399932861328,88.26438903808594
2006-01-30,128.44000244140625,88.19569396972656
2006-01-31,127.5,87.55024719238281
2006-02-01,128.38999938964844,88.16139221191406
2006-02-02,126.9000015258789,87.13824462890625
2006-02-03,126.2699966430664,86.70565032958984
2006-02-06,126.5999984741211,86.93225860595703
2006-02-07,125.4800033569336,86.16317749023438
2006-02-08,126.62000274658203,86.9460220336914
2006-02-09,126.41000366210938,86.80178833007812
2006-02-10,126.63999938964844,86.95968627929688
2006-02-13,126.41000366210938,86.80178833007812
2006-02-14,127.75,87.72193145751953
2006-02-15,128.1999969482422,88.0309066772461
2006-02-16,129.16000366210938,88.69010925292969
2006-02-17,128.80999755859375,88.4498062133789
2006-02-21,128.49000549316406,88.23006439208984
2006-02-22,129.27000427246094,88.76565551757812
2006-02-23,129.0800018310547,88.6352310180664
2006-02-24,129.41000366210938,88.86180114746094
2006-02-27,129.4600067138672,88.8960952758789
2006-02-28,128.22999572753906,88.05149841308594
2006-03-01,129.3699951171875,88.83430480957031
2006-03-02,129.36000061035156,88.82744598388672
2006-03-03,128.75999450683594,88.41545104980469
2006-03-06,128.1699981689453,88.01033782958984
2006-03-07,127.97000122070312,87.87299346923828
2006-03-08,128.24000549316406,88.05840301513672
2006-03-09,127.37999725341797,87.46784210205078
2006-03-10,128.58999633789062,88.29871368408203
2006-03-13,128.8300018310547,88.46353912353516
2006-03-14,130.17999267578125,89.39054107666016
2006-03-15,130.75999450683594,89.78877258300781
2006-03-16,131.02999877929688,89.97419738769531
2006-03-17,130.6199951171875,90.0493392944336
2006-03-20,130.41000366210938,89.90460205078125
2006-03-21,129.58999633789062,89.3392562866211
2006-03-22,130.3800048828125,89.88388061523438
2006-03-23,130.11000061035156,89.69775390625
2006-03-24,130.2100067138672,89.76670837402344
2006-03-27,130.02000427246094,89.63568115234375
2006-03-28,129.22000122070312,89.08419799804688
2006-03-29,130.02999877929688,89.64258575439453
2006-03-30,129.8000030517578,89.48403930664062
2006-03-31,129.8300018310547,89.50470733642578
2006-04-03,129.72999572753906,89.43577575683594
2006-04-04,130.55999755859375,90.00798034667969
2006-04-05,131.00999450683594,90.31817626953125
2006-04-06,130.8699951171875,90.2216796875
2006-04-07,129.5399932861328,89.3048095703125
2006-04-10,129.74000549316406,89.44268798828125
2006-04-11,128.63999938964844,88.684326171875
2006-04-12,128.8800048828125,88.84977722167969
2006-04-13,128.7100067138672,88.73259735107422
2006-04-17,128.66000366210938,88.69812774658203
2006-04-18,130.6999969482422,90.1044692993164
2006-04-19,130.9499969482422,90.27682495117188
2006-04-20,131.1300048828125,90.40092468261719
2006-04-21,131.14999389648438,90.4146957397461
2006-04-24,130.91000366210938,90.24923706054688
2006-04-25,130.3699951171875,89.87699127197266
2006-04-26,130.39999389648438,89.89766693115234
2006-04-27,131.02999877929688,90.33196258544922
2006-04-28,131.47000122070312,90.63532257080078
2006-05-01,130.39999389648438,89.89766693115234
2006-05-02,131.3800048828125,90.57330322265625
2006-05-03,130.88999938964844,90.23550415039062
2006-05-04,131.36000061035156,90.55948638916016
2006-05-05,132.52000427246094,91.35917663574219
2006-05-08,132.36000061035156,91.2488784790039
2006-05-09,132.6199951171875,91.42810821533203
2006-05-10,132.5500030517578,91.3798828125
2006-05-11,130.9499969482422,90.27682495117188
2006-05-12,129.24000549316406,89.09796905517578
2006-05-15,129.5,89.2772445678711
2006-05-16,129.30999755859375,89.1462173461914
2006-05-17,126.8499984741211,87.45030212402344
2006-05-18,126.20999908447266,87.00909423828125
2006-05-19,127.0999984741211,87.62265014648438
2006-05-22,126.12999725341797,86.9539566040039
2006-05-23,125.16999816894531,86.29215240478516
2006-05-24,126.16999816894531,86.98152923583984
2006-05-25,127.7300033569336,88.05699920654297
2006-05-26,128.3800048828125,88.50509643554688
2006-05-30,126.0999984741211,86.9332504272461
2006-05-31,127.51000213623047,87.90528869628906
2006-06-01,128.72999572753906,88.74639129638672
2006-06-02,129.0,88.9324951171875
2006-06-05,127.12000274658203,87.63644409179688
2006-06-06,126.80999755859375,87.4227294921875
2006-06-07,125.86000061035156,86.76778411865234
2006-06-08,125.75,86.69197082519531
2006-06-09,125.3499984741211,86.41619110107422
2006-06-12,123.98999786376953,85.47862243652344
2006-06-13,122.55000305175781,84.48590087890625
2006-06-14,123.5,85.14079284667969
2006-06-15,126.12000274658203,86.947021484375
2006-06-16,124.6500015258789,86.31343078613281
2006-06-19,123.66999816894531,85.63487243652344
2006-06-20,124.08999633789062,85.92567443847656
2006-06-21,125.01000213623047,86.56273651123047
2006-06-22,124.45999908447266,86.18189239501953
2006-06-23,124.44000244140625,86.16806030273438
2006-06-26,124.98999786376953,86.54888916015625
2006-06-27,123.91000366210938,85.80101776123047
2006-06-28,124.75,86.38270568847656
2006-06-29,127.2699966430664,88.12767791748047
2006-06-30,127.27999877929688,88.13459014892578
2006-07-03,127.80000305175781,88.4946517944336
2006-07-05,127.06999969482422,87.98917388916016
2006-07-06,127.44000244140625,88.24540710449219
2006-07-07,126.61000061035156,87.67064666748047
2006-07-10,126.8499984741211,87.83682250976562
2006-07-11,127.41000366210938,88.224609375
2006-07-12,126.05000305175781,87.28288269042969
2006-07-13,124.0,85.86337280273438
2006-07-14,123.5199966430664,85.53099060058594
2006-07-17,123.33999633789062,85.40634155273438
2006-07-18,123.97000122070312,85.84256744384766
2006-07-19,125.69000244140625,87.03359985351562
2006-07-20,124.83000183105469,86.4380874633789
2006-07-21,123.94999694824219,85.82872009277344
2006-07-24,126.20999908447266,87.3936538696289
2006-07-25,126.66000366210938,87.70526123046875
2006-07-26,126.83000183105469,87.8229751586914
2006-07-27,126.70999908447266,87.73987579345703
2006-07-28,127.9800033569336,88.61930084228516
2006-07-31,127.8499984741211,88.5292739868164
2006-08-01,127.22000122070312,88.0930404663086
2006-08-02,128.0800018310547,88.68852996826172
2006-08-03,128.4199981689453,88.9239730834961
2006-08-04,128.1999969482422,88.7716293334961
2006-08-07,127.9000015258789,88.56388092041016
2006-08-08,127.41000366210938,88.224609375
2006-08-09,126.9800033569336,87.92684936523438
2006-08-10,127.37000274658203,88.1969223022461
2006-08-11,127.01000213623047,87.94762420654297
2006-08-14,127.11000061035156,88.01688385009766
2006-08-15,128.6300048828125,89.06940460205078
2006-08-16,129.6999969482422,89.81028747558594
2006-08-17,130.02999877929688,90.038818359375
2006-08-18,130.69000244140625,90.49581146240234
2006-08-21,130.1300048828125,90.10807037353516
2006-08-22,130.1199951171875,90.1011734008789
2006-08-23,129.75999450683594,89.85185241699219
2006-08-24,129.64999389648438,89.77568054199219
2006-08-25,129.80999755859375,89.88650512695312
2006-08-28,130.42999267578125,90.31581115722656
2006-08-29,130.5800018310547,90.41964721679688
2006-08-30,130.66000366210938,90.4750747680664
2006-08-31,130.63999938964844,90.46121215820312
2006-09-01,131.4199981689453,91.0013198852539
2006-09-05,131.6699981689453,91.17444610595703
2006-09-06,130.50999450683594,90.37120819091797
2006-09-07,129.91000366210938,89.95571899414062
2006-09-08,130.27999877929688,90.21192169189453
2006-09-11,130.41000366210938,90.30195617675781
2006-09-12,131.69000244140625,91.18827819824219
2006-09-13,132.22000122070312,91.55524444580078
2006-09-14,132.22999572753906,91.56218719482422
2006-09-15,131.9600067138672,91.77709197998047
2006-09-18,132.13999938964844,91.90225982666016
2006-09-19,131.80999755859375,91.67277526855469
2006-09-20,132.50999450683594,92.15959930419922
2006-09-21,131.8699951171875,91.7145004272461
2006-09-22,131.47000122070312,91.43628692626953
2006-09-25,132.47999572753906,92.13876342773438
2006-09-26,133.5800018310547,92.90377807617188
2006-09-27,133.74000549316406,93.01509857177734
2006-09-28,133.69000244140625,92.98030853271484
2006-09-29,133.5800018310547,92.90377807617188
2006-10-02,133.0800018310547,92.5560531616211
2006-10-03,133.36000061035156,92.75079345703125
2006-10-04,134.9199981689453,93.83575439453125
2006-10-05,135.17999267578125,94.01655578613281
2006-10-06,135.00999450683594,93.89830017089844
2006-10-09,135.08999633789062,93.9539794921875
2006-10-10,135.27000427246094,94.07918548583984
2006-10-11,135.11000061035156,93.9679183959961
2006-10-12,136.27999877929688,94.78163146972656
2006-10-13,136.6300048828125,95.0250244140625
2006-10-16,136.83999633789062,95.17106628417969
2006-10-17,136.41000366210938,94.8720932006836
2006-10-18,136.58999633789062,94.99723052978516
2006-10-19,136.80999755859375,95.15023040771484
2006-10-20,136.83999633789062,95.17106628417969
2006-10-23,137.47000122070312,95.6092758178711
2006-10-24,137.8800048828125,95.89440155029297
2006-10-25,138.35000610351562,96.22128295898438
2006-10-26,138.77999877929688,96.5203628540039
2006-10-27,137.91000366210938,95.91526794433594
2006-10-30,137.80999755859375,95.84571075439453
2006-10-31,137.7899932861328,95.83182525634766
2006-11-01,136.86000061035156,95.18498992919922
2006-11-02,136.77999877929688,95.12937927246094
2006-11-03,136.5399932861328,94.96243286132812
2006-11-06,138.0800018310547,96.0335464477539
2006-11-07,138.61000061035156,96.40211486816406
2006-11-08,138.91000366210938,96.61076354980469
2006-11-09,138.17999267578125,96.10309600830078
2006-11-10,138.24000549316406,96.14482879638672
2006-11-13,138.5800018310547,96.38127136230469
2006-11-14,139.6199951171875,97.10455322265625
2006-11-15,140.02000427246094,97.38279724121094
2006-11-16,140.3800048828125,97.6331558227539
2006-11-17,140.4199981689453,97.66094970703125
2006-11-20,140.5,97.71662902832031
2006-11-21,140.63999938964844,97.81394958496094
2006-11-22,140.9199981689453,98.00872039794922
2006-11-24,140.35000610351562,97.61222839355469
2006-11-27,138.4199981689453,96.27000427246094
2006-11-28,139.02000427246094,96.68727111816406
2006-11-29,140.47000122070312,97.69574737548828
2006-11-30,140.52999877929688,97.73744201660156
2006-12-01,140.22000122070312,97.52184295654297
2006-12-04,141.2899932861328,98.26605224609375
2006-12-05,141.89999389648438,98.69032287597656
2006-12-06,141.77999877929688,98.60684204101562
2006-12-07,141.16000366210938,98.17561340332031
2006-12-08,141.4199981689453,98.35643005371094
2006-12-11,141.8300018310547,98.64161682128906
2006-12-12,141.72000122070312,98.56511688232422
2006-12-13,141.8699951171875,98.6694107055664
2006-12-14,143.1199951171875,99.53880310058594
2006-12-15,142.33999633789062,99.54791259765625
2006-12-18,141.9499969482422,99.27513885498047
2006-12-19,142.22000122070312,99.4639663696289
2006-12-20,142.13999938964844,99.40800476074219
2006-12-21,141.6199951171875,99.0443344116211
2006-12-22,140.75,98.43589782714844
2006-12-26,141.5800018310547,99.01636505126953
2006-12-27,142.50999450683594,99.66677856445312
2006-12-28,142.2100067138672,99.45697021484375
2006-12-29,141.6199951171875,99.0443344116211
2007-01-03,141.3699951171875,98.8695068359375
2007-01-04,141.6699981689453,99.07931518554688
2007-01-05,140.5399932861328,98.28903198242188
2007-01-08,141.19000244140625,98.74360656738281
2007-01-09,141.07000732421875,98.65965270996094
2007-01-10,141.5399932861328,98.98836517333984
2007-01-11,142.16000366210938,99.42201232910156
2007-01-12,143.24000549316406,100.17727661132812
2007-01-16,142.9600067138672,99.98147583007812
2007-01-17,143.02000427246094,100.02346801757812
2007-01-18,142.5399932861328,99.68775939941406
2007-01-19,142.82000732421875,99.88359069824219
2007-01-22,142.3800048828125,99.57585144042969
2007-01-23,142.8000030517578,99.86956787109375
2007-01-24,143.9499969482422,100.67384338378906
2007-01-25,142.25999450683594,99.49195098876953
2007-01-26,142.1300048828125,99.4010009765625
2007-01-29,142.0500030517578,99.34510040283203
2007-01-30,142.7899932861328,99.86261749267578
2007-01-31,143.75,100.53399658203125
2007-02-01,144.61000061035156,101.13542175292969
2007-02-02,144.80999755859375,101.27532958984375
2007-02-05,144.85000610351562,101.30328369140625
2007-02-06,144.88999938964844,101.331298828125
2007-02-07,145.2100067138672,101.55509185791016
2007-02-08,145.02000427246094,101.42219543457031
2007-02-09,143.94000244140625,100.6668472290039
2007-02-12,143.4499969482422,100.32417297363281
2007-02-13,144.66000366210938,101.17037200927734
2007-02-14,145.61000061035156,101.8348159790039
2007-02-15,145.8000030517578,101.96771240234375
2007-02-16,145.72999572753906,101.91876983642578
2007-02-20,146.0399932861328,102.13555908203125
2007-02-21,145.97999572753906,102.09355163574219
2007-02-22,145.8699951171875,102.01659393310547
2007-02-23,145.3000030517578,101.61802673339844
2007-02-26,145.1699981689453,101.527099609375
2007-02-27,139.5,97.56165313720703
2007-02-28,140.92999267578125,98.56177520751953
2007-03-01,140.50999450683594,98.26801300048828
2007-03-02,138.6699981689453,96.98120880126953
2007-03-05,137.35000610351562,96.05804443359375
2007-03-06,139.6999969482422,97.70154571533203
2007-03-07,139.55999755859375,97.60365295410156
2007-03-08,140.74000549316406,98.42893981933594
2007-03-09,140.77999877929688,98.45689392089844
2007-03-12,140.99000549316406,98.603759765625
2007-03-13,138.25,96.6875
2007-03-14,139.27999877929688,97.4078140258789
2007-03-15,139.47000122070312,97.54068756103516
2007-03-16,138.52999877929688,97.26753997802734
2007-03-19,140.1999969482422,98.44013977050781
2007-03-20,140.97000122070312,98.98078155517578
2007-03-21,143.2899932861328,100.60974884033203
2007-03-22,143.17999267578125,100.53253173828125
2007-03-23,143.38999938964844,100.68000030517578
2007-03-26,143.1999969482422,100.54655456542969
2007-03-27,142.86000061035156,100.30781555175781
2007-03-28,141.82000732421875,99.57762145996094
2007-03-29,141.97000122070312,99.68291473388672
2007-03-30,142.0,99.7040023803711
2007-04-02,142.16000366210938,99.81634521484375
2007-04-03,143.69000244140625,100.89059448242188
2007-04-04,143.85000610351562,101.00294494628906
2007-04-05,144.24000549316406,101.2768325805664
2007-04-09,144.44000244140625,101.41724395751953
2007-04-10,144.61000061035156,101.53658294677734
2007-04-11,144.02000427246094,101.12232208251953
2007-04-12,144.66000366210938,101.57167053222656
2007-04-13,145.32000732421875,102.03508758544922
2007-04-16,146.6999969482422,103.0040283203125
2007-04-17,147.08999633789062,103.27791595458984
2007-04-18,147.27000427246094,103.40431213378906
2007-04-19,147.22999572753906,103.37617492675781
2007-04-20,148.6199951171875,104.35218048095703
2007-04-23,148.05999755859375,103.95892333984375
2007-04-24,148.1199951171875,104.00109100341797
2007-04-25,149.47999572753906,104.95598602294922
2007-04-26,149.64999389648438,105.0753402709961
2007-04-27,149.52999877929688,104.9910659790039
2007-04-30,148.2899932861328,104.12042999267578
2007-05-01,148.6699981689453,104.38729095458984
2007-05-02,149.5399932861328,104.9981460571289
2007-05-03,150.35000610351562,105.56690216064453
2007-05-04,150.9199981689453,105.96707153320312
2007-05-07,150.9499969482422,105.98810577392578
2007-05-08,150.75,105.84770965576172
2007-05-09,151.16000366210938,106.1356430053711
2007-05-10,149.5800018310547,105.0262451171875
2007-05-11,150.86000061035156,105.92498779296875
2007-05-14,150.52999877929688,105.69331359863281
2007-05-15,150.57000732421875,105.72136688232422
2007-05-16,151.60000610351562,106.44454956054688
2007-05-17,151.3000030517578,106.23389434814453
2007-05-18,152.6199951171875,107.16069793701172
2007-05-21,152.5399932861328,107.10453796386719
2007-05-22,152.4199981689453,107.02029418945312
2007-05-23,152.44000244140625,107.03434753417969
2007-05-24,151.05999755859375,106.06537628173828
2007-05-25,151.69000244140625,106.50772094726562
2007-05-29,152.24000549316406,106.89392852783203
2007-05-30,153.47999572753906,107.7645492553711
2007-05-31,153.32000732421875,107.6522216796875
2007-06-01,154.0800018310547,108.18589782714844
2007-06-04,154.10000610351562,108.19987487792969
2007-06-05,153.49000549316406,107.77162170410156
2007-06-06,151.83999633789062,106.61308288574219
2007-06-07,149.10000610351562,104.689208984375
2007-06-08,151.0399932861328,106.05134582519531
2007-06-11,151.3000030517578,106.23389434814453
2007-06-12,149.64999389648438,105.0753402709961
2007-06-13,151.88999938964844,106.6481704711914
2007-06-14,152.86000061035156,107.32921600341797
2007-06-15,153.07000732421875,107.93995666503906
2007-06-18,152.88999938964844,107.81295013427734
2007-06-19,153.27000427246094,108.08094024658203
2007-06-20,151.13999938964844,106.57891845703125
2007-06-21,151.97999572753906,107.17129516601562
2007-06-22,150.5500030517578,106.16287994384766
2007-06-25,149.8300018310547,105.65515899658203
2007-06-26,148.2899932861328,104.56918334960938
2007-06-27,150.39999389648438,106.05714416503906
2007-06-28,150.3800048828125,106.04306030273438
2007-06-29,150.42999267578125,106.07826232910156
2007-07-02,151.7899932861328,107.03730010986328
2007-07-03,152.33999633789062,107.42516326904297
2007-07-05,152.17999267578125,107.31228637695312
2007-07-06,152.97999572753906,107.87644958496094
2007-07-09,153.10000610351562,107.96109771728516
2007-07-10,150.9199981689453,106.42379760742188
2007-07-11,151.99000549316406,107.17835235595703
2007-07-12,154.38999938964844,108.87075805664062
2007-07-13,154.85000610351562,109.1951675415039
2007-07-16,154.8300018310547,109.18101501464844
2007-07-17,154.75,109.1246109008789
2007-07-18,154.47000122070312,108.92713928222656
2007-07-19,155.07000732421875,109.35026550292969
2007-07-20,153.5,108.24311828613281
2007-07-23,153.97000122070312,108.57460021972656
2007-07-24,151.3000030517578,106.69176483154297
2007-07-25,151.61000061035156,106.91036224365234
2007-07-26,148.02000427246094,104.37883758544922
2007-07-27,145.11000061035156,102.32679748535156
2007-07-30,147.3800048828125,103.92750549316406
2007-07-31,145.72000122070312,102.75691986083984
2007-08-01,146.42999267578125,103.25759887695312
2007-08-02,147.60000610351562,104.08265686035156
2007-08-03,143.8000030517578,101.40304565429688
2007-08-06,146.2100067138672,103.10249328613281
2007-08-07,147.77000427246094,104.20252990722656
2007-08-08,149.8300018310547,105.65515899658203
2007-08-09,145.38999938964844,102.52424621582031
2007-08-10,144.7100067138672,102.04474639892578
2007-08-13,145.22999572753906,102.41140747070312
2007-08-14,143.00999450683594,100.84595489501953
2007-08-15,141.0399932861328,99.45677185058594
2007-08-16,142.10000610351562,100.2042236328125
2007-08-17,144.7100067138672,102.04474639892578
2007-08-20,144.63999938964844,101.99537658691406
2007-08-21,144.92999267578125,102.19982147216797
2007-08-22,146.64999389648438,103.41275024414062
2007-08-23,146.52000427246094,103.32107543945312
2007-08-24,148.3300018310547,104.59746551513672
2007-08-27,146.9499969482422,103.62428283691406
2007-08-28,143.72000122070312,101.34658813476562
2007-08-29,146.5399932861328,103.33519744873047
2007-08-30,146.14999389648438,103.0601577758789
2007-08-31,147.58999633789062,104.07559967041016
2007-09-04,149.0800018310547,105.12630462646484
2007-09-05,147.7899932861328,104.21665954589844
2007-09-06,148.1300048828125,104.45642852783203
2007-09-07,146.07000732421875,103.00377655029297
2007-09-10,145.7899932861328,102.80632019042969
2007-09-11,147.49000549316406,104.00507354736328
2007-09-12,147.8699951171875,104.27305603027344
2007-09-13,148.91000366210938,105.0064468383789
2007-09-14,148.89999389648438,104.9993667602539
2007-09-17,148.10000610351562,104.4352798461914
2007-09-18,152.4600067138672,107.50978088378906
2007-09-19,153.36000061035156,108.14445495605469
2007-09-20,152.27999877929688,107.38282012939453
2007-09-21,151.97000122070312,107.67259979248047
2007-09-24,151.69000244140625,107.4742431640625
2007-09-25,151.38999938964844,107.26166534423828
2007-09-26,152.19000244140625,107.82846069335938
2007-09-27,153.08999633789062,108.46620178222656
2007-09-28,152.5800018310547,108.10484313964844
2007-10-01,154.3000030517578,109.32344055175781
2007-10-02,154.08999633789062,109.17462921142578
2007-10-03,153.77999877929688,108.9549789428711
2007-10-04,154.02000427246094,109.12509155273438
2007-10-05,155.85000610351562,110.42163848876953
2007-10-08,155.02000427246094,109.83356475830078
2007-10-09,156.47999572753906,110.8680191040039
2007-10-10,156.22000122070312,110.68379974365234
2007-10-11,155.47000122070312,110.15239715576172
2007-10-12,156.3300018310547,110.76171112060547
2007-10-15,155.00999450683594,109.8265151977539
2007-10-16,153.77999877929688,108.9549789428711
2007-10-17,154.25,109.28803253173828
2007-10-18,153.69000244140625,108.89128112792969
2007-10-19,149.6699981689453,106.04305267333984
2007-10-22,150.5399932861328,106.65943908691406
2007-10-23,151.75999450683594,107.52384185791016
2007-10-24,151.47999572753906,107.3254623413086
2007-10-25,151.83999633789062,107.58051300048828
2007-10-26,153.6199951171875,108.8416519165039
2007-10-29,154.1300048828125,109.20299530029297
2007-10-30,153.05999755859375,108.44491577148438
2007-10-31,154.64999389648438,109.57145690917969
2007-11-01,151.02999877929688,107.00666809082031
2007-11-02,151.1999969482422,107.12709045410156
2007-11-05,150.0500030517578,106.31224822998047
2007-11-06,152.07000732421875,107.74348449707031
2007-11-07,147.91000366210938,104.79605865478516
2007-11-08,147.16000366210938,104.26465606689453
2007-11-09,145.13999938964844,102.8334732055664
2007-11-12,143.6999969482422,101.81319427490234
2007-11-13,148.0800018310547,104.91654205322266
2007-11-14,147.6699981689453,104.62603759765625
2007-11-15,145.5399932861328,103.11688995361328
2007-11-16,145.7899932861328,103.29402923583984
2007-11-19,143.75999450683594,101.85570526123047
2007-11-20,144.63999938964844,102.47924041748047
2007-11-21,141.67999267578125,100.38204956054688
2007-11-23,144.1300048828125,102.1178970336914
2007-11-26,140.9499969482422,99.86477661132812
2007-11-27,142.57000732421875,101.01258850097656
2007-11-28,147.1300048828125,104.2434310913086
2007-11-29,147.17999267578125,104.27885437011719
2007-11-30,148.66000366210938,105.32743835449219
2007-12-03,147.67999267578125,104.63308715820312
2007-12-04,146.36000061035156,103.69788360595703
2007-12-05,148.80999755859375,105.4337158203125
2007-12-06,150.94000244140625,106.94279479980469
2007-12-07,150.91000366210938,106.92163848876953
2007-12-10,152.0800018310547,107.75054931640625
2007-12-11,147.91000366210938,104.79605865478516
2007-12-12,149.3699951171875,105.83050537109375
2007-12-13,149.05999755859375,105.61090087890625
2007-12-14,147.1699981689453,104.27175903320312
2007-12-17,145.07000732421875,102.78387451171875
2007-12-18,145.8800048828125,103.35782623291016
2007-12-19,145.8800048828125,103.35782623291016
2007-12-20,146.8000030517578,104.00962829589844
2007-12-21,148.1300048828125,105.50896453857422
2007-12-24,149.22999572753906,106.29246520996094
2007-12-26,149.5500030517578,106.5203628540039
2007-12-27,147.6699981689453,105.18130493164062
2007-12-28,147.3000030517578,104.91776275634766
2007-12-31,146.2100067138672,104.14141082763672
2008-01-02,144.92999267578125,103.22968292236328
2008-01-03,144.86000061035156,103.17987060546875
2008-01-04,141.30999755859375,100.6512680053711
2008-01-07,141.19000244140625,100.5657958984375
2008-01-08,138.91000366210938,98.9417953491211
2008-01-09,140.3699951171875,99.981689453125
2008-01-10,141.2899932861328,100.63703918457031
2008-01-11,140.14999389648438,99.82501220703125
2008-01-14,141.27999877929688,100.6298599243164
2008-01-15,138.1699981689453,98.41473388671875
2008-01-16,136.97999572753906,97.56704711914062
2008-01-17,133.42999267578125,95.03854370117188
2008-01-18,132.05999755859375,94.06273651123047
2008-01-22,130.72000122070312,93.10826873779297
2008-01-23,133.86000061035156,95.34481048583984
2008-01-24,134.99000549316406,96.14971160888672
2008-01-25,133.0399932861328,94.76075744628906
2008-01-28,135.24000549316406,96.32772827148438
2008-01-29,135.91000366210938,96.80499267578125
2008-01-30,134.91000366210938,96.09268951416016
2008-01-31,137.3699951171875,97.84490966796875
2008-02-01,139.5800018310547,99.41903686523438
2008-02-04,137.82000732421875,98.16542053222656
2008-02-05,134.1300048828125,95.53718566894531
2008-02-06,133.0500030517578,94.76789093017578
2008-02-07,133.92999267578125,95.39466857910156
2008-02-08,133.07000732421875,94.78214263916016
2008-02-11,133.75,95.26644134521484
2008-02-12,134.99000549316406,96.14971160888672
2008-02-13,136.3699951171875,97.13259887695312
2008-02-14,135.1699981689453,96.27789306640625
2008-02-15,135.13999938964844,96.2564926147461
2008-02-19,135.52000427246094,96.52716827392578
2008-02-20,135.9199981689453,96.81208801269531
2008-02-21,134.7899932861328,96.00723266601562
2008-02-22,135.6199951171875,96.59837341308594
2008-02-25,137.3300018310547,97.81643676757812
2008-02-26,138.36000061035156,98.550048828125
2008-02-27,138.22000122070312,98.45030975341797
2008-02-28,136.8699951171875,97.48873901367188
2008-02-29,133.82000732421875,95.31632232666016
2008-03-03,133.5,95.08842468261719
2008-03-04,132.99000549316406,94.72513580322266
2008-03-05,133.8300018310547,95.32344055175781
2008-03-06,131.05999755859375,93.35047912597656
2008-03-07,129.7100067138672,92.38887023925781
2008-03-10,128.0,91.17088317871094
2008-03-11,132.60000610351562,94.44735717773438
2008-03-12,131.36000061035156,93.56413269042969
2008-03-13,131.64999389648438,93.77070617675781
2008-03-14,129.61000061035156,92.31767272949219
2008-03-17,128.3000030517578,91.38458251953125
2008-03-18,133.6300048828125,95.18101501464844
2008-03-19,130.32000732421875,92.82337951660156
2008-03-20,132.0800018310547,94.54269409179688
2008-03-24,134.72000122070312,96.43245697021484
2008-03-25,134.85000610351562,96.52548217773438
2008-03-26,133.1999969482422,95.34445190429688
2008-03-27,132.77999877929688,95.04376983642578
2008-03-28,131.50999450683594,94.13470458984375
2008-03-31,131.97000122070312,94.46397399902344
2008-04-01,136.61000061035156,97.7853012084961
2008-04-02,136.6999969482422,97.84969329833984
2008-04-03,137.0399932861328,98.09308624267578
2008-04-04,136.88999938964844,97.98567962646484
2008-04-07,136.9600067138672,98.03583526611328
2008-04-08,136.82000732421875,97.93562316894531
2008-04-09,135.8300018310547,97.22697448730469
2008-04-10,136.02000427246094,97.36298370361328
2008-04-11,133.3800048828125,95.4732666015625
2008-04-14,132.92999267578125,95.15110778808594
2008-04-15,133.24000549316406,95.37303161621094
2008-04-16,136.85000610351562,97.95704650878906
2008-04-17,137.0500030517578,98.10018157958984
2008-04-18,138.47999572753906,99.12385559082031
2008-04-21,138.5500030517578,99.17394256591797
2008-04-22,137.94000244140625,98.73734283447266
2008-04-23,137.72000122070312,98.57979583740234
2008-04-24,138.32000732421875,99.00928497314453
2008-04-25,139.60000610351562,99.92548370361328
2008-04-28,139.6300048828125,99.94702911376953
2008-04-29,139.0800018310547,99.55335235595703
2008-04-30,138.25999450683594,98.96636199951172
2008-05-01,141.1199951171875,101.01351928710938
2008-05-02,141.50999450683594,101.29267883300781
2008-05-05,140.8300018310547,100.80595397949219
2008-05-06,142.0500030517578,101.67920684814453
2008-05-07,139.52000427246094,99.8682632446289
2008-05-08,139.16000366210938,99.610595703125
2008-05-09,138.89999389648438,99.42446899414062
2008-05-12,140.4600067138672,100.54113006591797
2008-05-13,140.47999572753906,100.555419921875
2008-05-14,140.77000427246094,100.76299285888672
2008-05-15,142.52999877929688,102.02281951904297
2008-05-16,142.66000366210938,102.1158676147461
2008-05-19,143.0500030517578,102.39501190185547
2008-05-20,141.88999938964844,101.56470489501953
2008-05-21,139.49000549316406,99.84679412841797
2008-05-22,139.50999450683594,99.86109161376953
2008-05-23,137.63999938964844,98.52259063720703
2008-05-27,138.66000366210938,99.25267791748047
2008-05-28,139.3000030517578,99.71082305908203
2008-05-29,140.0,100.21185302734375
2008-05-30,140.35000610351562,100.46241760253906
2008-06-02,138.89999389648438,99.42446899414062
2008-06-03,138.08999633789062,98.84468841552734
2008-06-04,138.02000427246094,98.79454803466797
2008-06-05,140.77999877929688,100.77015686035156
2008-06-06,136.2899932861328,97.55621337890625
2008-06-09,136.6199951171875,97.79244995117188
2008-06-10,135.94000244140625,97.30574798583984
2008-06-11,133.94000244140625,95.8741226196289
2008-06-12,134.4499969482422,96.23917388916016
2008-06-13,136.14999389648438,97.45600891113281
2008-06-16,136.22999572753906,97.51325988769531
2008-06-17,135.57000732421875,97.04084777832031
2008-06-18,134.25,96.09598541259766
2008-06-19,134.4199981689453,96.21770477294922
2008-06-20,131.5800018310547,94.65589904785156
2008-06-23,131.4499969482422,94.5624008178711
2008-06-24,131.19000244140625,94.3753433227539
2008-06-25,131.80999755859375,94.82138061523438
2008-06-26,128.22999572753906,92.24598693847656
2008-06-27,127.52999877929688,91.742431640625
2008-06-30,127.9800033569336,92.06617736816406
2008-07-01,128.3800048828125,92.35392761230469
2008-07-02,126.18000030517578,90.7712631225586
2008-07-03,126.30999755859375,90.86476135253906
2008-07-07,125.0199966430664,89.93675994873047
2008-07-08,127.23999786376953,91.53382110595703
2008-07-09,124.79000091552734,89.7713394165039
2008-07-10,125.30000305175781,90.13822937011719
2008-07-11,123.83999633789062,89.08792877197266
2008-07-14,122.72000122070312,88.28223419189453
2008-07-15,120.98999786376953,87.03768157958984
2008-07-16,123.95999908447266,89.17424011230469
2008-07-17,125.19999694824219,90.06626892089844
2008-07-18,125.9800033569336,90.62740325927734
2008-07-21,126.05000305175781,90.67774963378906
2008-07-22,127.4800033569336,91.70648956298828
2008-07-23,128.1699981689453,92.20284271240234
2008-07-24,125.51000213623047,90.2892837524414
2008-07-25,125.4800033569336,90.26769256591797
2008-07-28,123.63999938964844,88.94405364990234
2008-07-29,126.27999877929688,90.84317779541016
2008-07-30,128.52999877929688,92.4618148803711
2008-07-31,126.83000183105469,91.2388687133789
2008-08-01,126.16000366210938,90.75688171386719
2008-08-04,124.98999786376953,89.91522216796875
2008-08-05,128.36000061035156,92.33952331542969
2008-08-06,128.92999267578125,92.74952697753906
2008-08-07,127.01000213623047,91.36837005615234
2008-08-08,129.3699951171875,93.06610870361328
2008-08-11,130.7100067138672,94.03006744384766
2008-08-12,129.35000610351562,93.05172729492188
2008-08-13,128.57000732421875,92.49059295654297
2008-08-14,129.5399932861328,93.1883544921875
2008-08-15,130.1699981689453,93.6415786743164
2008-08-18,128.38999938964844,92.36112976074219
2008-08-19,126.98999786376953,91.35397338867188
2008-08-20,127.58000183105469,91.77838897705078
2008-08-21,127.80000305175781,91.93663787841797
2008-08-22,129.64999389648438,93.26749420166016
2008-08-25,127.0199966430664,91.37554931640625
2008-08-26,127.38999938964844,91.64171600341797
2008-08-27,128.6300048828125,92.53376007080078
2008-08-28,130.19000244140625,93.6559829711914
2008-08-29,128.7899932861328,92.6488265991211
2008-09-02,127.98999786376953,92.0733413696289
2008-09-03,127.87999725341797,91.99420166015625
2008-09-04,124.02999877929688,89.2246322631836
2008-09-05,124.41999816894531,89.50513458251953
2008-09-08,126.98999786376953,91.35397338867188
2008-09-09,123.22000122070312,88.64191436767578
2008-09-10,123.72000122070312,89.0016098022461
2008-09-11,125.51000213623047,90.2892837524414
2008-09-12,126.08999633789062,90.70649719238281
2008-09-15,120.08999633789062,86.3902359008789
2008-09-16,122.0999984741211,87.83621215820312
2008-09-17,116.61000061035156,83.88681030273438
2008-09-18,120.06999969482422,86.3758544921875
2008-09-19,124.12000274658203,89.80619049072266
2008-09-22,121.30999755859375,87.77298736572266
2008-09-23,118.55000305175781,85.77603912353516
2008-09-24,118.93000030517578,86.05096435546875
2008-09-25,120.79000091552734,87.39679718017578
2008-09-26,120.8499984741211,87.4401626586914
2008-09-29,111.37999725341797,80.58820343017578
2008-09-30,115.98999786376953,83.92375946044922
2008-10-01,116.05999755859375,83.97442626953125
2008-10-02,111.8499984741211,80.92829132080078
2008-10-03,110.33999633789062,79.83576965332031
2008-10-06,104.72000122070312,75.76943969726562
2008-10-07,100.02999877929688,72.37604522705078
2008-10-08,97.51000213623047,70.55268859863281
2008-10-09,90.69999694824219,65.6253662109375
2008-10-10,88.5,64.03356170654297
2008-10-13,101.3499984741211,73.33106994628906
2008-10-14,99.8499984741211,72.24581909179688
2008-10-15,90.0199966430664,65.13336181640625
2008-10-16,93.7699966430664,67.84662628173828
2008-10-17,93.20999908447266,67.44145965576172
2008-10-20,98.80999755859375,71.49330139160156
2008-10-21,95.86000061035156,69.35883331298828
2008-10-22,90.63999938964844,65.58193969726562
2008-10-23,91.69000244140625,66.34164428710938
2008-10-24,87.04000091552734,62.97719955444336
2008-10-27,83.94999694824219,60.741455078125
2008-10-28,93.76000213623047,67.83942413330078
2008-10-29,93.08000183105469,67.34741973876953
2008-10-30,96.30000305175781,69.67723846435547
2008-10-31,96.83000183105469,70.06070709228516
2008-11-03,97.11000061035156,70.2632827758789
2008-11-04,100.41000366210938,72.65095520019531
2008-11-05,96.19000244140625,69.59762573242188
2008-11-06,90.86000061035156,65.74113464355469
2008-11-07,93.86000061035156,67.9117431640625
2008-11-10,92.62999725341797,67.02182006835938
2008-11-11,89.7699966430664,64.95246124267578
2008-11-12,85.81999969482422,62.0944709777832
2008-11-13,91.16999816894531,65.96540069580078
2008-11-14,86.62000274658203,62.6733283996582
2008-11-17,85.47000122070312,61.841251373291016
2008-11-18,87.08000183105469,63.00614929199219
2008-11-19,81.5,58.96877670288086
2008-11-20,75.44999694824219,54.59130096435547
2008-11-21,79.5199966430664,57.5361442565918
2008-11-24,85.02999877929688,61.522850036621094
2008-11-25,85.66000366210938,61.9787483215332
2008-11-26,88.97000122070312,64.3736572265625
2008-11-28,90.08999633789062,65.18399810791016
2008-12-01,82.11000061035156,59.41011428833008
2008-12-02,85.2699966430664,61.69650650024414
2008-12-03,87.31999969482422,63.179786682128906
2008-12-04,85.30000305175781,61.71821975708008
2008-12-05,87.93000030517578,63.62114715576172
2008-12-08,91.0,65.84241485595703
2008-12-09,89.5,64.75711059570312
2008-12-10,90.11000061035156,65.19847106933594
2008-12-11,87.94000244140625,63.62836837768555
2008-12-12,88.98999786376953,64.38809204101562
2008-12-15,87.75,63.49089431762695
2008-12-16,91.87999725341797,66.47915649414062
2008-12-17,90.98999786376953,65.83519744873047
2008-12-18,89.29000091552734,64.6052017211914
2008-12-19,88.19000244140625,64.32728576660156
2008-12-22,87.05999755859375,63.503021240234375
2008-12-23,86.16000366210938,62.84652328491211
2008-12-24,86.66000366210938,63.211273193359375
2008-12-26,87.16000366210938,63.57594299316406
2008-12-29,86.91000366210938,63.393619537353516
2008-12-30,88.97000122070312,64.89620971679688
2008-12-31,90.23999786376953,65.82256317138672
2009-01-02,92.95999908447266,67.80660247802734
2009-01-05,92.8499984741211,67.72637176513672
2009-01-06,93.47000122070312,68.1786117553711
2009-01-07,90.66999816894531,66.13621520996094
2009-01-08,91.04000091552734,66.40608215332031
2009-01-09,89.08999633789062,64.98371124267578
2009-01-12,86.94999694824219,63.42279815673828
2009-01-13,87.11000061035156,63.539485931396484
2009-01-14,84.37000274658203,61.540889739990234
2009-01-15,84.4000015258789,61.562801361083984
2009-01-16,85.05999755859375,62.04420852661133
2009-01-20,80.56999969482422,58.76911163330078
2009-01-21,84.05000305175781,61.307472229003906
2009-01-22,82.75,60.35924530029297
2009-01-23,83.11000061035156,60.62180709838867
2009-01-26,83.68000030517578,61.03759765625
2009-01-27,84.52999877929688,61.65760803222656
2009-01-28,87.38999938964844,63.74370574951172
2009-01-29,84.55000305175781,61.67219543457031
2009-01-30,82.83000183105469,60.417598724365234
2009-02-02,82.58000183105469,60.235198974609375
2009-02-03,83.73999786376953,61.081356048583984
2009-02-04,83.33000183105469,60.782283782958984
2009-02-05,84.56999969482422,61.68677520751953
2009-02-06,86.9800033569336,63.444679260253906
2009-02-09,87.0999984741211,63.53218078613281
2009-02-10,83.11000061035156,60.62180709838867
2009-02-11,83.5999984741211,60.97924041748047
2009-02-12,83.66000366210938,61.02302169799805
2009-02-13,82.76000213623047,60.36655807495117
2009-02-17,79.22000122070312,57.78438949584961
2009-02-18,79.02999877929688,57.645782470703125
2009-02-19,78.18000030517578,57.025794982910156
2009-02-20,77.41999816894531,56.471439361572266
2009-02-23,74.6500015258789,54.45096969604492
2009-02-24,77.4800033569336,56.515201568603516
2009-02-25,76.87000274658203,56.07025909423828
2009-02-26,75.62000274658203,55.158485412597656
2009-02-27,73.93000030517578,53.92580032348633
2009-03-02,70.5999984741211,51.49681854248047
2009-03-03,70.06999969482422,51.1102294921875
2009-03-04,71.7300033569336,52.32107162475586
2009-03-05,68.80000305175781,50.183860778808594
2009-03-06,68.91999816894531,50.27141571044922
2009-03-09,68.11000061035156,49.68056869506836
2009-03-10,72.16999816894531,52.64201354980469
2009-03-11,72.63999938964844,52.98483657836914
2009-03-12,75.5,55.07096481323242
2009-03-13,76.08999633789062,55.50130844116211
2009-03-16,75.86000061035156,55.33353042602539
2009-03-17,78.18000030517578,57.025794982910156
2009-03-18,79.93000030517578,58.302268981933594
2009-03-19,78.94000244140625,57.58015060424805
2009-03-20,76.70999908447266,56.354042053222656
2009-03-23,82.22000122070312,60.40190124511719
2009-03-24,80.5999984741211,59.211769104003906
2009-03-25,81.44999694824219,59.83622741699219
2009-03-26,83.11000061035156,61.05569839477539
2009-03-27,81.61000061035156,59.95376968383789
2009-03-30,78.79000091552734,57.88209533691406
2009-03-31,79.5199966430664,58.41837692260742
2009-04-01,81.05999755859375,59.54970932006836
2009-04-02,83.43000030517578,61.29078674316406
2009-04-03,84.26000213623047,61.90055465698242
2009-04-06,83.5999984741211,61.41569137573242
2009-04-07,81.6500015258789,59.983154296875
2009-04-08,82.52999877929688,60.6296272277832
2009-04-09,85.80999755859375,63.03923034667969
2009-04-13,85.83000183105469,63.053932189941406
2009-04-14,84.3499984741211,61.96670150756836
2009-04-15,85.25,62.62785339355469
2009-04-16,86.5,63.546173095703125
2009-04-17,87.08000183105469,63.97224044799805
2009-04-20,83.43000030517578,61.29078674316406
2009-04-21,85.05999755859375,62.48828887939453
2009-04-22,84.54000091552734,62.10624313354492
2009-04-23,85.37000274658203,62.71601486206055
2009-04-24,86.66000366210938,63.66367721557617
2009-04-27,85.83999633789062,63.06125259399414
2009-04-28,85.56999969482422,62.862911224365234
2009-04-29,87.38999938964844,64.199951171875
2009-04-30,87.41999816894531,64.2220230102539
2009-05-01,87.88999938964844,64.56726837158203
2009-05-04,90.87999725341797,66.76386260986328
2009-05-05,90.56999969482422,66.53610229492188
2009-05-06,92.13999938964844,67.68952178955078
2009-05-07,90.86000061035156,66.74919128417969
2009-05-08,92.9800033569336,68.30659484863281
2009-05-11,91.23999786376953,67.02833557128906
2009-05-12,90.97000122070312,66.82997131347656
2009-05-13,88.68000030517578,65.14767456054688
2009-05-14,89.44000244140625,65.70598602294922
2009-05-15,88.70999908447266,65.169677734375
2009-05-18,91.2300033569336,67.02098846435547
2009-05-19,91.12000274658203,66.940185546875
2009-05-20,90.51000213623047,66.49205017089844
2009-05-21,89.20999908447266,65.53699493408203
2009-05-22,89.0199966430664,65.39739990234375
2009-05-26,91.30000305175781,67.07239532470703
2009-05-27,89.66999816894531,65.87494659423828
2009-05-28,90.91999816894531,66.79324340820312
2009-05-29,92.52999877929688,67.97601318359375
2009-06-01,94.7699966430664,69.62159729003906
2009-06-02,94.8499984741211,69.68037414550781
2009-06-03,93.6500015258789,68.79879760742188
2009-06-04,94.52999877929688,69.44530487060547
2009-06-05,94.55000305175781,69.45997619628906
2009-06-08,94.16000366210938,69.17346954345703
2009-06-09,94.63999938964844,69.52606964111328
2009-06-10,94.4000015258789,69.34978485107422
2009-06-11,94.81999969482422,69.65831756591797
2009-06-12,95.08000183105469,69.84935760498047
2009-06-15,92.9000015258789,68.2478256225586
2009-06-16,91.63999938964844,67.32215881347656
2009-06-17,91.55000305175781,67.25606536865234
2009-06-18,92.22000122070312,67.74828338623047
2009-06-19,92.04000091552734,67.99796295166016
2009-06-22,89.27999877929688,65.95894622802734
2009-06-23,89.3499984741211,66.0106430053711
2009-06-24,90.12000274658203,66.57951354980469
2009-06-25,92.08000183105469,68.02753448486328
2009-06-26,91.83999633789062,67.85023498535156
2009-06-29,92.69999694824219,68.48556518554688
2009-06-30,91.94999694824219,67.93150329589844
2009-07-01,92.33000183105469,68.21224975585938
2009-07-02,89.80999755859375,66.3504867553711
2009-07-06,89.80000305175781,66.34313201904297
2009-07-07,88.05999755859375,65.05762481689453
2009-07-08,88.0,65.01329040527344
2009-07-09,88.16999816894531,65.13887023925781
2009-07-10,87.95999908447266,64.9837417602539
2009-07-13,90.0999984741211,66.56471252441406
2009-07-14,90.61000061035156,66.94151306152344
2009-07-15,93.26000213623047,68.8993148803711
2009-07-16,93.11000061035156,68.78849029541016
2009-07-17,94.12999725341797,69.54206085205078
2009-07-20,95.12999725341797,70.28085327148438
2009-07-21,95.56999969482422,70.60591125488281
2009-07-22,95.55000305175781,70.59111785888672
2009-07-23,97.66000366210938,72.14994049072266
2009-07-24,98.05999755859375,72.44548797607422
2009-07-27,98.3499984741211,72.65973663330078
2009-07-28,97.88999938964844,72.31989288330078
2009-07-29,97.6500015258789,72.14257049560547
2009-07-30,98.66999816894531,72.89614868164062
2009-07-31,98.80999755859375,72.99957275390625
2009-08-03,100.44000244140625,74.20382690429688
2009-08-04,100.69999694824219,74.3958740234375
2009-08-05,100.41000366210938,74.18162536621094
2009-08-06,99.88999938964844,73.7975082397461
2009-08-07,101.19999694824219,74.7652816772461
2009-08-10,100.98999786376953,74.61013793945312
2009-08-11,99.7300033569336,73.67926788330078
2009-08-12,100.80000305175781,74.46976470947266
2009-08-13,101.56999969482422,75.03862762451172
2009-08-14,100.79000091552734,74.46238708496094
2009-08-17,98.30999755859375,72.63018798828125
2009-08-18,99.08999633789062,73.2064437866211
2009-08-19,99.95999908447266,73.84916687011719
2009-08-20,100.98999786376953,74.61013793945312
2009-08-21,102.97000122070312,76.07295227050781
2009-08-24,102.95999908447266,76.06553649902344
2009-08-25,103.16000366210938,76.21329498291016
2009-08-26,103.16999816894531,76.22069549560547
2009-08-27,103.4000015258789,76.3906021118164
2009-08-28,103.37999725341797,76.37582397460938
2009-08-31,102.45999908447266,75.69615173339844
2009-09-01,100.19999694824219,74.0264892578125
2009-09-02,99.81999969482422,73.74573516845703
2009-09-03,100.6500015258789,74.35895538330078
2009-09-04,102.05999755859375,75.40065002441406
2009-09-08,102.94000244140625,76.0508041381836
2009-09-09,103.7300033569336,76.6344223022461
2009-09-10,104.79000091552734,77.41751861572266
2009-09-11,104.7699966430664,77.40274047851562
2009-09-14,105.27999877929688,77.7795181274414
2009-09-15,105.72000122070312,78.10457611083984
2009-09-16,107.31999969482422,79.2866439819336
2009-09-17,107.16000366210938,79.16846466064453
2009-09-18,106.72000122070312,79.21895599365234
2009-09-21,106.44999694824219,79.01849365234375
2009-09-22,107.06999969482422,79.47871398925781
2009-09-23,106.18000030517578,78.8180923461914
2009-09-24,105.01000213623047,77.94960021972656
2009-09-25,104.44999694824219,77.5339126586914
2009-09-28,106.31999969482422,78.92198944091797
2009-09-29,106.0,78.68445587158203
2009-09-30,105.58999633789062,78.3801040649414
2009-10-01,102.97000122070312,76.43529510498047
2009-10-02,102.48999786376953,76.07896423339844
2009-10-05,104.0199966430664,77.21468353271484
2009-10-06,105.51000213623047,78.32073974609375
2009-10-07,105.80000305175781,78.53601837158203
2009-10-08,106.61000061035156,79.13728332519531
2009-10-09,107.26000213623047,79.61976623535156
2009-10-12,107.68000030517578,79.93156433105469
2009-10-13,107.45999908447266,79.76822662353516
2009-10-14,109.30999755859375,81.14151763916016
2009-10-15,109.70999908447266,81.43840789794922
2009-10-16,108.88999938964844,80.8297348022461
2009-10-19,109.79000091552734,81.497802734375
2009-10-20,109.20999908447266,81.06727600097656
2009-10-21,108.2300033569336,80.33983612060547
2009-10-22,109.33000183105469,81.1563491821289
2009-10-23,108.08000183105469,80.22847747802734
2009-10-26,106.91000366210938,79.35995483398438
2009-10-27,106.41999816894531,78.99624633789062
2009-10-28,104.41000366210938,77.50424194335938
2009-10-29,106.6500015258789,79.16697692871094
2009-10-30,103.55999755859375,76.87321472167969
2009-11-02,104.31999969482422,77.4374008178711
2009-11-03,104.6500015258789,77.68233489990234
2009-11-04,104.91999816894531,77.88276672363281
2009-11-05,106.8499984741211,79.31542205810547
2009-11-06,107.12999725341797,79.5232925415039
2009-11-09,109.56999969482422,81.33452606201172
2009-11-10,109.58999633789062,81.3493423461914
2009-11-11,110.1500015258789,81.76504516601562
2009-11-12,109.02999877929688,80.93365478515625
2009-11-13,109.62000274658203,81.37162017822266
2009-11-16,111.20999908447266,82.5519027709961
2009-11-17,111.33999633789062,82.64839172363281
2009-11-18,111.2699966430664,82.59639739990234
2009-11-19,109.81999969482422,81.52006530761719
2009-11-20,109.43000030517578,81.2305679321289
2009-11-23,110.81999969482422,82.26239013671875
2009-11-24,110.98999786376953,82.38858032226562
2009-11-25,111.37999725341797,82.67807006835938
2009-11-27,109.56999969482422,81.33452606201172
2009-11-30,109.94000244140625,81.60914611816406
2009-12-01,111.30000305175781,82.61869049072266
2009-12-02,111.25,82.58158111572266
2009-12-03,110.37999725341797,81.93578338623047
2009-12-04,111.01000213623047,82.40342712402344
2009-12-07,110.83999633789062,82.27721405029297
2009-12-08,109.61000061035156,81.36418914794922
2009-12-09,110.0199966430664,81.66853332519531
2009-12-10,110.63999938964844,82.12876892089844
2009-12-11,111.11000061035156,82.4776611328125
2009-12-14,111.87000274658203,83.04177856445312
2009-12-15,111.3499984741211,82.65580749511719
2009-12-16,111.5199966430664,82.78199768066406
2009-12-17,110.18000030517578,81.7873306274414
2009-12-18,110.20999908447266,82.24996948242188
2009-12-21,111.33000183105469,83.08586883544922
2009-12-22,111.7300033569336,83.3843994140625
2009-12-23,111.94999694824219,83.548583984375
2009-12-24,112.4800033569336,83.944091796875
2009-12-28,112.72000122070312,84.12322998046875
2009-12-29,112.55999755859375,84.0038070678711
2009-12-30,112.5199966430664,83.97399139404297
2009-12-31,111.44000244140625,83.16796875
2010-01-04,113.33000183105469,84.57849884033203
2010-01-05,113.62999725341797,84.80235290527344
2010-01-06,113.70999908447266,84.86205291748047
2010-01-07,114.19000244140625,85.22029876708984
2010-01-08,114.56999969482422,85.5039291381836
2010-01-11,114.7300033569336,85.62329864501953
2010-01-12,113.66000366210938,84.82475280761719
2010-01-13,114.62000274658203,85.54120635986328
2010-01-14,114.93000030517578,85.7725601196289
2010-01-15,113.63999938964844,84.80982208251953
2010-01-19,115.05999755859375,85.86958312988281
2010-01-20,113.88999938964844,84.99638366699219
2010-01-21,111.69999694824219,83.36198425292969
2010-01-22,109.20999908447266,81.50370788574219
2010-01-25,109.7699966430664,81.92162322998047
2010-01-26,109.30999755859375,81.57835388183594
2010-01-27,109.83000183105469,81.96641540527344
2010-01-28,108.56999969482422,81.02608489990234
2010-01-29,107.38999938964844,80.14544677734375
2010-02-01,109.05999755859375,81.39175415039062
2010-02-02,110.37999725341797,82.37686920166016
2010-02-03,109.83000183105469,81.96641540527344
2010-02-04,106.44000244140625,79.43646240234375
2010-02-05,106.66000366210938,79.60065460205078
2010-02-08,105.88999938964844,79.02597045898438
2010-02-09,107.22000122070312,80.01856994628906
2010-02-10,107.01000213623047,79.86186218261719
2010-02-11,108.12999725341797,80.69770812988281
2010-02-12,108.04000091552734,80.63054656982422
2010-02-16,109.73999786376953,81.8992691040039
2010-02-17,110.26000213623047,82.28733825683594
2010-02-18,110.91000366210938,82.77244567871094
2010-02-19,111.13999938964844,82.94405364990234
2010-02-22,111.16000366210938,82.9590072631836
2010-02-23,109.80999755859375,81.95146942138672
2010-02-24,110.81999969482422,82.70528411865234
2010-02-25,110.66999816894531,82.59329986572266
2010-02-26,110.73999786376953,82.64554595947266
2010-03-01,111.88999938964844,83.50379943847656
2010-03-02,112.19999694824219,83.73516082763672
2010-03-03,112.30000305175781,83.8097915649414
2010-03-04,112.63999938964844,84.06354522705078
2010-03-05,114.25,85.26506042480469
2010-03-08,114.2699966430664,85.280029296875
2010-03-09,114.45999908447266,85.42182922363281
2010-03-10,114.97000122070312,85.80240631103516
2010-03-11,115.44999694824219,86.16062927246094
2010-03-12,115.45999908447266,86.1680908203125
2010-03-15,115.48999786376953,86.19049072265625
2010-03-16,116.41000366210938,86.8770980834961
2010-03-17,117.0999984741211,87.39205169677734
2010-03-18,117.04000091552734,87.34728240966797
2010-03-19,115.97000122070312,86.90512084960938
2010-03-22,116.58999633789062,87.3697509765625
2010-03-23,117.41000366210938,87.98420715332031
2010-03-24,116.83999633789062,87.55709838867188
2010-03-25,116.6500015258789,87.4146957397461
2010-03-26,116.58000183105469,87.36224365234375
2010-03-29,117.31999969482422,87.9167709350586
2010-03-30,117.4000015258789,87.97674560546875
2010-03-31,117.0,87.6769790649414
2010-04-01,117.80000305175781,88.2764892578125
2010-04-05,118.76000213623047,88.99590301513672
2010-04-06,119.04000091552734,89.2057113647461
2010-04-07,118.36000061035156,88.69615936279297
2010-04-08,118.7699966430664,89.00337982177734
2010-04-09,119.55000305175781,89.58792877197266
2010-04-12,119.73999786376953,89.73030090332031
2010-04-13,119.83000183105469,89.7977294921875
2010-04-14,121.19000244140625,90.81685638427734
2010-04-15,121.29000091552734,90.89180755615234
2010-04-16,119.36000061035156,89.44552612304688
2010-04-19,119.80999755859375,89.78275299072266
2010-04-20,120.87999725341797,90.58458709716797
2010-04-21,120.66000366210938,90.41971588134766
2010-04-22,121.0199966430664,90.6894760131836
2010-04-23,121.80999755859375,91.2814712524414
2010-04-26,121.3499984741211,90.93677520751953
2010-04-27,118.4800033569336,88.78604888916016
2010-04-28,119.37999725341797,89.46048736572266
2010-04-29,120.86000061035156,90.569580078125
2010-04-30,118.80999755859375,89.03336334228516
2010-05-03,120.3499984741211,90.18740844726562
2010-05-04,117.5199966430664,88.066650390625
2010-05-05,116.81999969482422,87.54209899902344
2010-05-06,112.94000244140625,84.6344985961914
2010-05-07,111.26000213623047,83.37557220458984
2010-05-10,116.16000366210938,87.0475082397461
2010-05-11,115.83000183105469,86.80021667480469
2010-05-12,117.44999694824219,88.01421356201172
2010-05-13,115.98999786376953,86.92012786865234
2010-05-14,113.88999938964844,85.346435546875
2010-05-17,113.94999694824219,85.39138793945312
2010-05-18,112.4000015258789,84.22985076904297
2010-05-19,111.76000213623047,83.75027465820312
2010-05-20,107.54000091552734,80.587890625
2010-05-21,109.11000061035156,81.7644271850586
2010-05-24,107.70999908447266,80.71527099609375
2010-05-25,107.81999969482422,80.79772186279297
2010-05-26,107.16999816894531,80.31065368652344
2010-05-27,110.76000213623047,83.00088500976562
2010-05-28,109.37000274658203,81.95924377441406
2010-06-01,107.52999877929688,80.58039855957031
2010-06-02,110.33000183105469,82.67864990234375
2010-06-03,110.70999908447266,82.96344757080078
2010-06-04,106.81999969482422,80.04833221435547
2010-06-07,105.48999786376953,79.05165100097656
2010-06-08,106.62000274658203,79.8984603881836
2010-06-09,106.05000305175781,79.47130584716797
2010-06-10,109.1500015258789,81.79439544677734
2010-06-11,109.68000030517578,82.19154357910156
2010-06-14,109.51000213623047,82.06415557861328
2010-06-15,112.0,83.93012237548828
2010-06-16,111.95999908447266,83.90013122558594
2010-06-17,112.13999938964844,84.0350112915039
2010-06-18,111.7300033569336,84.12612915039062
2010-06-21,111.41000366210938,83.88520050048828
2010-06-22,109.56999969482422,82.4997787475586
2010-06-23,109.2300033569336,82.24378204345703
2010-06-24,107.41999816894531,80.88095092773438
2010-06-25,107.87000274658203,81.21977996826172
2010-06-28,107.52999877929688,80.9637680053711
2010-06-29,104.20999908447266,78.4640121459961
2010-06-30,103.22000122070312,77.71862030029297
2010-07-01,102.76000213623047,77.37220764160156
2010-07-02,102.19999694824219,76.95061492919922
2010-07-06,102.87000274658203,77.45506286621094
2010-07-07,106.11000061035156,79.89460754394531
2010-07-08,107.16000366210938,80.68518829345703
2010-07-09,107.95999908447266,81.28753662109375
2010-07-12,108.02999877929688,81.34027099609375
2010-07-13,109.66000366210938,82.5675277709961
2010-07-14,109.6500015258789,82.55999755859375
2010-07-15,109.68000030517578,82.58259582519531
2010-07-16,106.66000366210938,80.3087158203125
2010-07-19,107.29000091552734,80.7830581665039
2010-07-20,108.4800033569336,81.67906188964844
2010-07-21,107.06999969482422,80.617431640625
2010-07-22,109.45999908447266,82.4169692993164
2010-07-23,110.41000366210938,83.13225555419922
2010-07-26,111.55999755859375,83.99813079833984
2010-07-27,111.55000305175781,83.99063110351562
2010-07-28,110.83000183105469,83.44849395751953
2010-07-29,110.29000091552734,83.04190063476562
2010-07-30,110.2699966430664,83.02684020996094
2010-08-02,112.76000213623047,84.90164947509766
2010-08-03,112.22000122070312,84.49508666992188
2010-08-04,112.97000122070312,85.0597915649414
2010-08-05,112.8499984741211,84.96942138671875
2010-08-06,112.38999938964844,84.62308502197266
2010-08-09,112.98999786376953,85.07483673095703
2010-08-10,112.37999725341797,84.61553192138672
2010-08-11,109.30000305175781,82.29649353027344
2010-08-12,108.62999725341797,81.79203796386719
2010-08-13,108.30999755859375,81.55105590820312
2010-08-16,108.26000213623047,81.51344299316406
2010-08-17,109.58999633789062,82.51482391357422
2010-08-18,109.79000091552734,82.66544342041016
2010-08-19,107.87999725341797,81.22730255126953
2010-08-20,107.52999877929688,80.9637680053711
2010-08-23,107.12000274658203,80.65506744384766
2010-08-24,105.52999877929688,79.45790100097656
2010-08-25,105.94000244140625,79.7666015625
2010-08-26,105.2300033569336,79.23202514648438
2010-08-27,106.86000061035156,80.45930480957031
2010-08-30,105.30999755859375,79.29222106933594
2010-08-31,105.30999755859375,79.29222106933594
2010-09-01,108.45999908447266,81.66399383544922
2010-09-02,109.47000122070312,82.42449951171875
2010-09-03,110.88999938964844,83.49364471435547
2010-09-07,109.63999938964844,82.5524673461914
2010-09-08,110.41000366210938,83.13225555419922
2010-09-09,110.91999816894531,83.51624298095703
2010-09-10,111.4800033569336,83.9378662109375
2010-09-13,112.72000122070312,84.87153625488281
2010-09-14,112.6500015258789,84.8188247680664
2010-09-15,113.08000183105469,85.14259338378906
2010-09-16,113.05000305175781,85.1200180053711
2010-09-17,112.48999786376953,85.15180206298828
2010-09-20,114.20999908447266,86.45380401611328
2010-09-21,113.9800033569336,86.27969360351562
2010-09-22,113.41999816894531,85.85578918457031
2010-09-23,112.5,85.15938568115234
2010-09-24,114.81999969482422,86.91557312011719
2010-09-27,114.2699966430664,86.49922943115234
2010-09-28,114.66999816894531,86.802001953125
2010-09-29,114.47000122070312,86.6506118774414
2010-09-30,114.12999725341797,86.39323425292969
2010-10-01,114.61000061035156,86.75658416748047
2010-10-04,113.75,86.10559844970703
2010-10-05,116.04000091552734,87.83905029296875
2010-10-06,116.02999877929688,87.83146667480469
2010-10-07,115.88999938964844,87.72549438476562
2010-10-08,116.54000091552734,88.2175521850586
2010-10-11,116.6500015258789,88.30078125
2010-10-12,117.01000213623047,88.57331848144531
2010-10-13,117.91999816894531,89.26216125488281
2010-10-14,117.45999908447266,88.91394805908203
2010-10-15,117.69999694824219,89.09561920166016
2010-10-18,118.27999877929688,89.53466033935547
2010-10-19,116.7300033569336,88.36135864257812
2010-10-20,117.87000274658203,89.22428894042969
2010-10-21,118.12999725341797,89.42115020751953
2010-10-22,118.3499984741211,89.5876693725586
2010-10-25,118.69999694824219,89.85259246826172
2010-10-26,118.72000122070312,89.86775970458984
2010-10-27,118.37999725341797,89.61035919189453
2010-10-28,118.4000015258789,89.62552642822266
2010-10-29,118.48999786376953,89.69364166259766
2010-11-01,118.52999877929688,89.72389221191406
2010-11-02,119.47000122070312,90.43546295166016
2010-11-03,119.94999694824219,90.7988052368164
2010-11-04,122.26000213623047,92.54743957519531
2010-11-05,122.72000122070312,92.89563751220703
2010-11-08,122.48999786376953,92.72151184082031
2010-11-09,121.61000061035156,92.0553970336914
2010-11-10,122.0999984741211,92.42630767822266
2010-11-11,121.63999938964844,92.07806396484375
2010-11-12,120.19999694824219,90.9880599975586
2010-11-15,120.02999877929688,90.8593521118164
2010-11-16,118.16000366210938,89.44383239746094
2010-11-17,118.22000122070312,89.48924255371094
2010-11-18,119.95999908447266,90.8063735961914
2010-11-19,120.29000091552734,91.05619812011719
2010-11-22,120.19000244140625,90.9804916381836
2010-11-23,118.44999694824219,89.6633529663086
2010-11-24,120.19999694824219,90.9880599975586
2010-11-26,118.80000305175781,89.92829132080078
2010-11-29,119.16000366210938,90.20081329345703
2010-11-30,118.48999786376953,89.69364166259766
2010-12-01,121.01000213623047,91.6011962890625
2010-12-02,122.55999755859375,92.77449035644531
2010-12-03,122.88999938964844,93.02432250976562
2010-12-06,122.76000213623047,92.92588806152344
2010-12-07,122.83000183105469,92.9789047241211
2010-12-08,123.27999877929688,93.31952667236328
2010-12-09,123.76000213623047,93.68286895751953
2010-12-10,124.4800033569336,94.22789001464844
2010-12-13,124.55999755859375,94.28844451904297
2010-12-14,124.66999816894531,94.37171936035156
2010-12-15,124.0999984741211,93.94026947021484
2010-12-16,124.81999969482422,94.48529052734375
2010-12-17,124.30000305175781,94.58650207519531
2010-12-20,124.5999984741211,94.81477355957031
2010-12-21,125.38999938964844,95.41593170166016
2010-12-22,125.77999877929688,95.71269226074219
2010-12-23,125.5999984741211,95.57569885253906
2010-12-27,125.6500015258789,95.6137924194336
2010-12-28,125.83000183105469,95.75074005126953
2010-12-29,125.91999816894531,95.81922912597656
2010-12-30,125.72000122070312,95.66705322265625
2010-12-31,125.75,95.68989562988281
2011-01-03,127.05000305175781,96.67909240722656
2011-01-04,126.9800033569336,96.6258544921875
2011-01-05,127.63999938964844,97.12805938720703
2011-01-06,127.38999938964844,96.9378433227539
2011-01-07,127.13999938964844,96.74761199951172
2011-01-10,126.9800033569336,96.6258544921875
2011-01-11,127.43000030517578,96.96826171875
2011-01-12,128.5800018310547,97.8433837890625
2011-01-13,128.3699951171875,97.68357849121094
2011-01-14,129.3000030517578,98.3912353515625
2011-01-18,129.52000427246094,98.55866241455078
2011-01-19,128.25,97.59223937988281
2011-01-20,128.0800018310547,97.46287536621094
2011-01-21,128.3699951171875,97.68357849121094
2011-01-24,129.10000610351562,98.23905944824219
2011-01-25,129.1699981689453,98.29231262207031
2011-01-26,129.6699981689453,98.67282104492188
2011-01-27,129.99000549316406,98.9162826538086
2011-01-28,127.72000122070312,97.18894958496094
2011-01-31,128.67999267578125,97.9194564819336
2011-02-01,130.74000549316406,99.48700714111328
2011-02-02,130.49000549316406,99.29679870605469
2011-02-03,130.77999877929688,99.5174560546875
2011-02-04,131.14999389648438,99.79900360107422
2011-02-07,131.97000122070312,100.42296600341797
2011-02-08,132.57000732421875,100.87954711914062
2011-02-09,132.27000427246094,100.65129852294922
2011-02-10,132.32000732421875,100.68934631347656
2011-02-11,133.11000061035156,101.29047393798828
2011-02-14,133.42999267578125,101.53398895263672
2011-02-15,133.00999450683594,101.21439361572266
2011-02-16,133.85000610351562,101.85359954833984
2011-02-17,134.25,102.157958984375
2011-02-18,134.52999877929688,102.37103271484375
2011-02-22,131.8300018310547,100.31645965576172
2011-02-23,131.02000427246094,99.70008087158203
2011-02-24,130.92999267578125,99.63158416748047
2011-02-25,132.3300018310547,100.69694519042969
2011-02-28,133.14999389648438,101.3208999633789
2011-03-01,130.92999267578125,99.63158416748047
2011-03-02,131.2100067138672,99.84469604492188
2011-03-03,133.47000122070312,101.5644302368164
2011-03-04,132.47000122070312,100.80348205566406
2011-03-07,131.42999267578125,100.01205444335938
2011-03-08,132.5800018310547,100.88716888427734
2011-03-09,132.38999938964844,100.74258422851562
2011-03-10,129.94000244140625,98.87826538085938
2011-03-11,130.83999633789062,99.56307220458984
2011-03-14,130.0500030517578,98.96192932128906
2011-03-15,128.55999755859375,97.82813262939453
2011-03-16,126.18000030517578,96.01709747314453
2011-03-17,127.8499984741211,97.28785705566406
2011-03-18,127.76000213623047,97.64170837402344
2011-03-21,129.74000549316406,99.15494537353516
2011-03-22,129.2899932861328,98.81101989746094
2011-03-23,129.66000366210938,99.09379577636719
2011-03-24,130.89999389648438,100.04148864746094
2011-03-25,131.3000030517578,100.34718322753906
2011-03-28,130.97999572753906,100.10265350341797
2011-03-29,131.86000061035156,100.77517700195312
2011-03-30,132.77000427246094,101.47064971923828
2011-03-31,132.58999633789062,101.33307647705078
2011-04-01,133.14999389648438,101.76107025146484
2011-04-04,133.25999450683594,101.84513092041016
2011-04-05,133.24000549316406,101.8298568725586
2011-04-06,133.66000366210938,102.15083312988281
2011-04-07,133.32000732421875,101.89097595214844
2011-04-08,132.86000061035156,101.5394287109375
2011-04-11,132.4600067138672,101.23371124267578
2011-04-12,131.47000122070312,100.47713470458984
2011-04-13,131.4600067138672,100.46951293945312
2011-04-14,131.55999755859375,100.5458984375
2011-04-15,132.0399932861328,100.91273498535156
2011-04-18,130.55999755859375,99.78163146972656
2011-04-19,131.30999755859375,100.35488891601562
2011-04-20,133.10000610351562,101.7228775024414
2011-04-21,133.77999877929688,102.2425537109375
2011-04-25,133.63999938964844,102.13554382324219
2011-04-26,134.7899932861328,103.01445007324219
2011-04-27,135.6699981689453,103.6870346069336
2011-04-28,136.11000061035156,104.02323913574219
2011-04-29,136.42999267578125,104.267822265625
2011-05-02,136.22000122070312,104.10736083984375
2011-05-03,135.72999572753906,103.73285675048828
2011-05-04,134.8300018310547,103.04502868652344
2011-05-05,133.61000061035156,102.11264038085938
2011-05-06,134.1999969482422,102.56352233886719
2011-05-09,134.72000122070312,102.9609603881836
2011-05-10,135.8699951171875,103.83985137939453
2011-05-11,134.44000244140625,102.74696350097656
2011-05-12,135.0800018310547,103.23607635498047
2011-05-13,134.0399932861328,102.44125366210938
2011-05-16,133.19000244140625,101.79165649414062
2011-05-17,133.1699981689453,101.77635192871094
2011-05-18,134.36000061035156,102.68582916259766
2011-05-19,134.67999267578125,102.9303970336914
2011-05-20,133.61000061035156,102.11264038085938
2011-05-23,132.05999755859375,100.92803955078125
2011-05-24,131.9499969482422,100.84394836425781
2011-05-25,132.38999938964844,101.18021392822266
2011-05-26,133.0,101.64643859863281
2011-05-27,133.50999450683594,102.03620910644531
2011-05-31,134.89999389648438,103.09852600097656
2011-06-01,131.8699951171875,100.7828369140625
2011-06-02,131.72999572753906,100.67582702636719
2011-06-03,130.4199981689453,99.6746826171875
2011-06-06,129.0399932861328,98.61998748779297
2011-06-07,128.9600067138672,98.55882263183594
2011-06-08,128.4199981689453,98.14612579345703
2011-06-09,129.39999389648438,98.89509582519531
2011-06-10,127.5999984741211,97.5194320678711
2011-06-13,127.69999694824219,97.59588623046875
2011-06-14,129.32000732421875,98.83399963378906
2011-06-15,127.0199966430664,97.07618713378906
2011-06-16,127.30000305175781,97.2901382446289
2011-06-17,127.05000305175781,97.58047485351562
2011-06-20,127.69999694824219,98.07971954345703
2011-06-21,129.4499969482422,99.42378234863281
2011-06-22,128.6699981689453,98.8247299194336
2011-06-23,128.3000030517578,98.54056549072266
2011-06-24,126.80999755859375,97.39615631103516
2011-06-27,127.94000244140625,98.26404571533203
2011-06-28,129.61000061035156,99.54672241210938
2011-06-29,130.72000122070312,100.39922332763672
2011-06-30,131.97000122070312,101.3592529296875
2011-07-01,133.9199981689453,102.85700225830078
2011-07-05,133.80999755859375,102.7724838256836
2011-07-06,133.97000122070312,102.89537811279297
2011-07-07,135.36000061035156,103.96294403076172
2011-07-08,134.39999389648438,103.22563934326172
2011-07-11,131.97000122070312,101.3592529296875
2011-07-12,131.39999389648438,100.92147827148438
2011-07-13,131.83999633789062,101.2593994140625
2011-07-14,130.92999267578125,100.56048583984375
2011-07-15,131.69000244140625,101.14419555664062
2011-07-18,130.61000061035156,100.31474304199219
2011-07-19,132.72999572753906,101.94302368164062
2011-07-20,132.64999389648438,101.88153076171875
2011-07-21,134.49000549316406,103.2947998046875
2011-07-22,134.5800018310547,103.36385345458984
2011-07-25,133.8300018310547,102.78785705566406
2011-07-26,133.3300018310547,102.40381622314453
2011-07-27,130.60000610351562,100.30704498291016
2011-07-28,130.22000122070312,100.01518249511719
2011-07-29,129.3300018310547,99.3316421508789
2011-08-01,128.77999877929688,98.90919494628906
2011-08-02,125.48999786376953,96.38233947753906
2011-08-03,126.16999816894531,96.90461730957031
2011-08-04,120.26000213623047,92.36543273925781
2011-08-05,120.08000183105469,92.22716522216797
2011-08-08,112.26000213623047,86.2210693359375
2011-08-09,117.4800033569336,90.23027801513672
2011-08-10,112.29000091552734,86.24410247802734
2011-08-11,117.33000183105469,90.11507415771484
2011-08-12,118.12000274658203,90.72183990478516
2011-08-15,120.62000274658203,92.64198303222656
2011-08-16,119.58999633789062,91.85086822509766
2011-08-17,119.66999816894531,91.91228485107422
2011-08-18,114.51000213623047,87.94915008544922
2011-08-19,112.63999938964844,86.51293182373047
2011-08-22,112.7300033569336,86.5820083618164
2011-08-23,116.44000244140625,89.43148040771484
2011-08-24,118.08000183105469,90.69108581542969
2011-08-25,116.27999877929688,89.30860137939453
2011-08-26,117.97000122070312,90.60662078857422
2011-08-29,121.36000061035156,93.21028137207031
2011-08-30,121.68000030517578,93.4560546875
2011-08-31,122.22000122070312,93.87080383300781
2011-09-01,120.94000244140625,92.88772583007812
2011-09-02,117.8499984741211,90.51445007324219
2011-09-06,116.98999786376953,89.85391998291016
2011-09-07,120.29000091552734,92.38848114013672
2011-09-08,119.04000091552734,91.42839813232422
2011-09-09,115.91999816894531,89.03211975097656
2011-09-12,116.66999816894531,89.6081314086914
2011-09-13,117.73999786376953,90.42994689941406
2011-09-14,119.37000274658203,91.681884765625
2011-09-15,121.43000030517578,93.26404571533203
2011-09-16,121.5199966430664,93.8160629272461
2011-09-19,120.30999755859375,92.88191223144531
2011-09-20,120.16999816894531,92.77379608154297
2011-09-21,116.62999725341797,90.04087829589844
2011-09-22,112.86000061035156,87.13035583496094
2011-09-23,113.54000091552734,87.65530395507812
2011-09-26,116.23999786376953,89.7397689819336
2011-09-27,117.54000091552734,90.7433853149414
2011-09-28,115.13999938964844,88.89054870605469
2011-09-29,116.05000305175781,89.59310150146484
2011-09-30,113.1500015258789,87.35420227050781
2011-10-03,109.93000030517578,84.86829376220703
2011-10-04,112.33999633789062,86.72889709472656
2011-10-05,114.41999816894531,88.33470916748047
2011-10-06,116.48999786376953,89.93279266357422
2011-10-07,115.70999908447266,89.33061981201172
2011-10-10,119.58000183105469,92.31834411621094
2011-10-11,119.69999694824219,92.41096496582031
2011-10-12,120.75,93.22157287597656
2011-10-13,120.51000213623047,93.03630065917969
2011-10-14,122.56999969482422,94.62666320800781
2011-10-17,120.2300033569336,92.82011413574219
2011-10-18,122.58000183105469,94.6343765258789
2011-10-19,121.12999725341797,93.51493835449219
2011-10-20,121.66000366210938,93.92412567138672
2011-10-21,123.97000122070312,95.70748138427734
2011-10-24,125.48999786376953,96.88097381591797
2011-10-25,123.05000305175781,94.99723815917969
2011-10-26,124.30000305175781,95.96229553222656
2011-10-27,128.6300048828125,99.30513000488281
2011-10-28,128.60000610351562,99.28197479248047
2011-10-31,125.5,96.88865661621094
2011-11-01,122.0,94.18663024902344
2011-11-02,123.98999786376953,95.72295379638672
2011-11-03,126.25,97.46770477294922
2011-11-04,125.4800033569336,96.87324523925781
2011-11-07,126.26000213623047,97.47541809082031
2011-11-08,127.87999725341797,98.72611999511719
2011-11-09,123.16000366210938,95.0821533203125
2011-11-10,124.31999969482422,95.97769927978516
2011-11-11,126.66000366210938,97.78424835205078
2011-11-14,125.45999908447266,96.85779571533203
2011-11-15,126.08000183105469,97.33648681640625
2011-11-16,124.08000183105469,95.79243469238281
2011-11-17,122.11000061035156,94.27153778076172
2011-11-18,121.9800033569336,94.1711654663086
2011-11-21,119.66000366210938,92.38007354736328
2011-11-22,119.19000244140625,92.01722717285156
2011-11-23,116.55999755859375,89.98681640625
2011-11-25,116.33999633789062,89.81697845458984
2011-11-28,119.70999908447266,92.41869354248047
2011-11-29,120.05000305175781,92.68119812011719
2011-11-30,124.98999786376953,96.49495697021484
2011-12-01,124.97000122070312,96.47953033447266
2011-12-02,124.86000061035156,96.39457702636719
2011-12-05,126.22000122070312,97.44452667236328
2011-12-06,126.26000213623047,97.47541809082031
2011-12-07,126.7300033569336,97.83828735351562
2011-12-08,123.94999694824219,95.69204711914062
2011-12-09,126.05000305175781,97.31328582763672
2011-12-12,124.20999908447266,95.89278411865234
2011-12-13,123.05000305175781,94.99723815917969
2011-12-14,121.73999786376953,93.98588562011719
2011-12-15,122.18000030517578,94.32555389404297
2011-12-16,121.58999633789062,94.46544647216797
2011-12-19,120.29000091552734,93.45542907714844
2011-12-20,123.93000030517578,96.28340148925781
2011-12-21,124.16999816894531,96.46989440917969
2011-12-22,125.2699966430664,97.32447814941406
2011-12-23,126.38999938964844,98.19464111328125
2011-12-27,126.48999786376953,98.2723388671875
2011-12-28,124.83000183105469,96.9826431274414
2011-12-29,126.12000274658203,97.98485565185547
2011-12-30,125.5,97.503173828125
2012-01-03,127.5,99.05699920654297
2012-01-04,127.69999694824219,99.21240234375
2012-01-05,128.0399932861328,99.47654724121094
2012-01-06,127.70999908447266,99.22013854980469
2012-01-09,128.02000427246094,99.46100616455078
2012-01-10,129.1300048828125,100.32337188720703
2012-01-11,129.1999969482422,100.37776184082031
2012-01-12,129.50999450683594,100.61860656738281
2012-01-13,128.83999633789062,100.09807586669922
2012-01-17,129.33999633789062,100.48654174804688
2012-01-18,130.77000427246094,101.5975112915039
2012-01-19,131.4600067138672,102.13360595703125
2012-01-20,131.9499969482422,102.5142822265625
2012-01-23,131.61000061035156,102.25015258789062
2012-01-24,131.4600067138672,102.13360595703125
2012-01-25,132.55999755859375,102.98822021484375
2012-01-26,131.8800048828125,102.45992279052734
2012-01-27,131.82000732421875,102.41331481933594
2012-01-30,131.3699951171875,102.06368255615234
2012-01-31,131.32000732421875,102.02486419677734
2012-02-01,132.47000122070312,102.9183349609375
2012-02-02,132.67999267578125,103.08145904541016
2012-02-03,134.5399932861328,104.52651977539062
2012-02-06,134.4499969482422,104.4565658569336
2012-02-07,134.7899932861328,104.72071838378906
2012-02-08,135.19000244140625,105.03150939941406
2012-02-09,135.36000061035156,105.16355895996094
2012-02-10,134.36000061035156,104.38668060302734
2012-02-13,135.36000061035156,105.16355895996094
2012-02-14,135.19000244140625,105.03150939941406
2012-02-15,134.55999755859375,104.54206085205078
2012-02-16,136.0500030517578,105.69966888427734
2012-02-17,136.41000366210938,105.97935485839844
2012-02-21,136.47000122070312,106.02593994140625
2012-02-22,136.02999877929688,105.68411254882812
2012-02-23,136.6300048828125,106.15028381347656
2012-02-24,136.92999267578125,106.38333892822266
2012-02-27,137.16000366210938,106.56204223632812
2012-02-28,137.55999755859375,106.87279510498047
2012-02-29,137.02000427246094,106.45326232910156
2012-03-01,137.72999572753906,107.0048599243164
2012-03-02,137.30999755859375,106.67857360839844
2012-03-05,136.75,106.2435073852539
2012-03-06,134.75,104.68966674804688
2012-03-07,135.69000244140625,105.41999053955078
2012-03-08,137.0399932861328,106.46879577636719
2012-03-09,137.57000732421875,106.88057708740234
2012-03-12,137.5800018310547,106.8883285522461
2012-03-13,140.05999755859375,108.81507873535156
2012-03-14,139.91000366210938,108.69855499267578
2012-03-15,140.72000122070312,109.327880859375
2012-03-16,140.3000030517578,109.4792251586914
2012-03-19,140.85000610351562,109.9084243774414
2012-03-20,140.44000244140625,109.58849334716797
2012-03-21,140.2100067138672,109.40901947021484
2012-03-22,139.1999969482422,108.62090301513672
2012-03-23,139.64999389648438,108.97203063964844
2012-03-26,141.61000061035156,110.50141906738281
2012-03-27,141.1699981689453,110.15811920166016
2012-03-28,140.47000122070312,109.61193084716797
2012-03-29,140.22999572753906,109.42459869384766
2012-03-30,140.80999755859375,109.87721252441406
2012-04-02,141.83999633789062,110.680908203125
2012-04-03,141.25999450683594,110.22837829589844
2012-04-04,139.86000061035156,109.13591766357422
2012-04-05,139.7899932861328,109.08129119873047
2012-04-09,138.22000122070312,107.85618591308594
2012-04-10,135.89999389648438,106.04581451416016
2012-04-11,137.0,106.90416717529297
2012-04-12,138.7899932861328,108.30097198486328
2012-04-13,137.13999938964844,107.013427734375
2012-04-16,137.0500030517578,106.94322967529297
2012-04-17,139.0800018310547,108.52725982666016
2012-04-18,138.61000061035156,108.16048431396484
2012-04-19,137.72000122070312,107.46602630615234
2012-04-20,137.9499969482422,107.64550018310547
2012-04-23,136.7899932861328,106.7403564453125
2012-04-24,137.30999755859375,107.14608001708984
2012-04-25,139.19000244140625,108.61311340332031
2012-04-26,140.16000366210938,109.3699951171875
2012-04-27,140.38999938964844,109.54949951171875
2012-04-30,139.8699951171875,109.14376068115234
2012-05-01,140.74000549316406,109.82259368896484
2012-05-02,140.32000732421875,109.49485778808594
2012-05-03,139.25,108.659912109375
2012-05-04,137.0,106.90416717529297
2012-05-07,137.10000610351562,106.98223114013672
2012-05-08,136.5500030517578,106.55302429199219
2012-05-09,135.74000549316406,105.92097473144531
2012-05-10,136.02000427246094,106.1395034790039
2012-05-11,135.61000061035156,105.81952667236328
2012-05-14,134.11000061035156,104.64906311035156
2012-05-15,133.33999633789062,104.04820251464844
2012-05-16,132.8300018310547,103.65023803710938
2012-05-17,130.86000061035156,102.11300659179688
2012-05-18,129.74000549316406,101.23904418945312
2012-05-21,131.97000122070312,102.9791488647461
2012-05-22,132.1999969482422,103.1585922241211
2012-05-23,132.27000427246094,103.21327209472656
2012-05-24,132.52999877929688,103.41614532470703
2012-05-25,132.10000610351562,103.08060455322266
2012-05-29,133.6999969482422,104.32908630371094
2012-05-30,131.75999450683594,102.8153076171875
2012-05-31,131.47000122070312,102.58901977539062
2012-06-01,128.16000366210938,100.0061264038086
2012-06-04,128.10000610351562,99.9593276977539
2012-06-05,129.07000732421875,100.71623992919922
2012-06-06,131.97000122070312,102.9791488647461
2012-06-07,132.0500030517578,103.0416030883789
2012-06-08,133.10000610351562,103.86092376708984
2012-06-11,131.41000366210938,102.54219055175781
2012-06-12,132.9199981689453,103.720458984375
2012-06-13,132.07000732421875,103.05721282958984
2012-06-14,133.47000122070312,104.14966583251953
2012-06-15,134.13999938964844,105.21478271484375
2012-06-18,134.39999389648438,105.41873931884766
2012-06-19,135.6999969482422,106.43843841552734
2012-06-20,135.47999572753906,106.26589965820312
2012-06-21,132.44000244140625,103.88140106201172
2012-06-22,133.4600067138672,104.68144226074219
2012-06-25,131.32000732421875,103.0029296875
2012-06-26,131.97999572753906,103.52059936523438
2012-06-27,133.1699981689453,104.45397186279297
2012-06-28,132.7899932861328,104.15589141845703
2012-06-29,136.10000610351562,106.7521743774414
2012-07-02,136.50999450683594,107.07376861572266
2012-07-03,137.41000366210938,107.77970123291016
2012-07-05,136.7899932861328,107.29341125488281
2012-07-06,135.49000549316406,106.27371978759766
2012-07-09,135.32000732421875,106.14036560058594
2012-07-10,134.13999938964844,105.21478271484375
2012-07-11,134.16000366210938,105.23050689697266
2012-07-12,133.50999450683594,104.72064208984375
2012-07-13,135.75,106.4776382446289
2012-07-16,135.42999267578125,106.22663116455078
2012-07-17,136.36000061035156,106.95613098144531
2012-07-18,137.3699951171875,107.748291015625
2012-07-19,137.72999572753906,108.03069305419922
2012-07-20,136.47000122070312,107.04239654541016
2012-07-23,135.08999633789062,105.95994567871094
2012-07-24,133.92999267578125,105.05008697509766
2012-07-25,133.9600067138672,105.07361602783203
2012-07-26,136.1699981689453,106.80707550048828
2012-07-27,138.67999267578125,108.77582550048828
2012-07-30,138.67999267578125,108.77582550048828
2012-07-31,137.7100067138672,108.01498413085938
2012-08-01,137.58999633789062,107.92086791992188
2012-08-02,136.63999938964844,107.17575073242188
2012-08-03,139.35000610351562,109.30136108398438
2012-08-06,139.6199951171875,109.51311492919922
2012-08-07,140.32000732421875,110.06218719482422
2012-08-08,140.49000549316406,110.19554901123047
2012-08-09,140.61000061035156,110.2896728515625
2012-08-10,140.83999633789062,110.47003173828125
2012-08-13,140.77000427246094,110.41514587402344
2012-08-14,140.7899932861328,110.43087768554688
2012-08-15,140.9499969482422,110.55635070800781
2012-08-16,141.99000549316406,111.37212371826172
2012-08-17,142.17999267578125,111.52111053466797
2012-08-20,142.19000244140625,111.52896118164062
2012-08-21,141.75999450683594,111.19172668457031
2012-08-22,141.82000732421875,111.23876953125
2012-08-23,140.66000366210938,110.32884979248047
2012-08-24,141.50999450683594,110.9955825805664
2012-08-27,141.5399932861328,111.0191421508789
2012-08-28,141.39999389648438,110.90933990478516
2012-08-29,141.50999450683594,110.9955825805664
2012-08-30,140.49000549316406,110.19554901123047
2012-08-31,141.16000366210938,110.7210922241211
2012-09-04,141.02999877929688,110.61912536621094
2012-09-05,140.91000366210938,110.52499389648438
2012-09-06,143.77000427246094,112.76824188232422
2012-09-07,144.3300018310547,113.20748138427734
2012-09-10,143.50999450683594,112.56433868408203
2012-09-11,143.91000366210938,112.8780746459961
2012-09-12,144.38999938964844,113.25457000732422
2012-09-13,146.58999633789062,114.9801254272461
2012-09-14,147.24000549316406,115.489990234375
2012-09-17,146.74000549316406,115.09786224365234
2012-09-18,146.6199951171875,115.00370025634766
2012-09-19,146.6999969482422,115.06643676757812
2012-09-20,146.7100067138672,115.07429504394531
2012-09-21,145.8699951171875,115.02617645263672
2012-09-24,145.64999389648438,114.85272979736328
2012-09-25,144.10000610351562,113.63046264648438
2012-09-26,143.2899932861328,112.99166870117188
2012-09-27,144.63999938964844,114.0562973022461
2012-09-28,143.97000122070312,113.52796173095703
2012-10-01,144.35000610351562,113.82760620117188
2012-10-02,144.5,113.94584655761719
2012-10-03,145.08999633789062,114.4111328125
2012-10-04,146.1300048828125,115.23123931884766
2012-10-05,146.13999938964844,115.23908233642578
2012-10-08,145.63999938964844,114.8448257446289
2012-10-09,144.1999969482422,113.70931243896484
2012-10-10,143.27999877929688,112.98384094238281
2012-10-11,143.36000061035156,113.04691314697266
2012-10-12,142.88999938964844,112.6762924194336
2012-10-15,144.0800018310547,113.61468505859375
2012-10-16,145.5399932861328,114.76594543457031
2012-10-17,146.1999969482422,115.28641510009766
2012-10-18,145.82000732421875,114.98674774169922
2012-10-19,143.38999938964844,113.0705795288086
2012-10-22,143.41000366210938,113.08635711669922
2012-10-23,141.4199981689453,111.51715850830078
2012-10-24,141.02000427246094,111.20170593261719
2012-10-25,141.42999267578125,111.52500915527344
2012-10-26,141.35000610351562,111.4619140625
2012-10-31,141.35000610351562,111.4619140625
2012-11-01,142.8300018310547,112.62903594970703
2012-11-02,141.55999755859375,111.62751007080078
2012-11-05,141.85000610351562,111.8561782836914
2012-11-06,142.9600067138672,112.73149871826172
2012-11-07,139.72000122070312,110.17658996582031
2012-11-08,138.0399932861328,108.85183715820312
2012-11-09,138.16000366210938,108.94646453857422
2012-11-12,138.27000427246094,109.03321075439453
2012-11-13,137.7899932861328,108.65467834472656
2012-11-14,135.92999267578125,107.18795776367188
2012-11-15,135.6999969482422,107.00659942626953
2012-11-16,136.3699951171875,107.5349349975586
2012-11-19,139.1300048828125,109.71137237548828
2012-11-20,139.19000244140625,109.7586898803711
2012-11-21,139.4499969482422,109.96369934082031
2012-11-23,141.35000610351562,111.4619140625
2012-11-26,141.0500030517578,111.22537994384766
2012-11-27,140.3300018310547,110.65760803222656
2012-11-28,141.4600067138672,111.5487060546875
2012-11-29,142.1199951171875,112.0691146850586
2012-11-30,142.14999389648438,112.09275817871094
2012-12-03,141.4499969482422,111.54080963134766
2012-12-04,141.25,111.38307189941406
2012-12-05,141.5,111.58019256591797
2012-12-06,141.97999572753906,111.95868682861328
2012-12-07,142.41000366210938,112.29783630371094
2012-12-10,142.47000122070312,112.34513092041016
2012-12-11,143.44000244140625,113.11003875732422
2012-12-12,143.50999450683594,113.16519927978516
2012-12-13,142.6300048828125,112.47126770019531
2012-12-14,142.10000610351562,112.0533447265625
2012-12-17,143.77000427246094,113.37020874023438
2012-12-18,145.3699951171875,114.6319351196289
2012-12-19,144.2899932861328,113.78028869628906
2012-12-20,145.1199951171875,114.43476867675781
2012-12-21,142.7899932861328,113.39601135253906
2012-12-24,142.35000610351562,113.04658508300781
2012-12-26,141.75,112.57013702392578
2012-12-27,141.55999755859375,112.4192123413086
2012-12-28,140.02999877929688,111.20419311523438
2012-12-31,142.41000366210938,113.09429931640625
2013-01-02,146.05999755859375,115.99288940429688
2013-01-03,145.72999572753906,115.73084259033203
2013-01-04,146.3699951171875,116.23908996582031
2013-01-07,145.97000122070312,115.92144775390625
2013-01-08,145.5500030517578,115.5878677368164
2013-01-09,145.9199981689453,115.88172149658203
2013-01-10,147.0800018310547,116.80292510986328
2013-01-11,147.07000732421875,116.79496765136719
2013-01-14,146.97000122070312,116.71556091308594
2013-01-15,147.07000732421875,116.79496765136719
2013-01-16,147.0500030517578,116.77912902832031
2013-01-17,148.0,117.53355407714844
2013-01-18,148.3300018310547,117.79561614990234
2013-01-22,149.1300048828125,118.4309310913086
2013-01-23,149.3699951171875,118.62152862548828
2013-01-24,149.41000366210938,118.65325927734375
2013-01-25,150.25,119.3203353881836
2013-01-28,150.07000732421875,119.17736053466797
2013-01-29,150.66000366210938,119.64602661132812
2013-01-30,150.07000732421875,119.17736053466797
2013-01-31,149.6999969482422,118.88352966308594
2013-02-01,151.24000549316406,120.10655212402344
2013-02-04,149.5399932861328,118.75651550292969
2013-02-05,151.0500030517578,119.95565795898438
2013-02-06,151.16000366210938,120.04302215576172
2013-02-07,150.9600067138672,119.88419342041016
2013-02-08,151.8000030517578,120.55128479003906
2013-02-11,151.77000427246094,120.5274887084961
2013-02-12,152.02000427246094,120.72604370117188
2013-02-13,152.14999389648438,120.82919311523438
2013-02-14,152.2899932861328,120.94037628173828
2013-02-15,152.11000061035156,120.79745483398438
2013-02-19,153.25,121.70275115966797
2013-02-20,151.33999633789062,120.18598937988281
2013-02-21,150.4199981689453,119.45531463623047
2013-02-22,151.88999938964844,120.62275695800781
2013-02-25,149.0,118.32769012451172
2013-02-26,150.02000427246094,119.13771057128906
2013-02-27,151.91000366210938,120.63866424560547
2013-02-28,151.61000061035156,120.40042114257812
2013-03-01,152.11000061035156,120.79745483398438
2013-03-04,152.9199981689453,121.44071197509766
2013-03-05,154.2899932861328,122.52869415283203
2013-03-06,154.5,122.69548034667969
2013-03-07,154.77999877929688,122.91786193847656
2013-03-08,155.44000244140625,123.44200897216797
2013-03-11,156.02999877929688,123.9105224609375
2013-03-12,155.67999267578125,123.63257598876953
2013-03-13,155.89999389648438,123.80730438232422
2013-03-14,156.72999572753906,124.4664306640625
2013-03-15,155.8300018310547,124.3021011352539
2013-03-18,154.97000122070312,123.61611938476562
2013-03-19,154.61000061035156,123.32887268066406
2013-03-20,155.69000244140625,124.19036865234375
2013-03-21,154.36000061035156,123.12950897216797
2013-03-22,155.60000610351562,124.11862182617188
2013-03-25,154.9499969482422,123.60015106201172
2013-03-26,156.19000244140625,124.58932495117188
2013-03-27,156.19000244140625,124.58932495117188
2013-03-28,156.6699981689453,124.97212219238281
2013-04-01,156.0500030517578,124.47759246826172
2013-04-02,156.82000732421875,125.09178161621094
2013-04-03,155.22999572753906,123.82347106933594
2013-04-04,155.86000061035156,124.32603454589844
2013-04-05,155.16000366210938,123.7676773071289
2013-04-08,156.2100067138672,124.60517883300781
2013-04-09,156.75,125.03600311279297
2013-04-10,158.6699981689453,126.56754302978516
2013-04-11,159.19000244140625,126.98235321044922
2013-04-12,158.8000030517578,126.67122650146484
2013-04-15,155.1199951171875,123.73572540283203
2013-04-16,157.41000366210938,125.56243133544922
2013-04-17,155.11000061035156,123.72779846191406
2013-04-18,154.13999938964844,122.95405578613281
2013-04-19,155.47999572753906,124.02288055419922
2013-04-22,156.1699981689453,124.57328796386719
2013-04-23,157.77999877929688,125.85751342773438
2013-04-24,157.8800048828125,125.93739318847656
2013-04-25,158.52000427246094,126.44786071777344
2013-04-26,158.24000549316406,126.2244873046875
2013-04-29,159.3000030517578,127.07001495361328
2013-04-30,159.67999267578125,127.37317657470703
2013-05-01,158.27999877929688,126.2564468383789
2013-05-02,159.75,127.42901611328125
2013-05-03,161.3699951171875,128.7212371826172
2013-05-06,161.77999877929688,129.0482635498047
2013-05-07,162.60000610351562,129.702392578125
2013-05-08,163.33999633789062,130.29266357421875
2013-05-09,162.8800048828125,129.92576599121094
2013-05-10,163.41000366210938,130.34848022460938
2013-05-13,163.5399932861328,130.4521484375
2013-05-14,165.22999572753906,131.80023193359375
2013-05-15,166.1199951171875,132.51025390625
2013-05-16,165.33999633789062,131.88796997070312
2013-05-17,166.94000244140625,133.1643524169922
2013-05-20,166.92999267578125,133.15634155273438
2013-05-21,167.1699981689453,133.34779357910156
2013-05-22,165.92999267578125,132.35867309570312
2013-05-23,165.4499969482422,131.97572326660156
2013-05-24,165.30999755859375,131.86407470703125
2013-05-28,166.3000030517578,132.6537628173828
2013-05-29,165.22000122070312,131.79226684570312
2013-05-30,165.8300018310547,132.2788848876953
2013-05-31,163.4499969482422,130.38038635253906
2013-06-03,164.35000610351562,131.09829711914062
2013-06-04,163.55999755859375,130.46815490722656
2013-06-05,161.27000427246094,128.64144897460938
2013-06-06,162.72999572753906,129.8060760498047
2013-06-07,164.8000030517578,131.45726013183594
2013-06-10,164.8000030517578,131.45726013183594
2013-06-11,163.10000610351562,130.10122680664062
2013-06-12,161.75,129.02430725097656
2013-06-13,164.2100067138672,130.98663330078125
2013-06-14,163.17999267578125,130.16502380371094
2013-06-17,164.44000244140625,131.17013549804688
2013-06-18,165.74000549316406,132.20709228515625
2013-06-19,163.4499969482422,130.38038635253906
2013-06-20,159.39999389648438,127.14979553222656
2013-06-21,159.07000732421875,127.5579833984375
2013-06-24,157.05999755859375,125.9461669921875
2013-06-25,158.57000732421875,127.15705108642578
2013-06-26,160.13999938964844,128.41598510742188
2013-06-27,161.0800018310547,129.1697540283203
2013-06-28,160.4199981689453,128.6405487060547
2013-07-01,161.36000061035156,129.39434814453125
2013-07-02,161.2100067138672,129.27410888671875
2013-07-03,161.27999877929688,129.33018493652344
2013-07-05,163.02000427246094,130.72549438476562
2013-07-08,163.9499969482422,131.47125244140625
2013-07-09,165.1300048828125,132.41746520996094
2013-07-10,165.19000244140625,132.46554565429688
2013-07-11,167.44000244140625,134.26983642578125
2013-07-12,167.50999450683594,134.32601928710938
2013-07-15,168.14999389648438,134.83920288085938
2013-07-16,167.52000427246094,134.3340301513672
2013-07-17,167.9499969482422,134.67884826660156
2013-07-18,168.8699951171875,135.4165802001953
2013-07-19,169.1699981689453,135.65711975097656
2013-07-22,169.5,135.92178344726562
2013-07-23,169.13999938964844,135.6331329345703
2013-07-24,168.52000427246094,135.1359405517578
2013-07-25,168.92999267578125,135.46470642089844
2013-07-26,169.11000061035156,135.60899353027344
2013-07-29,168.58999633789062,135.19203186035156
2013-07-30,168.58999633789062,135.19203186035156
2013-07-31,168.7100067138672,135.2882537841797
2013-08-01,170.66000366210938,136.8519744873047
2013-08-02,170.9499969482422,137.08453369140625
2013-08-05,170.6999969482422,136.88400268554688
2013-08-06,169.72999572753906,136.10623168945312
2013-08-07,169.17999267578125,135.66519165039062
2013-08-08,169.8000030517578,136.16233825683594
2013-08-09,169.30999755859375,135.76934814453125
2013-08-12,169.11000061035156,135.60899353027344
2013-08-13,169.61000061035156,136.00997924804688
2013-08-14,168.74000549316406,135.31234741210938
2013-08-15,166.3800048828125,133.41983032226562
2013-08-16,165.8300018310547,132.97879028320312
2013-08-19,164.77000427246094,132.12881469726562
2013-08-20,165.5800018310547,132.7783660888672
2013-08-21,164.55999755859375,131.9604034423828
2013-08-22,166.05999755859375,133.16331481933594
2013-08-23,166.6199951171875,133.61227416992188
2013-08-26,166.0,133.11517333984375
2013-08-27,163.3300018310547,130.9740753173828
2013-08-28,163.91000366210938,131.43914794921875
2013-08-29,164.1699981689453,131.64768981933594
2013-08-30,163.64999389648438,131.23062133789062
2013-09-03,164.38999938964844,131.8240966796875
2013-09-04,165.75,132.91465759277344
2013-09-05,165.9600067138672,133.08302307128906
2013-09-06,166.0399932861328,133.14724731445312
2013-09-09,167.6300048828125,134.42222595214844
2013-09-10,168.8699951171875,135.4165802001953
2013-09-11,169.39999389648438,135.84158325195312
2013-09-12,168.9499969482422,135.48074340820312
2013-09-13,169.3300018310547,135.78541564941406
2013-09-16,170.30999755859375,136.57130432128906
2013-09-17,171.07000732421875,137.1807403564453
2013-09-18,173.0500030517578,138.76852416992188
2013-09-19,172.75999450683594,138.5360107421875
2013-09-20,170.72000122070312,137.5673828125
2013-09-23,169.92999267578125,136.93081665039062
2013-09-24,169.52999877929688,136.60845947265625
2013-09-25,169.0399932861328,136.2136688232422
2013-09-26,169.69000244140625,136.7374267578125
2013-09-27,168.91000366210938,136.10890197753906
2013-09-30,168.00999450683594,135.3836212158203
2013-10-01,169.33999633789062,136.4553680419922
2013-10-02,169.17999267578125,136.32647705078125
2013-10-03,167.6199951171875,135.0693817138672
2013-10-04,168.88999938964844,136.0927276611328
2013-10-07,167.42999267578125,134.916259765625
2013-10-08,165.47999572753906,133.344970703125
2013-10-09,165.60000610351562,133.4416961669922
2013-10-10,169.1699981689453,136.318359375
2013-10-11,170.25999450683594,137.1967010498047
2013-10-14,170.94000244140625,137.74468994140625
2013-10-15,169.6999969482422,136.74546813964844
2013-10-16,172.07000732421875,138.6552276611328
2013-10-17,173.22000122070312,139.58189392089844
2013-10-18,174.38999938964844,140.5247344970703
2013-10-21,174.39999389648438,140.53271484375
2013-10-22,175.41000366210938,141.3466339111328
2013-10-23,174.57000732421875,140.6697540283203
2013-10-24,175.14999389648438,141.1371307373047
2013-10-25,175.9499969482422,141.78175354003906
2013-10-28,176.22999572753906,142.00735473632812
2013-10-29,177.1699981689453,142.76486206054688
2013-10-30,176.2899932861328,142.05572509765625
2013-10-31,175.7899932861328,141.65284729003906
2013-11-01,176.2100067138672,141.99131774902344
2013-11-04,176.8300018310547,142.49082946777344
2013-11-05,176.27000427246094,142.0396270751953
2013-11-06,177.1699981689453,142.76486206054688
2013-11-07,174.92999267578125,140.95986938476562
2013-11-08,177.2899932861328,142.861572265625
2013-11-11,177.32000732421875,142.8856964111328
2013-11-12,176.9600067138672,142.59564208984375
2013-11-13,178.3800048828125,143.73989868164062
2013-11-14,179.27000427246094,144.45704650878906
2013-11-15,180.0500030517578,145.08554077148438
2013-11-18,179.4199981689453,144.5779266357422
2013-11-19,179.02999877929688,144.2637176513672
2013-11-20,178.47000122070312,143.81236267089844
2013-11-21,179.91000366210938,144.97276306152344
2013-11-22,180.80999755859375,145.6979522705078
2013-11-25,180.6300048828125,145.5529327392578
2013-11-26,180.67999267578125,145.59324645996094
2013-11-27,181.1199951171875,145.94776916503906
2013-11-29,181.0,145.8511199951172
2013-12-02,180.52999877929688,145.47235107421875
2013-12-03,179.75,144.8438262939453
2013-12-04,179.72999572753906,144.8277130126953
2013-12-05,178.94000244140625,144.1910858154297
2013-12-06,180.94000244140625,145.802734375
2013-12-09,181.39999389648438,146.1733856201172
2013-12-10,180.75,145.64962768554688
2013-12-11,178.72000122070312,144.01385498046875
2013-12-12,178.1300048828125,143.5384521484375
2013-12-13,178.11000061035156,143.5222930908203
2013-12-16,179.22000122070312,144.41671752929688
2013-12-17,178.64999389648438,143.95742797851562
2013-12-18,181.6999969482422,146.41514587402344
2013-12-19,181.49000549316406,146.2459259033203
2013-12-20,181.55999755859375,147.09664916992188
2013-12-23,182.52999877929688,147.8824920654297
2013-12-24,182.92999267578125,148.2065887451172
2013-12-26,183.86000061035156,148.96009826660156
2013-12-27,183.85000610351562,148.95196533203125
2013-12-30,183.82000732421875,148.92764282226562
2013-12-31,184.69000244140625,149.63250732421875
2014-01-02,182.9199981689453,148.198486328125
2014-01-03,182.88999938964844,148.17416381835938
2014-01-06,182.36000061035156,147.7447509765625
2014-01-07,183.47999572753906,148.6521759033203
2014-01-08,183.52000427246094,148.68455505371094
2014-01-09,183.63999938964844,148.78182983398438
2014-01-10,184.13999938964844,149.18685913085938
2014-01-13,181.69000244140625,147.20191955566406
2014-01-14,183.6699981689453,148.80615234375
2014-01-15,184.66000366210938,149.60816955566406
2014-01-16,184.4199981689453,149.41375732421875
2014-01-17,183.63999938964844,148.78182983398438
2014-01-21,184.17999267578125,149.21934509277344
2014-01-22,184.3000030517578,149.31651306152344
2014-01-23,182.7899932861328,148.0931854248047
2014-01-24,178.88999938964844,144.9334259033203
2014-01-27,178.00999450683594,144.22048950195312
2014-01-28,179.07000732421875,145.07923889160156
2014-01-29,177.35000610351562,143.68576049804688
2014-01-30,179.22999572753906,145.20887756347656
2014-01-31,178.17999267578125,144.35821533203125
2014-02-03,174.1699981689453,141.10943603515625
2014-02-04,175.38999938964844,142.09779357910156
2014-02-05,175.1699981689453,141.91961669921875
2014-02-06,177.47999572753906,143.7910614013672
2014-02-07,179.67999267578125,145.57351684570312
2014-02-10,180.00999450683594,145.84085083007812
2014-02-11,181.97999572753906,147.43692016601562
2014-02-12,182.07000732421875,147.5098114013672
2014-02-13,183.00999450683594,148.27139282226562
2014-02-14,184.02000427246094,149.08969116210938
2014-02-18,184.24000549316406,149.26792907714844
2014-02-19,183.02000427246094,148.2794952392578
2014-02-20,184.10000610351562,149.15451049804688
2014-02-21,183.88999938964844,148.98434448242188
2014-02-24,184.91000366210938,149.81072998046875
2014-02-25,184.83999633789062,149.75399780273438
2014-02-26,184.85000610351562,149.76217651367188
2014-02-27,185.82000732421875,150.54803466796875
2014-02-28,186.2899932861328,150.92881774902344
2014-03-03,184.97999572753906,149.867431640625
2014-03-04,187.5800018310547,151.97396850585938
2014-03-05,187.75,152.11166381835938
2014-03-06,188.17999267578125,152.46002197265625
2014-03-07,188.25999450683594,152.5248565673828
2014-03-10,188.16000366210938,152.44386291503906
2014-03-11,187.22999572753906,151.69032287597656
2014-03-12,187.27999877929688,151.7308349609375
2014-03-13,185.17999267578125,150.02951049804688
2014-03-14,184.66000366210938,149.60816955566406
2014-03-17,186.3300018310547,150.96119689941406
2014-03-18,187.66000366210938,152.0387420654297
2014-03-19,186.66000366210938,151.2285919189453
2014-03-20,187.75,152.11166381835938
2014-03-21,186.1999969482422,151.5216522216797
2014-03-24,185.42999267578125,150.89501953125
2014-03-25,186.30999755859375,151.61119079589844
2014-03-26,184.97000122070312,150.52076721191406
2014-03-27,184.5800018310547,150.203369140625
2014-03-28,185.49000549316406,150.94395446777344
2014-03-31,187.00999450683594,152.18081665039062
2014-04-01,188.25,153.1898651123047
2014-04-02,188.8800048828125,153.7025146484375
2014-04-03,188.6300048828125,153.49911499023438
2014-04-04,186.39999389648438,151.68443298339844
2014-04-07,184.33999633789062,150.00804138183594
2014-04-08,185.10000610351562,150.62652587890625
2014-04-09,187.08999633789062,152.24595642089844
2014-04-10,183.16000366210938,149.0478515625
2014-04-11,181.50999450683594,147.7051544189453
2014-04-14,182.94000244140625,148.86883544921875
2014-04-15,184.1999969482422,149.89414978027344
2014-04-16,186.1300048828125,151.4647216796875
2014-04-17,186.38999938964844,151.67628479003906
2014-04-21,187.0399932861328,152.20523071289062
2014-04-22,187.88999938964844,152.89694213867188
2014-04-23,187.4499969482422,152.53890991210938
2014-04-24,187.8300018310547,152.8480987548828
2014-04-25,186.2899932861328,151.59495544433594
2014-04-28,186.8800048828125,152.07498168945312
2014-04-29,187.75,152.78305053710938
2014-04-30,188.30999755859375,153.23873901367188
2014-05-01,188.3300018310547,153.25502014160156
2014-05-02,188.05999755859375,153.03521728515625
2014-05-05,188.4199981689453,153.32821655273438
2014-05-06,186.77999877929688,151.99363708496094
2014-05-07,187.8800048828125,152.88877868652344
2014-05-08,187.67999267578125,152.7260284423828
2014-05-09,187.9600067138672,152.95382690429688
2014-05-12,189.7899932861328,154.4430389404297
2014-05-13,189.9600067138672,154.58148193359375
2014-05-14,189.05999755859375,153.8489990234375
2014-05-15,187.39999389648438,152.49819946289062
2014-05-16,188.0500030517578,153.027099609375
2014-05-19,188.74000549316406,153.5886688232422
2014-05-20,187.5500030517578,152.62025451660156
2014-05-21,189.1300048828125,153.90602111816406
2014-05-22,189.58999633789062,154.28025817871094
2014-05-23,190.35000610351562,154.8988037109375
2014-05-27,191.52000427246094,155.85089111328125
2014-05-28,191.3800048828125,155.73690795898438
2014-05-29,192.3699951171875,156.54254150390625
2014-05-30,192.67999267578125,156.79478454589844
2014-06-02,192.89999389648438,156.97389221191406
2014-06-03,192.8000030517578,156.89248657226562
2014-06-04,193.19000244140625,157.20980834960938
2014-06-05,194.4499969482422,158.23516845703125
2014-06-06,195.3800048828125,158.9919891357422
2014-06-09,195.5800018310547,159.1547088623047
2014-06-10,195.60000610351562,159.17100524902344
2014-06-11,194.9199981689453,158.61766052246094
2014-06-12,193.5399932861328,157.49461364746094
2014-06-13,194.1300048828125,157.97474670410156
2014-06-16,194.2899932861328,158.10494995117188
2014-06-17,194.8300018310547,158.5443878173828
2014-06-18,196.25999450683594,159.7080535888672
2014-06-19,196.47999572753906,159.88711547851562
2014-06-20,195.94000244140625,160.2117156982422
2014-06-23,195.8800048828125,160.1626739501953
2014-06-24,194.6999969482422,159.19784545898438
2014-06-25,195.5800018310547,159.91734313964844
2014-06-26,195.44000244140625,159.80288696289062
2014-06-27,195.82000732421875,160.11367797851562
2014-06-30,195.72000122070312,160.03184509277344
2014-07-01,197.02999877929688,161.10301208496094
2014-07-02,197.22999572753906,161.2664337158203
2014-07-03,198.1999969482422,162.0596160888672
2014-07-07,197.50999450683594,161.4954071044922
2014-07-08,196.24000549316406,160.45700073242188
2014-07-09,197.1199951171875,161.17657470703125
2014-07-10,196.33999633789062,160.5387725830078
2014-07-11,196.61000061035156,160.75950622558594
2014-07-14,197.60000610351562,161.56906127929688
2014-07-15,197.22999572753906,161.2664337158203
2014-07-16,197.9600067138672,161.86338806152344
2014-07-17,195.7100067138672,160.0236358642578
2014-07-18,197.7100067138672,161.65899658203125
2014-07-21,197.33999633789062,161.35638427734375
2014-07-22,198.1999969482422,162.0596160888672
2014-07-23,198.63999938964844,162.41934204101562
2014-07-24,198.64999389648438,162.42750549316406
2014-07-25,197.72000122070312,161.6671600341797
2014-07-28,197.8000030517578,161.73251342773438
2014-07-29,196.9499969482422,161.03750610351562
2014-07-30,196.97999572753906,161.06207275390625
2014-07-31,193.08999633789062,157.88133239746094
2014-08-01,192.5,157.39891052246094
2014-08-04,193.88999938964844,158.5354766845703
2014-08-05,192.00999450683594,156.998291015625
2014-08-06,192.07000732421875,157.04739379882812
2014-08-07,191.02999877929688,156.19700622558594
2014-08-08,193.24000549316406,158.0040283203125
2014-08-11,193.8000030517578,158.46192932128906
2014-08-12,193.52999877929688,158.2411346435547
2014-08-13,194.83999633789062,159.31227111816406
2014-08-14,195.75999450683594,160.0645294189453
2014-08-15,195.72000122070312,160.03184509277344
2014-08-18,197.36000061035156,161.37277221679688
2014-08-19,198.38999938964844,162.2150115966797
2014-08-20,198.9199981689453,162.64825439453125
2014-08-21,199.5,163.12255859375
2014-08-22,199.19000244140625,162.869140625
2014-08-25,200.1999969482422,163.69493103027344
2014-08-26,200.3300018310547,163.80117797851562
2014-08-27,200.25,163.7357940673828
2014-08-28,200.13999938964844,163.6458740234375
2014-08-29,200.7100067138672,164.11190795898438
2014-09-02,200.61000061035156,164.03013610839844
2014-09-03,200.5,163.9402618408203
2014-09-04,200.2100067138672,163.70310974121094
2014-09-05,201.11000061035156,164.43898010253906
2014-09-08,200.58999633789062,164.01380920410156
2014-09-09,199.32000732421875,162.97540283203125
2014-09-10,200.07000732421875,163.58860778808594
2014-09-11,200.3000030517578,163.77670288085938
2014-09-12,199.1300048828125,162.81997680664062
2014-09-15,198.97999572753906,162.69740295410156
2014-09-16,200.47999572753906,163.92391967773438
2014-09-17,200.75,164.14462280273438
2014-09-18,201.82000732421875,165.01953125
2014-09-19,200.6999969482422,164.87086486816406
2014-09-22,199.14999389648438,163.59754943847656
2014-09-23,198.00999450683594,162.66107177734375
2014-09-24,199.55999755859375,163.934326171875
2014-09-25,196.33999633789062,161.2891845703125
2014-09-26,197.89999389648438,162.57070922851562
2014-09-29,197.5399932861328,162.2749786376953
2014-09-30,197.02000427246094,161.8478240966797
2014-10-01,194.35000610351562,159.6544647216797
2014-10-02,194.3800048828125,159.6790771484375
2014-10-03,196.52000427246094,161.43710327148438
2014-10-06,196.2899932861328,161.24813842773438
2014-10-07,193.25999450683594,158.759033203125
2014-10-08,196.63999938964844,161.53567504882812
2014-10-09,192.74000549316406,158.33189392089844
2014-10-10,190.5399932861328,156.52464294433594
2014-10-13,187.41000366210938,153.9534454345703
2014-10-14,187.6999969482422,154.19163513183594
2014-10-15,186.42999267578125,153.14837646484375
2014-10-16,186.27000427246094,153.01695251464844
2014-10-17,188.47000122070312,154.8241424560547
2014-10-20,190.3000030517578,156.32745361328125
2014-10-21,194.07000732421875,159.42446899414062
2014-10-22,192.69000244140625,158.29083251953125
2014-10-23,194.92999267578125,160.13088989257812
2014-10-24,196.42999267578125,161.36312866210938
2014-10-27,196.16000366210938,161.14137268066406
2014-10-28,198.41000366210938,162.98959350585938
2014-10-29,198.11000061035156,162.74319458007812
2014-10-30,199.3800048828125,163.78646850585938
2014-10-31,201.66000366210938,165.6595001220703
2014-11-03,201.77000427246094,165.74978637695312
2014-11-04,201.07000732421875,165.17483520507812
2014-11-05,202.33999633789062,166.2180938720703
2014-11-06,203.14999389648438,166.88345336914062
2014-11-07,203.33999633789062,167.03955078125
2014-11-10,203.97999572753906,167.5652618408203
2014-11-11,204.17999267578125,167.7295684814453
2014-11-12,203.9600067138672,167.54888916015625
2014-11-13,204.19000244140625,167.73776245117188
2014-11-14,204.24000549316406,167.77890014648438
2014-11-17,204.3699951171875,167.88565063476562
2014-11-18,205.5500030517578,168.85504150390625
2014-11-19,205.22000122070312,168.58392333984375
2014-11-20,205.5800018310547,168.87965393066406
2014-11-21,206.67999267578125,169.7832794189453
2014-11-24,207.25999450683594,170.25973510742188
2014-11-25,207.11000061035156,170.13650512695312
2014-11-26,207.63999938964844,170.57192993164062
2014-11-28,207.1999969482422,170.21044921875
2014-12-01,205.75999450683594,169.02748107910156
2014-12-02,207.08999633789062,170.12010192871094
2014-12-03,207.88999938964844,170.77728271484375
2014-12-04,207.66000366210938,170.5883331298828
2014-12-05,208.0,170.86766052246094
2014-12-08,206.61000061035156,169.72576904296875
2014-12-09,206.47000122070312,169.61074829101562
2014-12-10,203.16000366210938,166.8916778564453
2014-12-11,204.19000244140625,167.73776245117188
2014-12-12,200.88999938964844,165.0269317626953
2014-12-15,199.50999450683594,163.89324951171875
2014-12-16,197.91000366210938,162.5789337158203
2014-12-17,201.7899932861328,165.76626586914062
2014-12-18,206.77999877929688,169.865478515625
2014-12-19,206.52000427246094,170.58816528320312
2014-12-22,207.47000122070312,171.3729248046875
2014-12-23,207.75,171.60423278808594
2014-12-24,207.77000427246094,171.62069702148438
2014-12-26,208.44000244140625,172.17413330078125
2014-12-29,208.72000122070312,172.40542602539062
2014-12-30,207.60000610351562,171.4803009033203
2014-12-31,205.5399932861328,169.7787628173828
2015-01-02,205.42999267578125,169.6878662109375
2015-01-05,201.72000122070312,166.6233367919922
2015-01-06,199.82000732421875,165.05386352539062
2015-01-07,202.30999755859375,167.11070251464844
2015-01-08,205.89999389648438,170.07606506347656
2015-01-09,204.25,168.71316528320312
2015-01-12,202.64999389648438,167.39151000976562
2015-01-13,202.0800018310547,166.92074584960938
2015-01-14,200.86000061035156,165.91297912597656
2015-01-15,199.02000427246094,164.3931121826172
2015-01-16,201.6300048828125,166.5490264892578
2015-01-20,202.05999755859375,166.9041748046875
2015-01-21,203.0800018310547,167.7466583251953
2015-01-22,206.10000610351562,170.24127197265625
2015-01-23,204.97000122070312,169.30780029296875
2015-01-26,205.4499969482422,169.7043914794922
2015-01-27,202.74000549316406,167.46588134765625
2015-01-28,200.13999938964844,165.31825256347656
2015-01-29,201.99000549316406,166.8463592529297
2015-01-30,199.4499969482422,164.748291015625
2015-02-02,201.9199981689453,166.7884979248047
2015-02-03,204.83999633789062,169.20050048828125
2015-02-04,204.05999755859375,168.55618286132812
2015-02-05,206.1199951171875,170.25778198242188
2015-02-06,205.5500030517578,169.7869873046875
2015-02-09,204.6300048828125,169.02703857421875
2015-02-10,206.80999755859375,170.8277587890625
2015-02-11,206.92999267578125,170.9268341064453
2015-02-12,208.9199981689453,172.5706329345703
2015-02-13,209.77999877929688,173.2809600830078
2015-02-17,210.11000061035156,173.5535888671875
2015-02-18,210.1300048828125,173.5701141357422
2015-02-19,209.97999572753906,173.44619750976562
2015-02-20,211.24000549316406,174.48696899414062
2015-02-23,211.2100067138672,174.46224975585938
2015-02-24,211.80999755859375,174.95774841308594
2015-02-25,211.6300048828125,174.80911254882812
2015-02-26,211.3800048828125,174.6026611328125
2015-02-27,210.66000366210938,174.0079345703125
2015-03-02,211.99000549316406,175.10655212402344
2015-03-03,211.1199951171875,174.38784790039062
2015-03-04,210.22999572753906,173.65272521972656
2015-03-05,210.4600067138672,173.84268188476562
2015-03-06,207.5,171.397705078125
2015-03-09,208.36000061035156,172.1080780029297
2015-03-10,204.97999572753906,169.3161163330078
2015-03-11,204.5,168.91966247558594
2015-03-12,207.10000610351562,171.06727600097656
2015-03-13,205.8300018310547,170.0182342529297
2015-03-16,208.5800018310547,172.28976440429688
2015-03-17,207.9600067138672,171.7776641845703
2015-03-18,210.4600067138672,173.84268188476562
2015-03-19,209.5,173.04974365234375
2015-03-20,210.41000366210938,174.57717895507812
2015-03-23,210.0,174.23699951171875
2015-03-24,208.82000732421875,173.25796508789062
2015-03-25,205.75999450683594,170.71905517578125
2015-03-26,205.27000427246094,170.3125457763672
2015-03-27,205.74000549316406,170.70252990722656
2015-03-30,208.25,172.78512573242188
2015-03-31,206.42999267578125,171.27496337890625
2015-04-01,205.6999969482422,170.6693115234375
2015-04-02,206.44000244140625,171.28330993652344
2015-04-06,207.8300018310547,172.43653869628906
2015-04-07,207.27999877929688,171.980224609375
2015-04-08,207.97999572753906,172.5609893798828
2015-04-09,208.89999389648438,173.32435607910156
2015-04-10,210.0399932861328,174.2701873779297
2015-04-13,209.08999633789062,173.48199462890625
2015-04-14,209.49000549316406,173.8138885498047
2015-04-15,210.42999267578125,174.59373474121094
2015-04-16,210.3699951171875,174.5440216064453
2015-04-17,207.9499969482422,172.53611755371094
2015-04-20,209.85000610351562,174.11260986328125
2015-04-21,209.60000610351562,173.90512084960938
2015-04-22,210.6300048828125,174.75975036621094
2015-04-23,211.16000366210938,175.19947814941406
2015-04-24,211.64999389648438,175.6060028076172
2015-04-27,210.77000427246094,174.87591552734375
2015-04-28,211.44000244140625,175.4318084716797
2015-04-29,210.57000732421875,174.70999145507812
2015-04-30,208.4600067138672,172.95932006835938
2015-05-01,210.72000122070312,174.83441162109375
2015-05-04,211.32000732421875,175.3322296142578
2015-05-05,208.89999389648438,173.32435607910156
2015-05-06,208.0399932861328,172.61080932617188
2015-05-07,208.8699951171875,173.2995147705078
2015-05-08,211.6199951171875,175.5811309814453
2015-05-11,210.61000061035156,174.74314880371094
2015-05-12,209.97999572753906,174.2204132080078
2015-05-13,210.02000427246094,174.25360107421875
2015-05-14,212.2100067138672,176.07064819335938
2015-05-15,212.44000244140625,176.26158142089844
2015-05-18,213.10000610351562,176.80908203125
2015-05-19,213.02999877929688,176.7509765625
2015-05-20,212.8800048828125,176.62657165527344
2015-05-21,213.5,177.1409454345703
2015-05-22,212.99000549316406,176.7178497314453
2015-05-26,210.6999969482422,174.81784057617188
2015-05-27,212.6999969482422,176.47720336914062
2015-05-28,212.4600067138672,176.2781219482422
2015-05-29,211.13999938964844,175.1829071044922
2015-06-01,211.57000732421875,175.53964233398438
2015-06-02,211.36000061035156,175.36538696289062
2015-06-03,211.9199981689453,175.83006286621094
2015-06-04,210.1300048828125,174.34490966796875
2015-06-05,209.77000427246094,174.0462188720703
2015-06-08,208.47999572753906,172.97586059570312
2015-06-09,208.4499969482422,172.95101928710938
2015-06-10,210.9499969482422,175.02520751953125
2015-06-11,211.6300048828125,175.5894012451172
2015-06-12,210.00999450683594,174.2452850341797
2015-06-15,209.11000061035156,173.49856567382812
2015-06-16,210.25,174.44448852539062
2015-06-17,210.58999633789062,174.72657775878906
2015-06-18,212.77999877929688,176.54354858398438
2015-06-19,210.80999755859375,175.75987243652344
2015-06-22,211.88999938964844,176.66033935546875
2015-06-23,212.0399932861328,176.78530883789062
2015-06-24,210.5,175.5014190673828
2015-06-25,209.86000061035156,174.9678497314453
2015-06-26,209.82000732421875,174.93447875976562
2015-06-29,205.4199981689453,171.26605224609375
2015-06-30,205.85000610351562,171.62454223632812
2015-07-01,207.5,173.00021362304688
2015-07-02,207.30999755859375,172.8418426513672
2015-07-06,206.72000122070312,172.34988403320312
2015-07-07,208.02000427246094,173.4337158203125
2015-07-08,204.52999877929688,170.52398681640625
2015-07-09,204.89999389648438,170.83251953125
2015-07-10,207.47999572753906,172.9835205078125
2015-07-13,209.77000427246094,174.89279174804688
2015-07-14,210.67999267578125,175.6514892578125
2015-07-15,210.61000061035156,175.59312438964844
2015-07-16,212.3000030517578,177.00213623046875
2015-07-17,212.47999572753906,177.15213012695312
2015-07-20,212.58999633789062,177.24395751953125
2015-07-21,211.75,176.5435791015625
2015-07-22,211.3699951171875,176.2267303466797
2015-07-23,210.17999267578125,175.2345733642578
2015-07-24,208.0,173.41708374023438
2015-07-27,206.7899932861328,172.40823364257812
2015-07-28,209.3300018310547,174.52590942382812
2015-07-29,210.77000427246094,175.72654724121094
2015-07-30,210.82000732421875,175.76820373535156
2015-07-31,210.5,175.5014190673828
2015-08-03,209.7899932861328,174.90945434570312
2015-08-04,209.3800048828125,174.56764221191406
2015-08-05,210.07000732421875,175.1429443359375
2015-08-06,208.35000610351562,173.70889282226562
2015-08-07,207.9499969482422,173.37538146972656
2015-08-10,210.57000732421875,175.5597686767578
2015-08-11,208.6699981689453,173.97567749023438
2015-08-12,208.9199981689453,174.18408203125
2015-08-13,208.66000366210938,173.96734619140625
2015-08-14,209.4199981689453,174.60093688964844
2015-08-17,210.58999633789062,175.5764923095703
2015-08-18,209.97999572753906,175.06788635253906
2015-08-19,208.32000732421875,173.6839141845703
2015-08-20,203.97000122070312,170.05712890625
2015-08-21,197.8300018310547,164.93797302246094
2015-08-24,189.5,157.9929656982422
2015-08-25,187.27000427246094,156.1337127685547
2015-08-26,194.4600067138672,162.12831115722656
2015-08-27,199.27000427246094,166.1385955810547
2015-08-28,199.27999877929688,166.14691162109375
2015-08-31,197.6699981689453,164.80459594726562
2015-09-01,191.77000427246094,159.88552856445312
2015-09-02,195.41000366210938,162.92034912109375
2015-09-03,195.5500030517578,163.0370635986328
2015-09-04,192.58999633789062,160.56922912597656
2015-09-08,197.42999267578125,164.6044921875
2015-09-09,194.7899932861328,162.40341186523438
2015-09-10,195.85000610351562,163.28721618652344
2015-09-11,196.74000549316406,164.02923583984375
2015-09-14,196.00999450683594,163.42059326171875
2015-09-15,198.4600067138672,165.46327209472656
2015-09-16,200.17999267578125,166.89724731445312
2015-09-17,199.72999572753906,166.52207946777344
2015-09-18,195.4499969482422,163.8008270263672
2015-09-21,196.4600067138672,164.6472930908203
2015-09-22,193.91000366210938,162.51022338867188
2015-09-23,193.60000610351562,162.25039672851562
2015-09-24,192.89999389648438,161.6637725830078
2015-09-25,192.85000610351562,161.62188720703125
2015-09-28,188.00999450683594,157.5655975341797
2015-09-29,188.1199951171875,157.65782165527344
2015-09-30,191.6300048828125,160.59945678710938
2015-10-01,192.1300048828125,161.0185089111328
2015-10-02,195.0,163.42372131347656
2015-10-05,198.47000122070312,166.33187866210938
2015-10-06,197.7899932861328,165.76190185546875
2015-10-07,199.41000366210938,167.11965942382812
2015-10-08,201.2100067138672,168.628173828125
2015-10-09,201.3300018310547,168.7286834716797
2015-10-12,201.52000427246094,168.88796997070312
2015-10-13,200.25,167.82363891601562
2015-10-14,199.2899932861328,167.01907348632812
2015-10-15,202.35000610351562,169.58358764648438
2015-10-16,203.27000427246094,170.35462951660156
2015-10-19,203.3699951171875,170.4383544921875
2015-10-20,203.11000061035156,170.22047424316406
2015-10-21,201.85000610351562,169.16453552246094
2015-10-22,205.25999450683594,172.0222930908203
2015-10-23,207.50999450683594,173.90797424316406
2015-10-26,207.0,173.4806365966797
2015-10-27,206.60000610351562,173.14535522460938
2015-10-28,208.9499969482422,175.11480712890625
2015-10-29,208.8300018310547,175.0142364501953
2015-10-30,207.92999267578125,174.25997924804688
2015-11-02,210.38999938964844,176.3216552734375
2015-11-03,211.0,176.83291625976562
2015-11-04,210.36000061035156,176.2965087890625
2015-11-05,210.14999389648438,176.1205291748047
2015-11-06,210.0399932861328,176.02835083007812
2015-11-09,208.0800018310547,174.3856658935547
2015-11-10,208.55999755859375,174.78794860839844
2015-11-11,207.74000549316406,174.1007080078125
2015-11-12,204.83999633789062,171.6703643798828
2015-11-13,202.5399932861328,169.74281311035156
2015-11-16,205.6199951171875,172.32403564453125
2015-11-17,205.47000122070312,172.19834899902344
2015-11-18,208.72999572753906,174.93045043945312
2015-11-19,208.5500030517578,174.7795867919922
2015-11-20,209.30999755859375,175.41653442382812
2015-11-23,209.07000732421875,175.2154083251953
2015-11-24,209.35000610351562,175.45001220703125
2015-11-25,209.32000732421875,175.42495727539062
2015-11-27,209.55999755859375,175.6260223388672
2015-11-30,208.69000244140625,174.8969268798828
2015-12-01,210.67999267578125,176.56463623046875
2015-12-02,208.52999877929688,174.76290893554688
2015-12-03,205.61000061035156,172.31568908691406
2015-12-04,209.6199951171875,175.67630004882812
2015-12-07,208.35000610351562,174.6120147705078
2015-12-08,206.9499969482422,173.43862915039062
2015-12-09,205.33999633789062,172.08938598632812
2015-12-10,205.8699951171875,172.53355407714844
2015-12-11,201.8800048828125,169.189697265625
2015-12-14,202.89999389648438,170.0444793701172
2015-12-15,205.02999877929688,171.82958984375
2015-12-16,208.02999877929688,174.34378051757812
2015-12-17,204.86000061035156,171.6871337890625
2015-12-18,200.02000427246094,168.6284942626953
2015-12-21,201.6699981689453,170.01956176757812
2015-12-22,203.5,171.56234741210938
2015-12-23,206.02000427246094,173.68685913085938
2015-12-24,205.67999267578125,173.40020751953125
2015-12-28,205.2100067138672,173.0039520263672
2015-12-29,207.39999389648438,174.8502960205078
2015-12-30,205.92999267578125,173.61094665527344
2015-12-31,203.8699951171875,171.8742218017578
2016-01-04,201.02000427246094,169.4715576171875
2016-01-05,201.36000061035156,169.75819396972656
2016-01-06,198.82000732421875,167.61683654785156
2016-01-07,194.0500030517578,163.59548950195312
2016-01-08,191.9199981689453,161.7996826171875
2016-01-11,192.11000061035156,161.95989990234375
2016-01-12,193.66000366210938,163.2667236328125
2016-01-13,188.8300018310547,159.19467163085938
2016-01-14,191.92999267578125,161.80810546875
2016-01-15,187.80999755859375,158.33477783203125
2016-01-19,188.05999755859375,158.54554748535156
2016-01-20,185.64999389648438,156.51377868652344
2016-01-21,186.69000244140625,157.39051818847656
2016-01-22,190.52000427246094,160.6194305419922
2016-01-25,187.63999938964844,158.19140625
2016-01-26,190.1999969482422,160.3496551513672
2016-01-27,188.1300048828125,158.60458374023438
2016-01-28,189.11000061035156,159.4307098388672
2016-01-29,193.72000122070312,163.3172149658203
2016-02-01,193.64999389648438,163.2582550048828
2016-02-02,190.16000366210938,160.3159637451172
2016-02-03,191.3000030517578,161.2770233154297
2016-02-04,191.60000610351562,161.5299530029297
2016-02-05,187.9499969482422,158.4528045654297
2016-02-08,185.4199981689453,156.31985473632812
2016-02-09,185.42999267578125,156.3282470703125
2016-02-10,185.27000427246094,156.1934051513672
2016-02-11,182.86000061035156,154.16162109375
2016-02-12,186.6300048828125,157.3399658203125
2016-02-16,189.77999877929688,159.99557495117188
2016-02-17,192.8800048828125,162.60906982421875
2016-02-18,192.08999633789062,161.94305419921875
2016-02-19,192.0,161.86717224121094
2016-02-22,194.77999877929688,164.2108612060547
2016-02-23,192.32000732421875,162.136962890625
2016-02-24,193.1999969482422,162.87887573242188
2016-02-25,195.5399932861328,164.8516082763672
2016-02-26,195.08999633789062,164.4722137451172
2016-02-29,193.55999755859375,163.18235778808594
2016-03-01,198.11000061035156,167.0182342529297
2016-03-02,199.0,167.76861572265625
2016-03-03,199.77999877929688,168.4261474609375
2016-03-04,200.42999267578125,168.97415161132812
2016-03-07,200.58999633789062,169.1090545654297
2016-03-08,198.39999389648438,167.2627716064453
2016-03-09,199.3800048828125,168.08892822265625
2016-03-10,199.5399932861328,168.223876953125
2016-03-11,202.75999450683594,170.93846130371094
2016-03-14,202.5,170.71923828125
2016-03-15,202.1699981689453,170.44102478027344
2016-03-16,203.33999633789062,171.42745971679688
2016-03-17,204.6300048828125,172.51502990722656
2016-03-18,204.3800048828125,173.19290161132812
2016-03-21,204.6699981689453,173.43861389160156
2016-03-22,204.55999755859375,173.34544372558594
2016-03-23,203.2100067138672,172.2014617919922
2016-03-24,203.1199951171875,172.12521362304688
2016-03-28,203.24000549316406,172.22683715820312
2016-03-29,205.1199951171875,173.82005310058594
2016-03-30,206.02000427246094,174.5826873779297
2016-03-31,205.52000427246094,174.158935546875
2016-04-01,206.9199981689453,175.34535217285156
2016-04-04,206.25,174.77755737304688
2016-04-05,204.19000244140625,173.03195190429688
2016-04-06,206.4199981689453,174.92164611816406
2016-04-07,203.9499969482422,172.8285369873047
2016-04-08,204.5,173.294677734375
2016-04-11,204.02000427246094,172.8878631591797
2016-04-12,205.9199981689453,174.49789428710938
2016-04-13,208.0,176.2605438232422
2016-04-14,208.00999450683594,176.2689971923828
2016-04-15,207.77999877929688,176.0740509033203
2016-04-18,209.24000549316406,177.31130981445312
2016-04-19,209.89999389648438,177.87063598632812
2016-04-20,210.10000610351562,178.04010009765625
2016-04-21,208.97000122070312,177.08250427246094
2016-04-22,208.97000122070312,177.08250427246094
2016-04-25,208.61000061035156,176.7775421142578
2016-04-26,208.9199981689453,177.04013061523438
2016-04-27,209.35000610351562,177.40451049804688
2016-04-28,207.4499969482422,175.79441833496094
2016-04-29,206.3300018310547,174.8453826904297
2016-05-02,207.97000122070312,176.235107421875
2016-05-03,206.16000366210938,174.70130920410156
2016-05-04,205.00999450683594,173.72674560546875
2016-05-05,204.97000122070312,173.69290161132812
2016-05-06,205.72000122070312,174.32843017578125
2016-05-09,205.88999938964844,174.47244262695312
2016-05-10,208.4499969482422,176.64186096191406
2016-05-11,206.5,174.98941040039062
2016-05-12,206.55999755859375,175.040283203125
2016-05-13,204.75999450683594,173.5149383544922
2016-05-16,206.77999877929688,175.22669982910156
2016-05-17,204.85000610351562,173.59121704101562
2016-05-18,204.91000366210938,173.64207458496094
2016-05-19,204.1999969482422,173.04037475585938
2016-05-20,205.49000549316406,174.13356018066406
2016-05-23,205.2100067138672,173.89625549316406
2016-05-24,207.8699951171875,176.15036010742188
2016-05-25,209.27999877929688,177.34523010253906
2016-05-26,209.33999633789062,177.39605712890625
2016-05-27,210.24000549316406,178.15869140625
2016-05-31,209.83999633789062,177.81976318359375
2016-06-01,210.27000427246094,178.18417358398438
2016-06-02,210.91000366210938,178.72650146484375
2016-06-03,210.27999877929688,178.19268798828125
2016-06-06,211.35000610351562,179.09933471679688
2016-06-07,211.67999267578125,179.37893676757812
2016-06-08,212.3699951171875,179.9636688232422
2016-06-09,212.0800018310547,179.7179718017578
2016-06-10,210.07000732421875,178.01466369628906
2016-06-13,208.4499969482422,176.64186096191406
2016-06-14,208.0399932861328,176.29440307617188
2016-06-15,207.75,176.0486602783203
2016-06-16,208.3699951171875,176.5740509033203
2016-06-17,206.52000427246094,175.9164581298828
2016-06-20,207.85000610351562,177.04940795898438
2016-06-21,208.44000244140625,177.5519256591797
2016-06-22,208.10000610351562,177.26226806640625
2016-06-23,210.80999755859375,179.57070922851562
2016-06-24,203.24000549316406,173.12249755859375
2016-06-27,199.60000610351562,170.02194213867188
2016-06-28,203.1999969482422,173.08847045898438
2016-06-29,206.66000366210938,176.03573608398438
2016-06-30,209.47999572753906,178.43783569335938
2016-07-01,209.9199981689453,178.81265258789062
2016-07-05,208.41000366210938,177.52638244628906
2016-07-06,209.66000366210938,178.59115600585938
2016-07-07,209.52999877929688,178.48040771484375
2016-07-08,212.64999389648438,181.13807678222656
2016-07-11,213.39999389648438,181.7769317626953
2016-07-12,214.9499969482422,183.09727478027344
2016-07-13,214.9199981689453,183.0717010498047
2016-07-14,216.1199951171875,184.09384155273438
2016-07-15,215.8300018310547,183.8468780517578
2016-07-18,216.41000366210938,184.34088134765625
2016-07-19,216.19000244140625,184.1534881591797
2016-07-20,217.08999633789062,184.9201202392578
2016-07-21,216.27000427246094,184.22164916992188
2016-07-22,217.24000549316406,185.0478973388672
2016-07-25,216.64999389648438,184.54534912109375
2016-07-26,216.75,184.63047790527344
2016-07-27,216.52000427246094,184.43458557128906
2016-07-28,216.77000427246094,184.64759826660156
2016-07-29,217.1199951171875,184.94566345214844
2016-08-01,216.94000244140625,184.7923583984375
2016-08-02,215.5500030517578,183.60829162597656
2016-08-03,216.17999267578125,184.14501953125
2016-08-04,216.41000366210938,184.34088134765625
2016-08-05,218.17999267578125,185.84861755371094
2016-08-08,218.0500030517578,185.7379150390625
2016-08-09,218.17999267578125,185.84861755371094
2016-08-10,217.63999938964844,185.38865661621094
2016-08-11,218.64999389648438,186.2489013671875
2016-08-12,218.4600067138672,186.08714294433594
2016-08-15,219.08999633789062,186.6237335205078
2016-08-16,217.9600067138672,185.66116333007812
2016-08-17,218.3699951171875,186.0104522705078
2016-08-18,218.86000061035156,186.42782592773438
2016-08-19,218.5399932861328,186.15528869628906
2016-08-22,218.52999877929688,186.14674377441406
2016-08-23,218.97000122070312,186.52154541015625
2016-08-24,217.85000610351562,185.56752014160156
2016-08-25,217.6999969482422,185.43975830078125
2016-08-26,217.2899932861328,185.09048461914062
2016-08-29,218.36000061035156,186.00196838378906
2016-08-30,218.0,185.69529724121094
2016-08-31,217.3800048828125,185.16717529296875
2016-09-01,217.38999938964844,185.17572021484375
2016-09-02,218.3699951171875,186.0104522705078
2016-09-06,219.02999877929688,186.57261657714844
2016-09-07,219.00999450683594,186.5555877685547
2016-09-08,218.50999450683594,186.1297149658203
2016-09-09,213.27999877929688,181.67469787597656
2016-09-12,216.33999633789062,184.28126525878906
2016-09-13,213.22999572753906,181.63214111328125
2016-09-14,213.14999389648438,181.56398010253906
2016-09-15,215.27999877929688,183.37831115722656
2016-09-16,213.3699951171875,182.66949462890625
2016-09-19,213.41000366210938,182.70370483398438
2016-09-20,213.4199981689453,182.7122802734375
2016-09-21,215.82000732421875,184.76698303222656
2016-09-22,217.17999267578125,185.9312286376953
2016-09-23,215.99000549316406,184.91246032714844
2016-09-26,214.24000549316406,183.41432189941406
2016-09-27,215.57000732421875,184.5529327392578
2016-09-28,216.63999938964844,185.468994140625
2016-09-29,214.67999267578125,183.7909698486328
2016-09-30,216.3000030517578,185.17791748046875
2016-10-03,215.77999877929688,184.7327117919922
2016-10-04,214.67999267578125,183.7909698486328
2016-10-05,215.6300048828125,184.60430908203125
2016-10-06,215.77999877929688,184.7327117919922
2016-10-07,215.0399932861328,184.0991668701172
2016-10-10,216.16000366210938,185.0580291748047
2016-10-11,213.42999267578125,182.72088623046875
2016-10-12,213.7100067138672,182.9605712890625
2016-10-13,213.00999450683594,182.3612823486328
2016-10-14,213.1199951171875,182.45547485351562
2016-10-17,212.3800048828125,181.8219451904297
2016-10-18,213.7100067138672,182.9605712890625
2016-10-19,214.27999877929688,183.4485321044922
2016-10-20,213.8800048828125,183.1060791015625
2016-10-21,213.97999572753906,183.1917266845703
2016-10-24,214.88999938964844,183.97076416015625
2016-10-25,214.1699981689453,183.35438537597656
2016-10-26,213.74000549316406,182.98622131347656
2016-10-27,213.1699981689453,182.498291015625
2016-10-28,212.5399932861328,181.9589080810547
2016-10-31,212.5500030517578,181.9674530029297
2016-11-01,211.00999450683594,180.64906311035156
2016-11-02,209.74000549316406,179.56179809570312
2016-11-03,208.77999877929688,178.7399139404297
2016-11-04,208.5500030517578,178.54298400878906
2016-11-07,213.14999389648438,182.4811553955078
2016-11-08,214.11000061035156,183.3030548095703
2016-11-09,216.3800048828125,185.2463836669922
2016-11-10,216.9199981689453,185.7086944580078
2016-11-11,216.4199981689453,185.2806396484375
2016-11-14,216.58999633789062,185.4261474609375
2016-11-15,218.27999877929688,186.87298583984375
2016-11-16,217.8699951171875,186.5220184326172
2016-11-17,218.99000549316406,187.48081970214844
2016-11-18,218.5,187.0613250732422
2016-11-21,220.14999389648438,188.4739227294922
2016-11-22,220.5800018310547,188.842041015625
2016-11-23,220.6999969482422,188.94483947753906
2016-11-25,221.52000427246094,189.6468505859375
2016-11-28,220.47999572753906,188.7564697265625
2016-11-29,220.91000366210938,189.1245880126953
2016-11-30,220.3800048828125,188.67088317871094
2016-12-01,219.57000732421875,187.97738647460938
2016-12-02,219.67999267578125,188.07159423828125
2016-12-05,221.0,189.20167541503906
2016-12-06,221.6999969482422,189.80088806152344
2016-12-07,224.60000610351562,192.28370666503906
2016-12-08,225.14999389648438,192.7545166015625
2016-12-09,226.50999450683594,193.91885375976562
2016-12-12,226.25,193.69622802734375
2016-12-13,227.75999450683594,194.989013671875
2016-12-14,225.8800048828125,193.37950134277344
2016-12-15,226.80999755859375,194.17568969726562
2016-12-16,225.0399932861328,193.79592895507812
2016-12-19,225.52999877929688,194.2178955078125
2016-12-20,226.39999389648438,194.9670867919922
2016-12-21,225.77000427246094,194.424560546875
2016-12-22,225.3800048828125,194.08876037597656
2016-12-23,225.7100067138672,194.37289428710938
2016-12-27,226.27000427246094,194.85513305664062
2016-12-28,224.39999389648438,193.24473571777344
2016-12-29,224.35000610351562,193.2017364501953
2016-12-30,223.52999877929688,192.49559020996094
2017-01-03,225.24000549316406,193.96812438964844
2017-01-04,226.5800018310547,195.12210083007812
2017-01-05,226.39999389648438,194.9670867919922
2017-01-06,227.2100067138672,195.6646728515625
2017-01-09,226.4600067138672,195.0187530517578
2017-01-10,226.4600067138672,195.0187530517578
2017-01-11,227.10000610351562,195.56996154785156
2017-01-12,226.52999877929688,195.07901000976562
2017-01-13,227.0500030517578,195.52682495117188
2017-01-17,226.25,194.83792114257812
2017-01-18,226.75,195.2685089111328
2017-01-19,225.91000366210938,194.54513549804688
2017-01-20,226.74000549316406,195.2598876953125
2017-01-23,226.14999389648438,194.75180053710938
2017-01-24,227.60000610351562,196.00051879882812
2017-01-25,229.57000732421875,197.69699096679688
2017-01-26,229.3300018310547,197.49026489257812
2017-01-27,228.97000122070312,197.1802215576172
2017-01-30,227.5500030517578,195.95742797851562
2017-01-31,227.52999877929688,195.9402313232422
2017-02-01,227.6199951171875,196.0177001953125
2017-02-02,227.77000427246094,196.14686584472656
2017-02-03,229.33999633789062,197.49891662597656
2017-02-06,228.92999267578125,197.1458740234375
2017-02-07,228.94000244140625,197.1544952392578
2017-02-08,229.24000549316406,197.41278076171875
2017-02-09,230.60000610351562,198.58399963378906
2017-02-10,231.50999450683594,199.36764526367188
2017-02-13,232.77000427246094,200.4527130126953
2017-02-14,233.6999969482422,201.2535858154297
2017-02-15,234.9199981689453,202.30416870117188
2017-02-16,234.72000122070312,202.1319580078125
2017-02-17,235.08999633789062,202.45053100585938
2017-02-21,236.49000549316406,203.6561737060547
2017-02-22,236.27999877929688,203.47543334960938
2017-02-23,236.44000244140625,203.61314392089844
2017-02-24,236.74000549316406,203.87149047851562
2017-02-27,237.11000061035156,204.19017028808594
2017-02-28,236.47000122070312,203.6389617919922
2017-03-01,239.77999877929688,206.4894256591797
2017-03-02,238.27000427246094,205.1890106201172
2017-03-03,238.4199981689453,205.31826782226562
2017-03-06,237.7100067138672,204.70689392089844
2017-03-07,237.0,204.09542846679688
2017-03-08,236.55999755859375,203.7165069580078
2017-03-09,236.86000061035156,203.97486877441406
2017-03-10,237.69000244140625,204.6896209716797
2017-03-13,237.80999755859375,204.79298400878906
2017-03-14,236.89999389648438,204.00924682617188
2017-03-15,238.9499969482422,205.77468872070312
2017-03-16,238.47999572753906,205.3699493408203
2017-03-17,237.02999877929688,205.00927734375
2017-03-20,236.77000427246094,204.7843475341797
2017-03-21,233.72999572753906,202.1550750732422
2017-03-22,234.27999877929688,202.63075256347656
2017-03-23,234.02999877929688,202.41452026367188
2017-03-24,233.86000061035156,202.2675018310547
2017-03-27,233.6199951171875,202.0598907470703
2017-03-28,235.32000732421875,203.53025817871094
2017-03-29,235.5399932861328,203.7205352783203
2017-03-30,236.2899932861328,204.3692169189453
2017-03-31,235.74000549316406,203.89356994628906
2017-04-03,235.3300018310547,203.53892517089844
2017-04-04,235.47999572753906,203.6686553955078
2017-04-05,234.77999877929688,203.0631866455078
2017-04-06,235.44000244140625,203.634033203125
2017-04-07,235.1999969482422,203.42645263671875
2017-04-10,235.33999633789062,203.5475311279297
2017-04-11,235.05999755859375,203.30535888671875
2017-04-12,234.02999877929688,202.41452026367188
2017-04-13,232.50999450683594,201.09982299804688
2017-04-17,234.57000732421875,202.88160705566406
2017-04-18,233.8699951171875,202.27610778808594
2017-04-19,233.44000244140625,201.9042205810547
2017-04-20,235.33999633789062,203.5475311279297
2017-04-21,234.58999633789062,202.89886474609375
2017-04-24,237.1699981689453,205.13035583496094
2017-04-25,238.5500030517578,206.32395935058594
2017-04-26,238.39999389648438,206.1941680908203
2017-04-27,238.60000610351562,206.36717224121094
2017-04-28,238.0800018310547,205.91746520996094
2017-05-01,238.67999267578125,206.4363555908203
2017-05-02,238.77000427246094,206.5142059326172
2017-05-03,238.47999572753906,206.2633514404297
2017-05-04,238.75999450683594,206.50552368164062
2017-05-05,239.6999969482422,207.31858825683594
2017-05-08,239.66000366210938,207.2839813232422
2017-05-09,239.44000244140625,207.09368896484375
2017-05-10,239.8699951171875,207.46560668945312
2017-05-11,239.3800048828125,207.04183959960938
2017-05-12,238.97999572753906,206.69578552246094
2017-05-15,240.3000030517578,207.83755493164062
2017-05-16,240.0800018310547,207.64727783203125
2017-05-17,235.82000732421875,203.9627685546875
2017-05-18,236.77000427246094,204.7843475341797
2017-05-19,238.30999755859375,206.11630249023438
2017-05-22,239.52000427246094,207.16287231445312
2017-05-23,240.0500030517578,207.62132263183594
2017-05-24,240.61000061035156,208.10560607910156
2017-05-25,241.75999450683594,209.10023498535156
2017-05-26,241.7100067138672,209.0570831298828
2017-05-30,241.5,208.87538146972656
2017-05-31,241.44000244140625,208.8235321044922
2017-06-01,243.36000061035156,210.48414611816406
2017-06-02,244.1699981689453,211.18472290039062
2017-06-05,243.99000549316406,211.0290069580078
2017-06-06,243.2100067138672,210.35443115234375
2017-06-07,243.66000366210938,210.74359130859375
2017-06-08,243.77999877929688,210.847412109375
2017-06-09,243.41000366210938,210.52735900878906
2017-06-12,243.36000061035156,210.48414611816406
2017-06-13,244.5500030517578,211.51336669921875
2017-06-14,244.24000549316406,211.24525451660156
2017-06-15,243.77000427246094,210.83877563476562
2017-06-16,242.63999938964844,210.88479614257812
2017-06-19,244.66000366210938,212.64044189453125
2017-06-20,243.00999450683594,211.2063751220703
2017-06-21,242.9499969482422,211.15426635742188
2017-06-22,242.83999633789062,211.05860900878906
2017-06-23,243.1300048828125,211.31065368652344
2017-06-26,243.2899932861328,211.44976806640625
2017-06-27,241.3300018310547,209.74623107910156
2017-06-28,243.49000549316406,211.62351989746094
2017-06-29,241.35000610351562,209.7635955810547
2017-06-30,241.8000030517578,210.1547088623047
2017-07-03,242.2100067138672,210.51107788085938
2017-07-05,242.77000427246094,210.99781799316406
2017-07-06,240.5500030517578,209.06834411621094
2017-07-07,242.11000061035156,210.42417907714844
2017-07-10,242.3699951171875,210.65017700195312
2017-07-11,242.19000244140625,210.49371337890625
2017-07-12,244.00999450683594,212.0755615234375
2017-07-13,244.4199981689453,212.43186950683594
2017-07-14,245.55999755859375,213.42263793945312
2017-07-17,245.52999877929688,213.39662170410156
2017-07-18,245.66000366210938,213.50958251953125
2017-07-19,246.99000549316406,214.66551208496094
2017-07-20,247.10000610351562,214.76113891601562
2017-07-21,246.8800048828125,214.56991577148438
2017-07-24,246.82000732421875,214.51779174804688
2017-07-25,247.4199981689453,215.03924560546875
2017-07-26,247.42999267578125,215.04794311523438
2017-07-27,247.1999969482422,214.84803771972656
2017-07-28,246.91000366210938,214.595947265625
2017-07-31,246.77000427246094,214.4742889404297
2017-08-01,247.32000732421875,214.9522705078125
2017-08-02,247.44000244140625,215.056640625
2017-08-03,246.9600067138672,214.6394805908203
2017-08-04,247.41000366210938,215.030517578125
2017-08-07,247.8699951171875,215.43032836914062
2017-08-08,247.25999450683594,214.90017700195312
2017-08-09,247.25,214.89146423339844
2017-08-10,243.75999450683594,211.85826110839844
2017-08-11,244.1199951171875,212.17111206054688
2017-08-14,246.5399932861328,214.27438354492188
2017-08-15,246.50999450683594,214.24835205078125
2017-08-16,246.94000244140625,214.6220703125
2017-08-17,243.08999633789062,211.27593994140625
2017-08-18,242.7100067138672,210.94566345214844
2017-08-21,242.89999389648438,211.11077880859375
2017-08-22,245.44000244140625,213.318359375
2017-08-23,244.55999755859375,212.5535430908203
2017-08-24,243.99000549316406,212.05816650390625
2017-08-25,244.55999755859375,212.5535430908203
2017-08-28,244.57000732421875,212.56224060058594
2017-08-29,244.85000610351562,212.8055877685547
2017-08-30,246.00999450683594,213.81375122070312
2017-08-31,247.49000549316406,215.10009765625
2017-09-01,247.83999633789062,215.4042205810547
2017-09-05,246.05999755859375,213.85723876953125
2017-09-06,246.89999389648438,214.58731079101562
2017-09-07,246.8699951171875,214.56124877929688
2017-09-08,246.5800018310547,214.3092041015625
2017-09-11,249.2100067138672,216.59498596191406
2017-09-12,250.0500030517578,217.3250274658203
2017-09-13,250.1699981689453,217.42933654785156
2017-09-14,250.08999633789062,217.35980224609375
2017-09-15,249.19000244140625,217.65237426757812
2017-09-18,249.72000122070312,218.11541748046875
2017-09-19,249.97000122070312,218.33367919921875
2017-09-20,250.05999755859375,218.41232299804688
2017-09-21,249.38999938964844,217.8270721435547
2017-09-22,249.44000244140625,217.87075805664062
2017-09-25,248.92999267578125,217.42529296875
2017-09-26,249.0800018310547,217.55633544921875
2017-09-27,250.0500030517578,218.40357971191406
2017-09-28,250.35000610351562,218.6656036376953
2017-09-29,251.22999572753906,219.43418884277344
2017-10-02,252.32000732421875,220.38632202148438
2017-10-03,252.86000061035156,220.85792541503906
2017-10-04,253.16000366210938,221.11997985839844
2017-10-05,254.66000366210938,222.43011474609375
2017-10-06,254.3699951171875,222.17684936523438
2017-10-09,253.9499969482422,221.80996704101562
2017-10-10,254.6199951171875,222.39517211914062
2017-10-11,255.02000427246094,222.74453735351562
2017-10-12,254.63999938964844,222.4126434326172
2017-10-13,254.9499969482422,222.68341064453125
2017-10-16,255.2899932861328,222.98043823242188
2017-10-17,255.47000122070312,223.1376190185547
2017-10-18,255.72000122070312,223.35598754882812
2017-10-19,255.7899932861328,223.41709899902344
2017-10-20,257.1099853515625,224.57000732421875
2017-10-23,256.1099853515625,223.69656372070312
2017-10-24,256.55999755859375,224.08969116210938
2017-10-25,255.2899932861328,222.98043823242188
2017-10-26,255.6199951171875,223.2686004638672
2017-10-27,257.7099914550781,225.09410095214844
2017-10-30,256.75,224.255615234375
2017-10-31,257.1499938964844,224.60498046875
2017-11-01,257.489990234375,224.90196228027344
2017-11-02,257.5899963378906,224.98928833007812
2017-11-03,258.45001220703125,225.740478515625
2017-11-06,258.8500061035156,226.08985900878906
2017-11-07,258.6700134277344,225.9326171875
2017-11-08,259.1099853515625,226.3169403076172
2017-11-09,258.1700134277344,225.49586486816406
2017-11-10,258.0899963378906,225.42601013183594
2017-11-13,258.3299865722656,225.6356658935547
2017-11-14,257.7300109863281,225.11158752441406
2017-11-15,256.44000244140625,223.98486328125
2017-11-16,258.6199951171875,225.88893127441406
2017-11-17,257.8599853515625,225.22511291503906
2017-11-20,258.29998779296875,225.6094207763672
2017-11-21,259.989990234375,227.08554077148438
2017-11-22,259.760009765625,226.8846893310547
2017-11-24,260.3599853515625,227.40875244140625
2017-11-27,260.2300109863281,227.29513549804688
2017-11-28,262.8699951171875,229.60105895996094
2017-11-29,262.7099914550781,229.4612274169922
2017-11-30,265.010009765625,231.47021484375
2017-12-01,264.4599914550781,230.98985290527344
2017-12-04,264.1400146484375,230.7103729248047
2017-12-05,263.19000244140625,229.8805389404297
2017-12-06,263.239990234375,229.92425537109375
2017-12-07,264.07000732421875,230.64920043945312
2017-12-08,265.510009765625,231.9069366455078
2017-12-11,266.30999755859375,232.60577392578125
2017-12-12,266.7799987792969,233.01622009277344
2017-12-13,266.75,232.98997497558594
2017-12-14,265.6600036621094,232.03797912597656
2017-12-15,266.510009765625,233.97019958496094
2017-12-18,268.20001220703125,235.45387268066406
2017-12-19,267.1700134277344,234.54962158203125
2017-12-20,267.0299987792969,234.4267120361328
2017-12-21,267.5799865722656,234.9095916748047
2017-12-22,267.510009765625,234.84815979003906
2017-12-26,267.19000244140625,234.5672149658203
2017-12-27,267.32000732421875,234.6813507080078
2017-12-28,267.8699951171875,235.16421508789062
2017-12-29,266.8599853515625,234.27748107910156
2018-01-02,268.7699890136719,235.9542236328125
2018-01-03,270.4700012207031,237.44668579101562
2018-01-04,271.6099853515625,238.4474639892578
2018-01-05,273.4200134277344,240.03659057617188
2018-01-08,273.9200134277344,240.47549438476562
2018-01-09,274.5400085449219,241.01986694335938
2018-01-10,274.1199951171875,240.65101623535156
2018-01-11,276.1199951171875,242.40684509277344
2018-01-12,277.9200134277344,243.98719787597656
2018-01-16,276.9700012207031,243.15313720703125
2018-01-17,279.6099853515625,245.47084045410156
2018-01-18,279.1400146484375,245.05824279785156
2018-01-19,280.4100036621094,246.1730499267578
2018-01-22,282.69000244140625,248.17466735839844
2018-01-23,283.2900085449219,248.701416015625
2018-01-24,283.17999267578125,248.60496520996094
2018-01-25,283.29998779296875,248.71022033691406
2018-01-26,286.5799865722656,251.5897674560547
2018-01-29,284.67999267578125,249.92178344726562
2018-01-30,281.760009765625,247.35829162597656
2018-01-31,281.8999938964844,247.4811553955078
2018-02-01,281.5799865722656,247.20025634765625
2018-02-02,275.45001220703125,241.81866455078125
2018-02-05,263.92999267578125,231.70521545410156
2018-02-06,269.1300048828125,236.270263671875
2018-02-07,267.6700134277344,234.9886474609375
2018-02-08,257.6300048828125,226.17446899414062
2018-02-09,261.5,229.57192993164062
2018-02-12,265.3399963378906,232.94305419921875
2018-02-13,266.0,233.52247619628906
2018-02-14,269.5899963378906,236.67416381835938
2018-02-15,273.0299987792969,239.69418334960938
2018-02-16,273.1099853515625,239.76443481445312
2018-02-20,271.3999938964844,238.26319885253906
2018-02-21,270.04998779296875,237.0780029296875
2018-02-22,270.3999938964844,237.38526916503906
2018-02-23,274.7099914550781,241.16903686523438
2018-02-26,277.8999938964844,243.96961975097656
2018-02-27,274.42999267578125,240.92330932617188
2018-02-28,271.6499938964844,238.48265075683594
2018-03-01,267.70001220703125,235.0149383544922
2018-03-02,269.0799865722656,236.22647094726562
2018-03-05,272.19000244140625,238.9567413330078
2018-03-06,272.8800048828125,239.56240844726562
2018-03-07,272.7799987792969,239.47467041015625
2018-03-08,274.1000061035156,240.63348388671875
2018-03-09,278.8699951171875,244.82115173339844
2018-03-12,278.5199890136719,244.513916015625
2018-03-13,276.7200012207031,242.93370056152344
2018-03-14,275.29998779296875,241.6869659423828
2018-03-15,275.0,241.4236602783203
2018-03-16,274.20001220703125,241.6854705810547
2018-03-19,270.489990234375,238.41531372070312
2018-03-20,270.95001220703125,238.82081604003906
2018-03-21,270.42999267578125,238.36241149902344
2018-03-22,263.6700134277344,232.40408325195312
2018-03-23,258.04998779296875,227.45046997070312
2018-03-26,265.1099853515625,233.6732940673828
2018-03-27,260.6000061035156,229.69813537597656
2018-03-28,259.8299865722656,229.01934814453125
2018-03-29,263.1499938964844,231.94570922851562
2018-04-02,257.4700012207031,226.9392547607422
2018-04-03,260.7699890136719,229.84796142578125
2018-04-04,263.55999755859375,232.3071746826172
2018-04-05,265.6400146484375,234.14053344726562
2018-04-06,259.7200012207031,228.92250061035156
2018-04-09,261.0,230.0506591796875
2018-04-10,265.1499938964844,233.70855712890625
2018-04-11,263.760009765625,232.48341369628906
2018-04-12,265.92999267578125,234.3960418701172
2018-04-13,265.1499938964844,233.70855712890625
2018-04-16,267.3299865722656,235.63002014160156
2018-04-17,270.19000244140625,238.1509246826172
2018-04-18,270.3900146484375,238.3271942138672
2018-04-19,268.8900146484375,237.00503540039062
2018-04-20,266.6099853515625,234.9954071044922
2018-04-23,266.57000732421875,234.96018981933594
2018-04-24,262.9800109863281,231.79592895507812
2018-04-25,263.6300048828125,232.3688201904297
2018-04-26,266.30999755859375,234.73106384277344
2018-04-27,266.55999755859375,234.95138549804688
2018-04-30,264.510009765625,233.1444549560547
2018-05-01,264.9800109863281,233.55873107910156
2018-05-02,263.20001220703125,231.9898223876953
2018-05-03,262.6199951171875,231.4785919189453
2018-05-04,266.0199890136719,234.4753875732422
2018-05-07,266.9200134277344,235.26873779296875
2018-05-08,266.9200134277344,235.26873779296875
2018-05-09,269.5,237.5427703857422
2018-05-10,272.0199890136719,239.76390075683594
2018-05-11,272.8500061035156,240.49549865722656
2018-05-14,272.9800109863281,240.61001586914062
2018-05-15,271.1000061035156,238.9530487060547
2018-05-16,272.239990234375,239.9578399658203
2018-05-17,272.010009765625,239.75515747070312
2018-05-18,271.3299865722656,239.1557159423828
2018-05-21,273.3699951171875,240.953857421875
2018-05-22,272.6099853515625,240.28392028808594
2018-05-23,273.3599853515625,240.9450225830078
2018-05-24,272.79998779296875,240.45147705078125
2018-05-25,272.1499938964844,239.8785400390625
2018-05-29,269.0199890136719,237.11962890625
2018-05-30,272.6099853515625,240.28392028808594
2018-05-31,270.94000244140625,238.8119354248047
2018-06-01,273.6000061035156,241.15655517578125
2018-06-04,274.8999938964844,242.3023681640625
2018-06-05,275.1000061035156,242.47872924804688
2018-06-06,277.3999938964844,244.50601196289062
2018-06-07,277.3699951171875,244.47955322265625
2018-06-08,278.19000244140625,245.2022705078125
2018-06-11,278.55999755859375,245.52842712402344
2018-06-12,278.9200134277344,245.8457489013672
2018-06-13,278.0299987792969,245.06124877929688
2018-06-14,278.7300109863281,245.67822265625
2018-06-15,277.1300048828125,245.36485290527344
2018-06-18,276.55999755859375,244.86013793945312
2018-06-19,275.5,243.92172241210938
2018-06-20,275.9700012207031,244.33778381347656
2018-06-21,274.239990234375,242.80613708496094
2018-06-22,274.739990234375,243.2488250732422
2018-06-25,271.0,239.9374542236328
2018-06-26,271.6000061035156,240.46868896484375
2018-06-27,269.3500061035156,238.47657775878906
2018-06-28,270.8900146484375,239.84010314941406
2018-06-29,271.2799987792969,240.18536376953125
2018-07-02,271.8599853515625,240.69888305664062
2018-07-03,270.8999938964844,239.84896850585938
2018-07-05,273.1099853515625,241.8056640625
2018-07-06,275.4200134277344,243.8507843017578
2018-07-09,277.8999938964844,246.0465087890625
2018-07-10,278.8999938964844,246.9319305419922
2018-07-11,276.8599853515625,245.12579345703125
2018-07-12,279.3699951171875,247.3480682373047
2018-07-13,279.5899963378906,247.5428466796875
2018-07-16,279.3399963378906,247.3214874267578
2018-07-17,280.4700012207031,248.322021484375
2018-07-18,281.05999755859375,248.8443603515625
2018-07-19,280.0,247.90586853027344
2018-07-20,279.67999267578125,247.62255859375
2018-07-23,280.20001220703125,248.08290100097656
2018-07-24,281.6099853515625,249.33128356933594
2018-07-25,284.010009765625,251.45632934570312
2018-07-26,283.3399963378906,250.86306762695312
2018-07-27,281.4200134277344,249.16311645507812
2018-07-30,279.95001220703125,247.8616180419922
2018-07-31,281.3299865722656,249.08346557617188
2018-08-01,280.8599853515625,248.6672821044922
2018-08-02,282.3900146484375,250.02194213867188
2018-08-03,283.6000061035156,251.09320068359375
2018-08-06,284.6400146484375,252.01406860351562
2018-08-07,285.5799865722656,252.84632873535156
2018-08-08,285.4599914550781,252.74000549316406
2018-08-09,285.07000732421875,252.39480590820312
2018-08-10,283.1600036621094,250.70362854003906
2018-08-13,282.1000061035156,249.76516723632812
2018-08-14,283.8999938964844,251.35887145996094
2018-08-15,281.7799987792969,249.48179626464844
2018-08-16,284.05999755859375,251.5004119873047
2018-08-17,285.05999755859375,252.38583374023438
2018-08-20,285.6700134277344,252.9259490966797
2018-08-21,286.3399963378906,253.5191650390625
2018-08-22,286.1700134277344,253.36871337890625
2018-08-23,285.7900085449219,253.03219604492188
2018-08-24,287.510009765625,254.55503845214844
2018-08-27,289.7799987792969,256.56488037109375
2018-08-28,289.9200134277344,256.68890380859375
2018-08-29,291.4800109863281,258.070068359375
2018-08-30,290.29998779296875,257.0252990722656
2018-08-31,290.30999755859375,257.0342712402344
2018-09-04,289.80999755859375,256.5913391113281
2018-09-05,289.0299987792969,255.9008331298828
2018-09-06,288.1600036621094,255.13058471679688
2018-09-07,287.6000061035156,254.63465881347656
2018-09-10,288.1000061035156,255.07742309570312
2018-09-11,289.04998779296875,255.91854858398438
2018-09-12,289.1199951171875,255.9805145263672
2018-09-13,290.8299865722656,257.4945373535156
2018-09-14,290.8800048828125,257.5389099121094
2018-09-17,289.3399963378906,256.1752624511719
2018-09-18,290.9100036621094,257.5654602050781
2018-09-19,291.2200012207031,257.83984375
2018-09-20,293.5799865722656,259.92919921875
2018-09-21,291.989990234375,259.6918640136719
2018-09-24,291.0199890136719,258.8290100097656
2018-09-25,290.75,258.5890808105469
2018-09-26,289.8800048828125,257.8152770996094
2018-09-27,290.69000244140625,258.5356750488281
2018-09-28,290.7200012207031,258.5622863769531
2018-10-01,291.7300109863281,259.46051025390625
2018-10-02,291.55999755859375,259.3094482421875
2018-10-03,291.7200012207031,259.4516906738281
2018-10-04,289.44000244140625,257.4239501953125
2018-10-05,287.82000732421875,255.9831085205078
2018-10-08,287.82000732421875,255.9831085205078
2018-10-09,287.3999938964844,255.60955810546875
2018-10-10,278.29998779296875,247.51605224609375
2018-10-11,272.1700134277344,242.06419372558594
2018-10-12,275.95001220703125,245.42604064941406
2018-10-15,274.3999938964844,244.0475616455078
2018-10-16,280.3999938964844,249.38385009765625
2018-10-17,280.45001220703125,249.4283905029297
2018-10-18,276.3999938964844,245.82630920410156
2018-10-19,276.25,245.69290161132812
2018-10-22,275.010009765625,244.58999633789062
2018-10-23,273.6099853515625,243.3448944091797
2018-10-24,265.32000732421875,235.9718780517578
2018-10-25,270.0799865722656,240.20535278320312
2018-10-26,265.3299865722656,235.98080444335938
2018-10-29,263.8599853515625,234.6733856201172
2018-10-30,267.7699890136719,238.15089416503906
2018-10-31,270.6300048828125,240.69451904296875
2018-11-01,273.510009765625,243.25599670410156
2018-11-02,271.8900146484375,241.815185546875
2018-11-05,273.3900146484375,243.14923095703125
2018-11-06,275.1199951171875,244.68795776367188
2018-11-07,281.010009765625,249.92637634277344
2018-11-08,280.5,249.4727783203125
2018-11-09,277.760009765625,247.035888671875
2018-11-12,272.57000732421875,242.41998291015625
2018-11-13,272.05999755859375,241.96630859375
2018-11-14,270.20001220703125,240.31214904785156
2018-11-15,273.0199890136719,242.8201904296875
2018-11-16,273.7300109863281,243.45167541503906
2018-11-19,269.1000061035156,239.33377075195312
2018-11-20,264.1199951171875,234.9046630859375
2018-11-21,265.0199890136719,235.70504760742188
2018-11-23,263.25,234.13088989257812
2018-11-26,267.5,237.9107666015625
2018-11-27,268.3999938964844,238.7112274169922
2018-11-28,274.5799865722656,244.20758056640625
2018-11-29,273.9800109863281,243.67393493652344
2018-11-30,275.6499938964844,245.1592559814453
2018-12-03,279.29998779296875,248.40548706054688
2018-12-04,270.25,240.3565673828125
2018-12-06,269.8399963378906,239.991943359375
2018-12-07,263.57000732421875,234.41552734375
2018-12-10,264.07000732421875,234.86016845703125
2018-12-11,264.1300048828125,234.91354370117188
2018-12-12,265.4599914550781,236.09640502929688
2018-12-13,265.3699951171875,236.0164031982422
2018-12-14,260.4700012207031,231.65838623046875
2018-12-17,255.36000061035156,227.1136474609375
2018-12-18,255.0800018310547,226.86460876464844
2018-12-19,251.25999450683594,223.4671173095703
2018-12-20,247.1699981689453,219.82952880859375
2018-12-21,240.6999969482422,215.32537841796875
2018-12-24,234.33999633789062,209.63583374023438
2018-12-26,246.17999267578125,220.22767639160156
2018-12-27,248.07000732421875,221.91836547851562
2018-12-28,247.75,221.63211059570312
2018-12-31,249.9199981689453,223.57339477539062
2019-01-02,250.17999267578125,223.80593872070312
2019-01-03,244.2100067138672,218.46531677246094
2019-01-04,252.38999938964844,225.78294372558594
2019-01-07,254.3800048828125,227.5631866455078
2019-01-08,256.7699890136719,229.70123291015625
2019-01-09,257.9700012207031,230.77471923828125
2019-01-10,258.8800048828125,231.58877563476562
2019-01-11,258.9800109863281,231.67823791503906
2019-01-14,257.3999938964844,230.2648468017578
2019-01-15,260.3500061035156,232.90382385253906
2019-01-16,260.9800109863281,233.46746826171875
2019-01-17,262.9599914550781,235.2387237548828
2019-01-18,266.4599914550781,238.36978149414062
2019-01-22,262.8599853515625,235.1492156982422
2019-01-23,263.4100036621094,235.64122009277344
2019-01-24,263.54998779296875,235.76651000976562
2019-01-25,265.7799987792969,237.76144409179688
2019-01-28,263.760009765625,235.954345703125
2019-01-29,263.4100036621094,235.64122009277344
2019-01-30,267.5799865722656,239.37168884277344
2019-01-31,269.92999267578125,241.47396850585938
2019-02-01,270.05999755859375,241.5902099609375
2019-02-04,271.9599914550781,243.2899169921875
2019-02-05,273.1000061035156,244.30978393554688
2019-02-06,272.739990234375,243.9876251220703
2019-02-07,270.1400146484375,241.66177368164062
2019-02-08,270.4700012207031,241.95692443847656
2019-02-11,270.6199951171875,242.09109497070312
2019-02-12,274.1000061035156,245.20428466796875
2019-02-13,274.989990234375,246.00047302246094
2019-02-14,274.3800048828125,245.45480346679688
2019-02-15,277.3699951171875,248.1295928955078
2019-02-19,277.8500061035156,248.55892944335938
2019-02-20,278.4100036621094,249.0599365234375
2019-02-21,277.4200134277344,248.1742706298828
2019-02-22,279.1400146484375,249.71292114257812
2019-02-25,279.5199890136719,250.05291748046875
2019-02-26,279.32000732421875,249.87403869628906
2019-02-27,279.20001220703125,249.7666473388672
2019-02-28,278.67999267578125,249.30149841308594
2019-03-01,280.4200134277344,250.8580322265625
2019-03-04,279.3999938964844,249.94557189941406
2019-03-05,279.0199890136719,249.6056365966797
2019-03-06,277.3299865722656,248.09381103515625
2019-03-07,275.010009765625,246.01832580566406
2019-03-08,274.4599914550781,245.52639770507812
2019-03-11,278.44000244140625,249.0867462158203
2019-03-12,279.489990234375,250.02610778808594
2019-03-13,281.3399963378906,251.6811065673828
2019-03-14,281.1600036621094,251.51995849609375
2019-03-15,281.30999755859375,252.76272583007812
2019-03-18,282.3299865722656,253.67922973632812
2019-03-19,282.3999938964844,253.74203491210938
2019-03-20,281.54998779296875,252.97824096679688
2019-03-21,284.7300109863281,255.83560180664062
2019-03-22,279.25,250.91175842285156
2019-03-25,279.0400085449219,250.72305297851562
2019-03-26,281.1199951171875,252.5919647216797
2019-03-27,279.6499938964844,251.27114868164062
2019-03-28,280.7099914550781,252.22354125976562
2019-03-29,282.4800109863281,253.81402587890625
2019-04-01,285.8299865722656,256.82391357421875
2019-04-02,285.9700012207031,256.9497985839844
2019-04-03,286.4200134277344,257.3540954589844
2019-04-04,287.17999267578125,258.0369567871094
2019-04-05,288.57000732421875,259.28594970703125
2019-04-08,288.7900085449219,259.483642578125
2019-04-09,287.30999755859375,258.15380859375
2019-04-10,288.2900085449219,259.0344543457031
2019-04-11,288.2099914550781,258.9623718261719
2019-04-12,290.1600036621094,260.71466064453125
2019-04-15,289.9700012207031,260.5439453125
2019-04-16,290.1600036621094,260.71466064453125
2019-04-17,289.45001220703125,260.0766296386719
2019-04-18,290.0199890136719,260.5887756347656
2019-04-22,290.2699890136719,260.81341552734375
2019-04-23,292.8800048828125,263.1586608886719
2019-04-24,292.2300109863281,262.5745849609375
2019-04-25,292.04998779296875,262.4127502441406
2019-04-26,293.4100036621094,263.634765625
2019-04-29,293.8699951171875,264.048095703125
2019-04-30,294.0199890136719,264.182861328125
2019-05-01,291.80999755859375,262.19708251953125
2019-05-02,291.17999267578125,261.631103515625
2019-05-03,294.0299987792969,264.19183349609375
2019-05-06,292.82000732421875,263.10467529296875
2019-05-07,287.92999267578125,258.7109069824219
2019-05-08,287.5299987792969,258.3515319824219
2019-05-09,286.6600036621094,257.56988525390625
2019-05-10,288.1000061035156,258.8636474609375
2019-05-13,280.8599853515625,252.35841369628906
2019-05-14,283.3999938964844,254.64065551757812
2019-05-15,285.05999755859375,256.1321716308594
2019-05-16,287.70001220703125,258.5042419433594
2019-05-17,285.8399963378906,256.8329772949219
2019-05-20,283.95001220703125,255.13485717773438
2019-05-21,286.510009765625,257.4349670410156
2019-05-22,285.6300048828125,256.64422607421875
2019-05-23,282.1400146484375,253.50848388671875
2019-05-24,282.7799987792969,254.08343505859375
2019-05-28,280.1499938964844,251.72035217285156
2019-05-29,278.2699890136719,250.0311737060547
2019-05-30,279.0299987792969,250.71405029296875
2019-05-31,275.2699890136719,247.33570861816406
2019-06-03,274.57000732421875,246.7067108154297
2019-06-04,280.5299987792969,252.0619354248047
2019-06-05,282.9599914550781,254.24525451660156
2019-06-06,284.79998779296875,255.8984832763672
2019-06-07,287.6499938964844,258.4592590332031
2019-06-10,288.9700012207031,259.6453857421875
2019-06-11,288.8999938964844,259.58245849609375
2019-06-12,288.3900146484375,259.124267578125
2019-06-13,289.5799865722656,260.1933288574219
2019-06-14,289.260009765625,259.9059143066406
2019-06-17,289.3699951171875,260.0047912597656
2019-06-18,292.3999938964844,262.727294921875
2019-06-19,293.05999755859375,263.3202819824219
2019-06-20,295.8599853515625,265.836181640625
2019-06-21,294.0,265.4496765136719
2019-06-24,293.6400146484375,265.124755859375
2019-06-25,290.760009765625,262.5244445800781
2019-06-26,290.4700012207031,262.262451171875
2019-06-27,291.5,263.19256591796875
2019-06-28,293.0,264.546875
2019-07-01,295.6600036621094,266.9485168457031
2019-07-02,296.42999267578125,267.6437683105469
2019-07-03,298.79998779296875,269.7835998535156
2019-07-05,298.4599914550781,269.4765625
2019-07-08,296.82000732421875,267.99591064453125
2019-07-09,297.19000244140625,268.3299255371094
2019-07-10,298.6099853515625,269.612060546875
2019-07-11,299.30999755859375,270.2441101074219
2019-07-12,300.6499938964844,271.4539489746094
2019-07-15,300.75,271.5443115234375
2019-07-16,299.7799987792969,270.6685485839844
2019-07-17,297.739990234375,268.82647705078125
2019-07-18,298.8299865722656,269.8106994628906
2019-07-19,297.1700134277344,268.31195068359375
2019-07-22,297.8999938964844,268.97100830078125
2019-07-23,300.0299987792969,270.89410400390625
2019-07-24,301.44000244140625,272.167236328125
2019-07-25,300.0,270.8670959472656
2019-07-26,302.010009765625,272.68182373046875
2019-07-29,301.4599914550781,272.1853942871094
2019-07-30,300.7200012207031,271.51708984375
2019-07-31,297.42999267578125,268.5466613769531
2019-08-01,294.8399963378906,266.2082214355469
2019-08-02,292.6199951171875,264.20367431640625
2019-08-05,283.82000732421875,256.25836181640625
2019-08-06,287.79998779296875,259.8518371582031
2019-08-07,287.9700012207031,260.00537109375
2019-08-08,293.6199951171875,265.1065979003906
2019-08-09,291.6199951171875,263.3008117675781
2019-08-12,288.07000732421875,260.0955505371094
2019-08-13,292.54998779296875,264.1404724121094
2019-08-14,283.8999938964844,256.33050537109375
2019-08-15,284.6499938964844,257.00775146484375
2019-08-16,288.8500061035156,260.7998352050781
2019-08-19,292.3299865722656,263.94183349609375
2019-08-20,290.0899963378906,261.91943359375
2019-08-21,292.45001220703125,264.0503234863281
2019-08-22,292.3599853515625,263.96893310546875
2019-08-23,284.8500061035156,257.18829345703125
2019-08-26,288.0,260.03240966796875
2019-08-27,286.8699951171875,259.0121154785156
2019-08-28,288.8900146484375,260.83599853515625
2019-08-29,292.5799865722656,264.1675720214844
2019-08-30,292.45001220703125,264.0503234863281
2019-09-03,290.739990234375,262.5063171386719
2019-09-04,294.0400085449219,265.48590087890625
2019-09-05,297.82000732421875,268.8987731933594
2019-09-06,298.04998779296875,269.1064453125
2019-09-09,298.20001220703125,269.2418212890625
2019-09-10,298.1300048828125,269.1786804199219
2019-09-11,300.25,271.09283447265625
2019-09-12,301.2900085449219,272.0318298339844
2019-09-13,301.0899963378906,271.8511962890625
2019-09-16,300.1600036621094,271.01153564453125
2019-09-17,300.9200134277344,271.69769287109375
2019-09-18,301.1000061035156,271.8602294921875
2019-09-19,301.0799865722656,271.84222412109375
2019-09-20,298.2799987792969,270.557861328125
2019-09-23,298.2099914550781,270.4942321777344
2019-09-24,295.8699951171875,268.371826171875
2019-09-25,297.6199951171875,269.9591369628906
2019-09-26,297.0,269.3967590332031
2019-09-27,295.3999938964844,267.9454345703125
2019-09-30,296.7699890136719,269.18804931640625
2019-10-01,293.239990234375,265.9862365722656
2019-10-02,288.05999755859375,261.2876281738281
2019-10-03,290.4200134277344,263.42840576171875
2019-10-04,294.3500061035156,266.9930114746094
2019-10-07,293.0799865722656,265.84100341796875
2019-10-08,288.5299987792969,261.71392822265625
2019-10-09,291.2699890136719,264.1993103027344
2019-10-10,293.239990234375,265.9862365722656
2019-10-11,296.2799987792969,268.74365234375
2019-10-14,295.95001220703125,268.4443359375
2019-10-15,298.8800048828125,271.10205078125
2019-10-16,298.3999938964844,270.6666564941406
2019-10-17,299.2799987792969,271.46478271484375
2019-10-18,297.9700012207031,270.2765197753906
2019-10-21,299.989990234375,272.1087646484375
2019-10-22,299.010009765625,271.2199401855469
2019-10-23,299.8800048828125,272.0091247558594
2019-10-24,300.3699951171875,272.45355224609375
2019-10-25,301.6000061035156,273.56927490234375
2019-10-28,303.29998779296875,275.1112976074219
2019-10-29,303.2099914550781,275.02960205078125
2019-10-30,304.1400146484375,275.8731689453125
2019-10-31,303.3299865722656,275.13836669921875
2019-11-01,306.1400146484375,277.6872253417969
2019-11-04,307.3699951171875,278.80303955078125
2019-11-05,307.0299987792969,278.4945983886719
2019-11-06,307.1000061035156,278.55810546875
2019-11-07,308.17999267578125,279.5377197265625
2019-11-08,308.94000244140625,280.22705078125
2019-11-11,308.3500061035156,279.69189453125
2019-11-12,309.0,280.2814636230469
2019-11-13,309.1000061035156,280.3721618652344
2019-11-14,309.54998779296875,280.7803649902344
2019-11-15,311.7900085449219,282.81219482421875
2019-11-18,312.0199890136719,283.0207824707031
2019-11-19,311.92999267578125,282.93914794921875
2019-11-20,310.7699890136719,281.8869934082031
2019-11-21,310.2699890136719,281.4333801269531
2019-11-22,310.9599914550781,282.05926513671875
2019-11-25,313.3699951171875,284.24530029296875
2019-11-26,314.0799865722656,284.8893737792969
2019-11-27,315.4800109863281,286.1592102050781
2019-11-29,314.30999755859375,285.0980224609375
2019-12-02,311.6400146484375,282.67608642578125
2019-12-03,309.54998779296875,280.7803649902344
2019-12-04,311.4599914550781,282.51287841796875
2019-12-05,312.0199890136719,283.0207824707031
2019-12-06,314.8699951171875,285.6058044433594
2019-12-09,313.8800048828125,284.7079162597656
2019-12-10,313.5299987792969,284.39044189453125
2019-12-11,314.4200134277344,285.1977233886719
2019-12-12,317.1300048828125,287.6558837890625
2019-12-13,317.32000732421875,287.8282165527344
2019-12-16,319.5,289.8056335449219
2019-12-17,319.57000732421875,289.8691101074219
2019-12-18,319.5899963378906,289.8871765136719
2019-12-19,320.8999938964844,291.07550048828125
2019-12-20,320.7300109863281,292.35162353515625
2019-12-23,321.2200012207031,292.79827880859375
2019-12-24,321.2300109863281,292.80731201171875
2019-12-26,322.94000244140625,294.36602783203125
2019-12-27,322.8599853515625,294.2931213378906
2019-12-30,321.0799865722656,292.6706237792969
2019-12-31,321.8599853515625,293.381591796875
2020-01-02,324.8699951171875,296.125244140625
2020-01-03,322.4100036621094,293.8828430175781
2020-01-06,323.6400146484375,295.0041198730469
2020-01-07,322.7300109863281,294.1745910644531
2020-01-08,324.45001220703125,295.74249267578125
2020-01-09,326.6499938964844,297.7477722167969
2020-01-10,325.7099914550781,296.8908996582031
2020-01-13,327.95001220703125,298.9327392578125
2020-01-14,327.45001220703125,298.4770202636719
2020-01-15,328.19000244140625,299.15155029296875
2020-01-16,330.9200134277344,301.6399841308594
2020-01-17,331.95001220703125,302.5788269042969
2020-01-21,331.29998779296875,301.98626708984375
2020-01-22,331.3399963378906,302.022705078125
2020-01-23,331.7200012207031,302.3692321777344
2020-01-24,328.7699890136719,299.6802673339844
2020-01-27,323.5,294.87652587890625
2020-01-28,326.8900146484375,297.9665832519531
2020-01-29,326.6199951171875,297.7204895019531
2020-01-30,327.67999267578125,298.6866455078125
2020-01-31,321.7300109863281,293.2632141113281
2020-02-03,324.1199951171875,295.4416198730469
2020-02-04,329.05999755859375,299.94451904296875
2020-02-05,332.8599853515625,303.4083557128906
2020-02-06,333.9800109863281,304.4292907714844
2020-02-07,332.20001220703125,302.8067626953125
2020-02-10,334.67999267578125,305.06732177734375
2020-02-11,335.260009765625,305.5959167480469
2020-02-12,337.4200134277344,307.56488037109375
2020-02-13,337.05999755859375,307.2366943359375
2020-02-14,337.6000061035156,307.72906494140625
2020-02-18,336.7300109863281,306.9358825683594
2020-02-19,338.3399963378906,308.4034423828125
2020-02-20,336.95001220703125,307.13641357421875
2020-02-21,333.4800109863281,303.9735107421875
2020-02-24,322.4200134277344,293.8920593261719
2020-02-25,312.6499938964844,284.9865417480469
2020-02-26,311.5,283.9382629394531
2020-02-27,297.510009765625,271.18609619140625
2020-02-28,296.260009765625,270.0467834472656
2020-03-02,309.0899963378906,281.7415466308594
2020-03-03,300.239990234375,273.674560546875
2020-03-04,312.8599853515625,285.1779479980469
2020-03-05,302.4599914550781,275.6981201171875
2020-03-06,297.4599914550781,271.1405334472656
2020-03-09,274.2300109863281,249.96591186523438
2020-03-10,288.4200134277344,262.9005126953125
2020-03-11,274.3599853515625,250.08438110351562
2020-03-12,248.11000061035156,226.15708923339844
2020-03-13,269.32000732421875,245.49041748046875
2020-03-16,239.85000610351562,218.62791442871094
2020-03-17,252.8000030517578,230.43211364746094
2020-03-18,240.0,218.76461791992188
2020-03-19,240.50999450683594,219.22955322265625
2020-03-20,228.8000030517578,209.78201293945312
2020-03-23,222.9499969482422,204.41822814941406
2020-03-24,243.14999389648438,222.93923950195312
2020-03-25,246.7899932861328,226.27664184570312
2020-03-26,261.20001220703125,239.4888916015625
2020-03-27,253.4199981689453,232.3555450439453
2020-03-30,261.6499938964844,239.9014434814453
2020-03-31,257.75,236.32569885253906
2020-04-01,246.14999389648438,225.68983459472656
2020-04-02,251.8300018310547,230.89772033691406
2020-04-03,248.19000244140625,227.560302734375
2020-04-06,264.8599853515625,242.8446502685547
2020-04-07,265.1300048828125,243.09217834472656
2020-04-08,274.0299987792969,251.25241088867188
2020-04-09,278.20001220703125,255.0758056640625
2020-04-13,275.6600036621094,252.74696350097656
2020-04-14,283.7900085449219,260.201171875
2020-04-15,277.760009765625,254.6724395751953
2020-04-16,279.1000061035156,255.90101623535156
2020-04-17,286.6400146484375,262.81427001953125
2020-04-20,281.5899963378906,258.18402099609375
2020-04-21,273.0400085449219,250.34471130371094
2020-04-22,279.1000061035156,255.90101623535156
2020-04-23,279.0799865722656,255.88262939453125
2020-04-24,282.9700012207031,259.44940185546875
2020-04-27,287.04998779296875,263.1902160644531
2020-04-28,285.7300109863281,261.9799499511719
2020-04-29,293.2099914550781,268.8382568359375
2020-04-30,290.4800109863281,266.33514404296875
2020-05-01,282.7900085449219,259.2843017578125
2020-05-04,283.57000732421875,259.9995422363281
2020-05-05,286.19000244140625,262.4017333984375
2020-05-06,284.25,260.6229553222656
2020-05-07,287.67999267578125,263.7678527832031
2020-05-08,292.44000244140625,268.13226318359375
2020-05-11,292.5,268.1871643066406
2020-05-12,286.6700134277344,262.841796875
2020-05-13,281.6000061035156,258.1932067871094
2020-05-14,284.9700012207031,261.2830810546875
2020-05-15,286.2799987792969,262.4842529296875
2020-05-18,295.0,270.4794006347656
2020-05-19,291.9700012207031,267.7012634277344
2020-05-20,296.92999267578125,272.24896240234375
2020-05-21,294.8800048828125,270.36944580078125
2020-05-22,295.44000244140625,270.8829040527344
2020-05-26,299.0799865722656,274.2202453613281
2020-05-27,303.5299987792969,278.30035400390625
2020-05-28,302.9700012207031,277.786865234375
2020-05-29,304.32000732421875,279.0247497558594
2020-06-01,305.54998779296875,280.1525573730469
2020-06-02,308.0799865722656,282.47216796875
2020-06-03,312.17999267578125,286.2314147949219
2020-06-04,311.3599853515625,285.47955322265625
2020-06-05,319.3399963378906,292.7962341308594
2020-06-08,323.20001220703125,296.3354187011719
2020-06-09,320.7900085449219,294.12579345703125
2020-06-10,319.0,292.48443603515625
2020-06-11,300.6099853515625,275.623046875
2020-06-12,304.2099914550781,278.9238586425781
2020-06-15,307.04998779296875,281.52777099609375
2020-06-16,312.9599914550781,286.946533203125
2020-06-17,311.6600036621094,285.75469970703125
2020-06-18,311.7799987792969,285.86468505859375
2020-06-19,308.6400146484375,284.2309265136719
2020-06-22,310.6199951171875,286.05438232421875
2020-06-23,312.04998779296875,287.37127685546875
2020-06-24,304.0899963378906,280.040771484375
2020-06-25,307.3500061035156,283.04302978515625
2020-06-26,300.04998779296875,276.3202819824219
2020-06-29,304.4599914550781,280.38153076171875
2020-06-30,308.3599853515625,283.97308349609375
2020-07-01,310.5199890136719,285.9622802734375
2020-07-02,312.2300109863281,287.5370178222656
2020-07-06,317.04998779296875,291.9757995605469
2020-07-07,313.7799987792969,288.9644775390625
2020-07-08,316.17999267578125,291.1745910644531
2020-07-09,314.3800048828125,289.5169982910156
2020-07-10,317.5899963378906,292.4730529785156
2020-07-13,314.8399963378906,289.9405822753906
2020-07-14,318.9200134277344,293.697998046875
2020-07-15,321.8500061035156,296.3961486816406
2020-07-16,320.7900085449219,295.4200439453125
2020-07-17,321.7200012207031,296.2764587402344
2020-07-20,324.32000732421875,298.6708679199219
2020-07-21,325.010009765625,299.3062438964844
2020-07-22,326.8599853515625,301.0099792480469
2020-07-23,322.9599914550781,297.4184265136719
2020-07-24,320.8800048828125,295.5029296875
2020-07-27,323.2200012207031,297.6578674316406
2020-07-28,321.1700134277344,295.77001953125
2020-07-29,325.1199951171875,299.40765380859375
2020-07-30,323.9599914550781,298.33941650390625
2020-07-31,326.5199890136719,300.6969299316406
2020-08-03,328.7900085449219,302.787353515625
2020-08-04,330.05999755859375,303.9569091796875
2020-08-05,332.1099853515625,305.8448791503906
2020-08-06,334.3299865722656,307.88922119140625
2020-08-07,334.57000732421875,308.11029052734375
2020-08-10,335.57000732421875,309.0311279296875
2020-08-11,332.79998779296875,306.480224609375
2020-08-12,337.44000244140625,310.75335693359375
2020-08-13,336.8299865722656,310.1915283203125
2020-08-14,336.8399963378906,310.20074462890625
2020-08-17,337.9100036621094,311.1860656738281
2020-08-18,338.6400146484375,311.8583984375
2020-08-19,337.2300109863281,310.55987548828125
2020-08-20,338.2799987792969,311.5268249511719
2020-08-21,339.4800109863281,312.63189697265625
2020-08-24,342.9200134277344,315.7998962402344
2020-08-25,344.1199951171875,316.90496826171875
2020-08-26,347.57000732421875,320.0821533203125
2020-08-27,348.3299865722656,320.7820129394531
2020-08-28,350.5799865722656,322.85406494140625
2020-08-31,349.30999755859375,321.6845397949219
2020-09-01,352.6000061035156,324.71429443359375
2020-09-02,357.70001220703125,329.4110107421875
2020-09-03,345.3900146484375,318.0745544433594
2020-09-04,342.57000732421875,315.4776306152344
2020-09-08,333.2099914550781,306.8578186035156
2020-09-09,339.7900085449219,312.9174499511719
2020-09-10,333.8900146484375,307.4839782714844
2020-09-11,334.05999755859375,307.64056396484375
2020-09-14,338.4599914550781,311.6925354003906
2020-09-15,340.1700134277344,313.2673645019531
2020-09-16,338.82000732421875,312.024169921875
2020-09-17,335.8399963378906,309.27978515625
2020-09-18,330.6499938964844,305.71917724609375
2020-09-21,326.9700012207031,302.3166809082031
2020-09-22,330.29998779296875,305.3955078125
2020-09-23,322.6400146484375,298.3131408691406
2020-09-24,323.5,299.1082458496094
2020-09-25,328.7300109863281,303.9440002441406
2020-09-28,334.19000244140625,308.9922790527344
2020-09-29,332.3699951171875,307.3095397949219
2020-09-30,334.8900146484375,309.6394958496094
2020-10-01,337.0400085449219,311.6273498535156
2020-10-02,333.8399963378906,308.66864013671875
2020-10-05,339.760009765625,314.14227294921875
2020-10-06,334.92999267578125,309.67645263671875
2020-10-07,340.760009765625,315.06689453125
2020-10-08,343.7799987792969,317.859130859375
2020-10-09,346.8500061035156,320.6977233886719
2020-10-12,352.42999267578125,325.85687255859375
2020-10-13,350.1300048828125,323.7303466796875
2020-10-14,347.92999267578125,321.6961669921875
2020-10-15,347.5,321.2987365722656
2020-10-16,347.2900085449219,321.1044616699219
2020-10-19,342.010009765625,316.22259521484375
2020-10-20,343.3800048828125,317.48931884765625
2020-10-21,342.7300109863281,316.8883361816406
2020-10-22,344.6099853515625,318.6265869140625
2020-10-23,345.7799987792969,319.7083740234375
2020-10-26,339.3900146484375,313.80023193359375
2020-10-27,338.2200012207031,312.71844482421875
2020-10-28,326.6600036621094,302.0300598144531
2020-10-29,329.9800109863281,305.0997314453125
2020-10-30,326.5400085449219,301.9190673828125
2020-11-02,330.20001220703125,305.30316162109375
2020-11-03,336.0299987792969,310.6935729980469
2020-11-04,343.5400085449219,317.63726806640625
2020-11-05,350.239990234375,323.8320617675781
2020-11-06,350.1600036621094,323.75811767578125
2020-11-09,354.55999755859375,327.826416015625
2020-11-10,354.0400085449219,327.3455505371094
2020-11-11,356.6700134277344,329.77728271484375
2020-11-12,353.2099914550781,326.57818603515625
2020-11-13,358.1000061035156,331.09942626953125
2020-11-16,362.57000732421875,335.2323913574219
2020-11-17,360.6199951171875,333.4295349121094
2020-11-18,356.2799987792969,329.4167175292969
2020-11-19,357.7799987792969,330.80352783203125
2020-11-20,355.3299865722656,328.5382080078125
2020-11-23,357.4599914550781,330.50762939453125
2020-11-24,363.2200012207031,335.8333740234375
2020-11-25,362.6600036621094,335.3156433105469
2020-11-27,363.6700134277344,336.24945068359375
2020-11-30,362.05999755859375,334.7608337402344
2020-12-01,366.0199890136719,338.4222412109375
2020-12-02,366.7900085449219,339.1342468261719
2020-12-03,366.69000244140625,339.041748046875
2020-12-04,369.8500061035156,341.9634704589844
2020-12-07,369.0899963378906,341.2607421875
2020-12-08,370.1700134277344,342.2593078613281
2020-12-09,366.8500061035156,339.189697265625
2020-12-10,366.7300109863281,339.07879638671875
2020-12-11,366.29998779296875,338.68115234375
2020-12-14,364.6600036621094,337.1648254394531
2020-12-15,369.5899963378906,341.72314453125
2020-12-16,370.1700134277344,342.2593078613281
2020-12-17,372.239990234375,344.1733093261719
2020-12-18,369.17999267578125,342.7990417480469
2020-12-21,367.8599853515625,341.5733947753906
2020-12-22,367.239990234375,340.9977111816406
2020-12-23,367.57000732421875,341.3040466308594
2020-12-24,369.0,342.63189697265625
2020-12-28,372.1700134277344,345.5753479003906
2020-12-29,371.4599914550781,344.9161376953125
2020-12-30,371.989990234375,345.4082946777344
2020-12-31,373.8800048828125,347.1632080078125
2021-01-04,368.7900085449219,342.4369201660156
2021-01-05,371.3299865722656,344.7953796386719
2021-01-06,373.54998779296875,346.8567199707031
2021-01-07,379.1000061035156,352.0102233886719
2021-01-08,381.260009765625,354.0158996582031
2021-01-11,378.69000244140625,351.6295166015625
2021-01-12,378.7699890136719,351.70379638671875
2021-01-13,379.7900085449219,352.6509704589844
2021-01-14,378.4599914550781,351.4158935546875
2021-01-15,375.70001220703125,348.8531799316406
2021-01-19,378.6499938964844,351.59234619140625
2021-01-20,383.8900146484375,356.45794677734375
2021-01-21,384.239990234375,356.78289794921875
2021-01-22,382.8800048828125,355.52008056640625
2021-01-25,384.3900146484375,356.9222106933594
2021-01-26,383.7900085449219,356.3650817871094
2021-01-27,374.4100036621094,347.65533447265625
2021-01-28,377.6300048828125,350.6452941894531
2021-01-29,370.07000732421875,343.62548828125
2021-02-01,376.2300109863281,349.34527587890625
2021-02-02,381.54998779296875,354.2851257324219
2021-02-03,381.8500061035156,354.56365966796875
2021-02-04,386.19000244140625,358.5935363769531
2021-02-05,387.7099914550781,360.0049743652344
2021-02-08,390.510009765625,362.6048583984375
2021-02-09,390.25,362.3634338378906
2021-02-10,390.0799865722656,362.2055358886719
2021-02-11,390.7099914550781,362.79058837890625
2021-02-12,392.6400146484375,364.58270263671875
2021-02-16,392.29998779296875,364.2669372558594
2021-02-17,392.3900146484375,364.3504943847656
2021-02-18,390.7200012207031,362.7998046875
2021-02-19,390.0299987792969,362.1591491699219
2021-02-22,387.0299987792969,359.3735046386719
2021-02-23,387.5,359.8099365234375
2021-02-24,391.7699890136719,363.7748107910156
2021-02-25,382.3299865722656,355.0094299316406
2021-02-26,380.3599853515625,353.1801452636719
2021-03-01,389.5799865722656,361.7413024902344
2021-03-02,386.5400085449219,358.9185485839844
2021-03-03,381.4200134277344,354.1644287109375
2021-03-04,376.70001220703125,349.7817077636719
2021-03-05,383.6300048828125,356.21649169921875
2021-03-08,381.7200012207031,354.4429931640625
2021-03-09,387.1700134277344,359.5035705566406
2021-03-10,389.5799865722656,361.7413024902344
2021-03-11,393.5299987792969,365.40899658203125
2021-03-12,394.05999755859375,365.90118408203125
2021-03-15,396.4100036621094,368.08319091796875
2021-03-16,395.9100036621094,367.61895751953125
2021-03-17,397.260009765625,368.8725280761719
2021-03-18,391.4800109863281,363.50555419921875
2021-03-19,389.4800109863281,362.83294677734375
2021-03-22,392.5899963378906,365.7301940917969
2021-03-23,389.5,362.85162353515625
2021-03-24,387.5199890136719,361.0069885253906
2021-03-25,389.70001220703125,363.037841796875
2021-03-26,395.9800109863281,368.88824462890625
2021-03-29,395.7799987792969,368.70196533203125
2021-03-30,394.7300109863281,367.7238464355469
2021-03-31,396.3299865722656,369.2143249511719
2021-04-01,400.6099853515625,373.2014465332031
2021-04-05,406.3599853515625,378.55804443359375
2021-04-06,406.1199951171875,378.3345031738281
2021-04-07,406.5899963378906,378.7723693847656
2021-04-08,408.5199890136719,380.57025146484375
2021-04-09,411.489990234375,383.33709716796875
2021-04-12,411.6400146484375,383.476806640625
2021-04-13,412.8599853515625,384.6134033203125
2021-04-14,411.45001220703125,383.29986572265625
2021-04-15,415.8699951171875,387.4174499511719
2021-04-16,417.260009765625,388.7123107910156
2021-04-19,415.2099914550781,386.80255126953125
2021-04-20,412.1700134277344,383.9705810546875
2021-04-21,416.07000732421875,387.6037292480469
2021-04-22,412.2699890136719,384.0636291503906
2021-04-23,416.739990234375,388.2279968261719
2021-04-26,417.6099853515625,389.0383605957031
2021-04-27,417.5199890136719,388.95452880859375
2021-04-28,417.3999938964844,388.84283447265625
2021-04-29,420.05999755859375,391.32073974609375
2021-04-30,417.29998779296875,388.7495422363281
2021-05-03,418.20001220703125,389.5879821777344
2021-05-04,415.6199951171875,387.1846008300781
2021-05-05,415.75,387.3055419921875
2021-05-06,419.07000732421875,390.3985290527344
2021-05-07,422.1199951171875,393.23974609375
2021-05-10,417.94000244140625,389.34576416015625
2021-05-11,414.2099914550781,385.8709716796875
2021-05-12,405.4100036621094,377.6730651855469
2021-05-13,410.2799987792969,382.2099609375
2021-05-14,416.5799865722656,388.07879638671875
2021-05-17,415.5199890136719,387.09136962890625
2021-05-18,411.94000244140625,383.7563171386719
2021-05-19,410.8599853515625,382.7501525878906
2021-05-20,415.2799987792969,386.86773681640625
2021-05-21,414.94000244140625,386.551025390625
2021-05-24,419.1700134277344,390.4915771484375
2021-05-25,418.239990234375,389.62530517578125
2021-05-26,419.07000732421875,390.3985290527344
2021-05-27,419.2900085449219,390.6034851074219
2021-05-28,420.0400085449219,391.30218505859375
2021-06-01,419.6700134277344,390.9573974609375
2021-06-02,420.3299865722656,391.5722351074219
2021-06-03,418.7699890136719,390.1190185546875
2021-06-04,422.6000061035156,393.6869201660156
2021-06-07,422.19000244140625,393.3050842285156
2021-06-08,422.2799987792969,393.3887634277344
2021-06-09,421.6499938964844,392.8019104003906
2021-06-10,423.6099853515625,394.6278381347656
2021-06-11,424.30999755859375,395.280029296875
2021-06-14,425.260009765625,396.1650390625
2021-06-15,424.4800109863281,395.4383544921875
2021-06-16,422.1099853515625,393.23046875
2021-06-17,421.9700012207031,393.1001281738281
2021-06-18,414.9200134277344,387.7970275878906
2021-06-21,420.8599853515625,393.34869384765625
2021-06-22,423.1099853515625,395.4516296386719
2021-06-23,422.6000061035156,394.9749755859375
2021-06-24,425.1000061035156,397.3115234375
2021-06-25,426.6099853515625,398.7227783203125
2021-06-28,427.4700012207031,399.5265197753906
2021-06-29,427.70001220703125,399.74163818359375
2021-06-30,428.05999755859375,400.0780029296875
2021-07-01,430.42999267578125,402.2931213378906
2021-07-02,433.7200012207031,405.3680419921875
2021-07-06,432.92999267578125,404.6296081542969
2021-07-07,434.4599914550781,406.0596923828125
2021-07-08,430.9200134277344,402.7511901855469
2021-07-09,435.5199890136719,407.0504150390625
2021-07-12,437.0799865722656,408.5083923339844
2021-07-13,435.5899963378906,407.11578369140625
2021-07-14,436.239990234375,407.7232971191406
2021-07-15,434.75,406.3305969238281
2021-07-16,431.3399963378906,403.14361572265625
2021-07-19,424.9700012207031,397.1900634765625
2021-07-20,431.05999755859375,402.88189697265625
2021-07-21,434.54998779296875,406.1437683105469
2021-07-22,435.4599914550781,406.99432373046875
2021-07-23,439.94000244140625,411.181396484375
2021-07-26,441.0199890136719,412.1908264160156
2021-07-27,439.010009765625,410.3122253417969
2021-07-28,438.8299865722656,410.1440124511719
2021-07-29,440.6499938964844,411.8450622558594
2021-07-30,438.510009765625,409.8450012207031
2021-08-02,437.5899963378906,408.9850158691406
2021-08-03,441.1499938964844,412.3123779296875
2021-08-04,438.9800109863281,410.28424072265625
2021-08-05,441.760009765625,412.8825378417969
2021-08-06,442.489990234375,413.5647888183594
2021-08-09,442.1300048828125,413.2283935546875
2021-08-10,442.67999267578125,413.7424011230469
2021-08-11,443.7799987792969,414.7704162597656
2021-08-12,445.1099853515625,416.01348876953125
2021-08-13,445.9200134277344,416.7705993652344
2021-08-16,446.9700012207031,417.7519226074219
2021-08-17,444.0400085449219,415.0134582519531
2021-08-18,439.17999267578125,410.47113037109375
2021-08-19,439.8599853515625,411.106689453125
2021-08-20,443.3599853515625,414.37786865234375
2021-08-23,447.260009765625,418.0229187011719
2021-08-24,447.9700012207031,418.6865539550781
2021-08-25,448.9100036621094,419.5650939941406
2021-08-26,446.260009765625,417.08837890625
2021-08-27,450.25,420.81756591796875
2021-08-30,452.2300109863281,422.66802978515625
2021-08-31,451.55999755859375,422.0419616699219
2021-09-01,451.79998779296875,422.26611328125
2021-09-02,453.19000244140625,423.5653076171875
2021-09-03,453.0799865722656,423.46240234375
2021-09-07,451.4599914550781,421.9483947753906
2021-09-08,450.9100036621094,421.434326171875
2021-09-09,448.9800109863281,419.6305236816406
2021-09-10,445.44000244140625,416.3219299316406
2021-09-13,446.5799865722656,417.38739013671875
2021-09-14,444.1700134277344,415.1349792480469
2021-09-15,447.8800048828125,418.6024475097656
2021-09-16,447.1700134277344,417.93878173828125
2021-09-17,441.3999938964844,413.86767578125
2021-09-20,434.0400085449219,406.9668273925781
2021-09-21,433.6300048828125,406.5823059082031
2021-09-22,437.8599853515625,410.5484313964844
2021-09-23,443.17999267578125,415.5365905761719
2021-09-24,443.9100036621094,416.2210693359375
2021-09-27,442.6400146484375,415.0303649902344
2021-09-28,433.7200012207031,406.66668701171875
2021-09-29,434.45001220703125,407.3511657714844
2021-09-30,429.1400146484375,402.37237548828125
2021-10-01,434.239990234375,407.1542663574219
2021-10-04,428.6400146484375,401.9035949707031
2021-10-05,433.1000061035156,406.08538818359375
2021-10-06,434.8999938964844,407.7731018066406
2021-10-07,438.6600036621094,411.2986145019531
2021-10-08,437.8599853515625,410.5484313964844
2021-10-11,434.69000244140625,407.57623291015625
2021-10-12,433.6199951171875,406.5729675292969
2021-10-13,435.17999267578125,408.03564453125
2021-10-14,442.5,414.89898681640625
2021-10-15,445.8699951171875,418.0588684082031
2021-10-18,447.19000244140625,419.2964782714844
2021-10-19,450.6400146484375,422.5313415527344
2021-10-20,452.4100036621094,424.19097900390625
2021-10-21,453.5899963378906,425.2972717285156
2021-10-22,453.1199951171875,424.8565979003906
2021-10-25,455.54998779296875,427.13507080078125
2021-10-26,455.9599914550781,427.5194396972656
2021-10-27,453.94000244140625,425.6255187988281
2021-10-28,458.32000732421875,429.7322998046875
2021-10-29,459.25,430.60430908203125
2021-11-01,460.0400085449219,431.3450622558594
2021-11-02,461.8999938964844,433.0889587402344
2021-11-03,464.7200012207031,435.7331237792969
2021-11-04,466.9100036621094,437.7864074707031
2021-11-05,468.5299987792969,439.3054504394531
2021-11-08,468.92999267578125,439.68048095703125
2021-11-09,467.3800048828125,438.2271423339844
2021-11-10,463.6199951171875,434.70166015625
2021-11-11,463.7699890136719,434.84234619140625
2021-11-12,467.2699890136719,438.1240234375
2021-11-15,467.42999267578125,438.2740173339844
2021-11-16,469.2799987792969,440.0086669921875
2021-11-17,468.1400146484375,438.93975830078125
2021-11-18,469.7300109863281,440.4305725097656
2021-11-19,468.8900146484375,439.6430358886719
2021-11-22,467.57000732421875,438.4053649902344
2021-11-23,468.19000244140625,438.9866638183594
2021-11-24,469.44000244140625,440.1587219238281
2021-11-26,458.9700012207031,430.3417663574219
2021-11-29,464.6000061035156,435.6205749511719
2021-11-30,455.55999755859375,427.1445007324219
2021-12-01,450.5,422.4000244140625
2021-12-02,457.3999938964844,428.8696594238281
2021-12-03,453.4200134277344,425.1379699707031
2021-12-06,458.7900085449219,430.1729736328125
2021-12-07,468.2799987792969,439.0710144042969
2021-12-08,469.5199890136719,440.23370361328125
2021-12-09,466.3500061035156,437.2613830566406
2021-12-10,470.739990234375,441.3775939941406
2021-12-13,466.57000732421875,437.4677734375
2021-12-14,463.3599853515625,434.45794677734375
2021-12-15,470.6000061035156,441.246337890625
2021-12-16,466.45001220703125,437.35516357421875
2021-12-17,459.8699951171875,432.7004699707031
2021-12-20,454.9800109863281,428.09942626953125
2021-12-21,463.05999755859375,435.7019958496094
2021-12-22,467.69000244140625,440.0584411621094
2021-12-23,470.6000061035156,442.7965393066406
2021-12-27,477.260009765625,449.0630798339844
2021-12-28,476.8699951171875,448.6960754394531
2021-12-29,477.4800109863281,449.27001953125
2021-12-30,476.1600036621094,448.028076171875
2021-12-31,474.9599914550781,446.8988952636719
2022-01-03,477.7099914550781,449.4864501953125
2022-01-04,477.54998779296875,449.33587646484375
2022-01-05,468.3800048828125,440.7076721191406
2022-01-06,467.94000244140625,440.29364013671875
2022-01-07,466.0899963378906,438.55291748046875
2022-01-10,465.510009765625,438.00726318359375
2022-01-11,469.75,441.9967041015625
2022-01-12,471.0199890136719,443.1917419433594
2022-01-13,464.5299987792969,437.0850830078125
2022-01-14,464.7200012207031,437.263916015625
2022-01-18,456.489990234375,429.5201110839844
2022-01-19,451.75,425.0601501464844
2022-01-20,446.75,420.3556213378906
2022-01-21,437.9800109863281,412.1037292480469
2022-01-24,439.8399963378906,413.8538818359375
2022-01-25,434.4700012207031,408.80108642578125
2022-01-26,433.3800048828125,407.7754821777344
2022-01-27,431.239990234375,405.76190185546875
2022-01-28,441.95001220703125,415.8392028808594
2022-01-31,449.9100036621094,423.3288879394531
2022-02-01,452.95001220703125,426.1893310546875
2022-02-02,457.3500061035156,430.3293151855469
2022-02-03,446.6000061035156,420.21441650390625
2022-02-04,448.70001220703125,422.1903991699219
2022-02-07,447.260009765625,420.83544921875
2022-02-08,450.94000244140625,424.2980651855469
2022-02-09,457.5400085449219,430.5081787109375
2022-02-10,449.32000732421875,422.77374267578125
2022-02-11,440.4599914550781,414.4372253417969
2022-02-14,439.0199890136719,413.082275390625
2022-02-15,446.1000061035156,419.7439880371094
2022-02-16,446.6000061035156,420.21441650390625
2022-02-17,437.05999755859375,411.23809814453125
2022-02-18,434.2300109863281,408.5752868652344
2022-02-22,429.57000732421875,404.1906433105469
2022-02-23,421.95001220703125,397.0208435058594
2022-02-24,428.29998779296875,402.9956359863281
2022-02-25,437.75,411.8873291015625
2022-02-28,436.6300048828125,410.8334655761719
2022-03-01,429.9800109863281,404.576416015625
2022-03-02,437.8900146484375,412.01904296875
2022-03-03,435.7099914550781,409.96783447265625
2022-03-04,432.1700134277344,406.6370544433594
2022-03-07,419.42999267578125,394.6496276855469
2022-03-08,416.25,391.6575927734375
2022-03-09,427.4100036621094,402.15826416015625
2022-03-10,425.4800109863281,400.3423156738281
2022-03-11,420.07000732421875,395.2519226074219
2022-03-14,417.0,392.36322021484375
2022-03-15,426.1700134277344,400.99139404296875
2022-03-16,435.6199951171875,409.88311767578125
2022-03-17,441.07000732421875,415.01116943359375
2022-03-18,444.5199890136719,419.55670166015625
2022-03-21,444.3900146484375,419.4340515136719
2022-03-22,449.5899963378906,424.34197998046875
2022-03-23,443.79998779296875,418.877197265625
2022-03-24,450.489990234375,425.19146728515625
2022-03-25,452.69000244140625,427.2679138183594
2022-03-28,455.9100036621094,430.30712890625
2022-03-29,461.54998779296875,435.6303405761719
2022-03-30,458.70001220703125,432.9404296875
2022-03-31,451.6400146484375,426.27691650390625
2022-04-01,452.9200134277344,427.4850158691406
2022-04-04,456.79998779296875,431.1470947265625
2022-04-05,451.0299987792969,425.7010803222656
2022-04-06,446.5199890136719,421.4443664550781
2022-04-07,448.7699890136719,423.5680847167969
2022-04-08,447.57000732421875,422.43548583984375
2022-04-11,439.9200134277344,415.215087890625
2022-04-12,438.2900085449219,413.6765441894531
2022-04-13,443.30999755859375,418.4147033691406
2022-04-14,437.7900085449219,413.20465087890625
2022-04-18,437.9700012207031,413.37451171875
2022-04-19,445.0400085449219,420.0474853515625
2022-04-20,444.7099914550781,419.736083984375
2022-04-21,438.05999755859375,413.4595642089844
2022-04-22,426.0400085449219,402.114501953125
2022-04-25,428.510009765625,404.44580078125
2022-04-26,416.1000061035156,392.7326965332031
2022-04-27,417.2699890136719,393.8370056152344
2022-04-28,427.80999755859375,403.7850341796875
2022-04-29,412.0,388.86297607421875
2022-05-02,414.4800109863281,391.20367431640625
2022-05-03,416.3800048828125,392.99700927734375
2022-05-04,429.05999755859375,404.96490478515625
2022-05-05,413.80999755859375,390.57135009765625
2022-05-06,411.3399963378906,388.24005126953125
2022-05-09,398.1700134277344,375.8096618652344
2022-05-10,399.0899963378906,376.6779479980469
2022-05-11,392.75,370.69403076171875
2022-05-12,392.3399963378906,370.30694580078125
2022-05-13,401.7200012207031,379.16021728515625
2022-05-16,400.0899963378906,377.62176513671875
2022-05-17,408.32000732421875,385.3896179199219
2022-05-18,391.8599853515625,369.8538818359375
2022-05-19,389.4599914550781,367.5887145996094
2022-05-20,389.6300048828125,367.7491760253906
2022-05-23,396.9200134277344,374.6298522949219
2022-05-24,393.8900146484375,371.77001953125
2022-05-25,397.3699951171875,375.05462646484375
2022-05-26,405.30999755859375,382.5486755371094
2022-05-27,415.260009765625,391.9399108886719
2022-05-31,412.92999267578125,389.7407531738281
2022-06-01,409.5899963378906,386.58837890625
2022-06-02,417.3900146484375,393.95025634765625
2022-06-03,410.5400085449219,387.4849853515625
2022-06-06,411.7900085449219,388.664794921875
2022-06-07,415.739990234375,392.39300537109375
2022-06-08,411.2200012207031,388.1267395019531
2022-06-09,401.44000244140625,378.89599609375
2022-06-10,389.79998779296875,367.9096984863281
2022-06-13,375.0,353.9408874511719
2022-06-14,373.8699951171875,352.8742370605469
2022-06-15,379.20001220703125,357.9049377441406
2022-06-16,366.6499938964844,346.0597229003906
2022-06-17,365.8599853515625,346.8057556152344
2022-06-21,375.07000732421875,355.5360412597656
2022-06-22,374.3900146484375,354.89154052734375
2022-06-23,378.05999755859375,358.3703308105469
2022-06-24,390.0799865722656,369.764404296875
2022-06-27,388.5899963378906,368.3519287109375
2022-06-28,380.6499938964844,360.8254699707031
2022-06-29,380.3399963378906,360.5316162109375
2022-06-30,377.25,357.6025695800781
2022-07-01,381.239990234375,361.384765625
2022-07-05,381.9599914550781,362.0672607421875
2022-07-06,383.25,363.2900390625
2022-07-07,388.989990234375,368.7311096191406
2022-07-08,388.6700134277344,368.4278564453125
2022-07-11,384.2300109863281,364.2190856933594
2022-07-12,380.8299865722656,360.9960632324219
2022-07-13,378.8299865722656,359.1002502441406
2022-07-14,377.9100036621094,358.2281799316406
2022-07-15,385.1300048828125,365.07220458984375
2022-07-18,381.95001220703125,362.0578308105469
2022-07-19,392.2699890136719,371.8403015136719
2022-07-20,394.7699890136719,374.2101135253906
2022-07-21,398.7900085449219,378.020751953125
2022-07-22,395.0899963378906,374.5133972167969
2022-07-25,395.57000732421875,374.9684143066406
2022-07-26,390.8900146484375,370.53216552734375
2022-07-27,401.0400085449219,380.15350341796875
2022-07-28,406.07000732421875,384.9215393066406
2022-07-29,411.989990234375,390.53326416015625
2022-08-01,410.7699890136719,389.3768310546875
2022-08-02,408.05999755859375,386.8078918457031
2022-08-03,414.45001220703125,392.86517333984375
2022-08-04,414.1700134277344,392.5997619628906
2022-08-05,413.4700012207031,391.9361877441406
2022-08-08,412.989990234375,391.4811706542969
2022-08-09,411.3500061035156,389.9266357421875
2022-08-10,419.989990234375,398.11663818359375
2022-08-11,419.989990234375,398.11663818359375
2022-08-12,427.1000061035156,404.8563537597656
2022-08-15,428.8599853515625,406.5246276855469
2022-08-16,429.70001220703125,407.3208923339844
2022-08-17,426.6499938964844,404.42974853515625
2022-08-18,427.8900146484375,405.6051940917969
2022-08-19,422.1400146484375,400.15460205078125
2022-08-22,413.3500061035156,391.8224792480469
2022-08-23,412.3500061035156,390.8745422363281
2022-08-24,413.6700134277344,392.1257629394531
2022-08-25,419.510009765625,397.6616516113281
2022-08-26,405.30999755859375,384.20111083984375
2022-08-29,402.6300048828125,381.6607971191406
2022-08-30,398.2099914550781,377.47088623046875
2022-08-31,395.17999267578125,374.5986633300781
2022-09-01,396.4200134277344,375.7742004394531
2022-09-02,392.239990234375,371.8118896484375
2022-09-06,390.760009765625,370.408935546875
2022-09-07,397.7799987792969,377.0633239746094
2022-09-08,400.3800048828125,379.5279235839844
2022-09-09,406.6000061035156,385.4240417480469
2022-09-12,410.9700012207031,389.56634521484375
2022-09-13,393.1000061035156,372.6270751953125
2022-09-14,394.6000061035156,374.0489501953125
2022-09-15,390.1199951171875,369.80230712890625
2022-09-16,385.55999755859375,366.9811096191406
2022-09-19,388.54998779296875,369.82696533203125
2022-09-20,384.0899963378906,365.5819091796875
2022-09-21,377.3900146484375,359.204833984375
2022-09-22,374.2200012207031,356.1875
2022-09-23,367.95001220703125,350.21966552734375
2022-09-26,364.30999755859375,346.75506591796875
2022-09-27,363.3800048828125,345.8698425292969
2022-09-28,370.5299987792969,352.6753234863281
2022-09-29,362.7900085449219,345.308349609375
2022-09-30,357.17999267578125,339.9686279296875
2022-10-03,366.6099853515625,348.94427490234375
2022-10-04,377.9700012207031,359.7568359375
2022-10-05,377.0899963378906,358.9192810058594
2022-10-06,373.20001220703125,355.2167053222656
2022-10-07,362.7900085449219,345.308349609375
2022-10-10,360.0199890136719,342.6717224121094
2022-10-11,357.739990234375,340.50164794921875
2022-10-12,356.55999755859375,339.3784484863281
2022-10-13,365.9700012207031,348.33502197265625
2022-10-14,357.6300048828125,340.39691162109375
2022-10-17,366.82000732421875,349.1441650390625
2022-10-18,371.1300048828125,353.24639892578125
2022-10-19,368.5,350.7431945800781
2022-10-20,365.4100036621094,347.80206298828125
2022-10-21,374.2900085449219,356.254150390625
2022-10-24,378.8699951171875,360.613525390625
2022-10-25,384.9200134277344,366.3719787597656
2022-10-26,382.0199890136719,363.6116943359375
2022-10-27,379.9800109863281,361.6700134277344
2022-10-28,389.0199890136719,370.27435302734375
2022-10-31,386.2099914550781,367.59979248046875
2022-11-01,384.5199890136719,365.99114990234375
2022-11-02,374.8699951171875,356.80615234375
2022-11-03,371.010009765625,353.13226318359375
2022-11-04,376.3500061035156,358.21490478515625
2022-11-07,379.95001220703125,361.6414794921875
2022-11-08,382.0,363.5926513671875
2022-11-09,374.1300048828125,356.10186767578125
2022-11-10,394.69000244140625,375.6711120605469
2022-11-11,398.510009765625,379.30706787109375
2022-11-14,395.1199951171875,376.0804443359375
2022-11-15,398.489990234375,379.2879943847656
2022-11-16,395.45001220703125,376.3945617675781
2022-11-17,394.239990234375,375.2428283691406
2022-11-18,396.0299987792969,376.94659423828125
2022-11-21,394.5899963378906,375.575927734375
2022-11-22,399.8999938964844,380.63006591796875
2022-11-23,402.4200134277344,383.0286560058594
2022-11-25,402.3299865722656,382.9429626464844
2022-11-28,395.9100036621094,376.83233642578125
2022-11-29,395.2300109863281,376.1851501464844
2022-11-30,407.67999267578125,388.0351867675781
2022-12-01,407.3800048828125,387.7496643066406
2022-12-02,406.9100036621094,387.30230712890625
2022-12-05,399.5899963378906,380.3350524902344
2022-12-06,393.8299865722656,374.8525695800781
2022-12-07,393.1600036621094,374.2148132324219
2022-12-08,396.239990234375,377.14642333984375
2022-12-09,393.2799987792969,374.32904052734375
2022-12-12,398.95001220703125,379.7259216308594
2022-12-13,401.9700012207031,382.6003112792969
2022-12-14,399.3999938964844,380.1542053222656
2022-12-15,389.6300048828125,370.85498046875
2022-12-16,383.2699890136719,366.47662353515625
2022-12-19,380.0199890136719,363.3689880371094
2022-12-20,380.5400085449219,363.8662414550781
2022-12-21,386.2300109863281,369.3069152832031
2022-12-22,380.7200012207031,364.0383605957031
2022-12-23,382.9100036621094,366.13238525390625
2022-12-27,381.3999938964844,364.6885681152344
2022-12-28,376.6600036621094,360.15625
2022-12-29,383.44000244140625,366.6391906738281
2022-12-30,382.42999267578125,365.6734924316406
2023-01-03,380.82000732421875,364.1340026855469
2023-01-04,383.760009765625,366.9451599121094
2023-01-05,379.3800048828125,362.75714111328125
2023-01-06,388.0799865722656,371.07586669921875
2023-01-09,387.8599853515625,370.865478515625
2023-01-10,390.5799865722656,373.4663391113281
2023-01-11,395.5199890136719,378.1898498535156
2023-01-12,396.9599914550781,379.5668029785156
2023-01-13,398.5,381.03924560546875
2023-01-17,397.7699890136719,380.3411865234375
2023-01-18,391.489990234375,374.33648681640625
2023-01-19,388.6400146484375,371.61126708984375
2023-01-20,395.8800048828125,378.5340576171875
2023-01-23,400.6300048828125,383.0759582519531
2023-01-24,400.20001220703125,382.6648254394531
2023-01-25,400.3500061035156,382.8081970214844
2023-01-26,404.75,387.01544189453125
2023-01-27,405.67999267578125,387.9046936035156
2023-01-30,400.5899963378906,383.0377197265625
2023-01-31,406.4800109863281,388.6695861816406
2023-02-01,410.79998779296875,392.8003234863281
2023-02-02,416.7799987792969,398.51837158203125
2023-02-03,412.3500061035156,394.28240966796875
2023-02-06,409.8299865722656,391.8728332519531
2023-02-07,415.19000244140625,396.99798583984375
2023-02-08,410.6499938964844,392.65692138671875
2023-02-09,407.0899963378906,389.25286865234375
2023-02-10,408.0400085449219,390.1612854003906
2023-02-13,412.8299865722656,394.7414245605469
2023-02-14,412.6400146484375,394.5597229003906
2023-02-15,413.9800109863281,395.84100341796875
2023-02-16,408.2799987792969,390.3907775878906
2023-02-17,407.260009765625,389.41546630859375
2023-02-21,399.0899963378906,381.6033935546875
2023-02-22,398.5400085449219,381.0775451660156
2023-02-23,400.6600036621094,383.10467529296875
2023-02-24,396.3800048828125,379.01220703125
2023-02-27,397.7300109863281,380.30303955078125
2023-02-28,396.260009765625,378.8974609375
2023-03-01,394.739990234375,377.4440612792969
2023-03-02,397.80999755859375,380.37945556640625
2023-03-03,404.19000244140625,386.4799499511719
2023-03-06,404.4700012207031,386.7476806640625
2023-03-07,398.2699890136719,380.8193664550781
2023-03-08,398.9200134277344,381.44085693359375
2023-03-09,391.55999755859375,374.40338134765625
2023-03-10,385.9100036621094,369.00091552734375
2023-03-13,385.3599853515625,368.4750061035156
2023-03-14,391.7300109863281,374.56597900390625
2023-03-15,389.2799987792969,372.22332763671875
2023-03-16,396.1099853515625,378.7539367675781
2023-03-17,389.989990234375,374.3253173828125
2023-03-20,393.739990234375,377.9246520996094
2023-03-21,398.9100036621094,382.8870544433594
2023-03-22,392.1099853515625,376.36016845703125
2023-03-23,393.1700134277344,377.37762451171875
2023-03-24,395.75,379.85400390625
2023-03-27,396.489990234375,380.56427001953125
2023-03-28,395.6000061035156,379.7099914550781
2023-03-29,401.3500061035156,385.22900390625
2023-03-30,403.70001220703125,387.48468017578125
2023-03-31,409.3900146484375,392.9460754394531
2023-04-03,410.95001220703125,394.4434814453125
2023-04-04,408.6700134277344,392.25506591796875
2023-04-05,407.6000061035156,391.2279968261719
2023-04-06,409.19000244140625,392.754150390625
2023-04-10,409.6099853515625,393.1572570800781
2023-04-11,409.7200012207031,393.2628479003906
2023-04-12,408.04998779296875,391.659912109375
2023-04-13,413.4700012207031,396.8622131347656
2023-04-14,412.4599914550781,395.8927917480469
2023-04-17,413.94000244140625,397.3133850097656
2023-04-18,414.2099914550781,397.5725402832031
2023-04-19,414.1400146484375,397.5053405761719
2023-04-20,411.8800048828125,395.33612060546875
2023-04-21,412.20001220703125,395.6432800292969
2023-04-24,412.6300048828125,396.05596923828125
2023-04-25,406.0799865722656,389.76904296875
2023-04-26,404.3599853515625,388.1181640625
2023-04-27,412.4100036621094,395.8448181152344
2023-04-28,415.92999267578125,399.223388671875
2023-05-01,415.510009765625,398.8203125
2023-05-02,410.8399963378906,394.3378601074219
2023-05-03,408.0199890136719,391.631103515625
2023-05-04,405.1300048828125,388.85723876953125
2023-05-05,412.6300048828125,396.05596923828125
2023-05-08,412.739990234375,396.1615905761719
2023-05-09,410.92999267578125,394.4242248535156
2023-05-10,412.8500061035156,396.2672119140625
2023-05-11,412.1300048828125,395.5760192871094
2023-05-12,411.5899963378906,395.0577697753906
2023-05-15,413.010009765625,396.42071533203125
2023-05-16,410.25,393.77154541015625
2023-05-17,415.2300109863281,398.55157470703125
2023-05-18,419.2300109863281,402.390869140625
2023-05-19,418.6199951171875,401.8053283691406
2023-05-22,418.7900085449219,401.9685363769531
2023-05-23,414.0899963378906,397.4573059082031
2023-05-24,411.0899963378906,394.57781982421875
2023-05-25,414.6499938964844,397.9948425292969
2023-05-26,420.0199890136719,403.1491394042969
2023-05-30,420.17999267578125,403.3027038574219
2023-05-31,417.8500061035156,401.06634521484375
2023-06-01,421.82000732421875,404.8768310546875
2023-06-02,427.9200134277344,410.7318115234375
2023-06-05,427.1000061035156,409.94476318359375
2023-06-06,428.0299987792969,410.83740234375
2023-06-07,426.54998779296875,409.41680908203125
2023-06-08,429.1300048828125,411.8931884765625
2023-06-09,429.8999938964844,412.63226318359375
2023-06-12,433.79998779296875,416.3756408691406
2023-06-13,436.6600036621094,419.12078857421875
2023-06-14,437.17999267578125,419.6198425292969
2023-06-15,442.6000061035156,424.8221435546875
2023-06-16,439.4599914550781,423.3751220703125
2023-06-20,437.17999267578125,421.1785583496094
2023-06-21,434.94000244140625,419.0205993652344
2023-06-22,436.510009765625,420.53314208984375
2023-06-23,433.2099914550781,417.3538818359375
2023-06-26,431.44000244140625,415.6487121582031
2023-06-27,436.1700134277344,420.2055358886719
2023-06-28,436.3900146484375,420.4175109863281
2023-06-29,438.1099853515625,422.0745544433594
2023-06-30,443.2799987792969,427.0552978515625
2023-07-03,443.7900085449219,427.5466613769531
2023-07-05,443.1300048828125,426.9108581542969
2023-07-06,439.6600036621094,423.56781005859375
2023-07-07,438.54998779296875,422.4984130859375
2023-07-10,439.6600036621094,423.56781005859375
2023-07-11,442.4599914550781,426.26531982421875
2023-07-12,446.0199890136719,429.6950378417969
2023-07-13,449.55999755859375,433.10546875
2023-07-14,449.2799987792969,432.83575439453125
2023-07-17,450.8399963378906,434.338623046875
2023-07-18,454.19000244140625,437.56597900390625
2023-07-19,455.20001220703125,438.5390625
2023-07-20,452.17999267578125,435.6295471191406
2023-07-21,452.17999267578125,435.6295471191406
2023-07-24,454.20001220703125,437.5756530761719
2023-07-25,455.44000244140625,438.770263671875
2023-07-26,455.510009765625,438.8377380371094
2023-07-27,452.489990234375,435.92822265625
2023-07-28,456.9200134277344,440.196044921875
2023-07-31,457.7900085449219,441.0343017578125
2023-08-01,456.4800109863281,439.77215576171875
2023-08-02,450.1300048828125,433.6545715332031
2023-08-03,448.8399963378906,432.4118347167969
2023-08-04,446.80999755859375,430.4561767578125
2023-08-07,450.7099914550781,434.2133483886719
2023-08-08,448.75,432.32513427734375
2023-08-09,445.75,429.4349060058594
2023-08-10,445.9100036621094,429.5890808105469
2023-08-11,445.6499938964844,429.3385925292969
2023-08-14,448.1099853515625,431.70855712890625
2023-08-15,442.8900146484375,426.67962646484375
2023-08-16,439.6400146484375,423.548583984375
2023-08-17,436.2900085449219,420.3211975097656
2023-08-18,436.5,420.5234680175781
2023-08-21,439.3399963378906,423.25958251953125
2023-08-22,438.1499938964844,422.1131286621094
2023-08-23,443.0299987792969,426.8144836425781
2023-08-24,436.8900146484375,420.89923095703125
2023-08-25,439.9700012207031,423.8664855957031
2023-08-28,442.760009765625,426.5543518066406
2023-08-29,449.1600036621094,432.7201232910156
2023-08-30,451.010009765625,434.50238037109375
2023-08-31,450.3500061035156,433.8665466308594
2023-09-01,451.19000244140625,434.67578125
2023-09-05,449.239990234375,432.7971496582031
2023-09-06,446.2200012207031,429.8877258300781
2023-09-07,444.8500061035156,428.5679016113281
2023-09-08,445.5199890136719,429.21331787109375
2023-09-11,448.45001220703125,432.0361328125
2023-09-12,445.989990234375,429.66607666015625
2023-09-13,446.510009765625,430.1671142578125
2023-09-14,450.3599853515625,433.87615966796875
2023-09-15,443.3699951171875,428.648681640625
2023-09-18,443.6300048828125,428.9000549316406
2023-09-19,442.7099914550781,428.0106506347656
2023-09-20,438.6400146484375,424.0758056640625
2023-09-21,431.3900146484375,417.06646728515625
2023-09-22,430.4200134277344,416.1286926269531
2023-09-25,432.2300109863281,417.87860107421875
2023-09-26,425.8800048828125,411.7394714355469
2023-09-27,426.04998779296875,411.90380859375
2023-09-28,428.5199890136719,414.291748046875
2023-09-29,427.4800109863281,413.2862854003906
2023-10-02,427.30999755859375,413.1219787597656
2023-10-03,421.5899963378906,407.59185791015625
2023-10-04,424.6600036621094,410.5599365234375
2023-10-05,424.5,410.40521240234375
2023-10-06,429.5400085449219,415.27789306640625
2023-10-09,432.2900085449219,417.9366760253906
2023-10-10,434.5400085449219,420.1119384765625
2023-10-11,436.32000732421875,421.83282470703125
2023-10-12,433.6600036621094,419.2611389160156
2023-10-13,431.5,417.1728210449219
2023-10-16,436.0400085449219,421.56207275390625
2023-10-17,436.0199890136719,421.542724609375
2023-10-18,430.2099914550781,415.9256591796875
2023-10-19,426.42999267578125,412.27117919921875
2023-10-20,421.19000244140625,407.2052001953125
2023-10-23,420.4599914550781,406.4993591308594
2023-10-24,423.6300048828125,409.56414794921875
2023-10-25,417.54998779296875,403.6860046386719
2023-10-26,412.54998779296875,398.8520202636719
2023-10-27,410.67999267578125,397.0440979003906
2023-10-30,415.5899963378906,401.7911071777344
2023-10-31,418.20001220703125,404.3144836425781
2023-11-01,422.6600036621094,408.6263427734375
2023-11-02,430.760009765625,416.4573974609375
2023-11-03,434.69000244140625,420.2569274902344
2023-11-06,435.69000244140625,421.22369384765625
2023-11-07,436.92999267578125,422.42254638671875
2023-11-08,437.25,422.73187255859375
2023-11-09,433.8399963378906,419.43511962890625
2023-11-10,440.6099853515625,425.9803771972656
2023-11-13,440.19000244140625,425.57427978515625
2023-11-14,448.7300109863281,433.8307800292969
2023-11-15,449.67999267578125,434.7491760253906
2023-11-16,450.2300109863281,435.2809143066406
2023-11-17,450.7900085449219,435.8223876953125
2023-11-20,454.260009765625,439.1771240234375
2023-11-21,453.2699890136719,438.2200012207031
2023-11-22,455.0199890136719,439.9118347167969
2023-11-24,455.29998779296875,440.1825866699219
2023-11-27,454.4800109863281,439.38983154296875
2023-11-28,454.92999267578125,439.8248596191406
2023-11-29,454.6099853515625,439.5155029296875
2023-11-30,456.3999938964844,441.24603271484375
2023-12-01,459.1000061035156,443.8564147949219
2023-12-04,456.69000244140625,441.52642822265625
2023-12-05,456.6000061035156,441.439453125
2023-12-06,454.760009765625,439.6604919433594
2023-12-07,458.2300109863281,443.01531982421875
2023-12-08,460.20001220703125,444.9199523925781
2023-12-11,461.989990234375,446.65045166015625
2023-12-12,464.1000061035156,448.69036865234375
2023-12-13,470.5,454.8779296875
2023-12-14,472.010009765625,456.3377380371094
2023-12-15,469.3299865722656,455.5863952636719
2023-12-18,471.9700012207031,458.1491394042969
2023-12-19,474.8399963378906,460.93511962890625
2023-12-20,468.260009765625,454.54779052734375
2023-12-21,472.70001220703125,458.8577575683594
2023-12-22,473.6499938964844,459.7799072265625
2023-12-26,475.6499938964844,461.7213439941406
2023-12-27,476.510009765625,462.55615234375
2023-12-28,476.69000244140625,462.7309265136719
2023-12-29,475.30999755859375,461.3913269042969
2024-01-02,472.6499938964844,458.8092346191406
2024-01-03,468.7900085449219,455.0622863769531
2024-01-04,467.2799987792969,453.596435546875
2024-01-05,467.9200134277344,454.2177429199219
2024-01-08,474.6000061035156,460.7021179199219
2024-01-09,473.8800048828125,460.0031433105469
2024-01-10,476.55999755859375,462.604736328125
2024-01-11,476.3500061035156,462.4009094238281
2024-01-12,476.67999267578125,462.72119140625
2024-01-16,474.92999267578125,461.02239990234375
2024-01-17,472.2900085449219,458.45977783203125
2024-01-18,476.489990234375,462.5367736816406
2024-01-19,482.42999267578125,468.30279541015625
2024-01-22,483.45001220703125,469.2929382324219
2024-01-23,484.8599853515625,470.66168212890625
2024-01-24,485.3900146484375,471.1761474609375
2024-01-25,488.0299987792969,473.7388610839844
2024-01-26,487.4100036621094,473.1369934082031
2024-01-29,491.2699890136719,476.8839416503906
2024-01-30,490.8900146484375,476.51513671875
2024-01-31,482.8800048828125,468.7396240234375
2024-02-01,489.20001220703125,474.8746032714844
2024-02-02,494.3500061035156,479.873779296875
2024-02-05,492.54998779296875,478.1264343261719
2024-02-06,493.9800109863281,479.5146484375
2024-02-07,498.1000061035156,483.513916015625
2024-02-08,498.32000732421875,483.7275085449219
2024-02-09,501.20001220703125,486.5231628417969
2024-02-12,500.9800109863281,486.3096008300781
2024-02-13,494.0799865722656,479.61163330078125
2024-02-14,498.57000732421875,483.9701843261719
2024-02-15,502.010009765625,487.3094177246094
2024-02-16,499.510009765625,484.8826599121094
2024-02-20,496.760009765625,482.21319580078125
2024-02-21,497.2099914550781,482.6500549316406
2024-02-22,507.5,492.6386413574219
2024-02-23,507.8500061035156,492.97845458984375
2024-02-26,505.989990234375,491.17291259765625
2024-02-27,506.92999267578125,492.0853576660156
2024-02-28,506.260009765625,491.4349670410156
2024-02-29,508.0799865722656,493.2017517089844
2024-03-01,512.8499755859375,497.83197021484375
2024-03-04,512.2999877929688,497.2981262207031
2024-03-05,507.17999267578125,492.32806396484375
2024-03-06,509.75,494.82275390625
2024-03-07,514.8099975585938,499.734619140625
2024-03-08,511.7200012207031,496.7351379394531
2024-03-11,511.2799987792969,496.30804443359375
2024-03-12,516.780029296875,501.6469421386719
2024-03-13,515.969970703125,500.86065673828125
2024-03-14,514.9500122070312,499.87054443359375
2024-03-15,509.8299865722656,496.4381103515625
2024-03-18,512.8599853515625,499.3885192871094
2024-03-19,515.7100219726562,502.16375732421875
2024-03-20,520.47998046875,506.8083190917969
2024-03-21,522.2000122070312,508.4832763671875
2024-03-22,521.2100219726562,507.5191650390625
2024-03-25,519.77001953125,506.1170654296875
2024-03-26,518.8099975585938,505.1821594238281
2024-03-27,523.1699829101562,509.4277038574219
2024-03-28,523.0700073242188,509.330322265625
2024-04-01,522.1599731445312,508.4443054199219
2024-04-02,518.8400268554688,505.21148681640625
2024-04-03,519.4099731445312,505.76641845703125
2024-04-04,513.0700073242188,499.5929870605469
2024-04-05,518.4299926757812,504.812255859375
2024-04-08,518.719970703125,505.0946350097656
2024-04-09,519.3200073242188,505.6788635253906
2024-04-10,514.1199951171875,500.6154479980469
2024-04-11,518.0,504.39349365234375
2024-04-12,510.8500061035156,497.4313049316406
2024-04-15,504.45001220703125,491.1994323730469
2024-04-16,503.5299987792969,490.3035888671875
2024-04-17,500.54998779296875,487.40185546875
2024-04-18,499.5199890136719,486.3989562988281
2024-04-19,495.1600036621094,482.1535339355469
2024-04-22,499.7200012207031,486.5937194824219
2024-04-23,505.6499938964844,492.3679504394531
2024-04-24,505.4100036621094,492.13427734375
2024-04-25,503.489990234375,490.2646484375
2024-04-26,508.260009765625,494.90936279296875
2024-04-29,510.05999755859375,496.662109375
2024-04-30,501.9800109863281,488.79437255859375
2024-05-01,500.3500061035156,487.2071533203125
2024-05-02,505.0299987792969,491.76422119140625
2024-05-03,511.2900085449219,497.8598327636719
2024-05-06,516.5700073242188,503.0010681152344
2024-05-07,517.1400146484375,503.55615234375
2024-05-08,517.1900024414062,503.60479736328125
2024-05-09,520.1699829101562,506.50653076171875
2024-05-10,520.8400268554688,507.1589660644531
2024-05-13,520.9099731445312,507.2270812988281
2024-05-14,523.2999877929688,509.5542907714844
2024-05-15,529.780029296875,515.8641357421875
2024-05-16,528.6900024414062,514.8027954101562
2024-05-17,529.4500122070312,515.5427856445312
2024-05-20,530.0599975585938,516.13671875
2024-05-21,531.3599853515625,517.4025268554688
2024-05-22,529.8300170898438,515.912841796875
2024-05-23,525.9600219726562,512.1444702148438
2024-05-24,529.4400024414062,515.5330200195312
2024-05-28,529.8099975585938,515.8933715820312
2024-05-29,526.0999755859375,512.28076171875
2024-05-30,522.6099853515625,508.8824157714844
2024-05-31,527.3699951171875,513.5173950195312
2024-06-03,527.7999877929688,513.93603515625
2024-06-04,528.3900146484375,514.5106201171875
2024-06-05,534.6699829101562,520.6256713867188
2024-06-06,534.6599731445312,520.6159057617188
2024-06-07,534.010009765625,519.98291015625
2024-06-10,535.6599731445312,521.589599609375
2024-06-11,536.9500122070312,522.8457641601562
2024-06-12,541.3599853515625,527.1398315429688
2024-06-13,542.4500122070312,528.2013549804688
2024-06-14,542.780029296875,528.5225830078125
2024-06-17,547.0999755859375,532.7291259765625
2024-06-18,548.489990234375,534.08251953125
2024-06-20,547.0,532.6318359375
2024-06-21,544.510009765625,531.917724609375
2024-06-24,542.739990234375,530.1885986328125
2024-06-25,544.8300170898438,532.2302856445312
2024-06-26,545.510009765625,532.89453125
2024-06-27,546.3699951171875,533.7346801757812
2024-06-28,544.219970703125,531.6343994140625
2024-07-01,545.3400268554688,532.728515625
2024-07-02,549.010009765625,536.3135986328125
2024-07-03,551.4600219726562,538.7070922851562
2024-07-05,554.6400146484375,541.8134155273438
2024-07-08,555.280029296875,542.4385986328125
2024-07-09,555.8200073242188,542.9661254882812
2024-07-10,561.3200073242188,548.3388061523438
2024-07-11,556.47998046875,543.6109008789062
2024-07-12,559.989990234375,547.039794921875
2024-07-15,561.530029296875,548.5440673828125
2024-07-16,564.8599853515625,551.7970581054688
2024-07-17,556.9400024414062,544.0601806640625
2024-07-18,552.6599731445312,539.879150390625
2024-07-19,548.989990234375,536.2940673828125
2024-07-22,554.6500244140625,541.8232421875
2024-07-23,553.780029296875,540.9733276367188
2024-07-24,541.22998046875,528.713623046875
2024-07-25,538.4099731445312,525.958740234375
2024-07-26,544.4400024414062,531.8493041992188
2024-07-29,544.760009765625,532.161865234375
2024-07-30,542.0,529.4658203125
2024-07-31,550.8099975585938,538.072021484375
2024-08-01,543.010009765625,530.452392578125
2024-08-02,532.9000244140625,520.5762329101562
2024-08-05,517.3800048828125,505.4151306152344
2024-08-06,522.1500244140625,510.07470703125
2024-08-07,518.6599731445312,506.6654357910156
2024-08-08,530.6500244140625,518.3782348632812
2024-08-09,532.989990234375,520.6641235351562
2024-08-12,533.27001953125,520.937744140625
2024-08-13,542.0399780273438,529.5048217773438
2024-08-14,543.75,531.17529296875
2024-08-15,553.0700073242188,540.27978515625
2024-08-16,554.3099975585938,541.4910278320312
2024-08-19,559.6099853515625,546.6685791015625
2024-08-20,558.7000122070312,545.7794799804688
2024-08-21,560.6199951171875,547.6551513671875
2024-08-22,556.219970703125,543.3568115234375
2024-08-23,562.1300048828125,549.1301879882812
2024-08-26,560.7899780273438,547.8211669921875
2024-08-27,561.5599975585938,548.5733642578125
2024-08-28,558.2999877929688,545.3888549804688
2024-08-29,558.3499755859375,545.4375610351562
2024-08-30,563.6799926757812,550.6444091796875
2024-09-03,552.0800170898438,539.3126220703125
2024-09-04,550.9500122070312,538.208740234375
2024-09-05,549.6099853515625,536.8997192382812
2024-09-06,540.3599853515625,527.8635864257812
2024-09-09,546.4099731445312,533.7737426757812
2024-09-10,548.7899780273438,536.0987548828125
2024-09-11,554.4199829101562,541.5985717773438
2024-09-12,559.0900268554688,546.1605224609375
2024-09-13,562.010009765625,549.0130615234375
2024-09-16,562.8400268554688,549.8237915039062
2024-09-17,563.0700073242188,550.0484619140625
2024-09-18,561.4000244140625,548.4171752929688
2024-09-19,570.97998046875,557.7754516601562
2024-09-20,568.25,556.8113403320312
2024-09-23,569.6699829101562,558.2027587890625
2024-09-24,571.2999877929688,559.7999267578125
2024-09-25,570.0399780273438,558.5653076171875
2024-09-26,572.2999877929688,560.77978515625
2024-09-27,571.469970703125,559.966552734375
2024-09-30,573.760009765625,562.2105102539062
2024-10-01,568.6199951171875,557.1738891601562
2024-10-02,568.8599853515625,557.4090576171875
2024-10-03,567.8200073242188,556.3900146484375
2024-10-04,572.97998046875,561.4461059570312
2024-10-07,567.7999877929688,556.370361328125
2024-10-08,573.1699829101562,561.6322631835938
2024-10-09,577.1400146484375,565.5225219726562
2024-10-10,576.1300048828125,564.5327758789062
2024-10-11,579.5800170898438,567.9132690429688
2024-10-14,584.3200073242188,572.557861328125
2024-10-15,579.780029296875,568.1093139648438
2024-10-16,582.2999877929688,570.5785522460938
2024-10-17,582.3499755859375,570.6275024414062
2024-10-18,584.5900268554688,572.8224487304688
2024-10-21,583.6300048828125,571.8816528320312
2024-10-22,583.3200073242188,571.5779418945312
2024-10-23,577.989990234375,566.355224609375
2024-10-24,579.239990234375,567.5801391601562
2024-10-25,579.0399780273438,567.3840942382812
2024-10-28,580.8300170898438,569.1381225585938
2024-10-29,581.77001953125,570.0592041015625
2024-10-30,580.010009765625,568.3345947265625
2024-10-31,568.6400146484375,557.1934814453125
2024-11-01,571.0399780273438,559.5451049804688
2024-11-04,569.8099975585938,558.3399658203125
2024-11-05,576.7000122070312,565.09130859375
2024-11-06,591.0399780273438,579.1427001953125
2024-11-07,595.6099853515625,583.62060546875
2024-11-08,598.1900024414062,586.148681640625
2024-11-11,598.760009765625,586.7072143554688
2024-11-12,596.9000244140625,584.8845825195312
2024-11-13,597.1900024414062,585.1688232421875
2024-11-14,593.3499755859375,581.4060668945312
2024-11-15,585.75,573.9590454101562
2024-11-18,588.1500244140625,576.310791015625
2024-11-19,590.2999877929688,578.41748046875
2024-11-20,590.5,578.613525390625
2024-11-21,593.6699829101562,581.7196044921875
2024-11-22,595.510009765625,583.5225830078125
2024-11-25,597.530029296875,585.501953125
2024-11-26,600.6500244140625,588.5591430664062
2024-11-27,598.8300170898438,586.7757568359375
2024-11-29,602.5499877929688,590.4208984375
2024-12-02,603.6300048828125,591.4790649414062
2024-12-03,603.9099731445312,591.7536010742188
2024-12-04,607.6599731445312,595.427978515625
2024-12-05,606.6599731445312,594.4481811523438
2024-12-06,607.8099975585938,595.574951171875
2024-12-09,604.6799926757812,592.508056640625
2024-12-10,602.7999877929688,590.6658325195312
2024-12-11,607.4600219726562,595.2321166992188
2024-12-12,604.3300170898438,592.1651000976562
2024-12-13,604.2100219726562,592.0474853515625
2024-12-16,606.7899780273438,594.5755615234375
2024-12-17,604.2899780273438,592.1259155273438
2024-12-18,586.280029296875,574.478515625
2024-12-19,586.0999755859375,574.3020629882812
2024-12-20,591.1500244140625,581.199951171875
2024-12-23,594.6900024414062,584.6803588867188
2024-12-24,601.2999877929688,591.1791381835938
2024-12-26,601.3400268554688,591.2184448242188
2024-12-27,595.010009765625,584.9949340820312
2024-12-30,588.219970703125,578.3192138671875
2024-12-31,586.0800170898438,576.21533203125
2025-01-02,584.6400146484375,574.799560546875
2025-01-03,591.9500122070312,581.9865112304688
2025-01-06,595.3599853515625,585.339111328125
2025-01-07,588.6300048828125,578.722412109375
2025-01-08,589.489990234375,579.5678100585938
2025-01-10,580.489990234375,570.71923828125
2025-01-13,581.3900146484375,571.604248046875
2025-01-14,582.1900024414062,572.3907470703125
2025-01-15,592.780029296875,582.802490234375
2025-01-16,591.6400146484375,581.6818237304688
2025-01-17,597.5800170898438,587.5217895507812
2025-01-21,603.0499877929688,592.8995361328125
2025-01-22,606.4400024414062,596.2326049804688
2025-01-23,609.75,599.4869384765625
2025-01-24,607.969970703125,597.7366943359375
2025-01-27,599.3699951171875,589.2816162109375
2025-01-28,604.52001953125,594.3449096679688
2025-01-29,601.8099975585938,591.6805419921875
2025-01-30,605.0399780273438,594.8561401367188
2025-01-31,601.8200073242188,591.6903076171875
2025-02-03,597.77001953125,587.7084350585938
2025-02-04,601.780029296875,591.6509399414062
2025-02-05,604.219970703125,594.0499267578125
2025-02-06,606.3200073242188,596.1146240234375
2025-02-07,600.77001953125,590.6580810546875
2025-02-10,604.8499755859375,594.6693725585938
2025-02-11,605.3099975585938,595.12158203125
2025-02-12,603.3599853515625,593.204345703125
2025-02-13,609.72998046875,599.4672241210938
2025-02-14,609.7000122070312,599.4376831054688
2025-02-18,611.489990234375,601.197509765625
2025-02-19,612.9299926757812,602.6133422851562
2025-02-20,610.3800048828125,600.1062622070312
2025-02-21,599.9400024414062,589.842041015625
2025-02-24,597.2100219726562,587.1580200195312
2025-02-25,594.239990234375,584.2379150390625
2025-02-26,594.5399780273438,584.5328369140625
2025-02-27,585.0499877929688,575.2025146484375
2025-02-28,594.1799926757812,584.178955078125
2025-03-03,583.77001953125,573.9441528320312
2025-03-04,576.8599853515625,567.1504516601562
2025-03-05,583.0599975585938,573.2461547851562
2025-03-06,572.7100219726562,563.0703125
2025-03-07,575.9199829101562,566.2262573242188
2025-03-10,560.5800170898438,551.14453125
2025-03-11,555.9199829101562,546.5628662109375
2025-03-12,558.8699951171875,549.4632568359375
2025-03-13,551.4199829101562,542.138671875
2025-03-14,562.8099975585938,553.3369140625
2025-03-17,567.1500244140625,557.6039428710938
2025-03-18,561.02001953125,551.5770263671875
2025-03-19,567.1300048828125,557.5842895507812
2025-03-20,565.489990234375,555.971923828125
2025-03-21,563.97998046875,556.1552734375
2025-03-24,574.0800170898438,566.1151733398438
2025-03-25,575.4600219726562,567.4759521484375
2025-03-26,568.5900268554688,560.7013549804688
2025-03-27,567.0800170898438,559.2122802734375
2025-03-28,555.6599731445312,547.9507446289062
2025-03-31,559.3900146484375,551.6289672851562
2025-04-01,560.969970703125,553.1870727539062
2025-04-02,564.52001953125,556.6878662109375
2025-04-03,536.7000122070312,529.2538452148438
2025-04-04,505.2799987792969,498.2696838378906
2025-04-07,504.3800048828125,497.3821716308594
2025-04-08,496.4800109863281,489.5918273925781
2025-04-09,548.6199951171875,541.0084228515625
2025-04-10,524.5800170898438,517.3018798828125
2025-04-11,533.9400024414062,526.5320434570312
2025-04-14,539.1199951171875,531.6401977539062
2025-04-15,537.6099853515625,530.151123046875
2025-04-16,525.6599731445312,518.3668823242188
2025-04-17,526.4099731445312,519.1065063476562
2025-04-21,513.8800048828125,506.7503662109375
2025-04-22,527.25,519.9348754882812
2025-04-23,535.4199829101562,527.991455078125
2025-04-24,546.6900024414062,539.105224609375
2025-04-25,550.6400146484375,543.0003662109375
2025-04-28,550.8499755859375,543.20751953125
2025-04-29,554.3200073242188,546.6292724609375
2025-04-30,554.5399780273438,546.84619140625
2025-05-01,558.469970703125,550.7217407226562
2025-05-02,566.760009765625,558.896728515625
2025-05-05,563.510009765625,555.6917724609375
2025-05-06,558.7999877929688,551.0471801757812
2025-05-07,561.1500244140625,553.3645629882812
2025-05-08,565.0599975585938,557.2203369140625
2025-05-09,564.3400268554688,556.51025390625
2025-05-12,582.989990234375,574.9015502929688
2025-05-13,586.8400268554688,578.6981201171875
2025-05-14,587.5900268554688,579.4376831054688
2025-05-15,590.4600219726562,582.2678833007812
2025-05-16,594.2000122070312,585.9559326171875
2025-05-19,594.8499755859375,586.596923828125
2025-05-20,592.8499755859375,584.624755859375
2025-05-21,582.8599853515625,574.7733154296875
2025-05-22,583.0900268554688,575.0001831054688
2025-05-23,579.1099853515625,571.0752563476562
2025-05-27,591.1500244140625,582.9483642578125
2025-05-28,587.72998046875,579.5758056640625
2025-05-29,590.0499877929688,581.863525390625
2025-05-30,589.3900146484375,581.2128295898438
2025-06-02,592.7100219726562,584.4866943359375
2025-06-03,596.0900268554688,587.8197631835938
2025-06-04,595.9299926757812,587.6619873046875
2025-06-05,593.0499877929688,584.8219604492188
2025-06-06,599.1400146484375,590.8274536132812
2025-06-09,599.6799926757812,591.3599243164062
2025-06-10,603.0800170898438,594.7128295898438
2025-06-11,601.3599853515625,593.0166625976562
2025-06-12,603.75,595.3734741210938
2025-06-13,597.0,588.7171020507812
2025-06-16,602.6799926757812,594.318359375
2025-06-17,597.530029296875,589.2398681640625
2025-06-18,597.4400024414062,589.1510620117188
2025-06-20,594.280029296875,587.7674560546875
2025-06-23,600.1500244140625,593.5730590820312
2025-06-24,606.780029296875,600.13037109375
2025-06-25,607.1199951171875,600.4666748046875
2025-06-26,611.8699951171875,605.1646118164062
2025-06-27,614.9099731445312,608.1712646484375
2025-06-30,617.8499755859375,611.0790405273438
2025-07-01,617.6500244140625,610.8812866210938
2025-07-02,620.4500122070312,613.650634765625
2025-07-03,625.3400268554688,618.487060546875
2025-07-07,620.6799926757812,613.8779907226562
2025-07-08,620.3400268554688,613.5418090820312
2025-07-09,624.0599975585938,617.2210083007812
2025-07-10,625.8200073242188,618.961669921875
2025-07-11,623.6199951171875,616.785888671875
2025-07-14,624.8099975585938,617.9627685546875
2025-07-15,622.1400146484375,615.3220825195312
2025-07-16,624.219970703125,617.3792114257812
2025-07-17,628.0399780273438,621.1574096679688
2025-07-18,627.5800170898438,620.7024536132812
2025-07-21,628.77001953125,621.87939453125
2025-07-22,628.8599853515625,621.9683837890625
2025-07-23,634.2100219726562,627.259765625
2025-07-24,634.4199829101562,627.4674682617188
2025-07-25,637.0999755859375,630.1181030273438
2025-07-28,636.9400024414062,629.9598999023438
2025-07-29,635.260009765625,628.2982788085938
2025-07-30,634.4600219726562,627.507080078125
2025-07-31,632.0800170898438,625.1531372070312
2025-08-01,621.719970703125,614.9065551757812
2025-08-04,631.1699829101562,624.2531127929688
2025-08-05,627.969970703125,621.088134765625
2025-08-06,632.780029296875,625.845458984375
2025-08-07,632.25,625.3212890625
2025-08-08,637.1799926757812,630.1972045898438
2025-08-11,635.9199829101562,628.9510498046875
2025-08-12,642.6900024414062,635.6468505859375
2025-08-13,644.8900146484375,637.82275390625
2025-08-14,644.9500122070312,637.882080078125
2025-08-15,643.4400024414062,636.3886108398438
2025-08-18,643.2999877929688,636.2501831054688
2025-08-19,639.8099975585938,632.7984008789062
2025-08-20,638.1099853515625,631.1170043945312
2025-08-21,635.5499877929688,628.5851440429688
2025-08-22,645.3099975585938,638.2382202148438
2025-08-25,642.469970703125,635.4292602539062
2025-08-26,645.1599731445312,638.0897827148438
2025-08-27,646.6300048828125,639.5436401367188
2025-08-28,648.9199829101562,641.8085327148438
2025-08-29,645.0499877929688,637.98095703125
2025-09-02,640.27001953125,633.25341796875
2025-09-03,643.739990234375,636.685302734375
2025-09-04,649.1199951171875,642.0064086914062
2025-09-05,647.239990234375,640.14697265625
2025-09-08,648.8300170898438,641.7196044921875
2025-09-09,650.3300170898438,643.203125
2025-09-10,652.2100219726562,645.0625
2025-09-11,657.6300048828125,650.4231567382812
2025-09-12,657.4099731445312,650.2054443359375
2025-09-15,660.9099731445312,653.6671142578125
2025-09-16,660.0,652.7671508789062
2025-09-17,659.1799926757812,651.9561767578125
2025-09-18,662.260009765625,655.0023193359375
2025-09-19,663.7000122070312,658.2465209960938
2025-09-22,666.8400268554688,661.3607177734375
2025-09-23,663.2100219726562,657.7606201171875
2025-09-24,661.0999755859375,655.6678466796875
2025-09-25,658.0499877929688,652.6429443359375
2025-09-26,661.8200073242188,656.3820190429688
2025-09-29,663.6799926757812,658.2266845703125
2025-09-30,666.1799926757812,660.7061157226562
2025-10-01,668.4500122070312,662.95751953125
2025-10-02,669.219970703125,663.7210693359375
2025-10-03,669.2100219726562,663.7112426757812
2025-10-06,671.6099853515625,666.0914916992188
2025-10-07,669.1199951171875,663.6219482421875
2025-10-08,673.1099853515625,667.5791625976562
2025-10-09,671.1599731445312,665.6452026367188
2025-10-10,653.02001953125,647.6542358398438
2025-10-13,663.0399780273438,657.5919189453125
2025-10-14,662.22998046875,656.78857421875
2025-10-15,665.1699829101562,659.7044677734375
2025-10-16,660.6400146484375,655.211669921875
2025-10-17,664.3900146484375,658.9308471679688
2025-10-20,671.2999877929688,665.7840576171875
2025-10-21,671.2899780273438,665.7740478515625
2025-10-22,667.7999877929688,662.3128051757812
2025-10-23,671.760009765625,666.2402954101562
2025-10-24,677.25,671.6851806640625
2025-10-27,685.239990234375,679.6094970703125
2025-10-28,687.0599975585938,681.41455078125
2025-10-29,687.3900146484375,681.7418212890625
2025-10-30,679.8300170898438,674.2439575195312
2025-10-31,682.0599975585938,676.4556274414062
2025-11-03,683.3400268554688,677.7251586914062
2025-11-04,675.239990234375,669.6917114257812
2025-11-05,677.5800170898438,672.012451171875
2025-11-06,670.3099975585938,664.8021850585938
2025-11-07,670.969970703125,665.4567260742188
2025-11-10,681.4400024414062,675.8407592773438
2025-11-11,683.0,677.3878784179688
2025-11-12,683.3800048828125,677.7647705078125
2025-11-13,672.0399780273438,666.5179443359375
2025-11-14,671.9299926757812,666.408935546875
2025-11-17,665.6699829101562,660.2003173828125
2025-11-18,660.0800170898438,654.6563110351562
2025-11-19,662.6300048828125,657.1853637695312
2025-11-20,652.530029296875,647.1683349609375
2025-11-21,659.030029296875,653.6149291992188
2025-11-24,668.72998046875,663.235107421875
2025-11-25,675.02001953125,669.4734497070312
2025-11-26,679.6799926757812,674.09521484375
2025-11-28,683.3900146484375,677.7747192382812
2025-12-01,680.27001953125,674.6803588867188
2025-12-02,681.530029296875,675.9300537109375
2025-12-03,683.8900146484375,678.2706298828125
2025-12-04,684.3900146484375,678.7664794921875
2025-12-05,685.6900024414062,680.0557861328125
2025-12-08,683.6300048828125,678.0127563476562
2025-12-09,683.0399780273438,677.427490234375
2025-12-10,687.5700073242188,681.92041015625
2025-12-11,689.1699829101562,683.5072021484375
2025-12-12,681.760009765625,676.1580810546875
2025-12-15,680.72998046875,675.1365356445312
2025-12-16,678.8699951171875,673.2918701171875
2025-12-17,671.4000244140625,665.8832397460938
2025-12-18,676.469970703125,670.9114990234375
2025-12-19,680.5900268554688,676.9923095703125
2025-12-22,684.8300170898438,681.2098999023438
2025-12-23,687.9600219726562,684.3233032226562
2025-12-24,690.3800048828125,686.7305297851562
2025-12-26,690.3099975585938,686.660888671875
2025-12-29,687.8499755859375,684.2138671875
2025-12-30,687.010009765625,683.3783569335938
2025-12-31,681.9199829101562,678.3152465820312
2026-01-02,683.1699829101562,679.55859375
2026-01-05,687.719970703125,684.0845336914062
2026-01-06,691.8099975585938,688.1529541015625
2026-01-07,689.5800170898438,685.9347534179688
2026-01-08,689.510009765625,685.8651123046875
2026-01-09,694.0700073242188,690.4010009765625
2026-01-12,695.1599731445312,691.4852294921875
2026-01-13,693.77001953125,690.1026000976562
2026-01-14,690.3599853515625,686.7106323242188
2026-01-15,692.239990234375,688.5806884765625
2026-01-16,691.6599731445312,688.0037231445312
2026-01-20,677.5800170898438,673.9981689453125
2026-01-21,685.4000244140625,681.77685546875
2026-01-22,688.97998046875,685.3379516601562
2026-01-23,689.22998046875,685.5865478515625
2026-01-26,692.72998046875,689.0680541992188
2026-01-27,695.489990234375,691.8134765625
2026-01-28,695.4199829101562,691.7438354492188
2026-01-29,694.0399780273438,690.3711547851562
2026-01-30,691.969970703125,688.3120727539062
2026-02-02,695.4099731445312,691.7339477539062
2026-02-03,689.530029296875,685.885009765625
2026-02-04,686.1900024414062,682.5626831054688
2026-02-05,677.6199951171875,674.0379638671875
2026-02-06,690.6199951171875,686.96923828125
2026-02-09,693.9500122070312,690.2816772460938
2026-02-10,692.1199951171875,688.4613037109375
2026-02-11,691.9600219726562,688.3021850585938
2026-02-12,681.27001953125,677.668701171875
2026-02-13,681.75,678.1461181640625
2026-02-17,682.8499755859375,679.2402954101562
2026-02-18,686.2899780273438,682.662109375
2026-02-19,684.47998046875,680.8616333007812
2026-02-20,689.4299926757812,685.7855834960938
2026-02-23,682.3900146484375,678.7827758789062
2026-02-24,687.3499755859375,683.7164916992188
2026-02-25,693.1500244140625,689.4859008789062
2026-02-26,689.2999877929688,685.6561889648438
2026-02-27,685.989990234375,682.3637084960938
2026-03-02,686.3800048828125,682.751708984375
2026-03-03,680.3300170898438,676.7337036132812
2026-03-04,685.1300048828125,681.5082397460938
2026-03-05,681.3099975585938,677.70849609375
2026-03-06,672.3800048828125,668.82568359375
2026-03-09,678.27001953125,674.6845703125
2026-03-10,677.1799926757812,673.6002807617188
2026-03-11,676.3300170898438,672.7548217773438
2026-03-12,666.0599975585938,662.5390625
2026-03-13,662.2899780273438,658.7890014648438
2026-03-16,669.030029296875,665.493408203125
2026-03-17,670.7899780273438,667.2440185546875
2026-03-18,661.4299926757812,657.9335327148438
2026-03-19,659.7999877929688,656.3121948242188
2026-03-20,648.5700073242188,646.9034423828125
2026-03-23,655.3800048828125,653.6959228515625
2026-03-24,653.1799926757812,651.5015869140625
2026-03-25,656.8200073242188,655.1322021484375
2026-03-26,645.0900268554688,643.432373046875
2026-03-27,634.0900268554688,632.4606323242188
2026-03-30,631.969970703125,630.3460693359375
2026-03-31,650.3400268554688,648.6688842773438
2026-04-01,655.239990234375,653.5562744140625
2026-04-02,655.8300170898438,654.144775390625
2026-04-06,658.9299926757812,657.23681640625
2026-04-07,659.219970703125,657.5260009765625
2026-04-08,676.010009765625,674.27294921875
2026-04-09,679.9099731445312,678.162841796875
2026-04-10,679.4600219726562,677.7140502929688
2026-04-13,686.0999755859375,684.3369750976562
2026-04-14,694.4600219726562,692.675537109375
2026-04-15,699.9400024414062,698.1414184570312
2026-04-16,701.6599731445312,699.8569946289062
2026-04-17,710.1400146484375,708.3152465820312
2026-04-20,708.719970703125,706.8988037109375
2026-04-21,704.0800170898438,702.2708129882812
2026-04-22,711.2100219726562,709.3825073242188
2026-04-23,708.4500122070312,706.6295776367188
2026-04-24,713.9400024414062,712.10546875
2026-04-27,715.1699829101562,713.332275390625
2026-04-28,711.6900024414062,709.8612060546875
2026-04-29,711.5800170898438,709.7515258789062
2026-04-30,718.6599731445312,716.8132934570312
2026-05-01,720.6500244140625,718.7982177734375
2026-05-04,718.010009765625,716.1649780273438
2026-05-05,723.77001953125,721.9102172851562
2026-05-06,733.8300170898438,731.9443359375
2026-05-07,731.5800170898438,729.7001342773438
2026-05-08,737.6199951171875,735.724609375
2026-05-11,739.2999877929688,737.4002685546875
2026-05-12,738.1799926757812,736.2831420898438
2026-05-13,742.3099975585938,740.4025268554688
2026-05-14,748.1699829101562,746.2474975585938
2026-05-15,739.1699829101562,737.2706298828125
2026-05-18,738.6500244140625,736.751953125
2026-05-19,733.72998046875,731.8446044921875
2026-05-20,741.25,739.3452758789062
2026-05-21,742.719970703125,740.8114624023438
2026-05-22,745.6400146484375,743.7239990234375
2026-05-26,750.5900268554688,748.6613159179688
2026-05-27,750.4600219726562,748.5316162109375
2026-05-28,754.5999755859375,752.6609497070312
2026-05-29,756.47998046875,754.5361328125
2026-06-01,758.5399780273438,756.5908203125
2026-06-02,759.5700073242188,757.6182250976562
2026-06-03,754.239990234375,752.3018798828125
2026-06-04,757.0900268554688,755.1445922851562
2026-06-05,737.5499877929688,735.65478515625
2026-06-08,739.219970703125,737.3204345703125
2026-06-09,737.0499877929688,735.1560668945312
2026-06-10,725.4299926757812,723.56591796875
2026-06-11,737.760009765625,735.8642578125
2026-06-12,741.75,739.843994140625
2026-06-15,754.8300170898438,752.890380859375
2026-06-16,750.3300170898438,748.4019775390625
2026-06-17,740.9600219726562,739.0560302734375
2026-06-18,746.739990234375,746.739990234375
2026-06-22,744.3900146484375,744.3900146484375
2026-06-23,733.5800170898438,733.5800170898438
2026-06-24,733.239990234375,733.239990234375
2026-06-25,734.2999877929688,734.2999877929688
2026-06-26,728.989990234375,728.989990234375
2026-06-29,741.0,741.0
2026-06-30,746.77001953125,746.77001953125
2026-07-01,745.760009765625,745.760009765625
2026-07-02,744.780029296875,744.780029296875
2026-07-06,751.280029296875,751.280029296875
2026-07-07,747.7100219726562,747.7100219726562
2026-07-08,745.4000244140625,745.4000244140625
2026-07-09,751.7100219726562,751.7100219726562
2026-07-10,754.9500122070312,754.9500122070312
2026-07-13,749.1699829101562,749.1699829101562
2026-07-14,751.8300170898438,751.8300170898438
2026-07-15,754.8099975585938,754.8099975585938
2026-07-16,750.719970703125,750.719970703125
2026-07-17,743.2899780273438,743.2899780273438
2026-07-20,742.0900268554688,742.0900268554688
2026-07-21,748.280029296875,748.280029296875
2026-07-22,747.4099731445312,747.4099731445312
2026-07-23,738.1799926757812,738.1799926757812
2026-07-24,738.9299926757812,738.9299926757812
2026-07-27,739.0900268554688,739.0900268554688
2026-07-28,740.8599853515625,740.8599853515625
2026-07-29,729.4600219726562,729.4600219726562
2026-07-30,741.6900024414062,741.6900024414062
2026-07-31,747.030029296875,747.030029296875
2026-08-03,757.6699829101562,757.6699829101562
2026-08-04,771.3300170898438,771.3300170898438
2026-08-05,769.7899780273438,769.7899780273438
2026-08-06,768.5599975585938,768.5599975585938
2026-08-07,773.260009765625,773.260009765625
2026-08-10,773.030029296875,773.030029296875
2026-08-11,770.5599975585938,770.5599975585938
2026-08-12,772.489990234375,772.489990234375
2026-08-13,777.8800048828125,777.8800048828125
2026-08-14,776.3400268554688,776.3400268554688
2026-08-17,772.6699829101562,772.6699829101562
2026-08-18,767.4500122070312,767.4500122070312
2026-08-19,769.0599975585938,769.0599975585938
2026-08-20,762.5999755859375,762.5999755859375
2026-08-21,765.719970703125,765.719970703125
2026-08-24,763.469970703125,763.469970703125
2026-08-25,765.9099731445312,765.9099731445312
2026-08-26,766.0800170898438,766.0800170898438
2026-08-27,771.0999755859375,771.0999755859375
2026-08-28,769.3499755859375,769.3499755859375
2026-08-31,767.0499877929688,767.0499877929688
2026-09-01,761.780029296875,761.780029296875
2026-09-02,765.1599731445312,765.1599731445312
2026-09-03,773.1699829101562,773.1699829101562
2026-09-04,770.1900024414062,770.1900024414062
2026-09-08,765.9600219726562,765.9600219726562
2026-09-09,762.4000244140625,762.4000244140625
2026-09-10,757.8300170898438,757.8300170898438
2026-09-11,764.2899780273438,764.2899780273438
2026-09-14,760.8800048828125,760.8800048828125
2026-09-15,757.3900146484375,757.3900146484375
2026-09-16,759.4660034179688,759.4660034179688
