date,close,adjclose
2006-11-16,50.459999084472656,27.675798416137695
2006-11-17,50.540000915527344,27.71967887878418
2006-11-20,50.560001373291016,27.73064613342285
2006-11-21,50.5,27.697723388671875
2006-11-22,50.5099983215332,27.703229904174805
2006-11-24,50.43000030517578,27.659347534179688
2006-11-27,49.900001525878906,27.3686580657959
2006-11-28,50.04999923706055,27.450925827026367
2006-11-29,50.59000015258789,27.747114181518555
2006-11-30,50.68000030517578,27.796478271484375
2006-12-01,50.380001068115234,27.63193130493164
2006-12-04,50.849998474121094,27.889711380004883
2006-12-05,51.060001373291016,28.004894256591797
2006-12-06,50.97999954223633,27.96100425720215
2006-12-07,50.88999938964844,27.911643981933594
2006-12-08,51.0,27.971975326538086
2006-12-11,51.04999923706055,27.99941062927246
2006-12-12,51.18000030517578,28.07069969177246
2006-12-13,51.310001373291016,28.142005920410156
2006-12-14,51.779998779296875,28.399784088134766
2006-12-15,51.849998474121094,28.438175201416016
2006-12-18,51.75,28.38332176208496
2006-12-19,51.91999816894531,28.476558685302734
2006-12-20,51.88999938964844,28.460107803344727
2006-12-21,51.72999954223633,28.372360229492188
2006-12-22,51.369998931884766,28.27055549621582
2006-12-26,51.68000030517578,28.44114875793457
2006-12-27,52.040000915527344,28.63926124572754
2006-12-28,52.04999923706055,28.644777297973633
2006-12-29,51.709999084472656,28.457666397094727
2007-01-03,51.720001220703125,28.463172912597656
2007-01-04,51.59000015258789,28.391613006591797
2007-01-05,51.22999954223633,28.193506240844727
2007-01-08,51.2400016784668,28.199005126953125
2007-01-09,51.20000076293945,28.176990509033203
2007-01-10,51.13999938964844,28.143964767456055
2007-01-11,51.33000183105469,28.248533248901367
2007-01-12,51.5,28.342084884643555
2007-01-16,51.5,28.342084884643555
2007-01-17,51.529998779296875,28.358598709106445
2007-01-18,51.540000915527344,28.364110946655273
2007-01-19,51.720001220703125,28.463172912597656
2007-01-22,51.540000915527344,28.364110946655273
2007-01-23,51.66999816894531,28.435651779174805
2007-01-24,52.08000183105469,28.661283493041992
2007-01-25,51.5099983215332,28.34760284423828
2007-01-26,51.45000076293945,28.314573287963867
2007-01-29,51.47999954223633,28.331083297729492
2007-01-30,51.65999984741211,28.43015480041504
2007-01-31,52.0,28.617250442504883
2007-02-01,52.34000015258789,28.80437660217285
2007-02-02,52.41999816894531,28.84840965270996
2007-02-05,52.380001068115234,28.82639503479004
2007-02-06,52.439998626708984,28.859403610229492
2007-02-07,52.369998931884766,28.82088279724121
2007-02-08,52.34000015258789,28.80437660217285
2007-02-09,52.15999984741211,28.705324172973633
2007-02-12,52.04999923706055,28.644777297973633
2007-02-13,52.45000076293945,28.86490821838379
2007-02-14,52.790000915527344,29.052021026611328
2007-02-15,52.7400016784668,29.024503707885742
2007-02-16,52.689998626708984,28.996990203857422
2007-02-20,52.790000915527344,29.052021026611328
2007-02-21,52.63999938964844,28.969467163085938
2007-02-22,52.599998474121094,28.947458267211914
2007-02-23,52.47999954223633,28.881410598754883
2007-02-26,52.599998474121094,28.947458267211914
2007-02-27,51.06999969482422,28.105449676513672
2007-02-28,51.189998626708984,28.171489715576172
2007-03-01,51.06999969482422,28.105449676513672
2007-03-02,50.45000076293945,27.764251708984375
2007-03-05,50.0,27.51659393310547
2007-03-06,50.7400016784668,27.923845291137695
2007-03-07,50.58000183105469,27.83578109741211
2007-03-08,50.95000076293945,28.03940773010254
2007-03-09,51.040000915527344,28.088932037353516
2007-03-12,51.029998779296875,28.08343505859375
2007-03-13,50.15999984741211,27.60464859008789
2007-03-14,50.36000061035156,27.7147274017334
2007-03-15,50.61000061035156,27.852306365966797
2007-03-16,50.380001068115234,27.725732803344727
2007-03-19,50.869998931884766,27.995376586914062
2007-03-20,51.290000915527344,28.22651481628418
2007-03-21,51.95000076293945,28.58974838256836
2007-03-22,52.15999984741211,28.705324172973633
2007-03-23,52.27000045776367,28.76584243774414
2007-03-26,52.040000915527344,28.786861419677734
2007-03-27,51.81999969482422,28.665170669555664
2007-03-28,51.47999954223633,28.47709846496582
2007-03-29,51.689998626708984,28.593263626098633
2007-03-30,51.560001373291016,28.52134895324707
2007-04-02,51.650001525878906,28.57113265991211
2007-04-03,51.970001220703125,28.74814796447754
2007-04-04,52.11000061035156,28.82559585571289
2007-04-05,52.220001220703125,28.88644790649414
2007-04-09,52.27000045776367,28.914094924926758
2007-04-10,52.459999084472656,29.01919937133789
2007-04-11,52.18000030517578,28.864301681518555
2007-04-12,52.290000915527344,28.9251651763916
2007-04-13,52.560001373291016,29.07451629638672
2007-04-16,53.16999816894531,29.41193199157715
2007-04-17,53.2599983215332,29.46173095703125
2007-04-18,53.400001525878906,29.539180755615234
2007-04-19,53.2599983215332,29.46173095703125
2007-04-20,53.63999938964844,29.671939849853516
2007-04-23,53.54999923706055,29.622146606445312
2007-04-24,53.470001220703125,29.5778865814209
2007-04-25,53.88999938964844,29.810222625732422
2007-04-26,54.09000015258789,29.920852661132812
2007-04-27,54.060001373291016,29.90426254272461
2007-04-30,53.7400016784668,29.72726058959961
2007-05-01,53.709999084472656,29.710664749145508
2007-05-02,54.11000061035156,29.931930541992188
2007-05-03,54.380001068115234,30.08129119873047
2007-05-04,54.47999954223633,30.136598587036133
2007-05-07,54.619998931884766,30.21402931213379
2007-05-08,54.54999923706055,30.175323486328125
2007-05-09,54.790000915527344,30.308086395263672
2007-05-10,54.119998931884766,29.93745231628418
2007-05-11,54.400001525878906,30.092348098754883
2007-05-14,54.349998474121094,30.064685821533203
2007-05-15,54.5099983215332,30.153188705444336
2007-05-16,54.9900016784668,30.418733596801758
2007-05-17,54.97999954223633,30.413171768188477
2007-05-18,55.2599983215332,30.568073272705078
2007-05-21,55.2599983215332,30.568073272705078
2007-05-22,55.310001373291016,30.595726013183594
2007-05-23,55.22999954223633,30.551483154296875
2007-05-24,54.720001220703125,30.26936149597168
2007-05-25,54.849998474121094,30.341266632080078
2007-05-29,55.0,30.424240112304688
2007-05-30,55.29999923706055,30.590208053588867
2007-05-31,55.36000061035156,30.623388290405273
2007-06-01,55.439998626708984,30.667654037475586
2007-06-04,55.54999923706055,30.728485107421875
2007-06-05,55.209999084472656,30.5404052734375
2007-06-06,54.790000915527344,30.308086395263672
2007-06-07,53.83000183105469,29.777055740356445
2007-06-08,54.59000015258789,30.19744110107422
2007-06-11,54.459999084472656,30.125539779663086
2007-06-12,53.900001525878906,29.815765380859375
2007-06-13,54.52000045776367,30.158735275268555
2007-06-14,54.91999816894531,30.380002975463867
2007-06-15,55.25,30.562530517578125
2007-06-18,55.130001068115234,30.496166229248047
2007-06-19,55.279998779296875,30.579130172729492
2007-06-20,54.61000061035156,30.20851707458496
2007-06-21,54.63999938964844,30.22511100769043
2007-06-22,54.0,29.871068954467773
2007-06-25,53.56999969482422,29.79654884338379
2007-06-26,53.5,29.75761604309082
2007-06-27,54.0,30.035715103149414
2007-06-28,54.099998474121094,30.09132957458496
2007-06-29,53.91999816894531,29.9912166595459
2007-07-02,54.47999954223633,30.302705764770508
2007-07-03,54.5099983215332,30.319393157958984
2007-07-05,54.61000061035156,30.375015258789062
2007-07-06,54.58000183105469,30.358318328857422
2007-07-09,54.77000045776367,30.463993072509766
2007-07-10,54.02000045776367,30.046831130981445
2007-07-11,54.27000045776367,30.185901641845703
2007-07-12,55.36000061035156,30.79217529296875
2007-07-13,55.630001068115234,30.942358016967773
2007-07-16,55.58000183105469,30.914541244506836
2007-07-17,55.439998626708984,30.836685180664062
2007-07-18,55.2599983215332,30.736560821533203
2007-07-19,55.470001220703125,30.853342056274414
2007-07-20,54.709999084472656,30.430627822875977
2007-07-23,55.099998474121094,30.647565841674805
2007-07-24,53.95000076293945,30.00790786743164
2007-07-25,54.02000045776367,30.046831130981445
2007-07-26,53.029998779296875,29.49619483947754
2007-07-27,52.2599983215332,29.06790542602539
2007-07-30,52.59000015258789,29.25144386291504
2007-07-31,52.099998474121094,28.978910446166992
2007-08-01,52.540000915527344,29.2236385345459
2007-08-02,52.779998779296875,29.357118606567383
2007-08-03,51.459999084472656,28.622926712036133
2007-08-06,52.630001068115234,29.273710250854492
2007-08-07,53.25,29.618560791015625
2007-08-08,53.93000030517578,29.996774673461914
2007-08-09,52.47999954223633,29.190263748168945
2007-08-10,52.529998779296875,29.218082427978516
2007-08-13,52.099998474121094,28.978910446166992
2007-08-14,51.5,28.645170211791992
2007-08-15,51.0,28.36707305908203
2007-08-16,51.560001373291016,28.678552627563477
2007-08-17,52.83000183105469,29.38494300842285
2007-08-20,52.70000076293945,29.312633514404297
2007-08-21,52.630001068115234,29.273710250854492
2007-08-22,53.11000061035156,29.540685653686523
2007-08-23,53.130001068115234,29.551809310913086
2007-08-24,53.599998474121094,29.81324005126953
2007-08-27,53.15999984741211,29.568498611450195
2007-08-28,51.9900016784668,28.917726516723633
2007-08-29,52.90999984741211,29.4294490814209
2007-08-30,52.650001525878906,29.284833908081055
2007-08-31,53.099998474121094,29.535118103027344
2007-09-04,53.619998931884766,29.824365615844727
2007-09-05,53.060001373291016,29.51287078857422
2007-09-06,53.189998626708984,29.585180282592773
2007-09-07,52.47999954223633,29.190263748168945
2007-09-10,52.36000061035156,29.123516082763672
2007-09-11,52.939998626708984,29.446121215820312
2007-09-12,53.20000076293945,29.59074592590332
2007-09-13,53.5,29.75761604309082
2007-09-14,53.65999984741211,29.84660530090332
2007-09-17,53.40999984741211,29.707551956176758
2007-09-18,54.959999084472656,30.569669723510742
2007-09-19,55.27000045776367,30.742107391357422
2007-09-20,54.93000030517578,30.552993774414062
2007-09-21,55.130001068115234,30.664243698120117
2007-09-24,54.33000183105469,30.410118103027344
2007-09-25,54.33000183105469,30.410118103027344
2007-09-26,54.709999084472656,30.622833251953125
2007-09-27,54.7599983215332,30.650808334350586
2007-09-28,54.650001525878906,30.589248657226562
2007-10-01,55.22999954223633,30.913896560668945
2007-10-02,55.220001220703125,30.908292770385742
2007-10-03,55.09000015258789,30.83551597595215
2007-10-04,55.209999084472656,30.902681350708008
2007-10-05,55.599998474121094,31.12098503112793
2007-10-08,55.310001373291016,30.95867347717285
2007-10-09,55.65999984741211,31.154560089111328
2007-10-10,55.540000915527344,31.087392807006836
2007-10-11,55.40999984741211,31.01462745666504
2007-10-12,55.38999938964844,31.003433227539062
2007-10-15,54.9900016784668,30.7795467376709
2007-10-16,54.58000183105469,30.550065994262695
2007-10-17,54.31999969482422,30.40452003479004
2007-10-18,54.369998931884766,30.432506561279297
2007-10-19,53.16999816894531,29.76082992553711
2007-10-22,53.439998626708984,29.911968231201172
2007-10-23,53.540000915527344,29.96793556213379
2007-10-24,53.529998779296875,29.962345123291016
2007-10-25,53.7599983215332,30.09107780456543
2007-10-26,54.29999923706055,30.393342971801758
2007-10-29,54.599998474121094,30.56125259399414
2007-10-30,54.220001220703125,30.34856414794922
2007-10-31,54.47999954223633,30.494083404541016
2007-11-01,53.029998779296875,29.682491302490234
2007-11-02,52.79999923706055,29.553743362426758
2007-11-05,52.58000183105469,29.43059539794922
2007-11-06,53.02000045776367,29.67688751220703
2007-11-07,51.529998779296875,28.84287452697754
2007-11-08,51.880001068115234,29.038774490356445
2007-11-09,51.5,28.826093673706055
2007-11-12,51.220001220703125,28.669355392456055
2007-11-13,52.5,29.385814666748047
2007-11-14,52.279998779296875,29.262691497802734
2007-11-15,51.709999084472656,28.943634033203125
2007-11-16,51.650001525878906,28.910057067871094
2007-11-19,50.779998779296875,28.423078536987305
2007-11-20,51.02000045776367,28.557401657104492
2007-11-21,50.15999984741211,28.0760555267334
2007-11-23,50.880001068115234,28.47907066345215
2007-11-26,49.83000183105469,27.891342163085938
2007-11-27,50.540000915527344,28.288755416870117
2007-11-28,51.7599983215332,28.971616744995117
2007-11-29,51.970001220703125,29.089168548583984
2007-11-30,52.619998931884766,29.453001022338867
2007-12-03,52.29999923706055,29.27387809753418
2007-12-04,51.959999084472656,29.083559036254883
2007-12-05,52.650001525878906,29.469776153564453
2007-12-06,53.29999923706055,29.83359718322754
2007-12-07,53.400001525878906,29.889575958251953
2007-12-10,53.689998626708984,30.05189323425293
2007-12-11,52.58000183105469,29.43059539794922
2007-12-12,52.709999084472656,29.50337028503418
2007-12-13,52.77000045776367,29.536941528320312
2007-12-14,51.66999816894531,29.16830825805664
2007-12-17,50.9900016784668,28.784456253051758
2007-12-18,51.43000030517578,29.032833099365234
2007-12-19,51.130001068115234,28.863489151000977
2007-12-20,51.2400016784668,28.925582885742188
2007-12-21,51.90999984741211,29.303802490234375
2007-12-24,52.16999816894531,29.4505672454834
2007-12-26,52.25,29.49573516845703
2007-12-27,51.58000183105469,29.11751937866211
2007-12-28,51.459999084472656,29.049768447875977
2007-12-31,51.099998474121094,28.846527099609375
2008-01-02,50.459999084472656,28.485252380371094
2008-01-03,50.529998779296875,28.524776458740234
2008-01-04,49.650001525878906,28.028013229370117
2008-01-07,50.0099983215332,28.231225967407227
2008-01-08,49.16999816894531,27.757036209106445
2008-01-09,49.68000030517578,28.044937133789062
2008-01-10,50.400001525878906,28.451400756835938
2008-01-11,49.599998474121094,27.999792098999023
2008-01-14,49.83000183105469,28.129621505737305
2008-01-15,48.720001220703125,27.503007888793945
2008-01-16,49.08000183105469,27.70624351501465
2008-01-17,47.220001220703125,26.6562442779541
2008-01-18,46.72999954223633,26.3796443939209
2008-01-22,46.4900016784668,26.24414825439453
2008-01-23,47.959999084472656,27.07398796081543
2008-01-24,48.150001525878906,27.18124008178711
2008-01-25,47.36000061035156,26.735279083251953
2008-01-28,48.34000015258789,27.288490295410156
2008-01-29,48.79999923706055,27.548175811767578
2008-01-30,48.22999954223633,27.226390838623047
2008-01-31,49.43000030517578,27.90380859375
2008-02-01,50.209999084472656,28.344135284423828
2008-02-04,49.599998474121094,27.999792098999023
2008-02-05,48.099998474121094,27.153005599975586
2008-02-06,47.77000045776367,26.966724395751953
2008-02-07,48.290000915527344,27.260257720947266
2008-02-08,47.689998626708984,26.921558380126953
2008-02-11,47.900001525878906,27.04011344909668
2008-02-12,48.22999954223633,27.226390838623047
2008-02-13,48.83000183105469,27.56510353088379
2008-02-14,48.130001068115234,27.169944763183594
2008-02-15,48.2599983215332,27.243335723876953
2008-02-19,48.11000061035156,27.15865135192871
2008-02-20,48.27000045776367,27.248979568481445
2008-02-21,47.70000076293945,26.927202224731445
2008-02-22,48.150001525878906,27.18124008178711
2008-02-25,48.7400016784668,27.514305114746094
2008-02-26,49.0,27.66107749938965
2008-02-27,48.849998474121094,27.576393127441406
2008-02-28,48.33000183105469,27.282855987548828
2008-02-29,47.060001373291016,26.56591796875
2008-03-03,47.06999969482422,26.57155990600586
2008-03-04,46.939998626708984,26.4981746673584
2008-03-05,47.09000015258789,26.582866668701172
2008-03-06,46.0,25.967540740966797
2008-03-07,45.70000076293945,25.798181533813477
2008-03-10,45.15999984741211,25.493345260620117
2008-03-11,46.68000030517578,26.351408004760742
2008-03-12,46.529998779296875,26.26674461364746
2008-03-13,46.630001068115234,26.323177337646484
2008-03-14,45.81999969482422,25.86592674255371
2008-03-17,45.68000030517578,25.78689956665039
2008-03-18,47.11000061035156,26.59413719177246
2008-03-19,46.66999816894531,26.34575653076172
2008-03-20,48.11000061035156,27.15865135192871
2008-03-24,48.52000045776367,27.39011001586914
2008-03-25,48.220001220703125,27.430492401123047
2008-03-26,47.540000915527344,27.043668746948242
2008-03-27,47.540000915527344,27.043668746948242
2008-03-28,46.83000183105469,26.639780044555664
2008-03-31,47.16999816894531,26.833202362060547
2008-04-01,48.84000015258789,27.7831974029541
2008-04-02,48.619998931884766,27.658042907714844
2008-04-03,48.619998931884766,27.658042907714844
2008-04-04,48.52000045776367,27.601160049438477
2008-04-07,48.599998474121094,27.646665573120117
2008-04-08,48.40999984741211,27.53858184814453
2008-04-09,47.900001525878906,27.248456954956055
2008-04-10,47.95000076293945,27.27690315246582
2008-04-11,47.04999923706055,26.764930725097656
2008-04-14,46.56999969482422,26.491884231567383
2008-04-15,46.869998931884766,26.662527084350586
2008-04-16,47.720001220703125,27.14607810974121
2008-04-17,47.83000183105469,27.20863914489746
2008-04-18,48.33000183105469,27.493078231811523
2008-04-21,48.08000183105469,27.350858688354492
2008-04-22,47.709999084472656,27.140384674072266
2008-04-23,47.689998626708984,27.128997802734375
2008-04-24,48.25,27.447561264038086
2008-04-25,48.58000183105469,27.635297775268555
2008-04-28,48.689998626708984,27.697872161865234
2008-04-29,48.400001525878906,27.532899856567383
2008-04-30,48.209999084472656,27.424800872802734
2008-05-01,49.209999084472656,27.993677139282227
2008-05-02,49.45000076293945,28.13019371032715
2008-05-05,49.09000015258789,27.925416946411133
2008-05-06,49.33000183105469,28.061939239501953
2008-05-07,48.470001220703125,27.572711944580078
2008-05-08,48.349998474121094,27.50444793701172
2008-05-09,48.09000015258789,27.356552124023438
2008-05-12,48.63999938964844,27.669431686401367
2008-05-13,48.5,27.589786529541016
2008-05-14,48.81999969482422,27.77181053161621
2008-05-15,49.150001525878906,27.959531784057617
2008-05-16,49.08000183105469,27.919719696044922
2008-05-19,49.20000076293945,27.98797035217285
2008-05-20,48.599998474121094,27.646665573120117
2008-05-21,47.88999938964844,27.242765426635742
2008-05-22,48.09000015258789,27.356552124023438
2008-05-23,47.5,27.020919799804688
2008-05-27,47.709999084472656,27.140384674072266
2008-05-28,47.72999954223633,27.15176010131836
2008-05-29,48.279998779296875,27.464632034301758
2008-05-30,48.150001525878906,27.39067840576172
2008-06-02,47.70000076293945,27.134689331054688
2008-06-03,47.43000030517578,26.981098175048828
2008-06-04,47.220001220703125,26.861631393432617
2008-06-05,47.970001220703125,27.288284301757812
2008-06-06,46.470001220703125,26.434993743896484
2008-06-09,46.34000015258789,26.361045837402344
2008-06-10,46.38999938964844,26.389484405517578
2008-06-11,45.619998931884766,25.951457977294922
2008-06-12,45.68000030517578,25.985591888427734
2008-06-13,45.970001220703125,26.15056037902832
2008-06-16,46.209999084472656,26.28709602355957
2008-06-17,45.790000915527344,26.04817008972168
2008-06-18,45.290000915527344,25.763734817504883
2008-06-19,45.45000076293945,25.854745864868164
2008-06-20,44.66999816894531,25.41103744506836
2008-06-23,44.5,25.314329147338867
2008-06-24,44.16999816894531,25.337854385375977
2008-06-25,44.7400016784668,25.664831161499023
2008-06-26,43.119998931884766,24.735525131225586
2008-06-27,42.790000915527344,24.546234130859375
2008-06-30,42.81999969482422,24.56343650817871
2008-07-01,43.0,24.666688919067383
2008-07-02,42.38999938964844,24.31676483154297
2008-07-03,42.43000030517578,24.339712142944336
2008-07-07,42.08000183105469,24.138927459716797
2008-07-08,43.08000183105469,24.71259307861328
2008-07-09,42.36000061035156,24.299560546875
2008-07-10,42.40999984741211,24.3282413482666
2008-07-11,42.06999969482422,24.133197784423828
2008-07-14,41.380001068115234,23.737390518188477
2008-07-15,40.900001525878906,23.4620418548584
2008-07-16,42.290000915527344,24.2593994140625
2008-07-17,42.970001220703125,24.649486541748047
2008-07-18,43.25,24.81009864807129
2008-07-21,43.060001373291016,24.70110511779785
2008-07-22,43.9900016784668,25.234590530395508
2008-07-23,44.36000061035156,25.446849822998047
2008-07-24,43.31999969482422,24.85025405883789
2008-07-25,43.09000015258789,24.718318939208984
2008-07-28,42.33000183105469,24.2823486328125
2008-07-29,43.5099983215332,24.959243774414062
2008-07-30,44.16999816894531,25.337854385375977
2008-07-31,43.650001525878906,25.039562225341797
2008-08-01,43.599998474121094,25.010881423950195
2008-08-04,43.439998626708984,24.91909408569336
2008-08-05,44.58000183105469,25.573047637939453
2008-08-06,44.720001220703125,25.65334701538086
2008-08-07,43.7599983215332,25.1026611328125
2008-08-08,44.880001068115234,25.745141983032227
2008-08-11,45.369998931884766,26.02622413635254
2008-08-12,44.72999954223633,25.659093856811523
2008-08-13,44.349998474121094,25.44110870361328
2008-08-14,44.560001373291016,25.561573028564453
2008-08-15,44.88999938964844,25.750883102416992
2008-08-18,44.209999084472656,25.360790252685547
2008-08-19,43.619998931884766,25.022336959838867
2008-08-20,43.7599983215332,25.1026611328125
2008-08-21,43.83000183105469,25.142812728881836
2008-08-22,44.459999084472656,25.50421142578125
2008-08-25,43.619998931884766,25.022336959838867
2008-08-26,43.630001068115234,25.028091430664062
2008-08-27,44.0,25.240331649780273
2008-08-28,44.84000015258789,25.722192764282227
2008-08-29,44.40999984741211,25.475521087646484
2008-09-02,44.63999938964844,25.607473373413086
2008-09-03,44.790000915527344,25.693510055541992
2008-09-04,43.560001373291016,24.987932205200195
2008-09-05,43.95000076293945,25.211654663085938
2008-09-08,45.20000076293945,25.9287109375
2008-09-09,43.95000076293945,25.211654663085938
2008-09-10,43.79999923706055,25.125593185424805
2008-09-11,44.16999816894531,25.337854385375977
2008-09-12,44.380001068115234,25.458322525024414
2008-09-15,42.66999816894531,24.477388381958008
2008-09-16,43.189998626708984,24.77566909790039
2008-09-17,41.25,23.662811279296875
2008-09-18,43.16999816894531,24.764204025268555
2008-09-19,45.209999084472656,25.9344482421875
2008-09-22,43.5099983215332,24.959243774414062
2008-09-23,42.83000183105469,24.569175720214844
2008-09-24,42.279998779296875,24.465587615966797
2008-09-25,43.040000915527344,24.905370712280273
2008-09-26,43.529998779296875,25.18890380859375
2008-09-29,41.29999923706055,23.898502349853516
2008-09-30,41.959999084472656,24.280414581298828
2008-10-01,42.279998779296875,24.465587615966797
2008-10-02,41.16999816894531,23.82328224182129
2008-10-03,40.4900016784668,23.429792404174805
2008-10-06,39.13999938964844,22.64860725402832
2008-10-07,36.810001373291016,21.300329208374023
2008-10-08,35.97999954223633,20.82006072998047
2008-10-09,33.25,19.240325927734375
2008-10-10,35.150001525878906,20.339773178100586
2008-10-13,36.54999923706055,21.14989471435547
2008-10-14,36.97999954223633,21.398714065551758
2008-10-15,33.93000030517578,19.633813858032227
2008-10-16,35.119998931884766,20.32241439819336
2008-10-17,34.7400016784668,20.10252571105957
2008-10-20,36.25,20.97628402709961
2008-10-21,35.5099983215332,20.548086166381836
2008-10-22,33.81999969482422,19.570158004760742
2008-10-23,34.0,19.674312591552734
2008-10-24,32.81999969482422,18.991506576538086
2008-10-27,32.02000045776367,18.528579711914062
2008-10-28,35.529998779296875,20.559659957885742
2008-10-29,34.5,19.96364402770996
2008-10-30,35.400001525878906,20.484434127807617
2008-10-31,35.72999954223633,20.675392150878906
2008-11-03,35.869998931884766,20.756404876708984
2008-11-04,37.29999923706055,21.583877563476562
2008-11-05,35.25,20.39763832092285
2008-11-06,33.630001068115234,19.460222244262695
2008-11-07,34.599998474121094,20.021512985229492
2008-11-10,34.20000076293945,19.790050506591797
2008-11-11,33.709999084472656,19.506505966186523
2008-11-12,32.09000015258789,18.569080352783203
2008-11-13,34.34000015258789,19.87105941772461
2008-11-14,32.81999969482422,18.991506576538086
2008-11-17,32.25,18.661670684814453
2008-11-18,32.2400016784668,18.6558837890625
2008-11-19,30.479999542236328,17.637439727783203
2008-11-20,28.510000228881836,16.497493743896484
2008-11-21,30.020000457763672,17.371267318725586
2008-11-24,31.68000030517578,18.33183479309082
2008-11-25,32.2599983215332,18.66745376586914
2008-11-26,33.209999084472656,19.217172622680664
2008-11-28,33.75,19.529647827148438
2008-12-01,30.709999084472656,17.770538330078125
2008-12-02,32.11000061035156,18.580656051635742
2008-12-03,33.150001525878906,19.182458877563477
2008-12-04,32.290000915527344,18.6848201751709
2008-12-05,33.540000915527344,19.408140182495117
2008-12-08,34.27000045776367,19.830556869506836
2008-12-09,33.349998474121094,19.29819107055664
2008-12-10,33.68000030517578,19.489152908325195
2008-12-11,32.619998931884766,18.87576675415039
2008-12-12,32.779998779296875,18.968360900878906
2008-12-15,32.400001525878906,18.74846649169922
2008-12-16,34.08000183105469,19.72060775756836
2008-12-17,33.70000076293945,19.500720977783203
2008-12-18,33.099998474121094,19.15352439880371
2008-12-19,33.08000183105469,19.141952514648438
2008-12-22,32.290000915527344,18.873088836669922
2008-12-23,32.06999969482422,18.74449920654297
2008-12-24,32.09000015258789,18.756189346313477
2008-12-26,32.310001373291016,18.884780883789062
2008-12-29,32.09000015258789,18.756189346313477
2008-12-30,32.939998626708984,19.25299835205078
2008-12-31,33.599998474121094,19.638769149780273
2009-01-02,34.380001068115234,20.094669342041016
2009-01-05,34.060001373291016,19.907629013061523
2009-01-06,34.18000030517578,19.977764129638672
2009-01-07,33.119998931884766,19.35821533203125
2009-01-08,33.22999954223633,19.422502517700195
2009-01-09,32.52000045776367,19.007516860961914
2009-01-12,31.719999313354492,18.539928436279297
2009-01-13,31.700000762939453,18.52824592590332
2009-01-14,30.68000030517578,17.932064056396484
2009-01-15,30.459999084472656,17.803476333618164
2009-01-16,30.479999542236328,17.815162658691406
2009-01-20,28.75,16.80400276184082
2009-01-21,29.959999084472656,17.511232376098633
2009-01-22,29.399999618530273,17.18392562866211
2009-01-23,29.579999923706055,17.289121627807617
2009-01-26,29.6200008392334,17.312515258789062
2009-01-27,29.989999771118164,17.52876091003418
2009-01-28,31.040000915527344,18.142478942871094
2009-01-29,29.860000610351562,17.45278549194336
2009-01-30,29.239999771118164,17.090402603149414
2009-02-02,29.110000610351562,17.014421463012695
2009-02-03,29.329999923706055,17.143003463745117
2009-02-04,29.049999237060547,16.979345321655273
2009-02-05,29.350000381469727,17.15468978881836
2009-02-06,30.299999237060547,17.7099552154541
2009-02-09,30.440000534057617,17.791784286499023
2009-02-10,28.75,16.80400276184082
2009-02-11,29.149999618530273,17.03780174255371
2009-02-12,29.059999465942383,16.985198974609375
2009-02-13,28.610000610351562,16.7221736907959
2009-02-17,27.270000457763672,15.938970565795898
2009-02-18,27.030000686645508,15.798681259155273
2009-02-19,26.65999984741211,15.58243179321289
2009-02-20,26.18000030517578,15.301871299743652
2009-02-23,25.3700008392334,14.828445434570312
2009-02-24,26.469999313354492,15.471370697021484
2009-02-25,26.25,15.342784881591797
2009-02-26,25.979999542236328,15.18497371673584
2009-02-27,25.25,14.758298873901367
2009-03-02,24.020000457763672,14.03938102722168
2009-03-03,23.579999923706055,13.782206535339355
2009-03-04,24.06999969482422,14.068603515625
2009-03-05,22.93000030517578,13.402290344238281
2009-03-06,23.06999969482422,13.484116554260254
2009-03-09,22.940000534057617,13.4081392288208
2009-03-10,24.459999084472656,14.296554565429688
2009-03-11,24.559999465942383,14.354996681213379
2009-03-12,25.780000686645508,15.068079948425293
2009-03-13,26.09000015258789,15.249265670776367
2009-03-16,26.100000381469727,15.255112648010254
2009-03-17,26.93000030517578,15.740236282348633
2009-03-18,27.790000915527344,16.242891311645508
2009-03-19,27.299999237060547,15.95650577545166
2009-03-20,26.75,15.635028839111328
2009-03-23,28.739999771118164,16.798152923583984
2009-03-24,28.100000381469727,16.42408561706543
2009-03-25,28.25,16.69594383239746
2009-03-26,28.690000534057617,16.955991744995117
2009-03-27,28.209999084472656,16.67230987548828
2009-03-30,27.100000381469727,16.01629066467285
2009-03-31,27.3799991607666,16.18177032470703
2009-04-01,27.959999084472656,16.524553298950195
2009-04-02,28.639999389648438,16.926437377929688
2009-04-03,29.040000915527344,17.162841796875
2009-04-06,28.84000015258789,17.044645309448242
2009-04-07,28.1299991607666,16.625030517578125
2009-04-08,28.299999237060547,16.72550392150879
2009-04-09,29.739999771118164,17.576553344726562
2009-04-13,30.0,17.730215072631836
2009-04-14,29.190000534057617,17.25150489807129
2009-04-15,29.780000686645508,17.600191116333008
2009-04-16,30.149999618530273,17.818859100341797
2009-04-17,30.440000534057617,17.99025535583496
2009-04-20,28.889999389648438,17.074195861816406
2009-04-21,29.530000686645508,17.452436447143555
2009-04-22,29.360000610351562,17.351978302001953
2009-04-23,29.649999618530273,17.52335548400879
2009-04-24,30.0,17.730215072631836
2009-04-27,29.75,17.582462310791016
2009-04-28,29.559999465942383,17.470172882080078
2009-04-29,30.059999465942383,17.76567268371582
2009-04-30,30.190000534057617,17.842500686645508
2009-05-01,30.239999771118164,17.872055053710938
2009-05-04,31.600000381469727,18.675825119018555
2009-05-05,31.420000076293945,18.569442749023438
2009-05-06,32.22999954223633,19.048166275024414
2009-05-07,31.850000381469727,18.82357406616211
2009-05-08,32.810001373291016,19.390953063964844
2009-05-11,31.969999313354492,18.894498825073242
2009-05-12,31.829999923706055,18.811756134033203
2009-05-13,31.010000228881836,18.327125549316406
2009-05-14,31.239999771118164,18.463058471679688
2009-05-15,30.860000610351562,18.238479614257812
2009-05-18,31.809999465942383,18.799936294555664
2009-05-19,31.68000030517578,18.723102569580078
2009-05-20,31.43000030517578,18.575347900390625
2009-05-21,30.969999313354492,18.303483963012695
2009-05-22,30.950000762939453,18.29166603088379
2009-05-26,31.68000030517578,18.723102569580078
2009-05-27,30.989999771118164,18.315311431884766
2009-05-28,31.450000762939453,18.58717155456543
2009-05-29,31.940000534057617,18.87676429748535
2009-06-01,32.720001220703125,19.33775520324707
2009-06-02,32.650001525878906,19.2963809967041
2009-06-03,32.150001525878906,19.000879287719727
2009-06-04,32.47999954223633,19.19590950012207
2009-06-05,32.40999984741211,19.154537200927734
2009-06-08,32.369998931884766,19.130895614624023
2009-06-09,32.4900016784668,19.201820373535156
2009-06-10,32.369998931884766,19.130895614624023
2009-06-11,32.70000076293945,19.325931549072266
2009-06-12,32.779998779296875,19.373220443725586
2009-06-15,32.0,18.9122314453125
2009-06-16,31.549999237060547,18.646270751953125
2009-06-17,31.360000610351562,18.53398323059082
2009-06-18,31.729999542236328,18.752656936645508
2009-06-19,31.799999237060547,18.79402732849121
2009-06-22,30.940000534057617,18.28575325012207
2009-06-23,30.889999389648438,18.256210327148438
2009-06-24,30.84000015258789,18.39338493347168
2009-06-25,31.459999084472656,18.76316261291504
2009-06-26,31.389999389648438,18.721410751342773
2009-06-29,31.75,18.936119079589844
2009-06-30,31.559999465942383,18.82279396057129
2009-07-01,31.719999313354492,18.918228149414062
2009-07-02,30.90999984741211,18.43513298034668
2009-07-06,30.899999618530273,18.429162979125977
2009-07-07,30.31999969482422,18.08324432373047
2009-07-08,30.239999771118164,18.03553009033203
2009-07-09,30.270000457763672,18.05343246459961
2009-07-10,30.18000030517578,17.999755859375
2009-07-13,30.969999313354492,18.47091293334961
2009-07-14,31.200000762939453,18.608097076416016
2009-07-15,32.15999984741211,19.180646896362305
2009-07-16,32.349998474121094,19.293964385986328
2009-07-17,32.2400016784668,19.22835922241211
2009-07-20,32.5,19.383426666259766
2009-07-21,32.630001068115234,19.460966110229492
2009-07-22,32.630001068115234,19.460966110229492
2009-07-23,33.45000076293945,19.950037002563477
2009-07-24,33.66999816894531,20.081233978271484
2009-07-27,33.880001068115234,20.20648765563965
2009-07-28,33.790000915527344,20.152799606323242
2009-07-29,33.619998931884766,20.051416397094727
2009-07-30,34.13999938964844,20.361555099487305
2009-07-31,34.2599983215332,20.433115005493164
2009-08-03,34.7599983215332,20.731321334838867
2009-08-04,34.95000076293945,20.844646453857422
2009-08-05,35.060001373291016,20.910253524780273
2009-08-06,34.95000076293945,20.844646453857422
2009-08-07,35.5099983215332,21.178634643554688
2009-08-10,35.41999816894531,21.12495231628418
2009-08-11,34.779998779296875,20.74325180053711
2009-08-12,35.220001220703125,21.00567626953125
2009-08-13,35.459999084472656,21.148820877075195
2009-08-14,35.189998626708984,20.987781524658203
2009-08-17,34.380001068115234,20.504688262939453
2009-08-18,34.689998626708984,20.6895751953125
2009-08-19,34.91999816894531,20.82675552368164
2009-08-20,35.27000045776367,21.035490036010742
2009-08-21,36.04999923706055,21.50069808959961
2009-08-24,35.97999954223633,21.45895767211914
2009-08-25,36.08000183105469,21.51858901977539
2009-08-26,36.130001068115234,21.548412322998047
2009-08-27,36.27000045776367,21.631908416748047
2009-08-28,36.189998626708984,21.584199905395508
2009-08-31,35.939998626708984,21.435100555419922
2009-09-01,35.040000915527344,20.898324966430664
2009-09-02,34.79999923706055,20.75517463684082
2009-09-03,35.150001525878906,20.963926315307617
2009-09-04,35.54999923706055,21.202486038208008
2009-09-08,35.84000015258789,21.37545394897461
2009-09-09,36.15999984741211,21.56629753112793
2009-09-10,36.41999816894531,21.72136878967285
2009-09-11,36.34000015258789,21.67365837097168
2009-09-14,36.61000061035156,21.834686279296875
2009-09-15,36.849998474121094,21.97783660888672
2009-09-16,37.5099983215332,22.371456146240234
2009-09-17,37.380001068115234,22.293928146362305
2009-09-18,37.47999954223633,22.353580474853516
2009-09-21,37.22999954223633,22.2044677734375
2009-09-22,37.47999954223633,22.353580474853516
2009-09-23,37.22999954223633,22.2044677734375
2009-09-24,36.54999923706055,21.95042610168457
2009-09-25,36.31999969482422,21.812299728393555
2009-09-28,36.97999954223633,22.20867347717285
2009-09-29,36.970001220703125,22.202669143676758
2009-09-30,36.720001220703125,22.052520751953125
2009-10-01,35.779998779296875,21.48799705505371
2009-10-02,35.59000015258789,21.3738956451416
2009-10-05,36.279998779296875,21.788270950317383
2009-10-06,36.7599983215332,22.076547622680664
2009-10-07,36.84000015258789,22.124589920043945
2009-10-08,37.08000183105469,22.268728256225586
2009-10-09,37.29999923706055,22.40085220336914
2009-10-12,37.540000915527344,22.54498291015625
2009-10-13,37.400001525878906,22.46089744567871
2009-10-14,38.029998779296875,22.839256286621094
2009-10-15,38.150001525878906,22.91132926940918
2009-10-16,37.70000076293945,22.641075134277344
2009-10-19,38.04999923706055,22.851272583007812
2009-10-20,37.790000915527344,22.695125579833984
2009-10-21,37.33000183105469,22.418861389160156
2009-10-22,37.810001373291016,22.707141876220703
2009-10-23,37.34000015258789,22.424869537353516
2009-10-26,36.7400016784668,22.064537048339844
2009-10-27,36.650001525878906,22.0104923248291
2009-10-28,36.0099983215332,21.626127243041992
2009-10-29,36.79999923706055,22.100563049316406
2009-10-30,35.72999954223633,21.457971572875977
2009-11-02,35.880001068115234,21.548053741455078
2009-11-03,35.83000183105469,21.518033981323242
2009-11-04,35.849998474121094,21.530046463012695
2009-11-05,36.56999969482422,21.962438583374023
2009-11-06,36.689998626708984,22.034500122070312
2009-11-09,37.560001373291016,22.556987762451172
2009-11-10,37.61000061035156,22.587024688720703
2009-11-11,37.7599983215332,22.677106857299805
2009-11-12,37.400001525878906,22.46089744567871
2009-11-13,37.529998779296875,22.538972854614258
2009-11-16,38.150001525878906,22.91132926940918
2009-11-17,38.11000061035156,22.887296676635742
2009-11-18,38.189998626708984,22.935344696044922
2009-11-19,37.709999084472656,22.647079467773438
2009-11-20,37.68000030517578,22.629047393798828
2009-11-23,38.15999984741211,22.91733169555664
2009-11-24,38.13999938964844,22.905324935913086
2009-11-25,38.310001373291016,23.00741195678711
2009-11-27,37.689998626708984,22.635059356689453
2009-11-30,37.900001525878906,22.761186599731445
2009-12-01,38.29999923706055,23.001405715942383
2009-12-02,38.369998931884766,23.043447494506836
2009-12-03,38.06999969482422,22.86326789855957
2009-12-04,38.33000183105469,23.01943016052246
2009-12-07,38.290000915527344,22.99540138244629
2009-12-08,37.81999969482422,22.713136672973633
2009-12-09,38.0,22.821239471435547
2009-12-10,38.099998474121094,22.88129234313965
2009-12-11,38.349998474121094,23.031435012817383
2009-12-14,38.58000183105469,23.16956329345703
2009-12-15,38.34000015258789,23.025423049926758
2009-12-16,38.29999923706055,23.001405715942383
2009-12-17,37.900001525878906,22.761186599731445
2009-12-18,37.970001220703125,22.803226470947266
2009-12-21,38.369998931884766,23.043447494506836
2009-12-22,38.13999938964844,23.098560333251953
2009-12-23,38.209999084472656,23.140953063964844
2009-12-24,38.380001068115234,23.243906021118164
2009-12-28,38.439998626708984,23.280248641967773
2009-12-29,38.45000076293945,23.286298751831055
2009-12-30,38.369998931884766,23.237852096557617
2009-12-31,38.0,23.013774871826172
2010-01-04,38.5,23.316587448120117
2010-01-05,38.5,23.316587448120117
2010-01-06,38.58000183105469,23.36503791809082
2010-01-07,38.650001525878906,23.40743064880371
2010-01-08,38.720001220703125,23.44982147216797
2010-01-11,38.90999984741211,23.56489372253418
2010-01-12,38.68000030517578,23.425601959228516
2010-01-13,39.0099983215332,23.625450134277344
2010-01-14,39.06999969482422,23.66179084777832
2010-01-15,38.720001220703125,23.44982147216797
2010-01-19,39.13999938964844,23.70418357849121
2010-01-20,38.790000915527344,23.49222183227539
2010-01-21,38.029998779296875,23.031946182250977
2010-01-22,37.34000015258789,22.614057540893555
2010-01-25,37.52000045776367,22.723072052001953
2010-01-26,37.41999816894531,22.662508010864258
2010-01-27,37.52000045776367,22.723072052001953
2010-01-28,37.15999984741211,22.50504493713379
2010-01-29,36.83000183105469,22.305194854736328
2010-02-01,37.27000045776367,22.571659088134766
2010-02-02,37.81999969482422,22.904756546020508
2010-02-03,37.529998779296875,22.7291316986084
2010-02-04,36.5099983215332,22.11138153076172
2010-02-05,36.52000045776367,22.11743927001953
2010-02-08,36.20000076293945,21.92365074157715
2010-02-09,36.68000030517578,22.214336395263672
2010-02-10,36.63999938964844,22.190114974975586
2010-02-11,36.970001220703125,22.389976501464844
2010-02-12,36.95000076293945,22.377864837646484
2010-02-16,37.529998779296875,22.7291316986084
2010-02-17,37.65999984741211,22.807861328125
2010-02-18,37.93000030517578,22.971376419067383
2010-02-19,38.02000045776367,23.02588653564453
2010-02-22,37.959999084472656,22.989543914794922
2010-02-23,37.56999969482422,22.753341674804688
2010-02-24,37.880001068115234,22.941089630126953
2010-02-25,37.7599983215332,22.868425369262695
2010-02-26,37.72999954223633,22.850252151489258
2010-03-01,38.060001373291016,23.05010986328125
2010-03-02,38.18000030517578,23.1227970123291
2010-03-03,38.15999984741211,23.110673904418945
2010-03-04,38.279998779296875,23.183347702026367
2010-03-05,38.75,23.467992782592773
2010-03-08,38.75,23.467992782592773
2010-03-09,38.810001373291016,23.504335403442383
2010-03-10,38.90999984741211,23.56489372253418
2010-03-11,39.029998779296875,23.637561798095703
2010-03-12,39.040000915527344,23.643627166748047
2010-03-15,39.16999816894531,23.722352981567383
2010-03-16,39.470001220703125,23.904041290283203
2010-03-17,39.70000076293945,24.043333053588867
2010-03-18,39.72999954223633,24.061500549316406
2010-03-19,39.56999969482422,23.96460723876953
2010-03-22,39.7599983215332,24.07966423034668
2010-03-23,40.099998474121094,24.28559112548828
2010-03-24,39.81999969482422,24.116004943847656
2010-03-25,39.45000076293945,24.03013038635254
2010-03-26,39.459999084472656,24.036216735839844
2010-03-29,39.68000030517578,24.170215606689453
2010-03-30,39.689998626708984,24.176307678222656
2010-03-31,39.58000183105469,24.10931396484375
2010-04-01,39.84000015258789,24.267684936523438
2010-04-05,40.08000183105469,24.41387176513672
2010-04-06,40.11000061035156,24.432147979736328
2010-04-07,39.86000061035156,24.279869079589844
2010-04-08,39.970001220703125,24.346872329711914
2010-04-09,40.279998779296875,24.53569793701172
2010-04-12,40.380001068115234,24.59661293029785
2010-04-13,40.41999816894531,24.6209774017334
2010-04-14,40.7599983215332,24.82807731628418
2010-04-15,40.810001373291016,24.858545303344727
2010-04-16,40.369998931884766,24.59052085876465
2010-04-19,40.529998779296875,24.68797492980957
2010-04-20,40.810001373291016,24.858545303344727
2010-04-21,40.7599983215332,24.82807731628418
2010-04-22,40.75,24.821983337402344
2010-04-23,40.97999954223633,24.962093353271484
2010-04-26,40.880001068115234,24.90117835998535
2010-04-27,40.06999969482422,24.407787322998047
2010-04-28,40.290000915527344,24.54178237915039
2010-04-29,40.790000915527344,24.846351623535156
2010-04-30,40.25,24.517433166503906
2010-05-03,40.7599983215332,24.82807731628418
2010-05-04,39.939998626708984,24.328594207763672
2010-05-05,39.650001525878906,24.151948928833008
2010-05-06,38.400001525878906,23.390535354614258
2010-05-07,37.959999084472656,23.12252426147461
2010-05-10,39.439998626708984,24.024032592773438
2010-05-11,39.38999938964844,23.99358558654785
2010-05-12,39.84000015258789,24.267684936523438
2010-05-13,39.439998626708984,24.024032592773438
2010-05-14,38.75,23.603734970092773
2010-05-17,38.849998474121094,23.664644241333008
2010-05-18,38.40999984741211,23.396621704101562
2010-05-19,38.209999084472656,23.27480697631836
2010-05-20,36.86000061035156,22.45248031616211
2010-05-21,37.150001525878906,22.62912368774414
2010-05-24,36.70000076293945,22.355022430419922
2010-05-25,36.630001068115234,22.312374114990234
2010-05-26,36.349998474121094,22.141826629638672
2010-05-27,37.5099983215332,22.84840965270996
2010-05-28,37.08000183105469,22.586488723754883
2010-06-01,36.61000061035156,22.300199508666992
2010-06-02,37.45000076293945,22.81186294555664
2010-06-03,37.54999923706055,22.872779846191406
2010-06-04,36.2400016784668,22.074819564819336
2010-06-07,35.84000015258789,21.8311710357666
2010-06-08,36.29999923706055,22.111360549926758
2010-06-09,36.20000076293945,22.050457000732422
2010-06-10,37.13999938964844,22.623031616210938
2010-06-11,37.25,22.690040588378906
2010-06-14,37.220001220703125,22.67177391052246
2010-06-15,38.029998779296875,23.165164947509766
2010-06-16,38.0099983215332,23.152976989746094
2010-06-17,38.09000015258789,23.20170783996582
2010-06-18,38.119998931884766,23.21998405456543
2010-06-21,37.9900016784668,23.140785217285156
2010-06-22,37.43000030517578,22.7996883392334
2010-06-23,37.27000045776367,22.70221519470215
2010-06-24,36.459999084472656,22.37270736694336
2010-06-25,36.47999954223633,22.384981155395508
2010-06-28,36.470001220703125,22.378843307495117
2010-06-29,35.52000045776367,21.79590606689453
2010-06-30,35.220001220703125,21.6118221282959
2010-07-01,35.150001525878906,21.568862915039062
2010-07-02,35.040000915527344,21.501371383666992
2010-07-06,35.18000030517578,21.58726692199707
2010-07-07,36.18000030517578,22.200891494750977
2010-07-08,36.58000183105469,22.44634246826172
2010-07-09,36.75,22.550657272338867
2010-07-12,36.810001373291016,22.587472915649414
2010-07-13,37.36000061035156,22.924968719482422
2010-07-14,37.27000045776367,22.86974334716797
2010-07-15,37.310001373291016,22.894289016723633
2010-07-16,36.439998626708984,22.360431671142578
2010-07-19,36.599998474121094,22.458614349365234
2010-07-20,37.04999923706055,22.73474884033203
2010-07-21,36.619998931884766,22.47088623046875
2010-07-22,37.380001068115234,22.937238693237305
2010-07-23,37.70000076293945,23.13360023498535
2010-07-26,38.119998931884766,23.391319274902344
2010-07-27,38.18000030517578,23.428144454956055
2010-07-28,37.95000076293945,23.287006378173828
2010-07-29,37.779998779296875,23.182689666748047
2010-07-30,37.790000915527344,23.188827514648438
2010-08-02,38.5099983215332,23.630630493164062
2010-08-03,38.369998931884766,23.54472541809082
2010-08-04,38.58000183105469,23.673587799072266
2010-08-05,38.47999954223633,23.61223030090332
2010-08-06,38.40999984741211,23.569265365600586
2010-08-09,38.650001525878906,23.71654510498047
2010-08-10,38.470001220703125,23.606096267700195
2010-08-11,37.560001373291016,23.04770278930664
2010-08-12,37.43000030517578,22.967926025390625
2010-08-13,37.31999969482422,22.900423049926758
2010-08-16,37.29999923706055,22.88814926147461
2010-08-17,37.7599983215332,23.1704158782959
2010-08-18,37.79999923706055,23.19495964050293
2010-08-19,37.16999816894531,22.80837631225586
2010-08-20,37.040000915527344,22.728607177734375
2010-08-23,36.970001220703125,22.685657501220703
2010-08-24,36.54999923706055,22.427927017211914
2010-08-25,36.66999816894531,22.501567840576172
2010-08-26,36.4900016784668,22.3911190032959
2010-08-27,37.02000045776367,22.71633529663086
2010-08-30,36.5,22.39725685119629
2010-08-31,36.529998779296875,22.415658950805664
2010-09-01,37.47999954223633,22.998607635498047
2010-09-02,37.75,23.16428565979004
2010-09-03,38.13999938964844,23.403593063354492
2010-09-07,37.7400016784668,23.158140182495117
2010-09-08,37.90999984741211,23.26245880126953
2010-09-09,38.119998931884766,23.391319274902344
2010-09-10,38.279998779296875,23.489500045776367
2010-09-13,38.66999816894531,23.728818893432617
2010-09-14,38.619998931884766,23.698131561279297
2010-09-15,38.75,23.777902603149414
2010-09-16,38.7400016784668,23.771760940551758
2010-09-17,38.779998779296875,23.796314239501953
2010-09-20,39.33000183105469,24.133808135986328
2010-09-21,39.2599983215332,24.090845108032227
2010-09-22,39.11000061035156,23.998807907104492
2010-09-23,38.79999923706055,23.808591842651367
2010-09-24,39.189998626708984,24.22019386291504
2010-09-27,39.02000045776367,24.11512565612793
2010-09-28,39.22999954223633,24.244909286499023
2010-09-29,39.06999969482422,24.146028518676758
2010-09-30,38.959999084472656,24.078044891357422
2010-10-01,39.130001068115234,24.183101654052734
2010-10-04,38.81999969482422,23.991512298583984
2010-10-05,39.56999969482422,24.45503044128418
2010-10-06,39.66999816894531,24.51683807373047
2010-10-07,39.59000015258789,24.467388153076172
2010-10-08,39.81999969482422,24.609539031982422
2010-10-11,39.810001373291016,24.603364944458008
2010-10-12,39.91999816894531,24.671335220336914
2010-10-13,40.119998931884766,24.794944763183594
2010-10-14,40.06999969482422,24.764049530029297
2010-10-15,40.0099983215332,24.726953506469727
2010-10-18,40.2400016784668,24.86910629272461
2010-10-19,39.7400016784668,24.56011199951172
2010-10-20,40.13999938964844,24.807300567626953
2010-10-21,40.220001220703125,24.856748580932617
2010-10-22,40.220001220703125,24.856748580932617
2010-10-25,40.310001373291016,24.912368774414062
2010-10-26,40.310001373291016,24.912368774414062
2010-10-27,40.15999984741211,24.81966209411621
2010-10-28,40.22999954223633,24.86292266845703
2010-10-29,40.2400016784668,24.86910629272461
2010-11-01,40.20000076293945,24.844385147094727
2010-11-02,40.5,25.029787063598633
2010-11-03,40.58000183105469,25.079246520996094
2010-11-04,41.290000915527344,25.51803970336914
2010-11-05,41.349998474121094,25.555099487304688
2010-11-08,41.209999084472656,25.468585968017578
2010-11-09,40.9900016784668,25.332622528076172
2010-11-10,41.04999923706055,25.369699478149414
2010-11-11,40.9900016784668,25.332622528076172
2010-11-12,40.59000015258789,25.085420608520508
2010-11-15,40.61000061035156,25.097774505615234
2010-11-16,40.040000915527344,24.745508193969727
2010-11-17,40.040000915527344,24.745508193969727
2010-11-18,40.56999969482422,25.073062896728516
2010-11-19,40.65999984741211,25.128684997558594
2010-11-22,40.58000183105469,25.079246520996094
2010-11-23,40.060001373291016,24.75786781311035
2010-11-24,40.540000915527344,25.05451202392578
2010-11-26,40.25,24.875282287597656
2010-11-29,40.20000076293945,24.844385147094727
2010-11-30,40.02000045776367,24.733150482177734
2010-12-01,40.88999938964844,25.270824432373047
2010-12-02,41.33000183105469,25.542755126953125
2010-12-03,41.41999816894531,25.598365783691406
2010-12-06,41.36000061035156,25.5612850189209
2010-12-07,41.4900016784668,25.641630172729492
2010-12-08,41.61000061035156,25.715795516967773
2010-12-09,41.72999954223633,25.789962768554688
2010-12-10,41.97999954223633,25.944459915161133
2010-12-13,42.0099983215332,25.963001251220703
2010-12-14,42.18000030517578,26.068063735961914
2010-12-15,42.040000915527344,25.981550216674805
2010-12-16,42.310001373291016,26.148412704467773
2010-12-17,42.31999969482422,26.154582977294922
2010-12-20,42.33000183105469,26.160778045654297
2010-12-21,42.40999984741211,26.21019744873047
2010-12-22,42.22999954223633,26.293020248413086
2010-12-23,42.220001220703125,26.28679847717285
2010-12-27,42.18000030517578,26.261878967285156
2010-12-28,42.25,26.305465698242188
2010-12-29,42.279998779296875,26.324138641357422
2010-12-30,42.220001220703125,26.28679847717285
2010-12-31,42.220001220703125,26.28679847717285
2011-01-03,42.47999954223633,26.448665618896484
2011-01-04,42.5,26.46112060546875
2011-01-05,42.54999923706055,26.49225425720215
2011-01-06,42.4900016784668,26.45490264892578
2011-01-07,42.439998626708984,26.42376136779785
2011-01-10,42.290000915527344,26.330373764038086
2011-01-11,42.369998931884766,26.38018035888672
2011-01-12,42.70000076293945,26.58564567565918
2011-01-13,42.61000061035156,26.52960777282715
2011-01-14,42.779998779296875,26.635452270507812
2011-01-18,42.90999984741211,26.71639060974121
2011-01-19,42.65999984741211,26.560741424560547
2011-01-20,42.689998626708984,26.57941436767578
2011-01-21,42.869998931884766,26.691490173339844
2011-01-24,43.11000061035156,26.840919494628906
2011-01-25,43.150001525878906,26.86581802368164
2011-01-26,43.27000045776367,26.940534591674805
2011-01-27,43.290000915527344,26.95299530029297
2011-01-28,42.66999816894531,26.56696319580078
2011-01-31,42.83000183105469,26.666587829589844
2011-02-01,43.459999084472656,27.05883026123047
2011-02-02,43.38999938964844,27.0152587890625
2011-02-03,43.459999084472656,27.05883026123047
2011-02-04,43.54999923706055,27.114864349365234
2011-02-07,43.75,27.2393856048584
2011-02-08,43.900001525878906,27.33278465270996
2011-02-09,43.83000183105469,27.289207458496094
2011-02-10,43.810001373291016,27.276752471923828
2011-02-11,43.959999084472656,27.370132446289062
2011-02-14,44.04999923706055,27.42617416381836
2011-02-15,43.93000030517578,27.35146141052246
2011-02-16,44.13999938964844,27.482208251953125
2011-02-17,44.400001525878906,27.644081115722656
2011-02-18,44.54999923706055,27.737483978271484
2011-02-22,44.0099983215332,27.40126609802246
2011-02-23,43.84000015258789,27.295419692993164
2011-02-24,43.77000045776367,27.251846313476562
2011-02-25,44.0099983215332,27.40126609802246
2011-02-28,44.33000183105469,27.60051155090332
2011-03-01,43.810001373291016,27.276752471923828
2011-03-02,43.88999938964844,27.326557159423828
2011-03-03,44.47999954223633,27.693899154663086
2011-03-04,44.20000076293945,27.51956558227539
2011-03-07,43.93000030517578,27.35146141052246
2011-03-08,44.29999923706055,27.581817626953125
2011-03-09,44.33000183105469,27.60051155090332
2011-03-10,43.619998931884766,27.158449172973633
2011-03-11,43.810001373291016,27.276752471923828
2011-03-14,43.58000183105469,27.133541107177734
2011-03-15,43.06999969482422,26.81601333618164
2011-03-16,42.310001373291016,26.34282875061035
2011-03-17,42.790000915527344,26.641672134399414
2011-03-18,43.02000045776367,26.784881591796875
2011-03-21,43.689998626708984,27.202041625976562
2011-03-22,43.599998474121094,27.14598846435547
2011-03-23,43.689998626708984,27.202041625976562
2011-03-24,44.0099983215332,27.40126609802246
2011-03-25,43.869998931884766,27.50786018371582
2011-03-28,43.810001373291016,27.470247268676758
2011-03-29,44.04999923706055,27.6207332611084
2011-03-30,44.400001525878906,27.840187072753906
2011-03-31,44.33000183105469,27.79629898071289
2011-04-01,44.560001373291016,27.94051170349121
2011-04-04,44.65999984741211,28.003211975097656
2011-04-05,44.709999084472656,28.034574508666992
2011-04-06,44.880001068115234,28.141176223754883
2011-04-07,44.790000915527344,28.084732055664062
2011-04-08,44.68000030517578,28.015762329101562
2011-04-11,44.65999984741211,28.003211975097656
2011-04-12,44.279998779296875,27.76494026184082
2011-04-13,44.279998779296875,27.76494026184082
2011-04-14,44.40999984741211,27.846454620361328
2011-04-15,44.689998626708984,28.02202796936035
2011-04-18,44.189998626708984,27.708513259887695
2011-04-19,44.380001068115234,27.82765007019043
2011-04-20,45.02000045776367,28.228940963745117
2011-04-21,45.08000183105469,28.266576766967773
2011-04-25,45.04999923706055,28.247764587402344
2011-04-26,45.560001373291016,28.56753921508789
2011-04-27,45.849998474121094,28.749385833740234
2011-04-28,46.060001373291016,28.881061553955078
2011-04-29,46.11000061035156,28.91240882873535
2011-05-02,46.099998474121094,28.90614128112793
2011-05-03,45.9900016784668,28.837181091308594
2011-05-04,45.779998779296875,28.705490112304688
2011-05-05,45.290000915527344,28.39824104309082
2011-05-06,45.45000076293945,28.498571395874023
2011-05-09,45.63999938964844,28.617704391479492
2011-05-10,45.93000030517578,28.799556732177734
2011-05-11,45.630001068115234,28.611438751220703
2011-05-12,45.939998626708984,28.80581283569336
2011-05-13,45.66999816894531,28.636510848999023
2011-05-16,45.529998779296875,28.548725128173828
2011-05-17,45.470001220703125,28.5111141204834
2011-05-18,45.849998474121094,28.749385833740234
2011-05-19,45.97999954223633,28.830902099609375
2011-05-20,45.66999816894531,28.636510848999023
2011-05-23,45.209999084472656,28.348079681396484
2011-05-24,45.119998931884766,28.291650772094727
2011-05-25,45.20000076293945,28.341815948486328
2011-05-26,45.310001373291016,28.41079330444336
2011-05-27,45.41999816894531,28.479753494262695
2011-05-31,45.84000015258789,28.743114471435547
2011-06-01,45.06999969482422,28.260305404663086
2011-06-02,44.849998474121094,28.12235450744629
2011-06-03,44.439998626708984,27.865276336669922
2011-06-06,44.119998931884766,27.664630889892578
2011-06-07,44.150001525878906,27.683446884155273
2011-06-08,44.119998931884766,27.664630889892578
2011-06-09,44.349998474121094,27.80884552001953
2011-06-10,43.72999954223633,27.42007827758789
2011-06-13,43.880001068115234,27.51412582397461
2011-06-14,44.380001068115234,27.82765007019043
2011-06-15,43.72999954223633,27.42007827758789
2011-06-16,43.959999084472656,27.564292907714844
2011-06-17,44.09000015258789,27.64581871032715
2011-06-20,44.40999984741211,27.846454620361328
2011-06-21,44.75,28.059659957885742
2011-06-22,44.470001220703125,27.88408088684082
2011-06-23,44.27000045776367,27.758663177490234
2011-06-24,43.52000045776367,27.496477127075195
2011-06-27,43.84000015258789,27.69865608215332
2011-06-28,44.31999969482422,28.00192642211914
2011-06-29,44.58000183105469,28.166202545166016
2011-06-30,44.9900016784668,28.42524528503418
2011-07-01,45.540000915527344,28.77273178100586
2011-07-05,45.45000076293945,28.715877532958984
2011-07-06,45.58000183105469,28.798006057739258
2011-07-07,45.95000076293945,29.031784057617188
2011-07-08,45.689998626708984,28.867511749267578
2011-07-11,45.150001525878906,28.52632713317871
2011-07-12,45.0,28.431547164916992
2011-07-13,45.09000015258789,28.48842430114746
2011-07-14,44.880001068115234,28.355745315551758
2011-07-15,44.9900016784668,28.42524528503418
2011-07-18,44.59000015258789,28.172504425048828
2011-07-19,45.130001068115234,28.513689041137695
2011-07-20,45.099998474121094,28.49472999572754
2011-07-21,45.619998931884766,28.823274612426758
2011-07-22,45.529998779296875,28.76641082763672
2011-07-25,45.279998779296875,28.60847282409668
2011-07-26,45.02000045776367,28.444190979003906
2011-07-27,44.36000061035156,28.027202606201172
2011-07-28,44.09000015258789,27.85661506652832
2011-07-29,43.7599983215332,27.648103713989258
2011-08-01,43.630001068115234,27.56596565246582
2011-08-02,42.72999954223633,26.997343063354492
2011-08-03,42.869998931884766,27.085798263549805
2011-08-04,41.16999816894531,26.011714935302734
2011-08-05,41.38999938964844,26.150714874267578
2011-08-08,39.189998626708984,24.760740280151367
2011-08-09,40.61000061035156,25.657901763916016
2011-08-10,39.02000045776367,24.6533260345459
2011-08-11,40.4900016784668,25.58209228515625
2011-08-12,40.81999969482422,25.79058265686035
2011-08-15,41.65999984741211,26.321306228637695
2011-08-16,41.470001220703125,26.201257705688477
2011-08-17,41.61000061035156,26.289710998535156
2011-08-18,40.25,25.430452346801758
2011-08-19,39.900001525878906,25.209318161010742
2011-08-22,39.88999938964844,25.20299530029297
2011-08-23,41.04999923706055,25.93589973449707
2011-08-24,41.61000061035156,26.289710998535156
2011-08-25,40.84000015258789,25.80321502685547
2011-08-26,41.290000915527344,26.087541580200195
2011-08-29,42.27000045776367,26.706707000732422
2011-08-30,42.400001525878906,26.788841247558594
2011-08-31,42.52000045776367,26.86465835571289
2011-09-01,42.209999084472656,26.668806076049805
2011-09-02,41.36000061035156,26.13175392150879
2011-09-06,41.08000183105469,25.954862594604492
2011-09-07,41.9900016784668,26.529794692993164
2011-09-08,41.65999984741211,26.321306228637695
2011-09-09,40.68000030517578,25.702138900756836
2011-09-12,40.869998931884766,25.822174072265625
2011-09-13,41.189998626708984,26.024356842041016
2011-09-14,41.720001220703125,26.359210968017578
2011-09-15,42.29999923706055,26.72565460205078
2011-09-16,42.61000061035156,26.921533584594727
2011-09-19,42.16999816894531,26.64352798461914
2011-09-20,42.290000915527344,26.719343185424805
2011-09-21,41.11000061035156,25.97380828857422
2011-09-22,40.060001373291016,25.31040382385254
2011-09-23,39.939998626708984,25.429468154907227
2011-09-26,40.720001220703125,25.926088333129883
2011-09-27,41.27000045776367,26.276268005371094
2011-09-28,40.560001373291016,25.824222564697266
2011-09-29,41.08000183105469,26.155296325683594
2011-09-30,40.41999816894531,25.735078811645508
2011-10-03,39.43000030517578,25.104755401611328
2011-10-04,40.06999969482422,25.512250900268555
2011-10-05,40.63999938964844,25.875150680541992
2011-10-06,41.04999923706055,26.136186599731445
2011-10-07,41.06999969482422,26.148923873901367
2011-10-10,42.16999816894531,26.849287033081055
2011-10-11,42.08000183105469,26.791990280151367
2011-10-12,42.43000030517578,27.014835357666016
2011-10-13,42.38999938964844,26.989356994628906
2011-10-14,42.88999938964844,27.30770492553711
2011-10-17,42.27000045776367,26.912954330444336
2011-10-18,42.970001220703125,27.3586368560791
2011-10-19,42.72999954223633,27.205835342407227
2011-10-20,42.939998626708984,27.339527130126953
2011-10-21,43.66999816894531,27.804330825805664
2011-10-24,43.880001068115234,27.938020706176758
2011-10-25,43.20000076293945,27.50507164001465
2011-10-26,43.650001525878906,27.79158592224121
2011-10-27,44.72999954223633,28.479219436645508
2011-10-28,44.599998474121094,28.396448135375977
2011-10-31,43.68000030517578,27.81069564819336
2011-11-01,42.720001220703125,27.199464797973633
2011-11-02,43.290000915527344,27.5623836517334
2011-11-03,43.970001220703125,27.995323181152344
2011-11-04,43.72999954223633,27.84253692626953
2011-11-07,44.06999969482422,28.058992385864258
2011-11-08,44.52000045776367,28.34551429748535
2011-11-09,43.20000076293945,27.50507164001465
2011-11-10,43.66999816894531,27.804330825805664
2011-11-11,44.380001068115234,28.25637435913086
2011-11-14,44.0,28.014434814453125
2011-11-15,44.13999938964844,28.10355567932129
2011-11-16,43.540000915527344,27.721555709838867
2011-11-17,43.099998474121094,27.44141387939453
2011-11-18,43.11000061035156,27.44778060913086
2011-11-21,42.41999816894531,27.00846290588379
2011-11-22,42.220001220703125,26.88112449645996
2011-11-23,41.45000076293945,26.390872955322266
2011-11-25,41.380001068115234,26.346309661865234
2011-11-28,42.380001068115234,26.98298454284668
2011-11-29,42.66999816894531,27.167638778686523
2011-11-30,44.22999954223633,28.160865783691406
2011-12-01,44.11000061035156,28.084476470947266
2011-12-02,44.029998779296875,28.03352928161621
2011-12-05,44.349998474121094,28.23727798461914
2011-12-06,44.5099983215332,28.339143753051758
2011-12-07,44.61000061035156,28.402822494506836
2011-12-08,43.91999816894531,27.9634952545166
2011-12-09,44.54999923706055,28.3646183013916
2011-12-12,44.06999969482422,28.058992385864258
2011-12-13,43.939998626708984,27.976234436035156
2011-12-14,43.630001068115234,27.778850555419922
2011-12-15,43.959999084472656,27.98896598815918
2011-12-16,44.04999923706055,28.0462703704834
2011-12-19,43.63999938964844,27.78522300720215
2011-12-20,44.77000045776367,28.504701614379883
2011-12-21,44.72999954223633,28.719783782958984
2011-12-22,44.939998626708984,28.854616165161133
2011-12-23,45.40999984741211,29.156387329101562
2011-12-27,45.45000076293945,29.18206787109375
2011-12-28,44.95000076293945,28.861026763916016
2011-12-29,45.459999084472656,29.188491821289062
2011-12-30,45.2599983215332,29.060075759887695
2012-01-03,45.68000030517578,29.329744338989258
2012-01-04,45.68000030517578,29.329744338989258
2012-01-05,45.68000030517578,29.329744338989258
2012-01-06,45.58000183105469,29.265541076660156
2012-01-09,45.630001068115234,29.297645568847656
2012-01-10,45.93000030517578,29.490264892578125
2012-01-11,45.900001525878906,29.47099494934082
2012-01-12,45.97999954223633,29.522371292114258
2012-01-13,45.880001068115234,29.45815658569336
2012-01-17,45.93000030517578,29.490264892578125
2012-01-18,46.2400016784668,29.689311981201172
2012-01-19,46.369998931884766,29.772769927978516
2012-01-20,46.59000015258789,29.91402816772461
2012-01-23,46.5099983215332,29.862659454345703
2012-01-24,46.380001068115234,29.779199600219727
2012-01-25,46.65999984741211,29.958974838256836
2012-01-26,46.540000915527344,29.881929397583008
2012-01-27,46.31999969482422,29.74067497253418
2012-01-30,46.150001525878906,29.63150978088379
2012-01-31,46.060001373291016,29.573740005493164
2012-02-01,46.43000030517578,29.811307907104492
2012-02-02,46.45000076293945,29.824140548706055
2012-02-03,46.93000030517578,30.132343292236328
2012-02-06,46.900001525878906,30.11307144165039
2012-02-07,47.02000045776367,30.19011688232422
2012-02-08,47.08000183105469,30.228656768798828
2012-02-09,47.060001373291016,30.215797424316406
2012-02-10,46.7400016784668,30.01035499572754
2012-02-13,47.02000045776367,30.19011688232422
2012-02-14,46.970001220703125,30.158018112182617
2012-02-15,46.75,30.01676368713379
2012-02-16,47.25,30.337804794311523
2012-02-17,47.43000030517578,30.453380584716797
2012-02-21,47.41999816894531,30.446937561035156
2012-02-22,47.25,30.337804794311523
2012-02-23,47.400001525878906,30.434112548828125
2012-02-24,47.47999954223633,30.4854793548584
2012-02-27,47.540000915527344,30.524009704589844
2012-02-28,47.65999984741211,30.601045608520508
2012-02-29,47.5099983215332,30.504737854003906
2012-03-01,47.66999816894531,30.607465744018555
2012-03-02,47.59000015258789,30.556116104125977
2012-03-05,47.560001373291016,30.536840438842773
2012-03-06,46.97999954223633,30.164438247680664
2012-03-07,47.25,30.337804794311523
2012-03-08,47.529998779296875,30.517566680908203
2012-03-09,47.68000030517578,30.613895416259766
2012-03-12,47.86000061035156,30.72945785522461
2012-03-13,48.560001373291016,31.178916931152344
2012-03-14,48.41999816894531,31.089019775390625
2012-03-15,48.630001068115234,31.223844528198242
2012-03-16,48.59000015258789,31.198163986206055
2012-03-19,48.66999816894531,31.24953269958496
2012-03-20,48.540000915527344,31.166061401367188
2012-03-21,48.459999084472656,31.114704132080078
2012-03-22,48.209999084472656,30.954195022583008
2012-03-23,48.34000015258789,31.03766441345215
2012-03-26,48.599998474121094,31.417760848999023
2012-03-27,48.4900016784668,31.346654891967773
2012-03-28,48.27000045776367,31.204431533813477
2012-03-29,48.220001220703125,31.17211151123047
2012-03-30,48.470001220703125,31.333723068237305
2012-04-02,48.75,31.514739990234375
2012-04-03,48.4900016784668,31.346654891967773
2012-04-04,48.150001525878906,31.126863479614258
2012-04-05,48.029998779296875,31.049293518066406
2012-04-09,47.529998779296875,30.726058959960938
2012-04-10,46.779998779296875,30.241222381591797
2012-04-11,47.099998474121094,30.448068618774414
2012-04-12,47.56999969482422,30.751920700073242
2012-04-13,47.13999938964844,30.473928451538086
2012-04-16,47.369998931884766,30.622623443603516
2012-04-17,47.97999954223633,31.016956329345703
2012-04-18,47.790000915527344,30.89413833618164
2012-04-19,47.599998474121094,30.77130889892578
2012-04-20,47.939998626708984,30.991104125976562
2012-04-23,47.540000915527344,30.73253059387207
2012-04-24,47.810001373291016,30.907062530517578
2012-04-25,48.20000076293945,31.159168243408203
2012-04-26,48.529998779296875,31.37250328063965
2012-04-27,48.54999923706055,31.385440826416016
2012-04-30,48.459999084472656,31.3272647857666
2012-05-01,48.68000030517578,31.469484329223633
2012-05-02,48.54999923706055,31.385440826416016
2012-05-03,48.310001373291016,31.230295181274414
2012-05-04,47.75,30.8682804107666
2012-05-07,47.709999084472656,30.84242057800293
2012-05-08,47.58000183105469,30.758398056030273
2012-05-09,47.2400016784668,30.538583755493164
2012-05-10,47.47999954223633,30.6937255859375
2012-05-11,47.349998474121094,30.609695434570312
2012-05-14,46.939998626708984,30.34465789794922
2012-05-15,46.72999954223633,30.20889663696289
2012-05-16,46.63999938964844,30.150712966918945
2012-05-17,46.20000076293945,29.86627197265625
2012-05-18,45.91999816894531,29.685260772705078
2012-05-21,46.310001373291016,29.937381744384766
2012-05-22,46.38999938964844,29.98909568786621
2012-05-23,46.290000915527344,29.92445945739746
2012-05-24,46.540000915527344,30.08606719970703
2012-05-25,46.43000030517578,30.01495933532715
2012-05-29,46.810001373291016,30.260618209838867
2012-05-30,46.22999954223633,29.885669708251953
2012-05-31,46.20000076293945,29.86627197265625
2012-06-01,45.29999923706055,29.28447151184082
2012-06-04,45.25,29.252134323120117
2012-06-05,45.38999938964844,29.342639923095703
2012-06-06,46.34000015258789,29.956769943237305
2012-06-07,46.4900016784668,30.053747177124023
2012-06-08,46.83000183105469,30.27353286743164
2012-06-11,46.40999984741211,30.00202751159668
2012-06-12,46.880001068115234,30.305875778198242
2012-06-13,46.72999954223633,30.20889663696289
2012-06-14,47.290000915527344,30.57091522216797
2012-06-15,47.68000030517578,30.823017120361328
2012-06-18,47.70000076293945,30.835966110229492
2012-06-19,48.06999969482422,31.075151443481445
2012-06-20,48.0099983215332,31.036357879638672
2012-06-21,47.150001525878906,30.480403900146484
2012-06-22,47.459999084472656,30.680816650390625
2012-06-25,46.47999954223633,30.283376693725586
2012-06-26,46.689998626708984,30.420194625854492
2012-06-27,47.08000183105469,30.674293518066406
2012-06-28,47.13999938964844,30.713376998901367
2012-06-29,48.119998931884766,31.351886749267578
2012-07-02,48.2599983215332,31.443115234375
2012-07-03,48.47999954223633,31.586441040039062
2012-07-05,48.279998779296875,31.456134796142578
2012-07-06,47.90999984741211,31.215076446533203
2012-07-09,47.869998931884766,31.189008712768555
2012-07-10,47.65999984741211,31.052181243896484
2012-07-11,47.650001525878906,31.04566192626953
2012-07-12,47.529998779296875,30.967479705810547
2012-07-13,48.25,31.43657684326172
2012-07-16,48.13999938964844,31.364925384521484
2012-07-17,48.5,31.59947395324707
2012-07-18,48.81999969482422,31.807964324951172
2012-07-19,48.84000015258789,31.82098960876465
2012-07-20,48.540000915527344,31.62554168701172
2012-07-23,48.08000183105469,31.32582664489746
2012-07-24,47.650001525878906,31.04566192626953
2012-07-25,47.7400016784668,31.104307174682617
2012-07-26,48.529998779296875,31.619016647338867
2012-07-27,49.27000045776367,32.101165771484375
2012-07-30,49.33000183105469,32.1402587890625
2012-07-31,49.150001525878906,32.02297592163086
2012-08-01,49.09000015258789,31.98388671875
2012-08-02,48.689998626708984,31.723264694213867
2012-08-03,49.459999084472656,32.224945068359375
2012-08-06,49.5099983215332,32.25752258300781
2012-08-07,49.56999969482422,32.29660415649414
2012-08-08,49.70000076293945,32.381317138671875
2012-08-09,49.689998626708984,32.37480545043945
2012-08-10,49.84000015258789,32.4725341796875
2012-08-13,49.72999954223633,32.40085983276367
2012-08-14,49.79999923706055,32.44647979736328
2012-08-15,49.779998779296875,32.43342971801758
2012-08-16,49.9900016784668,32.57026290893555
2012-08-17,49.97999954223633,32.56373596191406
2012-08-20,49.939998626708984,32.53768539428711
2012-08-21,49.7599983215332,32.42041015625
2012-08-22,49.63999938964844,32.34221649169922
2012-08-23,49.27000045776367,32.101165771484375
2012-08-24,49.599998474121094,32.31616973876953
2012-08-27,49.599998474121094,32.31616973876953
2012-08-28,49.61000061035156,32.322669982910156
2012-08-29,49.630001068115234,32.33570861816406
2012-08-30,49.34000015258789,32.146766662597656
2012-08-31,49.529998779296875,32.27054214477539
2012-09-04,49.470001220703125,32.23147201538086
2012-09-05,49.439998626708984,32.211910247802734
2012-09-06,50.33000183105469,32.79179763793945
2012-09-07,50.36000061035156,32.81132888793945
2012-09-10,50.189998626708984,32.70058059692383
2012-09-11,50.290000915527344,32.765708923339844
2012-09-12,50.34000015258789,32.79830551147461
2012-09-13,51.08000183105469,33.28043746948242
2012-09-14,51.06999969482422,33.273921966552734
2012-09-17,50.91999816894531,33.176177978515625
2012-09-18,50.970001220703125,33.20878219604492
2012-09-19,50.9900016784668,33.221797943115234
2012-09-20,51.18000030517578,33.345584869384766
2012-09-21,51.150001525878906,33.3260612487793
2012-09-24,50.810001373291016,33.367408752441406
2012-09-25,50.47999954223633,33.15070343017578
2012-09-26,50.29999923706055,33.03248977661133
2012-09-27,50.560001373291016,33.20323944091797
2012-09-28,50.400001525878906,33.0981559753418
2012-10-01,50.540000915527344,33.190101623535156
2012-10-02,50.599998474121094,33.229496002197266
2012-10-03,50.72999954223633,33.31488037109375
2012-10-04,51.119998931884766,33.57099914550781
2012-10-05,51.2599983215332,33.66292953491211
2012-10-08,51.18000030517578,33.61039733886719
2012-10-09,50.75,33.328025817871094
2012-10-10,50.31999969482422,33.04562759399414
2012-10-11,50.349998474121094,33.0653190612793
2012-10-12,50.18000030517578,32.953697204589844
2012-10-15,50.59000015258789,33.22293472290039
2012-10-16,50.970001220703125,33.472496032714844
2012-10-17,51.290000915527344,33.68263626098633
2012-10-18,51.31999969482422,33.70233154296875
2012-10-19,50.540000915527344,33.190101623535156
2012-10-22,50.439998626708984,33.12443161010742
2012-10-23,49.779998779296875,32.691009521484375
2012-10-24,49.689998626708984,32.63191223144531
2012-10-25,49.88999938964844,32.763248443603516
2012-10-26,49.849998474121094,32.73698425292969
2012-10-31,49.900001525878906,32.769805908203125
2012-11-01,50.29999923706055,33.03248977661133
2012-11-02,49.869998931884766,32.7501106262207
2012-11-05,49.86000061035156,32.74354553222656
2012-11-06,50.2599983215332,33.0062255859375
2012-11-07,49.209999084472656,32.31668472290039
2012-11-08,48.720001220703125,31.994890213012695
2012-11-09,48.70000076293945,31.98177146911621
2012-11-12,48.619998931884766,31.92921257019043
2012-11-13,48.47999954223633,31.837270736694336
2012-11-14,47.81999969482422,31.403854370117188
2012-11-15,47.689998626708984,31.318477630615234
2012-11-16,47.900001525878906,31.456398010253906
2012-11-19,48.630001068115234,31.9357967376709
2012-11-20,48.689998626708984,31.975187301635742
2012-11-21,48.84000015258789,32.073699951171875
2012-11-23,49.45000076293945,32.47428894042969
2012-11-26,49.31999969482422,32.388919830322266
2012-11-27,49.099998474121094,32.244441986083984
2012-11-28,49.5099983215332,32.51369094848633
2012-11-29,49.63999938964844,32.59906768798828
2012-11-30,49.72999954223633,32.658180236816406
2012-12-03,49.470001220703125,32.48741912841797
2012-12-04,49.41999816894531,32.45458984375
2012-12-05,49.65999984741211,32.612205505371094
2012-12-06,49.72999954223633,32.658180236816406
2012-12-07,49.9900016784668,32.828914642333984
2012-12-10,50.040000915527344,32.861751556396484
2012-12-11,50.27000045776367,33.012786865234375
2012-12-12,50.310001373291016,33.0390625
2012-12-13,50.04999923706055,32.868309020996094
2012-12-14,49.939998626708984,32.79609298706055
2012-12-17,50.34000015258789,33.05876922607422
2012-12-18,50.720001220703125,33.30831527709961
2012-12-19,50.31999969482422,33.04562759399414
2012-12-20,50.06999969482422,33.20612716674805
2012-12-21,49.66999816894531,32.94084930419922
2012-12-24,49.47999954223633,32.81484603881836
2012-12-26,49.279998779296875,32.68219757080078
2012-12-27,49.220001220703125,32.64240264892578
2012-12-28,48.630001068115234,32.251129150390625
2012-12-31,49.380001068115234,32.74851608276367
2013-01-02,50.560001373291016,33.53108596801758
2013-01-03,50.470001220703125,33.47140121459961
2013-01-04,50.65999984741211,33.597408294677734
2013-01-07,50.4900016784668,33.48465347290039
2013-01-08,50.29999923706055,33.35865020751953
2013-01-09,50.4900016784668,33.48465347290039
2013-01-10,50.849998474121094,33.723419189453125
2013-01-11,50.869998931884766,33.73667526245117
2013-01-14,50.959999084472656,33.79636001586914
2013-01-15,51.029998779296875,33.842796325683594
2013-01-16,50.90999984741211,33.76319885253906
2013-01-17,51.349998474121094,34.05500793457031
2013-01-18,51.52000045776367,34.167755126953125
2013-01-22,51.720001220703125,34.300392150878906
2013-01-23,51.709999084472656,34.29376220703125
2013-01-24,51.88999938964844,34.41313934326172
2013-01-25,52.18000030517578,34.605464935302734
2013-01-28,52.13999938964844,34.57892990112305
2013-01-29,52.529998779296875,34.837581634521484
2013-01-30,52.33000183105469,34.70494079589844
2013-01-31,52.16999816894531,34.598812103271484
2013-02-01,52.619998931884766,34.89725875854492
2013-02-04,52.130001068115234,34.572303771972656
2013-02-05,52.540000915527344,34.844215393066406
2013-02-06,52.630001068115234,34.90389633178711
2013-02-07,52.58000183105469,34.870731353759766
2013-02-08,52.72999954223633,34.97020721435547
2013-02-11,52.75,34.98347854614258
2013-02-12,52.869998931884766,35.06307601928711
2013-02-13,52.93000030517578,35.10285568237305
2013-02-14,52.91999816894531,35.096214294433594
2013-02-15,52.95000076293945,35.1161003112793
2013-02-19,53.369998931884766,35.39467239379883
2013-02-20,52.97999954223633,35.13602066040039
2013-02-21,52.7599983215332,34.990116119384766
2013-02-22,53.209999084472656,35.28853988647461
2013-02-25,52.38999938964844,34.74471664428711
2013-02-26,52.709999084472656,34.95694351196289
2013-02-27,53.33000183105469,35.368133544921875
2013-02-28,53.25,35.31507110595703
2013-03-01,53.43000030517578,35.43445587158203
2013-03-04,53.65999984741211,35.58698272705078
2013-03-05,54.099998474121094,35.87879180908203
2013-03-06,54.13999938964844,35.90531921386719
2013-03-07,54.20000076293945,35.94511795043945
2013-03-08,54.349998474121094,36.04458236694336
2013-03-11,54.4900016784668,36.1374397277832
2013-03-12,54.459999084472656,36.11753463745117
2013-03-13,54.529998779296875,36.16395568847656
2013-03-14,54.810001373291016,36.349674224853516
2013-03-15,54.619998931884766,36.223655700683594
2013-03-18,54.33000183105469,36.03133010864258
2013-03-19,54.38999938964844,36.07111740112305
2013-03-20,54.7400016784668,36.3032341003418
2013-03-21,54.40999984741211,36.084381103515625
2013-03-22,54.38999938964844,36.312042236328125
2013-03-25,54.2599983215332,36.225250244140625
2013-03-26,54.650001525878906,36.485626220703125
2013-03-27,54.63999938964844,36.47895431518555
2013-03-28,54.810001373291016,36.59245681762695
2013-04-01,54.77000045776367,36.565731048583984
2013-04-02,54.97999954223633,36.7059326171875
2013-04-03,54.54999923706055,36.418853759765625
2013-04-04,54.86000061035156,36.62582778930664
2013-04-05,54.650001525878906,36.485626220703125
2013-04-08,54.939998626708984,36.67922592163086
2013-04-09,55.150001525878906,36.81944274902344
2013-04-10,55.779998779296875,37.240047454833984
2013-04-11,55.939998626708984,37.346858978271484
2013-04-12,55.869998931884766,37.30012512207031
2013-04-15,54.709999084472656,36.525672912597656
2013-04-16,55.349998474121094,36.95294952392578
2013-04-17,54.7599983215332,36.55906677246094
2013-04-18,54.619998931884766,36.46559524536133
2013-04-19,55.18000030517578,36.8394660949707
2013-04-22,55.45000076293945,37.01972198486328
2013-04-23,55.95000076293945,37.35353469848633
2013-04-24,55.880001068115234,37.30680465698242
2013-04-25,56.060001373291016,37.42697525024414
2013-04-26,56.06999969482422,37.43365478515625
2013-04-29,56.400001525878906,37.653961181640625
2013-04-30,56.459999084472656,37.69401931762695
2013-05-01,55.88999938964844,37.3134765625
2013-05-02,56.2599983215332,37.56050491333008
2013-05-03,56.66999816894531,37.83420944213867
2013-05-06,56.59000015258789,37.780818939208984
2013-05-07,56.95000076293945,38.02114486694336
2013-05-08,57.06999969482422,38.10127258300781
2013-05-09,56.81999969482422,37.934356689453125
2013-05-10,56.959999084472656,38.02782440185547
2013-05-13,56.97999954223633,38.04117965698242
2013-05-14,57.599998474121094,38.45511245727539
2013-05-15,58.02000045776367,38.73552703857422
2013-05-16,57.849998474121094,38.62202072143555
2013-05-17,58.380001068115234,38.97586441040039
2013-05-20,58.31999969482422,38.93580627441406
2013-05-21,58.41999816894531,39.002559661865234
2013-05-22,58.06999969482422,38.768898010253906
2013-05-23,57.91999816894531,38.66875076293945
2013-05-24,57.90999984741211,38.662071228027344
2013-05-28,58.15999984741211,38.828975677490234
2013-05-29,57.630001068115234,38.47514343261719
2013-05-30,57.79999923706055,38.5886344909668
2013-05-31,56.869998931884766,37.96775436401367
2013-06-03,57.45000076293945,38.35498046875
2013-06-04,57.290000915527344,38.24816131591797
2013-06-05,56.56999969482422,37.7674446105957
2013-06-06,57.040000915527344,38.08123779296875
2013-06-07,57.65999984741211,38.49516677856445
2013-06-10,57.709999084472656,38.52853775024414
2013-06-11,57.209999084472656,38.194732666015625
2013-06-12,56.86000061035156,37.96106719970703
2013-06-13,57.63999938964844,38.48183059692383
2013-06-14,57.36000061035156,38.29487991333008
2013-06-17,57.790000915527344,38.58195877075195
2013-06-18,58.18000030517578,38.84233093261719
2013-06-19,57.34000015258789,38.28153991699219
2013-06-20,55.88999938964844,37.3134765625
2013-06-21,56.31999969482422,37.600547790527344
2013-06-24,55.31999969482422,37.20975112915039
2013-06-25,55.810001373291016,37.53935623168945
2013-06-26,56.38999938964844,37.92947769165039
2013-06-27,56.720001220703125,38.15144729614258
2013-06-28,56.369998931884766,37.91602325439453
2013-07-01,56.650001525878906,38.10435485839844
2013-07-02,56.58000183105469,38.05726623535156
2013-07-03,56.630001068115234,38.09089660644531
2013-07-05,57.11000061035156,38.41375732421875
2013-07-08,57.52000045776367,38.689544677734375
2013-07-09,57.93000030517578,38.9653205871582
2013-07-10,57.95000076293945,38.97876739501953
2013-07-11,58.65999984741211,39.45634460449219
2013-07-12,58.650001525878906,39.449615478515625
2013-07-15,58.880001068115234,39.60431671142578
2013-07-16,58.66999816894531,39.46305847167969
2013-07-17,58.75,39.51686477661133
2013-07-18,59.02000045776367,39.698482513427734
2013-07-19,59.09000015258789,39.745574951171875
2013-07-22,59.18000030517578,39.806095123291016
2013-07-23,59.209999084472656,39.8262939453125
2013-07-24,58.900001525878906,39.61777114868164
2013-07-25,58.9900016784668,39.678314208984375
2013-07-26,59.029998779296875,39.7052116394043
2013-07-29,58.91999816894531,39.6312141418457
2013-07-30,58.93000030517578,39.637943267822266
2013-07-31,58.88999938964844,39.61103057861328
2013-08-01,59.43000030517578,39.9742546081543
2013-08-02,59.470001220703125,40.001163482666016
2013-08-05,59.290000915527344,39.880096435546875
2013-08-06,59.060001373291016,39.72538757324219
2013-08-07,58.95000076293945,39.65139389038086
2013-08-08,59.08000183105469,39.73884963989258
2013-08-09,58.900001525878906,39.61777114868164
2013-08-12,58.810001373291016,39.55724334716797
2013-08-13,58.83000183105469,39.5706787109375
2013-08-14,58.54999923706055,39.382347106933594
2013-08-15,57.70000076293945,38.810611724853516
2013-08-16,57.439998626708984,38.63572311401367
2013-08-19,57.119998931884766,38.420494079589844
2013-08-20,57.2599983215332,38.514644622802734
2013-08-21,56.810001373291016,38.21197509765625
2013-08-22,57.220001220703125,38.48775100708008
2013-08-23,57.68000030517578,38.79716491699219
2013-08-26,57.290000915527344,38.53483200073242
2013-08-27,56.540000915527344,38.030364990234375
2013-08-28,56.689998626708984,38.131263732910156
2013-08-29,56.72999954223633,38.15815734863281
2013-08-30,56.59000015258789,38.06399154663086
2013-09-03,56.4900016784668,37.99673843383789
2013-09-04,56.900001525878906,38.27249526977539
2013-09-05,56.88999938964844,38.26579666137695
2013-09-06,56.900001525878906,38.27249526977539
2013-09-09,57.380001068115234,38.59539031982422
2013-09-10,57.849998474121094,38.91150665283203
2013-09-11,58.09000015258789,39.072933197021484
2013-09-12,57.88999938964844,38.938411712646484
2013-09-13,58.16999816894531,39.12674331665039
2013-09-16,58.599998474121094,39.41597366333008
2013-09-17,58.83000183105469,39.5706787109375
2013-09-18,59.54999923706055,40.05496597290039
2013-09-19,59.41999816894531,39.967529296875
2013-09-20,58.95000076293945,39.65139389038086
2013-09-23,58.310001373291016,39.51384735107422
2013-09-24,58.130001068115234,39.39186096191406
2013-09-25,57.97999954223633,39.29022216796875
2013-09-26,58.08000183105469,39.357975006103516
2013-09-27,57.79999923706055,39.16824722290039
2013-09-30,57.4900016784668,38.958168029785156
2013-10-01,57.84000015258789,39.195343017578125
2013-10-02,57.7400016784668,39.12758255004883
2013-10-03,57.290000915527344,38.822628021240234
2013-10-04,57.58000183105469,39.01914978027344
2013-10-07,57.18000030517578,38.74808883666992
2013-10-08,56.70000076293945,38.422821044921875
2013-10-09,56.7400016784668,38.44993209838867
2013-10-10,57.900001525878906,39.23599624633789
2013-10-11,58.22999954223633,39.459625244140625
2013-10-14,58.43000030517578,39.595157623291016
2013-10-15,58.02000045776367,39.317325592041016
2013-10-16,58.7400016784668,39.80522918701172
2013-10-17,59.2599983215332,40.1576042175293
2013-10-18,59.5099983215332,40.32701873779297
2013-10-21,59.529998779296875,40.34056854248047
2013-10-22,59.93000030517578,40.61162567138672
2013-10-23,59.720001220703125,40.469322204589844
2013-10-24,59.83000183105469,40.54384994506836
2013-10-25,60.18000030517578,40.781044006347656
2013-10-28,60.36000061035156,40.90302658081055
2013-10-29,60.709999084472656,41.14019012451172
2013-10-30,60.380001068115234,40.91657638549805
2013-10-31,60.220001220703125,40.80813980102539
2013-11-01,60.40999984741211,40.93688201904297
2013-11-04,60.63999938964844,41.09276580810547
2013-11-05,60.459999084472656,40.970794677734375
2013-11-06,61.060001373291016,41.37738800048828
2013-11-07,60.369998931884766,40.90979766845703
2013-11-08,61.060001373291016,41.37738800048828
2013-11-11,61.029998779296875,41.35704803466797
2013-11-12,60.90999984741211,41.275726318359375
2013-11-13,61.25,41.506126403808594
2013-11-14,61.41999816894531,41.6213264465332
2013-11-15,61.72999954223633,41.83140563964844
2013-11-18,61.63999938964844,41.770423889160156
2013-11-19,61.560001373291016,41.716209411621094
2013-11-20,61.310001373291016,41.54679489135742
2013-11-21,61.70000076293945,41.81107711791992
2013-11-22,61.91999816894531,41.96015930175781
2013-11-25,61.81999969482422,41.89238739013672
2013-11-26,61.63999938964844,41.770423889160156
2013-11-27,61.66999816894531,41.79073715209961
2013-11-29,61.61000061035156,41.75008010864258
2013-12-02,61.369998931884766,41.58744812011719
2013-12-03,61.22999954223633,41.492584228515625
2013-12-04,61.20000076293945,41.47225570678711
2013-12-05,60.81999969482422,41.214744567871094
2013-12-06,61.599998474121094,41.743309020996094
2013-12-09,61.77000045776367,41.85849380493164
2013-12-10,61.47999954223633,41.6619987487793
2013-12-11,60.81999969482422,41.214744567871094
2013-12-12,60.61000061035156,41.07243728637695
2013-12-13,60.59000015258789,41.058895111083984
2013-12-16,60.959999084472656,41.30961608886719
2013-12-17,60.7599983215332,41.174072265625
2013-12-18,61.790000915527344,41.87206268310547
2013-12-19,61.63999938964844,41.770423889160156
2013-12-20,61.400001525878906,41.96999740600586
2013-12-23,61.4900016784668,42.03153991699219
2013-12-24,61.77000045776367,42.222923278808594
2013-12-26,62.119998931884766,42.462162017822266
2013-12-27,62.209999084472656,42.52368927001953
2013-12-30,62.209999084472656,42.52368927001953
2013-12-31,62.31999969482422,42.5988655090332
2014-01-02,61.720001220703125,42.18873977661133
2014-01-03,61.72999954223633,42.19557571411133
2014-01-06,61.560001373291016,42.079376220703125
2014-01-07,61.90999984741211,42.31862258911133
2014-01-08,61.72999954223633,42.19557571411133
2014-01-09,61.70000076293945,42.175086975097656
2014-01-10,61.880001068115234,42.29811096191406
2014-01-13,61.2400016784668,41.86064147949219
2014-01-14,61.709999084472656,42.18191146850586
2014-01-15,62.0,42.38014221191406
2014-01-16,62.02000045776367,42.39381790161133
2014-01-17,61.709999084472656,42.18191146850586
2014-01-21,61.77000045776367,42.222923278808594
2014-01-22,61.77000045776367,42.222923278808594
2014-01-23,61.22999954223633,41.85380935668945
2014-01-24,60.130001068115234,41.101890563964844
2014-01-27,59.91999816894531,40.95835494995117
2014-01-28,60.27000045776367,41.19760513305664
2014-01-29,59.790000915527344,40.8694953918457
2014-01-30,60.15999984741211,41.122406005859375
2014-01-31,59.83000183105469,40.89683532714844
2014-02-03,58.47999954223633,39.97404098510742
2014-02-04,58.790000915527344,40.18593978881836
2014-02-05,58.68000030517578,40.11076354980469
2014-02-06,59.279998779296875,40.520877838134766
2014-02-07,59.959999084472656,40.985694885253906
2014-02-10,60.08000183105469,41.06771469116211
2014-02-11,60.75,41.52571105957031
2014-02-12,60.72999954223633,41.51203536987305
2014-02-13,61.029998779296875,41.71710205078125
2014-02-14,61.45000076293945,42.004180908203125
2014-02-18,61.380001068115234,41.956329345703125
2014-02-19,60.970001220703125,41.67609405517578
2014-02-20,61.41999816894531,41.98368835449219
2014-02-21,61.31999969482422,41.915321350097656
2014-02-24,61.56999969482422,42.086212158203125
2014-02-25,61.5,42.03836441040039
2014-02-26,61.5,42.03836441040039
2014-02-27,61.79999923706055,42.24343490600586
2014-02-28,61.9900016784668,42.37330627441406
2014-03-03,61.58000183105469,42.093048095703125
2014-03-04,62.439998626708984,42.6808967590332
2014-03-05,62.279998779296875,42.5715217590332
2014-03-06,62.38999938964844,42.646732330322266
2014-03-07,62.4900016784668,42.715084075927734
2014-03-10,62.439998626708984,42.6808967590332
2014-03-11,62.119998931884766,42.462162017822266
2014-03-12,62.189998626708984,42.510013580322266
2014-03-13,61.70000076293945,42.175086975097656
2014-03-14,61.599998474121094,42.10672378540039
2014-03-17,62.150001525878906,42.48268127441406
2014-03-18,62.560001373291016,42.7629280090332
2014-03-19,62.11000061035156,42.45533752441406
2014-03-20,62.56999969482422,42.76976013183594
2014-03-21,62.540000915527344,42.74925994873047
2014-03-24,62.119998931884766,42.73619079589844
2014-03-25,62.560001373291016,43.03889846801758
2014-03-26,62.290000915527344,42.853145599365234
2014-03-27,62.34000015258789,42.88753128051758
2014-03-28,62.65999984741211,43.10768127441406
2014-03-31,63.119998931884766,43.42414474487305
2014-04-01,63.34000015258789,43.575496673583984
2014-04-02,63.58000183105469,43.7406120300293
2014-04-03,63.59000015258789,43.74748229980469
2014-04-04,63.06999969482422,43.389747619628906
2014-04-07,62.58000183105469,43.05264663696289
2014-04-08,62.81999969482422,43.2177619934082
2014-04-09,63.27000045776367,43.527347564697266
2014-04-10,62.2599983215332,42.832496643066406
2014-04-11,61.86000061035156,42.55732345581055
2014-04-14,62.220001220703125,42.80498123168945
2014-04-15,62.599998474121094,43.0664176940918
2014-04-16,63.18000030517578,43.46542739868164
2014-04-17,63.349998474121094,43.582374572753906
2014-04-21,63.52000045776367,43.699344635009766
2014-04-22,63.66999816894531,43.802528381347656
2014-04-23,63.529998779296875,43.706207275390625
2014-04-24,63.79999923706055,43.8919563293457
2014-04-25,63.650001525878906,43.78876495361328
2014-04-28,64.19999694824219,44.167137145996094
2014-04-29,64.33000183105469,44.25658416748047
2014-04-30,64.44999694824219,44.339134216308594
2014-05-01,64.3499984741211,44.27033615112305
2014-05-02,64.22000122070312,44.18091583251953
2014-05-05,64.25,44.2015495300293
2014-05-06,63.790000915527344,43.885074615478516
2014-05-07,64.27999877929688,44.22218322753906
2014-05-08,64.19000244140625,44.1602783203125
2014-05-09,64.20999908447266,44.174034118652344
2014-05-12,64.56999969482422,44.421695709228516
2014-05-13,64.68000030517578,44.49737548828125
2014-05-14,64.5,44.37353515625
2014-05-15,63.970001220703125,44.00892639160156
2014-05-16,64.19999694824219,44.167137145996094
2014-05-19,64.30000305175781,44.235939025878906
2014-05-20,63.93000030517578,43.981414794921875
2014-05-21,64.41999816894531,44.31848907470703
2014-05-22,64.52999877929688,44.394161224365234
2014-05-23,64.69999694824219,44.5111198425293
2014-05-27,64.9800033569336,44.70376968383789
2014-05-28,65.0,44.7175178527832
2014-05-29,65.31999969482422,44.93766784667969
2014-05-30,65.47000122070312,45.04086685180664
2014-06-02,65.44999694824219,45.02710723876953
2014-06-03,65.45999908447266,45.03398132324219
2014-06-04,65.5199966430664,45.075252532958984
2014-06-05,65.94999694824219,45.3710823059082
2014-06-06,66.19000244140625,45.536197662353516
2014-06-09,66.30999755859375,45.61875915527344
2014-06-10,66.4000015258789,45.680660247802734
2014-06-11,66.11000061035156,45.481163024902344
2014-06-12,65.70999908447266,45.20595932006836
2014-06-13,65.9800033569336,45.3917350769043
2014-06-16,66.16999816894531,45.52242660522461
2014-06-17,66.27999877929688,45.598106384277344
2014-06-18,66.7300033569336,45.90769958496094
2014-06-19,66.86000061035156,45.99711608886719
2014-06-20,67.05999755859375,46.13471603393555
2014-06-23,66.5199966430664,46.09037399291992
2014-06-24,66.12999725341797,45.82013702392578
2014-06-25,66.30999755859375,45.944889068603516
2014-06-26,66.26000213623047,45.91023254394531
2014-06-27,66.33999633789062,45.96566390991211
2014-06-30,66.31999969482422,45.95180130004883
2014-07-01,66.62999725341797,46.166595458984375
2014-07-02,66.61000061035156,46.1527214050293
2014-07-03,66.91000366210938,46.36060333251953
2014-07-07,66.8499984741211,46.319034576416016
2014-07-08,66.55000305175781,46.11116409301758
2014-07-09,66.7300033569336,46.23588562011719
2014-07-10,66.56999969482422,46.12501907348633
2014-07-11,66.58000183105469,46.1319580078125
2014-07-14,66.83999633789062,46.312095642089844
2014-07-15,66.73999786376953,46.2428092956543
2014-07-16,67.1500015258789,46.52687454223633
2014-07-17,66.43000030517578,46.02800750732422
2014-07-18,66.97000122070312,46.402183532714844
2014-07-21,66.80999755859375,46.29130554199219
2014-07-22,67.0199966430664,46.43680953979492
2014-07-23,67.13999938964844,46.51994323730469
2014-07-24,67.1500015258789,46.52687454223633
2014-07-25,66.93000030517578,46.37446975708008
2014-07-28,67.01000213623047,46.42988586425781
2014-07-29,66.76000213623047,46.25666809082031
2014-07-30,66.54000091552734,46.10423278808594
2014-07-31,65.20999908447266,45.18270492553711
2014-08-01,65.08999633789062,45.09955978393555
2014-08-04,65.37000274658203,45.2935676574707
2014-08-05,64.7300033569336,44.850120544433594
2014-08-06,64.8499984741211,44.933265686035156
2014-08-07,64.58999633789062,44.75312042236328
2014-08-08,65.26000213623047,45.21733856201172
2014-08-11,65.45999908447266,45.35592269897461
2014-08-12,65.43000030517578,45.335140228271484
2014-08-13,65.8499984741211,45.62614822387695
2014-08-14,66.0999984741211,45.79936218261719
2014-08-15,66.08999633789062,45.79244613647461
2014-08-18,66.56999969482422,46.12501907348633
2014-08-19,66.88999938964844,46.34674835205078
2014-08-20,67.0199966430664,46.43680953979492
2014-08-21,67.2300033569336,46.582313537597656
2014-08-22,67.06999969482422,46.47145080566406
2014-08-25,67.37000274658203,46.6793212890625
2014-08-26,67.33999633789062,46.658538818359375
2014-08-27,67.45999908447266,46.741668701171875
2014-08-28,67.44000244140625,46.727813720703125
2014-08-29,67.66000366210938,46.88025665283203
2014-09-02,67.48999786376953,46.76247024536133
2014-09-03,67.43000030517578,46.720890045166016
2014-09-04,67.33999633789062,46.658538818359375
2014-09-05,67.69000244140625,46.90104675292969
2014-09-08,67.44000244140625,46.727813720703125
2014-09-09,67.08000183105469,46.4783935546875
2014-09-10,67.33999633789062,46.658538818359375
2014-09-11,67.5,46.769405364990234
2014-09-12,67.12000274658203,46.506107330322266
2014-09-15,67.20999908447266,46.568458557128906
2014-09-16,67.62000274658203,46.852542877197266
2014-09-17,67.70999908447266,46.914913177490234
2014-09-18,68.01000213623047,47.122772216796875
2014-09-19,68.08999633789062,47.17818832397461
2014-09-22,67.23999786376953,46.912376403808594
2014-09-23,66.8499984741211,46.640289306640625
2014-09-24,67.20999908447266,46.89145278930664
2014-09-25,66.19999694824219,46.18678283691406
2014-09-26,66.66999816894531,46.51470184326172
2014-09-29,66.5199966430664,46.41004943847656
2014-09-30,66.41000366210938,46.33330154418945
2014-10-01,65.61000061035156,45.7751579284668
2014-10-02,65.58000183105469,45.75422286987305
2014-10-03,66.16000366210938,46.158878326416016
2014-10-06,66.12000274658203,46.1309700012207
2014-10-07,65.2300033569336,45.51003646850586
2014-10-08,66.3499984741211,46.29143524169922
2014-10-09,65.1500015258789,45.45421600341797
2014-10-10,64.58999633789062,45.06350326538086
2014-10-13,63.72999954223633,44.463497161865234
2014-10-14,63.709999084472656,44.449554443359375
2014-10-15,63.22999954223633,44.114654541015625
2014-10-16,63.09000015258789,44.016998291015625
2014-10-17,63.81999969482422,44.52627944946289
2014-10-20,64.44999694824219,44.965824127197266
2014-10-21,65.5,45.698394775390625
2014-10-22,65.26000213623047,45.53095626831055
2014-10-23,65.8499984741211,45.942604064941406
2014-10-24,66.38999938964844,46.3193473815918
2014-10-27,66.30999755859375,46.2635498046875
2014-10-28,66.9800033569336,46.730979919433594
2014-10-29,67.01000213623047,46.75190734863281
2014-10-30,67.3499984741211,46.9891357421875
2014-10-31,68.05000305175781,47.477508544921875
2014-11-03,68.19000244140625,47.5751838684082
2014-11-04,68.08999633789062,47.50540542602539
2014-11-05,68.52999877929688,47.8123779296875
2014-11-06,68.70999908447266,47.93797302246094
2014-11-07,68.87000274658203,48.04960250854492
2014-11-10,69.0199966430664,48.154258728027344
2014-11-11,69.05000305175781,48.17518997192383
2014-11-12,69.04000091552734,48.168216705322266
2014-11-13,69.12999725341797,48.23100280761719
2014-11-14,69.20999908447266,48.28681564331055
2014-11-17,69.3499984741211,48.38450622558594
2014-11-18,69.66000366210938,48.60078811645508
2014-11-19,69.56999969482422,48.537986755371094
2014-11-20,69.76000213623047,48.670555114746094
2014-11-21,70.05999755859375,48.87984085083008
2014-11-24,70.12000274658203,48.92171859741211
2014-11-25,70.0,48.83800506591797
2014-11-26,70.2699966430664,49.0263786315918
2014-11-28,70.11000061035156,48.914730072021484
2014-12-01,69.66999816894531,48.607757568359375
2014-12-02,70.05999755859375,48.87984085083008
2014-12-03,70.29000091552734,49.04032516479492
2014-12-04,70.16000366210938,48.94962692260742
2014-12-05,70.19999694824219,48.977542877197266
2014-12-08,69.58000183105469,48.54496765136719
2014-12-09,69.43000030517578,48.440330505371094
2014-12-10,68.30000305175781,47.65192794799805
2014-12-11,68.55999755859375,47.83331298828125
2014-12-12,67.4000015258789,47.02401351928711
2014-12-15,66.88999938964844,46.66819381713867
2014-12-16,66.51000213623047,46.4030647277832
2014-12-17,67.8499984741211,47.337974548339844
2014-12-18,68.9000015258789,48.472023010253906
2014-12-19,69.12000274658203,48.62679672241211
2014-12-22,69.47000122070312,48.873023986816406
2014-12-23,69.69000244140625,49.027809143066406
2014-12-24,69.70999908447266,49.04187774658203
2014-12-26,69.91999816894531,49.18960952758789
2014-12-29,69.94999694824219,49.21070861816406
2014-12-30,69.56999969482422,48.94337844848633
2014-12-31,68.75,48.36649703979492
2015-01-02,68.7300033569336,48.35243606567383
2015-01-05,67.48999786376953,47.48008346557617
2015-01-06,67.05000305175781,47.1705322265625
2015-01-07,67.80999755859375,47.70520782470703
2015-01-08,69.08000183105469,48.598655700683594
2015-01-09,68.55000305175781,48.22580337524414
2015-01-12,68.0999984741211,47.909202575683594
2015-01-13,67.97000122070312,47.8177604675293
2015-01-14,67.66000366210938,47.59968185424805
2015-01-15,67.18000030517578,47.261993408203125
2015-01-16,67.91000366210938,47.77555465698242
2015-01-20,68.12999725341797,47.93032455444336
2015-01-21,68.4000015258789,48.120277404785156
2015-01-22,69.30999755859375,48.760459899902344
2015-01-23,68.73999786376953,48.35946273803711
2015-01-26,68.9000015258789,48.472023010253906
2015-01-27,67.81999969482422,47.71223449707031
2015-01-28,67.13999938964844,47.23383331298828
2015-01-29,67.87999725341797,47.75442886352539
2015-01-30,66.7699966430664,46.973541259765625
2015-02-02,67.68000030517578,47.61373519897461
2015-02-03,68.58000183105469,48.246910095214844
2015-02-04,68.26000213623047,48.02177810668945
2015-02-05,68.97000122070312,48.52127456665039
2015-02-06,68.69999694824219,48.331321716308594
2015-02-09,68.44999694824219,48.15544128417969
2015-02-10,69.16000366210938,48.654945373535156
2015-02-11,69.12000274658203,48.62679672241211
2015-02-12,69.80000305175781,49.105194091796875
2015-02-13,70.01000213623047,49.25294494628906
2015-02-17,70.06999969482422,49.29514694213867
2015-02-18,70.05999755859375,49.2880973815918
2015-02-19,69.86000061035156,49.14740753173828
2015-02-20,70.16999816894531,49.3654899597168
2015-02-23,70.2300033569336,49.407718658447266
2015-02-24,70.4800033569336,49.58357620239258
2015-02-25,70.27999877929688,49.44289016723633
2015-02-26,70.27999877929688,49.44289016723633
2015-02-27,70.04000091552734,49.2740364074707
2015-03-02,70.25,49.4217643737793
2015-03-03,70.01000213623047,49.25294494628906
2015-03-04,69.6500015258789,48.99966812133789
2015-03-05,69.5199966430664,48.90819549560547
2015-03-06,68.55999755859375,48.23283386230469
2015-03-09,68.81999969482422,48.41575241088867
2015-03-10,67.79000091552734,47.69114303588867
2015-03-11,67.5199966430664,47.501163482666016
2015-03-12,68.30000305175781,48.049922943115234
2015-03-13,67.91000366210938,47.77555465698242
2015-03-16,68.72000122070312,48.34540939331055
2015-03-17,68.56999969482422,48.23986053466797
2015-03-18,69.45999908447266,48.86599349975586
2015-03-19,68.9800033569336,48.528316497802734
2015-03-20,69.48999786376953,48.88709259033203
2015-03-23,69.06999969482422,48.916839599609375
2015-03-24,68.52999877929688,48.5344123840332
2015-03-25,67.7699966430664,47.99614334106445
2015-03-26,67.58000183105469,47.86158752441406
2015-03-27,67.72000122070312,47.96074676513672
2015-03-30,68.58000183105469,48.56982421875
2015-03-31,68.30000305175781,48.37150955200195
2015-04-01,67.86000061035156,48.05989456176758
2015-04-02,68.05000305175781,48.1944694519043
2015-04-06,68.55999755859375,48.55564498901367
2015-04-07,68.44000244140625,48.470672607421875
2015-04-08,68.44000244140625,48.470672607421875
2015-04-09,68.79000091552734,48.71855545043945
2015-04-10,69.3499984741211,49.115150451660156
2015-04-13,68.9800033569336,48.85310745239258
2015-04-14,69.16000366210938,48.980594635009766
2015-04-15,69.5999984741211,49.29219436645508
2015-04-16,69.55999755859375,49.26388931274414
2015-04-17,68.86000061035156,48.76810836791992
2015-04-20,69.51000213623047,49.22846603393555
2015-04-21,69.23999786376953,49.03725814819336
2015-04-22,69.58999633789062,49.285125732421875
2015-04-23,69.66999816894531,49.34178161621094
2015-04-24,69.91000366210938,49.51176071166992
2015-04-27,69.66999816894531,49.34178161621094
2015-04-28,70.20999908447266,49.72422790527344
2015-04-29,69.91000366210938,49.51176071166992
2015-04-30,69.45999908447266,49.19304656982422
2015-05-01,69.91000366210938,49.51176071166992
2015-05-04,70.11000061035156,49.65338897705078
2015-05-05,69.41999816894531,49.16474151611328
2015-05-06,69.12000274658203,48.9522590637207
2015-05-07,69.26000213623047,49.05141067504883
2015-05-08,70.1500015258789,49.68171310424805
2015-05-11,69.7699966430664,49.4126091003418
2015-05-12,69.58999633789062,49.285125732421875
2015-05-13,69.62000274658203,49.306373596191406
2015-05-14,70.25,49.75255584716797
2015-05-15,70.33000183105469,49.8092155456543
2015-05-18,70.4000015258789,49.85877990722656
2015-05-19,70.37000274658203,49.8375244140625
2015-05-20,70.43000030517578,49.880027770996094
2015-05-21,70.51000213623047,49.93668746948242
2015-05-22,70.20999908447266,49.72422790527344
2015-05-26,69.62999725341797,49.313446044921875
2015-05-27,70.11000061035156,49.65338897705078
2015-05-28,70.12000274658203,49.66048812866211
2015-05-29,69.72000122070312,49.37718200683594
2015-06-01,69.7300033569336,49.38427734375
2015-06-02,69.61000061035156,49.29928207397461
2015-06-03,69.6500015258789,49.3276252746582
2015-06-04,69.08999633789062,48.930999755859375
2015-06-05,68.80000305175781,48.72563171386719
2015-06-08,68.5199966430664,48.52730941772461
2015-06-09,68.58999633789062,48.57689666748047
2015-06-10,69.33999633789062,49.10805892944336
2015-06-11,69.52999877929688,49.24262619018555
2015-06-12,68.94999694824219,48.83185577392578
2015-06-15,68.61000061035156,48.591060638427734
2015-06-16,69.0199966430664,48.88142776489258
2015-06-17,69.19000244140625,49.001834869384766
2015-06-18,69.93000030517578,49.525917053222656
2015-06-19,69.54000091552734,49.24970626831055
2015-06-22,69.94000244140625,49.532997131347656
2015-06-23,69.88999938964844,49.497596740722656
2015-06-24,69.37000274658203,49.129310607910156
2015-06-25,69.0999984741211,48.9381103515625
2015-06-26,68.66000366210938,49.02378845214844
2015-06-29,67.33999633789062,48.0812873840332
2015-06-30,67.31999969482422,48.0670051574707
2015-07-01,67.7699966430664,48.38829040527344
2015-07-02,67.79000091552734,48.40259552001953
2015-07-06,67.56999969482422,48.24550247192383
2015-07-07,68.08000183105469,48.60964584350586
2015-07-08,67.12999725341797,47.93134307861328
2015-07-09,67.16999816894531,47.959903717041016
2015-07-10,67.87999725341797,48.466835021972656
2015-07-13,68.51000213623047,48.91667175292969
2015-07-14,68.7300033569336,49.073760986328125
2015-07-15,68.5999984741211,48.98093795776367
2015-07-16,69.11000061035156,49.34507369995117
2015-07-17,68.77999877929688,49.10945510864258
2015-07-20,68.7300033569336,49.073760986328125
2015-07-21,68.33999633789062,48.79528045654297
2015-07-22,68.13999938964844,48.65248107910156
2015-07-23,67.77999877929688,48.39543533325195
2015-07-24,67.11000061035156,47.91705322265625
2015-07-27,66.86000061035156,47.738563537597656
2015-07-28,67.61000061035156,48.27406692504883
2015-07-29,68.1500015258789,48.659637451171875
2015-07-30,68.18000030517578,48.68104553222656
2015-07-31,68.02999877929688,48.57394027709961
2015-08-03,67.83000183105469,48.431156158447266
2015-08-04,67.69999694824219,48.33831787109375
2015-08-05,67.98999786376953,48.54537582397461
2015-08-06,67.66999816894531,48.31691360473633
2015-08-07,67.41999816894531,48.13841247558594
2015-08-10,68.27999877929688,48.75246047973633
2015-08-11,67.69999694824219,48.33831787109375
2015-08-12,67.81999969482422,48.42400360107422
2015-08-13,67.69999694824219,48.33831787109375
2015-08-14,68.0,48.552528381347656
2015-08-17,68.23999786376953,48.723880767822266
2015-08-18,68.0199966430664,48.566795349121094
2015-08-19,67.44999694824219,48.159820556640625
2015-08-20,66.3499984741211,47.374412536621094
2015-08-21,64.51000213623047,46.060646057128906
2015-08-24,61.439998626708984,43.86863327026367
2015-08-25,60.849998474121094,43.4473762512207
2015-08-26,63.060001373291016,45.02532958984375
2015-08-27,64.5199966430664,46.06777572631836
2015-08-28,64.55000305175781,46.089202880859375
2015-08-31,64.18000030517578,45.82501983642578
2015-09-01,62.25,44.446983337402344
2015-09-02,63.220001220703125,45.139583587646484
2015-09-03,63.43000030517578,45.289520263671875
2015-09-04,62.41999816894531,44.56836700439453
2015-09-08,63.95000076293945,45.660797119140625
2015-09-09,63.04999923706055,45.01820373535156
2015-09-10,63.27000045776367,45.175270080566406
2015-09-11,63.400001525878906,45.268089294433594
2015-09-14,63.209999084472656,45.132442474365234
2015-09-15,64.06999969482422,45.7464714050293
2015-09-16,64.69999694824219,46.1963005065918
2015-09-17,64.54000091552734,46.082061767578125
2015-09-18,63.560001373291016,45.382328033447266
2015-09-21,63.83000183105469,45.57512664794922
2015-09-22,63.119998931884766,45.06816482543945
2015-09-23,62.38999938964844,44.92271423339844
2015-09-24,62.36000061035156,44.90111541748047
2015-09-25,62.59000015258789,45.06672668457031
2015-09-28,61.380001068115234,44.19548034667969
2015-09-29,61.61000061035156,44.36109924316406
2015-09-30,62.650001525878906,45.10993194580078
2015-10-01,62.59000015258789,45.06672668457031
2015-10-02,63.459999084472656,45.69316864013672
2015-10-05,64.83999633789062,46.68680191040039
2015-10-06,64.86000061035156,46.701210021972656
2015-10-07,65.47000122070312,47.14043426513672
2015-10-08,66.16000366210938,47.637237548828125
2015-10-09,66.02999877929688,47.54363250732422
2015-10-12,65.94999694824219,47.48603439331055
2015-10-13,65.58000183105469,47.219627380371094
2015-10-14,65.36000061035156,47.061222076416016
2015-10-15,66.23999786376953,47.694847106933594
2015-10-16,66.63999938964844,47.982845306396484
2015-10-19,66.5,47.88205337524414
2015-10-20,66.43000030517578,47.8316535949707
2015-10-21,66.1500015258789,47.63004684448242
2015-10-22,67.47000122070312,48.580482482910156
2015-10-23,68.06999969482422,49.012508392333984
2015-10-26,67.81999969482422,48.832496643066406
2015-10-27,67.55000305175781,48.638092041015625
2015-10-28,68.29000091552734,49.170921325683594
2015-10-29,68.0999984741211,49.03409957885742
2015-10-30,67.91999816894531,48.90447998046875
2015-11-02,68.66000366210938,49.43733215332031
2015-11-03,68.86000061035156,49.58131790161133
2015-11-04,68.68000030517578,49.451717376708984
2015-11-05,68.47000122070312,49.30051040649414
2015-11-06,68.3499984741211,49.2141227722168
2015-11-09,67.66999816894531,48.7244987487793
2015-11-10,67.81999969482422,48.832496643066406
2015-11-11,67.7699966430664,48.79648208618164
2015-11-12,66.79000091552734,48.09086608886719
2015-11-13,66.29000091552734,47.73085403442383
2015-11-16,67.30999755859375,48.465274810791016
2015-11-17,67.12000274658203,48.32847213745117
2015-11-18,67.95999908447266,48.93329620361328
2015-11-19,68.11000061035156,49.041297912597656
2015-11-20,68.16000366210938,49.07731246948242
2015-11-23,68.08000183105469,49.019691467285156
2015-11-24,68.30999755859375,49.1853141784668
2015-11-25,68.18000030517578,49.09170913696289
2015-11-27,68.26000213623047,49.14931869506836
2015-11-30,68.06999969482422,49.012508392333984
2015-12-01,68.66999816894531,49.44451141357422
2015-12-02,67.9000015258789,48.89009094238281
2015-12-03,67.04000091552734,48.270877838134766
2015-12-04,68.2300033569336,49.127716064453125
2015-12-07,67.77999877929688,48.80368423461914
2015-12-08,67.16000366210938,48.357276916503906
2015-12-09,66.97000122070312,48.220462799072266
2015-12-10,67.06999969482422,48.29247283935547
2015-12-11,65.91000366210938,47.45722579956055
2015-12-14,66.30999755859375,47.7452507019043
2015-12-15,67.12999725341797,48.33567428588867
2015-12-16,68.06999969482422,49.012508392333984
2015-12-17,67.16000366210938,48.357276916503906
2015-12-18,66.01000213623047,47.529239654541016
2015-12-21,65.83999633789062,47.84096145629883
2015-12-22,66.54000091552734,48.34959411621094
2015-12-23,67.54000091552734,49.076236724853516
2015-12-24,67.3499984741211,48.93815994262695
2015-12-28,67.18000030517578,48.814632415771484
2015-12-29,67.81999969482422,49.27967071533203
2015-12-30,67.41000366210938,48.98176956176758
2015-12-31,66.75,48.50218963623047
2016-01-04,65.94999694824219,47.92089080810547
2016-01-05,66.27999877929688,48.16067123413086
2016-01-06,65.41000366210938,47.528507232666016
2016-01-07,64.0,46.503971099853516
2016-01-08,63.279998779296875,45.980796813964844
2016-01-11,63.349998474121094,46.03166580200195
2016-01-12,63.689998626708984,46.27872085571289
2016-01-13,62.5,45.414031982421875
2016-01-14,63.63999938964844,46.24238967895508
2016-01-15,62.40999984741211,45.348636627197266
2016-01-19,62.400001525878906,45.34138107299805
2016-01-20,61.5099983215332,44.69466781616211
2016-01-21,61.91999816894531,44.992591857910156
2016-01-22,63.08000183105469,45.835479736328125
2016-01-25,62.189998626708984,45.18877029418945
2016-01-26,63.22999954223633,45.94446563720703
2016-01-27,62.90999984741211,45.71194839477539
2016-01-28,63.33000183105469,46.01713943481445
2016-01-29,64.87000274658203,47.13613510131836
2016-02-01,64.70999908447266,47.0198860168457
2016-02-02,63.65999984741211,46.25691604614258
2016-02-03,64.30000305175781,46.72196578979492
2016-02-04,64.4000015258789,46.79462432861328
2016-02-05,63.75,46.32231903076172
2016-02-08,63.45000076293945,46.10432434082031
2016-02-09,63.380001068115234,46.053466796875
2016-02-10,63.11000061035156,45.85728454589844
2016-02-11,62.33000183105469,45.290504455566406
2016-02-12,63.560001373291016,46.18425369262695
2016-02-16,64.4800033569336,46.852752685546875
2016-02-17,65.29000091552734,47.44131088256836
2016-02-18,65.30000305175781,47.448577880859375
2016-02-19,65.13999938964844,47.332313537597656
2016-02-22,65.91999816894531,47.89908218383789
2016-02-23,65.16000366210938,47.346858978271484
2016-02-24,65.3499984741211,47.48490905761719
2016-02-25,66.08000183105469,48.01534652709961
2016-02-26,65.72000122070312,47.75376510620117
2016-02-29,65.19999694824219,47.37592315673828
2016-03-01,66.5,48.32052230834961
2016-03-02,67.0,48.68384552001953
2016-03-03,67.2699966430664,48.88002395629883
2016-03-04,67.52999877929688,49.06895065307617
2016-03-07,67.83000183105469,49.286949157714844
2016-03-08,67.26000213623047,48.872772216796875
2016-03-09,67.69000244140625,49.185211181640625
2016-03-10,67.66999816894531,49.170692443847656
2016-03-11,68.48999786376953,49.76650619506836
2016-03-14,68.33000183105469,49.65025329589844
2016-03-15,67.73999786376953,49.568302154541016
2016-03-16,68.11000061035156,49.83903503417969
2016-03-17,68.73999786376953,50.300025939941406
2016-03-18,68.87999725341797,50.40247344970703
2016-03-21,68.91999816894531,50.431758880615234
2016-03-22,68.81999969482422,50.35858917236328
2016-03-23,68.41000366210938,50.05855941772461
2016-03-24,68.41999816894531,50.06587600708008
2016-03-28,68.43000030517578,50.07320022583008
2016-03-29,68.95999908447266,50.46100616455078
2016-03-30,69.19999694824219,50.63663864135742
2016-03-31,69.04000091552734,50.519569396972656
2016-04-01,69.3499984741211,50.74640655517578
2016-04-04,69.12000274658203,50.57810974121094
2016-04-05,68.48999786376953,50.117095947265625
2016-04-06,69.04000091552734,50.519569396972656
2016-04-07,68.4000015258789,50.05124282836914
2016-04-08,68.63999938964844,50.22686004638672
2016-04-11,68.51000213623047,50.131744384765625
2016-04-12,69.1500015258789,50.60005569458008
2016-04-13,69.66000366210938,50.973262786865234
2016-04-14,69.61000061035156,50.93665313720703
2016-04-15,69.56999969482422,50.907386779785156
2016-04-18,70.05999755859375,51.26593017578125
2016-04-19,70.44999694824219,51.551326751708984
2016-04-20,70.29000091552734,51.43424606323242
2016-04-21,69.76000213623047,51.04643630981445
2016-04-22,69.87000274658203,51.126922607421875
2016-04-25,69.80000305175781,51.07569122314453
2016-04-26,69.98999786376953,51.21471405029297
2016-04-27,70.4000015258789,51.51473617553711
2016-04-28,69.9000015258789,51.148868560791016
2016-04-29,69.54000091552734,50.885440826416016
2016-05-02,69.95999908447266,51.192752838134766
2016-05-03,69.37999725341797,50.76834487915039
2016-05-04,69.05000305175781,50.52688980102539
2016-05-05,69.01000213623047,50.497615814208984
2016-05-06,69.27999877929688,50.69517135620117
2016-05-09,69.26000213623047,50.68055725097656
2016-05-10,70.05999755859375,51.26593017578125
2016-05-11,69.66999816894531,50.980560302734375
2016-05-12,69.81999969482422,51.09032440185547
2016-05-13,69.11000061035156,50.570777893066406
2016-05-16,69.73999786376953,51.031776428222656
2016-05-17,69.0199966430664,50.50492477416992
2016-05-18,68.88999938964844,50.409812927246094
2016-05-19,68.76000213623047,50.31466293334961
2016-05-20,69.08999633789062,50.556148529052734
2016-05-23,68.94000244140625,50.4463996887207
2016-05-24,69.75,51.039100646972656
2016-05-25,70.30000305175781,51.44156265258789
2016-05-26,70.30000305175781,51.44156265258789
2016-05-27,70.55000305175781,51.62450408935547
2016-05-31,70.51000213623047,51.59523010253906
2016-06-01,70.62999725341797,51.68303680419922
2016-06-02,70.8499984741211,51.84404373168945
2016-06-03,70.83000183105469,51.829383850097656
2016-06-06,71.18000030517578,52.085487365722656
2016-06-07,71.38999938964844,52.239166259765625
2016-06-08,71.55999755859375,52.36355209350586
2016-06-09,71.4800033569336,52.305023193359375
2016-06-10,71.05000305175781,51.99037551879883
2016-06-13,70.4800033569336,51.57326126098633
2016-06-14,70.43000030517578,51.53668975830078
2016-06-15,70.31999969482422,51.45620346069336
2016-06-16,70.66000366210938,51.70500564575195
2016-06-17,70.58000183105469,51.646446228027344
2016-06-20,70.98999786376953,51.94646072387695
2016-06-21,70.62000274658203,52.09990692138672
2016-06-22,70.5,52.01140213012695
2016-06-23,71.44000244140625,52.70486831665039
2016-06-24,69.12000274658203,50.9932975769043
2016-06-27,68.19999694824219,50.31455993652344
2016-06-28,69.18000030517578,51.03756332397461
2016-06-29,70.27999877929688,51.849082946777344
2016-06-30,71.45999908447266,52.719635009765625
2016-07-01,71.48999786376953,52.741756439208984
2016-07-05,71.08999633789062,52.44666290283203
2016-07-06,71.47000122070312,52.72700119018555
2016-07-07,71.20999908447266,52.53517532348633
2016-07-08,72.22000122070312,53.28030014038086
2016-07-11,72.4800033569336,53.472145080566406
2016-07-12,72.93000030517578,53.80412292480469
2016-07-13,73.12000274658203,53.944313049316406
2016-07-14,73.41999816894531,54.165611267089844
2016-07-15,73.38999938964844,54.14348602294922
2016-07-18,73.37000274658203,54.12874221801758
2016-07-19,73.29000091552734,54.0697021484375
2016-07-20,73.5199966430664,54.23938751220703
2016-07-21,73.3499984741211,54.11396789550781
2016-07-22,73.69999694824219,54.3721923828125
2016-07-25,73.5,54.22465515136719
2016-07-26,73.5,54.22465515136719
2016-07-27,73.16000366210938,53.97380447387695
2016-07-28,73.02999877929688,53.87789535522461
2016-07-29,73.13999938964844,53.95904541015625
2016-08-01,72.93000030517578,53.80412292480469
2016-08-02,72.55000305175781,53.52378463745117
2016-08-03,72.63999938964844,53.59016418457031
2016-08-04,72.69999694824219,53.634437561035156
2016-08-05,73.08000183105469,53.91477584838867
2016-08-08,73.06999969482422,53.907413482666016
2016-08-09,73.04000091552734,53.885276794433594
2016-08-10,72.8499984741211,53.74509811401367
2016-08-11,73.2300033569336,54.02544403076172
2016-08-12,73.12000274658203,53.944313049316406
2016-08-15,73.23999786376953,54.0328254699707
2016-08-16,72.83000183105469,53.7303466796875
2016-08-17,73.05000305175781,53.892662048339844
2016-08-18,73.29000091552734,54.0697021484375
2016-08-19,73.08000183105469,53.91477584838867
2016-08-22,73.04000091552734,53.885276794433594
2016-08-23,73.16000366210938,53.97380447387695
2016-08-24,72.94999694824219,53.818878173828125
2016-08-25,72.95999908447266,53.826255798339844
2016-08-26,72.70999908447266,53.64182662963867
2016-08-29,73.19999694824219,54.00331497192383
2016-08-30,73.05000305175781,53.892662048339844
2016-08-31,72.91999816894531,53.7967414855957
2016-09-01,72.91000366210938,53.78935623168945
2016-09-02,73.25,54.04019546508789
2016-09-06,73.5,54.22465515136719
2016-09-07,73.48999786376953,54.217262268066406
2016-09-08,73.45999908447266,54.195133209228516
2016-09-09,71.6500015258789,52.85980224609375
2016-09-12,72.63999938964844,53.59016418457031
2016-09-13,71.02999877929688,52.7531623840332
2016-09-14,70.83000183105469,52.604618072509766
2016-09-15,71.51000213623047,53.10966110229492
2016-09-16,71.25,52.916561126708984
2016-09-19,71.29000091552734,52.94626235961914
2016-09-20,71.27999877929688,52.93882369995117
2016-09-21,72.06999969482422,53.52555465698242
2016-09-22,72.44999694824219,53.807769775390625
2016-09-23,72.0999984741211,53.54784393310547
2016-09-26,71.4800033569336,53.08737564086914
2016-09-27,71.87999725341797,53.38443374633789
2016-09-28,72.30000305175781,53.69639205932617
2016-09-29,71.66999816894531,53.228485107421875
2016-09-30,72.13999938964844,53.57755661010742
2016-10-03,71.91999816894531,53.414161682128906
2016-10-04,71.44000244140625,53.05767059326172
2016-10-05,71.81999969482422,53.33988571166992
2016-10-06,71.83999633789062,53.354740142822266
2016-10-07,71.72000122070312,53.2656135559082
2016-10-10,71.94000244140625,53.42900848388672
2016-10-11,71.18000030517578,52.86454772949219
2016-10-12,71.20999908447266,52.88682556152344
2016-10-13,71.0,52.73088455200195
2016-10-14,71.02999877929688,52.7531623840332
2016-10-17,70.86000061035156,52.626930236816406
2016-10-18,71.12999725341797,52.82742691040039
2016-10-19,71.16000366210938,52.84971618652344
2016-10-20,70.94000244140625,52.686317443847656
2016-10-21,70.94000244140625,52.686317443847656
2016-10-24,71.2300033569336,52.901695251464844
2016-10-25,71.2300033569336,52.901695251464844
2016-10-26,71.33000183105469,52.975975036621094
2016-10-27,71.22000122070312,52.89426803588867
2016-10-28,71.08000183105469,52.79030227661133
2016-10-31,71.22000122070312,52.89426803588867
2016-11-01,70.73999786376953,52.53777313232422
2016-11-02,70.29000091552734,52.20356750488281
2016-11-03,70.16999816894531,52.11444091796875
2016-11-04,69.97000122070312,51.96590805053711
2016-11-07,71.38999938964844,53.02052307128906
2016-11-08,71.73999786376953,53.28046798706055
2016-11-09,72.66999816894531,53.97117614746094
2016-11-10,72.91999816894531,54.1568489074707
2016-11-11,72.8499984741211,54.104854583740234
2016-11-14,73.0,54.216251373291016
2016-11-15,73.54000091552734,54.617313385009766
2016-11-16,73.27999877929688,54.424224853515625
2016-11-17,73.48999786376953,54.580169677734375
2016-11-18,73.44000244140625,54.54303741455078
2016-11-21,73.94000244140625,54.91437911987305
2016-11-22,74.20999908447266,55.11492156982422
2016-11-23,74.16000366210938,55.0777702331543
2016-11-25,74.52999877929688,55.35255813598633
2016-11-28,74.3499984741211,55.21889877319336
2016-11-29,74.38999938964844,55.24859619140625
2016-11-30,74.2300033569336,55.129783630371094
2016-12-01,74.08000183105469,55.01837158203125
2016-12-02,74.12999725341797,55.055484771728516
2016-12-05,74.48999786376953,55.32284927368164
2016-12-06,74.79000091552734,55.54566192626953
2016-12-07,75.80999755859375,56.3032112121582
2016-12-08,75.91999816894531,56.384918212890625
2016-12-09,76.43000030517578,56.763694763183594
2016-12-12,76.58000183105469,56.87508010864258
2016-12-13,77.05999755859375,57.23157501220703
2016-12-14,76.23999786376953,56.62257766723633
2016-12-15,76.62999725341797,56.912227630615234
2016-12-16,76.66000366210938,56.93449020385742
2016-12-19,76.91000366210938,57.12017822265625
2016-12-20,77.16999816894531,57.313262939453125
2016-12-21,76.98999786376953,57.17958068847656
2016-12-22,76.29000091552734,57.15486145019531
2016-12-23,76.38999938964844,57.22978973388672
2016-12-27,76.48999786376953,57.304710388183594
2016-12-28,75.88999938964844,56.85519790649414
2016-12-29,75.9800033569336,56.9226188659668
2016-12-30,75.7699966430664,56.765296936035156
2017-01-03,76.16999816894531,57.06496810913086
2017-01-04,76.38999938964844,57.22978973388672
2017-01-05,76.22000122070312,57.102420806884766
2017-01-06,76.23999786376953,57.11740493774414
2017-01-09,75.76000213623047,56.757808685302734
2017-01-10,75.62999725341797,56.66041946411133
2017-01-11,75.8499984741211,56.825233459472656
2017-01-12,75.69000244140625,56.70536804199219
2017-01-13,75.76000213623047,56.757808685302734
2017-01-17,75.55000305175781,56.600467681884766
2017-01-18,75.66999816894531,56.69036102294922
2017-01-19,75.38999938964844,56.4806022644043
2017-01-20,75.69999694824219,56.71284866333008
2017-01-23,75.41999816894531,56.503074645996094
2017-01-24,75.8499984741211,56.825233459472656
2017-01-25,76.4800033569336,57.297203063964844
2017-01-26,76.31999969482422,57.177337646484375
2017-01-27,76.30999755859375,57.16984558105469
2017-01-30,75.83000183105469,56.810245513916016
2017-01-31,75.73999786376953,56.74281692504883
2017-02-01,75.38999938964844,56.4806022644043
2017-02-02,75.55000305175781,56.600467681884766
2017-02-03,76.12999725341797,57.03498077392578
2017-02-06,75.95999908447266,56.90764617919922
2017-02-07,75.91000366210938,56.870174407958984
2017-02-08,75.95999908447266,56.90764617919922
2017-02-09,76.36000061035156,57.207305908203125
2017-02-10,76.5999984741211,57.387107849121094
2017-02-13,77.01000213623047,57.69428634643555
2017-02-14,77.30000305175781,57.911537170410156
2017-02-15,77.68000030517578,58.196231842041016
2017-02-16,77.69999694824219,58.211204528808594
2017-02-17,77.77999877929688,58.27114486694336
2017-02-21,78.23999786376953,58.615760803222656
2017-02-22,78.16000366210938,58.555843353271484
2017-02-23,78.44000244140625,58.765594482421875
2017-02-24,78.56999969482422,58.863014221191406
2017-02-27,78.61000061035156,58.8929557800293
2017-02-28,78.44999694824219,58.77307891845703
2017-03-01,79.43000030517578,59.50729751586914
2017-03-02,79.0,59.185150146484375
2017-03-03,79.01000213623047,59.192630767822266
2017-03-06,78.83000183105469,59.05777359008789
2017-03-07,78.54000091552734,58.84052658081055
2017-03-08,78.30999755859375,58.668212890625
2017-03-09,78.38999938964844,58.7281379699707
2017-03-10,78.73999786376953,58.9903450012207
2017-03-13,78.69000244140625,58.95290756225586
2017-03-14,78.38999938964844,58.7281379699707
2017-03-15,79.11000061035156,59.26756286621094
2017-03-16,78.9800033569336,59.170169830322266
2017-03-17,78.93000030517578,59.13268280029297
2017-03-20,78.73999786376953,58.9903450012207
2017-03-21,77.94000244140625,58.39100646972656
2017-03-22,77.47000122070312,58.45893096923828
2017-03-23,77.37999725341797,58.391014099121094
2017-03-24,77.27999877929688,58.3155632019043
2017-03-27,77.1500015258789,58.21746063232422
2017-03-28,77.62999725341797,58.57965850830078
2017-03-29,77.62000274658203,58.57212829589844
2017-03-30,77.87999725341797,58.768310546875
2017-03-31,77.6500015258789,58.594757080078125
2017-04-03,77.45999908447266,58.45139694213867
2017-04-04,77.62000274658203,58.57212829589844
2017-04-05,77.36000061035156,58.37591552734375
2017-04-06,77.4800033569336,58.466468811035156
2017-04-07,77.38999938964844,58.398563385009766
2017-04-10,77.38999938964844,58.398563385009766
2017-04-11,77.38999938964844,58.398563385009766
2017-04-12,77.13999938964844,58.20991516113281
2017-04-13,76.55000305175781,57.76470947265625
2017-04-17,77.06999969482422,58.1571044921875
2017-04-18,76.9000015258789,58.028804779052734
2017-04-19,76.61000061035156,57.809967041015625
2017-04-20,77.02999877929688,58.12690734863281
2017-04-21,76.80999755859375,57.960899353027344
2017-04-24,77.62999725341797,58.57965850830078
2017-04-25,78.01000213623047,58.86640167236328
2017-04-26,77.87000274658203,58.760780334472656
2017-04-27,77.87999725341797,58.768310546875
2017-04-28,77.58999633789062,58.54947280883789
2017-05-01,77.54000091552734,58.5117301940918
2017-05-02,77.4800033569336,58.466468811035156
2017-05-03,77.45999908447266,58.45139694213867
2017-05-04,77.45999908447266,58.45139694213867
2017-05-05,77.79000091552734,58.70039367675781
2017-05-08,77.70999908447266,58.640018463134766
2017-05-09,77.44999694824219,58.44382858276367
2017-05-10,77.55000305175781,58.51929473876953
2017-05-11,77.30000305175781,58.33063507080078
2017-05-12,77.08000183105469,58.16462326049805
2017-05-15,77.52999877929688,58.504207611083984
2017-05-16,77.5,58.481563568115234
2017-05-17,76.37999725341797,57.63640594482422
2017-05-18,76.47000122070312,57.70433044433594
2017-05-19,76.94999694824219,58.0665168762207
2017-05-22,77.29000091552734,58.323097229003906
2017-05-23,77.51000213623047,58.48910903930664
2017-05-24,77.58000183105469,58.541927337646484
2017-05-25,77.86000061035156,58.753211975097656
2017-05-26,77.86000061035156,58.753211975097656
2017-05-30,77.83999633789062,58.73811721801758
2017-05-31,77.87000274658203,58.760780334472656
2017-06-01,78.48999786376953,59.228607177734375
2017-06-02,78.62999725341797,59.334251403808594
2017-06-05,78.5999984741211,59.31162643432617
2017-06-06,78.43000030517578,59.1833381652832
2017-06-07,78.43000030517578,59.1833381652832
2017-06-08,78.44999694824219,59.198429107666016
2017-06-09,78.93000030517578,59.560630798339844
2017-06-12,79.16999816894531,59.741737365722656
2017-06-13,79.30999755859375,59.84738540649414
2017-06-14,79.33000183105469,59.86246871948242
2017-06-15,79.30999755859375,59.84738540649414
2017-06-16,79.52999877929688,60.013397216796875
2017-06-19,79.87000274658203,60.269981384277344
2017-06-20,79.37999725341797,59.90019607543945
2017-06-21,79.02999877929688,59.63612365722656
2017-06-22,79.01000213623047,59.62100601196289
2017-06-23,78.56999969482422,59.739646911621094
2017-06-26,78.69000244140625,59.83086395263672
2017-06-27,78.12999725341797,59.40507507324219
2017-06-28,78.55999755859375,59.732017517089844
2017-06-29,78.0199966430664,59.32142639160156
2017-06-30,78.16000366210938,59.42789840698242
2017-07-03,78.5,59.6864013671875
2017-07-05,78.48999786376953,59.67878341674805
2017-07-06,77.83999633789062,59.1845703125
2017-07-07,78.12000274658203,59.397491455078125
2017-07-10,78.06999969482422,59.359458923339844
2017-07-11,77.94000244140625,59.26061248779297
2017-07-12,78.43000030517578,59.63319396972656
2017-07-13,78.5199966430664,59.70160675048828
2017-07-14,78.83999633789062,59.944923400878906
2017-07-17,78.83999633789062,59.944923400878906
2017-07-18,78.80999755859375,59.92210006713867
2017-07-19,79.1500015258789,60.180606842041016
2017-07-20,79.30999755859375,60.30226135253906
2017-07-21,79.16000366210938,60.188228607177734
2017-07-24,78.93000030517578,60.01332092285156
2017-07-25,79.19000244140625,60.211036682128906
2017-07-26,79.16999816894531,60.19580078125
2017-07-27,79.5199966430664,60.4619140625
2017-07-28,79.27999877929688,60.27945327758789
2017-07-31,79.41999816894531,60.38589859008789
2017-08-01,79.5199966430664,60.4619140625
2017-08-02,79.4000015258789,60.37067413330078
2017-08-03,79.37999725341797,60.3554801940918
2017-08-04,79.5,60.446746826171875
2017-08-07,79.52999877929688,60.469539642333984
2017-08-08,79.4000015258789,60.37067413330078
2017-08-09,79.37999725341797,60.3554801940918
2017-08-10,78.66999816894531,59.81565475463867
2017-08-11,78.58999633789062,59.75484085083008
2017-08-14,79.26000213623047,60.26426315307617
2017-08-15,79.2699966430664,60.271854400634766
2017-08-16,79.33000183105469,60.317481994628906
2017-08-17,78.19000244140625,59.45070266723633
2017-08-18,78.0199966430664,59.32142639160156
2017-08-21,78.16000366210938,59.42789840698242
2017-08-22,78.7699966430664,59.891685485839844
2017-08-23,78.55000305175781,59.72440719604492
2017-08-24,78.52999877929688,59.709205627441406
2017-08-25,78.77999877929688,59.89929962158203
2017-08-28,78.72000122070312,59.853668212890625
2017-08-29,78.73999786376953,59.86887741088867
2017-08-30,78.94000244140625,60.02094268798828
2017-08-31,79.27999877929688,60.27945327758789
2017-09-01,79.5,60.446746826171875
2017-09-05,78.91000366210938,59.99814224243164
2017-09-06,79.22000122070312,60.23384094238281
2017-09-07,79.26000213623047,60.26426315307617
2017-09-08,79.25,60.25664520263672
2017-09-11,80.0999984741211,60.902950286865234
2017-09-12,80.43000030517578,61.153846740722656
2017-09-13,80.5199966430664,61.2222900390625
2017-09-14,80.72000122070312,61.374351501464844
2017-09-15,80.91000366210938,61.51880645751953
2017-09-18,81.19999694824219,61.73930740356445
2017-09-19,81.41000366210938,61.89897918701172
2017-09-20,80.81999969482422,61.908172607421875
2017-09-21,80.62000274658203,61.75497055053711
2017-09-22,80.69999694824219,61.816261291503906
2017-09-25,80.93000030517578,61.99241638183594
2017-09-26,80.81999969482422,61.908172607421875
2017-09-27,80.81999969482422,61.908172607421875
2017-09-28,80.95999908447266,62.01539993286133
2017-09-29,81.06999969482422,62.09965896606445
2017-10-02,81.52999877929688,62.4520263671875
2017-10-03,81.69000244140625,62.57460021972656
2017-10-04,81.77999877929688,62.643524169921875
2017-10-05,82.0999984741211,62.888641357421875
2017-10-06,81.93000030517578,62.7584342956543
2017-10-09,81.93000030517578,62.7584342956543
2017-10-10,82.37999725341797,63.10313034057617
2017-10-11,82.44999694824219,63.15676498413086
2017-10-12,82.33999633789062,63.072471618652344
2017-10-13,82.36000061035156,63.08780288696289
2017-10-16,82.4000015258789,63.118446350097656
2017-10-17,82.4800033569336,63.17973327636719
2017-10-18,82.61000061035156,63.27931594848633
2017-10-19,82.83999633789062,63.455509185791016
2017-10-20,83.25,63.769554138183594
2017-10-23,83.05000305175781,63.616363525390625
2017-10-24,83.08000183105469,63.63934326171875
2017-10-25,82.56999969482422,63.24867248535156
2017-10-26,82.75,63.38654708862305
2017-10-27,83.0,63.578041076660156
2017-10-30,82.45999908447266,63.16441345214844
2017-10-31,82.4800033569336,63.17973327636719
2017-11-01,82.68000030517578,63.33292770385742
2017-11-02,82.79000091552734,63.417198181152344
2017-11-03,82.81999969482422,63.440185546875
2017-11-06,82.68000030517578,63.33292770385742
2017-11-07,82.72000122070312,63.36357116699219
2017-11-08,82.9000015258789,63.50143051147461
2017-11-09,82.62000274658203,63.286956787109375
2017-11-10,82.5199966430664,63.21035385131836
2017-11-13,82.62000274658203,63.286956787109375
2017-11-14,82.54000091552734,63.225704193115234
2017-11-15,82.0999984741211,62.888641357421875
2017-11-16,82.72000122070312,63.36357116699219
2017-11-17,82.45999908447266,63.16441345214844
2017-11-20,82.62999725341797,63.29462432861328
2017-11-21,82.95999908447266,63.54741287231445
2017-11-22,82.91000366210938,63.50908660888672
2017-11-24,83.0199966430664,63.5933723449707
2017-11-27,83.04000091552734,63.608680725097656
2017-11-28,84.06999969482422,64.39766693115234
2017-11-29,84.5,64.72703552246094
2017-11-30,85.01000213623047,65.11770629882812
2017-12-01,84.98999786376953,65.1023941040039
2017-12-04,85.19000244140625,65.25556945800781
2017-12-05,84.81999969482422,64.97215270996094
2017-12-06,84.77999877929688,64.94151306152344
2017-12-07,84.8499984741211,64.99514770507812
2017-12-08,85.33000183105469,65.36283111572266
2017-12-11,85.62999725341797,65.5926284790039
2017-12-12,85.83000183105469,65.74581146240234
2017-12-13,85.91000366210938,65.80711364746094
2017-12-14,85.38999938964844,65.4087905883789
2017-12-15,86.0999984741211,65.95263671875
2017-12-18,86.5,66.25906372070312
2017-12-19,86.23999786376953,66.05988311767578
2017-12-20,86.16999816894531,66.00627899169922
2017-12-21,85.6500015258789,66.10120391845703
2017-12-22,85.69000244140625,66.132080078125
2017-12-26,85.63999938964844,66.0934829711914
2017-12-27,85.7300033569336,66.1629409790039
2017-12-28,85.87999725341797,66.27869415283203
2017-12-29,85.62999725341797,66.08573913574219
2018-01-02,85.91999816894531,66.30958557128906
2018-01-03,86.19999694824219,66.52565002441406
2018-01-04,86.58000183105469,66.81893920898438
2018-01-05,86.97000122070312,67.11991882324219
2018-01-08,87.12999725341797,67.2433853149414
2018-01-09,87.27999877929688,67.35916137695312
2018-01-10,87.12999725341797,67.2433853149414
2018-01-11,87.70999908447266,67.69102478027344
2018-01-12,88.19999694824219,68.0691909790039
2018-01-16,87.94999694824219,67.87625122070312
2018-01-17,88.87999725341797,68.59398651123047
2018-01-18,88.58999633789062,68.37018585205078
2018-01-19,88.87999725341797,68.59398651123047
2018-01-22,89.62999725341797,69.17279052734375
2018-01-23,89.52999877929688,69.09562683105469
2018-01-24,89.48999786376953,69.06476593017578
2018-01-25,89.62000274658203,69.16509246826172
2018-01-26,90.91000366210938,70.16065216064453
2018-01-29,90.31999969482422,69.70531463623047
2018-01-30,89.18000030517578,68.82550048828125
2018-01-31,89.1500015258789,68.80233764648438
2018-02-01,89.06999969482422,68.7406234741211
2018-02-02,87.18000030517578,67.28199005126953
2018-02-05,83.48999786376953,64.43418884277344
2018-02-06,84.68000030517578,65.35260772705078
2018-02-07,84.51000213623047,65.22138214111328
2018-02-08,81.6500015258789,63.01415252685547
2018-02-09,82.91999816894531,63.99429702758789
2018-02-12,83.88999938964844,64.74290466308594
2018-02-13,84.16999816894531,64.95897674560547
2018-02-14,84.95999908447266,65.5687026977539
2018-02-15,85.97000122070312,66.3481674194336
2018-02-16,86.08000183105469,66.43304443359375
2018-02-20,85.25,65.79247283935547
2018-02-21,84.62000274658203,65.30628967285156
2018-02-22,84.7300033569336,65.39118957519531
2018-02-23,86.12000274658203,66.46391296386719
2018-02-26,87.13999938964844,67.2511215209961
2018-02-27,86.08000183105469,66.43304443359375
2018-02-28,84.94000244140625,65.55321502685547
2018-03-01,84.01000213623047,64.83551025390625
2018-03-02,84.33000183105469,65.08248138427734
2018-03-05,85.30000305175781,65.8310775756836
2018-03-06,85.3499984741211,65.86968231201172
2018-03-07,85.18000030517578,65.73847961425781
2018-03-08,85.5999984741211,66.0625991821289
2018-03-09,86.88999938964844,67.05818176269531
2018-03-12,86.63999938964844,66.86521911621094
2018-03-13,86.19999694824219,66.52565002441406
2018-03-14,85.5999984741211,66.0625991821289
2018-03-15,85.51000213623047,65.99317169189453
2018-03-16,85.75,66.17835235595703
2018-03-19,84.69000244140625,65.36033630371094
2018-03-20,84.73999786376953,65.39888000488281
2018-03-21,84.69999694824219,65.36800384521484
2018-03-22,82.55999755859375,63.71646499633789
2018-03-23,80.94000244140625,62.46620559692383
2018-03-26,82.37000274658203,64.05096435546875
2018-03-27,81.44000244140625,63.32777786254883
2018-03-28,81.52999877929688,63.39778518676758
2018-03-29,82.48999786376953,64.14427185058594
2018-04-02,80.63999938964844,62.705726623535156
2018-04-03,81.7699966430664,63.58441162109375
2018-04-04,82.72000122070312,64.3231201171875
2018-04-05,83.25,64.7352523803711
2018-04-06,81.58000183105469,63.43665313720703
2018-04-09,81.88999938964844,63.677730560302734
2018-04-10,83.23999786376953,64.72747802734375
2018-04-11,82.80000305175781,64.38533782958984
2018-04-12,83.3499984741211,64.81300354003906
2018-04-13,83.18000030517578,64.6808090209961
2018-04-16,83.87000274658203,65.21735382080078
2018-04-17,84.4000015258789,65.62948608398438
2018-04-18,84.29000091552734,65.54395294189453
2018-04-19,83.6500015258789,65.04629516601562
2018-04-20,83.12999725341797,64.64192962646484
2018-04-23,83.30999755859375,64.78190612792969
2018-04-24,82.5,64.15206909179688
2018-04-25,82.66999816894531,64.28425598144531
2018-04-26,83.31999969482422,64.7896728515625
2018-04-27,83.41000366210938,64.85966491699219
2018-04-30,82.5999984741211,64.22981262207031
2018-05-01,82.44000244140625,64.10540008544922
2018-05-02,81.6500015258789,63.491085052490234
2018-05-03,81.62999725341797,63.475528717041016
2018-05-04,82.51000213623047,64.15983581542969
2018-05-07,82.66999816894531,64.28425598144531
2018-05-08,82.5,64.15206909179688
2018-05-09,83.27999877929688,64.75857543945312
2018-05-10,84.04000091552734,65.34955596923828
2018-05-11,84.27999877929688,65.53616333007812
2018-05-14,84.41999816894531,65.64502716064453
2018-05-15,84.0199966430664,65.33399963378906
2018-05-16,84.38999938964844,65.6217041015625
2018-05-17,84.30999755859375,65.55950164794922
2018-05-18,84.0999984741211,65.3962173461914
2018-05-21,84.77999877929688,65.92498779296875
2018-05-22,84.55999755859375,65.75389862060547
2018-05-23,84.73999786376953,65.8938980102539
2018-05-24,84.5199966430664,65.72279357910156
2018-05-25,84.2300033569336,65.49729919433594
2018-05-29,83.33000183105469,64.79745483398438
2018-05-30,84.56999969482422,65.76168823242188
2018-05-31,83.91999816894531,65.2562484741211
2018-06-01,84.62999725341797,65.80831146240234
2018-06-04,84.93000030517578,66.04161834716797
2018-06-05,84.95999908447266,66.06494140625
2018-06-06,85.55999755859375,66.53150177001953
2018-06-07,85.69999694824219,66.6403579711914
2018-06-08,85.9800033569336,66.85810852050781
2018-06-11,85.98999786376953,66.86588287353516
2018-06-12,85.94999694824219,66.83477783203125
2018-06-13,85.41000366210938,66.41485595703125
2018-06-14,85.41999816894531,66.42266082763672
2018-06-15,85.33999633789062,66.36043548583984
2018-06-18,84.83999633789062,65.97164916992188
2018-06-19,84.6500015258789,65.82388305664062
2018-06-20,84.62999725341797,65.80831146240234
2018-06-21,84.06999969482422,65.37287139892578
2018-06-22,83.86000061035156,65.7019271850586
2018-06-25,83.19000244140625,65.17699432373047
2018-06-26,83.08000183105469,65.09082794189453
2018-06-27,82.62000274658203,64.73043823242188
2018-06-28,82.97000122070312,65.00464630126953
2018-06-29,83.05000305175781,65.06733703613281
2018-07-02,83.01000213623047,65.03599548339844
2018-07-03,82.98999786376953,65.02029418945312
2018-07-05,83.66000366210938,65.54524230957031
2018-07-06,84.19999694824219,65.96829986572266
2018-07-09,84.68000030517578,66.3443832397461
2018-07-10,85.26000213623047,66.79879760742188
2018-07-11,84.45999908447266,66.1720199584961
2018-07-12,84.83000183105469,66.46189880371094
2018-07-13,84.76000213623047,66.40705871582031
2018-07-16,84.81999969482422,66.45406341552734
2018-07-17,85.01000213623047,66.60291290283203
2018-07-18,85.06999969482422,66.6499252319336
2018-07-19,84.8499984741211,66.47756958007812
2018-07-20,84.62999725341797,66.30521392822266
2018-07-23,84.69999694824219,66.36005401611328
2018-07-24,85.18000030517578,66.73612976074219
2018-07-25,85.66000366210938,67.11217498779297
2018-07-26,86.08000183105469,67.44125366210938
2018-07-27,85.87999725341797,67.28456115722656
2018-07-30,86.0199966430664,67.39424896240234
2018-07-31,86.44999694824219,67.73111724853516
2018-08-01,85.9000015258789,67.30020904541016
2018-08-02,86.01000213623047,67.38639068603516
2018-08-03,86.63999938964844,67.8799819946289
2018-08-06,86.7699966430664,67.98187255859375
2018-08-07,86.95999908447266,68.13069915771484
2018-08-08,86.77999877929688,67.98968505859375
2018-08-09,86.61000061035156,67.85648345947266
2018-08-10,86.08000183105469,67.44125366210938
2018-08-13,85.70999908447266,67.15135955810547
2018-08-14,86.13999938964844,67.4882583618164
2018-08-15,85.80999755859375,67.22969055175781
2018-08-16,86.8499984741211,68.04450988769531
2018-08-17,87.33000183105469,68.42059326171875
2018-08-20,87.51000213623047,68.56160736083984
2018-08-21,87.62000274658203,68.64781951904297
2018-08-22,87.33000183105469,68.42059326171875
2018-08-23,87.05999755859375,68.20903015136719
2018-08-24,87.44000244140625,68.50677490234375
2018-08-27,87.91000366210938,68.87498474121094
2018-08-28,87.81999969482422,68.80448150634766
2018-08-29,87.9800033569336,68.92984008789062
2018-08-30,87.5199966430664,68.56944274902344
2018-08-31,87.41000366210938,68.48326110839844
2018-09-04,87.27999877929688,68.38142395019531
2018-09-05,87.75,68.74964904785156
2018-09-06,87.58999633789062,68.62427520751953
2018-09-07,87.37000274658203,68.45191955566406
2018-09-10,87.55000305175781,68.59295654296875
2018-09-11,87.44999694824219,68.51459503173828
2018-09-12,87.58000183105469,68.61646270751953
2018-09-13,87.9800033569336,68.92984008789062
2018-09-14,88.04000091552734,68.97685241699219
2018-09-17,88.04000091552734,68.97685241699219
2018-09-18,88.33999633789062,69.21189880371094
2018-09-19,88.41000366210938,69.26673889160156
2018-09-20,89.13999938964844,69.83866119384766
2018-09-21,89.33999633789062,69.99537658691406
2018-09-24,88.61000061035156,69.42340850830078
2018-09-25,88.12000274658203,69.0395278930664
2018-09-26,87.05000305175781,68.72530364990234
2018-09-27,87.05000305175781,68.72530364990234
2018-09-28,87.08999633789062,68.75687408447266
2018-10-01,87.4800033569336,69.06478881835938
2018-10-02,87.86000061035156,69.36478424072266
2018-10-03,87.9000015258789,69.3963623046875
2018-10-04,87.80999755859375,69.32530975341797
2018-10-05,87.55000305175781,69.12006378173828
2018-10-08,87.9800033569336,69.45952606201172
2018-10-09,87.69999694824219,69.23846435546875
2018-10-10,85.75,67.69895935058594
2018-10-11,83.37999725341797,65.827880859375
2018-10-12,83.80999755859375,66.16732788085938
2018-10-15,83.70999908447266,66.08840942382812
2018-10-16,84.94999694824219,67.06737518310547
2018-10-17,85.2300033569336,67.28843688964844
2018-10-18,84.45999908447266,66.68051147460938
2018-10-19,84.54000091552734,66.7436752319336
2018-10-22,83.94999694824219,66.27786254882812
2018-10-23,83.5,65.922607421875
2018-10-24,81.66000366210938,64.46995544433594
2018-10-25,82.44999694824219,65.0936279296875
2018-10-26,81.4000015258789,64.26467895507812
2018-10-29,81.70999908447266,64.5094223022461
2018-10-30,83.12999725341797,65.63050842285156
2018-10-31,83.26000213623047,65.73312377929688
2018-11-01,83.88999938964844,66.23052215576172
2018-11-02,83.62999725341797,66.02523040771484
2018-11-05,84.47000122070312,66.68843841552734
2018-11-06,85.0199966430664,67.12263488769531
2018-11-07,86.18000030517578,68.03843688964844
2018-11-08,86.12999725341797,67.99897003173828
2018-11-09,85.75,67.69895935058594
2018-11-12,84.73999786376953,66.90158081054688
2018-11-13,84.55999755859375,66.75948333740234
2018-11-14,84.0999984741211,66.39629364013672
2018-11-15,84.83999633789062,66.98053741455078
2018-11-16,85.29000091552734,67.33578491210938
2018-11-19,84.93000030517578,67.05158996582031
2018-11-20,83.4800033569336,65.9068374633789
2018-11-21,83.3499984741211,65.8041763305664
2018-11-23,82.8499984741211,65.40945434570312
2018-11-26,83.83999633789062,66.1910400390625
2018-11-27,84.19999694824219,66.4752426147461
2018-11-28,85.43000030517578,67.44632720947266
2018-11-29,85.38999938964844,67.41473388671875
2018-11-30,86.22000122070312,68.07003784179688
2018-12-03,86.7300033569336,68.47265625
2018-12-04,84.4800033569336,66.69631958007812
2018-12-06,84.06999969482422,66.37261199951172
2018-12-07,82.6500015258789,65.25153350830078
2018-12-10,82.54000091552734,65.16470336914062
2018-12-11,82.48999786376953,65.1252212524414
2018-12-12,82.79000091552734,65.362060546875
2018-12-13,82.80999755859375,65.37783813476562
2018-12-14,81.45999908447266,64.3120346069336
2018-12-17,79.94999694824219,63.119911193847656
2018-12-18,79.55000305175781,62.804107666015625
2018-12-19,78.54000091552734,62.00673294067383
2018-12-20,77.62000274658203,61.280391693115234
2018-12-21,76.6500015258789,60.51458740234375
2018-12-24,73.70999908447266,58.76000213623047
2018-12-26,76.62000274658203,61.07978057861328
2018-12-27,77.37000274658203,61.67766571044922
2018-12-28,77.31999969482422,61.6378059387207
2018-12-31,77.98999786376953,62.17190170288086
2019-01-02,78.12000274658203,62.27557373046875
2019-01-03,76.69999694824219,61.14354705810547
2019-01-04,78.93000030517578,62.92125701904297
2019-01-07,79.30999755859375,63.22419357299805
2019-01-08,79.95999908447266,63.74235534667969
2019-01-09,79.94999694824219,63.7343864440918
2019-01-10,80.31999969482422,64.02935028076172
2019-01-11,80.41999816894531,64.10908508300781
2019-01-14,79.9800033569336,63.75830841064453
2019-01-15,80.44999694824219,64.13298034667969
2019-01-16,80.38999938964844,64.08515167236328
2019-01-17,81.0199966430664,64.58738708496094
2019-01-18,82.1500015258789,65.48819732666016
2019-01-22,81.23999786376953,64.76274871826172
2019-01-23,81.5199966430664,64.98594665527344
2019-01-24,81.41999816894531,64.90623474121094
2019-01-25,81.58999633789062,65.04176330566406
2019-01-28,81.18000030517578,64.71491241455078
2019-01-29,81.44000244140625,64.92218017578125
2019-01-30,82.05000305175781,65.40846252441406
2019-01-31,82.75,65.96649932861328
2019-02-01,83.0199966430664,66.18170166015625
2019-02-04,83.26000213623047,66.37303924560547
2019-02-05,83.45999908447266,66.53250122070312
2019-02-06,83.5199966430664,66.58031463623047
2019-02-07,82.91999816894531,66.10201263427734
2019-02-08,83.0,66.1657943725586
2019-02-11,83.06999969482422,66.2215805053711
2019-02-12,84.05000305175781,67.00283813476562
2019-02-13,84.36000061035156,67.24993896484375
2019-02-14,83.97000122070312,66.93903350830078
2019-02-15,85.12000274658203,67.85579681396484
2019-02-19,85.29000091552734,67.99131774902344
2019-02-20,85.6500015258789,68.2783203125
2019-02-21,85.41000366210938,68.08699035644531
2019-02-22,85.83000183105469,68.42179870605469
2019-02-25,86.01000213623047,68.56526947021484
2019-02-26,85.86000061035156,68.44572448730469
2019-02-27,85.95999908447266,68.52542114257812
2019-02-28,85.87000274658203,68.45369720458984
2019-03-01,86.20999908447266,68.72472381591797
2019-03-04,85.91999816894531,68.4935302734375
2019-03-05,85.73999786376953,68.35004425048828
2019-03-06,85.19000244140625,67.9115982055664
2019-03-07,84.69000244140625,67.51302337646484
2019-03-08,84.54000091552734,67.39346313476562
2019-03-11,85.48999786376953,68.15076446533203
2019-03-12,85.55000305175781,68.1985855102539
2019-03-13,86.01000213623047,68.56526947021484
2019-03-14,85.9000015258789,68.47760009765625
2019-03-15,86.43000030517578,68.90010833740234
2019-03-18,86.72000122070312,69.13129425048828
2019-03-19,86.5199966430664,68.97186279296875
2019-03-20,85.9000015258789,68.47760009765625
2019-03-21,86.62999725341797,69.05951690673828
2019-03-22,85.33000183105469,68.0232162475586
2019-03-25,84.48999786376953,67.87218475341797
2019-03-26,85.36000061035156,68.57107543945312
2019-03-27,85.0199966430664,68.29793548583984
2019-03-28,85.20999908447266,68.4505615234375
2019-03-29,85.66000366210938,68.81207275390625
2019-04-01,86.52999877929688,69.51095581054688
2019-04-02,86.33000183105469,69.35028076171875
2019-04-03,86.44999694824219,69.4466781616211
2019-04-04,86.7300033569336,69.67160034179688
2019-04-05,87.08999633789062,69.96080017089844
2019-04-08,87.23999786376953,70.0813217163086
2019-04-09,86.63999938964844,69.59931182861328
2019-04-10,86.91000366210938,69.81620025634766
2019-04-11,87.0199966430664,69.9045639038086
2019-04-12,87.48999786376953,70.28213500976562
2019-04-15,87.44999694824219,70.24996948242188
2019-04-16,87.88999938964844,70.60345458984375
2019-04-17,87.83000183105469,70.5552749633789
2019-04-18,87.66999816894531,70.4267349243164
2019-04-22,87.58999633789062,70.36245727539062
2019-04-23,88.05000305175781,70.73197937011719
2019-04-24,87.76000213623047,70.49903106689453
2019-04-25,87.2699966430664,70.10541534423828
2019-04-26,87.5199966430664,70.30622100830078
2019-04-29,87.63999938964844,70.40262603759766
2019-04-30,88.08999633789062,70.76411437988281
2019-05-01,87.30999755859375,70.1375503540039
2019-05-02,87.1500015258789,70.00898742675781
2019-05-03,87.83999633789062,70.56327819824219
2019-05-06,87.52999877929688,70.31423950195312
2019-05-07,86.31999969482422,69.34223937988281
2019-05-08,86.0199966430664,69.10126495361328
2019-05-09,85.77999877929688,68.90846252441406
2019-05-10,86.3499984741211,69.3663558959961
2019-05-13,84.76000213623047,68.0890884399414
2019-05-14,85.3499984741211,68.56302642822266
2019-05-15,85.58000183105469,68.747802734375
2019-05-16,86.2699966430664,69.30207061767578
2019-05-17,85.94000244140625,69.03701782226562
2019-05-20,85.66000366210938,68.81207275390625
2019-05-21,86.2699966430664,69.30207061767578
2019-05-22,86.0199966430664,69.10126495361328
2019-05-23,85.16000366210938,68.41040802001953
2019-05-24,85.33999633789062,68.55500030517578
2019-05-28,84.12999725341797,67.58300018310547
2019-05-29,83.66000366210938,67.20543670654297
2019-05-30,83.66999816894531,67.21346282958984
2019-05-31,82.52999877929688,66.29766845703125
2019-06-03,83.43000030517578,67.02067565917969
2019-06-04,84.9800033569336,68.26581573486328
2019-06-05,85.44000244140625,68.63533782958984
2019-06-06,86.0,69.08518981933594
2019-06-07,86.37000274658203,69.38243865966797
2019-06-10,86.55000305175781,69.52700805664062
2019-06-11,86.72000122070312,69.66358184814453
2019-06-12,86.5999984741211,69.56717681884766
2019-06-13,86.95999908447266,69.85635375976562
2019-06-14,86.81999969482422,69.74391174316406
2019-06-17,86.0,69.58612060546875
2019-06-18,86.73999786376953,70.18488311767578
2019-06-19,86.83999633789062,70.26578521728516
2019-06-20,87.55999755859375,70.84839630126953
2019-06-21,87.62000274658203,70.89694213867188
2019-06-24,87.5,70.79984283447266
2019-06-25,86.88999938964844,70.3062515258789
2019-06-26,86.5,69.99071502685547
2019-06-27,86.76000213623047,70.2010726928711
2019-06-28,87.37999725341797,70.7027359008789
2019-07-01,87.91000366210938,71.131591796875
2019-07-02,88.08999633789062,71.27721405029297
2019-07-03,88.75,71.81128692626953
2019-07-05,88.58000183105469,71.6737060546875
2019-07-08,88.1500015258789,71.3257827758789
2019-07-09,88.08000183105469,71.26914978027344
2019-07-10,88.33999633789062,71.47952270507812
2019-07-11,88.33999633789062,71.47952270507812
2019-07-12,88.72000122070312,71.7870101928711
2019-07-15,88.77999877929688,71.83554077148438
2019-07-16,88.48999786376953,71.60089111328125
2019-07-17,87.9800033569336,71.18822479248047
2019-07-18,88.45999908447266,71.57660675048828
2019-07-19,88.08999633789062,71.27721405029297
2019-07-22,87.98999786376953,71.19631958007812
2019-07-23,88.5999984741211,71.68989562988281
2019-07-24,89.12000274658203,72.11064910888672
2019-07-25,88.80000305175781,71.85173034667969
2019-07-26,89.22000122070312,72.19156646728516
2019-07-29,89.20999908447266,72.18346405029297
2019-07-30,88.95999908447266,71.98118591308594
2019-07-31,88.01000213623047,71.21250915527344
2019-08-01,87.05000305175781,70.43572235107422
2019-08-02,86.63999938964844,70.10396575927734
2019-08-05,84.51000213623047,68.38050842285156
2019-08-06,85.29000091552734,69.01163482666016
2019-08-07,85.20999908447266,68.9468994140625
2019-08-08,86.58999633789062,70.06353759765625
2019-08-09,86.13999938964844,69.69937896728516
2019-08-12,85.25,68.97929382324219
2019-08-13,86.2699966430664,69.80459594726562
2019-08-14,83.9000015258789,67.88694763183594
2019-08-15,83.93000030517578,67.91120147705078
2019-08-16,85.23999786376953,68.97118377685547
2019-08-19,86.22000122070312,69.76415252685547
2019-08-20,85.45999908447266,69.14918518066406
2019-08-21,86.08999633789062,69.65895080566406
2019-08-22,86.16999816894531,69.7236557006836
2019-08-23,84.06999969482422,68.02448272705078
2019-08-26,84.83999633789062,68.64752960205078
2019-08-27,84.5,68.37240600585938
2019-08-28,85.22000122070312,68.95498657226562
2019-08-29,86.02999877929688,69.61040496826172
2019-08-30,86.16000366210938,69.7155990600586
2019-09-03,85.94000244140625,69.53758239746094
2019-09-04,86.81999969482422,70.24964141845703
2019-09-05,87.75,71.00211334228516
2019-09-06,87.91999816894531,71.13967895507812
2019-09-09,88.44000244140625,71.56043243408203
2019-09-10,88.9000015258789,71.93263244628906
2019-09-11,89.56999969482422,72.47476959228516
2019-09-12,89.75,72.62039947509766
2019-09-13,89.72000122070312,72.59613800048828
2019-09-16,89.31999969482422,72.27247619628906
2019-09-17,89.43000030517578,72.36146545410156
2019-09-18,89.5199966430664,72.43429565429688
2019-09-19,89.44000244140625,72.36955261230469
2019-09-20,89.37000274658203,72.31292724609375
2019-09-23,89.4800033569336,72.40193939208984
2019-09-24,88.19999694824219,71.9986801147461
2019-09-25,88.5199966430664,72.2598876953125
2019-09-26,88.41999816894531,72.17826843261719
2019-09-27,88.45999908447266,72.21090698242188
2019-09-30,88.7300033569336,72.43132019042969
2019-10-01,87.52999877929688,71.45175170898438
2019-10-02,85.97000122070312,70.17829895019531
2019-10-03,86.4800033569336,70.5946273803711
2019-10-04,87.63999938964844,71.54155731201172
2019-10-07,87.20999908447266,71.19053649902344
2019-10-08,85.83999633789062,70.07219696044922
2019-10-09,86.41999816894531,70.54564666748047
2019-10-10,86.94000244140625,70.97012329101562
2019-10-11,87.88999938964844,71.74560546875
2019-10-14,87.7300033569336,71.61500549316406
2019-10-15,88.33000183105469,72.10478973388672
2019-10-16,88.22000122070312,72.0150146484375
2019-10-17,88.44000244140625,72.19459533691406
2019-10-18,88.37000274658203,72.13746643066406
2019-10-21,89.01000213623047,72.65988159179688
2019-10-22,89.06999969482422,72.70887756347656
2019-10-23,89.20999908447266,72.82313537597656
2019-10-24,88.93000030517578,72.59457397460938
2019-10-25,89.38999938964844,72.9700927734375
2019-10-28,89.63999938964844,73.17417907714844
2019-10-29,89.81999969482422,73.32108306884766
2019-10-30,89.91999816894531,73.40271759033203
2019-10-31,89.66000366210938,73.19049072265625
2019-11-01,90.4000015258789,73.79456329345703
2019-11-04,90.80999755859375,74.12924194335938
2019-11-05,90.8499984741211,74.16190338134766
2019-11-06,91.01000213623047,74.29251861572266
2019-11-07,91.2699966430664,74.50475311279297
2019-11-08,91.52999877929688,74.71699523925781
2019-11-11,91.18000030517578,74.43130493164062
2019-11-12,91.19000244140625,74.439453125
2019-11-13,91.08000183105469,74.34967803955078
2019-11-14,90.98999786376953,74.27617645263672
2019-11-15,91.5,74.6925048828125
2019-11-18,91.44000244140625,74.64353942871094
2019-11-19,91.20999908447266,74.4557876586914
2019-11-20,90.87999725341797,74.18639373779297
2019-11-21,90.94999694824219,74.24352264404297
2019-11-22,91.25,74.4884033203125
2019-11-25,91.66000366210938,74.82310485839844
2019-11-26,91.73999786376953,74.88841247558594
2019-11-27,92.05999755859375,75.1496353149414
2019-11-29,91.76000213623047,74.90473175048828
2019-12-02,91.2699966430664,74.50475311279297
2019-12-03,90.5999984741211,73.95783996582031
2019-12-04,91.31999969482422,74.54556274414062
2019-12-05,91.45999908447266,74.65984344482422
2019-12-06,92.23999786376953,75.29658508300781
2019-12-09,92.12999725341797,75.20679473876953
2019-12-10,91.98999786376953,75.0925064086914
2019-12-11,92.1500015258789,75.22310638427734
2019-12-12,93.22000122070312,76.0965576171875
2019-12-13,92.97000122070312,75.8924789428711
2019-12-16,93.56999969482422,76.38226318359375
2019-12-17,93.70999908447266,76.49653625488281
2019-12-18,93.66000366210938,76.45573425292969
2019-12-19,93.8499984741211,76.61082458496094
2019-12-20,94.47000122070312,77.1169662475586
2019-12-23,93.66000366210938,77.0914306640625
2019-12-24,93.62999725341797,77.06674194335938
2019-12-26,93.8499984741211,77.247802734375
2019-12-27,93.87000274658203,77.26427459716797
2019-12-30,93.43000030517578,76.90213012695312
2019-12-31,93.70999908447266,77.13257598876953
2020-01-02,93.97000122070312,77.34660339355469
2020-01-03,93.2300033569336,76.73750305175781
2020-01-06,93.27999877929688,76.7786636352539
2020-01-07,92.9000015258789,76.46588134765625
2020-01-08,93.13999938964844,76.66342163085938
2020-01-09,93.58999633789062,77.03380584716797
2020-01-10,93.2300033569336,76.73750305175781
2020-01-13,93.75,77.1655044555664
2020-01-14,93.86000061035156,77.25605010986328
2020-01-15,93.91999816894531,77.30542755126953
2020-01-16,94.56999969482422,77.84043884277344
2020-01-17,94.77999877929688,78.0133056640625
2020-01-21,94.36000061035156,77.66761779785156
2020-01-22,94.54000091552734,77.81575012207031
2020-01-23,94.44000244140625,77.73345947265625
2020-01-24,93.5999984741211,77.04205322265625
2020-01-27,92.45999908447266,76.10372161865234
2020-01-28,93.05999755859375,76.5975570678711
2020-01-29,92.55999755859375,76.1860122680664
2020-01-30,92.94000244140625,76.498779296875
2020-01-31,91.36000061035156,75.19831848144531
2020-02-03,91.6500015258789,75.43701171875
2020-02-04,92.63999938964844,76.25186157226562
2020-02-05,94.16999816894531,77.51121520996094
2020-02-06,94.19999694824219,77.535888671875
2020-02-07,93.69000244140625,77.11612701416016
2020-02-10,94.0,77.37127685546875
2020-02-11,94.3499984741211,77.65938568115234
2020-02-12,94.5999984741211,77.8651351928711
2020-02-13,94.3499984741211,77.65938568115234
2020-02-14,94.26000213623047,77.5853042602539
2020-02-18,93.7699966430664,77.18195343017578
2020-02-19,93.93000030517578,77.31365966796875
2020-02-20,93.88999938964844,77.28072357177734
2020-02-21,93.44000244140625,76.91035461425781
2020-02-24,90.91999816894531,74.83613586425781
2020-02-25,88.30999755859375,72.68785858154297
2020-02-26,87.70999908447266,72.1939926147461
2020-02-27,83.9800033569336,69.12383270263672
2020-02-28,82.5,67.9056625366211
2020-03-02,86.31999969482422,71.04988861083984
2020-03-03,84.12000274658203,69.23908233642578
2020-03-04,87.5999984741211,72.10346221923828
2020-03-05,84.94000244140625,69.91402435302734
2020-03-06,83.62999725341797,68.83575439453125
2020-03-09,76.97000122070312,63.35392379760742
2020-03-10,79.5199966430664,65.92733764648438
2020-03-11,75.66000366210938,62.7271614074707
2020-03-12,68.19999694824219,56.54230499267578
2020-03-13,74.37000274658203,61.657649993896484
2020-03-16,66.88999938964844,55.45623016357422
2020-03-17,71.61000061035156,59.369422912597656
2020-03-18,68.0199966430664,56.39308166503906
2020-03-19,66.81999969482422,55.39818572998047
2020-03-20,63.63999938964844,52.76176834106445
2020-03-23,60.970001220703125,50.54816818237305
2020-03-24,66.22000122070312,54.9007568359375
2020-03-25,67.08999633789062,55.622047424316406
2020-03-26,71.66999816894531,59.419166564941406
2020-03-27,69.75,57.827354431152344
2020-03-30,72.12000274658203,59.79225158691406
2020-03-31,70.75,58.65643310546875
2020-04-01,67.79000091552734,56.202388763427734
2020-04-02,70.04000091552734,58.06778335571289
2020-04-03,69.02999877929688,57.23042678833008
2020-04-06,73.05000305175781,60.563289642333984
2020-04-07,73.0199966430664,60.53839874267578
2020-04-08,75.58999633789062,62.66912078857422
2020-04-09,77.08999633789062,63.91267395019531
2020-04-13,75.81999969482422,62.85978317260742
2020-04-14,77.69999694824219,64.41842651367188
2020-04-15,75.30999755859375,62.43697738647461
2020-04-16,75.19000244140625,62.337459564208984
2020-04-17,77.87999725341797,64.56766510009766
2020-04-20,76.37000274658203,63.31578063964844
2020-04-21,74.30000305175781,61.59961700439453
2020-04-22,75.62999725341797,62.7022705078125
2020-04-23,75.61000061035156,62.685699462890625
2020-04-24,76.58999633789062,63.4981803894043
2020-04-27,78.04000091552734,64.7003173828125
2020-04-28,78.36000061035156,64.96562957763672
2020-04-29,79.69000244140625,66.06829071044922
2020-04-30,78.01000213623047,64.67545318603516
2020-05-01,75.91999816894531,62.94268798828125
2020-05-04,75.86000061035156,62.8929557800293
2020-05-05,76.26000213623047,63.22458267211914
2020-05-06,75.12999725341797,62.2877197265625
2020-05-07,75.55000305175781,62.63594436645508
2020-05-08,77.30999755859375,64.0950927734375
2020-05-11,76.9000015258789,63.755191802978516
2020-05-12,75.48999786376953,62.58620834350586
2020-05-13,74.0,61.35087966918945
2020-05-14,74.98999786376953,62.17167282104492
2020-05-15,74.94000244140625,62.130218505859375
2020-05-18,77.69999694824219,64.41842651367188
2020-05-19,76.41000366210938,63.34894943237305
2020-05-20,77.55999755859375,64.30237579345703
2020-05-21,77.0199966430664,63.854652404785156
2020-05-22,76.94999694824219,63.79662322998047
2020-05-26,78.63999938964844,65.19776916503906
2020-05-27,80.30999755859375,66.58229064941406
2020-05-28,80.05999755859375,66.37501525878906
2020-05-29,80.22000122070312,66.5076904296875
2020-06-01,80.30000305175781,66.57398986816406
2020-06-02,81.19000244140625,67.31187438964844
2020-06-03,82.77999877929688,68.63009643554688
2020-06-04,83.12000274658203,68.91197204589844
2020-06-05,85.31999969482422,70.73590850830078
2020-06-08,86.77999877929688,71.94636535644531
2020-06-09,85.44999694824219,70.84369659423828
2020-06-10,83.98999786376953,69.63327026367188
2020-06-11,78.76000213623047,65.29725646972656
2020-06-12,79.75,66.11802673339844
2020-06-15,80.23999786376953,66.52427673339844
2020-06-16,81.83999633789062,67.85075378417969
2020-06-17,81.01000213623047,67.16262817382812
2020-06-18,81.1500015258789,67.27870178222656
2020-06-19,80.5,66.73983001708984
2020-06-22,79.54000091552734,66.63678741455078
2020-06-23,79.5999984741211,66.6870346069336
2020-06-24,77.54000091552734,64.96122741699219
2020-06-25,78.37999725341797,65.66496276855469
2020-06-26,76.62999725341797,64.19884490966797
2020-06-29,77.83999633789062,65.21256256103516
2020-06-30,78.77999877929688,66.00006866455078
2020-07-01,78.48999786376953,65.75711059570312
2020-07-02,78.94000244140625,66.13410949707031
2020-07-06,79.68000030517578,66.75404357910156
2020-07-07,78.80000305175781,66.0168228149414
2020-07-08,78.91999816894531,66.11735534667969
2020-07-09,77.56999969482422,64.98635864257812
2020-07-10,79.12999725341797,66.29328918457031
2020-07-13,79.26000213623047,66.40219116210938
2020-07-14,80.2699966430664,67.24834442138672
2020-07-15,81.2699966430664,68.08612060546875
2020-07-16,81.4000015258789,68.19506072998047
2020-07-17,81.55999755859375,68.32909393310547
2020-07-20,80.97000122070312,67.83479309082031
2020-07-21,82.04000091552734,68.73121643066406
2020-07-22,82.43000030517578,69.0579605102539
2020-07-23,82.37000274658203,69.00767517089844
2020-07-24,81.52999877929688,68.30393981933594
2020-07-27,81.58000183105469,68.3458251953125
2020-07-28,81.52999877929688,68.30393981933594
2020-07-29,82.16000366210938,68.83175659179688
2020-07-30,81.51000213623047,68.28719329833984
2020-07-31,81.19999694824219,68.02748107910156
2020-08-03,81.4000015258789,68.19506072998047
2020-08-04,81.91999816894531,68.63066864013672
2020-08-05,82.16000366210938,68.83175659179688
2020-08-06,82.12000274658203,68.79822540283203
2020-08-07,83.05000305175781,69.577392578125
2020-08-10,83.80999755859375,70.2140884399414
2020-08-11,83.77999877929688,70.18894958496094
2020-08-12,84.47000122070312,70.76702117919922
2020-08-13,83.77999877929688,70.18894958496094
2020-08-14,83.9800033569336,70.35650634765625
2020-08-17,83.69999694824219,70.12191772460938
2020-08-18,83.38999938964844,69.86222076416016
2020-08-19,83.1500015258789,69.6611328125
2020-08-20,82.70999908447266,69.29255676269531
2020-08-21,82.63999938964844,69.23387908935547
2020-08-24,83.87999725341797,70.2727279663086
2020-08-25,83.7300033569336,70.14705657958984
2020-08-26,83.37000274658203,69.84546661376953
2020-08-27,83.87000274658203,70.26435852050781
2020-08-28,84.43000030517578,70.7334976196289
2020-08-31,83.79000091552734,70.19733428955078
2020-09-01,83.7300033569336,70.14705657958984
2020-09-02,85.18000030517578,71.36184692382812
2020-09-03,83.61000061035156,70.04652404785156
2020-09-04,83.68000030517578,70.10516357421875
2020-09-08,81.97000122070312,68.6725845336914
2020-09-09,82.91999816894531,69.46846771240234
2020-09-10,81.5999984741211,68.36257934570312
2020-09-11,82.19999694824219,68.86524963378906
2020-09-14,83.13999938964844,69.65275573730469
2020-09-15,82.9800033569336,69.51872253417969
2020-09-16,83.45999908447266,69.9208755493164
2020-09-17,83.18000030517578,69.6862564086914
2020-09-18,82.5199966430664,69.13333129882812
2020-09-21,80.13999938964844,67.71798706054688
2020-09-22,80.23999786376953,67.8024673461914
2020-09-23,78.75,66.54344177246094
2020-09-24,78.94999694824219,66.71243286132812
2020-09-25,79.72000122070312,67.36306762695312
2020-09-28,80.94000244140625,68.39398956298828
2020-09-29,80.30999755859375,67.86163330078125
2020-09-30,80.93000030517578,68.38552856445312
2020-10-01,80.9000015258789,68.36017608642578
2020-10-02,81.0,68.4447021484375
2020-10-05,82.31999969482422,69.5600814819336
2020-10-06,81.72000122070312,69.0530776977539
2020-10-07,83.02999877929688,70.16001892089844
2020-10-08,84.04000091552734,71.01346588134766
2020-10-09,84.08999633789062,71.05571746826172
2020-10-12,84.7699966430664,71.63031005859375
2020-10-13,84.0,70.97965240478516
2020-10-14,83.63999938964844,70.67546081542969
2020-10-15,83.83000183105469,70.83601379394531
2020-10-16,84.05000305175781,71.02191162109375
2020-10-19,82.86000061035156,70.01636505126953
2020-10-20,83.05999755859375,70.18537139892578
2020-10-21,82.62999725341797,69.82202911376953
2020-10-22,83.80999755859375,70.81910705566406
2020-10-23,83.86000061035156,70.86138153076172
2020-10-26,82.36000061035156,69.59385681152344
2020-10-27,81.20999908447266,68.62212371826172
2020-10-28,78.87999725341797,66.65327453613281
2020-10-29,79.51000213623047,67.18562316894531
2020-10-30,79.54000091552734,67.21098327636719
2020-11-02,81.06999969482422,68.50384521484375
2020-11-03,82.33000183105469,69.56851959228516
2020-11-04,82.11000061035156,69.38262939453125
2020-11-05,83.45999908447266,70.52336120605469
2020-11-06,83.30000305175781,70.38818359375
2020-11-09,86.55999755859375,73.14285278320312
2020-11-10,87.77999877929688,74.17374420166016
2020-11-11,87.6500015258789,74.06388854980469
2020-11-12,86.3499984741211,72.96540832519531
2020-11-13,87.83999633789062,74.22444152832031
2020-11-16,89.4000015258789,75.54264068603516
2020-11-17,88.94999694824219,75.16240692138672
2020-11-18,87.97000122070312,74.33430480957031
2020-11-19,88.18000030517578,74.5117416381836
2020-11-20,87.8499984741211,74.23289489746094
2020-11-23,89.0,75.20465087890625
2020-11-24,91.04000091552734,76.92843627929688
2020-11-25,90.44999694824219,76.42989349365234
2020-11-27,90.33999633789062,76.3369369506836
2020-11-30,89.29000091552734,75.44969940185547
2020-12-01,90.16000366210938,76.18485260009766
2020-12-02,90.69999694824219,76.6411361694336
2020-12-03,90.7699966430664,76.7002944946289
2020-12-04,92.06999969482422,77.79876708984375
2020-12-07,91.45999908447266,77.28334045410156
2020-12-08,92.04000091552734,77.7734375
2020-12-09,92.0999984741211,77.82413482666016
2020-12-10,91.8499984741211,77.61287689208984
2020-12-11,91.5,77.31713104248047
2020-12-14,90.55000305175781,76.51439666748047
2020-12-15,91.77999877929688,77.55374145507812
2020-12-16,91.62999725341797,77.42698669433594
2020-12-17,91.83999633789062,77.60443115234375
2020-12-18,91.55999755859375,77.36781311035156
2020-12-21,90.18000030517578,76.88187408447266
2020-12-22,89.51000213623047,76.3106918334961
2020-12-23,90.19000244140625,76.89042663574219
2020-12-24,90.37999725341797,77.05239868164062
2020-12-28,90.61000061035156,77.24845886230469
2020-12-29,90.47000122070312,77.1291275024414
2020-12-30,90.73999786376953,77.35930633544922
2020-12-31,91.51000213623047,78.01576232910156
2021-01-04,90.4000015258789,77.06946563720703
2021-01-05,91.16999816894531,77.72589874267578
2021-01-06,93.45999908447266,79.67821502685547
2021-01-07,94.01000213623047,80.1471176147461
2021-01-08,94.02999877929688,80.1641616821289
2021-01-11,94.45999908447266,80.5307388305664
2021-01-12,94.98999786376953,80.98259735107422
2021-01-13,95.05000305175781,81.03376770019531
2021-01-14,95.62999725341797,81.5282211303711
2021-01-15,94.63999938964844,80.68421173095703
2021-01-19,95.06999969482422,81.05078887939453
2021-01-20,95.08999633789062,81.06783294677734
2021-01-21,94.55999755859375,80.6159896850586
2021-01-22,94.05999755859375,80.18975067138672
2021-01-25,94.26000213623047,80.36023712158203
2021-01-26,94.05999755859375,80.18975067138672
2021-01-27,91.73999786376953,78.21184539794922
2021-01-28,92.69000244140625,79.0217514038086
2021-01-29,90.98999786376953,77.57244110107422
2021-02-01,91.66999816894531,78.15216827392578
2021-02-02,92.7300033569336,79.05586242675781
2021-02-03,93.04000091552734,79.32013702392578
2021-02-04,94.1500015258789,80.26646423339844
2021-02-05,94.52999877929688,80.59042358398438
2021-02-08,95.41000366210938,81.34066009521484
2021-02-09,95.36000061035156,81.29804992675781
2021-02-10,95.41999816894531,81.34918975830078
2021-02-11,95.2300033569336,81.18720245361328
2021-02-12,95.75,81.63053131103516
2021-02-16,96.0199966430664,81.86070251464844
2021-02-17,96.44000244140625,82.21878051757812
2021-02-18,96.05000305175781,81.88627624511719
2021-02-19,96.33000183105469,82.12499237060547
2021-02-22,96.69000244140625,82.4319076538086
2021-02-23,96.94000244140625,82.64505004882812
2021-02-24,98.26000213623047,83.7703857421875
2021-02-25,96.58999633789062,82.34666442871094
2021-02-26,95.1500015258789,81.11900329589844
2021-03-01,97.2300033569336,82.89228057861328
2021-03-02,96.8499984741211,82.56831359863281
2021-03-03,96.80000305175781,82.52569580078125
2021-03-04,95.95999908447266,81.8095474243164
2021-03-05,98.12000274658203,83.65104675292969
2021-03-08,98.95999908447266,84.36717224121094
2021-03-09,98.79000091552734,84.22223663330078
2021-03-10,100.23999786376953,85.45841217041016
2021-03-11,100.22000122070312,85.44136810302734
2021-03-12,101.0999984741211,86.19160461425781
2021-03-15,101.41000366210938,86.45589447021484
2021-03-16,101.05000305175781,86.14900207519531
2021-03-17,101.29000091552734,86.35359954833984
2021-03-18,100.66999816894531,85.82500457763672
2021-03-19,100.31999969482422,85.526611328125
2021-03-22,99.72000122070312,85.5746841430664
2021-03-23,98.69999694824219,84.6993408203125
2021-03-24,98.79000091552734,84.77660369873047
2021-03-25,100.0,85.81494903564453
2021-03-26,101.83000183105469,87.3853759765625
2021-03-29,101.62999725341797,87.2137451171875
2021-03-30,101.43000030517578,87.0421142578125
2021-03-31,101.08999633789062,86.75032806396484
2021-04-01,101.5999984741211,87.18798065185547
2021-04-05,102.3499984741211,87.83160400390625
2021-04-06,102.2699966430664,87.76294708251953
2021-04-07,102.20999908447266,87.71147155761719
2021-04-08,102.0999984741211,87.6170654296875
2021-04-09,102.51000213623047,87.96891784667969
2021-04-12,102.55999755859375,88.0118179321289
2021-04-13,102.12000274658203,87.63422393798828
2021-04-14,102.52999877929688,87.98606872558594
2021-04-15,102.94999694824219,88.34648895263672
2021-04-16,103.58000183105469,88.88713836669922
2021-04-19,103.16000366210938,88.52669525146484
2021-04-20,102.4800033569336,87.94316864013672
2021-04-21,103.47000122070312,88.79273223876953
2021-04-22,102.41000366210938,87.88311767578125
2021-04-23,103.22000122070312,88.57820892333984
2021-04-26,102.9800033569336,88.37225341796875
2021-04-27,103.13999938964844,88.50955963134766
2021-04-28,103.22000122070312,88.57820892333984
2021-04-29,104.3499984741211,89.54792022705078
2021-04-30,103.66999816894531,88.96436309814453
2021-05-03,104.76000213623047,89.89977264404297
2021-05-04,105.08000183105469,90.17435455322266
2021-05-05,105.7300033569336,90.73216247558594
2021-05-06,106.83000183105469,91.67610931396484
2021-05-07,107.43000030517578,92.19100952148438
2021-05-10,107.51000213623047,92.25965881347656
2021-05-11,106.30000305175781,91.22129821777344
2021-05-12,104.66999816894531,89.82252502441406
2021-05-13,106.23999786376953,91.16981506347656
2021-05-14,107.41999816894531,92.18243408203125
2021-05-17,107.4800033569336,92.23392486572266
2021-05-18,106.4000015258789,91.3071060180664
2021-05-19,105.80000305175781,90.79222869873047
2021-05-20,106.37999725341797,91.28993225097656
2021-05-21,106.66999816894531,91.53880310058594
2021-05-24,107.05999755859375,91.87348937988281
2021-05-25,106.20999908447266,91.14407348632812
2021-05-26,106.4000015258789,91.3071060180664
2021-05-27,106.66000366210938,91.53024291992188
2021-05-28,106.80999755859375,91.65896606445312
2021-06-01,107.08000183105469,91.89065551757812
2021-06-02,107.33000183105469,92.10517883300781
2021-06-03,107.48999786376953,92.24250793457031
2021-06-04,107.94999694824219,92.63724517822266
2021-06-07,107.63999938964844,92.37122344970703
2021-06-08,107.44999694824219,92.20818328857422
2021-06-09,107.08000183105469,91.89065551757812
2021-06-10,107.26000213623047,92.04512786865234
2021-06-11,107.33000183105469,92.10517883300781
2021-06-14,106.86000061035156,91.7018814086914
2021-06-15,106.98999786376953,91.81341552734375
2021-06-16,106.2300033569336,91.16122436523438
2021-06-17,104.73999786376953,89.8825912475586
2021-06-18,102.66999816894531,88.1062240600586
2021-06-21,103.77999877929688,89.71588897705078
2021-06-22,103.91999816894531,89.8368911743164
2021-06-23,103.5,89.47381591796875
2021-06-24,104.33999633789062,90.19999694824219
2021-06-25,104.95999908447266,90.73596954345703
2021-06-28,104.55000305175781,90.38154602050781
2021-06-29,104.2300033569336,90.10491180419922
2021-06-30,104.7699966430664,90.57171630859375
2021-07-01,105.41000366210938,91.125
2021-07-02,105.5999984741211,91.28923034667969
2021-07-06,104.37999725341797,90.23456573486328
2021-07-07,104.66999816894531,90.48527526855469
2021-07-08,103.75,89.68994903564453
2021-07-09,105.25,90.9866714477539
2021-07-12,105.63999938964844,91.32380676269531
2021-07-13,104.88999938964844,90.67547607421875
2021-07-14,104.87000274658203,90.6581802368164
2021-07-15,104.93000030517578,90.71004486083984
2021-07-16,104.08999633789062,89.98387145996094
2021-07-19,102.33000183105469,88.46238708496094
2021-07-20,103.66000366210938,89.61214447021484
2021-07-21,104.66999816894531,90.48527526855469
2021-07-22,104.16000366210938,90.04439544677734
2021-07-23,104.81999969482422,90.61495971679688
2021-07-26,105.27999877929688,91.01260375976562
2021-07-27,105.20999908447266,90.95208740234375
2021-07-28,105.05000305175781,90.81375885009766
2021-07-29,105.83000183105469,91.48807525634766
2021-07-30,105.3499984741211,91.0731201171875
2021-08-02,105.1500015258789,90.90023040771484
2021-08-03,106.25,91.85113525390625
2021-08-04,105.13999938964844,90.89159393310547
2021-08-05,105.81999969482422,91.47942352294922
2021-08-06,106.4800033569336,92.04996490478516
2021-08-09,106.37000274658203,91.95488739013672
2021-08-10,107.30999755859375,92.76750946044922
2021-08-11,108.05000305175781,93.40724182128906
2021-08-12,108.16999816894531,93.5109634399414
2021-08-13,108.19999694824219,93.5368881225586
2021-08-16,108.36000061035156,93.67520904541016
2021-08-17,107.8499984741211,93.23432159423828
2021-08-18,106.5,92.0672607421875
2021-08-19,106.13999938964844,91.75606536865234
2021-08-20,106.77999877929688,92.309326171875
2021-08-23,107.37000274658203,92.81937408447266
2021-08-24,107.38999938964844,92.836669921875
2021-08-25,107.76000213623047,93.1565170288086
2021-08-26,107.0999984741211,92.58596801757812
2021-08-27,107.94000244140625,93.31214141845703
2021-08-30,107.66999816894531,93.07872772216797
2021-08-31,107.55000305175781,92.97499084472656
2021-09-01,107.1500015258789,92.62918853759766
2021-09-02,107.93000030517578,93.30347442626953
2021-09-03,107.58000183105469,93.00091552734375
2021-09-07,106.55999755859375,92.11914825439453
2021-09-08,106.55000305175781,92.11048126220703
2021-09-09,105.98999786376953,91.62638092041016
2021-09-10,105.44999694824219,91.1595687866211
2021-09-13,106.19000244140625,91.79927825927734
2021-09-14,105.12000274658203,90.87431335449219
2021-09-15,106.05000305175781,91.6782455444336
2021-09-16,105.55000305175781,91.24600219726562
2021-09-17,104.86000061035156,90.64952850341797
2021-09-20,102.5,89.246826171875
2021-09-21,102.30000305175781,89.07268524169922
2021-09-22,103.20999908447266,89.86502838134766
2021-09-23,104.61000061035156,91.08399963378906
2021-09-24,104.83999633789062,91.28424835205078
2021-09-27,105.5199966430664,91.87635040283203
2021-09-28,104.4000015258789,90.90116119384766
2021-09-29,104.91000366210938,91.34520721435547
2021-09-30,103.3499984741211,89.9869155883789
2021-10-01,104.61000061035156,91.08399963378906
2021-10-04,104.33000183105469,90.84020233154297
2021-10-05,105.05999755859375,91.4758071899414
2021-10-06,105.22000122070312,91.6151351928711
2021-10-07,105.97000122070312,92.2681655883789
2021-10-08,105.95999908447266,92.25946044921875
2021-10-11,105.22000122070312,91.6151351928711
2021-10-12,104.81999969482422,91.26685333251953
2021-10-13,104.94000244140625,91.37132263183594
2021-10-14,106.55999755859375,92.78187561035156
2021-10-15,107.22000122070312,93.35655975341797
2021-10-18,106.8499984741211,93.03437805175781
2021-10-19,107.8499984741211,93.90507507324219
2021-10-20,108.7699966430664,94.70611572265625
2021-10-21,108.38999938964844,94.375244140625
2021-10-22,108.66999816894531,94.61905670166016
2021-10-25,108.9000015258789,94.8193130493164
2021-10-26,108.95999908447266,94.87155151367188
2021-10-27,107.55999755859375,93.6525650024414
2021-10-28,108.54000091552734,94.50586700439453
2021-10-29,108.44000244140625,94.41878509521484
2021-11-01,108.91999816894531,94.83673858642578
2021-11-02,109.37999725341797,95.23724365234375
2021-11-03,109.98999786376953,95.76837921142578
2021-11-04,109.66999816894531,95.48974609375
2021-11-05,110.33999633789062,96.07313537597656
2021-11-08,110.33000183105469,96.06440734863281
2021-11-09,110.25,95.99475860595703
2021-11-10,110.2300033569336,95.97735595703125
2021-11-11,110.3499984741211,96.08181762695312
2021-11-12,110.5199966430664,96.22984313964844
2021-11-15,110.70999908447266,96.39527130126953
2021-11-16,110.69000244140625,96.37785339355469
2021-11-17,110.19000244140625,95.94252014160156
2021-11-18,109.8499984741211,95.646484375
2021-11-19,108.86000061035156,94.78447723388672
2021-11-22,109.66999816894531,95.48974609375
2021-11-23,110.69999694824219,96.3865737915039
2021-11-24,110.51000213623047,96.22114562988281
2021-11-26,108.22000122070312,94.22722625732422
2021-11-29,108.4800033569336,94.45360565185547
2021-11-30,105.93000030517578,92.23333740234375
2021-12-01,105.37000274658203,91.7457275390625
2021-12-02,107.29000091552734,93.41748046875
2021-12-03,107.37999725341797,93.495849609375
2021-12-06,108.66999816894531,94.61905670166016
2021-12-07,109.73999786376953,95.55068969726562
2021-12-08,109.44000244140625,95.28949737548828
2021-12-09,109.30000305175781,95.1676025390625
2021-12-10,110.08000183105469,95.84674072265625
2021-12-13,109.62000274658203,95.44622039794922
2021-12-14,109.7699966430664,95.5768051147461
2021-12-15,110.91999816894531,96.57813262939453
2021-12-16,111.70999908447266,97.26598358154297
2021-12-17,109.93000030517578,95.71612548828125
2021-12-20,108.11000061035156,94.94243621826172
2021-12-21,109.19999694824219,95.8996810913086
2021-12-22,109.8499984741211,96.47050476074219
2021-12-23,110.45999908447266,97.0062026977539
2021-12-27,111.69000244140625,98.0864028930664
2021-12-28,111.94000244140625,98.30594635009766
2021-12-29,112.16000366210938,98.49916076660156
2021-12-30,111.97000122070312,98.33230590820312
2021-12-31,112.11000061035156,98.45524597167969
2022-01-03,112.63999938964844,98.92068481445312
2022-01-04,114.0199966430664,100.13259887695312
2022-01-05,113.58999633789062,99.7549819946289
2022-01-06,114.0199966430664,100.13259887695312
2022-01-07,114.55000305175781,100.59806823730469
2022-01-10,114.44000244140625,100.50144958496094
2022-01-11,115.0,100.99324798583984
2022-01-12,115.01000213623047,101.00202941894531
2022-01-13,114.8499984741211,100.86152648925781
2022-01-14,114.6500015258789,100.68588256835938
2022-01-18,113.12000274658203,99.34223175048828
2022-01-19,112.19999694824219,98.53427124023438
2022-01-20,111.08000183105469,97.55070495605469
2022-01-21,109.8499984741211,96.47050476074219
2022-01-24,110.08000183105469,96.67250061035156
2022-01-25,110.16000366210938,96.74276733398438
2022-01-26,109.66000366210938,96.30364990234375
2022-01-27,109.52999877929688,96.18948364257812
2022-01-28,110.7300033569336,97.24333953857422
2022-01-31,111.5199966430664,97.93710327148438
2022-02-01,112.4800033569336,98.7801742553711
2022-02-02,113.41999816894531,99.6056900024414
2022-02-03,112.36000061035156,98.6747817993164
2022-02-04,112.18000030517578,98.51671600341797
2022-02-07,112.33000183105469,98.64845275878906
2022-02-08,113.01000213623047,99.24563598632812
2022-02-09,113.6500015258789,99.80769348144531
2022-02-10,112.18000030517578,98.51671600341797
2022-02-11,111.38999938964844,97.82292175292969
2022-02-14,110.55000305175781,97.08525848388672
2022-02-15,111.55000305175781,97.96345520019531
2022-02-16,111.72000122070312,98.11275482177734
2022-02-17,110.45999908447266,97.0062026977539
2022-02-18,110.22000122070312,96.79544830322266
2022-02-22,109.19000244140625,95.8908920288086
2022-02-23,107.97000122070312,94.8194808959961
2022-02-24,107.23999786376953,94.17838287353516
2022-02-25,110.47000122070312,97.01498413085938
2022-02-28,109.87999725341797,96.49685668945312
2022-03-01,108.2300033569336,95.04782104492188
2022-03-02,110.47000122070312,97.01498413085938
2022-03-03,110.76000213623047,97.26966857910156
2022-03-04,110.66000366210938,97.1818618774414
2022-03-07,108.79000091552734,95.53961944580078
2022-03-08,107.81999969482422,94.687744140625
2022-03-09,109.16000366210938,95.86454772949219
2022-03-10,109.0,95.72403717041016
2022-03-11,108.37999725341797,95.17955780029297
2022-03-14,108.52999877929688,95.31129455566406
2022-03-15,109.75,96.38269805908203
2022-03-16,110.81999969482422,97.3223876953125
2022-03-17,112.01000213623047,98.36742401123047
2022-03-18,112.19000244140625,98.5254898071289
2022-03-21,111.86000061035156,98.81880950927734
2022-03-22,112.5,99.3841781616211
2022-03-23,111.37999725341797,98.3947525024414
2022-03-24,112.4800033569336,99.36650848388672
2022-03-25,113.63999938964844,100.3912582397461
2022-03-28,113.37999725341797,100.16157531738281
2022-03-29,114.1500015258789,100.84181213378906
2022-03-30,113.81999969482422,100.5502700805664
2022-03-31,112.25,99.163330078125
2022-04-01,112.7300033569336,99.58736419677734
2022-04-04,112.58000183105469,99.45484924316406
2022-04-05,111.91999816894531,98.8718032836914
2022-04-06,112.22000122070312,99.1368179321289
2022-04-07,112.76000213623047,99.61387634277344
2022-04-08,113.4000015258789,100.17925262451172
2022-04-11,112.4800033569336,99.36650848388672
2022-04-12,112.27999877929688,99.1898422241211
2022-04-13,112.81999969482422,99.66686248779297
2022-04-14,112.36000061035156,99.260498046875
2022-04-18,112.45999908447266,99.3488540649414
2022-04-19,113.62999725341797,100.38241577148438
2022-04-20,114.56999969482422,101.21283721923828
2022-04-21,113.44999694824219,100.22343444824219
2022-04-22,110.68000030517578,97.77637481689453
2022-04-25,110.69000244140625,97.78518676757812
2022-04-26,108.88999938964844,96.19505310058594
2022-04-27,109.05000305175781,96.33641052246094
2022-04-28,110.73999786376953,97.82937622070312
2022-04-29,107.52999877929688,94.99360656738281
2022-05-02,107.88999938964844,95.31163787841797
2022-05-03,108.7699966430664,96.08903503417969
2022-05-04,111.8499984741211,98.8099594116211
2022-05-05,109.41000366210938,96.65443420410156
2022-05-06,109.5199966430664,96.7515869140625
2022-05-09,107.4000015258789,94.87876892089844
2022-05-10,106.94000244140625,94.4723892211914
2022-05-11,106.4000015258789,93.99535369873047
2022-05-12,106.72000122070312,94.27804565429688
2022-05-13,108.06999969482422,95.47066497802734
2022-05-16,108.54000091552734,95.8858642578125
2022-05-17,110.26000213623047,97.40532684326172
2022-05-18,106.62999725341797,94.19853973388672
2022-05-19,105.4800033569336,93.1826171875
2022-05-20,105.80999755859375,93.4741439819336
2022-05-23,107.62000274658203,95.07310485839844
2022-05-24,108.2699966430664,95.64733123779297
2022-05-25,109.16000366210938,96.43356323242188
2022-05-26,110.55000305175781,97.66152954101562
2022-05-27,112.13999938964844,99.0661392211914
2022-05-31,111.30999755859375,98.3329086303711
2022-06-01,110.52999877929688,97.64385986328125
2022-06-02,111.4800033569336,98.48310089111328
2022-06-03,110.7300033569336,97.82054138183594
2022-06-06,110.88999938964844,97.9618911743164
2022-06-07,112.08000183105469,99.01314544677734
2022-06-08,110.69999694824219,97.79402923583984
2022-06-09,108.45999908447266,95.81519317626953
2022-06-10,106.2300033569336,93.84516906738281
2022-06-13,102.94999694824219,90.94756317138672
2022-06-14,102.11000061035156,90.20548248291016
2022-06-15,102.54000091552734,90.58536529541016
2022-06-16,99.86000061035156,88.21781921386719
2022-06-17,99.19999694824219,87.63475036621094
2022-06-21,100.77999877929688,89.79818725585938
2022-06-22,100.4800033569336,89.53086853027344
2022-06-23,100.62999725341797,89.66453552246094
2022-06-24,103.30999755859375,92.05249786376953
2022-06-27,103.51000213623047,92.23069763183594
2022-06-28,102.56999969482422,91.39311981201172
2022-06-29,102.08999633789062,90.96543884277344
2022-06-30,101.69999694824219,90.61793518066406
2022-07-01,102.7300033569336,91.53569030761719
2022-07-05,101.55000305175781,90.48428344726562
2022-07-06,101.55999755859375,90.49319458007812
2022-07-07,102.69999694824219,91.50894927978516
2022-07-08,102.51000213623047,91.33967590332031
2022-07-11,102.05000305175781,90.92980194091797
2022-07-12,101.48999786376953,90.4308090209961
2022-07-13,100.88999938964844,89.89619445800781
2022-07-14,100.1500015258789,89.23684692382812
2022-07-15,101.94999694824219,90.84070587158203
2022-07-18,101.30000305175781,90.26154327392578
2022-07-19,103.41999816894531,92.15049743652344
2022-07-20,103.29000091552734,92.0346908569336
2022-07-21,103.4800033569336,92.20397186279297
2022-07-22,103.29000091552734,92.0346908569336
2022-07-25,104.04000091552734,92.70296478271484
2022-07-26,103.55000305175781,92.26634216308594
2022-07-27,104.77999877929688,93.36231231689453
2022-07-28,105.61000061035156,94.10187530517578
2022-07-29,106.37999725341797,94.7879638671875
2022-08-01,106.2300033569336,94.65430450439453
2022-08-02,105.33000183105469,93.85237884521484
2022-08-03,106.02999877929688,94.4760971069336
2022-08-04,105.30999755859375,93.83454895019531
2022-08-05,105.5999984741211,94.09296417236328
2022-08-08,105.72000122070312,94.19988250732422
2022-08-09,105.88999938964844,94.35134887695312
2022-08-10,107.45999908447266,95.75029754638672
2022-08-11,108.01000213623047,96.2403564453125
2022-08-12,109.44999694824219,97.52342224121094
2022-08-15,109.66999816894531,97.7194595336914
2022-08-16,110.26000213623047,98.24516296386719
2022-08-17,109.76000213623047,97.79963684082031
2022-08-18,110.27999877929688,98.26298522949219
2022-08-19,109.5,97.56798553466797
2022-08-22,107.76000213623047,96.01759338378906
2022-08-23,107.5999984741211,95.8750228881836
2022-08-24,107.76000213623047,96.01759338378906
2022-08-25,109.06999969482422,97.18482971191406
2022-08-26,106.23999786376953,94.66322326660156
2022-08-29,105.80999755859375,94.28008270263672
2022-08-30,104.58999633789062,93.19300079345703
2022-08-31,103.7699966430664,92.46236419677734
2022-09-01,104.2300033569336,92.87225341796875
2022-09-02,103.44999694824219,92.17723846435547
2022-09-06,103.04000091552734,91.81192779541016
2022-09-07,104.5199966430664,93.13065338134766
2022-09-08,105.26000213623047,93.79000854492188
2022-09-09,106.5,94.8948974609375
2022-09-12,107.3499984741211,95.65228271484375
2022-09-13,103.6500015258789,92.35545349121094
2022-09-14,104.13999938964844,92.79205322265625
2022-09-15,103.38999938964844,92.123779296875
2022-09-16,102.94999694824219,91.73171997070312
2022-09-19,102.8499984741211,92.33049774169922
2022-09-20,101.58000183105469,91.1904067993164
2022-09-21,100.12999725341797,89.8886947631836
2022-09-22,99.6500015258789,89.45780181884766
2022-09-23,97.76000213623047,87.76109313964844
2022-09-26,96.36000061035156,86.50430297851562
2022-09-27,95.9000015258789,86.09135437011719
2022-09-28,97.77999877929688,87.77906036376953
2022-09-29,96.2699966430664,86.42350006103516
2022-09-30,94.87999725341797,85.17566680908203
2022-10-03,97.4800033569336,87.50975036621094
2022-10-04,100.3499984741211,90.0862045288086
2022-10-05,100.0999984741211,89.86177062988281
2022-10-06,98.83999633789062,88.73063659667969
2022-10-07,96.95999908447266,87.04293060302734
2022-10-10,96.58000183105469,86.70179748535156
2022-10-11,96.44999694824219,86.58509063720703
2022-10-12,96.13999938964844,86.30680847167969
2022-10-13,99.0199966430664,88.8922348022461
2022-10-14,97.44999694824219,87.4828109741211
2022-10-17,99.16000366210938,89.0179214477539
2022-10-18,100.4000015258789,90.13109588623047
2022-10-19,99.86000061035156,89.64632415771484
2022-10-20,98.9000015258789,88.78450012207031
2022-10-21,101.38999938964844,91.01982879638672
2022-10-24,102.63999938964844,92.1419906616211
2022-10-25,103.66000366210938,93.05766296386719
2022-10-26,104.33000183105469,93.65913391113281
2022-10-27,104.66000366210938,93.95537567138672
2022-10-28,106.80999755859375,95.88546752929688
2022-10-31,106.4800033569336,95.58921813964844
2022-11-01,106.77999877929688,95.8585433959961
2022-11-02,105.19000244140625,94.4311752319336
2022-11-03,105.0199966430664,94.27855682373047
2022-11-04,106.62999725341797,95.72389221191406
2022-11-07,107.54000091552734,96.54080963134766
2022-11-08,108.1500015258789,97.08842468261719
2022-11-09,106.30000305175781,95.42765045166016
2022-11-10,110.0199966430664,98.76715850830078
2022-11-11,110.27999877929688,99.00056457519531
2022-11-14,109.70999908447266,98.48883819580078
2022-11-15,110.20999908447266,98.93772888183594
2022-11-16,109.52999877929688,98.32726287841797
2022-11-17,109.61000061035156,98.39909362792969
2022-11-18,110.38999938964844,99.09931945800781
2022-11-21,110.68000030517578,99.35963439941406
2022-11-22,112.08000183105469,100.61646270751953
2022-11-23,112.12999725341797,100.6613540649414
2022-11-25,112.48999786376953,100.9845199584961
2022-11-28,110.95999908447266,99.61102294921875
2022-11-29,111.19999694824219,99.82646942138672
2022-11-30,113.1500015258789,101.57701873779297
2022-12-01,113.05000305175781,101.48725891113281
2022-12-02,113.0,101.44236755371094
2022-12-05,111.0199966430664,99.66488647460938
2022-12-06,109.9000015258789,98.65943145751953
2022-12-07,109.87999725341797,98.64146423339844
2022-12-08,110.45999908447266,99.16216278076172
2022-12-09,109.5,98.30034637451172
2022-12-12,111.12000274658203,99.7546615600586
2022-12-13,111.5199966430664,100.11373138427734
2022-12-14,111.0199966430664,99.66488647460938
2022-12-15,109.01000213623047,97.86046600341797
2022-12-16,107.98999786376953,96.94477844238281
2022-12-19,106.63999938964844,96.60506439208984
2022-12-20,106.94000244140625,96.87684631347656
2022-12-21,108.37000274658203,98.17225646972656
2022-12-22,107.45999908447266,97.34791564941406
2022-12-23,108.29000091552734,98.09981536865234
2022-12-27,108.61000061035156,98.38970184326172
2022-12-28,107.44999694824219,97.3388442993164
2022-12-29,108.4800033569336,98.27191162109375
2022-12-30,108.20999908447266,98.0273208618164
2023-01-03,108.0199966430664,97.85521697998047
2023-01-04,108.94000244140625,98.68864440917969
2023-01-05,108.38999938964844,98.19039154052734
2023-01-06,110.7699966430664,100.346435546875
2023-01-09,109.81999969482422,99.48582458496094
2023-01-10,110.33999633789062,99.95689392089844
2023-01-11,110.88999938964844,100.45514678955078
2023-01-12,111.08000183105469,100.62727355957031
2023-01-13,111.44000244140625,100.95339965820312
2023-01-17,110.76000213623047,100.33737182617188
2023-01-18,108.54000091552734,98.32627868652344
2023-01-19,107.80999755859375,97.66496276855469
2023-01-20,108.87999725341797,98.63428497314453
2023-01-23,109.61000061035156,99.29559326171875
2023-01-24,109.7300033569336,99.40430450439453
2023-01-25,109.97000122070312,99.6217041015625
2023-01-26,110.69000244140625,100.27396392822266
2023-01-27,110.26000213623047,99.88442993164062
2023-01-30,109.48999786376953,99.18688201904297
2023-01-31,110.7699966430664,100.346435546875
2023-02-01,110.95999908447266,100.5185546875
2023-02-02,110.83000183105469,100.4007797241211
2023-02-03,110.19000244140625,99.82100677490234
2023-02-06,109.95999908447266,99.6126480102539
2023-02-07,110.68000030517578,100.26490783691406
2023-02-08,109.83999633789062,99.50393676757812
2023-02-09,108.83999633789062,98.59805297851562
2023-02-10,110.05999755859375,99.70323181152344
2023-02-13,111.08999633789062,100.63633728027344
2023-02-14,110.55000305175781,100.14714050292969
2023-02-15,110.51000213623047,100.11090087890625
2023-02-16,109.62999725341797,99.3136978149414
2023-02-17,109.7699966430664,99.44052124023438
2023-02-21,108.0199966430664,97.85521697998047
2023-02-22,107.7300033569336,97.59251403808594
2023-02-23,107.94000244140625,97.7827377319336
2023-02-24,107.54000091552734,97.42037200927734
2023-02-27,107.51000213623047,97.39319610595703
2023-02-28,106.87999725341797,96.82247924804688
2023-03-01,106.81999969482422,96.76812744140625
2023-03-02,107.33999633789062,97.23918914794922
2023-03-03,108.51000213623047,98.29910278320312
2023-03-06,108.48999786376953,98.28099060058594
2023-03-07,106.63999938964844,96.60506439208984
2023-03-08,106.44000244140625,96.42388916015625
2023-03-09,104.37000274658203,94.5486831665039
2023-03-10,103.31999969482422,93.59748840332031
2023-03-13,102.33000183105469,92.70065307617188
2023-03-14,103.5199966430664,93.7786636352539
2023-03-15,102.23999786376953,92.61909484863281
2023-03-16,103.22000122070312,93.50688934326172
2023-03-17,101.5199966430664,91.96686553955078
2023-03-20,102.19999694824219,93.2414321899414
2023-03-21,103.30000305175781,94.2449951171875
2023-03-22,101.31999969482422,92.43854522705078
2023-03-23,100.81999969482422,91.98239135742188
2023-03-24,101.69999694824219,92.78524017333984
2023-03-27,102.63999938964844,93.64286041259766
2023-03-28,102.87999725341797,93.86180877685547
2023-03-29,104.06999969482422,94.9474868774414
2023-03-30,104.37000274658203,95.22120666503906
2023-03-31,105.5,96.25214385986328
2023-04-03,106.30000305175781,96.98202514648438
2023-04-04,105.33000183105469,96.09705352783203
2023-04-05,105.93000030517578,96.64446258544922
2023-04-06,105.91999816894531,96.63533020019531
2023-04-10,106.25,96.93639373779297
2023-04-11,106.77999877929688,97.41995239257812
2023-04-12,106.48999786376953,97.1553726196289
2023-04-13,107.0999984741211,97.71189880371094
2023-04-14,107.06999969482422,97.68452453613281
2023-04-17,107.63999938964844,98.20455169677734
2023-04-18,107.6500015258789,98.21368408203125
2023-04-19,107.68000030517578,98.24105834960938
2023-04-20,107.01000213623047,97.62979125976562
2023-04-21,106.9800033569336,97.6024169921875
2023-04-24,107.33999633789062,97.93085479736328
2023-04-25,106.06999969482422,96.77217102050781
2023-04-26,104.68000030517578,95.5040283203125
2023-04-27,105.91000366210938,96.62622833251953
2023-04-28,106.83999633789062,97.47467803955078
2023-05-01,106.79000091552734,97.42906951904297
2023-05-02,104.93000030517578,95.73210144042969
2023-05-03,103.91000366210938,94.80152893066406
2023-05-04,102.87000274658203,93.8526840209961
2023-05-05,104.54000091552734,95.37630462646484
2023-05-08,104.45999908447266,95.30329895019531
2023-05-09,104.02999877929688,94.91100311279297
2023-05-10,103.80000305175781,94.70116424560547
2023-05-11,103.2699966430664,94.21760559082031
2023-05-12,103.30000305175781,94.2449951171875
2023-05-15,103.56999969482422,94.49131774902344
2023-05-16,102.11000061035156,93.15930938720703
2023-05-17,103.41000366210938,94.34534454345703
2023-05-18,103.75,94.65554809570312
2023-05-19,103.68000030517578,94.59168243408203
2023-05-22,103.48999786376953,94.41832733154297
2023-05-23,103.2300033569336,94.18114471435547
2023-05-24,102.3499984741211,93.37825775146484
2023-05-25,101.68000030517578,92.76700592041016
2023-05-26,102.37999725341797,93.4056396484375
2023-05-30,102.0,93.0589370727539
2023-05-31,101.36000061035156,92.47505950927734
2023-06-01,101.87000274658203,92.9403305053711
2023-06-02,104.05000305175781,94.92925262451172
2023-06-05,103.5199966430664,94.44569396972656
2023-06-06,103.94000244140625,94.82890319824219
2023-06-07,105.13999938964844,95.92369842529297
2023-06-08,105.31999969482422,96.08792114257812
2023-06-09,105.12999725341797,95.9145736694336
2023-06-12,105.37999725341797,96.14265441894531
2023-06-13,106.12999725341797,96.826904296875
2023-06-14,105.81999969482422,96.54409790039062
2023-06-15,107.05000305175781,97.66629028320312
2023-06-16,107.0999984741211,97.71189880371094
2023-06-20,105.13999938964844,96.71566009521484
2023-06-21,105.0,96.58687591552734
2023-06-22,104.51000213623047,96.13613891601562
2023-06-23,103.54000091552734,95.2438735961914
2023-06-26,104.08000183105469,95.74061584472656
2023-06-27,104.75,96.3569107055664
2023-06-28,104.41999816894531,96.05335998535156
2023-06-29,105.25,96.81684875488281
2023-06-30,106.06999969482422,97.57115173339844
2023-07-03,106.63999938964844,98.0954818725586
2023-07-05,106.13999938964844,97.63554382324219
2023-07-06,104.9800033569336,96.5685043334961
2023-07-07,104.88999938964844,96.48570251464844
2023-07-10,105.54000091552734,97.0836181640625
2023-07-11,106.56999969482422,98.03108978271484
2023-07-12,107.02999877929688,98.45423126220703
2023-07-13,107.38999938964844,98.78539276123047
2023-07-14,106.62999725341797,98.08628845214844
2023-07-17,106.70999908447266,98.15986633300781
2023-07-18,107.41000366210938,98.80377960205078
2023-07-19,108.25,99.57647705078125
2023-07-20,109.2300033569336,100.47796630859375
2023-07-21,109.56999969482422,100.79072570800781
2023-07-24,110.18000030517578,101.35184478759766
2023-07-25,109.95999908447266,101.14945983886719
2023-07-26,110.33999633789062,101.49901580810547
2023-07-27,109.62999725341797,100.84590148925781
2023-07-28,110.16999816894531,101.34263610839844
2023-07-31,110.33000183105469,101.48982238769531
2023-08-01,110.05000305175781,101.23225402832031
2023-08-02,109.31999969482422,100.56075286865234
2023-08-03,109.04000091552734,100.30319213867188
2023-08-04,108.51000213623047,99.8156509399414
2023-08-07,109.44000244140625,100.671142578125
2023-08-08,108.91999816894531,100.19278717041016
2023-08-09,108.72000122070312,100.00880432128906
2023-08-10,108.63999938964844,99.93524169921875
2023-08-11,109.08999633789062,100.34917449951172
2023-08-14,108.87000274658203,100.14679718017578
2023-08-15,107.37999725341797,98.77619171142578
2023-08-16,106.80000305175781,98.24266815185547
2023-08-17,106.58999633789062,98.04949188232422
2023-08-18,106.87000274658203,98.30705261230469
2023-08-21,106.56999969482422,98.03108978271484
2023-08-22,105.87000274658203,97.38717651367188
2023-08-23,106.44000244140625,97.91151428222656
2023-08-24,105.80999755859375,97.33198547363281
2023-08-25,106.37000274658203,97.84711456298828
2023-08-28,106.93000030517578,98.36224365234375
2023-08-29,107.7699966430664,99.13493347167969
2023-08-30,107.9000015258789,99.2545166015625
2023-08-31,107.69000244140625,99.06134796142578
2023-09-01,108.02999877929688,99.37411499023438
2023-09-05,106.95999908447266,98.38983917236328
2023-09-06,106.48999786376953,97.9574966430664
2023-09-07,106.45999908447266,97.92990112304688
2023-09-08,106.93000030517578,98.36224365234375
2023-09-11,107.13999938964844,98.555419921875
2023-09-12,107.5,98.88658142089844
2023-09-13,107.38999938964844,98.78539276123047
2023-09-14,108.66000366210938,99.9536361694336
2023-09-15,107.7699966430664,99.13493347167969
2023-09-18,107.08000183105469,99.22296905517578
2023-09-19,106.7300033569336,98.8986587524414
2023-09-20,106.33999633789062,98.53726196289062
2023-09-21,104.95999908447266,97.25852966308594
2023-09-22,104.66000366210938,96.98052978515625
2023-09-25,104.95999908447266,97.25852966308594
2023-09-26,103.5999984741211,95.99832153320312
2023-09-27,103.56999969482422,95.97051239013672
2023-09-28,103.87999725341797,96.25775909423828
2023-09-29,103.31999969482422,95.73885345458984
2023-10-02,102.08000183105469,94.58985900878906
2023-10-03,101.26000213623047,93.83001708984375
2023-10-04,101.18000030517578,93.75587463378906
2023-10-05,100.77999877929688,93.3852310180664
2023-10-06,101.30999755859375,93.87633514404297
2023-10-09,102.36000061035156,94.84928894042969
2023-10-10,102.98999786376953,95.4330825805664
2023-10-11,102.87000274658203,95.32188415527344
2023-10-12,102.25,94.74737548828125
2023-10-13,102.45999908447266,94.94195556640625
2023-10-16,103.54000091552734,95.9427261352539
2023-10-17,103.97000122070312,96.34115600585938
2023-10-18,103.05000305175781,95.48867797851562
2023-10-19,102.19999694824219,94.70104217529297
2023-10-20,101.20999908447266,93.78367614746094
2023-10-23,100.3499984741211,92.98678588867188
2023-10-24,101.06999969482422,93.6539535522461
2023-10-25,100.55000305175781,93.1720962524414
2023-10-26,100.23999786376953,92.88484191894531
2023-10-27,98.70999908447266,91.46710968017578
2023-10-30,99.80999755859375,92.48641967773438
2023-10-31,100.44999694824219,93.0794448852539
2023-11-01,100.91999816894531,93.51496887207031
2023-11-02,102.9800033569336,95.42381286621094
2023-11-03,103.81999969482422,96.20217895507812
2023-11-06,103.45999908447266,95.86859893798828
2023-11-07,102.91999816894531,95.36820220947266
2023-11-08,102.5,94.97903442382812
2023-11-09,101.58999633789062,94.13579559326172
2023-11-10,102.6500015258789,95.11802673339844
2023-11-13,102.51000213623047,94.98828887939453
2023-11-14,104.54000091552734,96.86934661865234
2023-11-15,105.12999725341797,97.41604614257812
2023-11-16,104.66999816894531,96.98979949951172
2023-11-17,105.2699966430664,97.5457763671875
2023-11-20,105.5,97.7589111328125
2023-11-21,105.29000091552734,97.56431579589844
2023-11-22,105.66999816894531,97.91642761230469
2023-11-24,106.01000213623047,98.23147583007812
2023-11-27,105.66000366210938,97.90716552734375
2023-11-28,105.68000030517578,97.92568969726562
2023-11-29,105.83000183105469,98.06468963623047
2023-11-30,106.73999786376953,98.90791320800781
2023-12-01,107.83999633789062,99.92719268798828
2023-12-04,107.94000244140625,100.0198745727539
2023-12-05,107.22000122070312,99.35269927978516
2023-12-06,106.98999786376953,99.13957214355469
2023-12-07,107.33000183105469,99.45462036132812
2023-12-08,107.5999984741211,99.70482635498047
2023-12-11,108.66999816894531,100.69629669189453
2023-12-12,108.70999908447266,100.73336029052734
2023-12-13,110.58999633789062,102.47541809082031
2023-12-14,111.83999633789062,103.63370513916016
2023-12-15,111.30000305175781,103.1333236694336
2023-12-18,110.44000244140625,103.35794067382812
2023-12-19,111.25,104.11599731445312
2023-12-20,109.56999969482422,102.54373168945312
2023-12-21,110.44999694824219,103.3672866821289
2023-12-22,110.94999694824219,103.83523559570312
2023-12-26,111.69000244140625,104.52777862548828
2023-12-27,111.80999755859375,104.64008331298828
2023-12-28,111.83000183105469,104.6588134765625
2023-12-29,111.62999725341797,104.47161865234375
2024-01-02,112.37000274658203,105.1641845703125
2024-01-03,111.69000244140625,104.52777862548828
2024-01-04,111.58999633789062,104.43418884277344
2024-01-05,111.87000274658203,104.69623565673828
2024-01-08,112.5,105.28583526611328
2024-01-09,111.77999877929688,104.61201477050781
2024-01-10,111.79000091552734,104.62136840820312
2024-01-11,111.3499984741211,104.20957946777344
2024-01-12,111.48999786376953,104.34062194824219
2024-01-16,110.63999938964844,103.54511260986328
2024-01-17,109.9800033569336,102.92742919921875
2024-01-18,110.37999725341797,103.30179595947266
2024-01-19,111.62000274658203,104.46227264404297
2024-01-22,111.79000091552734,104.62136840820312
2024-01-23,112.13999938964844,104.94892883300781
2024-01-24,111.83999633789062,104.66816711425781
2024-01-25,113.06999969482422,105.81929016113281
2024-01-26,112.98999786376953,105.74442291259766
2024-01-29,113.31999969482422,106.05326080322266
2024-01-30,113.73999786376953,106.44630432128906
2024-01-31,112.47000122070312,105.25775909423828
2024-02-01,113.30999755859375,106.04389953613281
2024-02-02,113.12999725341797,105.87543487548828
2024-02-05,112.26000213623047,105.06124114990234
2024-02-06,112.72000122070312,105.49173736572266
2024-02-07,112.93000030517578,105.6882553100586
2024-02-08,112.98999786376953,105.74442291259766
2024-02-09,112.87999725341797,105.64147186279297
2024-02-12,113.66000366210938,106.3714599609375
2024-02-13,112.11000061035156,104.92085266113281
2024-02-14,112.66000366210938,105.43557739257812
2024-02-15,114.2300033569336,106.9049072265625
2024-02-16,113.93000030517578,106.62413787841797
2024-02-20,113.94000244140625,106.63349151611328
2024-02-21,114.5199966430664,107.17630004882812
2024-02-22,115.30000305175781,107.90628814697266
2024-02-23,115.55999755859375,108.14961242675781
2024-02-26,115.11000061035156,107.72846984863281
2024-02-27,115.27999877929688,107.88756561279297
2024-02-28,115.20999908447266,107.82205963134766
2024-02-29,115.41999816894531,108.01860046386719
2024-03-01,116.16000366210938,108.71113586425781
2024-03-04,116.4800033569336,109.01063537597656
2024-03-05,116.37000274658203,108.90766906738281
2024-03-06,117.08999633789062,109.58148956298828
2024-03-07,117.62000274658203,110.07752227783203
2024-03-08,117.33000183105469,109.80610656738281
2024-03-11,117.88999938964844,110.33019256591797
2024-03-12,118.12000274658203,110.54544830322266
2024-03-13,118.33000183105469,110.74198150634766
2024-03-14,117.66999816894531,110.12431335449219
2024-03-15,116.91999816894531,110.03584289550781
2024-03-18,117.08999633789062,110.19583129882812
2024-03-19,117.69000244140625,110.7605209350586
2024-03-20,118.70999908447266,111.72045135498047
2024-03-21,119.69000244140625,112.64275360107422
2024-03-22,119.08000183105469,112.06867218017578
2024-03-25,118.94999694824219,111.94632720947266
2024-03-26,118.66999816894531,111.68280792236328
2024-03-27,120.56999969482422,113.47093200683594
2024-03-28,120.98999786376953,113.8662109375
2024-04-01,120.52999877929688,113.43328857421875
2024-04-02,120.05999755859375,112.99097442626953
2024-04-03,119.8499984741211,112.79331970214844
2024-04-04,118.66999816894531,111.68280792236328
2024-04-05,119.26000213623047,112.23806762695312
2024-04-08,119.33000183105469,112.303955078125
2024-04-09,119.55999755859375,112.52041625976562
2024-04-10,118.05000305175781,111.09931182861328
2024-04-11,117.9000015258789,110.95814514160156
2024-04-12,116.0999984741211,109.26412200927734
2024-04-15,115.52999877929688,108.72769927978516
2024-04-16,114.91000366210938,108.14420318603516
2024-04-17,114.70999908447266,107.95596313476562
2024-04-18,114.97000122070312,108.20066833496094
2024-04-19,115.94000244140625,109.11355590820312
2024-04-22,116.94999694824219,110.0640869140625
2024-04-23,117.66000366210938,110.73228454589844
2024-04-24,117.94000244140625,110.99580383300781
2024-04-25,117.5999984741211,110.6758041381836
2024-04-26,117.37000274658203,110.4593505859375
2024-04-29,117.98999786376953,111.04283905029297
2024-04-30,116.47000122070312,109.61234283447266
2024-05-01,115.98999786376953,109.16060638427734
2024-05-02,116.47000122070312,109.61234283447266
2024-05-03,117.12999725341797,110.23348236083984
2024-05-06,117.83999633789062,110.90167999267578
2024-05-07,118.20999908447266,111.24989318847656
2024-05-08,118.58999633789062,111.60750579833984
2024-05-09,119.4800033569336,112.44512176513672
2024-05-10,119.87000274658203,112.81214141845703
2024-05-13,119.86000061035156,112.802734375
2024-05-14,120.30000305175781,113.21684265136719
2024-05-15,121.26000213623047,114.12031555175781
2024-05-16,121.19999694824219,114.0638427734375
2024-05-17,121.51000213623047,114.35558319091797
2024-05-20,120.86000061035156,113.74385833740234
2024-05-21,121.01000213623047,113.8850326538086
2024-05-22,120.58000183105469,113.4803466796875
2024-05-23,118.97000122070312,111.96514892578125
2024-05-24,119.37999725341797,112.35099792480469
2024-05-28,118.69999694824219,111.7110366821289
2024-05-29,117.41000366210938,110.49698638916016
2024-05-30,118.08000183105469,111.12754821777344
2024-05-31,120.0,112.93450164794922
2024-06-03,119.12000274658203,112.10631561279297
2024-06-04,118.79000091552734,111.79573822021484
2024-06-05,119.27999877929688,112.25688934326172
2024-06-06,119.08000183105469,112.06867218017578
2024-06-07,118.91999816894531,111.91807556152344
2024-06-10,119.22000122070312,112.20043182373047
2024-06-11,118.51000213623047,111.5322265625
2024-06-12,118.4800033569336,111.50399780273438
2024-06-13,118.80000305175781,111.8051528930664
2024-06-14,118.41999816894531,111.44752502441406
2024-06-17,119.38999938964844,112.36039733886719
2024-06-18,119.80999755859375,112.75569152832031
2024-06-20,120.22000122070312,113.14153289794922
2024-06-21,118.87999725341797,112.84159088134766
2024-06-24,119.7300033569336,113.64842987060547
2024-06-25,118.79000091552734,112.75616455078125
2024-06-26,118.30999755859375,112.30055236816406
2024-06-27,118.30999755859375,112.30055236816406
2024-06-28,118.5999984741211,112.57581329345703
2024-07-01,118.33999633789062,112.32901763916016
2024-07-02,118.69999694824219,112.67073059082031
2024-07-03,118.87000274658203,112.83211517333984
2024-07-05,118.56999969482422,112.54733276367188
2024-07-08,118.80000305175781,112.76565551757812
2024-07-09,118.83000183105469,112.79414367675781
2024-07-10,119.94000244140625,113.8477554321289
2024-07-11,120.93000030517578,114.78746795654297
2024-07-12,121.4800033569336,115.30953979492188
2024-07-15,122.04000091552734,115.84109497070312
2024-07-16,123.8499984741211,117.55915832519531
2024-07-17,124.29000091552734,117.97679901123047
2024-07-18,123.31999969482422,117.05607604980469
2024-07-19,122.43000030517578,116.21128845214844
2024-07-22,122.93000030517578,116.68588256835938
2024-07-23,122.2300033569336,116.02143859863281
2024-07-24,121.62000274658203,115.44242095947266
2024-07-25,122.05000305175781,115.85057830810547
2024-07-26,123.5199966430664,117.24591064453125
2024-07-29,123.30999755859375,117.04656219482422
2024-07-30,123.5,117.2269287109375
2024-07-31,124.33000183105469,118.01477813720703
2024-08-01,122.6500015258789,116.42010498046875
2024-08-02,120.61000061035156,114.48373413085938
2024-08-05,117.9000015258789,111.911376953125
2024-08-06,118.72000122070312,112.68973541259766
2024-08-07,118.20999908447266,112.20562744140625
2024-08-08,120.29000091552734,114.17997741699219
2024-08-09,120.3499984741211,114.2369384765625
2024-08-12,119.94000244140625,113.8477554321289
2024-08-13,121.19000244140625,115.03426361083984
2024-08-14,121.7300033569336,115.54684448242188
2024-08-15,123.30000305175781,117.03709411621094
2024-08-16,123.72000122070312,117.43576049804688
2024-08-19,124.55000305175781,118.22360229492188
2024-08-20,123.91000366210938,117.61611938476562
2024-08-21,124.4800033569336,118.15716552734375
2024-08-22,124.20999908447266,117.9008560180664
2024-08-23,125.7699966430664,119.38162994384766
2024-08-26,125.94000244140625,119.54298400878906
2024-08-27,125.87999725341797,119.48603057861328
2024-08-28,125.69000244140625,119.3056869506836
2024-08-29,126.1500015258789,119.7423324584961
2024-08-30,127.36000061035156,120.89086151123047
2024-09-03,125.81999969482422,119.42908477783203
2024-09-04,125.69999694824219,119.31517791748047
2024-09-05,124.83999633789062,118.49887084960938
2024-09-06,123.08000183105469,116.8282699584961
2024-09-09,124.44999694824219,118.128662109375
2024-09-10,124.2300033569336,117.91985321044922
2024-09-11,124.19999694824219,117.89137268066406
2024-09-12,124.87000274658203,118.52734375
2024-09-13,126.0199966430664,119.61892700195312
2024-09-16,126.94999694824219,120.50169372558594
2024-09-17,127.04000091552734,120.58711242675781
2024-09-18,126.72000122070312,120.28337860107422
2024-09-19,128.07000732421875,121.56480407714844
2024-09-20,127.0,121.35552215576172
2024-09-23,127.56999969482422,121.90019226074219
2024-09-24,127.7300033569336,122.05309295654297
2024-09-25,126.83999633789062,121.20264434814453
2024-09-26,127.4000015258789,121.73775482177734
2024-09-27,127.76000213623047,122.08175659179688
2024-09-30,128.1999969482422,122.502197265625
2024-10-01,127.91999816894531,122.23463439941406
2024-10-02,128.02999877929688,122.3397445678711
2024-10-03,127.58999633789062,121.9193115234375
2024-10-04,128.67999267578125,122.96085357666016
2024-10-07,127.8499984741211,122.16775512695312
2024-10-08,127.98999786376953,122.3015365600586
2024-10-09,129.13999938964844,123.4004135131836
2024-10-10,128.77000427246094,123.04685974121094
2024-10-11,130.11000061035156,124.32732391357422
2024-10-14,130.9600067138672,125.13953399658203
2024-10-15,130.35000610351562,124.55665588378906
2024-10-16,131.30999755859375,125.4739761352539
2024-10-17,131.47000122070312,125.62686920166016
2024-10-18,131.42999267578125,125.588623046875
2024-10-21,130.14999389648438,124.36552429199219
2024-10-22,130.1699981689453,124.38463592529297
2024-10-23,129.72000122070312,123.95465087890625
2024-10-24,129.47999572753906,123.72530364990234
2024-10-25,128.42999267578125,122.72196960449219
2024-10-28,129.3000030517578,123.5533218383789
2024-10-29,128.57000732421875,122.85575866699219
2024-10-30,128.5,122.78887176513672
2024-10-31,127.77999877929688,122.10086822509766
2024-11-01,127.52999877929688,121.86197662353516
2024-11-04,127.29000091552734,121.63264465332031
2024-11-05,128.6300048828125,122.9131088256836
2024-11-06,132.36000061035156,126.47730255126953
2024-11-07,131.77999877929688,125.92310333251953
2024-11-08,132.5,126.611083984375
2024-11-11,132.8000030517578,126.89775848388672
2024-11-12,131.75,125.89442443847656
2024-11-13,131.85000610351562,125.9899673461914
2024-11-14,131.1300048828125,125.30197143554688
2024-11-15,130.6999969482422,124.89109802246094
2024-11-18,131.36000061035156,125.5217514038086
2024-11-19,130.77999877929688,124.96753692626953
2024-11-20,130.86000061035156,125.04396057128906
2024-11-21,132.5,126.611083984375
2024-11-22,133.6199951171875,127.68130493164062
2024-11-25,134.4199981689453,128.44573974609375
2024-11-26,134.4600067138672,128.4840087890625
2024-11-27,134.27999877929688,128.31198120117188
2024-11-29,134.74000549316406,128.75152587890625
2024-12-02,134.02000427246094,128.0635223388672
2024-12-03,133.4199981689453,127.4902114868164
2024-12-04,132.86000061035156,126.95508575439453
2024-12-05,132.92999267578125,127.02195739746094
2024-12-06,132.8000030517578,126.89775848388672
2024-12-09,131.91000366210938,126.04730224609375
2024-12-10,131.22000122070312,125.38798522949219
2024-12-11,131.14999389648438,125.32107543945312
2024-12-12,130.69000244140625,124.88153839111328
2024-12-13,131.8699951171875,126.00907897949219
2024-12-16,131.8300018310547,125.97085571289062
2024-12-17,130.85000610351562,125.03443908691406
2024-12-18,127.16999816894531,121.51798248291016
2024-12-19,126.68000030517578,121.04974365234375
2024-12-20,127.12000274658203,122.40164184570312
2024-12-23,127.7699966430664,123.02751159667969
2024-12-24,128.99000549316406,124.20222473144531
2024-12-26,129.35000610351562,124.54888153076172
2024-12-27,128.63999938964844,123.86521911621094
2024-12-30,127.31999969482422,122.59422302246094
2024-12-31,127.58999633789062,122.85419464111328
2025-01-02,127.54000091552734,122.8060531616211
2025-01-03,128.4199981689453,123.65338897705078
2025-01-06,128.10000610351562,123.34527587890625
2025-01-07,127.76000213623047,123.01789093017578
2025-01-08,127.95999908447266,123.21046447753906
2025-01-10,126.11000061035156,121.42913055419922
2025-01-13,127.19999694824219,122.47867584228516
2025-01-14,128.27999877929688,123.51858520507812
2025-01-15,129.88999938964844,125.06883239746094
2025-01-16,130.72000122070312,125.8680191040039
2025-01-17,131.69000244140625,126.80200958251953
2025-01-21,132.94000244140625,128.00563049316406
2025-01-22,132.00999450683594,127.11013793945312
2025-01-23,133.0,128.06338500976562
2025-01-24,133.05999755859375,128.12115478515625
2025-01-27,132.72000122070312,127.79377746582031
2025-01-28,131.83999633789062,126.9464340209961
2025-01-29,131.8800048828125,126.98497772216797
2025-01-30,133.00999450683594,128.07301330566406
2025-01-31,132.36000061035156,127.4471435546875
2025-02-03,131.91000366210938,127.01386260986328
2025-02-04,132.14999389648438,127.24492645263672
2025-02-05,133.32000732421875,128.37152099609375
2025-02-06,133.2899932861328,128.34262084960938
2025-02-07,132.32000732421875,127.40864562988281
2025-02-10,133.0399932861328,128.10189819335938
2025-02-11,133.80999755859375,128.8433380126953
2025-02-12,133.14999389648438,128.20782470703125
2025-02-13,133.9499969482422,128.97813415527344
2025-02-14,133.77000427246094,128.80482482910156
2025-02-18,134.5,129.50772094726562
2025-02-19,135.05999755859375,130.04693603515625
2025-02-20,134.60000610351562,129.60401916503906
2025-02-21,133.32000732421875,128.37152099609375
2025-02-24,133.0,128.06338500976562
2025-02-25,133.19000244140625,128.24635314941406
2025-02-26,132.91000366210938,127.97674560546875
2025-02-27,132.17999267578125,127.27383422851562
2025-02-28,134.0500030517578,129.0744171142578
2025-03-03,132.6999969482422,127.77452087402344
2025-03-04,129.99000549316406,125.16513061523438
2025-03-05,130.77000427246094,125.91616821289062
2025-03-06,129.55999755859375,124.7510757446289
2025-03-07,131.22999572753906,126.35907745361328
2025-03-10,129.49000549316406,124.68368530273438
2025-03-11,127.91000366210938,123.16232299804688
2025-03-12,127.2300033569336,122.50755310058594
2025-03-13,126.37000274658203,121.67948913574219
2025-03-14,128.27999877929688,123.51858520507812
2025-03-17,129.8300018310547,125.01105499267578
2025-03-18,129.13999938964844,124.34666442871094
2025-03-19,130.19000244140625,125.35769653320312
2025-03-20,129.7899932861328,124.9725341796875
2025-03-21,128.39999389648438,124.44915771484375
2025-03-24,129.74000549316406,125.74794006347656
2025-03-25,129.17999267578125,125.20514678955078
2025-03-26,129.30999755859375,125.33116149902344
2025-03-27,128.8699951171875,124.90469360351562
2025-03-28,127.55000305175781,123.62531280517578
2025-03-31,128.9600067138672,124.99193572998047
2025-04-01,128.67999267578125,124.72053527832031
2025-04-02,129.42999267578125,125.44745635986328
2025-04-03,124.11000061035156,120.29116821289062
2025-04-04,117.02999877929688,113.42900848388672
2025-04-07,116.19000244140625,112.61485290527344
2025-04-08,114.77999877929688,111.24823760986328
2025-04-09,122.68000030517578,118.90516662597656
2025-04-10,119.16999816894531,115.50315856933594
2025-04-11,121.0199966430664,117.29622650146484
2025-04-14,122.30000305175781,118.53684997558594
2025-04-15,121.94000244140625,118.18794250488281
2025-04-16,120.45999908447266,116.75346374511719
2025-04-17,120.83999633789062,117.12178039550781
2025-04-21,118.69999694824219,115.04761505126953
2025-04-22,121.05999755859375,117.33499908447266
2025-04-23,121.86000061035156,118.11038208007812
2025-04-24,123.41999816894531,119.62238311767578
2025-04-25,123.30000305175781,119.50608825683594
2025-04-28,123.76000213623047,119.95193481445312
2025-04-29,124.30999755859375,120.48500061035156
2025-04-30,124.4000015258789,120.57223510742188
2025-05-01,123.95999908447266,120.14578247070312
2025-05-02,125.9000015258789,122.02608489990234
2025-05-05,125.31999969482422,121.46392822265625
2025-05-06,124.55000305175781,120.71761322021484
2025-05-07,125.23999786376953,121.3863754272461
2025-05-08,125.87000274658203,121.99700927734375
2025-05-09,125.73999786376953,121.8709945678711
2025-05-12,128.77000427246094,124.80777740478516
2025-05-13,128.36000061035156,124.4103775024414
2025-05-14,127.55999755859375,123.63499450683594
2025-05-15,129.16000366210938,125.18577575683594
2025-05-16,129.9499969482422,125.95146942138672
2025-05-19,130.2100067138672,126.2034683227539
2025-05-20,130.10000610351562,126.09685516357422
2025-05-21,127.75,123.81916046142578
2025-05-22,127.23999786376953,123.32484436035156
2025-05-23,127.08999633789062,123.1794662475586
2025-05-27,129.07000732421875,125.09854125976562
2025-05-28,128.1699981689453,124.22622680664062
2025-05-29,128.75999450683594,124.79806518554688
2025-05-30,129.02000427246094,125.05008697509766
2025-06-02,129.41000366210938,125.42809295654297
2025-06-03,130.42999267578125,126.41668701171875
2025-06-04,129.89999389648438,125.90299224853516
2025-06-05,129.58999633789062,125.60254669189453
2025-06-06,130.44000244140625,126.4263687133789
2025-06-09,130.4600067138672,126.44577026367188
2025-06-10,131.13999938964844,127.1048355102539
2025-06-11,131.27000427246094,127.23084259033203
2025-06-12,131.85000610351562,127.79299926757812
2025-06-13,130.5399932861328,126.5233154296875
2025-06-16,131.25,127.21147155761719
2025-06-17,130.07000732421875,126.0677719116211
2025-06-18,130.27999877929688,126.27130126953125
2025-06-20,129.6199951171875,126.46839904785156
2025-06-23,130.6199951171875,127.44408416748047
2025-06-24,131.6199951171875,128.41976928710938
2025-06-25,130.99000549316406,127.80509185791016
2025-06-26,132.17999267578125,128.96615600585938
2025-06-27,132.52000427246094,129.29788208007812
2025-06-30,133.30999755859375,130.06866455078125
2025-07-01,134.55999755859375,131.28829956054688
2025-07-02,135.00999450683594,131.72732543945312
2025-07-03,135.80999755859375,132.50790405273438
2025-07-07,134.72999572753906,131.4541473388672
2025-07-08,134.7100067138672,131.4346466064453
2025-07-09,134.9499969482422,131.66880798339844
2025-07-10,135.7100067138672,132.4103240966797
2025-07-11,134.89999389648438,131.62001037597656
2025-07-14,135.0399932861328,131.756591796875
2025-07-15,133.47000122070312,130.22479248046875
2025-07-16,134.11000061035156,130.84922790527344
2025-07-17,135.02000427246094,131.7371063232422
2025-07-18,134.69000244140625,131.41513061523438
2025-07-21,134.61000061035156,131.3370819091797
2025-07-22,135.4600067138672,132.16641235351562
2025-07-23,136.66000366210938,133.3372344970703
2025-07-24,136.0800018310547,132.77133178710938
2025-07-25,136.60000610351562,133.27870178222656
2025-07-28,136.1199951171875,132.8103485107422
2025-07-29,136.27999877929688,132.96646118164062
2025-07-30,135.69000244140625,132.39080810546875
2025-07-31,134.1300048828125,130.8687286376953
2025-08-01,132.89999389648438,129.6686553955078
2025-08-04,134.47000122070312,131.2004852294922
2025-08-05,134.27000427246094,131.00534057617188
2025-08-06,134.5,131.22975158691406
2025-08-07,134.60000610351562,131.32733154296875
2025-08-08,135.33999633789062,132.04931640625
2025-08-11,135.08999633789062,131.80540466308594
2025-08-12,136.6300048828125,133.3079833984375
2025-08-13,137.5800018310547,134.23486328125
2025-08-14,137.38999938964844,134.0494842529297
2025-08-15,136.99000549316406,133.65921020507812
2025-08-18,137.0,133.66896057128906
2025-08-19,137.24000549316406,133.9031219482422
2025-08-20,137.60000610351562,134.25437927246094
2025-08-21,137.1999969482422,133.86407470703125
2025-08-22,139.16000366210938,135.77645874023438
2025-08-25,138.27999877929688,134.91783142089844
2025-08-26,138.64999389648438,135.27882385253906
2025-08-27,139.10000610351562,135.7178955078125
2025-08-28,139.25999450683594,135.87400817871094
2025-08-29,139.17999267578125,135.7959442138672
2025-09-02,138.7100067138672,135.33738708496094
2025-09-03,138.25999450683594,134.89833068847656
2025-09-04,139.2899932861328,135.9032745361328
2025-09-05,139.5500030517578,136.15695190429688
2025-09-08,139.64999389648438,136.25453186035156
2025-09-09,139.6300048828125,136.2350311279297
2025-09-10,140.77999877929688,137.3570556640625
2025-09-11,142.02999877929688,138.57666015625
2025-09-12,141.3800048828125,137.9424591064453
2025-09-15,141.1199951171875,137.68878173828125
2025-09-16,140.8800048828125,137.45462036132812
2025-09-17,141.16000366210938,137.7278289794922
2025-09-18,141.52000427246094,138.07907104492188
2025-09-19,140.4600067138672,137.86508178710938
2025-09-22,140.10000610351562,137.51174926757812
2025-09-23,140.55999755859375,137.96322631835938
2025-09-24,140.52000427246094,137.92396545410156
2025-09-25,139.8300018310547,137.24671936035156
2025-09-26,140.77999877929688,138.17916870117188
2025-09-29,140.50999450683594,137.91415405273438
2025-09-30,140.9499969482422,138.34603881835938
2025-10-01,141.0800018310547,138.47364807128906
2025-10-02,140.91000366210938,138.30677795410156
2025-10-03,141.5500030517578,138.93495178222656
2025-10-06,141.25999450683594,138.6503143310547
2025-10-07,141.0500030517578,138.44419860839844
2025-10-08,141.25,138.64048767089844
2025-10-09,140.32000732421875,137.72769165039062
2025-10-10,137.47000122070312,134.9303436279297
2025-10-13,139.5500030517578,136.97189331054688
2025-10-14,140.52999877929688,137.9337921142578
2025-10-15,140.91000366210938,138.30677795410156
2025-10-16,139.49000549316406,136.9130096435547
2025-10-17,140.11000061035156,137.52154541015625
2025-10-20,141.22999572753906,138.62086486816406
2025-10-21,140.97999572753906,138.37547302246094
2025-10-22,140.5800018310547,137.9828643798828
2025-10-23,140.9199981689453,138.31658935546875
2025-10-24,141.6199951171875,139.00364685058594
2025-10-27,142.41000366210938,139.77906799316406
2025-10-28,141.8699951171875,139.24903869628906
2025-10-29,141.41000366210938,138.7975311279297
2025-10-30,140.85000610351562,138.24789428710938
2025-10-31,140.5800018310547,137.9828643798828
2025-11-03,139.72999572753906,137.1485595703125
2025-11-04,139.16000366210938,136.589111328125
2025-11-05,139.91000366210938,137.32525634765625
2025-11-06,139.57000732421875,136.9915313720703
2025-11-07,140.27000427246094,137.67860412597656
2025-11-10,141.02999877929688,138.424560546875
2025-11-11,142.0800018310547,139.45516967773438
2025-11-12,142.8699951171875,140.23056030273438
2025-11-13,141.25,138.64048767089844
2025-11-14,141.00999450683594,138.40492248535156
2025-11-17,139.5399932861328,136.96206665039062
2025-11-18,139.50999450683594,136.9326171875
2025-11-19,139.69000244140625,137.10931396484375
2025-11-20,138.42999267578125,135.87258911132812
2025-11-21,140.10000610351562,137.51174926757812
2025-11-24,141.22000122070312,138.61105346679688
2025-11-25,143.11000061035156,140.4661407470703
2025-11-26,144.38999938964844,141.72247314453125
2025-11-28,145.44000244140625,142.75308227539062
2025-12-01,143.99000549316406,141.3298797607422
2025-12-02,143.5399932861328,140.88818359375
2025-12-03,145.07000732421875,142.38992309570312
2025-12-04,145.11000061035156,142.42918395996094
2025-12-05,145.2100067138672,142.52732849121094
2025-12-08,144.77999877929688,142.10528564453125
2025-12-09,144.72999572753906,142.05621337890625
2025-12-10,146.7899932861328,144.07815551757812
2025-12-11,147.7899932861328,145.05967712402344
2025-12-12,146.00999450683594,143.3125457763672
2025-12-15,145.89999389648438,143.20458984375
2025-12-16,144.44000244140625,141.7715606689453
2025-12-17,144.05999755859375,141.39859008789062
2025-12-18,143.80999755859375,141.1531982421875
2025-12-19,143.3300018310547,141.61460876464844
2025-12-22,144.25,142.5236053466797
2025-12-23,144.39999389648438,142.67178344726562
2025-12-24,145.05999755859375,143.3238983154297
2025-12-26,145.08999633789062,143.35354614257812
2025-12-29,144.6999969482422,142.96820068359375
2025-12-30,144.5500030517578,142.82000732421875
2025-12-31,143.52000427246094,141.80233764648438
2026-01-02,144.75999450683594,143.02748107910156
2026-01-05,145.82000732421875,144.07481384277344
2026-01-06,146.75999450683594,145.00355529785156
2026-01-07,145.10000610351562,143.36343383789062
2026-01-08,146.33999633789062,144.5885772705078
2026-01-09,147.25999450683594,145.49757385253906
2026-01-12,147.63999938964844,145.87301635742188
2026-01-13,147.58999633789062,145.8236083984375
2026-01-14,148.07000732421875,146.2978973388672
2026-01-15,148.7100067138672,146.9302215576172
2026-01-16,148.8699951171875,147.0883026123047
2026-01-20,146.57000732421875,144.81582641601562
2026-01-21,148.27999877929688,146.50537109375
2026-01-22,148.44000244140625,146.6634521484375
2026-01-23,147.69000244140625,145.92242431640625
2026-01-26,148.41000366210938,146.63380432128906
2026-01-27,148.60000610351562,146.82154846191406
2026-01-28,148.69000244140625,146.91046142578125
2026-01-29,149.47999572753906,147.6909942626953
2026-01-30,149.9600067138672,148.16526794433594
2026-02-02,151.02999877929688,149.2224578857422
2026-02-03,151.94000244140625,150.12156677246094
2026-02-04,152.7899932861328,150.9613800048828
2026-02-05,151.99000549316406,150.1709747314453
2026-02-06,155.47000122070312,153.60931396484375
2026-02-09,155.74000549316406,153.87608337402344
2026-02-10,155.64999389648438,153.7871551513672
2026-02-11,156.5,154.62698364257812
2026-02-12,154.58999633789062,152.73983764648438
2026-02-13,155.3699951171875,153.510498046875
2026-02-17,155.1300048828125,153.27337646484375
2026-02-18,155.60000610351562,153.73777770996094
2026-02-19,155.1999969482422,153.34254455566406
2026-02-20,155.55999755859375,153.6982421875
2026-02-23,154.3000030517578,152.45330810546875
2026-02-24,154.66000366210938,152.8090057373047
2026-02-25,155.02999877929688,153.17459106445312
2026-02-26,154.92999267578125,153.07577514648438
2026-02-27,155.0500030517578,153.19435119628906
2026-03-02,155.05999755859375,153.2042236328125
2026-03-03,153.27999877929688,151.44552612304688
2026-03-04,153.60000610351562,151.76170349121094
2026-03-05,152.07000732421875,150.25001525878906
2026-03-06,150.74000549316406,148.93592834472656
2026-03-09,151.22000122070312,149.41018676757812
2026-03-10,150.7100067138672,148.9062957763672
2026-03-11,150.2899932861328,148.49130249023438
2026-03-12,148.74000549316406,146.95986938476562
2026-03-13,148.42999267578125,146.653564453125
2026-03-16,149.3800048828125,147.5922088623047
2026-03-17,149.57000732421875,147.77993774414062
2026-03-18,147.50999450683594,145.7445831298828
2026-03-19,147.50999450683594,145.7445831298828
2026-03-20,145.1699981689453,144.2756805419922
2026-03-23,146.67999267578125,145.77638244628906
2026-03-24,147.36000061035156,146.4521942138672
2026-03-25,148.08999633789062,147.17770385742188
2026-03-26,147.22000122070312,146.3130645751953
2026-03-27,145.6999969482422,144.8024139404297
2026-03-30,145.47999572753906,144.58377075195312
2026-03-31,148.10000610351562,147.18765258789062
2026-04-01,147.9499969482422,147.03855895996094
2026-04-02,148.11000061035156,147.19757080078125
2026-04-06,148.69000244140625,147.7740020751953
2026-04-07,149.08999633789062,148.17153930664062
2026-04-08,152.08999633789062,151.15306091308594
2026-04-09,152.6699981689453,151.72947692871094
2026-04-10,152.05999755859375,151.1232452392578
2026-04-13,153.19000244140625,152.2462921142578
2026-04-14,153.1199951171875,152.1767120361328
2026-04-15,153.0500030517578,152.10714721679688
2026-04-16,153.8300018310547,152.88233947753906
2026-04-17,155.11000061035156,154.15444946289062
2026-04-20,155.0800018310547,154.1246337890625
2026-04-21,154.35000610351562,153.39913940429688
2026-04-22,154.82000732421875,153.86624145507812
2026-04-23,155.8300018310547,154.87002563476562
2026-04-24,154.9499969482422,153.9954376220703
2026-04-27,154.60000610351562,153.64759826660156
2026-04-28,154.2899932861328,153.33949279785156
2026-04-29,154.5,153.5482177734375
2026-04-30,157.19000244140625,156.22164916992188
2026-05-01,156.50999450683594,155.5458221435547
2026-05-04,155.24000549316406,154.28366088867188
2026-05-05,156.3300018310547,155.366943359375
2026-05-06,156.9499969482422,155.98312377929688
2026-05-07,155.16000366210938,154.2041473388672
2026-05-08,155.4600067138672,154.50230407714844
2026-05-11,155.80999755859375,154.8501434326172
2026-05-12,155.9600067138672,154.9992218017578
2026-05-13,155.63999938964844,154.68118286132812
2026-05-14,157.24000549316406,156.27133178710938
2026-05-15,155.75999450683594,154.80044555664062
2026-05-18,156.6300048828125,155.66510009765625
2026-05-19,155.91000366210938,154.94952392578125
2026-05-20,156.75,155.7843475341797
2026-05-21,157.25,156.28126525878906
2026-05-22,158.6999969482422,157.7223358154297
2026-05-26,158.67999267578125,157.70245361328125
2026-05-27,158.3699951171875,157.3943634033203
2026-05-28,158.32000732421875,157.3446807861328
2026-05-29,159.19000244140625,158.20932006835938
2026-06-01,159.19000244140625,158.20932006835938
2026-06-02,161.1699981689453,160.1771240234375
2026-06-03,160.47999572753906,159.49136352539062
2026-06-04,160.39999389648438,159.411865234375
2026-06-05,158.24000549316406,157.2651824951172
2026-06-08,158.1199951171875,157.14590454101562
2026-06-09,158.83999633789062,157.86146545410156
2026-06-10,157.2100067138672,156.2415313720703
2026-06-11,159.0500030517578,158.0701904296875
2026-06-12,160.3300018310547,159.34230041503906
2026-06-15,160.4600067138672,159.47149658203125
2026-06-16,160.4199981689453,159.43174743652344
2026-06-17,159.0800018310547,158.10000610351562
2026-06-18,158.2100067138672,158.2100067138672
2026-06-22,158.38999938964844,158.38999938964844
2026-06-23,158.1300048828125,158.1300048828125
2026-06-24,157.99000549316406,157.99000549316406
2026-06-25,158.9499969482422,158.9499969482422
2026-06-26,158.22000122070312,158.22000122070312
2026-06-29,158.4499969482422,158.4499969482422
2026-06-30,158.02999877929688,158.02999877929688
2026-07-01,158.24000549316406,158.24000549316406
2026-07-02,159.47999572753906,159.47999572753906
2026-07-06,160.13999938964844,160.13999938964844
2026-07-07,160.63999938964844,160.63999938964844
2026-07-08,159.7899932861328,159.7899932861328
2026-07-09,160.5500030517578,160.5500030517578
2026-07-10,161.05999755859375,161.05999755859375
2026-07-13,160.86000061035156,160.86000061035156
2026-07-14,160.17999267578125,160.17999267578125
2026-07-15,160.10000610351562,160.10000610351562
2026-07-16,160.85000610351562,160.85000610351562
2026-07-17,160.16000366210938,160.16000366210938
2026-07-20,159.41000366210938,159.41000366210938
2026-07-21,160.5,160.5
2026-07-22,161.64999389648438,161.64999389648438
2026-07-23,161.27999877929688,161.27999877929688
2026-07-24,162.22999572753906,162.22999572753906
2026-07-27,162.72999572753906,162.72999572753906
2026-07-28,163.83999633789062,163.83999633789062
2026-07-29,161.6699981689453,161.6699981689453
2026-07-30,161.9600067138672,161.9600067138672
2026-07-31,161.9600067138672,161.9600067138672
2026-08-03,162.7899932861328,162.7899932861328
2026-08-04,165.3000030517578,165.3000030517578
2026-08-05,165.1300048828125,165.1300048828125
2026-08-06,164.77000427246094,164.77000427246094
2026-08-07,165.6300048828125,165.6300048828125
2026-08-10,166.05999755859375,166.05999755859375
2026-08-11,166.13999938964844,166.13999938964844
2026-08-12,166.6699981689453,166.6699981689453
2026-08-13,167.02999877929688,167.02999877929688
2026-08-14,166.52000427246094,166.52000427246094
2026-08-17,165.67999267578125,165.67999267578125
2026-08-18,165.5500030517578,165.5500030517578
2026-08-19,165.33999633789062,165.33999633789062
2026-08-20,164.0,164.0
2026-08-21,164.97000122070312,164.97000122070312
2026-08-24,165.08999633789062,165.08999633789062
2026-08-25,164.83999633789062,164.83999633789062
2026-08-26,164.99000549316406,164.99000549316406
2026-08-27,164.41000366210938,164.41000366210938
2026-08-28,164.25,164.25
2026-08-31,163.8699951171875,163.8699951171875
2026-09-01,163.30999755859375,163.30999755859375
2026-09-02,164.2899932861328,164.2899932861328
2026-09-03,164.88999938964844,164.88999938964844
2026-09-04,164.22999572753906,164.22999572753906
2026-09-08,163.52000427246094,163.52000427246094
2026-09-09,162.69000244140625,162.69000244140625
2026-09-10,161.8300018310547,161.8300018310547
2026-09-11,162.9199981689453,162.9199981689453
2026-09-14,161.72999572753906,161.72999572753906
2026-09-15,161.44000244140625,161.44000244140625
2026-09-16,161.07000732421875,161.07000732421875
