A,B,Aind,Bind,yrs,chip_geo,chip_ann,betaA,betaB,exc,nav,hold,nav_cagr,hold_cagr,mA,mB,ntr
贵州茅台,五粮液,白酒,白酒,21.675564681724847,1.1708480205763705,0.0073033189202329485,0.4803904077680835,2.8536895514979195,-0.17765314327410142,72.83372166430902,88.56812799685288,0.21876092844430461,0.229808386498626,151.61360528137507,25.52265071233069,276
贵州茅台,泸州老窖,白酒,白酒,21.675564681724847,1.1809305746595893,0.007701868660398681,0.7515616422156748,1.85559898726926,0.06982055987961266,113.94697016750935,106.51035738211262,0.24418733532340586,0.2403193498264422,151.61360528137507,61.40710948285017,276
贵州茅台,山西汾酒,白酒,白酒,21.675564681724847,1.360445629879793,0.014302201893558575,0.9785348114471191,1.8914118232768116,0.289788659806953,148.35919065682833,115.02596919950726,0.25942808676904816,0.24472843825064405,151.61360528137507,78.43833311763944,276
贵州茅台,伊利股份,白酒,乳品,21.675564681724847,1.329883207273596,0.013239526965591608,0.7121829997113027,2.483335527112046,0.10691853615785663,107.97663220633511,97.54704495339362,0.24110197040674097,0.23529929500709934,151.61360528137507,43.48048462541216,276
贵州茅台,双汇发展,白酒,肉制品,21.675564681724847,1.490570641084449,0.018585766356952194,0.4668205135142458,4.759432740727457,-0.14975385693004473,70.77634107319766,83.24217833867249,0.21715083697119786,0.22629470099045412,151.61360528137507,14.870751395969897,276
贵州茅台,青岛啤酒,白酒,啤酒,21.675564681724847,1.312916519194526,0.012639484673505619,0.29263122716582163,5.8905189410872225,-0.4424363829219793,44.366875368523274,79.57275907103342,0.19120606063913637,0.22374681785266426,151.61360528137507,7.531912860691763,276
贵州茅台,招商银行,白酒,银行,21.675564681724847,1.3367504270045627,0.013480318851983197,0.5162745917484548,3.461145934075941,-0.1014771043217707,78.27425217015329,87.11436575143672,0.22281827055829795,0.22886973139442968,151.61360528137507,22.61512622149837,276
贵州茅台,中信证券,白酒,券商,21.675564681724847,1.614419856815812,0.022343452429056,0.6496184789479398,4.0121264381243975,0.11818708249614973,98.4909996507002,88.08096712299422,0.23584825715114865,0.22949548772859996,151.61360528137507,24.548328964613365,276
贵州茅台,恒瑞医药,白酒,医药,21.675564681724847,1.3139458797514187,0.012676099122687745,1.1482217702481388,1.5035891320390409,0.30209418282930245,174.08604224988304,133.69696642958183,0.2687539867176487,0.25339628852662544,151.61360528137507,115.78032757778863,276
贵州茅台,片仔癀,白酒,中药,21.675564681724847,1.382142093160897,0.01504286879832395,0.8862002060039215,2.1556266323850672,0.25603255358147003,134.3600082333518,106.97175630538847,0.2536823848160241,0.24056672274790447,151.61360528137507,62.329907329401856,276
贵州茅台,云南白药,白酒,中药,21.675564681724847,1.2616539283871642,0.010780530545523526,0.5462669612219584,2.913906108204112,-0.07994738813524949,82.82150343696222,90.01822544593476,0.22600810075652622,0.23073014721228935,151.61360528137507,28.422845610494452,276
贵州茅台,同仁堂,白酒,中药,21.675564681724847,1.4489873259568649,0.01725702696778053,0.2946291408768951,7.126125625370121,-0.43413727122922763,44.669786269300225,78.94102933115373,0.19158005266844902,0.22329689518019924,151.61360528137507,6.268453380932382,276
贵州茅台,格力电器,白酒,家电,21.675564681724847,1.3691124274918407,0.014599408419829762,0.9920750687584743,1.889442541337514,0.30102889709576264,150.41207788424035,115.6100976849934,0.2602268236274319,0.2450193538600256,151.61360528137507,79.60659008861175,276
贵州茅台,海尔智家,白酒,家电,21.675564681724847,1.4112797460075046,0.01602030128422194,0.5720752411694922,3.481553435907062,-0.017319700369095914,86.73438980591884,88.26307990350105,0.22862192823431693,0.22961264978412577,151.61360528137507,24.912554525627044,276
贵州茅台,上汽集团,白酒,汽车,21.675564681724847,1.4456502705249412,0.017148824643417937,0.3684730073738929,5.671798646971692,-0.3080096974892562,55.8655210968266,80.73165316642459,0.20393850986137618,0.22456340370133354,151.61360528137507,9.849701051474126,276
贵州茅台,长安汽车,白酒,汽车,21.675564681724847,1.680484819630941,0.024236863003577414,0.45370245999585196,6.224408016293003,-0.15424303355358682,68.78746568499997,81.3324257605844,0.21555134291822986,0.2249823327400442,151.61360528137507,11.051246239793725,276
贵州茅台,通威股份,白酒,光伏,21.675564681724847,2.1251096624622643,0.035389378606051514,0.7653466613446647,5.900713108953789,0.3549506704432934,116.03696661652822,85.63925547087622,0.2452310635996986,0.2279018943739115,151.61360528137507,19.66490566037736,276
贵州茅台,京东方A,白酒,电子,21.675564681724847,1.780256615196593,0.026965821301418114,0.23068933965028388,13.738448515894957,-0.5462406271990324,34.97564248435921,77.07971356814392,0.17820666615908465,0.22195100151724345,151.61360528137507,2.545821854912764,276
贵州茅台,恒生电子,白酒,软件,21.675564681724847,1.9028641381459666,0.030126240028131024,1.3632274599454157,2.6561172178757126,0.8017324805320576,206.6838300208958,114.7139390859299,0.27884065103794664,0.24457245882831913,151.61360528137507,77.81427289048473,276
贵州茅台,浪潮信息,白酒,服务器,21.675564681724847,2.1648784416714784,0.03627540702040144,1.3134812749465152,3.5681503471793077,0.9201361470913254,199.14163156421822,103.71224554356908,0.2766492981345332,0.2387969184392531,151.61360528137507,55.81088580576308,276
贵州茅台,长江电力,白酒,电力,21.675564681724847,1.3103694877335246,0.012548768696489354,0.2975759776521298,5.77018416584115,-0.4340355736624476,45.116566816969296,79.71625903932853,0.1921272828143059,0.22384854463047943,151.61360528137507,7.8189127972819925,276
贵州茅台,万华化学,白酒,化工,21.675564681724847,1.4184424489093497,0.0162576280617861,0.6640210424899253,3.029992804630855,0.08931859171894896,100.6746242345947,92.41981638790334,0.23709916530119735,0.23222602093019673,151.61360528137507,33.226027494431605,276
贵州茅台,海螺水泥,白酒,建材,21.675564681724847,1.4265735410843399,0.016525659671043247,0.41989769407646127,4.846685506568485,-0.22716038441291797,63.66220324826818,82.37440468150386,0.21121683751433107,0.22570197214306864,151.61360528137507,13.135204081632654,276
贵州茅台,宝钢股份,白酒,钢铁,21.675564681724847,1.3654483270000464,0.014473976695429602,0.1697067815429644,10.98629716948115,-0.6657496462187844,25.729856990427546,76.97780032050193,0.16163686623624507,0.22187641712895068,151.61360528137507,2.34199535962877,276
贵州茅台,三一重工,白酒,机械,21.675564681724847,1.571479090398556,0.021072730723167732,0.9827156360203191,2.5129818240816224,0.41290632827696494,148.9930605434201,105.45147796536287,0.25967583194624466,0.23974775873384613,151.61360528137507,59.28935064935065,276
贵州茅台,中航沈飞,白酒,军工,21.675564681724847,2.3985383848540143,0.04118715494459124,1.8551111728459984,3.101154511830265,1.3215003995468333,281.26009311294195,121.15444527506655,0.2971474821902331,0.2477128615797144,151.61360528137507,90.69528526875803,276
贵州茅台,上海机场,白酒,交运,21.675564681724847,1.3898937428261355,0.01530480553817637,0.16829261228833045,11.478843842756113,-0.66827818600673,25.515449691254425,76.91821464527527,0.16118849872307361,0.22183276618767445,151.61360528137507,2.222824009175481,276
贵州茅台,万科A,白酒,地产,21.675564681724847,1.5736302017404122,0.02113717096672274,0.36640399851035016,6.758419727670137,-0.30487767641738317,55.551831203665756,79.91662664112857,0.20362578939002773,0.22399029289944905,151.61360528137507,8.219648000882065,276
贵州茅台,中兴通讯,白酒,通信,21.675564681724847,1.7144883224084584,0.025183890340689796,0.3670764875392914,8.007786680590195,-0.29802549637799125,55.65378968985572,79.28178217684034,0.203727617150254,0.22354000677114283,151.61360528137507,6.949959072305594,276
五粮液,泸州老窖,白酒,白酒,21.675564681724847,1.1768196349227418,0.007539762147636964,1.8253928491079117,0.7586884400344355,0.07187375177298927,46.58886410056739,43.46488009759043,0.1938947107501776,0.19007780196292812,25.52265071233069,61.40710948285017,276
五粮液,山西汾酒,白酒,白酒,21.675564681724847,1.282745120028633,0.011553938052608181,2.248752507425825,0.7317101537513447,0.1041473958995267,57.39412478550716,51.980491914985066,0.20543881783802043,0.19994163867960224,25.52265071233069,78.43833311763944,276
五粮液,伊利股份,白酒,乳品,21.675564681724847,1.348644936673631,0.013894609179693873,1.7602806934485207,1.0332688258099187,0.30217356282858576,44.92702929454585,34.501567668871424,0.19189576573359735,0.17746509028182222,25.52265071233069,43.48048462541216,276
五粮液,双汇发展,白酒,肉制品,21.675564681724847,1.6260387549592688,0.022681741965791202,1.2411791186304095,2.130234059647279,0.5684829433930116,31.6781811162424,20.196701054150296,0.17283636392517976,0.14873269461158944,25.52265071233069,14.870751395969897,276
五粮液,青岛啤酒,白酒,啤酒,21.675564681724847,1.2587102924738405,0.010671608941801303,0.6837786530018264,2.317053323358647,0.05594156078085022,17.451843725113584,16.527281786511228,0.14101728734197794,0.1381554982177189,25.52265071233069,7.531912860691763,276
五粮液,招商银行,白酒,银行,21.675564681724847,1.416535888044976,0.01619456850496981,1.3334115153448562,1.5048422028966917,0.4139496474350084,34.03219636194634,24.06888846691453,0.17672123381929428,0.15806606454743388,25.52265071233069,22.61512622149837,276
五粮液,中信证券,白酒,券商,21.675564681724847,1.5093799150421119,0.019175215629329223,1.4802894549030758,1.5390420572047536,0.5090941281516166,37.7809107106376,25.035489838472028,0.18240785131635917,0.16017163956382152,25.52265071233069,24.548328964613365,276
五粮液,恒瑞医药,白酒,医药,21.675564681724847,1.3806973852777595,0.014993895662681833,2.940715433843569,0.6482522068520039,0.06232513667544759,75.0548528623494,70.65148914505966,0.22045117992243823,0.21705169745898822,25.52265071233069,115.78032757778863,276
五粮液,片仔癀,白酒,中药,21.675564681724847,1.4052328677041221,0.015819049777555216,2.196006651706266,0.8992137664709043,0.2759539843297325,56.04791073345387,43.926279020866275,0.20411956667151165,0.1906577029290899,25.52265071233069,62.329907329401856,276
五粮液,云南白药,白酒,中药,21.675564681724847,1.2972012233801604,0.012077063696596335,1.3689205373671067,1.2292393663517103,0.2953252119166696,34.9384807281567,26.97274816141257,0.1781488829368525,0.1641678199407921,25.52265071233069,28.422845610494452,276
五粮液,同仁堂,白酒,中药,21.675564681724847,1.4248282281745304,0.01646825058963186,0.706122129504532,2.8750486565652125,0.13378311232735185,18.02210847159131,15.895552046631536,0.14271115050352323,0.13611090875914034,25.52265071233069,6.268453380932382,276
五粮液,格力电器,白酒,家电,21.675564681724847,1.3582929572875735,0.014228101297700135,2.3988609297055437,0.7690982561642236,0.16476232777631927,61.22528961633146,52.56462040047122,0.20903778929753325,0.20056042517230965,25.52265071233069,79.60659008861175,276
五粮液,海尔智家,白酒,家电,21.675564681724847,1.4035555160653894,0.015763077998419472,1.3866786786173217,1.4206377562838615,0.40345282219453416,35.391715564586164,25.217602618978866,0.17884965429914002,0.16055964156524105,25.52265071233069,24.912554525627044,276
五粮液,上汽集团,白酒,汽车,21.675564681724847,1.3784062182830856,0.01491612868811254,0.8562998340091111,2.2188532884630465,0.2357132324350979,21.85504156844129,17.686175881902408,0.15292240830428594,0.1417196258408222,25.52265071233069,9.849701051474126,276
五粮液,长安汽车,白酒,汽车,21.675564681724847,1.6037458425407378,0.022030620616442453,1.0553056976812927,2.4372091737189288,0.4728645816391517,26.934198716652084,18.286948476062207,0.1640910070157493,0.14348049086174552,25.52265071233069,11.051246239793725,276
五粮液,通威股份,白酒,光伏,21.675564681724847,2.019672213136538,0.032961424365882674,1.7728171140875044,2.3009005362718438,1.0026306183277187,45.24699197969748,22.593778186354026,0.19228605685017985,0.1546919553493804,25.52265071233069,19.66490566037736,276
五粮液,京东方A,白酒,电子,21.675564681724847,1.7689031531215849,0.026662742390602956,0.5586697709632984,5.600837073622594,0.015996391942917132,14.25873342783405,14.034236283621727,0.13042930809483977,0.12960196545089886,25.52265071233069,2.545821854912764,276
五粮液,恒生电子,白酒,软件,21.675564681724847,1.8849651996324166,0.029677189248380476,3.2913197814090522,1.0795346668819146,0.6258119989397317,84.00320516348783,51.66846180140771,0.226809685808796,0.19960837170321755,25.52265071233069,77.81427289048473,276
五粮液,浪潮信息,白酒,服务器,21.675564681724847,2.1741721792864097,0.03648022781052762,3.215070521346306,1.470270911259384,1.017793039494304,82.0571219318327,40.66676825904688,0.2254837656295421,0.1864299739286459,25.52265071233069,55.81088580576308,276
五粮液,长江电力,白酒,电力,21.675564681724847,1.4558425695436676,0.017478561050275676,0.8057952639125726,2.630292931984108,0.23365726748606352,20.566031066490915,16.67078175480634,0.1496934731913082,0.13860953343954563,25.52265071233069,7.8189127972819925,276
五粮液,万华化学,白酒,化工,21.675564681724847,1.4403366725091764,0.0169760412447566,1.6433888648028294,1.2623729992375903,0.42790072087335296,41.94363998089626,29.374339103381146,0.1881233699133784,0.168757904449931,25.52265071233069,33.226027494431605,276
五粮液,海螺水泥,白酒,建材,21.675564681724847,1.4168826867906095,0.01620604490506672,1.016457951231054,1.975051250959847,0.34216972935045376,25.942701253041463,19.328927396981673,0.16207845390410114,0.1464076240135903,25.52265071233069,13.135204081632654,276
五粮液,宝钢股份,白酒,钢铁,21.675564681724847,1.4288547182151161,0.016600594164531746,0.43283084234926894,4.716913874908498,-0.20709630559987746,11.04699040680426,13.932323035979731,0.1171975023732934,0.1292222086788637,25.52265071233069,2.34199535962877,276
五粮液,三一重工,白酒,机械,21.675564681724847,1.5026019741826746,0.018963618635114088,2.290178923416853,0.9858673790644737,0.3783765455986199,58.45143673110989,42.40600068084067,0.20645441957083666,0.18872445087498324,25.52265071233069,59.28935064935065,276
五粮液,中航沈飞,白酒,军工,21.675564681724847,2.437723614046478,0.041965859662365546,4.595300658362637,1.2931681429082398,1.0183503111020258,117.28425362153286,58.10896799054436,0.24584543774568068,0.2061273932064922,25.52265071233069,90.69528526875803,276
五粮液,上海机场,白酒,交运,21.675564681724847,1.4119847638468082,0.016043712044122582,0.41669631654345896,4.784541869420618,-0.23337447659456345,10.635194540253488,13.872737360753085,0.11524118112264903,0.12899894671679935,25.52265071233069,2.222824009175481,276
五粮液,万科A,白酒,地产,21.675564681724847,1.695119725201781,0.024646678079043527,0.9619756938074385,2.987009860296267,0.45527545917819356,24.55216962679923,16.871149356606377,0.15912869400051632,0.13923730074010088,25.52265071233069,8.219648000882065,276
五粮液,中兴通讯,白酒,通信,21.675564681724847,1.8600040257994754,0.02904412132498546,0.970604094895288,3.5643935505583157,0.5257405831108055,24.772389293970306,16.23630489231814,0.15960630736276848,0.13722318525083166,25.52265071233069,6.949959072305594,276
泸州老窖,山西汾酒,白酒,白酒,21.675564681724847,1.2667829475067092,0.010969738715863153,1.4317165955583584,1.1208496437578488,0.257353491068401,87.91757773186565,69.9227213002448,0.2293901745269562,0.21646965834194032,61.40710948285017,78.43833311763944,276
泸州老窖,伊利股份,白酒,乳品,21.675564681724847,1.3691020406316867,0.014599053303267606,1.1520562338360039,1.6270389783149048,0.34895730773549616,70.74444328156753,52.44379705413117,0.21712552419038267,0.20043297292921824,61.40710948285017,43.48048462541216,276
泸州老窖,双汇发展,白酒,肉制品,21.675564681724847,1.5477517050819707,0.02035629934615657,0.7616552154385511,3.1451702713081664,0.22633342528895617,46.77104520261894,38.13893043941003,0.19410969574923764,0.1829224589897127,61.40710948285017,14.870751395969897,276
泸州老窖,青岛啤酒,白酒,啤酒,21.675564681724847,1.324060098298723,0.01303441466253319,0.46371486055023886,3.780631791326621,-0.17389634367796825,28.475389210633118,34.46951117177097,0.16708318555273505,0.17741459539780569,61.40710948285017,7.531912860691763,276
泸州老窖,招商银行,白酒,银行,21.675564681724847,1.3884576042467074,0.0152563821824383,0.8426026173922346,2.2879284718541313,0.23162138552957345,51.74179117674107,42.011117852174266,0.19968686412498515,0.18821148562874512,61.40710948285017,22.61512622149837,276
泸州老窖,中信证券,白酒,券商,21.675564681724847,1.5791354142911191,0.02130170717874247,0.9984377962529003,2.4975703704597616,0.4265805671805456,61.31117906631751,42.97771922373177,0.20911598592572855,0.18945911466761767,61.40710948285017,24.548328964613365,276
泸州老窖,恒瑞医药,白酒,医药,21.675564681724847,1.4130823834114634,0.01608013731911173,1.9403297460968478,1.0291043707001726,0.3449039404596539,119.1500411514,88.59371853031939,0.2467529293103481,0.22982477763501485,61.40710948285017,115.78032757778863,276
泸州老窖,片仔癀,白酒,中药,21.675564681724847,1.4499274327846738,0.017287466540246266,1.4607812302323009,1.4391542804854074,0.4498871113318361,89.70235293536746,61.86850840612601,0.2305305742647763,0.20962087266973617,61.40710948285017,62.329907329401856,276
泸州老窖,云南白药,白酒,中药,21.675564681724847,1.3508740146981342,0.013971860857807439,0.9190503361103595,1.9855937502943537,0.25651236385757414,56.43622460977909,44.91497754667231,0.20450317826183895,0.19188101322894524,61.40710948285017,28.422845610494452,276
泸州老窖,同仁堂,白酒,中药,21.675564681724847,1.5110924171286522,0.019228533903438372,0.4827940385615916,4.729553620642752,-0.12384958088069298,29.646986383619044,33.83778143189127,0.16925618277640386,0.17641025639148356,61.40710948285017,6.268453380932382,276
泸州老窖,格力电器,白酒,家电,21.675564681724847,1.4147223890892424,0.0161345118013263,1.6107806722875355,1.2425275970986465,0.4028904340020252,98.91338509601971,70.50684978573096,0.23609227433421265,0.21693663645110672,61.40710948285017,79.60659008861175,276
泸州老窖,海尔智家,白酒,家电,21.675564681724847,1.4218530745182891,0.01637023319312747,0.9056377665959433,2.2323121231085894,0.28852673661240025,55.612597485161004,43.15983200423861,0.2036864992004077,0.1896911745171883,61.40710948285017,24.912554525627044,276
泸州老窖,上汽集团,白酒,汽车,21.675564681724847,1.4558492283139972,0.01747877575100576,0.5830671819900244,3.6350819271778594,0.004941703448020585,35.804470280318355,35.628405267162144,0.17948042910950157,0.17921221801348608,61.40710948285017,9.849701051474126,276
泸州老窖,长安汽车,白酒,汽车,21.675564681724847,1.794823471110108,0.027351992303838557,0.7614090607587997,4.230828681283863,0.29056004898102006,46.755929555249736,36.22917786132194,0.1940918887626919,0.18012227104510048,61.40710948285017,11.051246239793725,276
泸州老窖,通威股份,白酒,光伏,21.675564681724847,1.9106103000678172,0.030319328814670143,1.0812066814718777,3.3762570850522278,0.6378963060295662,66.39377706273271,40.536007571613766,0.213566734968486,0.1862537048571764,61.40710948285017,19.66490566037736,276
泸州老窖,京东方A,白酒,电子,21.675564681724847,1.7654591883680997,0.026570439432809456,0.35946975879107895,8.670676933368508,-0.30967984196767306,22.07399883385753,31.976465668881467,0.15345276831121235,0.17334358199896238,61.40710948285017,2.545821854912764,276
泸州老窖,恒生电子,白酒,软件,21.675564681724847,1.8803103652667872,0.029559741800267547,2.116653867472539,1.6703567475354297,0.8672073723364935,129.97759577718443,69.61069118666745,0.25176588390651555,0.21621868068012362,61.40710948285017,77.81427289048473,276
泸州老窖,浪潮信息,白酒,服务器,21.675564681724847,2.1110697304026163,0.03507279448371192,2.0125779439145153,2.214381520028956,1.1086624769590054,123.58659414472812,58.608997644306626,0.24885750709757426,0.2066042624408626,61.40710948285017,55.81088580576308,276
泸州老窖,长江电力,白酒,电力,21.675564681724847,1.4222462055161078,0.016383196231933184,0.5075030317815993,3.985758000309758,-0.09963643124313404,31.164294235491052,34.61301114006608,0.171951743241763,0.17764028671671306,61.40710948285017,7.8189127972819925,276
泸州老窖,万华化学,白酒,化工,21.675564681724847,1.4190097263431918,0.016276375173301938,1.0437951024872252,1.9291033256033352,0.35462993584336666,64.09644013609586,47.31656848864088,0.21159675359088181,0.19474870284829837,61.40710948285017,33.226027494431605,276
泸州老窖,海螺水泥,白酒,建材,21.675564681724847,1.4800277221756695,0.01825225945798503,0.6845086412820467,3.2000794822777534,0.12778085538765604,42.03369707716366,37.27115678224141,0.18824094047909923,0.18166706082550976,61.40710948285017,13.135204081632654,276
泸州老窖,宝钢股份,白酒,钢铁,21.675564681724847,1.4254213912230982,0.016487769194012625,0.27837290368114037,7.298936482998103,-0.4637077519552516,17.094075373406692,31.874552421239468,0.13992744166948978,0.17317079304250838,61.40710948285017,2.34199535962877,276
泸州老窖,三一重工,白酒,机械,21.675564681724847,1.4994581433828624,0.018865163763661652,1.4733752376178464,1.5260027902955349,0.4992273083505505,90.47571452571948,60.34823006610041,0.23101801444756465,0.20823324022781908,61.40710948285017,59.28935064935065,276
泸州老窖,中航沈飞,白酒,军工,21.675564681724847,2.3736301981336814,0.04068583604066123,2.8846696590196186,1.953124961770127,1.329210212141001,177.1392255732738,76.0511973758041,0.26977208394204344,0.22119393577283186,61.40710948285017,90.69528526875803,276
泸州老窖,上海机场,白酒,交运,21.675564681724847,1.438909717588676,0.016929537082530866,0.2737642646373532,7.562934403121595,-0.4715986250972667,16.811072171077917,31.814966746012825,0.139049824020397,0.17306952414208432,61.40710948285017,2.222824009175481,276
泸州老窖,万科A,白酒,地产,21.675564681724847,1.6746173196942922,0.024071601108427876,0.6126788110385812,4.577183210671704,0.08070047168457961,37.622834827268626,34.81337874186612,0.18217915550434838,0.17795392869126592,61.40710948285017,8.219648000882065,276
泸州老窖,中兴通讯,白酒,通信,21.675564681724847,1.8141379024884545,0.027859438401427683,0.6103122584608323,5.392479478529793,0.0965219096190506,37.47751167402988,34.17853427757788,0.181968099595069,0.17695419361737086,61.40710948285017,6.949959072305594,276
山西汾酒,伊利股份,白酒,乳品,21.675564681724847,1.5089496012608983,0.01916180885867802,1.123460337260317,2.0267105331888873,0.4455907268425354,88.12235617848029,60.9594088715258,0.2295221356077073,0.2087950575390367,78.43833311763944,43.48048462541216,276
山西汾酒,双汇发展,白酒,肉制品,21.675564681724847,1.901917273228488,0.030102586095118955,0.8281211973542865,4.368067531372874,0.3922855781610395,64.95644633985394,46.654542256804675,0.2123419855923343,0.19397230733545068,78.43833311763944,14.870751395969897,276
山西汾酒,青岛啤酒,白酒,啤酒,21.675564681724847,1.3841311831761496,0.015110215727470067,0.4289095521844512,4.466720599910342,-0.21733502216426737,33.64295033158154,42.9851229891656,0.17609689878835155,0.18946856729863093,78.43833311763944,7.531912860691763,276
山西汾酒,招商银行,白酒,银行,21.675564681724847,1.6064043992073695,0.02210872236169492,0.8625617881851159,2.991710424852459,0.33905181116362004,67.65790887621087,50.52672966956891,0.21462317574890855,0.1983723472586587,78.43833311763944,22.61512622149837,276
山西汾酒,中信证券,白酒,券商,21.675564681724847,1.7343270369195367,0.02572817360801638,0.9702368912585686,3.100160690744644,0.47793438375117736,76.10376447956253,51.4933310411264,0.22123286529598118,0.19942047938758312,78.43833311763944,24.548328964613365,276
山西汾酒,恒瑞医药,白酒,医药,21.675564681724847,1.4510072337178677,0.01732240602511914,1.762880145534415,1.194308074564719,0.4239350596567697,138.27738010190114,97.10933034771404,0.25534569909384874,0.23504301787602166,78.43833311763944,115.78032757778863,276
山西汾酒,片仔癀,白酒,中药,21.675564681724847,1.4642713993365988,0.01774958730644749,1.3052858867602626,1.6426215533800215,0.454652681234204,102.38444919945488,70.38412022352065,0.23806071632174453,0.2168388280355329,78.43833311763944,62.329907329401856,276
山西汾酒,云南白药,白酒,中药,21.675564681724847,1.4143218650634146,0.016121237955312395,0.851369044941193,2.349517344895507,0.2498452580808439,66.77996875314385,53.43058936406695,0.2138914982119695,0.20146580967593875,78.43833311763944,28.422845610494452,276
山西汾酒,同仁堂,白酒,中药,21.675564681724847,1.5885851032550267,0.02158286187982661,0.4490828890286903,5.619458438378756,-0.16830009251600597,35.225313247064314,42.353393249285915,0.17859337028547784,0.18865637587540007,78.43833311763944,6.268453380932382,276
山西汾酒,格力电器,白酒,家电,21.675564681724847,1.5550484095305006,0.02057772722596818,1.5665860183489433,1.5435957730121348,0.5550059245412129,122.88039596469083,79.0224616031256,0.24852737779298373,0.22335508428087292,78.43833311763944,79.60659008861175,276
山西汾酒,海尔智家,白酒,家电,21.675564681724847,1.488898364925888,0.018533017250829564,0.8390928223483781,2.6419226598491803,0.2736618681623959,65.81704231598233,51.675443821633245,0.2130783663895517,0.19961584989587533,78.43833311763944,24.912554525627044,276
山西汾酒,上汽集团,白酒,汽车,21.675564681724847,1.593669669633918,0.021733482534958437,0.5647362348869401,4.497290697876938,0.003464837167254542,44.29696891566328,44.144017084556786,0.1911194040739319,0.19092934799619465,78.43833311763944,9.849701051474126,276
山西汾酒,长安汽车,白酒,汽车,21.675564681724847,1.7936885297859846,0.02732201231085929,0.6732687869790912,4.77865394045918,0.18025096933006157,52.81008139077498,44.744789678716586,0.20081849496974713,0.1916722827075652,78.43833311763944,11.051246239793725,276
山西汾酒,通威股份,白酒,光伏,21.675564681724847,2.0776682391163432,0.034311482660785764,1.0402984622515359,4.149487352398933,0.6635389073849614,81.59927732385403,49.0516193890084,0.22516746698486267,0.19673535774099182,78.43833311763944,19.66490566037736,276
山西汾酒,京东方A,白酒,电子,21.675564681724847,2.0475769053328676,0.03361555491118762,0.3688841963791627,11.365548387286108,-0.2854241305048313,28.934661477421493,40.4920774862761,0.16794499895336656,0.18619436413756985,78.43833311763944,2.545821854912764,276
山西汾酒,恒生电子,白酒,软件,21.675564681724847,2.028260122101229,0.033163652244664776,2.0201755281500975,2.0363770700030175,1.0282439452549244,158.45920103314054,78.1263030040621,0.2632606584938355,0.22271154291937,78.43833311763944,77.81427289048473,276
山西汾酒,浪潮信息,白酒,服务器,21.675564681724847,2.4122951452628083,0.041461908107421896,2.0348187114478744,2.859796715609072,1.377783486600698,159.6077879225542,67.12460946170125,0.26368164875293965,0.21417981047990997,78.43833311763944,55.81088580576308,276
山西汾酒,长江电力,白酒,电力,21.675564681724847,1.597245235263367,0.02183912763667517,0.504290292403408,5.058975713002022,-0.08284366086657868,39.555689943530304,43.12862295746072,0.18491466676995527,0.1896514723330951,78.43833311763944,7.8189127972819925,276
山西汾酒,万华化学,白酒,化工,21.675564681724847,1.5588120092844273,0.020691551366708527,1.0145390668547882,2.3950727573481863,0.4253205382740961,79.57875328681494,55.832180306035525,0.223751070638458,0.20390535176616087,78.43833311763944,33.226027494431605,276
山西汾酒,海螺水泥,白酒,建材,21.675564681724847,1.617858893794845,0.022443822889312903,0.662056227635591,3.953542449980225,0.1341832698431793,51.93058692588822,45.78676859963605,0.1998884655501374,0.1929385493518898,78.43833311763944,13.135204081632654,276
山西汾酒,宝钢股份,白酒,钢铁,21.675564681724847,1.5692273656936035,0.021005186236057405,0.27115318514099845,9.081488472876357,-0.47341625707838775,21.2688038619986,40.39016423863411,0.1514770673338275,0.18605646299087875,78.43833311763944,2.34199535962877,276
山西汾酒,三一重工,白酒,机械,21.675564681724847,1.5788267894258958,0.02129249768701902,1.3726463381380085,1.8159768920450516,0.5634923608492779,107.66809072357705,68.86384188349504,0.24093813287483212,0.2156135760621758,78.43833311763944,59.28935064935065,276
山西汾酒,中航沈飞,白酒,军工,21.675564681724847,2.5170080823209524,0.043505569175710024,2.7065296410073874,2.3407575481460268,1.5103900170703892,212.29567357410252,84.56680919319874,0.2804222019168727,0.2271882147998383,78.43833311763944,90.69528526875803,276
山西汾酒,上海机场,白酒,交运,21.675564681724847,1.6391118132155018,0.023059624314366145,0.27592874257378963,9.736888992288032,-0.46335035604047436,21.64339062673429,40.330578563407464,0.15240490610855217,0.18597568241515372,78.43833311763944,2.222824009175481,276
山西汾酒,万科A,白酒,地产,21.675564681724847,1.9032857494026196,0.030136768820398174,0.6161215903257286,5.87951583057488,0.11536294566664385,48.32755054293927,43.32899055926075,0.19591457064286666,0.1899058920652008,78.43833311763944,8.219648000882065,276
山西汾酒,中兴通讯,白酒,通信,21.675564681724847,2.0996587887584375,0.03481400806611146,0.6249937432977483,7.053777860157393,0.14824798988079557,49.02346743322921,42.69414609497252,0.19670366193288458,0.18909589344650835,78.43833311763944,6.949959072305594,276
伊利股份,双汇发展,乳品,肉制品,21.675564681724847,1.4911723109964357,0.01860473120293049,0.8720614717254529,2.5498143573329366,0.2996350377180843,37.917655413772856,29.17561801069103,0.18260495121758913,0.16839194312835648,43.48048462541216,14.870751395969897,276
伊利股份,青岛啤酒,乳品,啤酒,21.675564681724847,1.3769693651565307,0.014867295970692584,0.5730991094550749,3.3084061749501106,-0.023036428574572776,24.918627017498785,25.50619874305196,0.15992123581822493,0.16116907240764267,43.48048462541216,7.531912860691763,276
伊利股份,招商银行,乳品,银行,21.675564681724847,1.4090327568320433,0.01594561345490697,1.01618647325255,1.9537490038329692,0.3369807695445357,44.1842803268093,33.047805423455266,0.1909794394482509,0.17512886058148358,43.48048462541216,22.61512622149837,276
伊利股份,中信证券,乳品,券商,21.675564681724847,1.6336968104466687,0.02290345135538674,1.2275388345436475,2.1742410043229623,0.569158143610407,53.37398342247143,34.01440679501276,0.20140705633257117,0.1766928489523416,43.48048462541216,24.548328964613365,276
伊利股份,恒瑞医药,乳品,医药,21.675564681724847,1.4674998617585824,0.017853003465137185,2.3946843060886143,0.8993067849427695,0.30756628342134196,104.12203415360176,79.63040610160039,0.23902231249744,0.22378770470412168,43.48048462541216,115.78032757778863,276
伊利股份,片仔癀,乳品,中药,21.675564681724847,1.4706199206217734,0.017952741169582342,1.7607654064847424,1.2282856892601788,0.44709667493362426,76.55893318561743,52.905195977407004,0.2215688802058957,0.20091818792245197,43.48048462541216,62.329907329401856,276
伊利股份,云南白药,乳品,中药,21.675564681724847,1.2924357646587301,0.011905232268035748,1.0449501134229717,1.598535838516973,0.2637783866739798,45.43493734101022,35.951665117953304,0.19251408740785036,0.17970369663702934,43.48048462541216,28.422845610494452,276
伊利股份,同仁堂,乳品,中药,21.675564681724847,1.4129159549691443,0.016074616010737897,0.536474818451939,3.7212026122065103,-0.06224389784378925,23.326185095620314,24.874469003172273,0.1563926763808028,0.15982632606903824,43.48048462541216,6.268453380932382,276
伊利股份,格力电器,乳品,家电,21.675564681724847,1.4228109738697703,0.01640181283284914,1.925194130382847,1.0515256801461734,0.360148886169082,83.7083737870451,61.54353735701196,0.2266107043324863,0.2093270101395177,43.48048462541216,79.60659008861175,276
伊利股份,海尔智家,乳品,家电,21.675564681724847,1.4186156513748052,0.016263352731795022,1.0738081359314398,1.874143339936525,0.3653347979433965,46.68969814500946,34.1965195755196,0.19401380005922242,0.17698275928453056,43.48048462541216,24.912554525627044,276
伊利股份,上汽集团,乳品,汽车,21.675564681724847,1.4232814526964876,0.016417315963466628,0.6774154954687217,2.9903805081815675,0.10460346844468082,29.454354035743716,26.665092838443144,0.16890459208202624,0.16355185193611965,43.48048462541216,9.849701051474126,276
伊利股份,长安汽车,乳品,汽车,21.675564681724847,1.6217740527950855,0.022557841843594106,0.8176148817593978,3.2168581284377598,0.30383872772065734,35.55029129584767,27.265865432602943,0.17909281688844825,0.16474847806632553,43.48048462541216,11.051246239793725,276
伊利股份,通威股份,乳品,光伏,21.675564681724847,2.1732503502318945,0.036459949354015864,1.4615325900110203,3.231550987684399,1.0127564346946194,63.54814530951298,31.57269514289476,0.2111166377493452,0.17265589927072367,43.48048462541216,19.66490566037736,276
伊利股份,京东方A,乳品,电子,21.675564681724847,1.7183233092151484,0.02528957155964906,0.41578775828154113,7.101303336094829,-0.21442085564161895,18.078653231395133,23.013153240162463,0.14287631008626733,0.1556721085360504,43.48048462541216,2.545821854912764,276
伊利股份,恒生电子,乳品,软件,21.675564681724847,1.9898218407002282,0.03225207085710591,2.6619300400233827,1.4874136052399276,0.9084420555272608,115.74200817915946,60.647378757948445,0.2450848556305809,0.2085089031000884,43.48048462541216,77.81427289048473,276
伊利股份,浪潮信息,乳品,服务器,21.675564681724847,2.0429144603338476,0.03350685374492279,2.3145280704532554,1.8031751463804184,1.0271006784458678,100.63680218242766,49.64568521558762,0.23707771976085712,0.197400191136627,43.48048462541216,55.81088580576308,276
伊利股份,长江电力,乳品,电力,21.675564681724847,1.3533490771358456,0.014057495123906971,0.5738994755923299,3.1914190593989864,-0.027145402141299235,24.953427325024396,25.649698711347078,0.15999591988354434,0.16146965821935688,43.48048462541216,7.8189127972819925,276
伊利股份,万华化学,乳品,化工,21.675564681724847,1.3795722531669106,0.014955721732600846,1.205969913097954,1.578165077782864,0.36718916858690376,52.43615626516522,38.35325605992188,0.20042490351978182,0.18322832424412572,43.48048462541216,33.226027494431605,276
伊利股份,海螺水泥,乳品,建材,21.675564681724847,1.4190121474199882,0.01627645516856102,0.7799330742323135,2.5817541800076422,0.19796716484308452,33.91186804300855,28.307844353522405,0.17652896251917727,0.166765487530236,43.48048462541216,13.135204081632654,276
伊利股份,宝钢股份,乳品,钢铁,21.675564681724847,1.3900363729901637,0.015309612100177006,0.3226056666950781,5.989358891398321,-0.3877655362439828,14.027050730806181,22.911239992520464,0.12957527643909805,0.15543549604270246,43.48048462541216,2.34199535962877,276
伊利股份,三一重工,乳品,机械,21.675564681724847,1.618066405209802,0.0224498727283593,1.8894591196642914,1.3856552197507968,0.5988076264452808,82.15459820290802,51.384917637381406,0.22555088901288145,0.19930386033759961,43.48048462541216,59.28935064935065,276
伊利股份,中航沈飞,乳品,军工,21.675564681724847,2.40794116547643,0.04137511143730821,3.4776913804735403,1.6672499143976593,1.2539346220241536,151.21170660060812,67.08788494708509,0.26053513193555067,0.21414915555707492,43.48048462541216,90.69528526875803,276
伊利股份,上海机场,乳品,交运,21.675564681724847,1.4389739677957274,0.016931631928902124,0.32535560195005514,6.364255195186838,-0.380936756177205,14.146619248381091,22.85165431729382,0.1300176975266516,0.1552966901768753,43.48048462541216,2.222824009175481,276
伊利股份,万科A,乳品,地产,21.675564681724847,1.7160130539500196,0.02522593453833122,0.746105100812718,3.946764065973101,0.25496820672872933,32.44101136482897,25.850066313147114,0.17412460088604198,0.16188669066464678,43.48048462541216,8.219648000882065,276
伊利股份,中兴通讯,乳品,通信,21.675564681724847,1.750532158890469,0.02616837887455703,0.6998646034993846,4.378508105693076,0.20682864956440206,30.430452132325165,25.215221848858878,0.17066405684503927,0.16055458645925302,43.48048462541216,6.949959072305594,276
双汇发展,青岛啤酒,肉制品,啤酒,21.675564681724847,1.4766771210433454,0.018145794375054924,1.0509250231179086,2.0749104568311467,0.3951951942450933,15.628044754590336,11.20133212833083,0.13522166551821146,0.11791285729828571,14.870751395969897,7.531912860691763,276
双汇发展,招商银行,肉制品,银行,21.675564681724847,1.4191352654732967,0.016280522963952215,1.7500757367792785,1.150775854658892,0.3885197765056987,26.024941205763508,18.742938808734134,0.16224815198527498,0.14478054158240639,14.870751395969897,22.61512622149837,276
双汇发展,中信证券,肉制品,券商,21.675564681724847,1.773305352336116,0.02678047806395023,2.278389840920908,1.3801904380651944,0.719033960077748,33.881368907438215,19.709540180291633,0.17648012491249365,0.1474394307956426,14.870751395969897,24.548328964613365,276
双汇发展,恒瑞医药,肉制品,医药,21.675564681724847,1.550338106546658,0.020434900729106698,4.325908729935556,0.5556169569593491,-0.015247117898686158,64.32951328452754,65.32553948687926,0.2117996591568112,0.2126589381491153,14.870751395969897,115.78032757778863,276
双汇发展,片仔癀,肉制品,中药,21.675564681724847,1.7686142710546227,0.026655006546001614,3.6208864776136847,0.8638758655144457,0.39494412432846615,53.84530264162223,38.600329362685876,0.20189445335172285,0.1835789072963816,14.870751395969897,62.329907329401856,276
双汇发展,云南白药,肉制品,中药,21.675564681724847,1.405249662369049,0.015819609878753083,1.9427674164038744,1.01645034650808,0.3346274399523328,28.89041126953275,21.646798503232176,0.16786253467808265,0.15241327678617278,14.870751395969897,28.422845610494452,276
双汇发展,同仁堂,肉制品,中药,21.675564681724847,1.595901978968156,0.021799465724910316,1.036143619004266,2.4580599443560254,0.45778749308193234,15.40823416873299,10.56960238845114,0.1344800401664077,0.11492291856900883,14.870751395969897,6.268453380932382,276
双汇发展,格力电器,肉制品,家电,21.675564681724847,1.4854429912567044,0.01842384410718223,3.4368774221127736,0.6420190798999241,0.08193031089897351,51.10894972266095,47.23867074229082,0.19900594242184444,0.1946578875465068,14.870751395969897,79.60659008861175,276
双汇发展,海尔智家,肉制品,家电,21.675564681724847,1.48949414571309,0.018551816619450934,1.9278865571528787,1.1507901239738954,0.44126391947177623,28.669121711052767,19.89165296079847,0.16744832515983576,0.14792641705169696,14.870751395969897,24.912554525627044,276
双汇发展,上汽集团,肉制品,汽车,21.675564681724847,1.5005802119805776,0.0189003259931515,1.2212491746079268,1.8438014284108568,0.46930100949715103,18.160892868127913,12.360226223722012,0.14311564356579853,0.12300199868653383,14.870751395969897,9.849701051474126,276
双汇发展,长安汽车,肉制品,汽车,21.675564681724847,1.9586157024742898,0.03149956343362237,1.6884507729515161,2.2720090697539166,0.9372374028962873,25.108531688895212,12.960998817881812,0.1603275818579284,0.1254636275206631,14.870751395969897,11.051246239793725,276
双汇发展,通威股份,肉制品,光伏,21.675564681724847,2.3652297166191643,0.040515630197018204,2.7198991656266207,2.0568084593274003,1.3423295087826186,40.44694431413943,17.26782852817363,0.18613333430039414,0.1404594240934376,14.870751395969897,19.66490566037736,276
双汇发展,京东方A,肉制品,电子,21.675564681724847,1.8043576158839205,0.027603129464216503,0.7465693660796342,4.360889361285458,0.2748830993208655,11.102047442817083,8.70828662544133,0.11745377262419399,0.10500362164593224,14.870751395969897,2.545821854912764,276
双汇发展,恒生电子,肉制品,软件,21.675564681724847,2.011244508694771,0.03276216997896286,4.600743768344744,0.8792283764175416,0.4763230056273742,68.41651681561243,46.34251214322731,0.21524814437804385,0.193602721302631,14.870751395969897,77.81427289048473,276
双汇发展,浪潮信息,肉制品,服务器,21.675564681724847,2.185320662609584,0.03672482564220836,4.233583922212125,1.1280339509445791,0.7814124435603225,62.95657402119166,35.340818600866484,0.2105941749421223,0.17877138772750878,14.870751395969897,55.81088580576308,276
双汇发展,长江电力,肉制品,电力,21.675564681724847,1.323190647961608,0.013003715472967636,0.9594650308547193,1.8248017744777696,0.2576621518453801,14.26796594696712,11.344832096625945,0.13046306620878867,0.11856957702544735,14.870751395969897,7.8189127972819925,276
双汇发展,万华化学,肉制品,化工,21.675564681724847,1.5392528585404455,0.02009713212146802,2.300820415078402,1.0297628389411682,0.42275342294206486,34.21492839940319,24.04838944520075,0.17701198279193897,0.15802054305561408,14.870751395969897,33.226027494431605,276
双汇发展,海螺水泥,肉制品,建材,21.675564681724847,1.4852083988395965,0.018416423339543853,1.3958519327612111,1.5802850834043531,0.4823537868062764,20.75736707767606,14.002977738801276,0.15018476351284527,0.1294857679584014,14.870751395969897,13.135204081632654,276
双汇发展,宝钢股份,肉制品,钢铁,21.675564681724847,1.4334031397754392,0.016749665483174914,0.5688462636998464,3.6119505255329014,-0.017103837043869974,8.459171370006752,8.606373377799333,0.10352499896971579,0.10440365509600058,14.870751395969897,2.34199535962877,276
双汇发展,三一重工,肉制品,机械,21.675564681724847,1.7224138323755136,0.025402046947816448,3.43921554310504,0.8626122360682454,0.37927855890532136,51.14371933867064,37.08005102266027,0.19904356191863504,0.18138684677272643,14.870751395969897,59.28935064935065,276
双汇发展,中航沈飞,肉制品,军工,21.675564681724847,2.580849926817557,0.04471212021528759,6.373656448582451,1.0450494780332251,0.7956733723216227,94.78106053019003,52.783018332363966,0.23366104359781947,0.20079009792446945,14.870751395969897,90.69528526875803,276
双汇发展,上海机场,肉制品,交运,21.675564681724847,1.5037988242362048,0.019001048574021517,0.5814010661154868,3.889588505372633,0.011593012068469744,8.645870715555263,8.54678770257269,0.1046369774077398,0.10404972519234135,14.870751395969897,2.222824009175481,276
双汇发展,万科A,肉制品,地产,21.675564681724847,1.6732433847768968,0.024032823548218785,1.2439968190906843,2.2506033630746383,0.6023254614293934,18.499167434074906,11.545199698425982,0.14408933901132492,0.11947341415426949,14.870751395969897,8.219648000882065,276
双汇发展,中兴通讯,肉制品,通信,21.675564681724847,1.7611648496518735,0.026455104390354256,1.2039949791815787,2.576174885511319,0.6410382277365145,17.904310017405212,10.910355234137747,0.14236548378307923,0.11655621434390784,14.870751395969897,6.949959072305594,276
青岛啤酒,招商银行,啤酒,银行,21.675564681724847,1.4380873254586612,0.01690271550907152,2.491908682110707,0.8299241342556417,0.2451530645705835,18.768839050459096,15.073519541095067,0.1448534758937816,0.13333112323327478,7.531912860691763,22.61512622149837,276
青岛啤酒,中信证券,啤酒,券商,21.675564681724847,1.5939813799939941,0.021742701446016977,2.8776738329368903,0.88292724862932,0.35126092061292424,21.674388551173525,16.040120912652565,0.15248099925070902,0.13658555787805593,7.531912860691763,24.548328964613365,276
青岛啤酒,恒瑞医药,啤酒,医药,21.675564681724847,1.3089225848239063,0.012497160347836767,5.131906141440926,0.3338483374095859,-0.37308624465604934,38.65306986658196,61.656120219240194,0.18365346580551267,0.20942898298629298,7.531912860691763,115.78032757778863,276
青岛啤酒,片仔癀,啤酒,中药,21.675564681724847,1.3745973684172712,0.014786575124504209,3.9543135716915314,0.4778371494831683,-0.1473584523051199,29.783545245831426,34.93091009504681,0.16950411120560727,0.17813710408865102,7.531912860691763,62.329907329401856,276
青岛啤酒,云南白药,啤酒,中药,21.675564681724847,1.2671695044898679,0.010983969074753963,2.4615907273760613,0.6523093117192219,0.03132312081259059,18.540486857283348,17.97737923559311,0.1442071075731417,0.1425801519412897,7.531912860691763,28.422845610494452,276
青岛啤酒,同仁堂,啤酒,中药,21.675564681724847,1.2868819121773165,0.011704208943111194,1.17399501657453,1.4106235823054816,0.28147731863166703,8.842428163725742,6.9001831208120725,0.10578318848517099,0.09320283758421488,7.531912860691763,6.268453380932382,276
青岛啤酒,格力电器,啤酒,家电,21.675564681724847,1.306317541340056,0.012404105933333964,4.246886221570214,0.4018156903157609,-0.26583138641366777,31.987176950139343,43.56925147465176,0.1733617119391737,0.19020949141142451,7.531912860691763,79.60659008861175,276
青岛啤酒,海尔智家,啤酒,家电,21.675564681724847,1.3474639855716903,0.013853632371871427,2.450606911719745,0.7409018491417632,0.13780617786719151,18.457757714882074,16.222233693159403,0.14397106108523117,0.137177697048964,7.531912860691763,24.912554525627044,276
青岛啤酒,上汽集团,啤酒,汽车,21.675564681724847,1.362954840223392,0.014388434415583129,1.5586203689444569,1.1918527009540005,0.35078282846590647,11.739392801788895,8.690806956082945,0.12033523244075028,0.10490119572358725,7.531912860691763,9.849701051474126,276
青岛啤酒,长安汽车,啤酒,汽车,21.675564681724847,1.5542493864997813,0.020553528221449735,1.882667775379614,1.2831213170087088,0.5261226095213496,14.180089629791665,9.291579550242744,0.13014090391852595,0.10831373194543681,7.531912860691763,11.051246239793725,276
青岛啤酒,通威股份,啤酒,光伏,21.675564681724847,1.8471884353227128,0.02871593572092257,2.9847261538912244,1.1431886677917062,0.6531858155924222,22.480697304136378,13.598409260534563,0.15442469479313048,0.12795911996868514,7.531912860691763,19.66490566037736,276
青岛啤酒,京东方A,啤酒,电子,21.675564681724847,1.7083163849444936,0.02501333509269621,0.9931838938480141,2.9383731342671315,0.48457461011009495,7.480574543105781,5.038867357802264,0.0972836331175988,0.07746223977950284,7.531912860691763,2.545821854912764,276
青岛啤酒,恒生电子,啤酒,软件,21.675564681724847,1.6800785839598746,0.024225438863495485,5.4001594612596815,0.5227001292332545,-0.04685768583425132,40.6735304960481,42.673092875588246,0.18643907490480616,0.18906883525271745,7.531912860691763,77.81427289048473,276
青岛啤酒,浪潮信息,啤酒,服务器,21.675564681724847,1.982096383084234,0.03206683253799025,5.395498589581938,0.7281451392502377,0.28312692436300013,40.63842521671647,31.67139933322742,0.18639181265189975,0.17282477895281323,7.531912860691763,55.81088580576308,276
青岛啤酒,长江电力,啤酒,电力,21.675564681724847,1.3568748229902152,0.0141792241922718,1.3824846740078378,1.3317393819110719,0.3566376594812206,10.412754095868893,7.675412828986878,0.11415416300374814,0.09858605019818256,7.531912860691763,7.8189127972819925,276
青岛啤酒,万华化学,啤酒,化工,21.675564681724847,1.4477316886206542,0.017216341485649655,3.0407075129199237,0.689289263545029,0.12382244159620615,22.902344022163643,20.378970177561683,0.15541479460754948,0.14920892694483778,7.531912860691763,33.226027494431605,276
青岛啤酒,海螺水泥,啤酒,建材,21.675564681724847,1.3700995350220189,0.014633144936909481,1.80933043219128,1.0374958064426676,0.3187827977645137,13.62771915146249,10.33355847116221,0.12807116767912285,0.1137617975507379,7.531912860691763,13.135204081632654,276
青岛啤酒,宝钢股份,啤酒,钢铁,21.675564681724847,1.3871630413449378,0.015212691478879936,0.7735134699797892,2.4876377438179773,0.18008713924828412,5.826036052459087,4.936954110160267,0.08470193336132881,0.0764470341058836,7.531912860691763,2.34199535962877,276
青岛啤酒,三一重工,啤酒,机械,21.675564681724847,1.4937437622017773,0.018685702071113308,4.190943521754828,0.5324028862556575,-0.05521626644506461,31.565821409938017,33.41063175502121,0.1726441197866191,0.17572097746959114,7.531912860691763,59.28935064935065,276
青岛啤酒,中航沈飞,啤酒,军工,21.675564681724847,2.1826259987037253,0.036665813952932114,7.573890747936076,0.6289840200712703,0.1615089550793365,57.04588512985409,49.113599064724895,0.2051004060692183,0.19680507849389106,7.531912860691763,90.69528526875803,276
青岛啤酒,上海机场,啤酒,交运,21.675564681724847,1.3405092199810333,0.013611617793524822,0.7282319038782855,2.467572430271467,0.12457759046893768,5.484979242386906,4.877368434933622,0.08168738253969132,0.07584417271082522,7.531912860691763,2.222824009175481,276
青岛啤酒,万科A,啤酒,地产,21.675564681724847,1.6348486541508644,0.022936712739730858,1.707857064501356,1.564961247362496,0.6332896404852904,12.863430588341044,7.875780430786914,0.12507134848555812,0.099892942091238,7.531912860691763,8.219648000882065,276
青岛啤酒,中兴通讯,啤酒,通信,21.675564681724847,1.6167373557109859,0.02241111247478411,1.5530232344893038,1.6830654038546218,0.6154314479401826,11.697235672803107,7.240935966498679,0.12014930311739058,0.0956366275780618,7.531912860691763,6.949959072305594,276
招商银行,中信证券,银行,券商,21.675564681724847,1.3243030291710671,0.013042988806884148,1.3797450087974943,1.2710888619920837,0.323190059095845,31.203107527437712,23.581727593055867,0.17201904162908188,0.15697410363923403,22.61512622149837,24.548328964613365,276
招商银行,恒瑞医药,银行,医药,21.675564681724847,1.522264238493817,0.019574957458233344,3.4443551372267014,0.6727785955495217,0.12568041856371281,77.89452618004819,69.1977268996435,0.22254395544018135,0.215884862788706,22.61512622149837,115.78032757778863,276
招商银行,片仔癀,银行,中药,21.675564681724847,1.6551682138554868,0.023519827164173224,2.7478363862108273,0.9969959746895094,0.46312654460127,62.1426667101838,42.47251677545012,0.20986764384696865,0.18881040871993604,22.61512622149837,62.329907329401856,276
招商银行,云南白药,银行,中药,21.675564681724847,1.3979807731329958,0.015576594118987153,1.5672398593830636,1.2470013637981676,0.38890030175901025,35.443327239311344,25.51898591599641,0.17892891035613268,0.16119592276186023,22.61512622149837,28.422845610494452,276
招商银行,同仁堂,银行,中药,21.675564681724847,1.4979197894084446,0.018816915596960415,0.7886226577635828,2.8451676773584227,0.23494395029596782,17.834800946456937,14.441789801215377,0.14216049789367435,0.13109478304852984,22.61512622149837,6.268453380932382,276
招商银行,格力电器,银行,家电,21.675564681724847,1.2493802528379627,0.010324762382934782,2.3440649450440567,0.665916283369919,0.03718322323488432,53.011324603560986,51.11085815505506,0.2010292234744997,0.19900800791140538,22.61512622149837,79.60659008861175,276
招商银行,海尔智家,银行,家电,21.675564681724847,1.347534014555499,0.013856063202694724,1.414325460664221,1.2838967910054229,0.3459587469196981,31.98514881120019,23.763840373562708,0.1733582795508486,0.157384802521366,22.61512622149837,24.912554525627044,276
招商银行,上汽集团,银行,汽车,21.675564681724847,1.27574179254802,0.011298482059177717,0.8419277026201201,1.9330841783548904,0.1729802905793696,19.04030126413016,16.23241363648625,0.1456121816772047,0.13721060968549992,22.61512622149837,9.849701051474126,276
招商银行,长安汽车,银行,汽车,21.675564681724847,1.5889712323938558,0.02159431634795661,1.1107649174322385,2.273054845134929,0.4922955444055701,25.120088810142292,16.83318623064605,0.16035221632820118,0.13911890731547794,22.61512622149837,11.051246239793725,276
招商银行,通威股份,银行,光伏,21.675564681724847,2.1153197250835025,0.03516883835037676,1.972524675615435,2.268451996896444,1.1101637122078798,44.6088945140632,21.140015940937865,0.19150506671285283,0.15115445994898624,22.61512622149837,19.66490566037736,276
招商银行,京东方A,银行,电子,21.675564681724847,1.5682310086077536,0.020975269224007498,0.5261681236697408,4.67407352464884,-0.054140687037463,11.899358530520152,12.580474038205567,0.12103499743154811,0.12391744169404273,22.61512622149837,2.545821854912764,276
招商银行,恒生电子,银行,软件,21.675564681724847,1.9771066484469386,0.03194682402570104,3.667416379884488,1.065859530096827,0.651689347367252,82.93908433787833,50.21469955599155,0.22608834662948407,0.19802991151757743,22.61512622149837,77.81427289048473,276
招商银行,浪潮信息,银行,服务器,21.675564681724847,2.1149821563929287,0.03516121650794912,3.3225127593894133,1.3463152275997654,0.9161766226239212,75.13904542613044,39.213006013630725,0.22051430656751014,0.18443911006573166,22.61512622149837,55.81088580576308,276
招商银行,长江电力,银行,电力,21.675564681724847,1.1855454393381204,0.007883206370268292,0.6970948607388452,2.0162506825049893,0.03600368352281791,15.764888263966812,15.217019509390182,0.13567835672418527,0.13382664115575338,22.61512622149837,7.8189127972819925,276
招商银行,万华化学,银行,化工,21.675564681724847,1.3665892835635307,0.01451306900383842,1.656447641369218,1.127452642213886,0.3416904915480492,37.46077248886813,27.92057685796499,0.18194373880154258,0.1660242333036066,22.61512622149837,33.226027494431605,276
招商银行,海螺水泥,银行,建材,21.675564681724847,1.2446683555913591,0.010148656390501554,0.948576917930989,1.6331825981909518,0.20011124640884392,21.452186729809217,17.87516515156551,0.15193323131627823,0.1422796266232389,22.61512622149837,13.135204081632654,276
招商银行,宝钢股份,银行,钢铁,21.675564681724847,1.1548669076870033,0.00666485032276376,0.3716425609386549,3.588710537086981,-0.32646532192523803,8.404743424908581,12.47856079056357,0.10319641820710057,0.12349576344591773,22.61512622149837,2.34199535962877,276
招商银行,三一重工,银行,机械,21.675564681724847,1.389450319872283,0.01528985941069494,2.24973757540166,0.8581321717260787,0.24237651412347905,50.87809923295626,40.95223843542451,0.19875554948405116,0.18681292472337163,22.61512622149837,59.28935064935065,276
招商银行,中航沈飞,银行,军工,21.675564681724847,2.348846073867538,0.040182008560949,4.703784371397082,1.172901953642128,0.8776152319772266,106.37667727785639,56.6552057451282,0.24024748801953666,0.20471839887855037,22.61512622149837,90.69528526875803,276
招商银行,上海机场,银行,交运,21.675564681724847,1.257930275776069,0.010642705726916724,0.3943752040869926,4.012393685798281,-0.2818372743140366,8.91884501905652,12.418975115336927,0.10622225823146425,0.12324769621948106,22.61512622149837,2.222824009175481,276
招商银行,万科A,银行,地产,21.675564681724847,1.2555884238728692,0.010555826492376186,0.7569625693276895,2.082668752780941,0.11035702268059855,17.118804050295406,15.41738711119022,0.14000346774886863,0.13451112233347007,22.61512622149837,8.219648000882065,276
招商银行,中兴通讯,银行,通信,21.675564681724847,1.609148608634967,0.022189211161819822,0.8920470669434817,2.9027159447360265,0.3647014249387006,20.17375701444425,14.782542646901984,0.14867245621199077,0.13231238910501508,22.61512622149837,6.949959072305594,276
中信证券,恒瑞医药,券商,医药,21.675564681724847,1.7128745413146926,0.02513935174875126,3.719906073184495,0.7887132461310682,0.3014801146393564,91.31747800199611,70.164328271201,0.2315440708697878,0.21666325921689067,24.548328964613365,115.78032757778863,276
中信证券,片仔癀,券商,中药,21.675564681724847,1.8272697863347318,0.028201516423122408,2.9116552158240827,1.146741157368376,0.6454355686432298,71.47627006958191,43.43911814700761,0.2177035501369322,0.1900452506891246,24.548328964613365,62.329907329401856,276
中信证券,云南白药,券商,中药,21.675564681724847,1.607988534893016,0.022155201705914784,1.7302376523637084,1.4943768706079867,0.6036813764422062,42.47444307718465,26.48558728755391,0.1888128961398321,0.16318931825690997,24.548328964613365,28.422845610494452,276
中信证券,同仁堂,券商,中药,21.675564681724847,1.6336496522132267,0.022902089107102785,0.8255210608704794,3.232880798173993,0.3152030177734806,20.265162569465144,15.408391172772873,0.14891204961594307,0.13448057347954978,24.548328964613365,6.268453380932382,276
中信证券,格力电器,券商,家电,21.675564681724847,1.3859296529159153,0.01517102918155011,2.4957709790114944,0.7696223006777672,0.17645921229703498,61.26700701310933,52.07745952661256,0.20907578327088405,0.20004481734901502,24.548328964613365,79.60659008861175,276
中信证券,海尔智家,券商,家电,21.675564681724847,1.544898892891436,0.020269456231531313,1.556317589311099,1.53356397540534,0.5448570045604417,38.2049961558229,24.730441745120203,0.183016916165325,0.15951564441780874,24.548328964613365,24.912554525627044,276
中信证券,上汽集团,券商,汽车,21.675564681724847,1.36180052348292,0.014348783531046516,0.8626091374797474,2.14987366256817,0.23121079113139276,21.175612874734234,17.199015008043745,0.15124381557980904,0.1402493501196147,24.548328964613365,9.849701051474126,276
中信证券,长安汽车,券商,汽车,21.675564681724847,1.616019554363088,0.02239016595310206,1.0842795634040996,2.4085293942873913,0.49536904635626566,26.617251412051193,17.799787602203544,0.16345545832742836,0.1420569529230049,24.548328964613365,11.051246239793725,276
中信证券,通威股份,券商,光伏,21.675564681724847,2.2165522217046325,0.03740376142277069,1.9838687391547891,2.476526624254854,1.2029902514238282,48.70066243138451,22.106617312495363,0.19633897513991894,0.15353134725655537,24.548328964613365,19.66490566037736,276
中信证券,京东方A,券商,电子,21.675564681724847,1.5951720963520022,0.021777901353376095,0.5137012021751655,4.9534126184746095,-0.06913442797954594,12.610506100513321,13.547075409763064,0.12404108145867565,0.1277623214579846,24.548328964613365,2.545821854912764,276
中信证券,恒生电子,券商,软件,21.675564681724847,1.6150755203426905,0.022362604106880735,2.875487600422653,0.9071396920740702,0.37918369149633735,70.58841554884201,51.181300927549046,0.21700154989273823,0.19908419644604813,24.548328964613365,77.81427289048473,276
中信证券,浪潮信息,券商,服务器,21.675564681724847,2.0133562054539555,0.032812171038008264,3.03577170014993,1.335279332711268,0.8547498894729426,74.52312235674408,40.17960738518822,0.22005092699339746,0.1857704993504119,24.548328964613365,55.81088580576308,276
中信证券,长江电力,券商,电力,21.675564681724847,1.4845723263561355,0.018396297087410307,0.8378447992654693,2.6305050698108468,0.2708954259965828,20.56768975365919,16.18362088094768,0.14969775087766113,0.13705267915028863,24.548328964613365,7.8189127972819925,276
中信证券,万华化学,券商,化工,21.675564681724847,1.5288501884604018,0.01977804467645705,1.7786609646247222,1.3141250329562206,0.5115063897622509,43.66315447612422,28.887178229522483,0.1903277156005585,0.1678565048928855,24.548328964613365,33.226027494431605,276
中信证券,海螺水泥,券商,建材,21.675564681724847,1.387217565504729,0.015214532420215754,1.0147335614483417,1.8964313856912214,0.322063578661667,24.910013277867602,18.84176652312301,0.15990273472807637,0.14505832294405452,24.548328964613365,13.135204081632654,276
中信证券,宝钢股份,券商,钢铁,21.675564681724847,1.3396570839542579,0.013581882516872534,0.41378590481892774,4.3372214512095955,-0.24450502047252531,10.157752512415234,13.445162162121068,0.11288043518561097,0.12736949988910773,24.548328964613365,2.34199535962877,276
中信证券,三一重工,券商,机械,21.675564681724847,1.4132747882293755,0.016086519627732,2.1963623540094046,0.9093880267063773,0.28622418559244167,53.91702559171546,41.91883980698201,0.20196826594853,0.18809095071832838,24.548328964613365,59.28935064935065,276
中信证券,中航沈飞,券商,军工,21.675564681724847,2.3321630644686997,0.03984000214708461,4.482706462901664,1.2133260574352605,0.9097449109894893,110.04295290310844,57.621807116685694,0.24218782626113367,0.2056590173264372,24.548328964613365,90.69528526875803,276
中信证券,上海机场,券商,交运,21.675564681724847,1.4811594464344657,0.018288167969481295,0.44570077063455077,4.922211156688512,-0.18261203407780158,10.941209137318639,13.385576486894422,0.11670169201043246,0.12713851088251005,24.548328964613365,2.222824009175481,276
中信证券,万科A,券商,地产,21.675564681724847,1.5495207798274448,0.020410075493494384,0.8966295491639531,2.677822350775566,0.34343094512346295,22.010757132269692,16.383988482747714,0.15330010100171387,0.13769834904549927,24.548328964613365,8.219648000882065,276
中信证券,中兴通讯,券商,通信,21.675564681724847,1.7757666577038007,0.026846183580030658,0.9448569318632428,3.337380630096217,0.47275678987301406,23.19465878787416,15.749144018459479,0.15609104642998406,0.13562600598375663,24.548328964613365,6.949959072305594,276
恒瑞医药,片仔癀,医药,中药,21.675564681724847,1.3664709998623683,0.014509017725809148,1.0026082475778857,1.8623854311749093,0.3034883862485307,116.08231133676023,89.05511745359524,0.24525350908277432,0.23011953864850687,115.78032757778863,62.329907329401856,276
恒瑞医药,云南白药,医药,中药,21.675564681724847,1.2230289318410885,0.00933163370578649,0.6059727876715143,2.4684272933575966,-0.026932260800841212,70.15972785983368,72.10158659414154,0.21665957882682085,0.21819299480164767,115.78032757778863,28.422845610494452,276
恒瑞医药,同仁堂,医药,中药,21.675564681724847,1.3890273028396594,0.015275596849271267,0.32320166954600565,5.969637628246786,-0.38679608465108806,37.42039517372473,61.024390479360505,0.18188493431699282,0.20885447461321038,115.78032757778863,6.268453380932382,276
恒瑞医药,格力电器,医药,家电,21.675564681724847,1.4380947076591326,0.016902956337914832,1.1924621742515673,1.7343245201846604,0.4132334222570173,138.06366115896856,97.6934588332002,0.2552561203159731,0.23538477396232138,115.78032757778863,79.60659008861175,276
恒瑞医药,海尔智家,医药,家电,21.675564681724847,1.5012619035853538,0.018921675897476842,0.6963830760951184,3.2364188340052036,0.14614839733905027,80.62746066992092,70.34644105170784,0.22449044603762336,0.21680876725803544,115.78032757778863,24.912554525627044,276
恒瑞医药,上汽集团,医药,汽车,21.675564681724847,1.5581567999068897,0.02067175445081082,0.45447008028080604,5.34216160411697,-0.16232296779148792,52.618694769215615,62.81501431463138,0.20061737580338934,0.21046845826435367,115.78032757778863,9.849701051474126,276
恒瑞医药,长安汽车,医药,汽车,21.675564681724847,1.7152474009380663,0.025204826250592616,0.5299257349891979,5.551860293187618,-0.03249682484907779,61.35497518894975,63.415786908791176,0.20915581916489323,0.21100014578674653,115.78032757778863,11.051246239793725,276
恒瑞医药,通威股份,医药,光伏,21.675564681724847,2.065475399803145,0.034030662636630904,0.8512332386660103,5.011774016105876,0.45529024332000323,98.5560632178526,67.722616619083,0.23588591012309146,0.21467674441153806,115.78032757778863,19.66490566037736,276
恒瑞医药,京东方A,医药,电子,21.675564681724847,1.9128621205396328,0.03037531992428244,0.2836483655151557,12.899920948072145,-0.44490882474076476,32.84090067624905,59.16307471635069,0.17478841864283456,0.20712816408821544,115.78032757778863,2.545821854912764,276
恒瑞医药,恒生电子,医药,软件,21.675564681724847,1.6873070624008897,0.024428325220931857,1.3832681239130036,2.0581730133231733,0.6545423904093564,160.15523651456067,96.79730023413669,0.2638812885325341,0.234859654058152,115.78032757778863,77.81427289048473,276
恒瑞医药,浪潮信息,医药,服务器,21.675564681724847,2.008680390571268,0.03270138905968145,1.3946104355802993,2.8931354653076693,0.8820130692119403,161.46845307488954,85.79560669177584,0.26435754228035324,0.22800522850044347,115.78032757778863,55.81088580576308,276
恒瑞医药,长江电力,医药,电力,21.675564681724847,1.378338438420869,0.014913826221309767,0.3581885224508626,5.30395792089933,-0.3289411109952175,41.471184463964974,61.79962018753531,0.1875026009963594,0.20955870209288885,115.78032757778863,7.8189127972819925,276
恒瑞医药,万华化学,医药,化工,21.675564681724847,1.534389526683441,0.019948213046095287,0.8219728038608586,2.864268998362594,0.27737210194716266,95.1682804910436,74.50317753611012,0.23389311243090405,0.22003586085085702,115.78032757778863,33.226027494431605,276
恒瑞医药,海螺水泥,医药,建材,21.675564681724847,1.5444975863815449,0.020257227696893976,0.5202214549328139,4.585494834399898,-0.06556782274708595,60.231410465115,64.45776582971064,0.20812523797530402,0.21191101256718237,115.78032757778863,13.135204081632654,276
恒瑞医药,宝钢股份,医药,钢铁,21.675564681724847,1.4922387978221547,0.01863832931216547,0.21223350941980795,10.492106716857045,-0.5839488314731529,24.572465243609052,59.0611614687087,0.15917288180807487,0.20703215332578195,115.78032757778863,2.34199535962877,276
恒瑞医药,三一重工,医药,机械,21.675564681724847,1.5659043768646899,0.02090533819802043,1.1205627925763424,2.188236601936734,0.48214275035845033,129.73912719597055,87.53483911356963,0.25165983757122135,0.2291427463103377,115.78032757778863,59.28935064935065,276
恒瑞医药,中航沈飞,医药,军工,21.675564681724847,2.3667318029835136,0.0405461069193227,2.0947105268636865,2.6740780434422793,1.3492001562544451,242.52627098091986,103.23780642327333,0.28831068057792675,0.2385349014379312,115.78032757778863,90.69528526875803,276
恒瑞医药,上海机场,医药,交运,21.675564681724847,1.3862791905216427,0.015182839708686391,0.19208164067320319,10.004964489776155,-0.6230731979656832,22.239275278822554,59.001575793482054,0.1538497891111663,0.20697594542622744,115.78032757778863,2.222824009175481,276
恒瑞医药,万科A,医药,地产,21.675564681724847,1.6628790625537562,0.023739321234472754,0.443067493091534,6.240960620661915,-0.1726046839959009,51.2984994892074,61.99998778933534,0.19921073310658488,0.20973934776619596,115.78032757778863,8.219648000882065,276
恒瑞医药,中兴通讯,医药,通信,21.675564681724847,1.691007314142718,0.024531861960140233,0.41430409185548633,6.901949057943639,-0.21831416219853472,47.96826347184644,61.36514332504711,0.1955029272264055,0.2091650633597475,115.78032757778863,6.949959072305594,276
片仔癀,云南白药,中药,中药,21.675564681724847,1.291267463295386,0.011863013783276477,0.8719704057746815,1.9121883618102429,0.19775616331796853,54.349834585916845,45.376376469948156,0.2024117068263247,0.19244313325776008,62.329907329401856,28.422845610494452,276
片仔癀,同仁堂,中药,中药,21.675564681724847,1.310005118342994,0.012535777437342466,0.41543678825203867,4.130865293142272,-0.24505086579793445,25.894136512973912,34.29918035516712,0.1619780018206869,0.1771455393738155,62.329907329401856,6.268453380932382,276
片仔癀,格力电器,中药,家电,21.675564681724847,1.5418894814556956,0.020177680094108696,1.7425269992533627,1.3643537081734696,0.5304244976903112,108.61154638244281,70.9682487090068,0.24143771366085987,0.21730289772313838,62.329907329401856,79.60659008861175,276
片仔癀,海尔智家,中药,家电,21.675564681724847,1.5521401031624906,0.020489589957587873,0.9812774315376723,2.455104766926231,0.40213675936406434,61.1629313721766,43.621230927514446,0.20898095067614642,0.19027496371239438,62.329907329401856,24.912554525627044,276
片仔癀,上汽集团,中药,汽车,21.675564681724847,1.737325592514707,0.02580992310995578,0.6906285080885886,4.370367251071272,0.19276931182713564,43.0468109082048,36.08980419043799,0.1895472659737396,0.1799124365228275,62.329907329401856,9.849701051474126,276
片仔癀,长安汽车,中药,汽车,21.675564681724847,1.7834794757747026,0.027051519123789447,0.750975040819184,4.235558930214119,0.2757554882757518,46.80820470095351,36.69057678459779,0.1941534481674405,0.18081147941349296,62.329907329401856,11.051246239793725,276
片仔癀,通威股份,中药,光伏,21.675564681724847,1.8682515722836996,0.029254188259223213,1.0493806443977134,3.326118083056308,0.5954130739155576,65.40779831857748,40.99740649488961,0.21272934373217112,0.18687328306325113,62.329907329401856,19.66490566037736,276
片仔癀,京东方A,中药,电子,21.675564681724847,1.9867317766165837,0.03217806084082353,0.4015179845773043,9.83045169539137,-0.22847637831738155,25.02657876979158,32.43786459215731,0.1601525849891856,0.1741193463443238,62.329907329401856,2.545821854912764,276
片仔癀,恒生电子,中药,软件,21.675564681724847,1.8504316738982391,0.028799194365268344,2.0675424967455682,1.6561194679942814,0.8391021592128121,128.86973222175143,70.07209010994329,0.2512716390302978,0.21658942346896737,62.329907329401856,77.81427289048473,276
片仔癀,浪潮信息,中药,服务器,21.675564681724847,1.9651181728771205,0.03165730315383519,1.859515869446674,2.076717653676714,0.9621241527904447,115.90345182016334,59.07039656758246,0.24516492560893233,0.207040860066253,62.329907329401856,55.81088580576308,276
片仔癀,长江电力,中药,电力,21.675564681724847,1.526271149803483,0.019698615911346806,0.540575849253,4.309300213728552,-0.03935540105726287,33.694042588452206,35.07441006334192,0.17617924039466248,0.17835995676189875,62.329907329401856,7.8189127972819925,276
片仔癀,万华化学,中药,化工,21.675564681724847,1.5597074297472053,0.02071859334249937,1.1387649994342102,2.136250471007892,0.4856035266790595,70.97911688470067,47.777967411916734,0.21731149753756474,0.19528370777866977,62.329907329401856,33.226027494431605,276
片仔癀,海螺水泥,中药,建材,21.675564681724847,1.6468571833868424,0.023282153649451853,0.7560075110180086,3.5874492553927,0.2488387606141944,47.121878102084224,37.73255570551726,0.19452145952821276,0.1823379909053775,62.329907329401856,13.135204081632654,276
片仔癀,宝钢股份,中药,钢铁,21.675564681724847,1.638255518373335,0.023034960882749145,0.31756045391785,8.451559727821087,-0.38787903738172624,19.793513664182377,32.335951344515315,0.14766451452009655,0.17394890623173387,62.329907329401856,2.34199535962877,276
片仔癀,三一重工,中药,机械,21.675564681724847,1.607407628675666,0.022138162696661245,1.5677114543106179,1.648108953736582,0.6069052104148507,97.71530966642264,60.80962898937625,0.23539752037621486,0.20865787323160445,62.329907329401856,59.28935064935065,276
片仔癀,中航沈飞,中药,军工,21.675564681724847,2.4894588952957477,0.04297587412890147,3.0029567324721835,2.0637678606395076,1.44631634401152,187.1740148491946,76.51259629907995,0.27300415321168203,0.22153476060743382,62.329907329401856,90.69528526875803,276
片仔癀,上海机场,中药,交运,21.675564681724847,1.623772869122213,0.022615951037305626,0.30664054605677704,8.598466068506113,-0.40783677397290685,19.112876819156092,32.276365669288666,0.14581327399597122,0.17384901739244651,62.329907329401856,2.222824009175481,276
片仔癀,万科A,中药,地产,21.675564681724847,1.8989327796599913,0.030027955944148976,0.6895852454718122,5.229151472346314,0.2184849144621226,42.98178444598089,35.27477766514196,0.18946430506293543,0.17866967316460602,62.329907329401856,8.219648000882065,276
片仔癀,中兴通讯,中药,通信,21.675564681724847,1.8101220818520969,0.027754356906221522,0.6044365935640904,5.420819960433362,0.0876024686566248,37.67447686334909,34.639933200853726,0.18225396910693537,0.17768252926397388,62.329907329401856,6.949959072305594,276
云南白药,同仁堂,中药,中药,21.675564681724847,1.276063466815662,0.011310244846678197,0.5992647016662824,2.71722657252119,-0.018035727085974118,17.032808095279766,17.345649495713417,0.1397386280847086,0.14069603599131675,28.422845610494452,6.268453380932382,276
云南白药,格力电器,中药,家电,21.675564681724847,1.3460856091185567,0.013805761924003956,2.2527521560475336,0.8043257054318599,0.18541074135366098,64.02962673004757,54.0147178495531,0.21153845831191465,0.20206865394476647,28.422845610494452,79.60659008861175,276
云南白药,海尔智家,中药,家电,21.675564681724847,1.3416249459629603,0.013650523791787661,1.2560486989009274,1.4330316150998939,0.3387160556406992,35.70047824812349,26.667700068060746,0.17932216390306888,0.16355710038837334,28.422845610494452,24.912554525627044,276
云南白药,上汽集团,中药,汽车,21.675564681724847,1.4793577046488278,0.01823098810759327,0.8708652164932393,2.513017143015997,0.293484220663774,24.752467595937173,19.136273330984288,0.15956326805955445,0.14587794581223523,28.422845610494452,9.849701051474126,276
云南白药,长安汽车,中药,汽车,21.675564681724847,1.6283979942836773,0.022750150587754536,1.0153888934118485,2.611492054908231,0.4622371484320842,28.860241752055778,19.737045925144088,0.16780624194444305,0.14751325816157168,28.422845610494452,11.051246239793725,276
云南白药,通威股份,中药,光伏,21.675564681724847,1.9684678760141276,0.03173836749630321,1.6373460914738605,2.366552678799631,0.9355463268292836,46.538035168908074,24.043875635435906,0.19383458637868878,0.15801051441705338,28.422845610494452,19.66490566037736,276
云南白药,京东方A,中药,电子,21.675564681724847,1.7918687349717992,0.027273903812907507,0.5362736015482916,5.987230313219703,-0.015623013239618011,15.242421781790915,15.484333732703607,0.13391389281183574,0.13473793036043902,28.422845610494452,2.545821854912764,276
云南白药,恒生电子,中药,软件,21.675564681724847,1.8365127890065107,0.028440888049614754,3.0387138886728926,1.109936423023188,0.6259645768050235,86.36889571221487,53.11855925048959,0.22838259046928266,0.20114120102936606,28.422845610494452,77.81427289048473,276
云南白药,浪潮信息,中药,服务器,21.675564681724847,2.0572932982837764,0.03384132816454111,2.882848972813312,1.4681503453970306,0.9455097119639344,81.9387712726453,42.11686570812876,0.22540216557249138,0.18834930486116908,28.422845610494452,55.81088580576308,276
云南白药,长江电力,中药,电力,21.675564681724847,1.2540402264609725,0.010498305753783743,0.6577348818771681,2.3909586262082616,0.031666112327497054,18.694697000231553,18.120879203888222,0.1446444374217417,0.14299932537044824,28.422845610494452,7.8189127972819925,276
云南白药,万华化学,中药,化工,21.675564681724847,1.4090327298019958,0.015945612555770206,1.523444065244909,1.303213737180495,0.4047496176931791,43.30061546268009,30.824436552463027,0.18986993066010505,0.17135902518470525,28.422845610494452,33.226027494431605,276
云南白药,海螺水泥,中药,建材,21.675564681724847,1.4396853831654783,0.01695482131548376,0.9787059526022209,2.1177903301695182,0.33873501740167966,27.817608188884826,20.779024846063553,0.1658254943913524,0.15024010140446098,28.422845610494452,13.135204081632654,276
云南白药,宝钢股份,中药,钢铁,21.675564681724847,1.3779961809058698,0.014902198160037239,0.3955553392406668,4.800525454254671,-0.2691131835485513,11.242808337644231,15.382420485061612,0.1181034916347301,0.13439228538270576,28.422845610494452,2.34199535962877,276
云南白药,三一重工,中药,机械,21.675564681724847,1.5052881981353756,0.01904758715638044,2.1740735158628737,1.0422336424747487,0.4090025907953352,61.79335588723533,43.85609812992255,0.20955304537800656,0.19056987308432083,28.422845610494452,59.28935064935065,276
云南白药,中航沈飞,中药,军工,21.675564681724847,2.280790175172658,0.03877199080423788,4.074214696961927,1.2768114127719314,0.9443014167698969,115.8007753157563,59.55906543962624,0.24511401424622292,0.2074997289998488,28.422845610494452,90.69528526875803,276
云南白药,上海机场,中药,交运,21.675564681724847,1.3859903539939349,0.015173080414293771,0.3875957168898048,4.956115812575847,-0.2810355683416459,11.01657322044784,15.322834809834966,0.11705539861508418,0.1341891836369422,28.422845610494452,2.222824009175481,276
云南白药,万科A,中药,地产,21.675564681724847,1.605948813208076,0.022095347142485844,0.8636236575427381,2.9863373566938183,0.33979101664012834,24.546641883907775,18.321246805688258,0.15911665290966148,0.14357934660011118,28.422845610494452,8.219648000882065,276
云南白药,中兴通讯,中药,通信,21.675564681724847,1.632663826577354,0.02287360321326637,0.8073356236201402,3.3017138010850324,0.2974247302004487,22.946775786007507,17.686402341400022,0.15551811346712419,0.14172030028031646,28.422845610494452,6.949959072305594,276
同仁堂,格力电器,中药,家电,21.675564681724847,1.3425548586317722,0.013682926800918427,4.7843875457416924,0.37673652713188704,-0.3015267515426272,29.990710286795295,42.93752173477207,0.16987816563735847,0.18940776608461962,6.268453380932382,79.60659008861175,276
同仁堂,海尔智家,中药,家电,21.675564681724847,1.3996224614202504,0.015631584742538562,2.790228911767144,0.7020725167926875,0.12186366187750086,17.490419855542033,15.590503953279713,0.14113352362725595,0.1350957129025745,6.268453380932382,24.912554525627044,276
同仁堂,上汽集团,中药,汽车,21.675564681724847,1.4523074125565727,0.01736444345686272,1.8204966267118274,1.1585832072517424,0.4160055709286239,11.411698234687751,8.059077216203253,0.11887288434918108,0.10106100520799077,6.268453380932382,9.849701051474126,276
同仁堂,长安汽车,中药,汽车,21.675564681724847,1.6228955718088,0.022590454829249484,2.154844834169051,1.2222643576154528,0.5597896824916622,13.507544386131666,8.659849810363053,0.1276102860252064,0.1047193124657777,6.268453380932382,11.051246239793725,276
同仁堂,通威股份,中药,光伏,21.675564681724847,1.8122413395384986,0.027809838946190713,3.209828039173182,1.023175893739863,0.5517201140288932,20.12065742436669,12.966679520654871,0.14853279495376892,0.12548638026950054,6.268453380932382,19.66490566037736,276
同仁堂,京东方A,中药,电子,21.675564681724847,1.731424464715601,0.02564891238067335,1.1034111158883362,2.716875545160886,0.5694270838787614,6.916681139948613,4.407137617922572,0.09332328757424513,0.07082401060400456,6.268453380932382,2.545821854912764,276
同仁堂,恒生电子,中药,软件,21.675564681724847,1.7493038149001259,0.02613514786743698,6.163319404268712,0.49649606585450284,-0.0810364489671006,38.634480357454365,42.04136313570856,0.18362719715764064,0.18825093750597843,6.268453380932382,77.81427289048473,276
同仁堂,浪潮信息,中药,服务器,21.675564681724847,1.911061558283585,0.030330554310116664,5.7023508425340905,0.6404650258114051,0.15158830253161315,35.74492041814544,31.039669593347732,0.17938985406421137,0.17173511473386882,6.268453380932382,55.81088580576308,276
同仁堂,长江电力,中药,电力,21.675564681724847,1.3404082887858977,0.013608096742118825,1.4970285723001617,1.2001737400945829,0.33226519374493724,9.384053815387325,7.043683089107187,0.10882022162898952,0.09424144274693758,6.268453380932382,7.8189127972819925,276
同仁堂,万华化学,中药,化工,21.675564681724847,1.4898269921966998,0.01856231619151094,3.4300057517527187,0.6471080888257015,0.08880181101981299,21.500831151191843,19.747240437681995,0.15205360986922023,0.1475405960295264,6.268453380932382,33.226027494431605,276
同仁堂,海螺水泥,中药,建材,21.675564681724847,1.4452684173495283,0.017136428061265363,2.0921206427080805,0.9984131677436284,0.35174110771673717,13.114360716101897,9.701828731282518,0.12607457104544784,0.11052513330094849,6.268453380932382,13.135204081632654,276
同仁堂,宝钢股份,中药,钢铁,21.675564681724847,1.3817936659923422,0.01503106218056205,0.8446095983502224,2.2606346637619334,0.22976073648894446,5.294395892346393,4.305224370280576,0.07992401137952987,0.06966880881630066,6.268453380932382,2.34199535962877,276
同仁堂,三一重工,中药,机械,21.675564681724847,1.4859292812889227,0.018439223164598673,4.5698956945788884,0.4831589113972715,-0.1260787776247393,28.646178117191372,32.77890201514152,0.16740520502381373,0.17468600735645512,6.268453380932382,59.28935064935065,276
同仁堂,中航沈飞,中药,军工,21.675564681724847,2.331958235966513,0.03983578862020498,8.870190021658445,0.6130679501807689,0.1468694051011632,55.60237263077756,48.481869324845206,0.20367628827729156,0.19609048172829469,6.268453380932382,90.69528526875803,276
同仁堂,上海机场,中药,交运,21.675564681724847,1.4026498760690806,0.015732831041602946,0.8352598714990995,2.3554665343918995,0.2332155281030499,5.235787565455677,4.245638695053931,0.07936955277061464,0.06898125256280485,6.268453380932382,2.222824009175481,276
同仁堂,万科A,中药,地产,21.675564681724847,1.588512478110899,0.021580707168129543,1.8190181830371814,1.3872164207291218,0.5740407081564598,11.402430679436899,7.2440506909072235,0.11883094772171066,0.09565836619749413,6.268453380932382,8.219648000882065,276
同仁堂,中兴通讯,中药,通信,21.675564681724847,1.6494126650197727,0.023355355254164767,1.736761760347325,1.5664567251777577,0.6472190086422125,10.886810128523267,6.609206226618988,0.11644493377980791,0.09103204297898415,6.268453380932382,6.949959072305594,276
格力电器,海尔智家,家电,家电,21.675564681724847,1.2231843581196038,0.009337551023129942,0.6842684861602495,2.1865393543756966,0.04234073268320748,54.4722808883139,52.2595723071194,0.20253654977279245,0.20023810068005132,79.60659008861175,24.912554525627044,276
格力电器,上汽集团,家电,汽车,21.675564681724847,1.2595897388474169,0.01070417600129936,0.44306365718743823,3.5808992330384393,-0.21144088377979808,35.2707869408816,44.72814557004294,0.1786635209346603,0.1916518285522677,79.60659008861175,9.849701051474126,276
格力电器,长安汽车,家电,汽车,21.675564681724847,1.5206736294896441,0.019525783105373673,0.5665876865378654,4.0813599419278335,-0.004959404764827813,45.1041137114747,45.32891816420274,0.19211210004447077,0.19238556721176203,79.60659008861175,11.051246239793725,276
格力电器,通威股份,家电,光伏,21.675564681724847,1.8832591987964362,0.029634176805565016,0.9360122235624271,3.789122749223212,0.5011910687327974,74.51274139906415,49.635747874494555,0.22004308578906318,0.19738913256452228,79.60659008861175,19.66490566037736,276
格力电器,京东方A,家电,电子,21.675564681724847,1.5154656307808627,0.019364431598209553,0.2710101683024015,8.474353905110235,-0.4747763366284098,21.574195377894963,41.076205971762256,0.15223467115514056,0.18697843156398042,79.60659008861175,2.545821854912764,276
格力电器,恒生电子,家电,软件,21.675564681724847,1.7596782786092244,0.026415116352588308,1.7397562054899105,1.7798284808170388,0.7595642214583018,138.49605910455395,78.71043148954824,0.2554372202524773,0.22313180558961765,79.60659008861175,77.81427289048473,276
格力电器,浪潮信息,家电,服务器,21.675564681724847,1.971959409704826,0.03182272426644661,1.6511362729204935,2.3551199118442803,0.9412757118784834,131.44132845881992,67.70873794718742,0.25241276456098416,0.21466525899032773,79.60659008861175,55.81088580576308,276
格力电器,长江电力,家电,电力,21.675564681724847,1.2575611239443798,0.010629020989303406,0.3941193675615517,4.012642134896522,-0.2822575128814574,31.374498939455354,43.712751442946875,0.1723152656791056,0.19039006050544494,79.60659008861175,7.8189127972819925,276
格力电器,万华化学,家电,化工,21.675564681724847,1.3246919389415672,0.013056712092932132,0.8558144062164781,2.0504547719110144,0.20760234207031814,68.12846662760386,56.41630879152168,0.21501162031366272,0.20448356495440856,79.60659008861175,33.226027494431605,276
格力电器,海螺水泥,家电,建材,21.675564681724847,1.2445583761616623,0.010144538346450682,0.505544248329109,3.063877310034796,-0.1321139706546034,40.24465374839073,46.3708970851222,0.1858589930713881,0.19363644001501323,79.60659008861175,13.135204081632654,276
格力电器,宝钢股份,家电,钢铁,21.675564681724847,1.2235587397021301,0.0093518013615852,0.20986660056291956,7.133560011387447,-0.5922622860926647,16.706764444302756,40.97429272412026,0.13872279834714307,0.1868424039261969,79.60659008861175,2.34199535962877,276
格力电器,三一重工,家电,机械,21.675564681724847,1.317483581951525,0.012801727246199102,1.1369962912303357,1.526621504484912,0.3033123532242543,90.51239768824517,69.4479703689812,0.23104103653878583,0.21608737211034423,79.60659008861175,59.28935064935065,276
格力电器,中航沈飞,家电,军工,21.675564681724847,2.210437056088296,0.037271546721870275,2.359369698021814,2.0709056249323408,1.205746425560854,187.82137641791428,85.1509376786849,0.273206942681516,0.22757799749637941,79.60659008861175,90.69528526875803,276
格力电器,上海机场,家电,交运,21.675564681724847,1.2733297920164621,0.011210191255686563,0.21277418178147928,7.620138616732387,-0.586011283173149,16.938227070517986,40.91470704889362,0.1394458723463292,0.18676272299035412,79.60659008861175,2.222824009175481,276
格力电器,万科A,家电,地产,21.675564681724847,1.3499120789955723,0.013938538615691831,0.43376807238675025,4.201006798382819,-0.2136564679718409,34.5307971320193,43.91311904474691,0.1775110930761561,0.19064124370898727,79.60659008861175,8.219648000882065,276
格力电器,中兴通讯,家电,通信,21.675564681724847,1.5113390936571718,0.01923620935869952,0.446558673550483,5.114996060552972,-0.17859448833251645,35.5490132758475,43.27827458045867,0.1790908612908002,0.1898416009448347,79.60659008861175,6.949959072305594,276
海尔智家,上汽集团,家电,汽车,21.675564681724847,1.33408022622462,0.013386831561145618,0.8388500614442126,2.1216783926073495,0.20233267649758302,20.897897894554543,17.381127788550586,0.15054285838306836,0.1408035706252322,24.912554525627044,9.849701051474126,276
海尔智家,长安汽车,家电,汽车,21.675564681724847,1.6556521929709989,0.023533632588683018,1.1027208989592814,2.485836793949162,0.5277358864853647,27.47159452187157,17.981900382710386,0.1651524769292234,0.14259340714567492,24.912554525627044,11.051246239793725,276
海尔智家,通威股份,家电,光伏,21.675564681724847,1.8664283389999927,0.029207826348518262,1.6582428083833503,2.1007507024972116,0.8534507891748038,41.311064380579126,22.2887300930022,0.18729068461965248,0.15396804059939528,24.912554525627044,19.66490566037736,276
海尔智家,京东方A,家电,电子,21.675564681724847,1.5800702240962403,0.02132959181205063,0.5051045295723922,4.942782665578382,-0.08345315398681008,12.583444134113416,13.729188190269904,0.12392968189540166,0.12845730246803644,24.912554525627044,2.545821854912764,276
海尔智家,恒生电子,家电,软件,21.675564681724847,1.8509089144164348,0.028811434072662845,3.2711883271269513,1.0472841875402277,0.5866090604169352,81.49365756314488,51.36341370805589,0.2250942600627528,0.19928070091825978,24.912554525627044,77.81427289048473,276
海尔智家,浪潮信息,家电,服务器,21.675564681724847,2.051956527939337,0.03371744746288141,3.071273428038066,1.3709380461258862,0.8956889454909627,76.51326673910779,40.36172016569506,0.22153525441824162,0.18601791541978407,24.912554525627044,55.81088580576308,276
海尔智家,长江电力,家电,电力,21.675564681724847,1.299449598052159,0.01215792593273135,0.727986780062756,2.319505386804352,0.10816971163132161,18.13601035224907,16.36573366145452,0.1430433398207438,0.13763983696424842,24.912554525627044,7.8189127972819925,276
海尔智家,万华化学,家电,化工,21.675564681724847,1.3240110768563584,0.013032684289113305,1.5290500363625728,1.1464669500342344,0.31040493523395973,38.09254240329461,29.069291010029325,0.18285604258078747,0.168195155574425,24.912554525627044,33.226027494431605,276
海尔智家,海螺水泥,家电,建材,21.675564681724847,1.3221724278136118,0.012967738938868267,0.9600577937131278,1.8208694729818495,0.25723527530307244,23.917492133631495,19.023879303629847,0.15772898802706026,0.1455665782901865,24.912554525627044,13.135204081632654,276
海尔智家,宝钢股份,家电,钢铁,21.675564681724847,1.2768957167053032,0.0113406649303327,0.3915068040692955,4.164583231743178,-0.28427109274648277,9.753434603530309,13.627274942627906,0.11079696753085932,0.12806947124559365,24.912554525627044,2.34199535962877,276
海尔智家,三一重工,家电,机械,21.675564681724847,1.4166999941252405,0.01619999950174078,2.185531689102033,0.9183297974412287,0.2932528607065352,54.44717737224016,42.10095258748885,0.20251097673431806,0.1883285866965385,24.912554525627044,59.28935064935065,276
海尔智家,中航沈飞,家电,军工,21.675564681724847,2.144068959117971,0.035813737213417074,4.090929297842461,1.1237133098041259,0.7631243585945,101.91549919298545,57.803919897192536,0.23779852725313533,0.20583454833707604,24.912554525627044,90.69528526875803,276
海尔智家,上海机场,家电,交运,21.675564681724847,1.3344901043352304,0.013401193530151678,0.39861970747450626,4.467576000824168,-0.26806731774818726,9.930635197448138,13.567689267401263,0.11172004182537454,0.1278414341030365,24.912554525627044,2.222824009175481,276
海尔智家,万科A,家电,地产,21.675564681724847,1.536440550523596,0.02001107184327533,0.8825376450311275,2.6748429130294946,0.3271841607973518,21.986267202756448,16.566101263254556,0.1532408691884255,0.13827869330493692,24.912554525627044,8.219648000882065,276
海尔智家,中兴通讯,家电,通信,21.675564681724847,1.6765086867655823,0.024124932917801045,0.8854984400946322,3.1741234648590493,0.3847010596581777,22.06002817121521,15.93125679896632,0.1534190786601921,0.13622851649637902,24.912554525627044,6.949959072305594,276
上汽集团,长安汽车,汽车,汽车,21.675564681724847,1.4061960516102765,0.015851161597433716,1.4894981816159074,1.3275527019570639,0.40387051373125105,14.671111805631,10.450473645633926,0.1319171878379075,0.11434004039216306,9.849701051474126,11.051246239793725,276
上汽集团,通威股份,汽车,光伏,21.675564681724847,2.2465391803218324,0.03804710830029956,3.1743031944404505,1.5899357999451398,1.1186755302026814,31.265937511977782,14.757303355925742,0.1721278135072024,0.1322231248171346,9.849701051474126,19.66490566037736,276
上汽集团,京东方A,汽车,电子,21.675564681724847,1.553736919415918,0.020538001529272876,0.7899142816366458,3.0561523837171647,0.2553596309199633,7.7804195304108985,6.197761453193445,0.09927495797865094,0.08780155564148417,9.849701051474126,2.545821854912764,276
上汽集团,恒生电子,汽车,软件,21.675564681724847,1.827348398030366,0.028203557143022806,5.1361708767224465,0.6501345550861025,0.15417418148300377,50.589747685003864,43.83198697097943,0.198441261136445,0.19053966755397078,9.849701051474126,77.81427289048473,276
上汽集团,浪潮信息,汽车,服务器,21.675564681724847,2.0953547345939683,0.034716048730066174,4.9877593425074975,0.8802572783269282,0.49642093657227315,49.127938440395994,32.8302934286186,0.19682119686008925,0.17477091035031656,9.849701051474126,55.81088580576308,276
上汽集团,长江电力,汽车,电力,21.675564681724847,1.288729873549128,0.011771188160299983,1.148215898476525,1.4464393753662232,0.2801890900275392,11.309583342543535,8.834306924378058,0.11840900027502821,0.10573631355428947,9.849701051474126,7.8189127972819925,276
上汽集团,万华化学,汽车,化工,21.675564681724847,1.407702690125567,0.015901349728843828,2.5854647790712484,0.7664489881384493,0.18238534843714893,25.466055152967396,21.537864272952866,0.16108469586672647,0.15214508032360285,9.849701051474126,33.226027494431605,276
上汽集团,海螺水泥,汽车,建材,21.675564681724847,1.2636099765154047,0.010852775049786212,1.4592171788340575,1.0942238043175065,0.25063409202317666,14.372852980690924,11.49245256655339,0.13084512275411564,0.11923693717153894,9.849701051474126,13.135204081632654,276
上汽集团,宝钢股份,汽车,钢铁,21.675564681724847,1.2234187316936296,0.009346472629334857,0.5965634148528581,2.5089594095005343,-0.03606994524634266,5.875971294547191,6.095848205551448,0.08512910746926017,0.08696978357701202,9.849701051474126,2.34199535962877,276
上汽集团,三一重工,汽车,机械,21.675564681724847,1.389453858227698,0.015289978693414197,3.408952511232804,0.5663270514277906,-0.028706286582910856,33.57716313431511,34.56952585041239,0.175990698583804,0.1775719890957035,9.849701051474126,59.28935064935065,276
上汽集团,中航沈飞,汽车,军工,21.675564681724847,2.137252380876512,0.035661577981747516,6.485398106398692,0.7043280404105865,0.27065972925532944,63.87923254782349,50.27249316011608,0.21140702548991763,0.1980934896656119,9.849701051474126,90.69528526875803,276
上汽集团,上海机场,汽车,交运,21.675564681724847,1.3236123359901233,0.013018607145092842,0.6287844904941616,2.786248138226778,0.026022182775690128,6.193339257170965,6.036262530324803,0.08776573525877485,0.0864773046684606,9.849701051474126,2.222824009175481,276
上汽集团,万科A,汽车,地产,21.675564681724847,1.4715698555411187,0.017983067289371713,1.3442992862428333,1.6108896745676997,0.46556979499772,13.240946093201954,9.034674526178096,0.1265737333351522,0.10688098737381413,9.849701051474126,8.219648000882065,276
上汽集团,中兴通讯,汽车,通信,21.675564681724847,1.6654138183937675,0.023811262636839636,1.398948614940144,1.982634070241087,0.6404171920156738,13.779225643534208,8.39983006188986,0.12864671612104095,0.10316665649363577,9.849701051474126,6.949959072305594,276
长安汽车,通威股份,汽车,光伏,21.675564681724847,2.2857375571713234,0.03887583710452014,3.049064910589034,1.7135076928402335,1.1940226912243115,33.695967128034056,15.358075950085542,0.1761823397044382,0.13430939623584925,11.051246239793725,19.66490566037736,276
长安汽车,京东方A,汽车,电子,21.675564681724847,1.9171810233922273,0.030482532954284824,0.9201772651229645,3.994429351570749,0.4957791591987093,10.169105541133835,6.798534047353245,0.11293778880113448,0.0924545937392991,11.051246239793725,2.545821854912764,276
长安汽车,恒生电子,汽车,软件,21.675564681724847,2.045989919643047,0.03357858214092424,5.4290956557907695,0.7710445747656004,0.3503161527381533,59.99827295153818,44.43275956513923,0.20790909870453556,0.19128761205196843,11.051246239793725,77.81427289048473,276
长安汽车,浪潮信息,汽车,服务器,21.675564681724847,2.2276173591035753,0.03764211647783888,5.006041244259256,0.9912581332145728,0.6548378816032321,55.3229944768724,33.4310660227784,0.20339659546544975,0.1757541425907767,11.051246239793725,55.81088580576308,276
长安汽车,长江电力,汽车,电力,21.675564681724847,1.531176224593451,0.01984957197593573,1.2879314069049421,1.8203614091486273,0.5085455389862144,14.233247117670485,9.435079518537858,0.13033601070312661,0.10909765933367455,11.051246239793725,7.8189127972819925,276
长安汽车,万华化学,汽车,化工,21.675564681724847,1.6164799548526807,0.02240360215139736,2.802876134166692,0.932259336254038,0.3991500255524556,30.97527433831722,22.138636867112666,0.1716228545152474,0.15360837588134557,11.051246239793725,33.226027494431605,276
长安汽车,海螺水泥,汽车,建材,21.675564681724847,1.5589726673784843,0.020696404381560063,1.6996178576183512,1.4299660166190906,0.5531750387903438,18.78289545809107,12.093225160713189,0.14489301814072042,0.12187113194902066,11.051246239793725,13.135204081632654,276
长安汽车,宝钢股份,汽车,钢铁,21.675564681724847,1.4841094088735118,0.018381644537535102,0.6832085703533338,3.223877499615937,0.1274800186442826,7.5503061441121275,6.696620799711248,0.09775344041422684,0.09169361470414739,11.051246239793725,2.34199535962877,276
长安汽车,三一重工,汽车,机械,21.675564681724847,1.7021291723540062,0.02484176675806471,3.942532064078886,0.7348687778029352,0.23882635562741705,43.56989264841798,35.17029844457219,0.19021029947510404,0.17850838534582514,11.051246239793725,59.28935064935065,276
长安汽车,中航沈飞,汽车,军工,21.675564681724847,2.5398873567536664,0.04394128791498075,7.276142298106403,0.8866000032291821,0.5806030735385606,80.41044021215245,50.87326575427588,0.2243381948067642,0.19875029525721888,11.051246239793725,90.69528526875803,276
长安汽车,上海机场,汽车,交运,21.675564681724847,1.5835280596416632,0.021432599719901413,0.710186929192022,3.5308466160104315,0.1825235942823875,7.848450630783986,6.637035124484603,0.09971656481129343,0.0912435589462135,11.051246239793725,2.222824009175481,276
长安汽车,万科A,汽车,地产,21.675564681724847,1.8032052418817464,0.027572842332022285,1.555128007970996,2.090856268862499,0.7836331138398371,17.186102550487373,9.635447120337895,0.14020984164169725,0.11017343247429112,11.051246239793725,8.219648000882065,276
长安汽车,中兴通讯,汽车,通信,21.675564681724847,1.9489936491128792,0.03126522863471659,1.5455957667711129,2.4576776968132497,0.8977350804714956,17.08075940577036,9.00060265604966,0.13988645946590794,0.10668805890445832,11.051246239793725,6.949959072305594,276
通威股份,京东方A,光伏,电子,21.675564681724847,2.105706201667718,0.03495132272875878,0.757645150514997,5.8523420954096395,0.34160579824890136,14.89902040891982,11.105363757645062,0.13272246377436714,0.1174691701150643,19.66490566037736,2.545821854912764,276
通威股份,恒生电子,光伏,软件,21.675564681724847,2.088624228143418,0.034562478456748424,4.154741516646271,1.0499693299594246,0.6763087498828642,81.70259996810206,48.739589275431044,0.22523899432926564,0.19638307453706005,19.66490566037736,77.81427289048473,276
通威股份,浪潮信息,光伏,服务器,21.675564681724847,2.2867919927622564,0.03889794214855402,3.8524781743427763,1.3574165463127374,1.007494545879653,75.75861985711349,37.73789573307022,0.22097679207334542,0.18234571005018885,19.66490566037736,55.81088580576308,276
通威股份,长江电力,光伏,电力,21.675564681724847,2.105401943659068,0.03494442313252866,1.3275847978546838,3.33893349150009,0.8997964090166588,26.106829805963503,13.741909228829677,0.1624166175873496,0.12850551951135936,19.66490566037736,7.8189127972819925,276
通威股份,万华化学,光伏,化工,21.675564681724847,1.9489936490593827,0.03126522863341075,2.5333996158146843,1.4993987606066135,0.8838413873022146,49.819064445032005,26.44546657740448,0.197592793733667,0.16310796912037584,19.66490566037736,33.226027494431605,276
通威股份,海螺水泥,光伏,建材,21.675564681724847,2.027416742653426,0.033143828568155786,1.656973288608309,2.4806788839932152,0.9868362428381825,32.58422340224762,16.400054871005008,0.17436322602167298,0.13774979512677654,19.66490566037736,13.135204081632654,276
通威股份,宝钢股份,光伏,钢铁,21.675564681724847,2.009940621958037,0.03273127134960685,0.6936338980794661,5.824198204532148,0.23963343645453472,13.640245168572504,11.003450510003066,0.12811898283684298,0.11699397601994854,19.66490566037736,2.34199535962877,276
通威股份,三一重工,光伏,机械,21.675564681724847,1.9147992632686377,0.030423436344638954,3.324801065144567,1.102759577723696,0.6561969510321211,65.38189928559007,39.477128154864005,0.21270718578550674,0.18480599148897614,19.66490566037736,59.28935064935065,276
通威股份,中航沈飞,光伏,军工,21.675564681724847,2.496972210697263,0.043120886867304975,5.362411416103616,1.1626989682795914,0.911039002778107,105.4513146098082,55.18009546456769,0.23974767013165388,0.20325301429445397,19.66490566037736,90.69528526875803,276
通威股份,上海机场,光伏,交运,21.675564681724847,2.06595681378614,0.034041780296887314,0.6945889097077137,6.1448973583892235,0.2480988744252528,13.659025382146556,10.94386483477642,0.12819059352034068,0.11671419545755879,19.66490566037736,2.222824009175481,276
通威股份,万科A,光伏,地产,21.675564681724847,2.4001993668268327,0.04122040812830541,1.5517722922476531,3.712501524416003,1.1886996007996613,30.51545573343762,13.942276830629712,0.17081472201318637,0.12925941581081357,19.66490566037736,8.219648000882065,276
通威股份,中兴通讯,光伏,通信,21.675564681724847,2.0118526724766745,0.032776575300561994,1.1960280473495628,3.38416075168224,0.7674167390685478,23.5197787182945,13.307432366341477,0.15683370731468216,0.12683408734584134,19.66490566037736,6.949959072305594,276
京东方A,恒生电子,电子,软件,21.675564681724847,1.8540758155661778,0.028892578869094798,10.250454345467785,0.3353604644253952,-0.35052762747092203,26.0958306954774,40.180047372698745,0.16239401895809769,0.185771098399778,2.545821854912764,77.81427289048473,276
京东方A,浪潮信息,电子,服务器,21.675564681724847,1.85702324622429,0.028967981528584374,8.694863988081018,0.3966175137120807,-0.2413699931441866,22.135574766350608,29.178353830337922,0.15360101406071403,0.1683969974876529,2.545821854912764,55.81088580576308,276
京东方A,长江电力,电子,电力,21.675564681724847,1.5919716169416132,0.021683231981015627,2.7899376651937304,0.9083979404864982,0.37054821377226066,7.102684281894487,5.182367326097378,0.09466262947827264,0.07885899389543893,2.545821854912764,7.8189127972819925,276
京东方A,万华化学,电子,化工,21.675564681724847,1.5454676274037358,0.02028678141115381,5.583224836737034,0.42779401818766977,-0.2053027132343439,14.213895810256886,17.885924674672186,0.1302650651410504,0.14231133838168386,2.545821854912764,33.226027494431605,276
京东方A,海螺水泥,电子,建材,21.675564681724847,1.604360905625286,0.022048700606229987,3.6442358648646147,0.7063137543635399,0.18328677559385964,9.277575309229254,7.840512968272709,0.10823661058187306,0.09966522803226674,2.545821854912764,13.135204081632654,276
京东方A,宝钢股份,电子,钢铁,21.675564681724847,1.4776176460939507,0.018175702726996645,1.4172324210468177,1.5405757556939927,0.4763323228445815,3.6080212709919173,2.443908607270767,0.06098575611046875,0.042087678052067146,2.545821854912764,2.34199535962877,276
京东方A,三一重工,电子,机械,21.675564681724847,1.6946223430698086,0.024632805592849083,8.178003081759208,0.3511547815427888,-0.3266052917164243,20.819738975086523,30.91758625213171,0.15034398155069706,0.17152209769881277,2.545821854912764,59.28935064935065,276
京东方A,中航沈飞,电子,军工,21.675564681724847,1.957661875993264,0.03147638310108647,11.684658759432445,0.32798904098279524,-0.3619325090701502,29.747059636960984,46.62055356183539,0.16943797635064484,0.19393216382632605,2.545821854912764,90.69528526875803,276
京东方A,上海机场,电子,交运,21.675564681724847,1.6170145363214357,0.022419198647362748,1.51095822934044,1.7305150863212189,0.6133009628932271,3.846630482115185,2.3843229320441224,0.06412495657023332,0.04090165698029091,2.545821854912764,2.222824009175481,276
京东方A,万科A,电子,地产,21.675564681724847,1.7519248862425283,0.026206030131612268,3.14795189034089,0.974996097130166,0.4888573983289637,8.014124720643787,5.382734927897415,0.1007769076760896,0.08074876942177789,2.545821854912764,8.219648000882065,276
京东方A,中兴通讯,电子,通信,21.675564681724847,1.6753392998385161,0.024091965915197244,2.768088012343116,1.0139712888708179,0.48425053445487665,7.047058958145136,4.747890463609179,0.09426563237934893,0.07450957892326127,2.545821854912764,6.949959072305594,276
恒生电子,浪潮信息,软件,服务器,21.675564681724847,1.7687439821154904,0.026658480169985843,1.4979413214132484,2.088503220752458,0.744599832780694,116.56121475838381,66.8125793481239,0.24549005539239088,0.2139188396173266,77.81427289048473,55.81088580576308,276
恒生电子,长江电力,软件,电力,21.675564681724847,1.8788460347483484,0.029522737511314068,0.5955726495975611,5.927173493737359,0.08238534651442309,46.344052681893665,42.81659284388336,0.1936045518270446,0.18925301365317182,77.81427289048473,7.8189127972819925,276
恒生电子,万华化学,软件,化工,21.675564681724847,1.8407267066388964,0.028549637278715068,1.202815155664884,2.8169538707389585,0.6858057198201208,93.59618675971817,55.52015019245817,0.23294526489546974,0.20359411269432437,77.81427289048473,33.226027494431605,276
恒生电子,海螺水泥,软件,建材,21.675564681724847,1.8820269153938636,0.02960308480981544,0.7732405314749577,4.580754844175747,0.32313349629535604,60.16914972617582,45.47473848605869,0.2080675949224926,0.19256226192281267,77.81427289048473,13.135204081632654,276
恒生电子,宝钢股份,软件,钢铁,21.675564681724847,1.8019769432679655,0.027540539386206264,0.3126170157982377,10.38689751348994,-0.3930339745451261,24.326065777533046,40.07813412505675,0.15863404847421236,0.18563217463189852,77.81427289048473,2.34199535962877,276
恒生电子,三一重工,软件,机械,21.675564681724847,1.795172758145867,0.027361215241382908,1.5669854513104768,2.0565891207821534,0.7787105894873014,121.93383352369283,68.55181176991769,0.24808203446145294,0.2153589102367932,77.81427289048473,59.28935064935065,276
恒生电子,中航沈飞,软件,军工,21.675564681724847,2.2045857434383676,0.03714470968311434,2.380069934771522,2.0420401220850097,1.1981353868097004,185.20341140274942,84.25477907962139,0.2723827073286962,0.2269789468396013,77.81427289048473,90.69528526875803,276
恒生电子,上海机场,软件,交运,21.675564681724847,1.781043408490616,0.026986756259037126,0.30102142832643314,10.537839915794867,-0.4146773314618811,23.42376356967656,40.01854844983011,0.15661540716365208,0.18555079381167894,77.81427289048473,2.222824009175481,276
恒生电子,万科A,软件,地产,21.675564681724847,2.2289034046317515,0.03766974599970885,0.7244163197320251,6.857949292220213,0.3104117214679907,56.369929189948444,43.016960445683395,0.20443786422394528,0.18950919753743345,77.81427289048473,8.219648000882065,276
恒生电子,中兴通讯,软件,通信,21.675564681724847,1.7490527377832346,0.026128352612355465,0.5227143180079514,5.852499872598655,-0.04028778074483952,40.67463458523435,42.38211598139516,0.186440560709356,0.1886935536176153,77.81427289048473,6.949959072305594,276
浪潮信息,长江电力,服务器,电力,21.675564681724847,1.9744335288796708,0.031882413715691005,0.7390200895362933,5.275076841835678,0.29641667051578646,41.24536582527487,31.814899301522537,0.18720350686145437,0.17306940941425553,55.81088580576308,7.8189127972819925,276
浪潮信息,万华化学,服务器,化工,21.675564681724847,1.890525934259779,0.029817131612667858,1.458687937817788,2.4502076252551204,0.8286947043932302,81.41066592379259,44.51845665009734,0.22503667356810864,0.19139351542619143,55.81088580576308,33.226027494431605,276
浪潮信息,海螺水泥,服务器,建材,21.675564681724847,2.067103325480049,0.03406824761853722,1.002815736232457,4.260918535506704,0.6235303446649436,55.96803453909189,34.473044943697865,0.2040403434511302,0.17742016393535853,55.81088580576308,13.135204081632654,276
浪潮信息,宝钢股份,服务器,钢铁,21.675564681724847,1.9468151420989945,0.031212020244402172,0.3988028679576755,9.50366585103938,-0.23451629991318035,22.257541322596637,29.076440582695923,0.15389349426487953,0.16820840935228887,55.81088580576308,2.34199535962877,276
浪潮信息,三一重工,服务器,机械,21.675564681724847,2.000377584391744,0.03250406682454776,2.0617730973726385,1.940810307999537,0.9994638836338621,115.06938289485876,57.550118227556865,0.2447501081493424,0.2055897741659498,55.81088580576308,59.28935064935065,276
浪潮信息,中航沈飞,服务器,军工,21.675564681724847,2.2827859254820977,0.038813907737810904,2.9100341399046417,1.790738984852569,1.2171295841248688,162.41158307308993,73.25308553726055,0.26469730555384396,0.21908379036525139,55.81088580576308,90.69528526875803,276
浪潮信息,上海机场,服务器,交运,21.675564681724847,1.9405251563127481,0.031058072757001343,0.38726866545782573,9.72358008317278,-0.25512922289681617,21.613807264016977,29.01685490746928,0.15233218839850515,0.16809785512419162,55.81088580576308,2.222824009175481,276
浪潮信息,万科A,服务器,地产,21.675564681724847,2.501926121874976,0.04321627363368141,0.960155631681572,6.519395515451513,0.6737994556584257,53.587136315540526,32.01526690332257,0.20162798676788896,0.1734092295687395,55.81088580576308,8.219648000882065,276
浪潮信息,中兴通讯,服务器,通信,21.675564681724847,1.702347938412521,0.02484784316993549,0.6007309324207769,4.824104015651869,0.06841536421194472,33.527325469325554,31.380422439034337,0.17591011347867158,0.17232547593108727,55.81088580576308,6.949959072305594,276
长江电力,万华化学,电力,化工,21.675564681724847,1.3961885555005384,0.015516490933367821,2.8781279635864734,0.6772952791444266,0.09654595215696538,22.50383156670144,20.5224701458568,0.15447947554768593,0.14958101338989205,7.8189127972819925,33.226027494431605,276
长江电力,海螺水泥,电力,建材,21.675564681724847,1.2871878881729797,0.01171530535459464,1.668350025155405,0.9931085410598302,0.24507116548153984,13.044683362033332,10.477058439457323,0.1257978487400626,0.1144706629781922,7.8189127972819925,13.135204081632654,276
长江电力,宝钢股份,电力,钢铁,21.675564681724847,1.1313827217181838,0.005711163422450705,0.6191977539292385,2.067234344568902,-0.04704320372136006,4.84145324224559,5.080454078455381,0.0754773962369466,0.0778708880897081,7.8189127972819925,2.34199535962877,276
长江电力,三一重工,电力,机械,21.675564681724847,1.462040440467635,0.017677996660923956,4.026007203948069,0.5309385058890641,-0.061844320441029166,31.478999248899047,33.554131723316324,0.1724951220520321,0.17595347209063972,7.8189127972819925,59.28935064935065,276
长江电力,中航沈飞,电力,军工,21.675564681724847,2.159283750432359,0.03615170316516325,7.3540890992737475,0.634001880034562,0.1673643494944177,57.50098137066352,49.25709903302001,0.20554226611656823,0.19696617962397522,7.8189127972819925,90.69528526875803,276
长江电力,上海机场,电力,交运,21.675564681724847,1.2141689949168764,0.008993130826015605,0.6473788297932592,2.2771927044451643,0.008152018823058382,5.0617986169599565,5.020868403228737,0.07768796795015698,0.07728437622915307,7.8189127972819925,2.222824009175481,276
长江电力,万科A,电力,地产,21.675564681724847,1.3976645688942033,0.015565995345613759,1.4330336250148537,1.3631684651656177,0.3972282289626212,11.204764949564044,8.019280399082028,0.11792866088173515,0.10080956836940702,7.8189127972819925,8.219648000882065,276
长江电力,中兴通讯,电力,通信,21.675564681724847,1.5695309754055262,0.02101429893961848,1.4797482324322353,1.6647612267854048,0.5668119397995564,11.570022391319814,7.384435934793793,0.11958434335059165,0.0966290156864511,7.8189127972819925,6.949959072305594,276
万华化学,海螺水泥,化工,建材,21.675564681724847,1.3592255636380046,0.014260217779439754,0.8546154429530867,2.1617841662948605,0.2249664316245361,28.3954762047251,23.180615788032128,0.16693187781106822,0.1560587452077209,33.226027494431605,13.135204081632654,276
万华化学,宝钢股份,化工,钢铁,21.675564681724847,1.3587564047095109,0.014244063822264508,0.360740920620621,5.1178529016416245,-0.32602451386813436,11.985987746907323,17.784011427030187,0.12141021759271298,0.14201023453061246,33.226027494431605,2.34199535962877,276
万华化学,三一重工,化工,机械,21.675564681724847,1.4089721689058632,0.01594359799601852,1.882138383331251,1.0547590922818462,0.3519045790570998,62.53598167288918,46.25768907189113,0.210219860973341,0.19350184173617913,33.226027494431605,59.28935064935065,276
万华化学,中航沈飞,化工,军工,21.675564681724847,2.079688376822506,0.03435785771035604,3.435986193786425,1.2587663339602668,0.8425268293178896,114.16417174523515,61.960656381594816,0.24429665064529704,0.20970393166859913,33.226027494431605,90.69528526875803,276
万华化学,上海机场,化工,交运,21.675564681724847,1.3650889422308112,0.01446165673222266,0.3530809432897727,5.277735475719207,-0.33811806973142156,11.73147712950583,17.724425751803544,0.12030036986688719,0.1418334245957209,33.226027494431605,2.222824009175481,276
万华化学,万科A,化工,地产,21.675564681724847,1.5937193425575291,0.021734951739168507,0.7926824506427264,3.2042356189197276,0.2709499162288569,26.337688899408647,20.722837747656836,0.16288885378580797,0.15009642341686513,33.226027494431605,8.219648000882065,276
万华化学,中兴通讯,化工,通信,21.675564681724847,1.6725557461865816,0.02401340442049138,0.7649490597984733,3.657031390872932,0.2652442747353194,25.416218492703674,20.0879932833686,0.16097976907055278,0.1484467077628513,33.226027494431605,6.949959072305594,276
海螺水泥,宝钢股份,建材,钢铁,21.675564681724847,1.203847628247088,0.008595808632231083,0.5083304483709036,2.85099804011483,-0.1371792803213423,6.67702418025965,7.738599720630712,0.09154602275564838,0.09900166356710405,13.135204081632654,2.34199535962877,276
海螺水泥,三一重工,建材,机械,21.675564681724847,1.3131363516159682,0.012647306431757377,2.789842966832688,0.6180731669972545,0.011953939134900615,36.645156725054875,36.21227736549165,0.18074400177934957,0.18009686750771103,13.135204081632654,59.28935064935065,276
海螺水泥,中航沈飞,建材,军工,21.675564681724847,2.1893061949516426,0.03681197953116211,5.752815543091292,0.8331679643387407,0.45553404737388337,75.56440620249252,51.91524467519534,0.2208322093997972,0.19987210878178452,13.135204081632654,90.69528526875803,276
海螺水泥,上海机场,建材,交运,21.675564681724847,1.3716484113093994,0.014686034403843529,0.5642569693681895,3.334330750675999,-0.03482004287117868,7.411630447134715,7.679014045404068,0.0968150065570812,0.09860982483949887,13.135204081632654,2.222824009175481,276
海螺水泥,万科A,建材,地产,21.675564681724847,1.4198151510318575,0.016302980183943383,1.1231557988273007,1.7948311936816013,0.3816888617220022,14.752880633065745,10.677426041257359,0.13220746789450644,0.1154451051071319,13.135204081632654,8.219648000882065,276
海螺水泥,中兴通讯,建材,通信,21.675564681724847,1.6444691521514325,0.02321365065240144,1.1961852483886846,2.2607525013541476,0.5645516281447807,15.71213735702382,10.042581576969123,0.1355027593581446,0.11229512928857321,13.135204081632654,6.949959072305594,276
宝钢股份,三一重工,钢铁,机械,21.675564681724847,1.3589010243807729,0.014249043896023883,6.837276731235545,0.2700800430713908,-0.48036603403993794,16.01287037705141,30.81567300448971,0.13649640173828947,0.17134365909641502,2.34199535962877,59.28935064935065,276
宝钢股份,中航沈飞,钢铁,军工,21.675564681724847,2.088806622946288,0.034566646386240185,12.998629830788895,0.33565946294814025,-0.3455799537642278,30.4427307452397,46.5186403141934,0.17068584493727235,0.19381162814035835,2.34199535962877,90.69528526875803,276
宝钢股份,上海机场,钢铁,交运,21.675564681724847,1.233547323268371,0.00973047579774633,1.2017533449968354,1.2661824533940198,0.2331268906871098,2.814500757400941,2.2824096844021255,0.048897588830169036,0.03880600818509139,2.34199535962877,2.222824009175481,276
宝钢股份,万科A,钢铁,地产,21.675564681724847,1.349604638327681,0.013927883842252964,2.528367253589229,0.720398777989991,0.1213073900001318,5.921424375343313,5.280821680255418,0.08551493882141381,0.07979611666030584,2.34199535962877,8.219648000882065,276
宝钢股份,中兴通讯,钢铁,通信,21.675564681724847,1.593825252703196,0.021738084157718607,2.7456097724886135,0.9252148508532968,0.38403721060459817,6.4302053465197355,4.645977215967182,0.08965087500659163,0.0734344618751046,2.34199535962877,6.949959072305594,276
三一重工,中航沈飞,机械,军工,21.675564681724847,2.2058649770841305,0.03717246662747842,2.7282422739696495,1.7835074045848842,1.1569637696235318,161.75571283776833,74.99231795905433,0.2644612278634564,0.22040424821732962,59.28935064935065,90.69528526875803,276
三一重工,上海机场,机械,交运,21.675564681724847,1.4576978507726743,0.01753834524211384,0.28224854125719895,7.528411005004891,-0.4559017682023617,16.73433273286578,30.756087329263067,0.1388094194073708,0.1712390703525566,59.28935064935065,2.222824009175481,276
三一重工,万科A,机械,地产,21.675564681724847,1.5812471499498386,0.021364676205677835,0.5887596231403432,4.2467969115954105,0.03414882289702059,34.90717574454735,33.754499325116356,0.17810016096268821,0.17627652033514574,59.28935064935065,8.219648000882065,276
三一重工,中兴通讯,机械,通信,21.675564681724847,1.601313931420358,0.021959068921035607,0.5482507805048749,4.677068228885309,-0.01854554627079985,32.50543276913371,33.11965486082812,0.17423206626867316,0.17524660651078094,59.28935064935065,6.949959072305594,276
中航沈飞,上海机场,军工,交运,21.675564681724847,2.2822351095476976,0.038802342391877964,0.3572897573175436,14.578075605517617,-0.302514941052175,32.40449646351995,46.459054638966755,0.17406359766568524,0.19374103773282414,90.69528526875803,2.222824009175481,276
中航沈飞,万科A,军工,地产,21.675564681724847,2.7063286853106505,0.047002775210288394,0.8147320389255625,8.9897225136674,0.49405862685104807,73.89235468795076,49.457466634820044,0.21957257759714355,0.19719037620316904,90.69528526875803,8.219648000882065,276
中航沈飞,中兴通讯,军工,通信,21.675564681724847,2.395715003554717,0.041130579864467,0.6631838180066415,8.654388455237761,0.23196262072216545,60.14764555973647,48.82262217053181,0.20804767243370859,0.19647702859400384,90.69528526875803,6.949959072305594,276
上海机场,万科A,交运,地产,21.675564681724847,1.4853451055314,0.018420747863295395,2.8562843465734193,0.7724196245282245,0.21599893521007552,6.349017422595496,5.221236005028773,0.08901229914477615,0.07923097179392458,2.222824009175481,8.219648000882065,276
上海机场,中兴通讯,交运,通信,21.675564681724847,1.6085367788010063,0.022171277286937352,2.8442618712842007,0.9096878859425472,0.3784897167440875,6.322293575872902,4.586391540740538,0.08880040050436078,0.07279540346676949,2.222824009175481,6.949959072305594,276
万科A,中兴通讯,地产,通信,21.675564681724847,1.8282675041343688,0.028227410462041025,1.681141440847717,1.9882693897476138,0.821852183355229,13.818390883463932,7.58480353659383,0.1287945164972497,0.097984333804501,8.219648000882065,6.949959072305594,276
