A,B,Aind,Bind,yrs,chip_geo,chip_ann,betaA,betaB,exc,nav,hold,nav_cagr,hold_cagr,mA,mB,ntr
贵州茅台,五粮液,白酒,白酒,4.177960301163586,1.010775089821393,0.0025685285612855324,0.8206438855982185,1.24495691752908,-0.009484483643392938,0.6221452466758732,0.6281024743199353,-0.10737767892917982,-0.1053393219799591,0.7532894896893112,0.5029154589505592,53
贵州茅台,泸州老窖,白酒,白酒,4.177960301163586,1.0151803334338316,0.0036126392224846704,0.7886370484300976,1.3068002719912464,-0.018717826374217705,0.5883249515774059,0.5995471714354887,-0.11923995254607078,-0.11524761056593569,0.7532894896893112,0.4458048531816662,53
贵州茅台,山西汾酒,白酒,白酒,4.177960301163586,1.0178261948018732,0.004238093630489548,0.8033970092383427,1.2894872036018754,-0.012770447848781008,0.5979840722159926,0.6057193799688811,-0.11580026250290532,-0.11307600396546391,0.7532894896893112,0.45814927024845115,53
贵州茅台,洋河股份,白酒,白酒,4.177960301163586,1.0099183033759136,0.002365055053667353,0.7112450525383995,1.4340134611180557,-0.04684216925877627,0.5396114901095401,0.566130259549891,-0.1372731808801485,-0.1273095465516425,0.7532894896893112,0.37897102941047095,53
贵州茅台,伊利股份,白酒,乳品,4.177960301163586,1.0091394320608507,0.002179971214749221,1.0786546433368176,0.9441042131796629,0.005952176451113678,0.8242689399178007,0.8193917754875077,-0.045203111379089944,-0.04655837809061947,0.7532894896893112,0.8854940612857044,53
贵州茅台,海天味业,白酒,调味品,4.177960301163586,1.0146657259105483,0.0034908472979160443,0.8476348492812349,1.2146109096512485,0.0010058322260646513,0.6477309997615779,0.6470801456981881,-0.09872550252161427,-0.09894234668988466,0.7532894896893112,0.5408708017070649,53
贵州茅台,双汇发展,白酒,肉制品,4.177960301163586,1.0116507331564495,0.0027763447774962202,1.1681724146765495,0.8761011585600207,-0.00013027201207416184,0.8886971336757044,0.8888129211232966,-0.02784804628692561,-0.02781773139486221,0.7532894896893112,1.024336352557282,53
贵州茅台,青岛啤酒,白酒,啤酒,4.177960301163586,1.0187811597581529,0.004463533788170881,0.9249789477294686,1.1220958639393046,0.01498752172707607,0.7035471597087574,0.6931584326392703,-0.08071655181716908,-0.0839839919718468,0.7532894896893112,0.6330273755892296,53
贵州茅台,招商银行,白酒,银行,4.177960301163586,1.012383428657126,0.002950130103248405,1.276971528887559,0.8026178997995541,-0.017428035782489526,0.975521505794294,0.9928244864702289,-0.0059143006952936394,-0.001722174943076471,0.7532894896893112,1.2323594832511466,53
贵州茅台,工商银行,白酒,银行,4.177960301163586,1.0189545845004566,0.004504457206528256,1.4742013711195974,0.7042921446247025,-0.05220627114362664,1.1287128678197649,1.1908845073090872,0.029404163620347257,0.04270028942094384,0.7532894896893112,1.628479524928863,53
贵州茅台,兴业银行,白酒,银行,4.177960301163586,1.0155736042606391,0.0037056827938724,1.2214868325915877,0.844372381389229,-0.004278720375193834,0.9344662317358132,0.9384817326470373,-0.016092289641320923,-0.01508197275104639,0.7532894896893112,1.1236739756047633,53
贵州茅台,宁波银行,白酒,银行,4.177960301163586,1.0213280728467071,0.005064002757854569,1.2223109607731313,0.8533925211019824,-0.00013781479547492204,0.9485379986337257,0.948668739221995,-0.012566125435883313,-0.012533551019085265,0.7532894896893112,1.1440479887546788,53
贵州茅台,中国平安,白酒,保险,4.177960301163586,1.0187559230185617,0.004457578177509358,1.354981497649743,0.7659614780612193,-0.021808726958428504,1.0225378613246738,1.045335293316625,0.005348827704600101,0.010668790996257727,0.7532894896893112,1.3373810969439386,53
贵州茅台,中国太保,白酒,保险,4.177960301163586,1.0350977821178078,0.008290816097764608,1.4472244333526456,0.7403325937934394,-0.02166776715227059,1.0944475272555145,1.1186869761714757,0.0218363755652764,0.0272081577295058,0.7532894896893112,1.4840844626536402,53
贵州茅台,中国人寿,白酒,保险,4.177960301163586,1.0355016842917248,0.008384972937512725,1.3554584803422893,0.7910708839272035,-0.00208632112653806,1.0255620722071987,1.0277061973586221,0.006059709194258911,0.006562749275204727,0.7532894896893112,1.302122905027933,53
贵州茅台,中信证券,白酒,券商,4.177960301163586,1.0288099367524657,0.00682138993270498,1.3941432298636953,0.7592117246547879,-0.017102604085344697,1.050821158487005,1.069105649129472,0.01193576890651804,0.01612262755892413,0.7532894896893112,1.3849218085696329,53
贵州茅台,东方财富,白酒,券商,4.177960301163586,1.0707125511188436,0.01648797196765872,1.204295596829824,0.951946822807674,0.0639820786519969,0.9026361320494168,0.8483565185543389,-0.02421999921750373,-0.03859771189353445,0.7532894896893112,0.9434235474193667,53
贵州茅台,恒瑞医药,白酒,医药,4.177960301163586,1.0543253708569518,0.012742446821716102,1.3147713215473897,0.845471732927955,0.033530002938831904,0.9714327431309463,0.939917312868216,-0.006913168520068069,-0.014721572644080916,0.7532894896893112,1.1265451360471208,53
贵州茅台,迈瑞医疗,白酒,医药,4.177960301163586,1.030303008733847,0.007170927733186394,0.9167905211568518,1.1578700535281858,0.023572887742419946,0.69206068634117,0.6761225259371326,-0.08433142409560668,-0.08942364424745786,0.7532894896893112,0.598955562184954,53
贵州茅台,药明康德,白酒,医药,4.177960301163586,1.1000097296588283,0.023076973746084528,1.4965056077388863,0.8085645647344715,0.04713619609661035,1.1372802689996664,1.0860862925368107,0.03126898512027543,0.019962424567953496,0.7532894896893112,1.4188830953843103,53
贵州茅台,爱尔眼科,白酒,医药,4.177960301163586,1.0361029710722105,0.008525091932360285,0.7050405989794175,1.5226206380435705,-0.036574847185529835,0.5305380248685385,0.5506790260962866,-0.14076777739938517,-0.1330705789042086,0.7532894896893112,0.3480685625032621,53
贵州茅台,片仔癀,白酒,中药,4.177960301163586,1.0215300176384607,0.005111565199426238,0.7353343316448928,1.4191144517924832,-0.030629250982270095,0.5551025239503055,0.5726421232668664,-0.13140883487928479,-0.12491736808128628,0.7532894896893112,0.3919947568444214,53
贵州茅台,云南白药,白酒,中药,4.177960301163586,1.0160234589876938,0.003812079897673959,1.1546861393282744,0.8940123502425075,0.006167736683785785,0.8808045071546942,0.8754052381541526,-0.02992157346415525,-0.03134820868887889,0.7532894896893112,0.997520986618994,53
贵州茅台,同仁堂,白酒,中药,4.177960301163586,1.030926583803452,0.007316796631773759,0.8766624019158056,1.2123362640738957,0.018257292313629714,0.6633282356230072,0.6514348000551298,-0.09357788968087544,-0.0974946576761414,0.7532894896893112,0.5495801104209482,53
贵州茅台,美的集团,白酒,家电,4.177960301163586,1.0119489414032015,0.002847087234152168,1.4551288461855185,0.7037456941984793,-0.054925383926386906,1.10828151807285,1.172692080840445,0.024913125299147465,0.03886538237075765,0.7532894896893112,1.5920946719915792,53
贵州茅台,格力电器,白酒,家电,4.177960301163586,1.0155785007463263,0.0037068410760192627,1.3467496949245357,0.7658436419664084,-0.027601288165506666,1.030021594399665,1.0592584933154243,0.007105076298855373,0.013874613947901349,0.7532894896893112,1.3652274969415372,53
贵州茅台,海尔智家,白酒,家电,4.177960301163586,1.0183694886038852,0.004366369616679577,1.1480377529683452,0.9033469610541058,0.011172275446964308,0.8642789968628746,0.8547297209872975,-0.034309306068654344,-0.03687392731595873,0.7532894896893112,0.9561699522852838,53
贵州茅台,苏泊尔,白酒,家电,4.177960301163586,1.0137359970908433,0.003270689632773216,1.13229707203351,0.9075892689117128,0.0071775867891243905,0.8559486708950957,0.8498488073229018,-0.036545347819034624,-0.038193205892077975,0.7532894896893112,0.9464081249564923,53
贵州茅台,比亚迪,白酒,汽车,4.177960301163586,1.0510930193922825,0.011998425078834307,1.0678318797571933,1.0346165500007332,0.05099773070876212,0.8026515667681989,0.7637043766278299,-0.05125733250283282,-0.06248544293504177,0.7532894896893112,0.7741192635663485,53
贵州茅台,长城汽车,白酒,汽车,4.177960301163586,1.0386185658996896,0.009110635924241217,0.8270825416338845,1.30425740011453,0.013329476422315079,0.6260005778295946,0.6177660794392037,-0.10605683260188536,-0.1088855668358607,0.7532894896893112,0.4822426691890962,53
贵州茅台,上汽集团,白酒,汽车,4.177960301163586,1.02475214354233,0.005869481058942361,1.0313885957407536,1.0181583934815523,0.02445040567403578,0.8113341926190911,0.7919701999486006,-0.04881092371610296,-0.054294674140172194,0.7532894896893112,0.8306509102078902,53
贵州茅台,长安汽车,白酒,汽车,4.177960301163586,1.053754736687159,0.012611224645401542,0.8489124374446692,1.3080254171243637,0.03265268481012473,0.6484624428266905,0.6279579304496983,-0.09848200632520832,-0.10538860544443385,0.7532894896893112,0.5026263712100852,53
贵州茅台,赛力斯,白酒,汽车,4.177960301163586,1.193994439346809,0.043351386196009756,1.1025891272762967,1.2929773076148385,0.18890573546794553,0.8191948290576591,0.6890326159754199,-0.04661323432778641,-0.0852919735871629,0.7532894896893112,0.6247757422615287,53
贵州茅台,宁德时代,白酒,电池,4.177960301163586,1.046713076674127,0.010987469139469352,1.320585989956834,0.8296379586129254,0.021709439688391896,0.9836304300558246,0.9627300990346328,-0.003942706925663342,-0.009049882526992237,0.7532894896893112,1.1721707083799544,53
贵州茅台,隆基绿能,白酒,光伏,4.177960301163586,1.0607290182404066,0.014211327967128318,0.5375490556874112,2.093103946947565,-0.14533737535371172,0.4043305260612935,0.4730878763168452,-0.1948590809541063,-0.1640180133402831,0.7532894896893112,0.1928862629443792,53
贵州茅台,通威股份,白酒,光伏,4.177960301163586,1.0520602748608574,0.012221249930869593,0.6111816076433222,1.8109687989600547,-0.08290018911350283,0.46363783294965616,0.5055478448975902,-0.16804565117909653,-0.15063349807810245,0.7532894896893112,0.2578062001058692,53
贵州茅台,阳光电源,白酒,光伏,4.177960301163586,1.1463057019805756,0.033221981728865035,1.4385223591626668,0.9134489665896062,0.11872094029955238,1.077814527507759,0.9634346588874612,0.018097696473551306,-0.008876350362839625,0.7532894896893112,1.1735798280856111,53
贵州茅台,晶澳科技,白酒,光伏,4.177960301163586,1.0952556657162038,0.022016920768227477,0.46723373395868717,2.5674194436258584,-0.2033038079498657,0.3559030113539946,0.446723625524243,-0.21907257507383893,-0.17541319668098554,0.7532894896893112,0.1401577613591748,53
贵州茅台,亿纬锂能,白酒,电池,4.177960301163586,1.0849504221998818,0.019707003271481893,0.8807533549452802,1.3364892816160026,0.06034270033825351,0.6591006782812959,0.6215921306112073,-0.09496395138239655,-0.10756768821109908,0.7532894896893112,0.4898947715331034,53
贵州茅台,立讯精密,白酒,电子,4.177960301163586,1.1113013305144108,0.02558085862641657,1.588303121248087,0.7775534976174104,0.0345866011916518,1.2291261470054458,1.1880360190144745,0.05061845103817242,0.042102792828769164,0.7532894896893112,1.6227825483396379,53
贵州茅台,京东方A,白酒,电子,4.177960301163586,1.0612253608980262,0.014324898071649939,1.436003546990763,0.7842593905656908,0.016206709554256182,1.0754785656045622,1.0583265742029049,0.017569123251273133,0.013661043297153341,0.7532894896893112,1.3633636587164986,53
贵州茅台,工业富联,白酒,电子,4.177960301163586,1.1559532058098159,0.03529669617921383,3.3497250614362577,0.3989067130927628,-0.297971503887269,2.5740203830674755,3.6665468671433277,0.25395077748325323,0.36475807652603764,0.7532894896893112,6.579804244597344,53
贵州茅台,海康威视,白酒,安防,4.177960301163586,1.0209352185855263,0.004971456438341848,1.225306014278091,0.8506517624190147,0.00454540736688358,0.9211099304752537,0.9169420553020783,-0.019476730721235458,-0.02054049538590519,0.7532894896893112,1.0805946209148454,53
贵州茅台,大华股份,白酒,安防,4.177960301163586,1.0517063374916116,0.012139732119121005,1.2784475138918914,0.8651792179976449,0.03059981333046302,0.969760480159749,0.9409670636615904,-0.007322617014997923,-0.014458299333190205,0.7532894896893112,1.1286446376338697,53
贵州茅台,韦尔股份,白酒,半导体,4.177960301163586,1.0848828918539073,0.01969181142875831,1.0178071787128475,1.1563790407980155,0.08239945544167737,0.7636293946170217,0.7054968392472257,-0.06250747533119594,-0.0801074387382853,0.7532894896893112,0.6577041888051403,53
贵州茅台,北方华创,白酒,半导体,4.177960301163586,1.0886026077946478,0.02052754140959001,2.0758168522895097,0.5708864134088988,-0.1113925043327545,1.5853029864457753,1.7840306256424148,0.11659871273186195,0.14861227931684629,0.7532894896893112,2.814771761595518,53
贵州茅台,中芯国际,白酒,半导体,4.177960301163586,1.1640922484613887,0.037036794736386325,2.2032686945116837,0.6150456212188083,-0.039035352724490435,1.6617908930946113,1.7292945144299092,0.1292633408185817,0.14007712702857145,0.7532894896893112,2.705299539170507,53
贵州茅台,兆易创新,白酒,半导体,4.177960301163586,1.162797647634359,0.036760633886109284,2.1787095508222802,0.6205959710571313,-0.042581656389507394,1.6681374727254235,1.742328715402254,0.1302941171047578,0.14212802532127644,0.7532894896893112,2.731367941115197,53
贵州茅台,科大讯飞,白酒,软件,4.177960301163586,1.1052508941277577,0.024241608525702008,1.2126454741766064,1.0073674169275797,0.09923580918690411,0.9251223918071486,0.8416050351302276,-0.01845608570366697,-0.04043458989212867,0.7532894896893112,0.929920580571144,53
贵州茅台,恒生电子,白酒,软件,4.177960301163586,1.1102826597598112,0.025355767143946384,1.03893156178108,1.1865339642295678,0.10655853354399714,0.7692068494852612,0.6951343522892612,-0.060873091673703916,-0.08335967489679807,0.7532894896893112,0.6369792148892113,53
贵州茅台,浪潮信息,白酒,服务器,4.177960301163586,1.2352987945808989,0.051878907625698245,2.5505290486261374,0.5982927787923034,-0.010423149203661386,1.8596090335922464,1.8791961757146702,0.1600759055624832,0.1629888955808969,0.7532894896893112,3.0051028617400295,53
贵州茅台,分众传媒,白酒,传媒,4.177960301163586,1.015913045866649,0.003785968927431549,1.138633076698262,0.9064195814114341,0.008424430951921913,0.8646531081353174,0.8574297504068908,-0.03420927173398547,-0.036146587428256605,0.7532894896893112,0.9615700111244705,53
贵州茅台,紫金矿业,白酒,有色,4.177960301163586,1.0580979870342846,0.013608635455672813,2.2450026906734926,0.4986948812208941,-0.18480819402510762,1.6941155139772628,2.0781802534818916,0.1344824888628089,0.19134589520703504,0.7532894896893112,3.403071017274472,53
贵州茅台,中国神华,白酒,煤炭,4.177960301163586,1.0215341740375532,0.0051125440477413076,1.4399322962442804,0.7247091210110296,-0.040974133836274684,1.1025555645548188,1.1496619678937732,0.023643207544147504,0.03394525462293019,0.7532894896893112,1.546034446098235,53
贵州茅台,陕西煤业,白酒,煤炭,4.177960301163586,1.0306276121134812,0.007246868487941205,1.435026471262711,0.7401907185141258,-0.02778180646963868,1.096575148343697,1.127910540700504,0.02231148706332209,0.029228974532782948,0.7532894896893112,1.5025315917116964,53
贵州茅台,长江电力,白酒,电力,4.177960301163586,1.0186488283568382,0.004432303691552786,1.3055851677836747,0.7947742216421143,-0.016068227423718606,1.0007679991535794,1.017111172793226,0.00018376788560425794,0.004069191847364539,0.7532894896893112,1.280932855897141,53
贵州茅台,万华化学,白酒,化工,4.177960301163586,1.0208925377512112,0.0049614003046642985,1.0957527733435877,0.9511466445627748,0.01802045173336908,0.8291231981942707,0.8144465042745794,-0.04386025314827369,-0.04793884999938258,0.7532894896893112,0.8756035188598476,53
贵州茅台,海螺水泥,白酒,建材,4.177960301163586,1.0119443171117048,0.0028459903575683843,0.9771347798457873,1.0479939124634254,0.01164140740860553,0.7427112422053438,0.7341645337628614,-0.0687192936569736,-0.07129564233937569,0.7532894896893112,0.7150395778364116,53
贵州茅台,宝钢股份,白酒,钢铁,4.177960301163586,1.0137348231010161,0.0032704115375865594,1.1851431056930999,0.867117470144375,-0.0009986631945875235,0.9073366199115742,0.9082436494159638,-0.023006164771423143,-0.022772488056862383,0.7532894896893112,1.0631978091426164,53
贵州茅台,洛阳钼业,白酒,有色,4.177960301163586,1.0888962974834475,0.02059343378936984,2.2276652915596635,0.5322591105430454,-0.14650947594015518,1.6966269818067452,1.987868563245796,0.13488481048026424,0.178743902787315,0.7532894896893112,3.222447636802281,53
贵州茅台,三一重工,白酒,机械,4.177960301163586,1.0317599851109776,0.007511644080052227,1.2266263373209627,0.8678508152704508,0.014371951532470284,0.935516973294773,0.922262264725906,-0.01582760014336948,-0.01918326723777608,0.7532894896893112,1.0912350397625008,53
贵州茅台,汇川技术,白酒,机械,4.177960301163586,1.0516284487452472,0.012121790211324868,1.1604110576389066,0.9530436537381505,0.049784649836224215,0.8475436341318582,0.8073499972247475,-0.03881828348106775,-0.04993102188927001,0.7532894896893112,0.861410504760184,53
贵州茅台,中航沈飞,白酒,军工,4.177960301163586,1.0491852139375042,0.011558469855762254,1.2659422433463015,0.8695417337803165,0.028185646379951468,0.9676409538777847,0.9411150187562595,-0.00784234901902292,-0.014421210751279112,0.7532894896893112,1.1289405478232077,53
贵州茅台,顺丰控股,白酒,交运,4.177960301163586,1.0200969274776104,0.0047738860927708515,0.9474793340584784,1.0982801461134934,0.0174921199830409,0.7153517595269339,0.7030538571039322,-0.07704803872213573,-0.08087087144663385,0.7532894896893112,0.6528182245185533,53
贵州茅台,京沪高铁,白酒,交运,4.177960301163586,1.0251637624073493,0.005966172364086475,1.214635498070851,0.8652478388968413,0.009153556277756048,0.9228235724918872,0.9144530748082627,-0.01904042071747769,-0.021177511783144864,0.7532894896893112,1.0756166599272141,53
贵州茅台,中国中免,白酒,免税,4.177960301163586,1.0349964581670363,0.008267191283175768,0.6406316673835663,1.672127250270534,-0.07625411014820926,0.4795444197941335,0.5191302338255311,-0.16130126907602693,-0.14522653192703905,0.7532894896893112,0.284970977961751,53
贵州茅台,上海机场,白酒,交运,4.177960301163586,1.0240434557739548,0.005702937560218446,0.848439852752528,1.2359921518435995,0.007532827152976651,0.6437430395744573,0.6389300896463157,-0.1000567792369359,-0.10167183749367203,0.7532894896893112,0.5245706896033202,53
贵州茅台,万科A,白酒,地产,4.177960301163586,1.0135458351633766,0.0032256408039903484,0.7779560791111316,1.320479635753678,-0.018509296117350083,0.5916313578128326,0.6027885495730277,-0.11805771151752031,-0.11410506718587576,0.7532894896893112,0.45228760945674423,53
贵州茅台,中国建筑,白酒,建筑,4.177960301163586,1.0178611586208888,0.004246350433974477,1.1593722540690514,0.8936226777834829,0.007551148864954893,0.8851957628159124,0.8785616132869477,-0.028766180054297097,-0.030513397714526436,0.7532894896893112,1.0038337368845842,53
贵州茅台,保利发展,白酒,地产,4.177960301163586,1.0145062475884439,0.003453094100758669,0.8309390501801651,1.23862625805446,-0.0037902826160868264,0.6310263885882965,0.6334272569087132,-0.10434423582816166,-0.1035297750982459,0.7532894896893112,0.513565024128115,53
贵州茅台,牧原股份,白酒,养殖,4.177960301163586,1.0334479007091408,0.007905908667320771,1.0220199609971152,1.0450036244283734,0.03336590642592929,0.7686656344295523,0.7438465210141414,-0.06103129038823063,-0.06837877061322961,0.7532894896893112,0.7344035523389715,53
贵州茅台,中国移动,白酒,通信,4.177960301163586,1.030990894403712,0.007331836578150508,1.6383471390489792,0.6487893798626696,-0.07292404443701639,1.2416412186182588,1.33930905139725,0.05316905215807988,0.07243030626132696,0.7532894896893112,1.9253286131051888,53
贵州茅台,中兴通讯,白酒,通信,4.177960301163586,1.076082489452397,0.01770586064605828,1.4393022255539927,0.8045242364996468,0.030769625964671032,1.0892702598243151,1.056754324522218,0.020677316622724984,0.013300401725939048,0.7532894896893112,1.3602191593551247,53
五粮液,泸州老窖,白酒,白酒,4.177960301163586,1.0123189791581928,0.002934847404130858,0.9686149126509479,1.057994980439849,0.010614717533848905,0.479395355132067,0.4743601560661127,-0.1613636768776966,-0.16348044995655409,0.5029154589505592,0.4458048531816662,53
五粮液,山西汾酒,白酒,白酒,4.177960301163586,1.0215479226832715,0.0051157818862364035,0.993150634268907,1.0507571785489607,0.02061225617801421,0.4904372208004571,0.4805323645995052,-0.15678027545650264,-0.16088802607159391,0.5029154589505592,0.45814927024845115,53
五粮液,洋河股份,白酒,白酒,4.177960301163586,1.0085939318715238,0.002050278839548225,0.8748813494596627,1.1627424907804162,-0.001416751834141361,0.4403185370305701,0.4409432441805151,-0.17825857555425673,-0.1779796770598353,0.5029154589505592,0.37897102941047095,53
五粮液,伊利股份,白酒,乳品,4.177960301163586,1.0192727558988546,0.004579523037914424,1.3419040055573472,0.7742110811317995,-0.02015683159910997,0.6802117916731301,0.6942047601181318,-0.08810849393251186,-0.08365322305277711,0.5029154589505592,0.8854940612857044,53
五粮液,海天味业,白酒,调味品,4.177960301163586,1.0144631549330627,0.0034428920304105937,1.043811034385793,0.9859404229447667,0.013823550180295241,0.5291075462046638,0.5218931303288121,-0.14132285914291376,-0.1441398616403703,0.5029154589505592,0.5408708017070649,53
五粮液,双汇发展,白酒,肉制品,4.177960301163586,1.0227954851492784,0.005409447920988297,1.4546715347096242,0.7191387055295395,-0.03865445760634434,0.7341083605528493,0.7636259057539205,-0.07131265066861958,-0.06250850052400247,0.5029154589505592,1.024336352557282,53
五粮液,青岛啤酒,白酒,啤酒,4.177960301163586,1.0250687253514312,0.005943850312442711,1.1463143239502802,0.9166472665826894,0.018327659336468072,0.578381003918468,0.5679714172698944,-0.1228262436370321,-0.12663107122145223,0.5029154589505592,0.6330273755892296,53
五粮液,招商银行,白酒,银行,4.177960301163586,1.0212662093669576,0.005049431115943026,1.5866273695538213,0.6573595605425956,-0.07332107381042552,0.8040213600415764,0.867637471100853,-0.050870047745855795,-0.03341245372590351,0.5029154589505592,1.2323594832511466,53
五粮液,工商银行,白酒,银行,4.177960301163586,1.03324240192443,0.007857934306248149,1.841212844012073,0.5798296837905205,-0.12253937697329298,0.9351075852354179,1.065697491939711,-0.01593070109305761,0.015346366106205878,0.5029154589505592,1.628479524928863,53
五粮液,兴业银行,白酒,银行,4.177960301163586,1.0263532595793787,0.006245425252406678,1.520456653272704,0.6928188391177248,-0.05128877506681062,0.7715818274601819,0.8132947172776612,-0.06017987809609271,-0.04826128624829973,0.5029154589505592,1.1236739756047633,53
五粮液,宁波银行,白酒,银行,4.177960301163586,1.030165822113723,0.007138827539352466,1.518529965383853,0.6988611652342225,-0.050845416664076826,0.7816114524880804,0.8234817238526191,-0.05727018569069109,-0.04542144946923099,0.5029154589505592,1.1440479887546788,53
五粮液,中国平安,白酒,保险,4.177960301163586,1.0284202575786419,0.006730100030569064,1.684742893817827,0.6277801972509668,-0.08337348722725557,0.8434323072486328,0.920148277947249,-0.039936340397072057,-0.019721847377186297,0.5029154589505592,1.3373810969439386,53
五粮液,中国太保,白酒,保险,4.177960301163586,1.0474586619039468,0.011159788267610216,1.8038116721459236,0.6082506646008933,-0.08914936733898171,0.9049300678452895,0.9934999608020998,-0.0236270236425562,-0.0015596533241840627,0.5029154589505592,1.4840844626536402,53
五粮液,中国人寿,白酒,保险,4.177960301163586,1.0496058309863134,0.011655519776533785,1.6922379740949847,0.6510150565730263,-0.05888191188739855,0.8493771270386684,0.9025191819892462,-0.038321003074722526,-0.024250261155764896,0.5029154589505592,1.302122905027933,53
五粮液,中信证券,白酒,券商,4.177960301163586,1.0324911157328256,0.00768248230316626,1.7232899670178075,0.618606226735027,-0.08710859318199604,0.8616952094949822,0.943918633760096,-0.03500109072340407,-0.013719252577046315,0.5029154589505592,1.3849218085696329,53
五粮液,东方财富,白酒,券商,4.177960301163586,1.0611632164865217,0.014310680778799822,1.4700841143796217,0.7659883955002282,0.010813861760789578,0.730989758222024,0.723169503184963,-0.07225846940663916,-0.0746437908224068,0.5029154589505592,0.9434235474193667,53
五粮液,恒瑞医药,白酒,医药,4.177960301163586,1.0472970118653018,0.011122435748762038,1.608589471593147,0.681858889686558,-0.03211569960154026,0.7885646640080937,0.81473029749884,-0.055269618035861945,-0.04785945695659988,0.5029154589505592,1.1265451360471208,53
五粮液,迈瑞医疗,白酒,医药,4.177960301163586,1.0336967949648626,0.007964004126964852,1.1329170384000111,0.9431662052057089,0.029772192232957684,0.5673380684963426,0.5509355105677567,-0.12686427422962832,-0.13297395044446825,0.5029154589505592,0.598955562184954,53
五粮液,药明康德,白酒,医药,4.177960301163586,1.092556222793668,0.02141344489380681,1.830734683212209,0.6520218964064944,-0.039520757317452415,0.9229238100279851,0.9608992771674347,-0.019014918346064502,-0.009501263627959444,0.5029154589505592,1.4188830953843103,53
五粮液,爱尔眼科,白酒,医药,4.177960301163586,1.0276357074574514,0.006546224110349996,0.861291548542886,1.2261064781468638,0.0105077558108575,0.42996297687509977,0.4254920107269107,-0.18292623146899512,-0.18496793159538316,0.5029154589505592,0.3480685625032621,53
五粮液,片仔癀,白酒,中药,4.177960301163586,1.0170667226465349,0.004058688896716678,0.9017433480496096,1.1471387291653794,0.00923312864817838,0.4515865184729924,0.4474551078974903,-0.17327357221031447,-0.17509022329964163,0.5029154589505592,0.3919947568444214,53
五粮液,云南白药,白酒,中药,4.177960301163586,1.0233865570895637,0.0055484863212487134,1.4325167784481676,0.7311049064054825,-0.03379624979922646,0.7248636603236106,0.7502182227847767,-0.07412538289632897,-0.06647490142517398,0.5029154589505592,0.997520986618994,53
五粮液,同仁堂,白酒,中药,4.177960301163586,1.0377307241154783,0.008904100183915853,1.086898801390865,0.9907868647892372,0.03671216852756887,0.5455674820443969,0.5262477846857537,-0.13500348990485,-0.1424359897228854,0.5029154589505592,0.5495801104209482,53
五粮液,美的集团,白酒,家电,4.177960301163586,1.0263640226763906,0.006247950932065871,1.8177914747515351,0.5795071226134173,-0.12323782641134828,0.9184128180475375,1.0475050654710691,-0.02016469420706457,0.011170509942605822,0.5029154589505592,1.5920946719915792,53
五粮液,格力电器,白酒,家电,4.177960301163586,1.0291126300474216,0.006892283557798917,1.680877593072899,0.6300713446878519,-0.08704521483030214,0.8527650254813766,0.9340714779460482,-0.03740428063648826,-0.016191789516912802,0.5029154589505592,1.3652274969415372,53
五粮液,海尔智家,白酒,家电,4.177960301163586,1.0295886346931062,0.007003736259834525,1.4295992881508797,0.7415034167094079,-0.021324688949694304,0.713985434345101,0.7295427056179216,-0.07747028412601342,-0.07269837850678995,0.5029154589505592,0.9561699522852838,53
五粮液,苏泊尔,白酒,家电,4.177960301163586,1.0217085070264846,0.005153597423488421,1.4056018425442347,0.7426628521208963,-0.027297238001838142,0.7048805265477318,0.7246617919535258,-0.08029984676475477,-0.07418710572515685,0.5029154589505592,0.9464081249564923,53
五粮液,比亚迪,白酒,汽车,4.177960301163586,1.0422293998704757,0.009949231308668205,1.3041418833694518,0.8329171356324342,0.018492520622708897,0.6503251567294834,0.6385173612584538,-0.09786285401466388,-0.10181076506050146,0.5029154589505592,0.7741192635663485,53
五粮液,长城汽车,白酒,汽车,4.177960301163586,1.0362197480391404,0.008552297516510876,1.0163526622865757,1.056475184322919,0.03599295308734507,0.5103084392147014,0.4925790640698277,-0.1487259296481538,-0.1559003201487087,0.5029154589505592,0.4822426691890962,53
五粮液,上汽集团,白酒,汽车,4.177960301163586,1.0303187570048529,0.00717461245121509,1.2772469908151372,0.8311287861077997,-0.0006308121728820781,0.6663625696297191,0.6667831845792247,-0.09258717891634594,-0.09245011899456446,0.5029154589505592,0.8306509102078902,53
五粮液,长安汽车,白酒,汽车,4.177960301163586,1.0482771756711864,0.01134885518643336,1.0401579168517554,1.0564598117554624,0.048306520951089116,0.527058028823248,0.5027709150803222,-0.14212014494620728,-0.15175253063817318,0.5029154589505592,0.5026263712100852,53
五粮液,赛力斯,白酒,汽车,4.177960301163586,1.184227954107548,0.04130231170489651,1.34693457829733,1.041175918924383,0.17753484088934512,0.6639478395957952,0.5638456006060439,-0.09337530916942238,-0.12815379167597563,0.5029154589505592,0.6247757422615287,53
五粮液,宁德时代,白酒,电池,4.177960301163586,1.044344532039286,0.010439432641133006,1.6228658638974869,0.6720552362725952,-0.042480426135097726,0.801963896564653,0.8375430836652569,-0.05145194863280378,-0.04154513296214868,0.5029154589505592,1.1721707083799544,53
五粮液,隆基绿能,白酒,光伏,4.177960301163586,1.0472529220838904,0.011112247149686505,0.6536797425634054,1.6777920614648176,-0.062421566455742816,0.3261843442358266,0.3479008609474692,-0.2352019178647814,-0.22331162699003082,0.5029154589505592,0.1928862629443792,53
五粮液,通威股份,白酒,光伏,4.177960301163586,1.0498252910856933,0.011706144556713483,0.7511842570645508,1.4671941423666606,-0.006162223648332743,0.378016961029596,0.3803608295282142,-0.20772345254895663,-0.20655041256733175,0.5029154589505592,0.2578062001058692,53
五粮液,阳光电源,白酒,光伏,4.177960301163586,1.1402991748096631,0.031923548518777434,1.7625228913856503,0.7377391887655713,0.04515405006193429,0.8760979195777993,0.8382476435180852,-0.031164809622009404,-0.041352212100306596,0.5029154589505592,1.1735798280856111,53
五粮液,晶澳科技,白酒,光伏,4.177960301163586,1.0775120901904724,0.01802931115994033,0.5661618826170407,2.050707297954882,-0.11028155262729766,0.28607705356047014,0.321536610154867,-0.258845866428587,-0.23782449076256884,0.5029154589505592,0.1401577613591748,53
五粮液,亿纬锂能,白酒,电池,4.177960301163586,1.0723837238124982,0.016867486778614493,1.0722459613999638,1.0725215039247797,0.07238192579486813,0.5323358734574585,0.4964051152418313,-0.14007175395352678,-0.15433564124623256,0.5029154589505592,0.4898947715331034,53
五粮液,立讯精密,白酒,电子,4.177960301163586,1.120931202586744,0.027701014974047977,1.9732417960172026,0.6367626934867592,-0.0470418738027607,1.012850594944236,1.0628490036450986,0.0030608856005567286,0.01469612808214138,0.5029154589505592,1.6227825483396379,53
五粮液,京东方A,白酒,电子,4.177960301163586,1.0639480699537573,0.01494717407189139,1.7732424358068581,0.6383704070578768,-0.055810017624844166,0.8810610236085904,0.933139558833529,-0.029853960474589325,-0.016426811831352528,0.5029154589505592,1.3633636587164986,53
五粮液,工业富联,白酒,电子,4.177960301163586,1.1487565246469413,0.03375029062093948,4.100121176011062,0.32185428095146584,-0.4098661726174122,2.0898762434663958,3.5413598517739517,0.19294729517194487,0.3534572334445558,0.5029154589505592,6.579804244597344,53
五粮液,海康威视,白酒,安防,4.177960301163586,1.0225486313626617,0.0053513621828273905,1.5115765423481489,0.6917318932968906,-0.04788924761758995,0.7538384867728902,0.7917550399327022,-0.06539863750249464,-0.0543561761249719,0.5029154589505592,1.0805946209148454,53
五粮液,大华股份,白酒,安防,4.177960301163586,1.055972477599554,0.013120910243985096,1.5810325216726058,0.7052845897616815,-0.024773056276614525,0.795570683246532,0.8157800482922144,-0.05326738210142701,-0.04756596487840803,0.5029154589505592,1.1286446376338697,53
五粮液,韦尔股份,白酒,半导体,4.177960301163586,1.0778834737033478,0.018113284131036078,1.2455301784195498,0.9328017923716971,0.06831211231178203,0.6199520137422239,0.5803098238778497,-0.10813186672493125,-0.12212696720601524,0.5029154589505592,0.6577041888051403,53
五粮液,北方华创,白酒,半导体,4.177960301163586,1.1021119031346078,0.02354460185908236,2.5884819940309236,0.4692521137222468,-0.20950197096758372,1.3113126043938548,1.6588436102730386,0.06702141085398905,0.12878364105003892,0.5029154589505592,2.814771761595518,53
五粮液,中芯国际,白酒,半导体,4.177960301163586,1.1713314390711658,0.03857674902352315,2.7306098898927784,0.5024582036544233,-0.14825974119892893,1.3662829363945572,1.604107499060533,0.07756089420054613,0.11975468030099234,0.5029154589505592,2.705299539170507,53
五粮液,兆易创新,白酒,半导体,4.177960301163586,1.1666145070054317,0.037574166058579994,2.692293220979969,0.5055130686917302,-0.15445317177759466,1.3673690352489885,1.617141700032878,0.07776585696254501,0.12192573973833709,0.5029154589505592,2.731367941115197,53
五粮液,科大讯飞,白酒,软件,4.177960301163586,1.094046657883767,0.021746780211568062,1.4784567057413092,0.8095861616904684,0.044355058731980535,0.7481947831039935,0.7164180197608516,-0.06707816945988498,-0.07671895053011457,0.5029154589505592,0.929920580571144,53
五粮液,恒生电子,白酒,软件,4.177960301163586,1.092525822238772,0.021406642221154515,1.259171500792524,0.947934948898735,0.085250857929692,0.6185358363670488,0.5699473369198853,-0.1086199271194841,-0.12590479404166188,0.5029154589505592,0.6369792148892113,53
五粮液,浪潮信息,白酒,服务器,4.177960301163586,1.2251133136029453,0.04979644437008779,3.115547007912883,0.4817461034467424,-0.14066772978739228,1.5072766737332317,1.7540091603452943,0.10319100265682857,0.14395602198570345,0.5029154589505592,3.0051028617400295,53
五粮液,分众传媒,白酒,传媒,4.177960301163586,1.0198716212146752,0.004720764346950901,1.407902428309216,0.7387856593217023,-0.03143454849665839,0.7092250152716524,0.7322427350375149,-0.07894624921532278,-0.0718780948100346,0.5029154589505592,0.9615700111244705,53
五粮液,紫金矿业,白酒,有色,4.177960301163586,1.0651565963922096,0.015222995066985545,2.783583357373022,0.4075892219403713,-0.2864895496175395,1.393481084919561,1.9529932381125155,0.08265671139883768,0.1737607531250931,0.5029154589505592,3.403071017274472,53
五粮液,中国神华,白酒,煤炭,4.177960301163586,1.0391883425611605,0.009243110475372962,1.804193987683254,0.5985567065888051,-0.10551920807584347,0.9163731668404853,1.024474952524397,-0.020685977602990624,0.005804350872155251,0.5029154589505592,1.546034446098235,53
五粮液,陕西煤业,白酒,煤炭,4.177960301163586,1.051233233665897,0.012030735645114587,1.8028392856086848,0.6129727260688969,-0.08863879906049199,0.9138433162560737,1.0027235253311277,-0.021333771226134335,0.0006512050247891032,0.5029154589505592,1.5025315917116964,53
五粮液,长江电力,白酒,电力,4.177960301163586,1.0357391746587266,0.008440323159437657,1.6350495285742825,0.6560997811840924,-0.06790760363645776,0.8313557252677297,0.8919241574238501,-0.04324466470917632,-0.02700428554364176,0.5029154589505592,1.280932855897141,53
五粮液,万华化学,白酒,化工,4.177960301163586,1.0253841382017161,0.006017927590022287,1.355560597287127,0.7756293838725177,-0.012798358473532279,0.6804380988849109,0.6892594889052034,-0.08803588698929588,-0.08521989492750182,0.5029154589505592,0.8756035188598476,53
五粮液,海螺水泥,白酒,建材,4.177960301163586,1.0204121086301403,0.004848183182526888,1.2135935278940886,0.8579815626125186,0.0048201152077669285,0.6119128601910819,0.6089775183934854,-0.11091376693374688,-0.1119364534251116,0.5029154589505592,0.7150395778364116,53
五粮液,宝钢股份,白酒,钢铁,4.177960301163586,1.0231824733196742,0.005500486412791661,1.473327562971481,0.7105700049465717,-0.04449077183290018,0.7482178400089823,0.7830566340465879,-0.06707128829141029,-0.05685326902769339,0.5029154589505592,1.0631978091426164,53
五粮液,洛阳钼业,白酒,有色,4.177960301163586,1.0883930348977269,0.020480513251683208,2.7425146957486954,0.4319391251577208,-0.2561384813315648,1.3855771249990254,1.86268154787642,0.08118368983034996,0.1605343868713478,0.5029154589505592,3.222447636802281,53
五粮液,三一重工,白酒,机械,4.177960301163586,1.0377010815093881,0.008897202202754473,1.5195173611998039,0.7086615540315372,-0.0355332878394401,0.768752545091451,0.7970752493565301,-0.061005880443017246,-0.05283914588008487,0.5029154589505592,1.0912350397625008,53
五粮液,汇川技术,白酒,机械,4.177960301163586,1.0488886102266706,0.011490016018198768,1.4255376572881053,0.7717560536114897,0.01275188892652257,0.6908618484297767,0.6821629818553716,-0.08471133049716273,-0.08748308936781446,0.5029154589505592,0.861410504760184,53
五粮液,中航沈飞,白酒,军工,4.177960301163586,1.0490900344362337,0.01153650476866308,1.5591011236052275,0.7059130954946917,-0.031146150574058673,0.7905149869358045,0.8159280033868834,-0.054710884585124187,-0.047524622306776454,0.5029154589505592,1.1289405478232077,53
五粮液,顺丰控股,白酒,交运,4.177960301163586,1.024184842715261,0.005736170864097501,1.171673056850595,0.8952621944446062,0.015541890116851587,0.5868479846909668,0.5778668417345563,-0.11976969144120087,-0.12301294793548712,0.5029154589505592,0.6528182245185533,53
五粮液,京沪高铁,白酒,交运,4.177960301163586,1.0352770489373686,0.008332609856756656,1.5108073939589017,0.7094210501895535,-0.035259735171977,0.7614367472028417,0.7892660594388867,-0.06315248240584803,-0.055068559585533805,0.5029154589505592,1.0756166599272141,53
五粮液,中国中免,白酒,免税,4.177960301163586,1.032069485469276,0.0075839741190304455,0.7868252150800642,1.3537535432547483,-0.008122238581787178,0.3907435176481771,0.3939432184561551,-0.20141933703679438,-0.19985898035641558,0.5029154589505592,0.284970977961751,53
五粮液,上海机场,白酒,交运,4.177960301163586,1.025060500396138,0.005941918382743605,1.0460488454941927,1.0044932739024892,0.024833148448154096,0.5265009323046701,0.5137430742769398,-0.14233726944624303,-0.14735806160099396,0.5029154589505592,0.5245706896033202,53
五粮液,万科A,白酒,地产,4.177960301163586,1.0224111037862158,0.00531899673684566,0.9665782873944668,1.0814690116443146,0.020978919823717135,0.48762109849739443,0.4776015342036517,-0.15794171106756183,-0.16211584269738633,0.5029154589505592,0.45228760945674423,53
五粮液,中国建筑,白酒,建筑,4.177960301163586,1.030696059608773,0.007262879413351797,1.445988265700372,0.7346770319595259,-0.02790494481386263,0.7323517213385159,0.7533745979175717,-0.07184503251686924,-0.06553632655153885,0.5029154589505592,1.0038337368845842,53
五粮液,保利发展,白酒,地产,4.177960301163586,1.025597138482364,0.0060679426372980405,1.034644220468641,1.0166291655181519,0.025542322021662844,0.5212218774531026,0.5082402415393371,-0.14440346784082592,-0.14955298559478603,0.5029154589505592,0.513565024128115,53
五粮液,牧原股份,白酒,养殖,4.177960301163586,1.0407271360611783,0.009600608068980554,1.2676736453763842,0.854409946664558,0.02238336403624852,0.6325071865740977,0.6186595056447654,-0.10384161802486325,-0.10857727284611929,0.5029154589505592,0.7344035523389715,53
五粮液,中国移动,白酒,通信,4.177960301163586,1.0477137105849883,0.011218713520660728,2.0506593237196378,0.5352932135780936,-0.1508581698309206,1.0309618077213178,1.214122036027874,0.007325034333151237,0.047534406467602874,0.5029154589505592,1.9253286131051888,53
五粮液,中兴通讯,白酒,通信,4.177960301163586,1.074979334776675,0.01745604582006499,1.7709501657329318,0.6525200948941722,-0.0455823573636841,0.8891042751587116,0.931567309152842,-0.027741463821558288,-0.016823725242225418,0.5029154589505592,1.3602191593551247,53
泸州老窖,山西汾酒,白酒,白酒,4.177960301163586,1.0126494635388008,0.003013206254559364,1.0289203205117563,0.9966359061655877,0.012557675008276536,0.45765284276727214,0.4519770617150587,-0.17062888037220203,-0.17310249865767535,0.4458048531816662,0.45814927024845115,53
泸州老窖,洋河股份,白酒,白酒,4.177960301163586,1.0183972944617838,0.004372933400415446,0.9232435291489975,1.123358048686311,0.015192878141468302,0.4186533010351907,0.4123879412960686,-0.18812268173437074,-0.1910475363986771,0.4458048531816662,0.37897102941047095,53
泸州老窖,伊利股份,白酒,乳品,4.177960301163586,1.0309597937219597,0.007324563331541301,1.4185315182991771,0.749280564132702,-0.026610995515085833,0.6479358625126204,0.6656494572336853,-0.09865728297048648,-0.09281970133388995,0.4458048531816662,0.8854940612857044,53
泸州老窖,海天味业,白酒,调味品,4.177960301163586,1.02756076750836,0.0065286547614287205,1.1049925448057407,0.955554981692655,0.023074627640510048,0.5047214141136225,0.49333782744436555,-0.1509660391019143,-0.1555892877987034,0.4458048531816662,0.5408708017070649,53
泸州老窖,双汇发展,白酒,肉制品,4.177960301163586,1.035635534666243,0.008416169697223141,1.5393922998301695,0.6967301062774973,-0.047741449235656486,0.6999772669979576,0.735070602869474,-0.08183518289973502,-0.07102143609006584,0.4458048531816662,1.024336352557282,53
泸州老窖,青岛啤酒,白酒,啤酒,4.177960301163586,1.030181547203823,0.007142507206322257,1.2040117639719239,0.8814482150059875,0.01474085472657416,0.5473675689647769,0.5394161143854479,-0.1343212285472053,-0.1373479561887584,0.4458048531816662,0.6330273755892296,53
泸州老窖,招商银行,白酒,银行,4.177960301163586,1.0354027133778516,0.00836190362701461,1.6811695134162772,0.6376863072491152,-0.08511206986827957,0.7676661480899442,0.8390821682164065,-0.061323665965126506,-0.04112386408335844,0.4458048531816662,1.2323594832511466,53
泸州老窖,工商银行,白酒,银行,4.177960301163586,1.0493778176205062,0.011602913410562188,1.9543389298384288,0.563461018608996,-0.137611732286388,0.894419255792073,1.0371421890552646,-0.026353489632086613,0.008767117100014543,0.4458048531816662,1.628479524928863,53
泸州老窖,兴业银行,白酒,银行,4.177960301163586,1.041442060329202,0.009766564857193849,1.6124212715969959,0.6726539671288929,-0.06040848805740584,0.7373344928506665,0.7847394143932147,-0.07033743063776243,-0.05636854498632016,0.4458048531816662,1.1236739756047633,53
泸州老窖,宁波银行,白酒,银行,4.177960301163586,1.037140562291915,0.008766738384632156,1.5977913915757427,0.673217136869396,-0.06752635900478743,0.741247934083485,0.7949264209681726,-0.06915879252829982,-0.053450943249817806,0.4458048531816662,1.1440479887546788,53
泸州老窖,中国平安,白酒,保险,4.177960301163586,1.040460424328102,0.009538673535423259,1.7813727491230438,0.6077099220957258,-0.09886886501795822,0.8034421895603584,0.8915929750628024,-0.0510337366409267,-0.02709077182601971,0.4458048531816662,1.3373810969439386,53
泸州老窖,中国太保,白酒,保险,4.177960301163586,1.0633232270416886,0.014804473217688185,1.9137527556479756,0.5908058299743755,-0.10359314144446707,0.8649830094839069,0.9649446579176533,-0.03412108608894915,-0.008504764470670167,0.4458048531816662,1.4840844626536402,53
泸州老窖,中国人寿,白酒,保险,4.177960301163586,1.0578349554052495,0.013548319926339314,1.7824581572205371,0.6277930218693907,-0.07771235801743603,0.8060460852375003,0.8739638791047997,-0.05029851076079217,-0.031730186864958876,0.4458048531816662,1.302122905027933,53
泸州老窖,中信证券,白酒,券商,4.177960301163586,1.0478596535444336,0.011252426590771858,1.8278534929454657,0.600709990031471,-0.1004652096424784,0.82340116194019,0.9153633308756495,-0.04544380264969594,-0.020944392908628484,0.4458048531816662,1.3849218085696329,53
泸州老窖,东方财富,白酒,券商,4.177960301163586,1.0736896981083077,0.017163753869904097,1.5545511322405454,0.7415706977501514,0.0024569732400248068,0.6963208488027961,0.6946142003005165,-0.08298543453074281,-0.08352389253190662,0.4458048531816662,0.9434235474193667,53
泸州老窖,恒瑞医药,白酒,医药,4.177960301163586,1.0695205960797838,0.016217009665928872,1.716843615775242,0.6662658700701396,-0.03586618647681983,0.7579778956541408,0.7861749946143934,-0.06417284457995054,-0.055955651380863336,0.4458048531816662,1.1265451360471208,53
泸州老窖,迈瑞医疗,白酒,医药,4.177960301163586,1.051599494808274,0.012115120326844586,1.2045408571103797,0.9180772000826206,0.04031277360243957,0.5434388027300429,0.5223802076833102,-0.13581250621176433,-0.1439487440100643,0.4458048531816662,0.598955562184954,53
泸州老窖,药明康德,白酒,医药,4.177960301163586,1.1078437683707985,0.024816216376749356,1.9401100329798193,0.6326021690805709,-0.054802175572512546,0.8812494961103577,0.9323439742829882,-0.029804292153262524,-0.016627593003208485,0.4458048531816662,1.4188830953843103,53
泸州老窖,爱尔眼科,白酒,医药,4.177960301163586,1.0417135762202328,0.009829569674794758,0.912484616762016,1.1892443499292085,0.03382809618710758,0.4103643209755528,0.39693670784246415,-0.1919994419630664,-0.19840788826535738,0.4458048531816662,0.3480685625032621,53
泸州老窖,片仔癀,白酒,中药,4.177960301163586,1.0268421996763448,0.006360140125025948,0.9514882704812074,1.108163847887371,0.02479458876282603,0.4292862534111702,0.4188998050130438,-0.18323422192772976,-0.1880082890424335,0.4458048531816662,0.3919947568444214,53
泸州老窖,云南白药,白酒,中药,4.177960301163586,1.0402563602309884,0.009491278583672713,1.5218316686197615,0.7110729243678271,-0.038505325407771296,0.6938750543348455,0.7216629199003302,-0.08375740992189784,-0.0751055782087725,0.4458048531816662,0.997520986618994,53
泸州老窖,同仁堂,白酒,中药,4.177960301163586,1.0500482583205637,0.011757570115371152,1.1494231021244314,0.9592649936860991,0.04443144758432971,0.519805679219577,0.4976924818013072,-0.14496046809052787,-0.15381123026369292,0.4458048531816662,0.5495801104209482,53
泸州老窖,美的集团,白酒,家电,4.177960301163586,1.0363245214473873,0.008576704641253263,1.9182475167492936,0.5598696228592691,-0.14297565971206727,0.8732647480673459,1.0189497625866226,-0.03191563793998187,0.0045033194405099675,0.4458048531816662,1.5920946719915792,53
泸州老窖,格力电器,白酒,家电,4.177960301163586,1.040340090636323,0.009510726262860203,1.7758846055882325,0.6094469768922268,-0.10342200870539742,0.8118658733215025,0.9055161750616016,-0.04866176609394712,-0.023475700086123874,0.4458048531816662,1.3652274969415372,53
泸州老窖,海尔智家,白酒,家电,4.177960301163586,1.0364081261184124,0.008596179130078596,1.5039992542547274,0.7141903833034449,-0.03466342891699559,0.6766887757271138,0.700987402733475,-0.08924117216720939,-0.08151821599883435,0.4458048531816662,0.9561699522852838,53
泸州老窖,苏泊尔,白酒,家电,4.177960301163586,1.0365896019490397,0.008638447166512409,1.4904190211486035,0.7209502748031105,-0.032655741748193634,0.6733746153327976,0.6961064890690792,-0.09031080360613042,-0.08305301116992492,0.4458048531816662,0.9464081249564923,53
泸州老窖,比亚迪,白酒,汽车,4.177960301163586,1.0671326165071453,0.01567346814686421,1.3955523909858485,0.8160009101549623,0.02779020038701896,0.6269130262046995,0.6099620583740073,-0.1057451313444564,-0.11159301809847799,0.4458048531816662,0.7741192635663485,53
泸州老窖,长城汽车,白酒,汽车,4.177960301163586,1.048852954557424,0.0114817859747256,1.075160742142169,1.023188884382064,0.048154530924747974,0.4863686077432005,0.4640237611853812,-0.15845990768979423,-0.16787995006401557,0.4458048531816662,0.4822426691890962,53
泸州老窖,上汽集团,白酒,汽车,4.177960301163586,1.0478859832264968,0.011258508411489121,1.357636611579968,0.8088062921083676,0.00048643254972002836,0.6385383365105733,0.6382278816947782,-0.10180370298119668,-0.10190824688125644,0.4458048531816662,0.8306509102078902,53
泸州老窖,长安汽车,白酒,汽车,4.177960301163586,1.0739078237735349,0.01721321009866239,1.1136696477275547,1.0355656332335859,0.07227799341206143,0.5084909650900659,0.4742156121958757,-0.1494525870157638,-0.16354146734254071,0.4458048531816662,0.5026263712100852,53
泸州老窖,赛力斯,白酒,汽车,4.177960301163586,1.1992743952628144,0.04445385205499086,1.4255944083234178,1.0088837798013433,0.18240796037984341,0.6329315091401132,0.5352902977215974,-0.10369775792794778,-0.13893184451813623,0.4458048531816662,0.6247757422615287,53
泸州老窖,宁德时代,白酒,电池,4.177960301163586,1.0614734201571072,0.014381642339110101,1.7239083758189595,0.6535879966154029,-0.05150395233365779,0.7673217126809639,0.8089877807808104,-0.06142448930602529,-0.049470075212728726,0.4458048531816662,1.1721707083799544,53
泸州老窖,隆基绿能,白酒,光伏,4.177960301163586,1.0628997680857772,0.014707727917923075,0.6933810782884563,1.6293434481735378,-0.023956020622952767,0.31169530928821654,0.31934555806302267,-0.24347426010847684,-0.2390708451563901,0.4458048531816662,0.1928862629443792,53
泸州老窖,通威股份,白酒,光伏,4.177960301163586,1.0574025672347176,0.013449144616932918,0.7907442364724775,1.4139846205929165,0.019102268131982347,0.35852581014403023,0.3518055266437677,-0.21769895700883812,-0.22123401122302233,0.4458048531816662,0.2578062001058692,53
泸州老窖,阳光电源,白酒,光伏,4.177960301163586,1.1575865129563092,0.03564663721830663,1.8699743198309098,0.7165908754829938,0.03410896924889473,0.837310111781377,0.8096923406336387,-0.04160895191334146,-0.049271998411544726,0.4458048531816662,1.1735798280856111,53
泸州老窖,晶澳科技,白酒,光伏,4.177960301163586,1.089009388185602,0.020618803276432507,0.5980208510693035,1.98311053107234,-0.0706763251438205,0.27227446513671466,0.2929813072704205,-0.26756649750296535,-0.25460329399959036,0.4458048531816662,0.1401577613591748,53
泸州老窖,亿纬锂能,白酒,电池,4.177960301163586,1.087202024866688,0.02021311972044182,1.1361107938864692,1.0403987438854874,0.0859998056700435,0.5080848053028861,0.46784981235738476,-0.1496152466814954,-0.16624285177887366,0.4458048531816662,0.4898947715331034,53
泸州老窖,立讯精密,白酒,电子,4.177960301163586,1.1418247520824734,0.032253825077655174,2.100714478529811,0.6206287326494001,-0.06039542511486251,0.9718270930095881,1.034293700760652,-0.006816691285274068,0.008103287085571065,0.4458048531816662,1.6227825483396379,53
泸州老窖,京东方A,白酒,电子,4.177960301163586,1.0862090117913483,0.01999000808099538,1.8920269341216447,0.6235904975869023,-0.06384872344709924,0.8468277059563895,0.9045842559490824,-0.03901267985067536,-0.023716341743648117,0.4458048531816662,1.3633636587164986,53
泸州老窖,工业富联,白酒,电子,4.177960301163586,1.1411179553474613,0.03210085040189803,4.256625752073664,0.3059113635682003,-0.44339896334891304,1.9552306534645525,3.5128045488895054,0.17408246864141974,0.35083704172261987,0.4458048531816662,6.579804244597344,53
泸州老窖,海康威视,白酒,安防,4.177960301163586,1.0340464852968063,0.008045608851048991,1.5975426546546503,0.6693105380562278,-0.05958717877271391,0.717722817877473,0.7631997370482557,-0.07631674705000357,-0.06263375583014019,0.4458048531816662,1.0805946209148454,53
泸州老窖,大华股份,白酒,安防,4.177960301163586,1.0576904673145013,0.013515182646944846,1.6550572559415249,0.6759337905875406,-0.046827723665444854,0.7503608025672127,0.7872247454077679,-0.06643243940624177,-0.055654090751892316,0.4458048531816662,1.1286446376338697,53
泸州老窖,韦尔股份,白酒,半导体,4.177960301163586,1.1066510406158512,0.02455202271716117,1.3364704667774712,0.916351356905862,0.08607460426405122,0.5992465730388115,0.5517545209934032,-0.11535380544305618,-0.13266562376679325,0.4458048531816662,0.6577041888051403,53
泸州老窖,北方华创,白酒,半导体,4.177960301163586,1.1150235845896643,0.026402017654925114,2.736968108375151,0.4542535919168154,-0.23364050471219178,1.2493869244239366,1.630288307388592,0.054737863797727826,0.1241020807785056,0.4458048531816662,2.814771761595518,53
泸州老窖,中芯国际,白酒,半导体,4.177960301163586,1.184964726423639,0.04145733885967373,2.8870314136171635,0.48636166418050836,-0.17400178560466628,1.301403300728094,1.5755521961760866,0.06508589086938033,0.11495101033128696,0.4458048531816662,2.705299539170507,53
泸州老窖,兆易创新,白酒,半导体,4.177960301163586,1.1893306582904417,0.04237449024293993,2.8685592673660594,0.49310726497500285,-0.17358129755236085,1.3128375090573767,1.5885863971484315,0.06731827195490725,0.11715181307464073,0.4458048531816662,2.731367941115197,53
泸州老窖,科大讯飞,白酒,软件,4.177960301163586,1.1134534170224462,0.02605588078497756,1.5725738446058406,0.7883753860790601,0.04249548162396555,0.7170937743212373,0.6878627168764051,-0.07651057997075572,-0.08566394318146575,0.4458048531816662,0.929920580571144,53
泸州老窖,恒生电子,白酒,软件,4.177960301163586,1.1068190622999943,0.024589253251240173,1.3332022361494178,0.9188766741112352,0.08946317588986363,0.5898266848017223,0.5413920340354388,-0.11870236693995007,-0.1365926682522306,0.4458048531816662,0.6369792148892113,53
泸州老窖,浪潮信息,白酒,服务器,4.177960301163586,1.2354275871717484,0.05190515604043888,3.283534410114609,0.46482878889389634,-0.17103726449340784,1.430336949671146,1.7254538574608478,0.08944262806343395,0.13947056720377615,0.4458048531816662,3.0051028617400295,53
泸州老窖,分众传媒,白酒,传媒,4.177960301163586,1.028466919079657,0.0067410327784511725,1.4838281495260057,0.7128481852693571,-0.04293357658490515,0.6734756138928893,0.7036874321530684,-0.09027814765051023,-0.08067268548195716,0.4458048531816662,0.9615700111244705,53
泸州老窖,紫金矿业,白酒,有色,4.177960301163586,1.0740149950741416,0.017237506541494696,2.933373356143635,0.39323606973800634,-0.3125467177195861,1.3229611751174786,1.924437935228069,0.06928247624189443,0.16962998824499298,0.4458048531816662,3.403071017274472,53
泸州老窖,中国神华,白酒,煤炭,4.177960301163586,1.0535765412526994,0.012570236016171021,1.9117068010561136,0.580645278692723,-0.1214422909382693,0.8749728857972364,0.9959196496399505,-0.03146273721180437,-0.000978156179291867,0.4458048531816662,1.546034446098235,53
泸州老窖,陕西煤业,白酒,煤炭,4.177960301163586,1.058969248874254,0.013808342247509042,1.8980493846490367,0.5908254438114421,-0.11006462651080173,0.8669467608843956,0.9741682224466812,-0.033596686121277086,-0.0062445490537269555,0.4458048531816662,1.5025315917116964,53
泸州老窖,长江电力,白酒,电力,4.177960301163586,1.0521387025639466,0.012239310344910104,1.735880139136559,0.6377144507129241,-0.07876385926849172,0.7953665915836631,0.8633688545394036,-0.0533255190055516,-0.03455280838616315,0.4458048531816662,1.280932855897141,53
泸州老窖,万华化学,白酒,化工,4.177960301163586,1.0319374988162642,0.007553130939289554,1.4257781793667752,0.7468868698328055,-0.024074895676886254,0.6447978016690251,0.6607041860207569,-0.09970406555101363,-0.09443742587675519,0.4458048531816662,0.8756035188598476,53
泸州老窖,海螺水泥,白酒,建材,4.177960301163586,1.0330579323838291,0.007814863108688508,1.284069566842005,0.8311143875840054,0.00506501506807977,0.5833620627764403,0.5804222155090388,-0.1210240090103627,-0.12208627516594306,0.4458048531816662,0.7150395778364116,53
泸州老窖,宝钢股份,白酒,钢铁,4.177960301163586,1.035438114486729,0.008370155528606649,1.5582480670401366,0.6880368483102486,-0.05487653793562142,0.7130969102401452,0.7545013311621414,-0.07774520110919803,-0.06520200731449632,0.4458048531816662,1.0631978091426164,53
泸州老窖,洛阳钼业,白酒,有色,4.177960301163586,1.0921965288992108,0.021332947667166424,2.876273828356993,0.414735636773811,-0.28611219878382066,1.3093603521902075,1.8341262449919735,0.06664097226530052,0.1562509779695056,0.4458048531816662,3.222447636802281,53
泸州老窖,三一重工,白酒,机械,4.177960301163586,1.047505035333998,0.011170502979467756,1.603082024853549,0.6844732721336092,-0.04909236788808291,0.7307914825305463,0.7685199464720835,-0.0723187067315596,-0.06107388986929441,0.4458048531816662,1.0912350397625008,53
泸州老窖,汇川技术,白酒,机械,4.177960301163586,1.0617916460688859,0.014454422661580812,1.508185832724582,0.7475216085440813,0.0069339545826434534,0.6581397649317765,0.6536076789709251,-0.0952799425798686,-0.09677504329771869,0.4458048531816662,0.861410504760184,53
泸州老窖,中航沈飞,白酒,军工,4.177960301163586,1.0693998855572648,0.016189556225880697,1.6609933140689577,0.6885133766302524,-0.03618099272283126,0.7588847745554023,0.7873727005024369,-0.06390497304577158,-0.0556116124702275,0.4458048531816662,1.1289405478232077,53
泸州老窖,顺丰控股,白酒,交运,4.177960301163586,1.036514712586871,0.008621005160714068,1.239281018962569,0.8669242350765752,0.01802106231506939,0.5592107163221143,0.5493115388501097,-0.12987453647075242,-0.1335863473345016,0.4458048531816662,0.6528182245185533,53
泸州老窖,京沪高铁,白酒,交运,4.177960301163586,1.0543505846966041,0.012748243712032092,1.6080656930163164,0.6912995907305831,-0.04007085847761671,0.7302284234861465,0.7607107565544402,-0.07248983519586982,-0.06336635706922522,0.4458048531816662,1.0756166599272141,53
泸州老窖,中国中免,白酒,免税,4.177960301163586,1.0411552952799574,0.009700007929181353,0.8295662438808363,1.3067122208569615,0.01563254478278342,0.3710998585249712,0.3653879155717086,-0.21121783140720074,-0.2141409325309298,0.4458048531816662,0.284970977961751,53
泸州老窖,上海机场,白酒,交运,4.177960301163586,1.0401589740517694,0.009468657642338396,1.1093495565949076,0.9752838362520835,0.0368756078280601,0.5030793653733332,0.4851877713924932,-0.15162800120947573,-0.15894938896624533,0.4458048531816662,0.5245706896033202,53
泸州老窖,万科A,白酒,地产,4.177960301163586,1.0314215293385383,0.00743252828442853,1.0190931870560889,1.0438990120777818,0.03158562827612066,0.4632296386604465,0.4490462313192052,-0.1682210265958477,-0.1743890747777539,0.4458048531816662,0.45228760945674423,53
泸州老窖,中国建筑,白酒,建筑,4.177960301163586,1.0411478017127889,0.009698268517702946,1.5265560946893901,0.7100877254248119,-0.03882516639408251,0.6966780652978225,0.7248192950331251,-0.082872857623417,-0.07413894680885613,0.4458048531816662,1.0038337368845842,53
泸州老窖,保利发展,白酒,地产,4.177960301163586,1.0311502411032116,0.007369098990440914,1.0871823956215665,0.9780059206342425,0.028738597940202615,0.4934704112448643,0.4796849386548906,-0.1555349763875774,-0.1612424525917766,0.4458048531816662,0.513565024128115,53
泸州老窖,牧原股份,白酒,养殖,4.177960301163586,1.0505485688161145,0.011872932393618196,1.3373742177487067,0.8252382024377888,0.018689392962067064,0.6011328920942737,0.5901042027603188,-0.11468807930027025,-0.11860313596246241,0.4458048531816662,0.7344035523389715,53
泸州老窖,中国移动,白酒,通信,4.177960301163586,1.0633448517207704,0.014809412900641972,2.175160212096608,0.5198248236580231,-0.1689499499674767,0.9852652928957406,1.1855667331434274,-0.0035467070683113944,0.04158395503623735,0.4458048531816662,1.9253286131051888,53
泸州老窖,中兴通讯,白酒,通信,4.177960301163586,1.0864031735574067,0.02003364483099701,1.8705248341195608,0.6309843280274586,-0.0630434537211737,0.8460830106415497,0.9030120062683955,-0.039215020068887,-0.024122758387149168,0.4458048531816662,1.3602191593551247,53
山西汾酒,洋河股份,白酒,白酒,4.177960301163586,1.0212735248742,0.005051154283113313,0.911210051469321,1.1446313733338895,0.016881743661483428,0.42562617498579414,0.41856014982946105,-0.18490642754195952,-0.18816592284248113,0.45814927024845115,0.37897102941047095,53
山西汾酒,伊利股份,白酒,乳品,4.177960301163586,1.0318229424262244,0.0075263585020031165,1.3972683890251778,0.7619571106592373,-0.02141739674695864,0.6574329946081416,0.6718216657670778,-0.09551258426596387,-0.09081338986770293,0.45814927024845115,0.8854940612857044,53
山西汾酒,海天味业,白酒,调味品,4.177960301163586,1.032779989480513,0.007749956068240138,1.0930424802841838,0.9758399384386696,0.029588867539442454,0.514289972266926,0.499510035977758,-0.14714089803223007,-0.15307260033631287,0.45814927024845115,0.5408708017070649,53
山西汾酒,双汇发展,白酒,肉制品,4.177960301163586,1.0302733096526042,0.007163978743296662,1.5072045901331845,0.7042594612113904,-0.04759733982196812,0.7059616254179333,0.7412428114028665,-0.07996242066374126,-0.06916033226413443,0.45814927024845115,1.024336352557282,53
山西汾酒,青岛啤酒,白酒,啤酒,4.177960301163586,1.0304397967337757,0.007202931417338965,1.185269147089239,0.8958354963514474,0.01735918949195292,0.5550592940009853,0.5455883229188404,-0.13142502594690741,-0.134995581093851,0.45814927024845115,0.6330273755892296,53
山西汾酒,招商银行,白酒,银行,4.177960301163586,1.0360966292202767,0.008523614401403368,1.6556931824048335,0.6483666397190847,-0.07863511671785361,0.7787877001778019,0.8452543767497989,-0.05808649772689867,-0.03944032642465045,0.45814927024845115,1.2323594832511466,53
山西汾酒,工商银行,白酒,银行,4.177960301163586,1.0469201809998043,0.011035344306796757,1.918929271887719,0.5711736651484021,-0.1329072671535001,0.9046503322232485,1.0433143975886572,-0.02369927321176324,0.01020078393689361,0.45814927024845115,1.628479524928863,53
山西汾酒,兴业银行,白酒,银行,4.177960301163586,1.040442872976345,0.009534597420290947,1.5854006713339608,0.6828061773283055,-0.05577206784351074,0.7468008462345233,0.7909116229266072,-0.0674944799285847,-0.054597383633712915,0.45814927024845115,1.1236739756047633,53
山西汾酒,宁波银行,白酒,银行,4.177960301163586,1.0413970134201243,0.009756110587359146,1.5789783589249735,0.686841420865785,-0.05805148490050405,0.7545936645072404,0.801098629501565,-0.06517462741755042,-0.05169700651119902,0.45814927024845115,1.1440479887546788,53
山西汾酒,中国平安,白酒,保险,4.177960301163586,1.039528386269215,0.00932214519565866,1.751632458581468,0.6169212385654244,-0.09354474580777294,0.8137839677016202,0.8977651835961948,-0.04812428095490062,-0.025482936165723835,0.45814927024845115,1.3373810969439386,53
山西汾酒,中国太保,白酒,保险,4.177960301163586,1.056380615587316,0.013214620593930082,1.8711919671883261,0.5963792195332371,-0.10290798769238041,0.8711811839104384,0.9711168664510457,-0.03246899354306032,-0.006990468869377264,0.45814927024845115,1.4840844626536402,53
山西汾酒,中国人寿,白酒,保险,4.177960301163586,1.0572391901554272,0.01341166337774502,1.7532832177239381,0.6375209058645646,-0.07207758911315998,0.8166980003497423,0.8801360876381921,-0.04730955677828741,-0.030097826868492383,0.45814927024845115,1.302122905027933,53
山西汾酒,中信证券,白酒,券商,4.177960301163586,1.0494129547151783,0.011611020672429584,1.801615369057714,0.6112667378609392,-0.09283726388284097,0.8359827013595086,0.921535539409042,-0.04197283288381337,-0.019368308934314626,0.45814927024845115,1.3849218085696329,53
山西汾酒,东方财富,白酒,券商,4.177960301163586,1.0775126367134422,0.018029434749605944,1.5354157458488098,0.7561688001547172,0.010890791772063979,0.7084185276892115,0.700786408833909,-0.07919704614489942,-0.0815812574594118,0.45814927024845115,0.9434235474193667,53
山西汾酒,恒瑞医药,白酒,医药,4.177960301163586,1.0681208556843567,0.015898518949459817,1.6874828709649528,0.6760851810575667,-0.03151073666563131,0.7673797590816466,0.792347203147786,-0.06140749551698477,-0.05418694105219091,0.45814927024845115,1.1265451360471208,53
山西汾酒,迈瑞医疗,白酒,医药,4.177960301163586,1.0428391798889072,0.010090631008499162,1.1756171115782117,0.925057609659519,0.03365010629357079,0.5463382612041183,0.5285524162167026,-0.13471114312982224,-0.14153857878639564,0.45814927024845115,0.598955562184954,53
山西汾酒,药明康德,白酒,医药,4.177960301163586,1.117475430491098,0.026941776068633017,1.9260307577055462,0.6483548265028151,-0.03978784689365,0.9011746446272697,0.9385161828163807,-0.024598387413784395,-0.015073319182226541,0.45814927024845115,1.4188830953843103,53
山西汾酒,爱尔眼科,白酒,医药,4.177960301163586,1.0394773683600962,0.009310288602926597,0.8961271973061936,1.2057587389166533,0.02980447559980326,0.415123366238044,0.40310891637585666,-0.189766431190721,-0.1954419931805066,0.45814927024845115,0.3480685625032621,53
山西汾酒,片仔癀,白酒,中药,4.177960301163586,1.0321229715155649,0.007596472102348928,0.9412577546197323,1.1317599489637047,0.029096825377605606,0.43744025969750416,0.4250720135464363,-0.1795474750478584,-0.18516056360547162,0.45814927024845115,0.3919947568444214,53
山西汾酒,云南白药,白酒,中药,4.177960301163586,1.0353689085593782,0.00835402361603399,1.4907291692463025,0.7191036433220291,-0.03803938413252228,0.7001487283980885,0.7278351284337226,-0.08178135613062654,-0.07321834253435255,0.45814927024845115,0.997520986618994,53
山西汾酒,同仁堂,白酒,中药,4.177960301163586,1.0481871225136283,0.011328059479748465,1.1292416172144453,0.9729505422529566,0.04400596974519422,0.5260377446532402,0.5038646903346997,-0.1425179267059664,-0.1513112070013044,0.45814927024845115,0.5495801104209482,53
山西汾酒,美的集团,白酒,家电,4.177960301163586,1.0390486757387205,0.009210642689644999,1.8928759614677937,0.5703607486869964,-0.1341088672719707,0.8876440247575001,1.0251219711200152,-0.028123904029409785,0.005956356731259493,0.45814927024845115,1.5920946719915792,53
山西汾酒,格力电器,白酒,家电,4.177960301163586,1.037323435139509,0.008809308902256285,1.7427335414186471,0.6174437362430614,-0.09981124235703731,0.8206916333858986,0.9116883835949942,-0.04619657504818575,-0.021886640068641272,0.45814927024845115,1.3652274969415372,53
山西汾酒,海尔智家,白酒,家电,4.177960301163586,1.029814517643659,0.007056611244040889,1.47079862095307,0.7210490448124245,-0.03607988640400095,0.6816453728228614,0.7071596112668674,-0.08764886308557895,-0.0795889712784813,0.45814927024845115,0.9561699522852838,53
山西汾酒,苏泊尔,白酒,家电,4.177960301163586,1.0350980087125394,0.00829086892889408,1.464739529316214,0.7314801479692707,-0.029339700608071007,0.6816740508713892,0.7022786976024717,-0.08763967591322552,-0.08111353072010297,0.45814927024845115,0.9464081249564923,53
山西汾酒,比亚迪,白酒,汽车,4.177960301163586,1.0704357867486707,0.01642507670715254,1.3777352291418723,0.8316785034711873,0.03469877341657135,0.637513370229005,0.6161342669073998,-0.10214900160993934,-0.10944953180970451,0.45814927024845115,0.7741192635663485,53
山西汾酒,长城汽车,白酒,汽车,4.177960301163586,1.0498843675252083,0.011719770860470824,1.0591992250585398,1.0406514271315552,0.049687723306154785,0.49355893696182923,0.47019596971877364,-0.15549871903714763,-0.16524400406552398,0.45814927024845115,0.4822426691890962,53
山西汾酒,上汽集团,白酒,汽车,4.177960301163586,1.0433429470932518,0.01020740034444012,1.330374730584379,0.8182390120797548,0.000295632849298455,0.644590596062933,0.6444000902281707,-0.09977332069207212,-0.09983700914636862,0.45814927024845115,0.8306509102078902,53
山西汾酒,长安汽车,白酒,汽车,4.177960301163586,1.0780864716936882,0.018159174401311873,1.1003234432771611,1.0562988978834114,0.07729215840628112,0.517518032265523,0.4803878207292682,-0.14586265819487576,-0.16094844629612037,0.45814927024845115,0.5026263712100852,53
山西汾酒,赛力斯,白酒,汽车,4.177960301163586,1.1989916503812146,0.044394907990059185,1.4027199479750818,1.0248524516665718,0.18471552222498477,0.6414790358631295,0.5414625062549899,-0.10081535175240697,-0.13656576925980313,0.45814927024845115,0.6247757422615287,53
山西汾酒,宁德时代,白酒,电池,4.177960301163586,1.069178402011719,0.016139177641037783,1.7089628653137414,0.6689100614942082,-0.03881637298728824,0.7835184351246688,0.8151599893142027,-0.05672016863478879,-0.047739287839777766,0.45814927024845115,1.1721707083799544,53
山西汾酒,隆基绿能,白酒,光伏,4.177960301163586,1.0633959511401359,0.014821085136998091,0.6827348451192122,1.656295935362408,-0.028822280612287532,0.3161356021832882,0.3255177665964152,-0.24090858918532843,-0.23557629379972922,0.45814927024845115,0.1928862629443792,53
山西汾酒,通威股份,白酒,光伏,4.177960301163586,1.059558792006663,0.01394340383608439,0.7798267469894564,1.439633659723392,0.017414585924940384,0.3642117692056183,0.35797773517716014,-0.21474713807688117,-0.2179853627978834,0.45814927024845115,0.2578062001058692,53
山西汾酒,阳光电源,白酒,光伏,4.177960301163586,1.1629314118814422,0.036789178954927504,1.8489010891933748,0.7314666407225625,0.04521466276866537,0.8527535896225276,0.8158645491670311,-0.03740737037152786,-0.04754235239777482,0.45814927024845115,1.1735798280856111,53
山西汾酒,晶澳科技,白酒,光伏,4.177960301163586,1.1061930719474242,0.02445052339508269,0.5978510960056528,2.0467690376416225,-0.06272936792909112,0.2803878048436744,0.299153515803813,-0.26240076449293037,-0.2508744613606183,0.45814927024845115,0.1401577613591748,53
山西汾酒,亿纬锂能,白酒,电池,4.177960301163586,1.0951598288970932,0.021995515281234113,1.1263291687696042,1.064853050143504,0.09456183754680558,0.5188464142238595,0.4740220208907773,-0.1453384095192154,-0.16362321165525961,0.45814927024845115,0.4898947715331034,53
山西汾酒,立讯精密,白酒,电子,4.177960301163586,1.1512126421278754,0.034278881456797805,2.084493370574292,0.635785446048177,-0.045259135760791214,0.9933753214508302,1.0404659092940445,-0.0015896356874471884,0.009539947349812339,0.45814927024845115,1.6227825483396379,53
山西汾酒,京东方A,白酒,电子,4.177960301163586,1.0951398820050602,0.0219910598943589,1.8774176680932584,0.638819683835255,-0.04964656112219379,0.8655405380011125,0.9107564644824748,-0.03397211175591175,-0.02212604086233716,0.45814927024845115,1.3633636587164986,53
山西汾酒,工业富联,白酒,电子,4.177960301163586,1.1788726257844155,0.0401732657833862,4.327919806459685,0.32111054039161485,-0.41805841868127835,2.0478388988385086,3.5189767574228976,0.18715939689691496,0.35140476308960467,0.45814927024845115,6.579804244597344,53
山西汾酒,海康威视,白酒,安防,4.177960301163586,1.0408577212238668,0.009630927533465616,1.5826364388617933,0.6845443269399848,-0.048055589098153884,0.7323993235011294,0.7693719455816482,-0.07183059300787897,-0.06082485046408259,0.45814927024845115,1.0805946209148454,53
山西汾酒,大华股份,白酒,安防,4.177960301163586,1.070185896159009,0.016368277940316256,1.6481284194694095,0.6949081387155334,-0.02987201462130462,0.7696965885325315,0.7933969539411604,-0.06073001249821386,-0.05388716774232094,0.45814927024845115,1.1286446376338697,53
山西汾酒,韦尔股份,白酒,半导体,4.177960301163586,1.105473181452002,0.024290909864390864,1.3139361856991703,0.9300839479196807,0.08768674172296809,0.606849506559152,0.5579267295267957,-0.11268020944671198,-0.13035314698527156,0.45814927024845115,0.6577041888051403,53
山西汾酒,北方华创,白酒,半导体,4.177960301163586,1.112195410878025,0.025778290594689945,2.6868546603272825,0.46038166866363506,-0.22795270713281235,1.2634249112016096,1.6364605159219847,0.05756235648488239,0.12511925002023405,0.45814927024845115,2.814771761595518,53
山西汾酒,中芯国际,白酒,半导体,4.177960301163586,1.188290964467382,0.04215631435278233,2.8493531176964604,0.4955635043845921,-0.1635468341654136,1.3230383857970704,1.5817244047094792,0.06929741273961021,0.11599489666614415,0.45814927024845115,2.705299539170507,53
山西汾酒,兆易创新,白酒,半导体,4.177960301163586,1.2156244131091696,0.047844516851096586,2.885612556244068,0.5121071124220684,-0.14695734311888187,1.3603971180748506,1.5947586056818241,0.07644799331277241,0.118189190684995,0.45814927024845115,2.731367941115197,53
山西汾酒,科大讯飞,白酒,软件,4.177960301163586,1.1366369113623993,0.031129320609958988,1.5799310841347591,0.8177214064871574,0.06929794450097915,0.742130119152587,0.6940349254097976,-0.06889375277792065,-0.0837068860373249,0.45814927024845115,0.929920580571144,53
山西汾酒,恒生电子,白酒,软件,4.177960301163586,1.1198838216731835,0.02747109189561936,1.3276077119603693,0.9446614107065177,0.1048677890857097,0.6049860940694157,0.5475642425688312,-0.1133331169535653,-0.13424678961525183,0.45814927024845115,0.6369792148892113,53
山西汾酒,浪潮信息,白酒,服务器,4.177960301163586,1.2823150327298776,0.06132568325630938,3.354257528143894,0.49022230087232793,-0.1308980798182544,1.5049595389923565,1.7316260659942404,0.10278484112568842,0.14044485224009717,0.45814927024845115,3.0051028617400295,53
山西汾酒,分众传媒,白酒,传媒,4.177960301163586,1.0322002705411033,0.0076145335490671595,1.4656647396795623,0.7269311798672752,-0.03467645216492088,0.6852442268123888,0.7098596406864608,-0.08649823966419667,-0.07874904947681727,0.45814927024845115,0.9615700111244705,53
山西汾酒,紫金矿业,白酒,有色,4.177960301163586,1.0749053749306747,0.017439290273664643,2.889379753226779,0.3998856722673826,-0.3047258723873034,1.342303283463973,1.9306101437614616,0.07300368354179843,0.17052678036748325,0.45814927024845115,3.403071017274472,53
山西汾酒,中国神华,白酒,煤炭,4.177960301163586,1.044949547137877,0.010579511542281095,1.866069900381062,0.58514397335313,-0.12204091497641234,0.8797956509114551,1.0020918581733431,-0.030187634677187547,0.0005002910062854582,0.45814927024845115,1.546034446098235,53
山西汾酒,陕西煤业,白酒,煤炭,4.177960301163586,1.0514469109254854,0.012079968502874294,1.8547650387791794,0.5960542620656797,-0.10982473385177383,0.8726748040635539,0.9803404309800737,-0.0320722140042935,-0.004741137257541994,0.45814927024845115,1.5025315917116964,53
山西汾酒,长江电力,白酒,电力,4.177960301163586,1.0497795257754494,0.011695588136758639,1.704598998443509,0.6465080958885998,-0.07474510568592241,0.8045471244151705,0.869541063072796,-0.05072153047630146,-0.03290528743776011,0.45814927024845115,1.280932855897141,53
山西汾酒,万华化学,白酒,化工,4.177960301163586,1.035116982903679,0.008295292777903196,1.4075550724876111,0.7612257518293631,-0.016757612840692326,0.6557011381216141,0.6668763945541494,-0.09608345028118759,-0.09241975486338139,0.45814927024845115,0.8756035188598476,53
山西汾酒,海螺水泥,白酒,建材,4.177960301163586,1.0317279356144249,0.007504153189923812,1.2621368848258414,0.8433812100135913,0.00691209179857788,0.5906490185499466,0.5865944240424313,-0.11840843157888148,-0.11986073718002876,0.45814927024845115,0.7150395778364116,53
山西汾酒,宝钢股份,白酒,钢铁,4.177960301163586,1.0332020522651977,0.007848513694373116,1.5302947992420994,0.6975822445019837,-0.05164877947079116,0.721385679794533,0.7606735396955338,-0.07519063578042673,-0.06337732522686912,0.45814927024845115,1.0631978091426164,53
山西汾酒,洛阳钼业,白酒,有色,4.177960301163586,1.1011420696710938,0.023328946957097196,2.8539751388367365,0.4248508829315709,-0.2727792750860498,1.3383031754307382,1.8402984535253661,0.07223746832037992,0.1571811088643178,0.45814927024845115,3.222447636802281,53
山西汾酒,三一重工,白酒,机械,4.177960301163586,1.0472608413558966,0.011114077218802976,1.5773638473423837,0.695308993980891,-0.043869475314557316,0.740706816635082,0.774692155005476,-0.06932148218638312,-0.05927447953546594,0.45814927024845115,1.0912350397625008,53
山西汾酒,汇川技术,白酒,机械,4.177960301163586,1.0559980114401801,0.013126773738461495,1.4762368627999891,0.7553881279258506,0.005665779682812344,0.6635180549860678,0.6597798875043176,-0.09351581264829001,-0.09474080839527776,0.45814927024845115,0.861410504760184,53
山西汾酒,中航沈飞,白酒,军工,4.177960301163586,1.0677036495935306,0.015803528314772608,1.6321342214669325,0.6984665037724296,-0.032009252139099,0.7681441299588032,0.7935449090358294,-0.06118380781669286,-0.05384494103484572,0.45814927024845115,1.1289405478232077,53
山西汾酒,顺丰控股,白酒,交运,4.177960301163586,1.0366708048442255,0.008657358534108983,1.2198672941569055,0.8809862865936815,0.02073662766798301,0.5670026070286098,0.5554837473835023,-0.1269878734850236,-0.13126609540882517,0.45814927024845115,0.6528182245185533,53
山西汾酒,京沪高铁,白酒,交运,4.177960301163586,1.050921207378352,0.011958828751548412,1.577488827944166,0.7001224760221655,-0.037800536893128234,0.7378943772733184,0.7668829650878326,-0.07016851514428346,-0.06155296963344403,0.45814927024845115,1.0756166599272141,53
山西汾酒,中国中免,白酒,免税,4.177960301163586,1.038329098138144,0.009043312742127885,0.8142316445993316,1.3241039244684452,0.00975693486001239,0.37518541203257266,0.3715601241051011,-0.20914796487359877,-0.2109837829805008,0.45814927024845115,0.284970977961751,53
山西汾酒,上海机场,白酒,交运,4.177960301163586,1.0392882322008246,0.009266329383246896,1.0908928524038695,0.9901247654258476,0.03710338334287533,0.5095910976204233,0.49135997992588565,-0.14901249961436536,-0.15640081123609917,0.45814927024845115,0.5245706896033202,53
山西汾酒,万科A,白酒,地产,4.177960301163586,1.0298984804608775,0.007076263123955373,1.0014966843651767,1.059105733063879,0.030115756702679297,0.4689276876337718,0.4552184398525977,-0.1657834876070048,-0.17168696733018207,0.45814927024845115,0.45228760945674423,53
山西汾酒,中国建筑,白酒,建筑,4.177960301163586,1.0423946009494827,0.009987545407415865,1.5042150407774901,0.7223611482617555,-0.03262520346100495,0.7071427570343941,0.7309915035665177,-0.07959422192731169,-0.0722579392158691,0.45814927024845115,1.0038337368845842,53
山西汾酒,保利发展,白酒,地产,4.177960301163586,1.0305483919768523,0.0072283366656573644,1.0693656911178242,0.9931401362764127,0.029079385628797194,0.4999855745318785,0.4858571471882831,-0.15287968524530726,-0.15867180765157818,0.45814927024845115,0.513565024128115,53
山西汾酒,牧原股份,白酒,养殖,4.177960301163586,1.0400325887692519,0.009439298363476789,1.3030502129423724,0.8301044541173861,0.01179850587657616,0.603311582036424,0.5962764112937113,-0.11392114323357982,-0.11640528331621025,0.45814927024845115,0.7344035523389715,53
山西汾酒,中国移动,白酒,通信,4.177960301163586,1.0557734949929138,0.013075212936340952,2.1255203404953322,0.5244163753661335,-0.1678213339329685,0.991739722784752,1.19173894167682,-0.001983349171230664,0.042879302916910556,0.45814927024845115,1.9253286131051888,53
山西汾酒,中兴通讯,白酒,通信,4.177960301163586,1.1111093938531214,0.025538459175848516,1.8828107310570341,0.6557027027435468,-0.03511977385961018,0.8772538707812219,0.9091842148017879,-0.030858997547934086,-0.022530358940129114,0.45814927024845115,1.3602191593551247,53
洋河股份,伊利股份,白酒,乳品,4.177960301163586,1.0142236695929836,0.003386188512511934,1.5393308292174368,0.6682446894704248,-0.07068332561351354,0.5875442464817884,0.6322325453480877,-0.11951983929825316,-0.10393477008391572,0.37897102941047095,0.8854940612857044,53
洋河股份,海天味业,白酒,调味品,4.177960301163586,1.0136905057811119,0.0032599134536854812,1.2024254972200235,0.8545797173184351,-0.002109260258027379,0.45895082264974424,0.4599209155587679,-0.17006647628930915,-0.1696469324583325,0.37897102941047095,0.5408708017070649,53
洋河股份,双汇发展,白酒,肉制品,4.177960301163586,1.013647238019714,0.0032496636570613635,1.6619967574063819,0.6182206545026133,-0.09990175454733752,0.6315572561699718,0.7016536909838764,-0.10416394377243376,-0.08130933389050288,0.37897102941047095,1.024336352557282,53
洋河股份,青岛啤酒,白酒,啤酒,4.177960301163586,1.0197271445741916,0.00468669556584822,1.3146250649843514,0.7909810006504113,-0.012925873980112579,0.4994587205742998,0.5059992024998503,-0.15309342616890098,-0.15045205437422526,0.37897102941047095,0.6330273755892296,53
洋河股份,招商银行,白酒,银行,4.177960301163586,1.0176250155491866,0.00419058039568343,1.8225982372419214,0.5681782474664097,-0.1367929976612926,0.6954558908057638,0.8056652563308088,-0.08325820843537357,-0.0504059272356866,0.37897102941047095,1.2323594832511466,53
洋河股份,工商银行,白酒,银行,4.177960301163586,1.0198418200554378,0.004713737288823516,2.0950856625844225,0.4964366643848757,-0.20176678316500074,0.8012068568137445,1.003725277169667,-0.05166634374135415,0.0008903891821545606,0.37897102941047095,1.628479524928863,53
洋河股份,兴业银行,白酒,银行,4.177960301163586,1.0169430740803225,0.004029470625820375,1.7367648174881645,0.5954595610795667,-0.11670024616089147,0.6636429815187612,0.7513225025076171,-0.09347496502719943,-0.06614619348486683,0.37897102941047095,1.1236739756047633,53
洋河股份,宁波银行,白酒,银行,4.177960301163586,1.027710639325973,0.006563790590428553,1.7464424307308557,0.6047660888208054,-0.11115193098929499,0.6768662566813366,0.7615095090825749,-0.08918400343703181,-0.06313105552788045,0.37897102941047095,1.1440479887546788,53
洋河股份,中国平安,白酒,保险,4.177960301163586,1.0210009822827257,0.004986950554728642,1.9282190222272848,0.5406247909628883,-0.15299401478693186,0.7268802618776805,0.8581760631772047,-0.0735095078223208,-0.03594585141840145,0.37897102941047095,1.3373810969439386,53
洋河股份,中国太保,白酒,保险,4.177960301163586,1.0352796944706384,0.008333226587677212,2.055318772259446,0.5214782544923513,-0.16651755537712598,0.7764120229968334,0.9315277460320556,-0.058775022424472634,-0.016833719496579524,0.37897102941047095,1.4840844626536402,53
洋河股份,中国人寿,白酒,保险,4.177960301163586,1.0382489561888602,0.009024671144690855,1.9297626540088688,0.5585976559282629,-0.1322989678896055,0.7293434709933635,0.840546967219202,-0.07275899850500278,-0.04072347373514462,0.37897102941047095,1.302122905027933,53
洋河股份,中信证券,白酒,券商,4.177960301163586,1.025742335958044,0.0061020322356726275,1.9736834954155733,0.5330881786368322,-0.15740101752730506,0.7431271552364548,0.8819464189900519,-0.06859449602307488,-0.029620701614078593,0.37897102941047095,1.3849218085696329,53
洋河股份,东方财富,白酒,券商,4.177960301163586,1.0631134281649568,0.014756545305172342,1.6978792213139553,0.6656599285489808,-0.0385272975554507,0.6357231437413001,0.6611972884149189,-0.10275312129565795,-0.0942757069045943,0.37897102941047095,0.9434235474193667,53
洋河股份,恒瑞医药,白酒,医药,4.177960301163586,1.0426454122930517,0.010045705754839318,1.8462018703375498,0.5888356377718253,-0.09465804603291306,0.6815034734822061,0.7527580827287959,-0.08769432565552504,-0.06571941718747465,0.37897102941047095,1.1265451360471208,53
洋河股份,迈瑞医疗,白酒,医药,4.177960301163586,1.0260447780153323,0.006173028079314857,1.296398278211482,0.8120713396387235,-0.00023985011766025632,0.48884601789368387,0.48896329579771247,-0.15743589995890817,-0.15738752249103016,0.37897102941047095,0.598955562184954,53
洋河股份,药明康德,白酒,医药,4.177960301163586,1.08558885500916,0.019850591628108427,2.097076062510303,0.5619744477505372,-0.11444032296308193,0.7960535590563788,0.8989270623973906,-0.05312987678768544,-0.02518121237682125,0.37897102941047095,1.4188830953843103,53
洋河股份,爱尔眼科,白酒,医药,4.177960301163586,1.0271945555778934,0.00644278392708153,0.9925008804144676,1.0631009763621018,0.026300516888736913,0.3730805544898203,0.36351979595686656,-0.21021219710992323,-0.21510448874665944,0.37897102941047095,0.3480685625032621,53
洋河股份,片仔癀,白酒,中药,4.177960301163586,1.0181057503127302,0.0043041054122605615,1.0406233948661316,0.9960753563042759,0.01797310628616966,0.392411218137126,0.3854828931274462,-0.2006048634865546,-0.2040059754012643,0.37897102941047095,0.3919947568444214,53
洋河股份,云南白药,白酒,中药,4.177960301163586,1.0146594413786243,0.0034893596502825197,1.6373725404862203,0.6287718625555186,-0.09354368106670108,0.6238649429455722,0.6882460080147325,-0.10678773962072186,-0.08554202273960199,0.37897102941047095,0.997520986618994,53
洋河股份,同仁堂,白酒,中药,4.177960301163586,1.0273020656528689,0.0064679957327156146,1.2404229378931317,0.8507981446128133,0.009816321059283872,0.46883304796998426,0.4642755699157096,-0.1658237885421434,-0.1677718906453579,0.37897102941047095,0.5495801104209482,53
洋河股份,美的集团,白酒,家电,4.177960301163586,1.0199801167967029,0.004746346084838482,2.082579266601002,0.4995533449051361,-0.1960828976098603,0.7922867136458622,0.985532850701025,-0.05420422401065905,-0.0034819462647844857,0.37897102941047095,1.5920946719915792,53
洋河股份,格力电器,白酒,家电,4.177960301163586,1.0177450840669249,0.004218938273139017,1.9163700967648964,0.5405036625706993,-0.1605547255541746,0.7320796053207829,0.8720992631760041,-0.07192758914862196,-0.03222504496932266,0.37897102941047095,1.3652274969415372,53
洋河股份,海尔智家,白酒,家电,4.177960301163586,1.0256878957106645,0.006089251133899687,1.6418482191773796,0.6407630419908582,-0.07508548237689161,0.6174456385219862,0.6675704908478773,-0.10899622380506957,-0.09219374714968254,0.37897102941047095,0.9561699522852838,53
洋河股份,苏泊尔,白酒,家电,4.177960301163586,1.0160100782291495,0.0038089156732212803,1.6113894530647566,0.6406126570456822,-0.08180920201029152,0.6084754716935635,0.6626895771834816,-0.11211174409693858,-0.09378685077987847,0.37897102941047095,0.9464081249564923,53
洋河股份,比亚迪,白酒,汽车,4.177960301163586,1.0431417887121934,0.010160778534263004,1.5047767042892928,0.7231270847401947,-0.01997840945827256,0.5650266914806845,0.5765451464884097,-0.12771702148493225,-0.12349346692056695,0.37897102941047095,0.7741192635663485,53
洋河股份,长城汽车,白酒,汽车,4.177960301163586,1.0315049256311457,0.007452024434433824,1.1663558260902838,0.9122451209147169,0.024064749052542966,0.44096929506848903,0.43060684929978355,-0.17796805325456144,-0.1826335342990747,0.37897102941047095,0.4822426691890962,53
洋河股份,上汽集团,白酒,汽车,4.177960301163586,1.0195290985593146,0.004639988718777577,1.4570353882608922,0.713393505184412,-0.05362565947198539,0.5723775826972722,0.6048109698091806,-0.1250141446157923,-0.11339455606387416,0.37897102941047095,0.8306509102078902,53
洋河股份,长安汽车,白酒,汽车,4.177960301163586,1.0439993195231718,0.010359478066146233,1.1942370953466543,0.9126618017576048,0.0337021755074427,0.4556545754715878,0.4407987003102781,-0.17149708974154887,-0.17804418146629897,0.37897102941047095,0.5026263712100852,53
洋河股份,赛力斯,白酒,汽车,4.177960301163586,1.1813835848714809,0.04070312759033157,1.5490638471788647,0.9009745964606706,0.1456648484506351,0.5749786965252078,0.5018733858359998,-0.12406405580518198,-0.1521152174763709,0.37897102941047095,0.6247757422615287,53
洋河股份,宁德时代,白酒,电池,4.177960301163586,1.0479039324733752,0.011262654391942517,1.8772732451108918,0.5849455610966736,-0.0993162050497487,0.6985441134494039,0.7755708688952127,-0.08228548459318519,-0.05901919195745109,0.37897102941047095,1.1721707083799544,53
洋河股份,隆基绿能,白酒,光伏,4.177960301163586,1.0502469313861813,0.01180338542635817,0.7557393912074807,1.4595224620007503,-0.006876058024917531,0.283962584215323,0.2859286461774251,-0.2601607491701533,-0.2589379118971328,0.37897102941047095,0.1928862629443792,53
洋河股份,通威股份,白酒,光伏,4.177960301163586,1.0445658834334082,0.010490689198774383,0.8616531426666376,1.2663075555625933,0.02548189110353638,0.3265017587680435,0.31838861475817004,-0.23502385001890835,-0.23961723269530355,0.37897102941047095,0.2578062001058692,53
洋河股份,阳光电源,白酒,光伏,4.177960301163586,1.1352385530178821,0.03082554783040159,2.022880743305968,0.6370946861414678,-0.02464085953122286,0.7571473349507207,0.776275428748041,-0.06441838740087125,-0.058814659203693886,0.37897102941047095,1.1735798280856111,53
洋河股份,晶澳科技,白酒,光伏,4.177960301163586,1.0792475998200328,0.018421535897695795,0.6537425592581784,1.7817034629640875,-0.041723232708958724,0.24873452971322177,0.2595643953848229,-0.2832483883985579,-0.27589951211513164,0.37897102941047095,0.1401577613591748,53
洋河股份,亿纬锂能,白酒,电池,4.177960301163586,1.075129089373873,0.01748996992412466,1.239287332101148,0.9327155445526261,0.0664321965250021,0.4632932322928556,0.4344329004717872,-0.16819369668294448,-0.1809010875585445,0.37897102941047095,0.4898947715331034,53
洋河股份,立讯精密,白酒,电子,4.177960301163586,1.101744875624111,0.023463005571182194,2.2358856008069967,0.5428908216618402,-0.136592216924597,0.864164809414239,1.0008767888750545,-0.03433984543142943,0.00020979056394643258,0.37897102941047095,1.6227825483396379,53
洋河股份,京东方A,白酒,电子,4.177960301163586,1.053977705398049,0.012662504627461324,2.0250991985304405,0.5485504138672634,-0.13028900963056766,0.7576638135829613,0.8711673440634847,-0.06426567416158746,-0.03247267251103636,0.37897102941047095,1.3633636587164986,53
洋河股份,工业富联,白酒,电子,4.177960301163586,1.1431511749024101,0.0325407134428517,4.703699412788974,0.27782272930274693,-0.48114648916742075,1.8052924910069494,3.479387637003908,0.15187401630081232,0.34775010155534813,0.37897102941047095,6.579804244597344,53
洋河股份,海康威视,白酒,安防,4.177960301163586,1.019251484496955,0.0045745050552512545,1.73697959647967,0.5980919929944642,-0.10619989180056766,0.6522799680924712,0.7297828251626581,-0.09721453814056003,-0.07262533541555327,0.37897102941047095,1.0805946209148454,53
洋河股份,大华股份,白酒,安防,4.177960301163586,1.0495641443044166,0.011645902635162075,1.811608636984583,0.6080700160731443,-0.08939514028447271,0.6864210764969214,0.7538078335221703,-0.08612297539745062,-0.06540773385010845,0.37897102941047095,1.1286446376338697,53
洋河股份,韦尔股份,白酒,半导体,4.177960301163586,1.0721315666370634,0.01681025199944064,1.4282285719826315,0.8048194236752899,0.03271529938127338,0.5352951791703409,0.5183376091078056,-0.13892996506684574,-0.14553908973842578,0.37897102941047095,0.6577041888051403,53
洋河股份,北方华创,白酒,半导体,4.177960301163586,1.081842807654296,0.01900715807366038,2.929212036255449,0.399555868946069,-0.3002739343557135,1.1173725389152118,1.5968713955029945,0.02691914325450173,0.11854359060132169,0.37897102941047095,2.814771761595518,53
洋河股份,中芯国际,白酒,半导体,4.177960301163586,1.1452564900781883,0.0329955468514167,3.0778667415612335,0.4261433447898079,-0.248033637079637,1.159633860859079,1.542135284290489,0.036084757698025216,0.10924466438985037,0.37897102941047095,2.705299539170507,53
洋河股份,兆易创新,白酒,半导体,4.177960301163586,1.1578181527994418,0.035696236346723254,3.0803674947156052,0.4351892679206696,-0.24251598379560213,1.1780160275754177,1.555169485262834,0.03999231031552486,0.11148149753002823,0.37897102941047095,2.731367941115197,53
洋河股份,科大讯飞,白酒,软件,4.177960301163586,1.087126171446144,0.02019608233155168,1.693635355439119,0.6978145023057383,-0.013859672284110669,0.6453754006059239,0.6544458049908075,-0.09951110172098532,-0.09649795888010948,0.37897102941047095,0.929920580571144,53
洋河股份,恒生电子,白酒,软件,4.177960301163586,1.0832250272179358,0.01931862710526966,1.439259329146712,0.8152640985741972,0.04802757907347943,0.532371937496253,0.5079751221498411,-0.14005781033978693,-0.14965918976570725,0.37897102941047095,0.6369792148892113,53
洋河股份,浪潮信息,白酒,服务器,4.177960301163586,1.214170240504466,0.04754436103656645,3.559629730703841,0.4141468311186342,-0.23360114047084746,1.2967751853700624,1.6920369455752502,0.0641780686245621,0.1341491718016512,0.37897102941047095,3.0051028617400295,53
洋河股份,分众传媒,白酒,传媒,4.177960301163586,1.016667459241405,0.003964332857514075,1.6179800647866944,0.638829083976779,-0.08436487732280873,0.6137232300520103,0.6702705202674707,-0.1102848848695418,-0.09131627519601893,0.37897102941047095,0.9615700111244705,53
洋河股份,紫金矿业,白酒,有色,4.177960301163586,1.0596239499393991,0.013958327707058293,3.192344326888506,0.35171735887887157,-0.36364399539762315,1.203362583033313,1.8910210233424714,0.04530494095261717,0.16473631809627487,0.37897102941047095,3.403071017274472,53
洋河股份,中国神华,白酒,煤炭,4.177960301163586,1.0277115428386392,0.006564002397395852,2.0569673197840843,0.5134700027196554,-0.18266552801922276,0.7866866669425066,0.9625027377543529,-0.05580862565951339,-0.009105901926871884,0.37897102941047095,1.546034446098235,53
洋河股份,陕西煤业,白酒,煤炭,4.177960301163586,1.0392149822811503,0.009249302927240688,2.0546153234720905,0.5256301591154183,-0.16640264743789102,0.7842078019030537,0.9407513105610836,-0.05652159019386793,-0.014512391103475242,0.37897102941047095,1.5025315917116964,53
洋河股份,长江电力,白酒,电力,4.177960301163586,1.021552077058536,0.005116760244888718,1.8591233845577626,0.5613229626450248,-0.142377494824253,0.7117854642342349,0.8299519426538059,-0.07815145025747583,-0.0436315913562092,0.37897102941047095,1.280932855897141,53
洋河股份,万华化学,白酒,化工,4.177960301163586,1.022415615589996,0.005320058587643173,1.5582136625331175,0.6708538861756087,-0.061100146873057426,0.5889599295539012,0.6272872741351593,-0.11901251796582235,-0.10561738439501733,0.37897102941047095,0.8756035188598476,53
洋河股份,海螺水泥,白酒,建材,4.177960301163586,1.0142050660282778,0.003381783275627548,1.3905628294280346,0.7397090546282695,-0.03483177395448667,0.5279521385357242,0.5470053036234412,-0.14177203652751136,-0.13445839551173533,0.37897102941047095,0.7150395778364116,53
洋河股份,宝钢股份,白酒,钢铁,4.177960301163586,1.0150288753585326,0.003576798587536789,1.6849685963228627,0.611455679387743,-0.10644815798506535,0.644326311092825,0.7210844192765437,-0.09986167827020198,-0.07528309103547615,0.37897102941047095,1.0631978091426164,53
洋河股份,洛阳钼业,白酒,有色,4.177960301163586,1.084988376847674,0.0197155413547776,3.1517770423812013,0.3735035067725359,-0.3341435958397527,1.1990138414800084,1.800709333106376,0.04439953456954471,0.15117340414262626,0.37897102941047095,3.222447636802281,53
洋河股份,三一重工,白酒,机械,4.177960301163586,1.0326062486066598,0.007709376216688879,1.7431523204452468,0.6116939134665892,-0.09665312289883776,0.6640530306412896,0.7351030345864858,-0.0933409310690122,-0.07101162595507216,0.37897102941047095,1.0912350397625008,53
洋河股份,汇川技术,白酒,机械,4.177960301163586,1.0435615196015298,0.01025805041895178,1.6350633116441442,0.6660418819488924,-0.0378951417686092,0.5966885500430466,0.6201907670853275,-0.11625914285042194,-0.10804966818124828,0.37897102941047095,0.861410504760184,53
洋河股份,中航沈飞,白酒,军工,4.177960301163586,1.0369412587409246,0.008720336501607306,1.7765722344847548,0.605236957556673,-0.10038096965853582,0.6782729754758149,0.7539557886168393,-0.08873128542548203,-0.06536383079582164,0.37897102941047095,1.1289405478232077,53
洋河股份,顺丰控股,白酒,交运,4.177960301163586,1.0170266616129575,0.004049222733227165,1.3413052661487879,0.7711467751121613,-0.01943686447075821,0.5058672530190106,0.5158946269645122,-0.15050508472685986,-0.14650473007535725,0.37897102941047095,0.6528182245185533,53
洋河股份,京沪高铁,白酒,交运,4.177960301163586,1.024804198383611,0.005881710629963122,1.7240926635389295,0.6091457073246583,-0.10037156768611488,0.654294221310969,0.7272938446688425,-0.09654805243443865,-0.07338335926667128,0.37897102941047095,1.0756166599272141,53
洋河股份,中国中免,白酒,免税,4.177960301163586,1.0274570094225555,0.0065043275152585345,0.9030258512490754,1.1690339814207196,0.017199372669738144,0.3376806966940554,0.331971003686111,-0.22883487600016283,-0.2319761176537769,0.37897102941047095,0.284970977961751,53
洋河股份,上海机场,白酒,交运,4.177960301163586,1.017268711254066,0.004106413180506863,1.1967552602426772,0.8647011342040517,0.003974054664442006,0.4535662215983779,0.45177085950689555,-0.17240754054810203,-0.17319280945094462,0.37897102941047095,0.5245706896033202,53
洋河股份,万科A,白酒,地产,4.177960301163586,1.0149117017155156,0.0035490681381797895,1.1061319328043813,0.9312141994378593,0.01095923952116129,0.42018430069729773,0.4156293194336076,-0.18741303286013655,-0.1895301778971492,0.37897102941047095,0.45228760945674423,53
洋河股份,中国建筑,白酒,建筑,4.177960301163586,1.0190473653322818,0.0045263487283935255,1.6481461333262544,0.6300761272271843,-0.0909119344085787,0.6285456550408846,0.6914023831475276,-0.10518826949125115,-0.08453997542346692,0.37897102941047095,1.0038337368845842,53
洋河股份,保利发展,白酒,地产,4.177960301163586,1.0182893928734664,0.004347461649840678,1.1842752362814342,0.8755678206144623,0.006645065772380887,0.44923350715928556,0.446268026769293,-0.17430667368976072,-0.1756145617804039,0.37897102941047095,0.513565024128115,53
洋河股份,牧原股份,白酒,养殖,4.177960301163586,1.031514353890295,0.007454228470821445,1.4484818282954375,0.7345772943067198,-0.02242350256669745,0.5442044119789441,0.5566872908747212,-0.1355212550775894,-0.13081594740518232,0.37897102941047095,0.7344035523389715,53
洋河股份,中国移动,白酒,通信,4.177960301163586,1.0315687091709878,0.007466934761271693,2.3276423074008763,0.45717247807243444,-0.2352052563059145,0.8811581272460683,1.1521498212578298,-0.02982836965988378,0.034480349415514144,0.37897102941047095,1.9253286131051888,53
洋河股份,中兴通讯,白酒,通信,4.177960301163586,1.0611491466094956,0.014307461808320543,2.0153470616428386,0.5587313137183207,-0.12387086917563017,0.7618775942107365,0.8695950943827978,-0.06302268588276594,-0.03289090442591891,0.37897102941047095,1.3602191593551247,53
伊利股份,海天味业,乳品,调味品,4.177960301163586,1.01747689656289,0.004155594029780607,0.7952050491160753,1.3018770896764442,-0.012667312373924156,0.7041483268570251,0.7131824314963846,-0.08052860019933217,-0.0777187287697172,0.8854940612857044,0.5408708017070649,53
伊利股份,双汇发展,乳品,肉制品,4.177960301163586,1.0096164446314433,0.0022933369988609176,1.0906904760954141,0.9345688695470604,0.00695474969375498,0.9615564031643924,0.9549152069214932,-0.009339176893121581,-0.010981188295719257,0.8854940612857044,1.024336352557282,53
伊利股份,青岛啤酒,乳品,啤酒,4.177960301163586,1.0181408873376125,0.004312401385155429,0.86482369697093,1.1986383699930756,0.003981315207299829,0.7622835746820874,0.759260718437467,-0.06290320547064832,-0.06379399910659933,0.8854940612857044,0.6330273755892296,53
伊利股份,招商银行,乳品,银行,4.177960301163586,1.0134013727709137,0.003191413769872309,1.195876782058557,0.8587693629824862,-0.00028292211190561467,1.058627178469662,1.0589267722684255,0.013729949287121235,0.013798608846096405,0.8854940612857044,1.2323594832511466,53
伊利股份,工商银行,乳品,银行,4.177960301163586,1.0141531953025196,0.003369500206392928,1.3726958025046374,0.7492604710130857,-0.031147610178131613,1.2178346584765183,1.2569867931072838,0.04830021106205473,0.05626996357648606,0.8854940612857044,1.628479524928863,53
伊利股份,兴业银行,乳品,银行,4.177960301163586,1.0119794692773711,0.002854328314861432,1.1387223534484523,0.8993434116205474,0.004844110165166615,1.0094503341007484,1.004584018445234,0.0022538641509164403,0.0010952827949859412,0.8854940612857044,1.1236739756047633,53
伊利股份,宁波银行,乳品,银行,4.177960301163586,1.0251977381914688,0.00597415212420449,1.147870343132397,0.9156351226261065,0.01695990600549191,1.0319814462216308,1.0147710250201916,0.007563401081543519,0.0035157722122618473,0.8854940612857044,1.1440479887546788,53
伊利股份,中国平安,乳品,保险,4.177960301163586,1.0179229162395467,0.0042609341409978185,1.2666215391950124,0.8180557738376596,-0.003255684050800678,1.1078190895150368,1.1114375791148214,0.024810752110404843,0.02561095301770533,0.8854940612857044,1.3373810969439386,53
伊利股份,中国太保,乳品,保险,4.177960301163586,1.0341694105203025,0.00807429004210114,1.3527419399339033,0.7906211362886904,0.0006815450593957717,1.185596749237593,1.1847892619696723,0.041590266846933455,0.04142042534807544,0.8854940612857044,1.4840844626536402,53
伊利股份,中国人寿,乳品,保险,4.177960301163586,1.0346296228199887,0.008181644794189369,1.2670363580481439,0.8448522014519475,0.01574206434453962,1.1110272866792765,1.0938084831568187,0.025520319725080398,0.021693535710431755,0.8854940612857044,1.302122905027933,53
伊利股份,中信证券,乳品,券商,4.177960301163586,1.0246272112928596,0.005840128012296386,1.298993232303444,0.8082112331410017,-0.000376897600015913,1.1347800777814754,1.1352079349276687,0.030725888874427287,0.030818893317273055,0.8854940612857044,1.3849218085696329,53
伊利股份,东方财富,乳品,券商,4.177960301163586,1.0656280590156053,0.015330532049956824,1.1213330210192551,1.0126903773235685,0.06529111523380338,0.9741648395240831,0.9144588043525356,-0.006245375042017942,-0.021176043880510864,0.8854940612857044,0.9434235474193667,53
伊利股份,恒瑞医药,乳品,医药,4.177960301163586,1.0499496081374513,0.011734818286704973,1.224934256049304,0.8999619156569785,0.04298153370466795,1.0492598639540496,1.0060195986664127,0.011575696182359874,0.0014375114765852182,0.8854940612857044,1.1265451360471208,53
伊利股份,迈瑞医疗,乳品,医药,4.177960301163586,1.0281699615434994,0.0066714494526773915,0.8559311207113961,1.23506838837889,0.008907935626893737,0.7488365025789508,0.7422248117353292,-0.06688671306732619,-0.06886531800517282,0.8854940612857044,0.598955562184954,53
伊利股份,药明康德,乳品,医药,4.177960301163586,1.0991522485534493,0.02288603202655448,1.3989701046502083,0.8635893372447584,0.06931802566362055,1.232056015777364,1.1521885783350074,0.05121733002548723,0.03448867844579895,0.8854940612857044,1.4188830953843103,53
伊利股份,爱尔眼科,乳品,医药,4.177960301163586,1.0312833312866472,0.007400218093724487,0.6565351226266727,1.6199366534034634,-0.07162639956590733,0.5726034872039445,0.6167813118944833,-0.12493150014130217,-0.10922577309746917,0.8854940612857044,0.3480685625032621,53
伊利股份,片仔癀,乳品,中药,4.177960301163586,1.0241604792571897,0.005730444429878467,0.6897162882941483,1.5207770282858426,-0.05527447164626009,0.6034381493369889,0.6387444090650629,-0.11387665416933113,-0.10173433056343106,0.8854940612857044,0.3919947568444214,53
伊利股份,云南白药,乳品,中药,4.177960301163586,1.0152062494823841,0.003618771519556585,1.0794021005863825,0.954828352129567,0.01340956982793573,0.9541327348383151,0.9415075239523492,-0.011175223116878463,-0.014322841159424282,0.8854940612857044,0.997520986618994,53
伊利股份,同仁堂,乳品,中药,4.177960301163586,1.0278845842013775,0.006604565201374424,0.8177447306938564,1.2920251012102015,-0.0006235017377266283,0.7170897002334135,0.7175370858533263,-0.07651183577801268,-0.07637396490154602,0.8854940612857044,0.5495801104209482,53
伊利股份,美的集团,乳品,家电,4.177960301163586,1.0112767778056102,0.0026876107921554038,1.3604470507130397,0.7517240165965214,-0.030717425585453983,1.2007417928657398,1.2387943666386418,0.04475959200350754,0.052590581146392035,0.8854940612857044,1.5920946719915792,53
伊利股份,格力电器,乳品,家电,4.177960301163586,1.0148806549123148,0.003541720157856032,1.2590910035481073,0.8180367747944879,-0.008440694691391193,1.1158619523594566,1.1253607791136209,0.026586680513797978,0.028671601003428027,0.8854940612857044,1.3652274969415372,53
伊利股份,海尔智家,乳品,家电,4.177960301163586,1.0174817847741007,0.004156748708908475,1.073114821774964,0.9647329077374247,0.016844226916068017,0.9363427100593672,0.920832006785494,-0.015619749638777658,-0.01954755098518679,0.8854940612857044,0.9561699522852838,53
伊利股份,苏泊尔,乳品,家电,4.177960301163586,1.014025824413342,0.003339336552465655,1.0596276703270984,0.9703864870381744,0.013523363241456421,0.928337832464784,0.9159510931210983,-0.017640605482445726,-0.020793959189206457,0.8854940612857044,0.9464081249564923,53
伊利股份,比亚迪,乳品,汽车,4.177960301163586,1.049818242021728,0.011704518612621895,0.9978025391111675,1.104545536898861,0.04759233628915749,0.8692991001591894,0.8298066624260265,-0.032969705755070855,-0.04367166357537766,0.8854940612857044,0.7741192635663485,53
伊利股份,长城汽车,乳品,汽车,4.177960301163586,1.0369123428661746,0.008713603739747278,0.7725090490789603,1.3918117956936986,-0.00913444786803319,0.6776216053065421,0.6838683652374002,-0.08894082409640824,-0.0869375853248725,0.8854940612857044,0.4822426691890962,53
伊利股份,上汽集团,乳品,汽车,4.177960301163586,1.0185802212783894,0.004416111265465705,0.9591079428252152,1.0817402513875383,0.01846460582294185,0.8739164559636238,0.8580724857467973,-0.031742762730336604,-0.035973702738917424,0.8854940612857044,0.8306509102078902,53
伊利股份,长安汽车,乳品,汽车,4.177960301163586,1.0469830559484739,0.011049877337180325,0.7890995016694736,1.3891448633842303,0.0063707237188948,0.6984818821298865,0.6940602162478948,-0.08230505379804187,-0.08369889421186061,0.8854940612857044,0.5026263712100852,53
伊利股份,赛力斯,乳品,汽车,4.177960301163586,1.1787068696655507,0.040138257784212206,1.01832399015699,1.3643495567482136,0.16146952594187236,0.8770661763851647,0.7551349017736165,-0.030908632089494237,-0.06501418386040902,0.8854940612857044,0.6247757422615287,53
伊利股份,宁德时代,乳品,电池,4.177960301163586,1.0487641059651693,0.011461277012027926,1.237900134250829,0.88852575383763,0.038875287727704766,1.0688285398167863,1.0288323848328293,0.016059581908857812,0.006826648029526261,0.8854940612857044,1.1721707083799544,53
伊利股份,隆基绿能,乳品,光伏,4.177960301163586,1.064039232510236,0.01496798833510038,0.5044754701662664,2.2442706440172904,-0.1843332164977991,0.4397995052284064,0.5391901621150418,-0.1784905246383628,-0.137434459620972,0.8854940612857044,0.1928862629443792,53
伊利股份,通威股份,乳品,光伏,4.177960301163586,1.0510405780305245,0.011986339802716017,0.5712390613158331,1.9338423638644828,-0.1215034390189399,0.5021926739006223,0.5716501306957869,-0.1519861383565887,-0.12528044296817165,0.8854940612857044,0.2578062001058692,53
伊利股份,阳光电源,乳品,光伏,4.177960301163586,1.136996187614996,0.031207322186724396,1.334885241642585,0.9684430468796597,0.12602961477409402,1.1592890892200889,1.0295369446856577,0.03601101980322885,0.0069916353529149156,0.8854940612857044,1.1735798280856111,53
伊利股份,晶澳科技,乳品,光伏,4.177960301163586,1.0873779202052327,0.020252623982329965,0.4339782377236961,2.7245392477552253,-0.2530111515265915,0.3830752369660755,0.5128259113224396,-0.20519877932396224,-0.1477226459241482,0.8854940612857044,0.1401577613591748,53
伊利股份,亿纬锂能,乳品,电池,4.177960301163586,1.0751067345348428,0.01748490608154074,0.8165161037103411,1.415593012054312,0.029899139940497088,0.7082558880019271,0.6876944164094039,-0.07924764922339023,-0.08571749392494998,0.8854940612857044,0.4898947715331034,53
伊利股份,立讯精密,乳品,电子,4.177960301163586,1.104103034245663,0.023986903379825675,1.4763180091984835,0.825732330456578,0.055407858535411414,1.3236274225895723,1.254138304812671,0.06941134078866762,0.05569654866207108,0.8854940612857044,1.6227825483396379,53
伊利股份,京东方A,乳品,电子,4.177960301163586,1.0578091684043056,0.013542406120008676,1.3391338208346955,0.8355850769736737,0.033858813142440436,1.162500686663846,1.1244288600011014,0.03669725397791024,0.028467645367622918,0.8854940612857044,1.3633636587164986,53
伊利股份,工业富联,乳品,电子,4.177960301163586,1.1577513169566394,0.035681926113938056,3.1387227238421977,0.4270489080583794,-0.251306736735042,2.794609274938971,3.732649152941524,0.27887326963197934,0.3706072414117292,0.8854940612857044,6.579804244597344,53
伊利股份,海康威视,乳品,安防,4.177960301163586,1.0244752996358546,0.005804432439579621,1.1503145964761703,0.9124022617631075,0.01955407103919793,1.0022668599808313,0.9830443411002749,0.0005421086027861399,-0.0040847925148809194,0.8854940612857044,1.0805946209148454,53
伊利股份,大华股份,乳品,安防,4.177960301163586,1.0577333426304933,0.013525016144135815,1.2029106388520543,0.9300772542671624,0.05002546930319518,1.0574484662873764,1.007069349459787,0.013459673779795844,0.0016875270344527404,0.8854940612857044,1.1286446376338697,53
伊利股份,韦尔股份,乳品,半导体,4.177960301163586,1.0766856719141549,0.017842371927323963,0.9450185684418276,1.226697627768988,0.06506892309150336,0.8218062491704743,0.7715991250454224,-0.04588667935239921,-0.06017483519771771,0.8854940612857044,0.6577041888051403,53
伊利股份,北方华创,乳品,半导体,4.177960301163586,1.0697531106496614,0.016269884286629566,1.9084113036478363,0.5996462688924632,-0.08715902527640895,1.688877130247643,1.8501329114406113,0.1336418699897033,0.15865823771962306,0.8854940612857044,2.814771761595518,53
伊利股份,中芯国际,乳品,半导体,4.177960301163586,1.1481619189333805,0.033622193922937305,2.0330682781870064,0.64841688114103,-0.010126403307458065,1.7772158881320763,1.7953968002281058,0.14756058902012326,0.15035959544867206,0.8854940612857044,2.705299539170507,53
伊利股份,兆易创新,乳品,半导体,4.177960301163586,1.154490118846545,0.03498290583923058,2.0237374666132357,0.6586068877525186,-0.0071765953722841,1.7954526236461406,1.8084310012004507,0.15036815636303147,0.15235300987201672,0.8854940612857044,2.731367941115197,53
伊利股份,科大讯飞,乳品,软件,4.177960301163586,1.0990003986790182,0.02285220667307275,1.128079181540312,1.0706711869706462,0.09867274490110689,0.9972732938512617,0.9077073209284242,-0.0006533184064231312,-0.02291064013785238,0.8854940612857044,0.929920580571144,53
伊利股份,恒生电子,乳品,软件,4.177960301163586,1.1061168934294774,0.024433636895263122,0.9683295100045176,1.263510581149561,0.0918286937934909,0.8311400042307774,0.7612366380874578,-0.04330409187993067,-0.06321141845973788,0.8854940612857044,0.6369792148892113,53
伊利股份,浪潮信息,乳品,服务器,4.177960301163586,1.22037910774166,0.04882403099052346,2.357337581267991,0.6317827274493436,0.024516440478352663,1.9929902554571781,1.945298461512867,0.17947010209652103,0.17265218509509594,0.8854940612857044,3.0051028617400295,53
伊利股份,分众传媒,乳品,传媒,4.177960301163586,1.0195982971551114,0.004656309186371166,1.0691167136785502,0.9723734315074715,0.018752765668844207,0.940850816067712,0.9235320362050874,-0.01448744276243008,-0.01886021898239887,0.8854940612857044,0.9615700111244705,53
伊利股份,紫金矿业,乳品,有色,4.177960301163586,1.0680523167310823,0.015882915748937076,2.1200800691955255,0.5380625797343067,-0.13528571599953132,1.8541917406482884,2.144282539280088,0.15926613031184944,0.20030816778764726,0.8854940612857044,3.403071017274472,53
伊利股份,中国神华,乳品,煤炭,4.177960301163586,1.0192333777250635,0.004570233554814784,1.3440999635172084,0.7728864715913236,-0.019093695085466433,1.1925508217361656,1.2157642536919697,0.04304931038085047,0.04787336695277644,0.8854940612857044,1.546034446098235,53
伊利股份,陕西煤业,乳品,煤炭,4.177960301163586,1.0331319595585602,0.007832148177477016,1.3458067256554047,0.7931017325994622,-0.001951981174639239,1.1916821359390972,1.1940128264987004,0.04286740451358395,0.04335523190045487,0.8854940612857044,1.5025315917116964,53
伊利股份,长江电力,乳品,电力,4.177960301163586,1.012145200911553,0.0028936362478164668,1.213646749416428,0.844098917762422,-0.0048540251246822486,1.0779555132480259,1.0832134585914226,0.018129570336222534,0.019316021488561708,0.8854940612857044,1.280932855897141,53
伊利股份,万华化学,乳品,化工,4.177960301163586,1.027499656357672,0.006514326793374714,1.0317702319066397,1.0232467570460633,0.027532428922311336,0.904792437048082,0.880548790072776,-0.023662568532277994,-0.029988990663634807,0.8854940612857044,0.8756035188598476,53
伊利股份,海螺水泥,乳品,建材,4.177960301163586,1.0111373009848603,0.002654508647907061,0.9134331039730761,1.1192923017524923,0.005400851651702121,0.8045889419352868,0.800266819561058,-0.05070972108469163,-0.051932778662056256,0.8854940612857044,0.7150395778364116,53
伊利股份,宝钢股份,乳品,钢铁,4.177960301163586,1.0117122246129067,0.0027909333873850084,1.1065529134200072,0.925000163135163,0.00749852248428895,0.9816520901168393,0.9743459352141604,-0.004422574544388547,-0.006201161041211378,0.8854940612857044,1.0631978091426164,53
伊利股份,洛阳钼业,乳品,有色,4.177960301163586,1.1014023866548894,0.023386845955934987,2.108036807555497,0.5754582714026688,-0.0941842668911641,1.8605191104109622,2.0539708490439925,0.1602117674626249,0.18800926896881154,0.8854940612857044,3.222447636802281,53
伊利股份,三一重工,乳品,机械,4.177960301163586,1.0377352062714087,0.008905143190741871,1.1542208490996244,0.9330054635343129,0.032100939024221065,1.0200919806941784,0.9883645505241025,0.004772719857184304,-0.0027973682855935156,0.8854940612857044,1.0912350397625008,53
伊利股份,汇川技术,乳品,机械,4.177960301163586,1.0493427163697042,0.011594814212859017,1.0832673260324932,1.0164805214157457,0.05033429912624765,0.917416891509125,0.8734522830229442,-0.02041911777235228,-0.0318658814508207,0.8854940612857044,0.861410504760184,53
伊利股份,中航沈飞,乳品,军工,4.177960301163586,1.0432480464740772,0.010185406394999763,1.1776549719532452,0.9241811161946915,0.035601756482774194,1.04307600975644,1.0072173045544561,0.010145531680322506,0.001722749052700534,0.8854940612857044,1.1289405478232077,53
伊利股份,顺丰控股,乳品,交运,4.177960301163586,1.019936315406919,0.0047360185800648935,0.8862783106460421,1.1737510384605367,0.008273979211640192,0.7755201248390065,0.7691561429021289,-0.059033928342310915,-0.06088790975822611,0.8854940612857044,0.6528182245185533,53
伊利股份,京沪高铁,乳品,交运,4.177960301163586,1.0201432396816665,0.004784804280119737,1.130791767830596,0.9203217241886679,0.015354590873626561,0.9956113869975128,0.9805553606064592,-0.0010521777680764233,-0.004688915088647327,0.8854940612857044,1.0756166599272141,53
伊利股份,中国中免,乳品,免税,4.177960301163586,1.038081279100893,0.008985664699513896,0.601131736898886,1.7926399088142093,-0.1087739521950517,0.5215744655111867,0.5852325196237277,-0.14426497160630603,-0.1203502675299234,0.8854940612857044,0.284970977961751,53
伊利股份,上海机场,乳品,交运,4.177960301163586,1.020583608429701,0.0048886031907307,0.7910793015931762,1.3166706545066988,-0.013390799319879187,0.695591428390917,0.7050323754445122,-0.08321544814099313,-0.08025242884483486,0.8854940612857044,0.5245706896033202,53
伊利股份,万科A,乳品,地产,4.177960301163586,1.0166653560958094,0.003963835756404466,0.7300598576371233,1.415785891352452,-0.03810456312427424,0.643403042311573,0.6688908353712243,-0.10017056840722183,-0.09176431696313236,0.8854940612857044,0.45228760945674423,53
伊利股份,中国建筑,乳品,建筑,4.177960301163586,1.0165894622559475,0.0039458969066519245,1.0832999506892764,0.9539870597356492,0.014593693003849273,0.9584500340202121,0.9446638990851444,-0.010106137866198961,-0.013532922813855208,0.8854940612857044,1.0038337368845842,53
伊利股份,保利发展,乳品,地产,4.177960301163586,1.0179705816371942,0.004272189590775577,0.7800427954738305,1.3284708365895457,-0.01864086048854907,0.6864897100936916,0.6995295427069097,-0.08610110518084846,-0.08197578400529038,0.8854940612857044,0.513565024128115,53
伊利股份,牧原股份,乳品,养殖,4.177960301163586,1.0350201905880847,0.00827272492086184,0.9576093364977714,1.118688753435612,0.030636974178611664,0.8347631874926448,0.8099488068123379,-0.04230752390213177,-0.04919992920593197,0.8854940612857044,0.7344035523389715,53
伊利股份,中国移动,乳品,通信,4.177960301163586,1.0255151879093845,0.0060487005848361974,1.524621196184405,0.6897984911037653,-0.047207135643725806,1.339065893565231,1.4054113371954466,0.07238370021976781,0.08486810307048209,0.8854940612857044,1.9253286131051888,53
伊利股份,中兴通讯,乳品,通信,4.177960301163586,1.0699204721970792,0.016307937473361234,1.3388338656480325,0.8550200635030547,0.04578985753988363,1.174272054544703,1.1228566103204145,0.039200223203299744,0.028123258216632196,0.8854940612857044,1.3602191593551247,53
海天味业,双汇发展,调味品,肉制品,4.177960301163586,1.0202317257838664,0.004805663993271869,1.410228078144413,0.7380882499981943,-0.029648048217513878,0.7594009085421599,0.7826035771321734,-0.06375262743727972,-0.05698390721063917,0.5408708017070649,1.024336352557282,53
海天味业,青岛啤酒,调味品,啤酒,4.177960301163586,1.0178467607711188,0.004242950367678633,1.1062353420789226,0.9365204572702455,0.014716188027328325,0.5955867417991624,0.5869490886481472,-0.11665000548913573,-0.11973339650048243,0.5408708017070649,0.6330273755892296,53
海天味业,招商银行,调味品,银行,4.177960301163586,1.0245387552808793,0.005819343474140037,1.5469588620207035,0.6785440045259882,-0.056572046574750456,0.8364575093448988,0.8866151424791058,-0.041842624050330346,-0.028393656224206087,0.5408708017070649,1.2323594832511466,53
海天味业,工商银行,调味品,银行,4.177960301163586,1.0298333014397063,0.007061007782912743,1.783541016910142,0.5946354015404388,-0.10894205875098872,0.9665084179500399,1.0846751633179639,-0.008120414791091046,0.019645075642728216,0.5408708017070649,1.628479524928863,53
海天味业,兴业银行,调味品,银行,4.177960301163586,1.024006138308908,0.005694165427837294,1.4743280624818607,0.7112315080872469,-0.040810821574880696,0.7983066687007778,0.8322723886559141,-0.05248911121465594,-0.04299227157562613,0.5408708017070649,1.1236739756047633,53
海天味业,宁波银行,调味品,银行,4.177960301163586,1.032157246960199,0.007604480921693968,1.4786878007865458,0.7204689062057422,-0.03613748710952369,0.8120150296954192,0.8424593952308719,-0.048619935134155634,-0.040201525836285223,0.5408708017070649,1.1440479887546788,53
海天味业,中国平安,调味品,保险,4.177960301163586,1.0274921954114018,0.006512577474111492,1.6358969281130802,0.6453586368971804,-0.06940100738893573,0.8739496623772213,0.9391259493255018,-0.031733956861295654,-0.014920191359370283,0.5408708017070649,1.3373810969439386,53
海天味业,中国太保,调味品,保险,4.177960301163586,1.043651209569645,0.010278832049920084,1.7467231483202765,0.6235721146099265,-0.07643133201790697,0.9350926181144718,1.0124776321803526,-0.015934471087464153,0.002972466945602603,0.5408708017070649,1.4840844626536402,53
海天味业,中国人寿,调味品,保险,4.177960301163586,1.0394481901999044,0.009303507381996035,1.6287425557763557,0.6633660649916823,-0.05332099985734706,0.8723617197805448,0.921496853367499,-0.03215534189175251,-0.0193781624396141,0.5408708017070649,1.302122905027933,53
海天味业,中信证券,调味品,券商,4.177960301163586,1.0340917184633454,0.008056163057293508,1.6774341906813524,0.6374889030729247,-0.07043601135519839,0.8950737300557455,0.9628963051383489,-0.026183011919964416,-0.00900893747851017,0.5408708017070649,1.3849218085696329,53
海天味业,东方财富,调味品,券商,4.177960301163586,1.0718615789827148,0.01674895869600701,1.4431553897496157,0.7960939290803939,0.031880483945257554,0.7658071856468966,0.7421471745632158,-0.061868231496267745,-0.06888863108828003,0.5408708017070649,0.9434235474193667,53
海天味业,恒瑞医药,调味品,医药,4.177960301163586,1.048762482598791,0.011460902277302898,1.5655498286612186,0.702566424121653,-0.017501907177925546,0.8191164893923092,0.8337079688770929,-0.046635057361109844,-0.04259742497362762,0.5408708017070649,1.1265451360471208,53
海天味业,迈瑞医疗,调味品,医药,4.177960301163586,1.03718372243232,0.008776786041622797,1.1047780210025846,0.9737250865131459,0.03591237046166951,0.5903801152670435,0.5699131819460095,-0.11850451422343389,-0.12591733190571497,0.5408708017070649,0.598955562184954,53
海天味业,药明康德,调味品,医药,4.177960301163586,1.1135283608730566,0.026072410278198843,1.8134153671399516,0.6837624920010632,-0.004465577281570154,0.9755012323055278,0.9798769485456876,-0.0059192455620374895,-0.0048537807778505915,0.5408708017070649,1.4188830953843103,53
海天味业,爱尔眼科,调味品,医药,4.177960301163586,1.036401595208534,0.008594657892896818,0.8442157819890256,1.2723385293983487,0.011849340885459414,0.4497363548816794,0.4444696821051635,-0.17408555064404774,-0.17641092250134005,0.5408708017070649,0.3480685625032621,53
海天味业,片仔癀,调味品,中药,4.177960301163586,1.0266587272103076,0.006317098781188246,0.8846551300494937,1.1914565420517251,0.013574612385278018,0.4727644234581993,0.46643277927574317,-0.16415485386973638,-0.16684798315521365,0.5408708017070649,0.3919947568444214,53
海天味业,云南白药,调味品,中药,4.177960301163586,1.0213238361333996,0.005063004842046581,1.389433839508642,0.7507391489926033,-0.024707319243329584,0.7501911256452851,0.7691958941630295,-0.06648297198188902,-0.06087629310614229,0.5408708017070649,0.997520986618994,53
海天味业,同仁堂,调味品,中药,4.177960301163586,1.0392347738140608,0.009253903427261845,1.0578704831684012,1.0209273557474206,0.03925138915737758,0.5666263126184836,0.5452254560640066,-0.12712658366177298,-0.13513331667161133,0.5408708017070649,0.5495801104209482,53
海天味业,美的集团,调味品,家电,4.177960301163586,1.023347781596886,0.005539366998578377,1.761490434318035,0.594519653184895,-0.1095634978350275,0.9496351578194372,1.0664827368493222,-0.012292870725116867,0.015525385229560262,0.5408708017070649,1.5920946719915792,53
海天味业,格力电器,调味品,家电,4.177960301163586,1.024661200195303,0.0058481140328783265,1.6265516770532547,0.6454947543307001,-0.07612241269084319,0.8805007486647796,0.9530491493243011,-0.030001657952336225,-0.011444127011731031,0.5408708017070649,1.3652274969415372,53
海天味业,海尔智家,调味品,家电,4.177960301163586,1.0352901633430787,0.008335667096101451,1.3970986262392118,0.7671797124302805,-0.00523480132715759,0.7446020215332703,0.7485203769961744,-0.06815237979693445,-0.06698101322992289,0.5408708017070649,0.9561699522852838,53
海天味业,苏泊尔,调味品,家电,4.177960301163586,1.0208665740090916,0.004955282768708935,1.364956110219426,0.7635180018803129,-0.017760206260301725,0.7304322730797062,0.7436394633317787,-0.07242786835143433,-0.0684408473762419,0.5408708017070649,0.9464081249564923,53
海天味业,比亚迪,调味品,汽车,4.177960301163586,1.052175641643875,0.012247816360392516,1.2795703289660738,0.8651916630196048,0.03563045733412351,0.6809218813444671,0.6574950326367067,-0.08788073493412818,-0.09549215611182105,0.5408708017070649,0.7741192635663485,53
海天味业,长城汽车,调味品,汽车,4.177960301163586,1.0433326208658298,0.010205007235482455,0.9945571530362609,1.0945001546060709,0.041665104612324866,0.5328708003456643,0.5115567354480806,-0.1398650062522938,-0.1482279789357409,0.5408708017070649,0.4822426691890962,53
海天味业,上汽集团,调味品,汽车,4.177960301163586,1.0318134975610875,0.007524151085929409,1.243136680930935,0.8564135465393707,0.008920976731627617,0.6918785125969351,0.6857608559574775,-0.08438912187385372,-0.08633344084148054,0.5408708017070649,0.8306509102078902,53
海天味业,长安汽车,调味品,汽车,4.177960301163586,1.0623247759908094,0.014576315746176904,1.024459641302606,1.1015894469488192,0.061611130861239705,0.5538941068955412,0.5217485864585751,-0.13186178942494908,-0.1441966033400357,0.5408708017070649,0.5026263712100852,53
海天味业,赛力斯,调味品,汽车,4.177960301163586,1.2011749957697853,0.04484979775068276,1.3277975757966425,1.0866275076582288,0.19853265487177918,0.6985327234923961,0.5828232719842967,-0.08228906616969245,-0.12121838709342292,0.5408708017070649,0.6247757422615287,53
海天味业,宁德时代,调味品,电池,4.177960301163586,1.0520439590057198,0.012217492569885025,1.588865406613711,0.6965954995768348,-0.021681765091662197,0.8379498732365231,0.8565207550435097,-0.04143373177882803,-0.03639125982712077,0.5408708017070649,1.1721707083799544,53
海天味业,隆基绿能,调味品,光伏,4.177960301163586,1.0632338493041147,0.01478405602608146,0.6449954257503231,1.7526732332883972,-0.06382395993568024,0.343462891577304,0.36687853232572204,-0.22569465445493653,-0.213374772598789,0.5408708017070649,0.1928862629443792,53
海天味业,通威股份,调味品,光伏,4.177960301163586,1.0580473502109238,0.013597024861045526,0.7357816373115393,1.5214625352417726,-0.01060719530617682,0.3951026394340763,0.39933850090646705,-0.19929595987291782,-0.19724962733180218,0.5408708017070649,0.2578062001058692,53
海天味业,阳光电源,调味品,光伏,4.177960301163586,1.145546560197565,0.03305816389252758,1.7208503178841397,0.7625747038789374,0.06488921244311863,0.9128499904662658,0.857225314896338,-0.021588495234932226,-0.03620159770792475,0.5408708017070649,1.1735798280856111,53
海天味业,晶澳科技,调味品,光伏,4.177960301163586,1.0881232551678857,0.0204199645390295,0.5556623375129546,2.1308124350060917,-0.12016695446954473,0.2995957173678997,0.34051428153311986,-0.2506095671628231,-0.22729093168985914,0.5408708017070649,0.1401577613591748,53
海天味业,亿纬锂能,调味品,电池,4.177960301163586,1.0794518850758168,0.01846767274712846,1.0489671529005749,1.1108225543304293,0.07836533861637407,0.5557709332106175,0.5153827866200842,-0.13115861514300242,-0.1467074863294704,0.5408708017070649,0.4898947715331034,53
海天味业,立讯精密,调味品,电子,4.177960301163586,1.1236565490028299,0.028298523393326613,1.9224246623461199,0.656776863534445,-0.026836068450580952,1.0527947003207603,1.0818266750233514,0.012390334108908885,0.019003520963747578,0.5408708017070649,1.6227825483396379,53
海天味业,京东方A,调味品,电子,4.177960301163586,1.0690698293060308,0.01611447882449557,1.7316820401705448,0.6600000885958638,-0.03560384654442428,0.9182181944550192,0.9521172302117817,-0.020214397061234846,-0.011675579260989277,0.5408708017070649,1.3633636587164986,53
海天味业,工业富联,调味品,电子,4.177960301163586,1.157483823188137,0.03562464669022769,4.015115342266354,0.3336812735710817,-0.38668509854692057,2.1836080571517953,3.5603375231522048,0.2055407189241576,0.3551897198215581,0.5408708017070649,6.579804244597344,53
海天味业,海康威视,调味品,安防,4.177960301163586,1.026196069833385,0.006208536645496476,1.4743171364362002,0.7142821226965074,-0.032193663051603094,0.7846322555780977,0.8107327113109551,-0.0563993884464713,-0.048979752848289926,0.5408708017070649,1.0805946209148454,53
海天味业,大华股份,调味品,安防,4.177960301163586,1.0614639145901243,0.01437946809924684,1.5445708468896815,0.7294619371107837,-0.006468262082388487,0.8293582879643417,0.8347577196704673,-0.043795371047961495,-0.04230902536273706,0.5408708017070649,1.1286446376338697,53
海天味业,韦尔股份,调味品,半导体,4.177960301163586,1.093453662809152,0.02161419845844903,1.2279967564615608,0.9736515234420955,0.08842774619209592,0.6522811377827061,0.5992874952561026,-0.09721415065388328,-0.11533934613124042,0.5408708017070649,0.6577041888051403,53
海天味业,北方华创,调味品,半导体,4.177960301163586,1.0881120017326993,0.020417438597064796,2.483747543050235,0.47669407127453567,-0.19980406585724542,1.3425857677955488,1.6778212816512914,0.07305772733930094,0.13186117440712253,0.5408708017070649,2.814771761595518,53
海天味业,中芯国际,调味品,半导体,4.177960301163586,1.1598462436753902,0.03613017268713836,2.6278143121447792,0.5119247972547752,-0.13552966814067124,1.4031089759251725,1.6230851704387859,0.08444245230978975,0.12291130560988428,0.5408708017070649,2.705299539170507,53
海天味业,兆易创新,调味品,半导体,4.177960301163586,1.170417443260992,0.03838271958965356,2.625126072036764,0.5218328392231261,-0.13051224117409965,1.4225857654199052,1.636119371411131,0.08802661655975208,0.12506310625456107,0.5408708017070649,2.731367941115197,53
海天味业,科大讯飞,调味品,软件,4.177960301163586,1.106369387249583,0.02448960383340948,1.4530725974669545,0.8423895840970568,0.06696297704054688,0.7846399759205693,0.7353956911391044,-0.056397166197633575,-0.07092311637927962,0.5408708017070649,0.929920580571144,53
海天味业,恒生电子,调味品,软件,4.177960301163586,1.103971819986575,0.023957774676474086,1.2365895083183451,0.985576677730244,0.1008422115469163,0.6483135085702084,0.5889250082981381,-0.09853156935000129,-0.11902502111251945,0.5408708017070649,0.6369792148892113,53
海天味业,浪潮信息,调味品,服务器,4.177960301163586,1.2169360694345857,0.04811502168848536,3.0077394149322783,0.49237423619168247,-0.12395467373910651,1.553216827453523,1.7729868317235473,0.11114730723174282,0.14690639281182882,0.5408708017070649,3.0051028617400295,53
海天味业,分众传媒,调味品,传媒,4.177960301163586,1.029195489103248,0.006911687165123803,1.3808271554036853,0.7671078531771802,-0.01195642131309882,0.7422384987376635,0.7512204064157677,-0.06886120823040587,-0.06617656872725841,0.5408708017070649,0.9615700111244705,53
海天味业,紫金矿业,调味品,有色,4.177960301163586,1.0745933681125146,0.017368595713786128,2.729287716320234,0.4230960700428802,-0.26063361415051434,1.4580090043505125,1.9719709094907683,0.09445071477150324,0.17648068852465104,0.5408708017070649,3.403071017274472,53
海天味业,中国神华,调味品,煤炭,4.177960301163586,1.034531442922545,0.00815874519836357,1.745609329968335,0.6131127326266164,-0.09337401698556069,0.9460212608747359,1.0434526239026498,-0.013193844987890446,0.010232816894312213,0.5408708017070649,1.546034446098235,53
海天味业,陕西煤业,调味品,煤炭,4.177960301163586,1.0453899552520045,0.010681440261517405,1.7424111775073567,0.6271999242481752,-0.07761337803348578,0.9424035154919106,1.0217011967093805,-0.014098404720533475,0.005151876036520786,0.5408708017070649,1.5025315917116964,53
海天味业,长江电力,调味品,电力,4.177960301163586,1.0292877230489312,0.006933284749758295,1.5791802258840284,0.6708754323631303,-0.05946019419276383,0.8567394291709861,0.9109018288021029,-0.0363323817297464,-0.022088685945996556,0.5408708017070649,1.280932855897141,53
海天味业,万华化学,调味品,化工,4.177960301163586,1.031458636272015,0.007441203186710155,1.3252522572594572,0.8027957790769745,0.0022921272342162347,0.7098605299668259,0.7082371602834563,-0.07874877324121488,-0.0792534766602051,0.5408708017070649,0.8756035188598476,53
海天味业,海螺水泥,调味品,建材,4.177960301163586,1.0231568989190445,0.005494470874764623,1.1826446725116335,0.8851771492636037,0.013284616485477407,0.636297333637921,0.6279551897717383,-0.10255921762102427,-0.10538953998529554,0.5408708017070649,0.7150395778364116,53
海天味业,宝钢股份,调味品,钢铁,4.177960301163586,1.0266272985478537,0.006309725252151566,1.4367242569367857,0.7335879554026611,-0.029323747658062116,0.7785156538394535,0.8020343054248407,-0.058165261809813185,-0.05143201653439333,0.5408708017070649,1.0631978091426164,53
海天味业,洛阳钼业,调味品,有色,4.177960301163586,1.1021334930514033,0.023549401011060178,2.699055435969251,0.4500456790616013,-0.22672264917280704,1.4550444562248177,1.881659219254673,0.09391766677708469,0.16335356122571154,0.5408708017070649,3.222447636802281,53
海天味业,三一重工,调味品,机械,4.177960301163586,1.048342750324865,0.011363997290331662,1.4919390727249622,0.7366403509704892,-0.01305785193782949,0.8053970225223948,0.8160529207347829,-0.05048160835829185,-0.047489721531137286,0.5408708017070649,1.0912350397625008,53
海天味业,汇川技术,调味品,机械,4.177960301163586,1.0591387413155486,0.013847178033823848,1.3989963239918346,0.8018426168230818,0.032169444150186965,0.723695958319249,0.7011406532336244,-0.07448259800413837,-0.08147015842758454,0.5408708017070649,0.861410504760184,53
海天味业,中航沈飞,调味品,军工,4.177960301163586,1.0555182769213907,0.013016591294152224,1.5245500106152883,0.7307853629973463,-0.012105280640563154,0.8247989072637056,0.8349056747651363,-0.04505621175286101,-0.04226839962204998,0.5408708017070649,1.1289405478232077,53
海天味业,顺丰控股,调味品,交运,4.177960301163586,1.0232502391875564,0.005516425555143423,1.137691067881467,0.9203210621554073,0.018813288087876856,0.608073120881669,0.5968445131128091,-0.11225230516767204,-0.11620385986007531,0.5408708017070649,0.6528182245185533,53
海天味业,京沪高铁,调味品,交运,4.177960301163586,1.0285795740498973,0.006767426182078706,1.4588304027651289,0.7252220259101647,-0.029315290124808824,0.7845498313566772,0.8082437308171395,-0.056423114742916836,-0.049679396594328296,0.5408708017070649,1.0756166599272141,53
海天味业,中国中免,调味品,免税,4.177960301163586,1.0344012249125107,0.008128370444760336,0.7664304524374748,1.3960639099055003,-0.01630364197458456,0.4061887754827209,0.412920889834408,-0.19397494849795416,-0.19079743008245675,0.5408708017070649,0.284970977961751,53
海天味业,上海机场,调味品,交运,4.177960301163586,1.0238097725639863,0.0056480021681912795,1.015397596380638,1.0322916403719669,0.023715387999416304,0.5453544248337439,0.5327207456551926,-0.13508435522687567,-0.13992298602087483,0.5408708017070649,0.5245706896033202,53
海天味业,万科A,调味品,地产,4.177960301163586,1.0222246098243803,0.005275102355893457,0.9392305378178497,1.112552361594165,0.018161866859922382,0.5055980109990892,0.4965792055819046,-0.15061332544826633,-0.15426466480410705,0.5408708017070649,0.45228760945674423,53
海天味业,中国建筑,调味品,建筑,4.177960301163586,1.022946619248138,0.005445005149775639,1.3947665356650982,0.7502472701155015,-0.024077435247707224,0.7537560075434346,0.7723522692958246,-0.06542311384164157,-0.05995534858349716,0.5408708017070649,1.0038337368845842,53
海天味业,保利发展,调味品,地产,4.177960301163586,1.0241474852204242,0.005727390244022246,1.0041327529864705,1.0445611582370637,0.0238234865610214,0.539778081780712,0.52721791291759,-0.1372094382323893,-0.1420578634712486,0.5408708017070649,0.513565024128115,53
海天味业,牧原股份,调味品,养殖,4.177960301163586,1.0422184833272925,0.009946699337352927,1.2337971096861842,0.8803873493149303,0.030275896682520065,0.6569422143155009,0.6376371770230183,-0.09567424225739929,-0.10210727019917865,0.5408708017070649,0.7344035523389715,53
海天味业,中国移动,调味品,通信,4.177960301163586,1.0409309078246782,0.009647918846122927,1.980100294515164,0.5472132688763716,-0.1385352761690397,1.0622718988966569,1.2330997074061267,0.014564228178943317,0.051430403837761096,0.5408708017070649,1.9253286131051888,53
海天味业,中兴通讯,调味品,通信,4.177960301163586,1.0721241008381868,0.016808557252101952,1.716586443059022,0.6696138678281338,-0.03251653750310757,0.9196365490232649,0.9505449805310948,-0.01985236196042206,-0.01206645547228713,0.5408708017070649,1.3602191593551247,53
双汇发展,青岛啤酒,肉制品,啤酒,4.177960301163586,1.0189564542293588,0.004504898381706424,0.8011802262419907,1.2959284585514281,-0.00985149253074713,0.8205181108789725,0.8286818640732558,-0.04624484816073782,-0.04398209414430421,1.024336352557282,0.6330273755892296,53
双汇发展,招商银行,肉制品,银行,4.177960301163586,1.013250837134959,0.003155743871843475,1.1068195254890927,0.927592290623005,0.008945288722497668,1.1384413158092965,1.1283479179042142,0.03152088114653462,0.029324488117073333,1.024336352557282,1.2323594832511466,53
双汇发展,工商银行,肉制品,银行,4.177960301163586,1.0072625654958118,0.0017335230337980345,1.2620260837650286,0.8039278180545948,-0.019185911551355517,1.300959593349332,1.3264079387430725,0.0649989625281957,0.06994861185912682,1.024336352557282,1.628479524928863,53
双汇发展,兴业银行,肉制品,银行,4.177960301163586,1.0088902199379919,0.002120727785080101,1.0508602174426807,0.9685964498337754,0.007826134419244068,1.082410472862083,1.0740051640810226,0.0191351122275083,0.017235277867144516,1.024336352557282,1.1236739756047633,53
双汇发展,宁波银行,肉制品,银行,4.177960301163586,1.0308143480022767,0.007290546987518409,1.0683671988910015,0.9945814708185989,0.029437562575256093,1.1161081455232684,1.0841921706559803,0.02664088814092902,0.019536383258252243,1.024336352557282,1.1440479887546788,53
双汇发展,中国平安,肉制品,保险,4.177960301163586,1.016134513148184,0.0038383402865811433,1.1704101373985458,0.8821944682621131,0.007200864491018866,1.1893619284105768,1.1808587247506104,0.04238104991394587,0.04059244263607287,1.024336352557282,1.3373810969439386,53
双汇发展,中国太保,肉制品,保险,4.177960301163586,1.0265878425920176,0.006300468183818797,1.243009016381643,0.8478479115345031,0.009215526711779276,1.2657686171189406,1.254210407605461,0.058031590166806035,0.05571107552875776,1.024336352557282,1.4840844626536402,53
双汇发展,中国人寿,肉制品,保险,4.177960301163586,1.0322810964129139,0.007633417967283895,1.1701917659843106,0.9106236199800217,0.024911066472451893,1.1922069193981857,1.1632296287926076,0.042977308075658804,0.03685280896048182,1.024336352557282,1.302122905027933,53
双汇发展,中信证券,肉制品,券商,4.177960301163586,1.0226604313106775,0.005377670503886156,1.2001273980679141,0.8714361154092728,0.011184704841649129,1.218102501273227,1.2046290805634574,0.04835539042496406,0.04556815724761232,1.024336352557282,1.3849218085696329,53
双汇发展,东方财富,肉制品,券商,4.177960301163586,1.0739029463892173,0.017212104319494603,1.0460414471251902,1.1025065416221687,0.07311309329317095,1.0558144565611012,0.9838799499883244,0.013084620491910837,-0.003882235333468542,1.024336352557282,0.9434235474193667,53
双汇发展,恒瑞医药,肉制品,医药,4.177960301163586,1.0378270264796383,0.008926509186370835,1.120789865614566,0.961005242763296,0.037101112588467045,1.1153407924387821,1.0754407443022014,0.02647189977559039,0.017560557999363846,1.024336352557282,1.1265451360471208,53
双汇发展,迈瑞医疗,肉制品,医药,4.177960301163586,1.0245810142950906,0.005829273258850076,0.7895417582049172,1.3295892762412966,-0.01119373377008459,0.8025606086087402,0.811645957371118,-0.051283067104356705,-0.04872345226757269,1.024336352557282,0.598955562184954,53
双汇发展,药明康德,肉制品,医药,4.177960301163586,1.0932500471531779,0.021568661485797502,1.288027041237433,0.9279274637372346,0.07890165808753657,1.3179967567279498,1.2216097239707961,0.06832070861763495,0.04907707712229703,1.024336352557282,1.4188830953843103,53
双汇发展,爱尔眼科,肉制品,医药,4.177960301163586,1.0388605635208843,0.009166907750274733,0.6121983027968722,1.7628785730185519,-0.09596681439140586,0.6203497936535379,0.6862024575302721,-0.10799493150728212,-0.08619264980586028,1.024336352557282,0.3480685625032621,53
双汇发展,片仔癀,肉制品,中药,4.177960301163586,1.0226225994376301,0.0053687683022320964,0.6374890807342554,1.6404312049958254,-0.08492889658813907,0.6480218355383809,0.7081655547008516,-0.09862865873322213,-0.07927575899276462,1.024336352557282,0.3919947568444214,53
双汇发展,云南白药,肉制品,中药,4.177960301163586,1.005765752538738,0.0013770240192081395,0.9898758171965042,1.0219107603262159,0.005680853218507753,1.0166716069744497,1.010928669588138,0.0039653132165922145,0.002604987509575274,1.024336352557282,0.997520986618994,53
双汇发展,同仁堂,肉制品,中药,4.177960301163586,1.018373303929506,0.004367270261310674,0.7499551684191396,1.3828615760358172,-0.029046588303122567,0.7640997797272973,0.786958231489115,-0.062369286573151994,-0.05573062289566355,1.024336352557282,0.5495801104209482,53
双汇发展,美的集团,肉制品,家电,4.177960301163586,1.0112464736909192,0.0026804189879408025,1.2592835319432276,0.8120644831861599,-0.012848642785910913,1.291406718470229,1.3082155122744306,0.06312193103150077,0.06641767469434834,1.024336352557282,1.5920946719915792,53
双汇发展,格力电器,肉制品,家电,4.177960301163586,1.0091897414992315,0.0021919295704773134,1.158963793377352,0.8787711403644164,-0.0011184385389404472,1.1934456345991404,1.1947819247494096,0.04323658199579716,0.04351604978877721,1.024336352557282,1.3652274969415372,53
双汇发展,海尔智家,肉制品,家电,4.177960301163586,1.0199846188374595,0.004747407558234773,0.9957907043097192,1.044766353172758,0.019435690302447517,1.0094994060127653,0.9902531524212829,0.002265525624286724,-0.0023416179581621233,1.024336352557282,0.9561699522852838,53
双汇发展,苏泊尔,肉制品,家电,4.177960301163586,1.0085827162933982,0.0020476117821952577,0.975597528871327,1.0426831408466335,0.007813967362229723,0.9930719052701806,0.9853722387568871,-0.0016626353073408984,-0.003520819842797729,1.024336352557282,0.9464081249564923,53
双汇发展,比亚迪,肉制品,汽车,4.177960301163586,1.0429442706224317,0.010114993767740277,0.9175853843007835,1.1854294654584412,0.0328750033480838,0.9287899252625376,0.8992278080618152,-0.01752612084574201,-0.025103161237156724,1.024336352557282,0.7741192635663485,53
双汇发展,长城汽车,肉制品,汽车,4.177960301163586,1.0275229084973574,0.006519778508476737,0.7086110808983821,1.4899616389688883,-0.04128549056752373,0.7221895838774195,0.7532895108731891,-0.07494406554963318,-0.06556158863904804,1.024336352557282,0.4822426691890962,53
双汇发展,上汽集团,肉制品,汽车,4.177960301163586,1.0124003924959857,0.0029541525599043883,0.8824283421676592,1.161515905312215,0.007401889429732744,0.9343588366888612,0.9274936313825861,-0.01611935599039349,-0.017854498302205535,1.024336352557282,0.8306509102078902,53
双汇发展,长安汽车,肉制品,汽车,4.177960301163586,1.0432766754515561,0.010192041541332353,0.7278577467984932,1.4953831656374215,-0.019497895826031675,0.7485950818245587,0.7634813618836835,-0.06695872606980191,-0.06255097747373539,1.024336352557282,0.5026263712100852,53
双汇发展,赛力斯,肉制品,汽车,4.177960301163586,1.1728831989159865,0.03890590389935,0.9379718843441696,1.4666271145869756,0.1382560038489009,0.9385558714736746,0.8245560474094054,-0.015063350052454294,-0.04512352023432875,1.024336352557282,0.6247757422615287,53
双汇发展,宁德时代,肉制品,电池,4.177960301163586,1.0474521916944008,0.011158293278754838,1.1444502003962924,0.9586752604049421,0.04531100486100126,1.1480165015262933,1.098253530468618,0.03359085877888979,0.022685786112003115,1.024336352557282,1.1721707083799544,53
双汇发展,隆基绿能,肉制品,光伏,4.177960301163586,1.054559789710879,0.012796337774700905,0.46281616041481133,2.40289005699003,-0.22975149403013417,0.4687819505114435,0.6086113077508306,-0.16584555023001757,-0.1120643057961952,1.024336352557282,0.1928862629443792,53
双汇发展,通威股份,肉制品,光伏,4.177960301163586,1.04113854084487,0.00969611886611732,0.5237955829452674,2.0694513213293955,-0.16541242925512523,0.535030119187886,0.6410712763315756,-0.13903203710901502,-0.10095219117969556,1.024336352557282,0.2578062001058692,53
双汇发展,阳光电源,肉制品,光伏,4.177960301163586,1.1288264981028777,0.02942896727045352,1.2267809217409626,1.0386934131734618,0.1263513840207695,1.237812966014383,1.0989580903214464,0.05239092937243539,0.022842781631979836,1.024336352557282,1.1735798280856111,53
双汇发展,晶澳科技,肉制品,光伏,4.177960301163586,1.086584361811898,0.02007436050776734,0.4014262671547121,2.941176679101406,-0.29289100942447344,0.4117121287113039,0.5822470569582283,-0.19136504088630202,-0.12142641792784681,1.024336352557282,0.1401577613591748,53
双汇发展,亿纬锂能,肉制品,电池,4.177960301163586,1.0753237115208676,0.01753405256221674,0.755974748878438,1.5295763334351167,0.006255809341846552,0.7618519326510924,0.7571155620451927,-0.0630302397296384,-0.06442778465201571,1.024336352557282,0.4898947715331034,53
双汇发展,立讯精密,肉制品,电子,4.177960301163586,1.0928083753402793,0.021469863026499114,1.3525995041846717,0.8829148181107209,0.06466528576896913,1.409147800543929,1.3235594504484598,0.08555775703186042,0.06939819598351793,1.024336352557282,1.6227825483396379,53
双汇发展,京东方A,肉制品,电子,4.177960301163586,1.050617653856349,0.011888858832797888,1.231164943240335,0.896547177252713,0.040100027398980886,1.241723423573203,1.1938500056368904,0.05318574094304007,0.043321176070316714,1.024336352557282,1.3633636587164986,53
双汇发展,工业富联,肉制品,电子,4.177960301163586,1.1542452888983334,0.0349303672727157,2.8966143204004893,0.45994462485423143,-0.2118171848555105,2.9967264713099167,3.802070298577313,0.300427299225273,0.37666586261905177,1.024336352557282,6.579804244597344,53
双汇发展,海康威视,肉制品,安防,4.177960301163586,1.0220858558261765,0.005242440398140591,1.0623250242969076,0.983370882533176,0.021792853900790554,1.0754017133241272,1.0524654867360637,0.017551718556384266,0.012314551527398798,1.024336352557282,1.0805946209148454,53
双汇发展,大华股份,肉制品,安防,4.177960301163586,1.0511392499436805,0.012009078673871798,1.1065532528208357,0.9985002709589963,0.04990926984359323,1.1302173496993642,1.0764904950955758,0.02973241385948122,0.017798206192342514,1.024336352557282,1.1286446376338697,53
双汇发展,韦尔股份,肉制品,半导体,4.177960301163586,1.0767902800547124,0.01786604075342413,0.8748577224446962,1.3253324254603034,0.051000384787504904,0.8839126281000445,0.8410202706812111,-0.029103336898719467,-0.04059421371549987,1.024336352557282,0.6577041888051403,53
双汇发展,北方华创,肉制品,半导体,4.177960301163586,1.0741647449180087,0.01727145273325914,1.7738390500827834,0.650470457943139,-0.04979656970120594,1.8239668496779624,1.9195540570764,0.15471479352685336,0.16891883254050688,1.024336352557282,2.814771761595518,53
双汇发展,中芯国际,肉制品,半导体,4.177960301163586,1.137757373583738,0.03137251946802677,1.864890683043156,0.6941381888571586,0.015682804593431854,1.894063521311203,1.8648179458638945,0.16518457983196044,0.16085284174053394,1.024336352557282,2.705299539170507,53
双汇发展,兆易创新,肉制品,半导体,4.177960301163586,1.1602715328388984,0.03622109560240583,1.8826885604360588,0.715057210314445,0.03351871441373744,1.940795336657267,1.8778521468362395,0.1720018826910592,0.1627897521858208,1.024336352557282,2.731367941115197,53
双汇发展,科大讯飞,肉制品,软件,4.177960301163586,1.1006464634254869,0.023218686771193653,1.0457899689425625,1.158380433382763,0.09936541661483922,1.0742212437305851,0.977128466564213,0.017284259287309256,-0.005522598473481799,1.024336352557282,0.929920580571144,53
双汇发展,恒生电子,肉制品,软件,4.177960301163586,1.1049146058855779,0.024167008465844964,0.8953766230669464,1.3634891227308725,0.07485964144018964,0.8928405275722715,0.8306577837232466,-0.02676510822427891,-0.04343697718292994,1.024336352557282,0.6369792148892113,53
双汇发展,浪潮信息,肉制品,服务器,4.177960301163586,1.2151287509899114,0.047742237912810515,2.1727222277099036,0.6795796824146293,0.05915612155507732,2.1339026051285392,2.0147196071486557,0.1989148757942023,0.18253538880100573,1.024336352557282,3.0051028617400295,53
双汇发展,分众传媒,肉制品,传媒,4.177960301163586,1.01549081272746,0.003686097501450991,0.9856594975550849,1.0462249826555807,0.014985127024277567,1.0078327113999224,0.9929531818408762,0.00186920987773731,-0.0016912038772812776,1.024336352557282,0.9615700111244705,53
双汇发展,紫金矿业,肉制品,有色,4.177960301163586,1.056306878504416,0.013197692260762617,1.9409070591544264,0.5748777182879868,-0.10907422115992271,1.9722456796048264,2.2137036849158767,0.1765199228754024,0.20949695450759975,1.024336352557282,3.403071017274472,53
双汇发展,中国神华,肉制品,煤炭,4.177960301163586,1.0092494464966937,0.002206120625290131,1.2320018120979426,0.8267718726154816,-0.011737124462452009,1.2701010183385224,1.2851853993277584,0.05889724367530769,0.06189382617741135,1.024336352557282,1.546034446098235,53
双汇发展,陕西煤业,肉制品,煤炭,4.177960301163586,1.0211834995006615,0.0050299481600843965,1.23136153048193,0.846880232846222,0.0027404434836200142,1.2668963415304093,1.2634339721344892,0.05825713655479947,0.05756417184992335,1.024336352557282,1.5025315917116964,53
双汇发展,长江电力,肉制品,电力,4.177960301163586,1.0081831821816403,0.0019525881050406202,1.1190353866439593,0.908312052474257,0.0019460500700607675,1.1548776888795222,1.1526346042272113,0.035066057972468645,0.034584515621661094,1.024336352557282,1.280932855897141,53
双汇发展,万华化学,肉制品,化工,4.177960301163586,1.0240108457319468,0.005695272004560881,0.951833004388527,1.101661958917146,0.020882957908634037,0.9698081178904344,0.9499699357085647,-0.0073109456328908085,-0.012209539907970579,1.024336352557282,0.8756035188598476,53
双汇发展,海螺水泥,肉制品,建材,4.177960301163586,1.0067746145697074,0.001617351056343086,0.8418869282015599,1.2039563634836643,-0.009270046189257641,0.8616259175892305,0.8696879651968468,-0.03501966468843032,-0.03286618401471164,1.024336352557282,0.7150395778364116,53
双汇发展,宝钢股份,肉制品,钢铁,4.177960301163586,1.0062288183767076,0.0014873564482138502,1.0187481533544558,0.9938633327559069,0.006074115618115439,1.0501070427774146,1.0437670808499493,0.011771126883179939,0.010305678015676278,1.024336352557282,1.0631978091426164,53
双汇发展,洛阳钼业,肉制品,有色,4.177960301163586,1.096487325624871,0.02229188956485384,1.9426326660080488,0.6188943881637584,-0.06181618184289639,1.9921320090129055,2.1233919946797815,0.17934851132726615,0.19749878028681733,1.024336352557282,3.222447636802281,53
双汇发展,三一重工,肉制品,机械,4.177960301163586,1.0278600955446169,0.006598825105673223,1.0582572797356318,0.9983360343875141,0.027349240996096702,1.0867153320863923,1.0577856961598915,0.020103788247213927,0.013537023068045828,1.024336352557282,1.0912350397625008,53
双汇发展,汇川技术,肉制品,机械,4.177960301163586,1.0437429144135193,0.01030007913350639,0.9973939434434997,1.092245725522735,0.04072230491536066,0.9812694079171655,0.942873428658733,-0.004515483119070018,-0.013980761302916256,1.024336352557282,0.861410504760184,53
双汇发展,中航沈飞,肉制品,军工,4.177960301163586,1.0357010503543447,0.008431438444479245,1.0822305799152214,0.9911720160311153,0.03448952767193947,1.1137712018107553,1.0766384501902448,0.02612596506582654,0.017831686882076703,1.024336352557282,1.1289405478232077,53
双汇发展,顺丰控股,肉制品,交运,4.177960301163586,1.0178886195005323,0.0042528352461166374,0.8187517089056869,1.265459638665681,-0.007371010150582946,0.8323961268320563,0.8385772885379177,-0.04295821783656162,-0.04126199185609891,1.024336352557282,0.6528182245185533,53
双汇发展,京沪高铁,肉制品,交运,4.177960301163586,1.0101246886202484,0.002414080353399406,1.0364571765629025,0.9844612103935088,0.009824329480937255,1.0602918213868153,1.0499765062422481,0.01411125775611155,0.011741021995181011,1.024336352557282,1.0756166599272141,53
双汇发展,中国中免,肉制品,免税,4.177960301163586,1.038698848553024,0.009129305194532256,0.5567789957112782,1.9377442509430558,-0.14265366601635887,0.5612649199392002,0.6546536652595165,-0.12911056048001546,-0.09642928206115908,1.024336352557282,0.284970977961751,53
双汇发展,上海机场,肉制品,交运,4.177960301163586,1.019093630413054,0.004537264350174208,0.7312071250143756,1.4203250926036044,-0.035408251094917076,0.7470314763445471,0.7744535210803011,-0.06742555960560115,-0.05934384647425839,1.024336352557282,0.5245706896033202,53
双汇发展,万科A,肉制品,地产,4.177960301163586,1.0175323564578158,0.004168694358274827,0.6763688027057566,1.5307803853410686,-0.061926266219443304,0.6925910767181682,0.7383119810070131,-0.08416350545517137,-0.07004258878319303,1.024336352557282,0.45228760945674423,53
双汇发展,中国建筑,肉制品,建筑,4.177960301163586,1.011798045708956,0.0028112929825454547,0.9980489702009269,1.025736527832261,0.011752803319734939,1.0260033868010228,1.014085044720933,0.006163312764483786,0.003353361315358905,1.024336352557282,1.0038337368845842,53
双汇发展,保利发展,肉制品,地产,4.177960301163586,1.0209782134788234,0.004981586244896974,0.7241934161867484,1.43938965627051,-0.036974770627293596,0.7405189130175276,0.7689506883426984,-0.06937799749270279,-0.060947957754270865,1.024336352557282,0.513565024128115,53
双汇发展,牧原股份,肉制品,养殖,4.177960301163586,1.0310545255165078,0.007346716914423013,0.8830312585507087,1.2038910562836245,0.0170138756516256,0.8943314434708549,0.8793699524481267,-0.02637637023881323,-0.030299971882587373,1.024336352557282,0.7344035523389715,53
双汇发展,中国移动,肉制品,通信,4.177960301163586,1.016613350873156,0.0039515435131884935,1.3990413811581937,0.7387220414581045,-0.03196747351211138,1.4276858145015263,1.4748324828312354,0.08895896831858474,0.09746018661249978,1.024336352557282,1.9253286131051888,53
双汇发展,中兴通讯,肉制品,通信,4.177960301163586,1.0663152442577941,0.015487208898378624,1.2351386292492228,0.92056727334947,0.055698065529236285,1.2586853205365027,1.1922777559562032,0.056611415369682394,0.04299214030900278,1.024336352557282,1.3602191593551247,53
青岛啤酒,招商银行,啤酒,银行,4.177960301163586,1.0295551450106561,0.006995896198951357,1.4303254181469771,0.7410787665307306,-0.02502229881207363,0.9093552957291784,0.9326934294201881,-0.022486338173730136,-0.01653938518702247,0.6330273755892296,1.2323594832511466,53
青岛啤酒,工商银行,啤酒,银行,4.177960301163586,1.0289867254496394,0.006862797440150947,1.6396864654226757,0.6457415508876767,-0.07603938173551872,1.044771657006044,1.1307534502590464,0.01053833111622371,0.029849300811281454,0.6330273755892296,1.628479524928863,53
青岛啤酒,兴业银行,啤酒,银行,4.177960301163586,1.0242847578856669,0.005759654034894535,1.3568978421329132,0.7732043140312769,-0.016461708601733793,0.8638915227251828,0.8783506755969965,-0.034412948254075926,-0.030569116177202815,0.6330273755892296,1.1236739756047633,53
青岛啤酒,宁波银行,啤酒,银行,4.177960301163586,1.0376417271633422,0.008883389702105227,1.3677695194946604,0.7871942886608003,-0.005993990192777021,0.8832117960191026,0.8885376821719542,-0.02928764496266678,-0.02788979800216873,0.6330273755892296,1.1440479887546788,53
青岛啤酒,中国平安,啤酒,保险,4.177960301163586,1.0309496500768545,0.0073221910891740905,1.5102530807848067,0.7037609752408335,-0.03713966129084423,0.9486140846293383,0.985204236266584,-0.012547167962341677,-0.0035614873432580074,0.6330273755892296,1.3373810969439386,53
青岛啤酒,中国太保,啤酒,保险,4.177960301163586,1.0410625637562247,0.009678482359887663,1.6031730156693158,0.6760413573965992,-0.04674148767540465,1.0090774406740937,1.0585559191214349,0.0021652354821519726,0.013713616214499735,0.6330273755892296,1.4840844626536402,53
青岛啤酒,中国人寿,啤酒,保险,4.177960301163586,1.0436723638672993,0.010283733412452811,1.504695595141919,0.7239019018977196,-0.020684455316167916,0.9475613755538336,0.9675751403085813,-0.012809562160298271,-0.007858501112316452,0.6330273755892296,1.302122905027933,53
青岛啤酒,中信证券,啤酒,券商,4.177960301163586,1.0378749843371813,0.008937668112144914,1.5490532412793518,0.6953824790575085,-0.03682239187346936,0.9718217342595086,1.0089745920794313,-0.006818002097594422,0.0021407862218310036,0.6330273755892296,1.3849218085696329,53
青岛啤酒,东方财富,啤酒,券商,4.177960301163586,1.0815712994350333,0.018945940910226167,1.3398754067306635,0.8730636220989572,0.06051293283016257,0.8359232959113316,0.7882254615042982,-0.0419891278790987,-0.05536690090525909,0.6330273755892296,0.9434235474193667,53
青岛啤酒,恒瑞医药,啤酒,医药,4.177960301163586,1.0575389244073685,0.013480423697581623,1.4525161937773827,0.7699663393963523,0.015521859370814406,0.8934421743573603,0.8797862558181753,-0.02660817684440453,-0.030190113494139914,0.6330273755892296,1.1265451360471208,53
青岛啤酒,迈瑞医疗,啤酒,医药,4.177960301163586,1.0423776922929546,0.009983624095965205,1.0215963002813182,1.0635818210097086,0.042008483275455255,0.6418683362056583,0.6159914688870918,-0.10068476874188581,-0.10949893776890751,0.6330273755892296,0.598955562184954,53
青岛啤酒,药明康德,啤酒,医药,4.177960301163586,1.1199116560659381,0.02747720427043676,1.6780876586258784,0.7473996432459137,0.03452279028497607,1.061374072923253,1.02595523548677,0.014358917585272746,0.0061520103489101086,0.6330273755892296,1.4188830953843103,53
青岛啤酒,爱尔眼科,啤酒,医药,4.177960301163586,1.0393149705662519,0.009272544310806152,0.7789461705865349,1.3867140616787075,-0.005432820320928622,0.48788291007162116,0.49054796904624587,-0.15783351897148468,-0.1567347040339243,0.6330273755892296,0.3480685625032621,53
青岛啤酒,片仔癀,啤酒,中药,4.177960301163586,1.0373229659732053,0.008809199693497582,0.8224258641099242,1.3083719550819304,0.008264114565846858,0.5167465163843057,0.5125110662168255,-0.14616760856778466,-0.14784791534136776,0.6330273755892296,0.3919947568444214,53
青岛啤酒,云南白药,啤酒,中药,4.177960301163586,1.023755574427908,0.0056352596427156065,1.2814614716736934,0.8178751365839692,-0.002146858554251896,0.8135239027543477,0.8152741811041118,-0.04819709940347394,-0.04770736066819126,0.6330273755892296,0.997520986618994,53
青岛啤酒,同仁堂,啤酒,中药,4.177960301163586,1.0311726762818483,0.00737434499068268,0.965795317943935,1.1009756089664495,0.028616160992657402,0.6082245861104835,0.5913037430050889,-0.11219938255889605,-0.11817462906072851,0.6330273755892296,0.5495801104209482,53
青岛啤酒,美的集团,啤酒,家电,4.177960301163586,1.0241253119766627,0.005722178461638805,1.6219781762562577,0.6466379572702652,-0.07588644996277005,1.0281327173280057,1.1125610237904044,0.006662721279691253,0.02585899092842614,0.6330273755892296,1.5920946719915792,53
青岛啤酒,格力电器,啤酒,家电,4.177960301163586,1.018098892383695,0.004302486206135381,1.4870049316176368,0.697055761304923,-0.05269615622768531,0.9464772607925761,0.9991274362653835,-0.013080016279732432,-0.0002089185599387644,0.6330273755892296,1.3652274969415372,53
青岛啤酒,海尔智家,啤酒,家电,4.177960301163586,1.0303336921867066,0.007178106886287727,1.2793157575876943,0.8298088341042898,0.008861606904041919,0.8016400849435454,0.7945986639372566,-0.05154363385541172,-0.05354437016657754,0.6330273755892296,0.9561699522852838,53
青岛啤酒,苏泊尔,啤酒,家电,4.177960301163586,1.0249292942409933,0.005911098253881919,1.2608937115319174,0.8331234017473721,0.004570932503987102,0.7933274968065588,0.789717750272861,-0.05390699302636792,-0.05493915211897904,0.6330273755892296,0.9464081249564923,53
青岛啤酒,比亚迪,啤酒,汽车,4.177960301163586,1.0621603001072197,0.014538715481384523,1.188504559388209,0.9492470972972961,0.05688088549185033,0.7435931930038143,0.7035733195777891,-0.06845472121218532,-0.08070837053556734,0.6330273755892296,0.7741192635663485,53
青岛啤酒,长城汽车,啤酒,汽车,4.177960301163586,1.0467578030540061,0.01099780890056068,0.9180958740624283,1.1934504110187782,0.03715915160392402,0.5783562667257793,0.5576350223891628,-0.12283522339800412,-0.13046199860233942,0.6330273755892296,0.4822426691890962,53
青岛啤酒,上汽集团,啤酒,汽车,4.177960301163586,1.0313154174766899,0.007407720019203978,1.1432574927407786,0.9303341522610793,0.02242153562493865,0.7482481003127845,0.7318391428985599,-0.06706225756480089,-0.07200056190033288,0.6330273755892296,0.8306509102078902,53
青岛啤酒,长安汽车,啤酒,汽车,4.177960301163586,1.0760871396733942,0.01770691329917584,0.954816366001963,1.2127604567767603,0.068979245917272,0.6069951429383281,0.5678268733996574,-0.11262924526058404,-0.12668427575816388,0.6330273755892296,0.5026263712100852,53
青岛啤酒,赛力斯,啤酒,汽车,4.177960301163586,1.195714069176683,0.043710854996786175,1.2161518288538051,1.1756197715663108,0.1960187525258883,0.7521780579675184,0.6289015589253791,-0.06589177518132161,-0.10506702283960989,0.6330273755892296,0.6247757422615287,53
青岛啤酒,宁德时代,啤酒,电池,4.177960301163586,1.0586122040544792,0.013726517130204341,1.4710417157786218,0.7618137450166853,0.010518153143880937,0.912092716935706,0.902599041984592,-0.021782828734223547,-0.024229596300909928,0.6330273755892296,1.1721707083799544,53
青岛啤酒,隆基绿能,啤酒,光伏,4.177960301163586,1.06477925032853,0.015136899255714598,0.5943226601242948,1.9076419729530025,-0.09896094425596969,0.3720902224952196,0.4129568192668044,-0.2107144971569761,-0.19078057767020462,0.6330273755892296,0.1928862629443792,53
青岛啤酒,通威股份,啤酒,光伏,4.177960301163586,1.0612110277580586,0.014321619016434806,0.6790167150023302,1.6585289000307608,-0.037513598549741234,0.42870760128092117,0.4454167878475494,-0.18349787119002703,-0.17599121093984038,0.6330273755892296,0.2578062001058692,53
青岛啤酒,阳光电源,啤酒,光伏,4.177960301163586,1.1382382284294181,0.03147683423417624,1.5732523459567542,0.8235082362901198,0.08621534004811782,0.9811822290365231,0.9033036018374203,-0.004536652487656556,-0.024047342134882244,0.6330273755892296,1.1735798280856111,53
青岛啤酒,晶澳科技,啤酒,光伏,4.177960301163586,1.086369386103054,0.02002605171960381,0.5104406556158063,2.3121168544815656,-0.16296369392488685,0.32359201547173644,0.3865925684742022,-0.23666115645178842,-0.2034581257472896,0.6330273755892296,0.1401577613591748,53
青岛啤酒,亿纬锂能,啤酒,电池,4.177960301163586,1.0865156565675151,0.020058922032537785,0.971470144787397,1.215185333590144,0.07779523334641869,0.6051400687937881,0.5614610735611665,-0.11327910894197946,-0.12903772056494212,0.6330273755892296,0.4898947715331034,53
青岛啤酒,立讯精密,啤酒,电子,4.177960301163586,1.132214835043923,0.0301677151888593,1.7822944413436608,0.7192472820187407,0.017560515885097105,1.14771155496589,1.1279049619644337,0.033525137827984164,0.029227756077285116,0.6330273755892296,1.6227825483396379,53
青岛啤酒,京东方A,啤酒,电子,4.177960301163586,1.0726799968804084,0.016934721929698915,1.5987005750128787,0.7197360116656514,-0.001556750518522998,0.996641575763949,0.998195517152864,-0.0008048717919761916,-0.00043220194221349484,0.6330273755892296,1.3633636587164986,53
青岛啤酒,工业富联,啤酒,电子,4.177960301163586,1.1484623530147813,0.033686923140983094,3.665512701723796,0.359831184235693,-0.3500487899906861,2.3439943195668516,3.606415810093287,0.22616682584382253,0.3593671976391597,0.6330273755892296,6.579804244597344,53
青岛啤酒,海康威视,啤酒,安防,4.177960301163586,1.0309759392771305,0.007328339173279685,1.3628371575093166,0.7799254529505996,-0.004741721438013213,0.8527482391733003,0.8568109982520375,-0.03740881596424084,-0.036313114208543995,0.6330273755892296,1.0805946209148454,53
青岛啤酒,大华股份,啤酒,安防,4.177960301163586,1.0562575274565325,0.013186361896541543,1.4141884487523775,0.7889188780270835,0.013599041202219775,0.892814531757859,0.8808360066115497,-0.026771890691494216,-0.029913269983702362,0.6330273755892296,1.1286446376338697,53
青岛啤酒,韦尔股份,啤酒,半导体,4.177960301163586,1.1043053632938666,0.024031813938977242,1.1410925949356048,1.0687041006242077,0.10420636913679382,0.7126170071250806,0.645365782197185,-0.07789379563738852,-0.09951431395618426,0.6330273755892296,0.6577041888051403,53
青岛啤酒,北方华创,啤酒,半导体,4.177960301163586,1.0824925790398325,0.019153615083820963,2.273493136122596,0.5154139966636435,-0.1617968327820054,1.4449780783598623,1.723899568592374,0.0921014689545756,0.13922480446934205,0.6330273755892296,2.814771761595518,53
青岛啤酒,中芯国际,啤酒,半导体,4.177960301163586,1.152869867478541,0.034635055058175324,2.4033078841425106,0.5530331507293367,-0.09611009122427494,1.508740005222863,1.6691634573798684,0.10344725972139246,0.130460471630504,0.6330273755892296,2.705299539170507,53
青岛啤酒,兆易创新,啤酒,半导体,4.177960301163586,1.1751206565077714,0.03937992437088522,2.4250835725633486,0.5694272036536931,-0.08142200679017042,1.5452297491914506,1.6821976583522134,0.10977701156336162,0.13256711387941755,0.6330273755892296,2.731367941115197,53
青岛啤酒,科大讯飞,啤酒,软件,4.177960301163586,1.0991316410303675,0.02288144180150975,1.328225280695391,0.9095523040200035,0.07912382085159564,0.8433071851219873,0.7814739780801868,-0.03997043174017323,-0.05730987585805947,0.6330273755892296,0.929920580571144,53
青岛啤酒,恒生电子,啤酒,软件,4.177960301163586,1.0989061307510195,0.02283120621067969,1.1325647374448895,1.0662478216711546,0.09930310143439147,0.6980610918775335,0.6350032952392204,-0.08243740993592252,-0.10299640210071348,0.6330273755892296,0.6369792148892113,53
青岛啤酒,浪潮信息,啤酒,服务器,4.177960301163586,1.2331106540182,0.0514326379052521,2.804202442017152,0.5422439772070822,-0.06417977970556155,1.7023179200786624,1.8190651186646296,0.1357947901345824,0.15397128266960958,0.6330273755892296,3.0051028617400295,53
青岛啤酒,分众传媒,啤酒,传媒,4.177960301163586,1.0333149123694547,0.007874862934544424,1.275583849477539,0.8370596010308728,0.011146086083085871,0.8061854532269374,0.79729869335685,-0.050259210320597436,-0.05277560071562892,0.6330273755892296,0.9615700111244705,53
青岛啤酒,紫金矿业,啤酒,有色,4.177960301163586,1.0761794170788266,0.01772780107442795,2.5149231335080096,0.4605159188816355,-0.21726795037042645,1.5795917837764164,2.0180491964318508,0.11563456405261441,0.1830028581049168,0.6330273755892296,3.403071017274472,53
青岛啤酒,中国神华,啤酒,煤炭,4.177960301163586,1.0335994997425841,0.007941295304964235,1.604687685014758,0.6657544242687292,-0.06148119062391477,1.0225452532235013,1.0895309108437323,0.005350567218443736,0.020735769839393292,0.6330273755892296,1.546034446098235,53
青岛啤酒,陕西煤业,啤酒,煤炭,4.177960301163586,1.0444702942880537,0.010468555404740565,1.6017815537430513,0.6810655255087127,-0.046013679542339925,1.0186470206678855,1.067779483650463,0.0044318770571532,0.01582079652152779,0.6330273755892296,1.5025315917116964,53
青岛啤酒,长江电力,啤酒,电力,4.177960301163586,1.0286892049227645,0.006793108973140338,1.4521582835327096,0.7287094611685929,-0.0320154996428319,0.926341919189412,0.9569801157431852,-0.01814654328877008,-0.010469719138644917,0.6330273755892296,1.280932855897141,53
青岛啤酒,万华化学,啤酒,化工,4.177960301163586,1.0377690207307606,0.008913011773955981,1.2268241256055763,0.8778475397660429,0.024279468933688708,0.7726298256916282,0.7543154472245386,-0.059874502192565515,-0.06525713579375503,0.6330273755892296,0.8756035188598476,53
青岛啤酒,海螺水泥,啤酒,建材,4.177960301163586,1.0224471223073648,0.005327473578710107,1.0873960958329556,0.9613774795777857,0.020553497297588486,0.6878872219549218,0.6740334767128207,-0.08565614685564016,-0.09009784044287306,0.6330273755892296,0.7150395778364116,53
青岛啤酒,宝钢股份,啤酒,钢铁,4.177960301163586,1.0255015811403099,0.006045505592618516,1.320479976372573,0.7964175994627517,-0.008003515088307767,0.8413247104363385,0.848112592365923,-0.040511099914758875,-0.038663882995626286,0.6330273755892296,1.0631978091426164,53
青岛啤酒,洛阳钼业,啤酒,有色,4.177960301163586,1.112875578020954,0.025928405133623267,2.507604761047968,0.4938944411789547,-0.17547606313332054,1.5894657178540792,1.9277375061957553,0.1172997896386907,0.17010967170442837,0.6330273755892296,3.222447636802281,53
青岛啤酒,三一重工,啤酒,机械,4.177960301163586,1.0462922674028399,0.010890170777635433,1.3700476655578588,0.799043373707164,0.00867582008087786,0.8696109029197708,0.8621312076758652,-0.032886696357869116,-0.03488424577119453,0.6330273755892296,1.0912350397625008,53
青岛啤酒,汇川技术,啤酒,机械,4.177960301163586,1.0512475601463735,0.012034036812702542,1.2776255546078648,0.8649806891604424,0.039772495269825736,0.7769377019383296,0.7472189401747068,-0.058622530916118576,-0.06736955079644724,0.6330273755892296,0.861410504760184,53
青岛啤酒,中航沈飞,啤酒,军工,4.177960301163586,1.0495181130540454,0.011635282861803153,1.3947639873837612,0.7897309362673243,0.00710293232001824,0.8872415311612396,0.8809839617062187,-0.028229401401604792,-0.029874270992129248,0.6330273755892296,1.1289405478232077,53
青岛啤酒,顺丰控股,啤酒,交运,4.177960301163586,1.0236743697242492,0.005616166641885023,1.0472230506154632,1.0006552229866144,0.023580766853086965,0.6580834127064961,0.6429228000538915,-0.09529848459757628,-0.10033137226737587,0.6330273755892296,0.6528182245185533,53
青岛啤酒,京沪高铁,啤酒,交运,4.177960301163586,1.0256284027662446,0.0060752832050554595,1.3384181547030884,0.7859379498585716,-0.009376295315956185,0.8463116422247972,0.8543220177582218,-0.03915288446599874,-0.03698390712923427,0.6330273755892296,1.0756166599272141,53
青岛啤酒,中国中免,啤酒,免税,4.177960301163586,1.0325684341133494,0.007700543372369362,0.7039429114823899,1.514608008314275,-0.04440519333715709,0.4386172295891787,0.4589991767754903,-0.17901964779294033,-0.1700455482289187,0.6330273755892296,0.284970977961751,53
青岛啤酒,上海机场,啤酒,交运,4.177960301163586,1.0202394893613065,0.004807494113298505,0.9310089570692317,1.1180221283035592,0.01575480379192573,0.5879178977897856,0.5787990325962749,-0.11938584812838116,-0.12267454068531847,0.6330273755892296,0.5245706896033202,53
青岛啤酒,万科A,啤酒,地产,4.177960301163586,1.029418546743878,0.006963916020482186,0.8702674306018908,1.21767459876945,0.015043794849719516,0.5508211205141659,0.5426574925229869,-0.13301704174801787,-0.13611005221994465,0.6330273755892296,0.45228760945674423,53
青岛啤酒,中国建筑,啤酒,建筑,4.177960301163586,1.0216681743957827,0.005144100035436416,1.281720357377452,0.8143787781517016,-0.004885048726135932,0.8144324830907311,0.818430556236907,-0.04794277306433381,-0.04682620518509262,0.6330273755892296,1.0038337368845842,53
青岛啤酒,保利发展,啤酒,地产,4.177960301163586,1.0218761753025054,0.005193076311152733,0.9218532131118102,1.1327518338043951,0.016315861958317468,0.5826500215167943,0.5732961998586723,-0.12128091923292394,-0.12467823398981004,0.6330273755892296,0.513565024128115,53
青岛啤酒,牧原股份,啤酒,养殖,4.177960301163586,1.04477054646229,0.010538074015707055,1.1379960849664068,0.959182117737544,0.041960804457089385,0.7124047148517862,0.6837154639641005,-0.07795955291903778,-0.08698645187474618,0.6330273755892296,0.7344035523389715,53
青岛啤酒,中国移动,啤酒,通信,4.177960301163586,1.0331990187748066,0.007847805440759359,1.8083568644043804,0.5903150165820984,-0.1082985314572893,1.1406448960869258,1.2791779943472092,0.03199842414042675,0.06070364952929097,0.6330273755892296,1.9253286131051888,53
青岛啤酒,中兴通讯,啤酒,通信,4.177960301163586,1.0667066274611834,0.015576409153656101,1.571449693060505,0.7240849224091587,-0.006803812361843242,0.9898424297648493,0.9966232674721771,-0.002440675715765339,-0.0008092651627629177,0.6330273755892296,1.3602191593551247,53
招商银行,工商银行,银行,银行,4.177960301163586,1.0113902394402046,0.0027145361702354265,1.1600709581419602,0.8817652138049116,0.0016505769086609945,1.4327805214931542,1.430419504090005,0.08988781746607266,0.08945767792444492,1.2323594832511466,1.628479524928863,53
招商银行,兴业银行,银行,银行,4.177960301163586,1.005575966873065,0.0013317935547125792,0.9588619467729903,1.0545658095576673,0.0045064343636769255,1.1833253844984353,1.1780167294279549,0.04111229847205489,0.03999245862209655,1.2323594832511466,1.1236739756047633,53
招商银行,宁波银行,银行,银行,4.177960301163586,1.011097341568978,0.002645024408045815,0.9593414706855569,1.065645409238166,0.010518219004379992,1.200701523120014,1.1882037360029127,0.04475120538558075,0.04213800318201044,1.2323594832511466,1.1440479887546788,53
招商银行,中国平安,银行,保险,4.177960301163586,1.0104393909107694,0.002488820907702083,1.0654603680733528,0.9582597281871266,0.00966947989223943,1.2972943175317766,1.2848702900975426,0.06428002094789287,0.06183150256320502,1.2323594832511466,1.3373810969439386,53
招商银行,中国太保,银行,保险,4.177960301163586,1.023771988937949,0.005639118912855956,1.1348058452821743,0.9236021207428197,0.019418164812649907,1.3845961510753455,1.3582219729523934,0.08100042509322858,0.07603578614327433,1.2323594832511466,1.4840844626536402,53
招商银行,中国人寿,银行,保险,4.177960301163586,1.0254437824978506,0.00603193359016263,1.0641701650491877,0.9881266977776016,0.0251018562812948,1.2990513004685669,1.2672411941395398,0.06462484460044915,0.05832607704631787,1.2323594832511466,1.302122905027933,53
招商银行,中信证券,银行,券商,4.177960301163586,1.0276868286107912,0.006558208685840672,1.1040706057484861,0.9565875698539344,0.02603066657850528,1.3427054342351628,1.3086406459103896,0.0730806188464237,0.06650061307055055,1.2323594832511466,1.3849218085696329,53
招商银行,东方财富,银行,券商,4.177960301163586,1.0717578451351333,0.016725405643737146,0.9556980268704119,1.201911949499565,0.0624568392319782,1.155837780810384,1.0878915153352566,0.0352719517955955,0.02036794429141975,1.2323594832511466,0.9434235474193667,53
招商银行,恒瑞医药,银行,医药,4.177960301163586,1.0605939754556046,0.014180421304416546,1.0485485265173444,1.0727777993345138,0.060119731736426374,1.2503606661011484,1.1794523096491338,0.05493456107043082,0.04029566665297857,1.2323594832511466,1.1265451360471208,53
招商银行,迈瑞医疗,银行,医药,4.177960301163586,1.0307937056815233,0.0072857189367951936,0.7271779770793916,1.4611769018915735,-0.03275806464665676,0.8856623543946549,0.9156575227180503,-0.028643670485203776,-0.020869087340973702,1.2323594832511466,0.598955562184954,53
招商银行,药明康德,银行,医药,4.177960301163586,1.0963901279731143,0.022270198673192576,1.18252614572318,1.0165283169969734,0.09368798547782897,1.4498160774204287,1.3256212893177284,0.09297554841252098,0.06979669684110523,1.2323594832511466,1.4188830953843103,53
招商银行,爱尔眼科,银行,医药,4.177960301163586,1.0445883944742633,0.010495901436155641,0.5635341207792981,1.9362889905608074,-0.13413461176580077,0.6842189717066789,0.7902140228772043,-0.08682556446448308,-0.05479703706223393,1.2323594832511466,0.3480685625032621,53
招商银行,片仔癀,银行,中药,4.177960301163586,1.0299281158743594,0.007083199136525664,0.5877659692380786,1.8047181691099967,-0.11855493669189276,0.7158895129979153,0.8121771200477841,-0.07688202108372455,-0.04857448346170201,1.2323594832511466,0.3919947568444214,53
招商银行,云南白药,银行,中药,4.177960301163586,1.015431920604197,0.0036721651509201703,0.9149025583063617,1.1270074348580588,0.009786148966658637,1.1258512061630663,1.1149402349350703,0.028778882077431733,0.026383652893694265,1.2323594832511466,0.997520986618994,53
招商银行,同仁堂,银行,中药,4.177960301163586,1.041309317027737,0.009735757444037763,0.7020179388963884,1.5445831703864892,-0.03812078712801836,0.8570053268733667,0.8909697968360475,-0.036260804064202845,-0.0272535773462097,1.2323594832511466,0.5495801104209482,53
招商银行,美的集团,银行,家电,4.177960301163586,1.0081553830711838,0.001945975404324507,1.1493019311551773,0.8843431380941231,-5.063735679822212e-05,1.4121555661749532,1.4122270776213628,0.08611190253752254,0.08612506675110887,1.2323594832511466,1.5920946719915792,53
招商银行,格力电器,银行,家电,4.177960301163586,1.012368360155396,0.0029465570249509465,1.064328677899772,0.9629447349536134,0.011043783990971834,1.3131370848498465,1.298793490096342,0.0673765611003716,0.06457426922044363,1.2323594832511466,1.3652274969415372,53
招商银行,海尔智家,银行,家电,4.177960301163586,1.0128726716154446,0.0030661185626450482,0.9052519268892335,1.1332878930518293,0.004880990745792513,1.0996058137290892,1.0942647177682152,0.022987044880484753,0.021795520263078405,1.2323594832511466,0.9561699522852838,53
招商银行,苏泊尔,银行,家电,4.177960301163586,1.014217026951727,0.003384615573266858,0.8981114363813321,1.1453324566307475,0.005498741637149029,1.095374044186281,1.0893838041038195,0.022043359044708,0.020702781204627208,1.2323594832511466,0.9464081249564923,53
招商银行,比亚迪,银行,汽车,4.177960301163586,1.0461294124772922,0.010852507920916299,0.84257963209177,1.298852602137063,0.018614238048560328,1.0219139099250667,1.0032393734087477,0.005201960562090768,0.0007743946320291073,1.2323594832511466,0.7741192635663485,53
招商银行,长城汽车,银行,汽车,4.177960301163586,1.0345125694808481,0.008154342944989068,0.6531190587782483,1.6386235281754875,-0.06970159373083451,0.7975458249004194,0.8573010762201214,-0.052705334832995776,-0.03618121040094424,1.2323594832511466,0.4822426691890962,53
招商银行,上汽集团,银行,汽车,4.177960301163586,1.0230892215826388,0.005478551451704838,0.8163582992391902,1.2821717575408478,0.003913521623017724,1.0355420146211745,1.0315051967295183,0.00839437312646063,0.007452087809091568,1.2323594832511466,0.8306509102078902,53
招商银行,长安汽车,银行,汽车,4.177960301163586,1.058185286753654,0.01362865154935422,0.6758477755131224,1.6568170254785013,-0.039964884797074496,0.8328236723315675,0.867492927230616,-0.042840583513628405,-0.033450998524804376,1.2323594832511466,0.5026263712100852,53
招商银行,赛力斯,银行,汽车,4.177960301163586,1.1947014956738207,0.043499235814575155,0.8746506476276312,1.63186486814667,0.12939196650233398,1.0487168022012578,0.9285676127563376,0.011450357322633664,-0.017582412322412422,1.2323594832511466,0.6247757422615287,53
招商银行,宁德时代,银行,电池,4.177960301163586,1.0470319522470344,0.011061178857993292,1.0472799381711406,1.0467840250436353,0.04703818830915685,1.258817467790049,1.2022650958155505,0.05663796598699933,0.045076679615806414,1.2323594832511466,1.1721707083799544,53
招商银行,隆基绿能,银行,光伏,4.177960301163586,1.060117388836935,0.014071323041257022,0.4259233256414129,2.638617822637438,-0.27462068671405016,0.5169218903195159,0.712622873097763,-0.14609825963882705,-0.07789197887082322,1.2323594832511466,0.1928862629443792,53
招商银行,通威股份,银行,光伏,4.177960301163586,1.0447665016242678,0.010537137598844781,0.4811856939634949,2.2684320348871805,-0.20961164961198187,0.5889047981366927,0.7450828416785079,-0.11903225738179313,-0.06800838977289603,1.2323594832511466,0.2578062001058692,53
招商银行,阳光电源,银行,光伏,4.177960301163586,1.1481532580935256,0.033620327733905775,1.1422991134629241,1.1540374045064556,0.1480248695200177,1.3810390819852314,1.2029696556683789,0.08033506690887138,0.04522323599550426,1.2323594832511466,1.1735798280856111,53
招商银行,晶澳科技,银行,光伏,4.177960301163586,1.0991099819952532,0.022876617286740064,0.37172660729926027,3.24981512972265,-0.3343707507627691,0.45679381154756055,0.6862586223051608,-0.17100175913508253,-0.08617474834090355,1.2323594832511466,0.1401577613591748,53
招商银行,亿纬锂能,银行,电池,4.177960301163586,1.08653672331126,0.020063655933533875,0.6992824611093483,1.6882477636163138,-0.019406617707002694,0.8444155624336966,0.861127127392125,-0.03966857203068719,-0.0351534008793033,1.2323594832511466,0.4898947715331034,53
招商银行,立讯精密,银行,电子,4.177960301163586,1.1034441303544735,0.023840604447476155,1.250304278095578,0.9738341059412606,0.09316639649656389,1.560572663079988,1.4275710157953923,0.11240457124992331,0.08893800959463105,1.2323594832511466,1.6227825483396379,53
招商银行,京东方A,银行,电子,4.177960301163586,1.052668354286336,0.012361252299110337,1.1292842550100786,0.9812504329178071,0.05153176668094295,1.364742670643923,1.2978615709838226,0.07727001088190777,0.06439138833270586,1.2323594832511466,1.3633636587164986,53
招商银行,工业富联,银行,电子,4.177960301163586,1.167379511561497,0.037736976857159155,2.681913638857147,0.5081352748533259,-0.1489537884727895,3.324256172207874,3.9060818639242454,0.33311686996473333,0.3855877233746634,1.2323594832511466,6.579804244597344,53
招商银行,海康威视,银行,安防,4.177960301163586,1.0283111069779578,0.006704524668935896,0.9784411729013732,1.0807228497944874,0.026226396857947698,1.186807278208034,1.156477052082996,0.041844716705375484,0.03540897278770938,1.2323594832511466,1.0805946209148454,53
招商银行,大华股份,银行,安防,4.177960301163586,1.0663485983896535,0.015494811618536275,1.027664673677557,1.1064886848921285,0.06534537774205074,1.257642413507393,1.180502060442508,0.05640180328430877,0.04051720624395294,1.2323594832511466,1.1286446376338697,53
招商银行,韦尔股份,银行,半导体,4.177960301163586,1.087752221682911,0.020336672023114843,0.8090520103474461,1.4624583841871712,0.03642430230775995,0.97945396131409,0.9450318360281434,-0.0049566178297902885,-0.013440973172389348,1.2323594832511466,0.6577041888051403,53
招商银行,北方华创,银行,半导体,4.177960301163586,1.090379656180365,0.020926034547945838,1.6483947261703862,0.7212640126398449,0.003577151974680781,2.0308042241854802,2.0235656224233325,0.18478823447026338,0.1837760664157264,1.2323594832511466,2.814771761595518,53
招商银行,中芯国际,银行,半导体,4.177960301163586,1.1459587047777753,0.0331471122423308,1.7195422361240373,0.763704040219474,0.0628503752549101,2.0925711848033686,1.968829511210827,0.19331531634860122,0.17603183330259853,1.2323594832511466,2.705299539170507,53
招商银行,兆易创新,银行,半导体,4.177960301163586,1.1586883279924236,0.03588249237245922,1.7211774128337178,0.7800233906250907,0.07263687290917553,2.1258200947683275,1.9818637121831717,0.19782639122260726,0.1778906665946165,1.2323594832511466,2.731367941115197,53
招商银行,科大讯飞,银行,软件,4.177960301163586,1.1179703168900534,0.027050612905544114,0.972449509110897,1.2852673765962221,0.10698146813509513,1.1968019797846232,1.0811400319111453,0.043938067139115855,0.018848678661291807,1.2323594832511466,0.929920580571144,53
招商银行,恒生电子,银行,软件,4.177960301163586,1.1154888010717976,0.02650450147953709,0.8275274537387783,1.5036543617915832,0.05791844039378646,0.9888039400521993,0.934669349070179,-0.002691277361496436,-0.016041105251308085,1.2323594832511466,0.6369792148892113,53
招商银行,浪潮信息,银行,服务器,4.177960301163586,1.239655926860799,0.05276575397595451,2.029192418324329,0.7573194159034582,0.1272117307879066,2.3882586320230423,2.118731172495588,0.23166965957275565,0.19686912044203742,1.2323594832511466,3.0051028617400295,53
招商银行,分众传媒,银行,传媒,4.177960301163586,1.0167019696871211,0.003972489661269618,0.9034096734793438,1.144201712147492,0.008945609750035333,1.1067777657256967,1.0969647471878086,0.024580103083685634,0.022398411026007592,1.2323594832511466,0.9615700111244705,53
招商银行,紫金矿业,银行,有色,4.177960301163586,1.0595285612234298,0.013936479494918386,1.782245222725312,0.6298800848132288,-0.06375611451864749,2.169946731345438,2.3177152502628093,0.20373116436578198,0.22286237908197193,1.2323594832511466,3.403071017274472,53
招商银行,中国神华,银行,煤炭,4.177960301163586,1.01646625364587,0.003916772205726504,1.1359153039713168,0.9095780655376748,0.009970180295099329,1.4030475088779022,1.389196964674691,0.08443108126459542,0.08185909244558931,1.2323594832511466,1.546034446098235,53
招商银行,陕西煤业,银行,煤炭,4.177960301163586,1.0295423043556509,0.006992890101771065,1.1364913867822521,0.9326576239693296,0.024506426617779686,1.4009567411995205,1.3674455374814216,0.08404407559454818,0.07778028938520976,1.2323594832511466,1.5025315917116964,53
招商银行,长江电力,银行,电力,4.177960301163586,1.0157353717828241,0.0037439472631959347,1.032107912249911,0.9996225522985577,0.015551316644548674,1.2761886720673505,1.2566461695741438,0.0601098253659722,0.0562014464217615,1.2323594832511466,1.280932855897141,53
招商银行,万华化学,银行,化工,4.177960301163586,1.0263412435284283,0.006242605529457768,0.8733496366059085,1.2061336079112697,0.011581102719556258,1.066187769083733,1.0539815010554971,0.015458150619269029,0.012663377509209983,1.2323594832511466,0.8756035188598476,53
招商银行,海螺水泥,银行,建材,4.177960301163586,1.0111111624968185,0.0026483047934222625,0.774034955914127,1.3208005337669646,-0.025205458762340593,0.9491569871797475,0.9736995305437791,-0.012411932728854103,-0.006359007590598265,1.2323594832511466,0.7150395778364116,53
招商银行,宝钢股份,银行,钢铁,4.177960301163586,1.0095589859770853,0.0022796836568319545,0.9357114442819211,1.089234669935278,0.006816425067196263,1.1556023933324104,1.1477786461968815,0.035221484474874165,0.03353959822065322,1.2323594832511466,1.0631978091426164,53
招商银行,洛阳钼业,银行,有色,4.177960301163586,1.092828364763128,0.02147433515699637,1.7724712081893501,0.6737902592228003,-0.022275170763748853,2.1777877653673365,2.2274035600267137,0.20477082947185643,0.2112843386132115,1.2323594832511466,3.222447636802281,53
招商银行,三一重工,银行,机械,4.177960301163586,1.0309302675970407,0.0073176581584422085,0.9716877073167598,1.0937847712230437,0.02902843224403928,1.1955224145937848,1.1617972615068237,0.04367081129328754,0.03654707391333112,1.2323594832511466,1.0912350397625008,53
招商银行,汇川技术,银行,机械,4.177960301163586,1.0564637140787734,0.01323369701336663,0.9242041851264935,1.2076504273916011,0.04081850858132108,1.0896172781171418,1.0468849940056653,0.020755136091693105,0.011027210831016765,1.2323594832511466,0.861410504760184,53
招商银行,中航沈飞,银行,军工,4.177960301163586,1.0444031838736059,0.010453014978172526,0.9990649685635009,1.0917988767574276,0.04340116800470706,1.2318916052162663,1.1806500155371773,0.05118375243692164,0.04054841866318193,1.2323594832511466,1.1289405478232077,53
招商银行,顺丰控股,银行,交运,4.177960301163586,1.021837471504345,0.005183963617974907,0.7524435859408473,1.3876811998666945,-0.027579968570049518,0.9165922829202268,0.9425888538848499,-0.02062993477290409,-0.014051999667376469,1.2323594832511466,0.6528182245185533,53
招商银行,京沪高铁,银行,交运,4.177960301163586,1.0216949891745042,0.005150414318341401,0.9597050935398305,1.0876889764688606,0.019351115916414585,1.1763190285286624,1.1539880715891804,0.03963352530132647,0.03487516134500335,1.2323594832511466,1.0756166599272141,53
招商银行,中国中免,银行,免税,4.177960301163586,1.0480713397018324,0.011301320103875412,0.5143090867172734,2.135784806205917,-0.18116033584045454,0.6212251826393087,0.7586652306064489,-0.10769381504425868,-0.06396979901975997,1.2323594832511466,0.284970977961751,53
招商银行,上海机场,银行,交运,4.177960301163586,1.0301855585709676,0.007143445858345254,0.676677824243385,1.568371604721686,-0.057087109293766036,0.8283160540276043,0.8784650864272334,-0.04408312230278599,-0.030538893688357938,1.2323594832511466,0.5245706896033202,53
招商银行,万科A,银行,地产,4.177960301163586,1.0173680836118684,0.004129889456422564,0.6190897416102237,1.671870405831633,-0.09826373143224687,0.7595536916159636,0.8423235463539455,-0.06370754605690843,-0.04023857253017682,1.2323594832511466,0.45228760945674423,53
招商银行,中国建筑,银行,建筑,4.177960301163586,1.0123879822197288,0.0029512098466808467,0.9142082897806664,1.1211114994251816,0.0070877512872449255,1.1260214007551381,1.1180966100678655,0.028816103890441536,0.02707838179408495,1.2323594832511466,1.0038337368845842,53
招商银行,保利发展,银行,地产,4.177960301163586,1.0213073563847055,0.005059123170711333,0.6631850336436863,1.572817031884245,-0.06924602099260724,0.812513091144885,0.8729622536896309,-0.048480295947073926,-0.03199591241921185,1.2323594832511466,0.513565024128115,53
招商银行,牧原股份,银行,养殖,4.177960301163586,1.040658217643912,0.009584605317922046,0.8159108754815967,1.3273135075084936,0.00687231966155788,0.9901396299346147,0.9833815177950591,-0.0023689940938617093,-0.004003042874411444,1.2323594832511466,0.7344035523389715,53
招商银行,中国移动,银行,通信,4.177960301163586,1.0264939063154128,0.006278427974984346,1.2932166465673227,0.8147820726709321,0.0015020292546059633,1.5812155181269918,1.5788440481781678,0.11590894758621095,0.1155081372816622,1.2323594832511466,1.9253286131051888,53
招商银行,中兴通讯,银行,通信,4.177960301163586,1.0731034444679723,0.017030793094233276,1.137920272760297,1.0119786333849778,0.07184388532747854,1.389419782654073,1.2962893213031357,0.08190062286387878,0.06408262169112233,1.2323594832511466,1.3602191593551247,53
工商银行,兴业银行,银行,银行,4.177960301163586,1.0060015658736992,0.001433214934642102,0.8363230347310106,1.210105555523579,-0.011065677029028165,1.360849529381206,1.3760767502668132,0.07653366583796672,0.07940466984293137,1.628479524928863,1.1236739756047633,53
工商银行,宁波银行,银行,银行,4.177960301163586,1.0308267685741817,0.007293452010668,0.8527076151898836,1.2461526177087858,0.015057659182523997,1.40713764402938,1.386263756841771,0.08518690752497693,0.08131190711504721,1.628479524928863,1.1440479887546788,53
工商银行,中国平安,银行,保险,4.177960301163586,1.0170972718586366,0.004065907287627457,0.935026079919992,1.1063721992768374,0.012290351670511734,1.5011560459606703,1.4829303109364007,0.10211710920067851,0.0988994669197365,1.628479524928863,1.3373810969439386,53
工商银行,中国太保,银行,保险,4.177960301163586,1.027853252224806,0.006597221025612221,0.9933073275700804,1.0636006387807235,0.026823493474581905,1.5980269136963208,1.5562819937912518,0.11873726667122719,0.11167175662500095,1.628479524928863,1.4840844626536402,53
工商银行,中国人寿,银行,保险,4.177960301163586,1.032738059990527,0.0077401632667748466,0.9343801610671698,1.14144964222579,0.026385105713607082,1.5039633424378798,1.465301214978398,0.10261007548496259,0.0957584096522921,1.628479524928863,1.302122905027933,53
工商银行,中信证券,银行,券商,4.177960301163586,1.0283000887367413,0.006701942841387032,0.9631415837785513,1.0978667002909834,0.025059573243144673,1.5444579424631457,1.506700666749248,0.10964431201911706,0.10309008101580419,1.628479524928863,1.3849218085696329,53
工商银行,东方财富,银行,券商,4.177960301163586,1.0897466014982722,0.020784132267965827,0.8471957043098892,1.401739467558313,0.050613029771320095,1.3510374395589702,1.285951536174115,0.07467068205039684,0.062045307438650665,1.628479524928863,0.9434235474193667,53
工商银行,恒瑞医药,银行,医药,4.177960301163586,1.0465640646954408,0.010953018402953596,0.9020682567137898,1.2142056139986321,0.029702984129722276,1.4184285573789734,1.377512330487992,0.08726474501414994,0.07967409152844063,1.628479524928863,1.1265451360471208,53
工商银行,迈瑞医疗,银行,医药,4.177960301163586,1.0271257777384744,0.0064266540275952355,0.6317231496435575,1.6700153601939873,-0.08908088263542491,1.014506601770302,1.1137175435569087,0.003453177950996089,0.026114132337944573,1.628479524928863,0.598955562184954,53
工商银行,药明康德,银行,医药,4.177960301163586,1.1004917345958467,0.023184255681054866,1.034824313294557,1.1703262499293903,0.09791539605622779,1.672873169104041,1.5236813101565867,0.13106132097767564,0.10605300554730412,1.628479524928863,1.4188830953843103,53
工商银行,爱尔眼科,银行,医药,4.177960301163586,1.0523547576748873,0.012289058447695123,0.49496146983935807,2.2374479701630086,-0.19818802892292786,0.7924099589562847,0.9882740437160626,-0.05416901162911869,-0.002819225676585768,1.628479524928863,0.3480685625032621,53
工商银行,片仔癀,银行,中药,4.177960301163586,1.0344343283834472,0.008136092461666022,0.5146768703224995,2.079079984821566,-0.18181131366145864,0.8265645991924457,1.0102371408866422,-0.044567303847629636,0.00244078935715053,1.628479524928863,0.3919947568444214,53
工商银行,云南白药,银行,中药,4.177960301163586,1.0083924895016154,0.0020023725354108013,0.7921142684975601,1.2837231360722519,-0.02114160846923463,1.2852413184463511,1.3130002557739284,0.06190488487888457,0.0673499392099306,1.628479524928863,0.997520986618994,53
工商银行,同仁堂,银行,中药,4.177960301163586,1.0260264467082574,0.006168725405422348,0.603060959684822,1.745644867966518,-0.10863591936881278,0.9707220622117416,1.0890298176749056,-0.007087111018572623,0.02062338598293767,1.628479524928863,0.5495801104209482,53
工商银行,美的集团,银行,家电,4.177960301163586,1.011970085866221,0.002852102627702857,1.0057928440640846,1.018185266212569,0.011919052643454942,1.6294801951578448,1.6102870984602211,0.12396868852827247,0.12078565995770774,1.628479524928863,1.5920946719915792,53
工商银行,格力电器,银行,家电,4.177960301163586,1.0094716169831057,0.0022589218785271648,0.925263683922312,1.1013432853807406,0.005561692981115751,1.505178550600727,1.4968535109352001,0.10282325116516633,0.10136021363849212,1.628479524928863,1.3652274969415372,53
工商银行,海尔智家,银行,家电,4.177960301163586,1.0250501276090054,0.005939481939858826,0.7987188093478207,1.315516489425347,-0.010096112189049822,1.279277283061412,1.2923247386070735,0.06072335495587189,0.06330276938798263,1.628479524928863,0.9561699522852838,53
工商银行,苏泊尔,银行,家电,4.177960301163586,1.015298153499272,0.0036405170359659067,0.7838394713386383,1.3151038933247174,-0.020892604839393702,1.2605457698552327,1.2874438249426776,0.056985016058918925,0.06234016713690971,1.628479524928863,0.9464081249564923,53
工商银行,比亚迪,银行,汽车,4.177960301163586,1.0458040506265038,0.01077724933070523,0.734361782069663,1.4893287464175962,-0.022387254325221262,1.1744055991878504,1.2012993942476058,0.03922850935623412,0.04487569664549773,1.628479524928863,0.7741192635663485,53
工商银行,长城汽车,银行,汽车,4.177960301163586,1.0373177972898855,0.008807996566481124,0.570955969642186,1.8846080429786538,-0.1289102259201823,0.919314259609735,1.0553610970589795,-0.019934589046293083,0.012980482915041724,1.628479524928863,0.4822426691890962,53
工商银行,上汽集团,银行,汽车,4.177960301163586,1.0134250298204144,0.003197019016575986,0.7050065190373682,1.4567670841807787,-0.0410620144684416,1.1790767928146915,1.2295652175683767,0.04021638109238901,0.050708268252939614,1.628479524928863,0.8306509102078902,53
工商银行,长安汽车,银行,汽车,4.177960301163586,1.0458233992837367,0.010781725315522905,0.5823441647021709,1.878179002701549,-0.11203012073748153,0.9461789226450715,1.065552948069474,-0.013154484042851022,0.015313402247098873,1.628479524928863,0.5026263712100852,53
工商银行,赛力斯,银行,汽车,4.177960301163586,1.174149679167712,0.039174300669261086,0.7494331196999813,1.8395603728342607,0.051700276756599495,1.1848745940537002,1.126627633595196,0.04143837769074055,0.02894865316375328,1.628479524928863,0.6247757422615287,53
工商银行,宁德时代,银行,电池,4.177960301163586,1.0519870702754581,0.012204391377783175,0.9173761699128207,1.206350058266622,0.038321914364028764,1.4539882558566377,1.4003251166544088,0.09372755443560399,0.08392707410621125,1.628479524928863,1.1721707083799544,53
工商银行,隆基绿能,银行,光伏,4.177960301163586,1.0680483095017381,0.015882003461614058,0.37411279964844196,3.0491530696128946,-0.34259511024281597,0.5986873874921578,0.9106828939366212,-0.11555146138327643,-0.022144948341513482,1.628479524928863,0.1928862629443792,53
工商银行,通威股份,银行,光伏,4.177960301163586,1.0483673123593567,0.011369668821867629,0.4209603021733911,2.610873319762296,-0.2797355435651556,0.6793122812114739,0.9431428625173661,-0.08839726884614008,-0.013913328275248493,1.628479524928863,0.2578062001058692,53
工商银行,阳光电源,银行,光伏,4.177960301163586,1.1286041913053317,0.02938043952066205,0.9789394706177565,1.30115033550355,0.11389027778505634,1.560593335549754,1.4010296765072372,0.11240809824325271,0.08405758347245929,1.628479524928863,1.1735798280856111,53
工商银行,晶澳科技,银行,光伏,4.177960301163586,1.09851691733859,0.022744484992112568,0.32390932340265016,3.725547029651217,-0.4065238583700924,0.5248220163045074,0.8843186431440189,-0.14299267395749826,-0.02899661202976711,1.628479524928863,0.1401577613591748,53
工商银行,亿纬锂能,银行,电池,4.177960301163586,1.0847569848119878,0.01966348505684601,0.6086601730025256,1.9332589321455609,-0.08501341076064473,0.9691420361260267,1.0591871482309831,-0.007474177191575504,0.013858268637712001,1.628479524928863,0.4898947715331034,53
工商银行,立讯精密,银行,电子,4.177960301163586,1.087484223156605,0.020276496162127566,1.0742924831334353,1.1008379507274597,0.08754195997606695,1.7679419637791383,1.6256310366342506,0.1461244437335658,0.12333262989427185,1.628479524928863,1.6227825483396379,53
工商银行,京东方A,银行,电子,4.177960301163586,1.046288003706497,0.01088918478518619,0.9785818472183241,1.118678616215831,0.04242304203725755,1.5593831363970154,1.4959215918226807,0.1122015625788848,0.10119605382404706,1.628479524928863,1.3633636587164986,53
工商银行,工业富联,银行,电子,4.177960301163586,1.1479521439613873,0.033576989780965016,2.299273897872616,0.573134904042891,-0.08440836717429423,3.75771796961862,4.104141884763104,0.3728048938300379,0.40208885414716833,1.628479524928863,6.579804244597344,53
工商银行,海康威视,银行,安防,4.177960301163586,1.0281775145513419,0.006673219468926295,0.8529282486870557,1.239434856397691,0.007097879622012027,1.364151414009006,1.3545370729218542,0.0771582841516747,0.07533632117829647,1.628479524928863,1.0805946209148454,53
工商银行,大华股份,银行,安防,4.177960301163586,1.0557713104516167,0.013074711209625445,0.8870667179343026,1.2565605691625967,0.038321151626500294,1.4313901678246934,1.3785620812813664,0.08963458262872614,0.07987096774439073,1.628479524928863,1.1286446376338697,53
工商银行,韦尔股份,银行,半导体,4.177960301163586,1.0808255494572563,0.018777735930824102,0.7008680592289781,1.6667671653416396,-0.02125580849123776,1.1187945152695433,1.1430918568670017,0.027231791666914473,0.03252788911716298,1.628479524928863,0.6577041888051403,53
工商银行,北方华创,银行,半导体,4.177960301163586,1.0678691142894203,0.01584120515127352,1.4074588480368624,0.8102151241180762,0.029108702958358323,2.2862942841965816,2.2216256432621906,0.21887374592314512,0.21053153262177782,1.628479524928863,2.814771761595518,53
工商银行,中芯国际,银行,半导体,4.177960301163586,1.1291900185193313,0.02950830513430347,1.4772197785792964,0.8631553113579183,0.09389882575167285,2.3703579146427423,2.166889532049685,0.229453705621957,0.20332502721968138,1.628479524928863,2.705299539170507,53
工商银行,兆易创新,银行,半导体,4.177960301163586,1.1537587066096475,0.03482592540029339,1.494198172581095,0.8908852771370394,0.11623322910281186,2.433303307709037,2.1799237330220302,0.2371904313735862,0.20505354998135372,1.628479524928863,2.731367941115197,53
工商银行,科大讯飞,银行,软件,4.177960301163586,1.1010772845986176,0.023314536018695042,0.8350044602920169,1.4519337851621488,0.05924431813179565,1.3549853876293345,1.2792000527500036,0.07542149721657387,0.06070802747114379,1.628479524928863,0.929920580571144,53
工商银行,恒生电子,银行,软件,4.177960301163586,1.108496890190977,0.024960793640279588,0.7169450634339495,1.7138905311344967,-0.002743699754804041,1.1296215006145582,1.132729369909037,0.02960245033556097,0.030279750401839056,1.628479524928863,0.6369792148892113,53
工商银行,浪潮信息,银行,服务器,4.177960301163586,1.2274560291691643,0.05027658502547383,1.751710030742119,0.8601014306605499,0.17345861918507466,2.718658594670381,2.3167911933344465,0.2704668329863491,0.2227456664700791,1.628479524928863,3.0051028617400295,53
工商银行,分众传媒,银行,传媒,4.177960301163586,1.0195158147914432,0.004636855649801319,0.7898038422016105,1.3160387947879002,-0.014828562635119447,1.2758214121399525,1.2950247680266669,0.06003679680415264,0.06383407532343721,1.628479524928863,0.9615700111244705,53
工商银行,紫金矿业,银行,有色,4.177960301163586,1.0605374430822907,0.014167482093865758,1.5553029679234276,0.7231643553546522,-0.007510974028494655,2.4968793483788936,2.5157752711016674,0.24485165245833618,0.2471000731705686,1.628479524928863,3.403071017274472,53
工商银行,中国神华,银行,煤炭,4.177960301163586,1.0077764307237134,0.0018558184524901655,0.9818641123598584,1.0343725995659978,0.007436508850819479,1.5990606361348454,1.587256985513549,0.11891043833586856,0.11692797457162474,1.628479524928863,1.546034446098235,53
工商银行,陕西煤业,银行,煤炭,4.177960301163586,1.0198090521561793,0.004706010498604751,0.9814654548144742,1.0596506456320234,0.01898551297811979,1.5952274844150882,1.5655055583202797,0.11826787134679528,0.11324518193026312,1.628479524928863,1.5025315917116964,53
工商银行,长江电力,银行,电力,4.177960301163586,1.0037630428867863,0.0008994027943707295,0.8892214616335179,1.1330588494956795,-0.00342375990083843,1.4497256256907647,1.454706190413002,0.09295922689983405,0.0938567915529116,1.628479524928863,1.280932855897141,53
工商银行,万华化学,银行,化工,4.177960301163586,1.035654686261559,0.008420633144921474,0.7683260191479915,1.3959967545612075,-0.012196154037757756,1.236771430631663,1.2520415218943552,0.052178912308529,0.05527382246335488,1.628479524928863,0.8756035188598476,53
工商银行,海螺水泥,银行,建材,4.177960301163586,1.0134213390069275,0.003196144530300149,0.6763724622298488,1.5184278895221863,-0.06670496498825651,1.0935973715330034,1.1717595513826373,0.02164633385424808,0.03866759210202764,1.628479524928863,0.7150395778364116,53
工商银行,宝钢股份,银行,钢铁,4.177960301163586,1.006782595629497,0.0016192515417041697,0.813542311756927,1.2459231440261185,-0.01566962692351448,1.3247498772240496,1.3458386670357396,0.06962833267532398,0.07367943689518808,1.628479524928863,1.0631978091426164,53
工商银行,洛阳钼业,银行,有色,4.177960301163586,1.0993801309866122,0.02293678736085658,1.5545665469530006,0.7774750297934215,0.03834838090732928,2.51847618214146,2.4254635808655722,0.24742040358784356,0.23623519737691034,1.628479524928863,3.222447636802281,53
工商银行,三一重工,银行,机械,4.177960301163586,1.0359386178994425,0.008486798545914276,0.8512666995750736,1.2606728544545445,0.015533327955471687,1.3809803914849936,1.3598572823456818,0.08032407778608341,0.07634573697851077,1.628479524928863,1.0912350397625008,53
工商银行,汇川技术,银行,机械,4.177960301163586,1.0578552173062614,0.013552966568844305,0.8068146613712049,1.387007096376021,0.007539935313506163,1.2543318197253233,1.2449450148445236,0.05573553552701527,0.05383910935715641,1.628479524928863,0.861410504760184,53
工商银行,中航沈飞,银行,军工,4.177960301163586,1.0316049626555601,0.007475409226137764,0.8603460520705307,1.2369543585565688,0.014536700075342912,1.3987519306656988,1.3787100363760354,0.08363548412935184,0.07989870691204315,1.628479524928863,1.1289405478232077,53
工商银行,顺丰控股,银行,交运,4.177960301163586,1.0232507590834403,0.005516547836233121,0.6569138206705175,1.5938804802372892,-0.07496295373141226,1.0551424659040074,1.1406488747237082,0.012930250743026228,0.03199928572513189,1.628479524928863,0.6528182245185533,53
工商银行,京沪高铁,银行,交运,4.177960301163586,1.0093422357188102,0.002228174076871259,0.826588172021455,1.2325022100357408,-0.011950152084152954,1.3358909120984346,1.3520480924280385,0.07177456018785722,0.07486304534166988,1.628479524928863,1.0756166599272141,53
工商银行,中国中免,银行,免税,4.177960301163586,1.0505974185965914,0.011884194003283888,0.4494732863328141,2.45566303832469,-0.25174404082652335,0.7158753706856938,0.9567252514453071,-0.07688638594639174,-0.010532802505154426,1.628479524928863,0.284970977961751,53
工商银行,上海机场,银行,交运,4.177960301163586,1.0222522464305726,0.0052816074641712785,0.585408149319504,1.7850787635038745,-0.1223032467585149,0.9448625914303902,1.0765251072660917,-0.013483265026378533,0.017806038877976826,1.628479524928863,0.5245706896033202,53
工商银行,万科A,银行,地产,4.177960301163586,1.024152394279082,0.005728544098117405,0.543343263457504,1.9304336636716428,-0.1551507242426169,0.8789673032527229,1.0403835671928037,-0.03040626470925878,0.009520823894653807,1.628479524928863,0.45228760945674423,53
工商银行,中国建筑,银行,建筑,4.177960301163586,1.0119003761733734,0.0028355674276743237,0.796654722237776,1.285302581805572,-0.01699921705337626,1.2937829986616998,1.3161566309067236,0.06358982739140528,0.06796351700679981,1.628479524928863,1.0038337368845842,53
工商银行,保利发展,银行,地产,4.177960301163586,1.028798372442421,0.0068186811475683395,0.5824286482512884,1.817263100498307,-0.12151411729872963,0.940877948231882,1.071022274528489,-0.014480640447098625,0.016558342574996,1.628479524928863,0.513565024128115,53
工商银行,牧原股份,银行,养殖,4.177960301163586,1.0413006058321517,0.009733735622496686,0.7117786032822686,1.523376716729436,-0.03597000801321715,1.1389450770221077,1.1814415386339172,0.0316301143614508,0.040715346857266965,1.628479524928863,0.7344035523389715,53
工商银行,中国移动,银行,通信,4.177960301163586,1.0134900119850911,0.00321241522852711,1.1131881826823988,0.9227209023351602,0.009999690093789537,1.79467255903359,1.776904069017026,0.15024850960274594,0.14751239392459214,1.628479524928863,1.9253286131051888,53
工商银行,中兴通讯,银行,通信,4.177960301163586,1.0664829612230513,0.01552543636766357,0.9859578989299591,1.1535846589529544,0.062248336571894214,1.5873701029476377,1.494349342141994,0.11694702616864139,0.1009189218119999,1.628479524928863,1.3602191593551247,53
兴业银行,宁波银行,银行,银行,4.177960301163586,1.0197672285440211,0.004696148063889405,1.0147057071069387,1.0248539976948778,0.01982544031008282,1.1563402754018568,1.133860982179721,0.03537966100766332,0.030526012399099134,1.1236739756047633,1.1440479887546788,53
兴业银行,中国平安,银行,保险,4.177960301163586,1.0104767397201817,0.0024976899273685405,1.117408971686053,0.9137775580724492,0.006752039889408756,1.2388361072842915,1.230527536274351,0.05259907000980735,0.050905036930686265,1.1236739756047633,1.3373810969439386,53
兴业银行,中国太保,银行,保险,4.177960301163586,1.0196442154781398,0.004667138543743787,1.185293172302981,0.8771452923650797,0.009925134333590213,1.3168203955338358,1.3038792191292017,0.0680924058580561,0.06557054368724802,1.1236739756047633,1.4840844626536402,53
兴业银行,中国人寿,银行,保险,4.177960301163586,1.023802913053264,0.005646389456770873,1.114228814262317,0.9407155795645971,0.021090118673566582,1.2384786123616038,1.2128984403163483,0.052526358633348647,0.04728162448240436,1.1236739756047633,1.302122905027933,53
兴业银行,中信证券,银行,券商,4.177960301163586,1.0242767850635954,0.0057577802378545595,1.1540169519220582,0.9091226352202437,0.018818016272597937,1.2779012902311802,1.254297892087198,0.06045016354485533,0.05572870055900392,1.1236739756047633,1.3849218085696329,53
兴业银行,东方财富,银行,券商,4.177960301163586,1.07358983588372,0.017141109284158906,1.003971098743995,1.1480361707172366,0.06972241417365166,1.105610276330874,1.033548761512065,0.024321312521942806,0.007929452295817985,1.1236739756047633,0.9434235474193667,53
兴业银行,恒瑞医药,银行,医药,4.177960301163586,1.0513705307094308,0.012062370797097488,1.0900689768110612,1.0140459148539025,0.052008945131579276,1.183625316981909,1.125109555825942,0.0411754539067648,0.028616632053971136,1.1236739756047633,1.1265451360471208,53
兴业银行,迈瑞医疗,银行,医药,4.177960301163586,1.0250509152459226,0.005939666946951361,0.7583561253511676,1.3855355600377706,-0.023574578463681273,0.8410096362936194,0.8613147688948587,-0.040597117377990766,-0.035103083315651484,1.1236739756047633,0.598955562184954,53
兴业银行,药明康德,银行,医药,4.177960301163586,1.0973231799364045,0.022478360738308334,1.2411920645575656,0.9701304057683949,0.08992513338375696,1.3855984273667903,1.2712785354945368,0.08118766842606351,0.05913213415332352,1.1236739756047633,1.4188830953843103,53
兴业银行,爱尔眼科,银行,医药,4.177960301163586,1.0449471516477915,0.01057895703709244,0.5911914552816585,1.8469728207025875,-0.11181501265508365,0.6535898137922259,0.7358712690540128,-0.09678095246593765,-0.07077934211504178,1.1236739756047633,0.3480685625032621,53
兴业银行,片仔癀,银行,中药,4.177960301163586,1.0279879662118763,0.006628796606336751,0.6152397057409984,1.7176382616652848,-0.09964888130737903,0.6823170194140251,0.7578343662245923,-0.08743377450866507,-0.06421526227166052,1.1236739756047633,0.3919947568444214,53
兴业银行,云南白药,银行,中药,4.177960301163586,1.0100443113713131,0.002394988233880291,0.9543842398938466,1.0689505005311308,0.008260593260415394,1.069358645516365,1.0605974811118788,0.016180176379149147,0.014181223666769327,1.1236739756047633,0.997520986618994,53
兴业银行,同仁堂,银行,中药,4.177960301163586,1.0285988956448733,0.006771952726870811,0.7272325531792264,1.4548519362844103,-0.033780944859693296,0.8083649910047102,0.8366270430128557,-0.049645272828906184,-0.041796145653731465,1.1236739756047633,0.5495801104209482,53
兴业银行,美的集团,银行,家电,4.177960301163586,1.0089510883468973,0.002135198627309265,1.2062451433644563,0.84392654700108,-0.006160838766661403,1.3495186174154736,1.3578843237981713,0.07438139006868516,0.07597175394885713,1.1236739756047633,1.5920946719915792,53
兴业银行,格力电器,银行,家电,4.177960301163586,1.0086230355529204,0.0020571995712732605,1.112051460567367,0.9148141645611909,0.003861649560286118,1.2492563689116774,1.2444507362731503,0.05471148252490998,0.053738948691153254,1.1236739756047633,1.3652274969415372,53
兴业银行,海尔智家,银行,家电,4.177960301163586,1.0179306611093943,0.004262763000046466,0.9540949604332852,1.0860374216378261,0.014753077680734084,1.0552640134610058,1.0399219639450235,0.012958178196574188,0.009413598008932267,1.1236739756047633,0.9561699522852838,53
兴业银行,苏泊尔,银行,家电,4.177960301163586,1.0134476329065967,0.003202374446668488,0.9411512937097515,1.0912975538667553,0.009795740471497227,1.0451800437865226,1.0350410502806278,0.010632862109648755,0.008277588650910994,1.1236739756047633,0.9464081249564923,53
兴业银行,比亚迪,银行,汽车,4.177960301163586,1.0423992620174538,0.009988626354050067,0.8804778616729859,1.2340982877069766,0.024721385220900283,0.9723546584531406,0.9488966195855559,-0.006687669574730326,-0.012476782092701089,1.1236739756047633,0.7741192635663485,53
兴业银行,长城汽车,银行,汽车,4.177960301163586,1.0321776926900106,0.007609258185899526,0.683391945530348,1.5589747527095523,-0.05367822470605199,0.7598569451377128,0.8029583223969298,-0.06361808610645736,-0.051170559127662885,1.1236739756047633,0.4822426691890962,53
兴业银行,上汽集团,银行,汽车,4.177960301163586,1.017482711638625,0.004156967649692422,0.8514382239171137,1.2159086113383974,0.00634985670299093,0.9833672843943266,0.9771624429063268,-0.004006493379946963,-0.005514321914359854,1.1236739756047633,0.8306509102078902,53
兴业银行,长安汽车,银行,汽车,4.177960301163586,1.0522729271988012,0.012270217359310331,0.7048137509914573,1.5710225740600716,-0.027474692344462648,0.7908091225632088,0.8131501734074242,-0.05462671088397897,-0.048301775011589165,1.1236739756047633,0.5026263712100852,53
兴业银行,赛力斯,银行,汽车,4.177960301163586,1.1798380238344988,0.040377085265516754,0.9058502421221425,1.5366974558891813,0.13127167243693716,0.9889858182512457,0.874224858933146,-0.002647373230437511,-0.03166098843776377,1.1236739756047633,0.6247757422615287,53
兴业银行,宁德时代,银行,电池,4.177960301163586,1.0481208829735416,0.011312762113144581,1.0994437748592374,0.9991937836620025,0.04825995392549998,1.203321021326962,1.1479223419923588,0.04529629960919612,0.03357056728282992,1.1236739756047633,1.1721707083799544,53
兴业银行,隆基绿能,银行,光伏,4.177960301163586,1.0576466356051948,0.013505129486544032,0.445632504111583,2.510176873289509,-0.2518957696478965,0.4924621419859941,0.6582801192745713,-0.1559482812596792,-0.09523376593109689,1.1236739756047633,0.1928862629443792,53
兴业银行,通威股份,银行,光伏,4.177960301163586,1.042287215323524,0.00996264062650587,0.5034306813752426,2.157919013317194,-0.18781544906014935,0.561008428070923,0.6907400878553163,-0.1292058356896819,-0.08474994392599067,1.1236739756047633,0.2578062001058692,53
兴业银行,阳光电源,银行,光伏,4.177960301163586,1.1365366064289024,0.03110754030566998,1.1858293826625528,1.0892928414816523,0.13651252563044625,1.3054288612231484,1.1486269018451871,0.06587352491814324,0.033722370108334676,1.1236739756047633,1.1735798280856111,53
兴业银行,晶澳科技,银行,光伏,4.177960301163586,1.092645611172131,0.021433446322213223,0.38754364808320696,3.0806192735157176,-0.31379677581030185,0.4336227063689604,0.631915868481969,-0.1812669743037174,-0.10404221789096813,1.1236739756047633,0.1401577613591748,53
兴业银行,亿纬锂能,银行,电池,4.177960301163586,1.0827909902010542,0.019220853882719657,0.7308220821380932,1.6042705291970645,-0.003990687273250693,0.8035647494370743,0.8067843735689334,-0.05099909049328222,-0.05009037931151272,1.1236739756047633,0.4898947715331034,53
兴业银行,立讯精密,银行,电子,4.177960301163586,1.0996339430418465,0.022993308475848906,1.3066892160592094,0.9253882207251393,0.08139214854765053,1.484998260660474,1.3732282619722005,0.0992660586645695,0.07886944784431926,1.1236739756047633,1.6227825483396379,53
兴业银行,京东方A,银行,电子,4.177960301163586,1.0479986467788873,0.011284530942305082,1.1790473032814197,0.93151577599447,0.04335354294887073,1.2974297636081333,1.243518817160631,0.06430661608717192,0.05355002215523741,1.1236739756047633,1.3633636587164986,53
兴业银行,工业富联,银行,电子,4.177960301163586,1.154135832239627,0.034906875999215714,2.7806635777016853,0.47903296534722284,-0.18523785536133341,3.1382512179345636,3.851739110101054,0.3148700127519255,0.3809491893553174,1.1236739756047633,6.579804244597344,53
兴业银行,海康威视,银行,安防,4.177960301163586,1.0261371264439434,0.0061947029588311775,1.0239397323713713,1.028339236165843,0.026096493186503755,1.1308961384649534,1.1021342982598044,0.029880404269851946,0.023549579996818393,1.1236739756047633,1.0805946209148454,53
兴业银行,大华股份,银行,安防,4.177960301163586,1.0561158565882314,0.013153833854693264,1.0673886737108644,1.0449620930109564,0.05615063665046005,1.1893938686558319,1.1261593066193165,0.042387750024623916,0.028846260971685522,1.1236739756047633,1.1286446376338697,53
兴业银行,韦尔股份,银行,半导体,4.177960301163586,1.0793028973138332,0.01843402522823845,0.8418769264558947,1.383687695366554,0.04191935392682922,0.9280261930806639,0.8906890822049518,-0.01771954743004789,-0.02732694243495215,1.1236739756047633,0.6577041888051403,53
兴业银行,北方华创,银行,半导体,4.177960301163586,1.0777274302865352,0.018078004068504683,1.7086425392925693,0.6797773011509558,-0.026678196868430204,1.9166875532338112,1.9692228686001407,0.16850079139445673,0.17608806756114537,1.1236739756047633,2.814771761595518,53
兴业银行,中芯国际,银行,半导体,4.177960301163586,1.1337374377685205,0.030499135699292523,1.784083469521355,0.7204598886523929,0.03259736702618832,1.976893984884977,1.9144867573876352,0.17718302387226248,0.16817951199485504,1.1236739756047633,2.705299539170507,53
兴业银行,兆易创新,银行,半导体,4.177960301163586,1.1564496411453666,0.035403098727386784,1.8015425884966685,0.7423503507742473,0.051085451041048335,2.0259892359088734,1.9275209583599802,0.18411526464868788,0.17007820967262455,1.1236739756047633,2.731367941115197,53
兴业银行,科大讯飞,银行,软件,4.177960301163586,1.1038858024645044,0.023938677922689777,1.0069774332484664,1.2101203310501882,0.09896577675793394,1.1284150682868603,1.0267972780879537,0.029339149793352615,0.006349602378698638,1.1236739756047633,0.929920580571144,53
兴业银行,恒生电子,银行,软件,4.177960301163586,1.1042806589034766,0.024026330692155762,0.85912323249581,1.4193956437259352,0.061821800593325316,0.9347499704753475,0.8803265952469873,-0.016020791470471973,-0.030047582155261154,1.1236739756047633,0.6369792148892113,53
兴业银行,浪潮信息,银行,服务器,4.177960301163586,1.2319738269118101,0.05120054500970195,2.11486355351713,0.7176630887943651,0.09792045381134051,2.266534269471673,2.0643884186723964,0.2163439701810188,0.18944870243099232,1.1236739756047633,3.0051028617400295,53
兴业银行,分众传媒,银行,传媒,4.177960301163586,1.0171458150606707,0.004077377090651035,0.9478357600919199,1.0915241359907155,0.014094880890623163,1.0573176261750352,1.0426219933646168,0.013429658368531161,0.010040275617544836,1.1236739756047633,0.9615700111244705,53
兴业银行,紫金矿业,银行,有色,4.177960301163586,1.0579593054617076,0.013576835939507426,1.8663047242248114,0.5997294426171065,-0.08586855675647542,2.069019966768047,2.263372496439618,0.19008688645638716,0.21593762881234846,1.1236739756047633,3.403071017274472,53
兴业银行,中国神华,银行,煤炭,4.177960301163586,1.0130769775452249,0.0031145422722085314,1.1872829566028849,0.8644316476745711,0.0003190018453551602,1.335280031808041,1.3348542108514991,0.07165723269308932,0.07157542409557904,1.1236739756047633,1.546034446098235,53
兴业银行,陕西煤业,银行,煤炭,4.177960301163586,1.0259063357727103,0.006140531850707731,1.1876499792518005,0.8861902312680003,0.015175744708939565,1.333030096279625,1.3131027836582299,0.0712247509183821,0.06736988755206652,1.1236739756047633,1.5025315917116964,53
兴业银行,长江电力,银行,电力,4.177960301163586,1.0091980128249847,0.0021938955886882106,1.0754239873293785,0.9470503179114601,0.00703939786749852,1.2107669078518755,1.202303415750952,0.04684080867097662,0.04508465227340186,1.1236739756047633,1.280932855897141,53
兴业银行,万华化学,银行,化工,4.177960301163586,1.0310956129786004,0.007356324975782869,0.9201404079261379,1.1554303603511107,0.02318798929794874,1.022818359804943,0.9996387472323054,0.005414829884164529,-8.647818214202463e-05,1.1236739756047633,0.8756035188598476,53
兴业银行,海螺水泥,银行,建材,4.177960301163586,1.011716543828546,0.0027919580792157284,0.8122305540500355,1.2601968245992918,-0.013564164013024738,0.9068864706146637,0.9193567767205875,-0.023122202070950948,-0.019923740217314023,1.1236739756047633,0.7150395778364116,53
兴业银行,宝钢股份,银行,钢铁,4.177960301163586,1.0080753602507102,0.0019269392381084938,0.979855520330472,1.0371079315875713,0.007690091447640324,1.1018445143781759,1.09343589237369,0.023485158959080765,0.021610224503109787,1.1236739756047633,1.0631978091426164,53
兴业银行,洛阳钼业,银行,有色,4.177960301163586,1.0934782786647956,0.021619703155788317,1.859928257236782,0.6428714340240836,-0.04246293969149628,2.080786256243748,2.173060806203522,0.19170329821280663,0.20414440999369265,1.1236739756047633,3.222447636802281,53
兴业银行,三一重工,银行,机械,4.177960301163586,1.0347765950944672,0.00821592169295382,1.0228284909453154,1.0468642702411253,0.03467036995416306,1.1458503651724292,1.1074545076836322,0.03312373292883075,0.024730017471487065,1.1236739756047633,1.0912350397625008,53
兴业银行,汇川技术,银行,机械,4.177960301163586,1.0511065260468546,0.012001537655421668,0.964314905678231,1.1457096873569854,0.043029626382728337,1.0352509619466017,0.9925422401824737,0.008326528351815243,-0.001790109357386993,1.1236739756047633,0.861410504760184,53
兴业银行,中航沈飞,银行,军工,4.177960301163586,1.0362578534828921,0.008561174454762899,1.0395662715307814,1.0329599644703125,0.0362553952870357,1.167141976702085,1.1263072617139855,0.037686432592675345,0.02887861248266832,1.1236739756047633,1.1289405478232077,53
兴业银行,顺丰控股,银行,交运,4.177960301163586,1.014533090750692,0.0034594489806636375,0.7834605595972711,1.3137577630675372,-0.021667952189843853,0.8689996260327071,0.8882461000616584,-0.033049454298043845,-0.027966162311150122,1.1236739756047633,0.6528182245185533,53
兴业银行,京沪高铁,银行,交运,4.177960301163586,1.0134710229797976,0.0032079162447582465,0.9983588540456813,1.028811944980978,0.013252680003504214,1.1142185652796932,1.0996453177659888,0.026224600864941605,0.022995841267765327,1.1236739756047633,1.0756166599272141,53
兴业银行,中国中免,银行,免税,4.177960301163586,1.0454640758645346,0.010698591636717936,0.5380235282891292,2.03150062488702,-0.15984382451441637,0.5917408784027551,0.7043224767832572,-0.11801863733739881,-0.08047417597943973,1.1236739756047633,0.284970977961751,53
兴业银行,上海机场,银行,交运,4.177960301163586,1.0261009443840927,0.006186210930615221,0.7068306536427426,1.4895833148148832,-0.044050321780850776,0.7878194786660484,0.8241223326040418,-0.05548337816823812,-0.04524376158667087,1.1236739756047633,0.5245706896033202,53
兴业银行,万科A,银行,地产,4.177960301163586,1.0169605632016612,0.00403360348548798,0.6489906082456546,1.5935651055153226,-0.07992452180985987,0.7250018044923789,0.7879807925307538,-0.07408315177406544,-0.055437091442582465,1.1236739756047633,0.45228760945674423,53
兴业银行,中国建筑,银行,建筑,4.177960301163586,1.0090280501320144,0.002153494554695712,0.9555649575137785,1.0654823598829324,0.007427893718963574,1.071655306831997,1.0637538562446738,0.016702122338861924,0.014902826613594211,1.1236739756047633,1.0038337368845842,53
兴业银行,保利发展,银行,地产,4.177960301163586,1.020198670963339,0.004797871811123011,0.6947392119259695,1.4981237712925723,-0.053257133944987545,0.7750221715120734,0.8186194998664391,-0.059178575966271296,-0.04677354042929005,1.1236739756047633,0.513565024128115,53
兴业银行,牧原股份,银行,养殖,4.177960301163586,1.0406233615877905,0.009576511488056605,0.8556319181914679,1.2656107815276119,0.017675712968515,0.945460186500458,0.9290387639718674,-0.013333960127137834,-0.017463124856527346,1.1236739756047633,0.7344035523389715,53
兴业银行,中国移动,银行,通信,4.177960301163586,1.019015037860955,0.004518721273846005,1.3463386249004683,0.7712707844681569,-0.016794739354692112,1.4988976924703934,1.524501294354976,0.10172002907309952,0.10619544624876842,1.1236739756047633,1.9253286131051888,53
兴业银行,中兴通讯,银行,通信,4.177960301163586,1.0653235415762126,0.015261078113619542,1.184705955406546,0.957971252746024,0.06054244679629761,1.3171370514654428,1.241946567479944,0.06815387623638758,0.05323103812036689,1.1236739756047633,1.3602191593551247,53
宁波银行,中国平安,银行,保险,4.177960301163586,1.0177065544629083,0.004209838598091098,1.1310175734194667,0.9157476022811882,0.014996530626318672,1.2593209564896675,1.2407145428493087,0.056739105955848856,0.052980865523561294,1.1440479887546788,1.3373810969439386,53
宁波银行,中国太保,银行,保险,4.177960301163586,1.0316326602038628,0.007481883538021039,1.2052111866164177,0.8830534908883335,0.023291424353999002,1.344672699796293,1.3140662257041595,0.0734567232534018,0.06755728184339249,1.1440479887546788,1.4840844626536402,53
宁波银行,中国人寿,银行,保险,4.177960301163586,1.0247599752373002,0.005871321038461552,1.1208335625186656,0.9369214502183183,0.02293517997024086,1.2511371317347406,1.223085446891306,0.05509132480500645,0.049380267905260844,1.1440479887546788,1.302122905027933,53
宁波银行,中信证券,银行,券商,4.177960301163586,1.0355622362318904,0.00839908627254271,1.172551729736893,0.9145772573720269,0.03127899757127017,1.304036718736317,1.2644848986621557,0.06560135002394785,0.0577746586564134,1.1440479887546788,1.3849218085696329,53
宁波银行,东方财富,银行,券商,4.177960301163586,1.0738879125977638,0.01720869590023799,1.0092592120300783,1.1426551623976788,0.06954692303658971,1.1163243792207067,1.0437357680870227,0.026688491691551963,0.010298423453048766,1.1440479887546788,0.9434235474193667,53
宁波银行,恒瑞医药,银行,医药,4.177960301163586,1.0817385181867964,0.018983645231049895,1.1271492398424392,1.038157309046794,0.08299627131179266,1.2295219439132705,1.1352965624009,0.05069941718520532,0.03083815517255606,1.1440479887546788,1.1265451360471208,53
宁波银行,迈瑞医疗,银行,医药,4.177960301163586,1.0429575473234416,0.010118071518721461,0.7754527504087484,1.4027423913907846,-0.00898910034672018,0.8636677585577734,0.8715017754698164,-0.034472817148883506,-0.03238378494777516,1.1440479887546788,0.598955562184954,53
宁波银行,药明康德,银行,医药,4.177960301163586,1.1066547925914925,0.024552854133317314,1.2579910587503091,0.9735242722490601,0.10050531242540695,1.4102596367375824,1.2814655420694945,0.0857627045217848,0.06115735474212447,1.1440479887546788,1.4188830953843103,53
宁波银行,爱尔眼科,银行,医药,4.177960301163586,1.0499318028633995,0.011730711658410886,0.5969746107520278,1.8465723178332736,-0.11152960948166846,0.6628506874975044,0.7460582756289704,-0.09373412304652584,-0.06771649597096374,1.1440479887546788,0.3480685625032621,53
宁波银行,片仔癀,银行,中药,4.177960301163586,1.0400962186800737,0.009454079919739122,0.6255914300817988,1.7292438676328055,-0.09275887615930567,0.6967805733923368,0.7680213727995502,-0.08284056026825859,-0.061219720410555234,1.1440479887546788,0.3919947568444214,53
宁波银行,云南白药,银行,中药,4.177960301163586,1.0297223016722108,0.007035026271387412,0.9778312196527293,1.084367114948206,0.027454553109425017,1.100182397272783,1.0707844876868364,0.023115409237390194,0.016504317672736857,1.1440479887546788,0.997520986618994,53
宁波银行,同仁堂,银行,中药,4.177960301163586,1.0537879919338577,0.012618873454991242,0.7487579575792835,1.4830815762334097,-0.012954985409155295,0.8358435859311357,0.8468140495878136,-0.042010993819105,-0.039016389186748546,1.1440479887546788,0.5495801104209482,53
宁波银行,美的集团,银行,家电,4.177960301163586,1.0213556531431154,0.005070498946217805,1.227166270605582,0.8500619640504116,0.007738473267041135,1.3786581137906266,1.368071330373129,0.07988897253183591,0.07789832442206257,1.1440479887546788,1.5920946719915792,53
宁波银行,格力电器,银行,家电,4.177960301163586,1.0250777332120113,0.0059459661223761895,1.1358310855360292,0.9251237904192262,0.021191065044289248,1.2812248528638226,1.2546377428481081,0.06110964619556403,0.05579715960217446,1.1440479887546788,1.3652274969415372,53
宁波银行,海尔智家,银行,家电,4.177960301163586,1.019757610940957,0.004693880091392488,0.9605750665142215,1.082586485245411,0.01612342182857196,1.0670403204176424,1.0501089705199813,0.01565244154983403,0.01177157144599672,1.1440479887546788,0.9561699522852838,53
宁波银行,苏泊尔,银行,家电,4.177960301163586,1.0304543597708096,0.007206338476449359,0.9617182117207553,1.104103233805646,0.026179905458023622,1.0725920285661386,1.0452280568555856,0.016914760189426614,0.010643974049399096,1.1440479887546788,0.9464081249564923,53
宁波银行,比亚迪,银行,汽车,4.177960301163586,1.07022224400167,0.016376540233452586,0.908488150353105,1.2607491370259407,0.0506509441638987,1.0076621173576794,0.9590836261605137,0.0018286169766144056,-0.009949550951857233,1.1440479887546788,0.7741192635663485,53
宁波银行,长城汽车,银行,汽车,4.177960301163586,1.0524953720073165,0.012321431644333414,0.700320001305203,1.5817719128859464,-0.038303767744803596,0.7819987991481764,0.8131453289718875,-0.05715838358191816,-0.0483031321006715,1.1440479887546788,0.4822426691890962,53
宁波银行,上汽集团,银行,汽车,4.177960301163586,1.0413957662255464,0.009755821139551202,0.8757958046815882,1.2383082176407376,0.028285516376051367,1.0152771385034727,0.9873494494812844,0.0036355447853926304,-0.00304260242606047,1.1440479887546788,0.8306509102078902,53
宁波银行,长安汽车,银行,汽车,4.177960301163586,1.079796233637477,0.018545427194636588,0.7268565830257385,1.6041127416416245,-0.005372150021251576,0.8189140891334425,0.8233371799823821,-0.04669144722954777,-0.04546155664404117,1.1440479887546788,0.5026263712100852,53
宁波银行,赛力斯,银行,汽车,4.177960301163586,1.24394646085008,0.053636731072448374,0.9598351570464068,1.6121547393857598,0.190244464713065,1.052666327447576,0.8844118655081037,0.01236078574807542,-0.028972112917023507,1.1440479887546788,0.6247757422615287,53
宁波银行,宁德时代,银行,电池,4.177960301163586,1.0565476361562163,0.013252961340129543,1.1138114586783703,1.0022278894417753,0.05734226966896094,1.2245179671390083,1.1581093485673166,0.04967431655456345,0.03575857698665885,1.1440479887546788,1.1721707083799544,53
宁波银行,隆基绿能,银行,光伏,4.177960301163586,1.0719238944150633,0.01676310675081094,0.45390103016802935,2.5314347380806788,-0.2463626794714081,0.5037817735866881,0.668467125849529,-0.15134463725534442,-0.09190205436440602,1.1440479887546788,0.1928862629443792,53
宁波银行,通威股份,银行,光伏,4.177960301163586,1.057534452838132,0.013479398009398347,0.5133431158669353,2.178619103620248,-0.18040643530486877,0.5744753359155091,0.700927094430274,-0.12424765896937828,-0.08153713017133113,1.1440479887546788,0.2578062001058692,53
宁波银行,阳光电源,银行,光伏,4.177960301163586,1.1638174453083416,0.036978193987485364,1.2203505181979621,1.109903282545512,0.16442322612470428,1.349349829720763,1.158813908420145,0.07434922557428414,0.0359093633588452,1.1440479887546788,1.1735798280856111,53
宁波银行,晶澳科技,银行,光伏,4.177960301163586,1.1062574896677273,0.024464802187451395,0.3943287750939256,3.1035159256497122,-0.30999149750158606,0.4430564432679563,0.6421028750569269,-0.1770384684624572,-0.1006061264546565,1.1440479887546788,0.1401577613591748,53
宁波银行,亿纬锂能,银行,电池,4.177960301163586,1.0992645190015904,0.02291103857040544,0.7456416977234323,1.6205940285061715,0.007973146908146544,0.8234852129775296,0.8169713801438911,-0.04542048139376231,-0.04723323699344917,1.1440479887546788,0.4898947715331034,53
宁波银行,立讯精密,银行,电子,4.177960301163586,1.1328145500892244,0.030298293864229775,1.3528322155089763,0.9485794248409787,0.11573262989338584,1.5435215558107858,1.3834152685471583,0.10948324790925468,0.08077968254506618,1.1440479887546788,1.6227825483396379,53
宁波银行,京东方A,银行,电子,4.177960301163586,1.0773135887155563,0.01798441925958394,1.2180737765905352,0.9528195998766147,0.0738462002293705,1.3462872350238948,1.2537058237355887,0.07376507963592349,0.05560940146235005,1.1440479887546788,1.3633636587164986,53
宁波银行,工业富联,银行,电子,4.177960301163586,1.17699512706591,0.03977651538756821,2.849883695528544,0.48609616291024615,-0.16378238333406303,3.2294106530267515,3.8619261166760115,0.3239125206130242,0.38182249592112205,1.1440479887546788,6.579804244597344,53
宁波银行,海康威视,银行,安防,4.177960301163586,1.0386923761081754,0.009127800105306338,1.0416381717949643,1.0357549112530164,0.03878044549437254,1.1554576205691358,1.112321304834762,0.035190441159822505,0.025806080961760625,1.1440479887546788,1.0805946209148454,53
宁波银行,大华股份,银行,安防,4.177960301163586,1.0850593515756575,0.01973150685667835,1.102111335970572,1.068271197305989,0.08530594372478473,1.2332834078394914,1.1363463131942741,0.051467892815943994,0.031066215841511813,1.1440479887546788,1.1286446376338697,53
宁波银行,韦尔股份,银行,半导体,4.177960301163586,1.1143381600967517,0.02625096432161733,0.8735408424176345,1.4215128529206664,0.07357028661340959,0.967153800834615,0.9008760887799095,-0.00796192686544428,-0.02467574279061291,1.1440479887546788,0.6577041888051403,53
宁波银行,北方华创,银行,半导体,4.177960301163586,1.1084289891084569,0.024945765844616163,1.76608296579975,0.6956722009600675,0.005007144170823041,1.9893210657932512,1.9794098751750986,0.17894999602088157,0.17754143204128803,1.1440479887546788,2.814771761595518,53
宁波银行,中芯国际,银行,半导体,4.177960301163586,1.1607556086603368,0.03632455572159676,1.8357114652341289,0.7339680600973889,0.06141246921516075,2.0428727322411735,1.924673763962593,0.18646967952551852,0.1696642931923278,1.1440479887546788,2.705299539170507,53
宁波银行,兆易创新,银行,半导体,4.177960301163586,1.1698879338975898,0.03827025890036717,1.8315678751274358,0.7472492810477718,0.06734718258263817,2.0682071370412434,1.9377079649349378,0.18997496479284437,0.1715553676412871,1.1440479887546788,2.731367941115197,53
宁波银行,科大讯飞,银行,软件,4.177960301163586,1.1460344086763448,0.03316344788493186,1.050640639517628,1.2500895324905263,0.1400690103670088,1.182233647181786,1.0369842846629114,0.04088231337952286,0.008730354377444405,1.1440479887546788,0.929920580571144,53
宁波银行,恒生电子,银行,软件,4.177960301163586,1.1193547991616062,0.027354897675390566,0.8751947656530196,1.4316300960406652,0.07420224805518605,0.9565917130008542,0.8905136018219451,-0.01056586070679133,-0.027372813367185445,1.1440479887546788,0.6369792148892113,53
宁波银行,浪潮信息,银行,服务器,4.177960301163586,1.2555561825033577,0.055982098209028,2.1660973478333037,0.7277703049677163,0.12436113038097951,2.3325719701917165,2.074575425247354,0.22473400929165988,0.19085094485984078,1.1440479887546788,3.0051028617400295,53
宁波银行,分众传媒,银行,传媒,4.177960301163586,1.0303132942220454,0.007173334295799361,0.964895153617521,1.1001666660577651,0.026669430684612472,1.0808868165875993,1.0528089999395747,0.018791558147941645,0.012393625369033545,1.1440479887546788,0.9615700111244705,53
宁波银行,紫金矿业,银行,有色,4.177960301163586,1.0720387369593547,0.016789178887761658,1.9005750303440188,0.6046943873262305,-0.06926408146579655,2.116083492380438,2.2735595030145754,0.1965109592541281,0.2172452906649971,1.1440479887546788,3.403071017274472,53
宁波银行,中国神华,银行,煤炭,4.177960301163586,1.035010326820877,0.008270425019150318,1.2190384914798613,0.8787633730296825,0.023476806284553176,1.3766184895327174,1.345041217426457,0.07950636555125778,0.07352713038500225,1.1440479887546788,1.546034446098235,53
宁波银行,陕西煤业,银行,煤炭,4.177960301163586,1.0504525532748894,0.011850796239738282,1.2221320763384396,0.9028897842103283,0.0408899807395553,1.377399084268673,1.3232897902331877,0.07965284587135657,0.0693460426327368,1.1440479887546788,1.5025315917116964,53
宁波银行,长江电力,银行,电力,4.177960301163586,1.0348010371621967,0.008221621716991034,1.1082076303220016,0.9662568251770849,0.033225821442070425,1.2527764125983312,1.2124904223259099,0.055422042853388476,0.047197289138383836,1.1440479887546788,1.280932855897141,53
宁波银行,万华化学,银行,化工,4.177960301163586,1.0296577922264363,0.00701992568517662,0.9234407233113539,1.148092283921462,0.020836584055617502,1.0308670730079956,1.0098257538072632,0.007302878552098768,0.0023430681080898186,1.1440479887546788,0.8756035188598476,53
宁波银行,海螺水泥,银行,建材,4.177960301163586,1.0219808422267196,0.005217718509580749,0.8245636277005486,1.2666637319318421,-0.005396468008859956,0.9245275300061562,0.9295437832955452,-0.018607187124869085,-0.0173353136475487,1.1440479887546788,0.7150395778364116,53
宁波银行,宝钢股份,银行,钢铁,4.177960301163586,1.0237075364899628,0.005623965012648613,1.0000135688186254,1.0479629006478235,0.02311005612385464,1.129127686082922,1.1036228989486476,0.029494702540313167,0.023880303684338022,1.1440479887546788,1.0631978091426164,53
宁波银行,洛阳钼业,银行,有色,4.177960301163586,1.1013155866178077,0.023367541283519033,1.8826030852540614,0.64426539551944,-0.03128271792695747,2.114949887286684,2.18324781277848,0.19635750820407627,0.2054931123045769,1.1440479887546788,3.222447636802281,53
宁波银行,三一重工,银行,机械,4.177960301163586,1.0486880247522237,0.011443714099147462,1.0417499220522624,1.0556723355373083,0.04854665662194324,1.1718992730777302,1.1176415142585898,0.03869723481312559,0.026978305774036926,1.1440479887546788,1.0912350397625008,53
宁波银行,汇川技术,银行,机械,4.177960301163586,1.0684929958150413,0.01598322503055205,0.9851554747766704,1.1588803100999,0.059776015949218886,1.0626684062043519,1.0027292467574314,0.014654857577074187,0.0006525716221423838,1.1440479887546788,0.861410504760184,53
宁波银行,中航沈飞,银行,军工,4.177960301163586,1.0529674728401224,0.012430097878865176,1.0615983855678246,1.0444067303910545,0.05305969023306023,1.196796302116003,1.1364942682889434,0.04393688175541555,0.03109834652470611,1.1440479887546788,1.1289405478232077,53
宁波银行,顺丰控股,银行,交运,4.177960301163586,1.0307129162028872,0.007266822306726262,0.799925586079727,1.3280849295419033,-0.008189207155893108,0.8910756518106562,0.898433106636616,-0.02722591659308582,-0.025309449557886277,1.1440479887546788,0.6528182245185533,53
宁波银行,京沪高铁,银行,交运,4.177960301163586,1.040869807974909,0.00963373370766396,1.0304636999749046,1.0513810017568876,0.04059991505171201,1.1548914224308329,1.1098323243409465,0.03506900408042757,0.02525620830494768,1.1440479887546788,1.0756166599272141,53
宁波银行,中国中免,银行,免税,4.177960301163586,1.049727807126807,0.011683658073265768,0.5429124537712847,2.02966143325839,-0.16060421008266001,0.5997562521868993,0.714509483358215,-0.11517377076178625,-0.07730826084858855,1.1440479887546788,0.284970977961751,53
宁波银行,上海机场,银行,交运,4.177960301163586,1.0432000966211583,0.010174293068538676,0.7221939653692028,1.5068894144442848,-0.031118017656802555,0.8083472864311921,0.8343093391789995,-0.04965025482084873,-0.042432175837322395,1.1440479887546788,0.5245706896033202,53
宁波银行,万科A,银行,地产,4.177960301163586,1.0202823053715275,0.004817587006806567,0.6543582818001187,1.5908348860360524,-0.08031106647689512,0.7340660919320157,0.7981677991057116,-0.07132544956840614,-0.052528564761055496,1.1440479887546788,0.45228760945674423,53
宁波银行,中国建筑,银行,建筑,4.177960301163586,1.0196393018502592,0.004665979733601278,0.9704306184615048,1.071343263597701,0.01759313977576671,1.092834854530125,1.0739408628196316,0.02147578706572184,0.017220700465619077,1.1440479887546788,1.0038337368845842,53
宁波银行,保利发展,银行,地产,4.177960301163586,1.0198631609469955,0.0047187694473849184,0.6979750703642178,1.4901977322972875,-0.05657689844367664,0.7819152048970036,0.828806506441397,-0.05718250830949012,-0.043947678592853645,1.1440479887546788,0.513565024128115,53
宁波银行,牧原股份,银行,养殖,4.177960301163586,1.0479681516251673,0.011277487516137663,0.8659691850194622,1.2682174675718827,0.023233059634378384,0.9610468588840846,0.9392257705468252,-0.009464853773666237,-0.014895130925194677,1.1440479887546788,0.7344035523389715,53
宁波银行,中国移动,银行,通信,4.177960301163586,1.0486623690781718,0.011437791415005227,1.3924202940246733,0.7897707100649005,0.014396141833438847,1.5567818913802405,1.534688300929934,0.11175721447524811,0.10796020581663801,1.1440479887546788,1.9253286131051888,53
宁波银行,中兴通讯,银行,通信,4.177960301163586,1.0909131738709956,0.021045576474794547,1.2192146767466008,0.9761132109244084,0.08717154719141362,1.3612839949955822,1.2521335740549018,0.07661591962132319,0.05529239212399184,1.1440479887546788,1.3602191593551247,53
中国平安,中国太保,保险,保险,4.177960301163586,1.0081209278182055,0.0019377791842538628,1.0597512079956308,0.9590060359801258,0.006759476812881804,1.4202685953130116,1.4107327797987894,0.08760216915373542,0.08584988286312778,1.3373810969439386,1.4840844626536402,53
中国平安,中国人寿,保险,保险,4.177960301163586,1.0134916829597556,0.0032128111223348466,0.9974528608680248,1.0297884057746005,0.0134046660700462,1.3374428358544275,1.3197520009859358,0.07207244387843437,0.06866107033348512,1.3373810969439386,1.302122905027933,53
中国平安,中信证券,保险,券商,4.177960301163586,1.0167038175270768,0.003972926406219823,1.0358657647316427,0.9978963373134785,0.016549513044949116,1.3836778464803356,1.3611514527567858,0.08082877866550464,0.07659082861183175,1.3373810969439386,1.3849218085696329,53
中国平安,东方财富,保险,券商,4.177960301163586,1.0578845414844007,0.013559691334865676,0.894613108880698,1.2509538391538393,0.042008562794349835,1.188308984743843,1.1404023221816526,0.04216009707721913,0.03194588977714985,1.3373810969439386,0.9434235474193667,53
中国平安,恒瑞医药,保险,医药,4.177960301163586,1.0501036443709946,0.011770343164404062,0.9845652709498184,1.120004631950346,0.04649023904403515,1.2892373762748413,1.2319631164955296,0.06269420918054425,0.05119835761289515,1.3373810969439386,1.1265451360471208,53
中国平安,迈瑞医疗,保险,医药,4.177960301163586,1.024332497461815,0.005770873704070034,0.6853033886163633,1.5310840173646643,-0.05307629366214006,0.9167815429901002,0.9681683295644463,-0.020581536349598917,-0.007712949626332843,1.3373810969439386,0.598955562184954,53
中国平安,药明康德,保险,医药,4.177960301163586,1.092050275744301,0.02130021136629434,1.1170207395979426,1.0676380146553548,0.09159926011129582,1.5043679765083877,1.3781320961641246,0.10268107222546363,0.07979033969061389,1.3373810969439386,1.4188830953843103,53
中国平安,爱尔眼科,保险,医药,4.177960301163586,1.0397370556586962,0.009370635480152378,0.5319508547671862,2.032242518687086,-0.15821825834207093,0.709390374903114,0.8427248297236003,-0.07889485341780511,-0.04012915358348634,1.3373810969439386,0.3480685625032621,53
中国平安,片仔癀,保险,中药,4.177960301163586,1.0279873008320188,0.006628640655838458,0.5563630016955835,1.8994036042139797,-0.13921221218108004,0.7443128077449692,0.8646879268941801,-0.06823902400566162,-0.034199963153655366,1.3373810969439386,0.3919947568444214,53
中国平安,云南白药,保险,中药,4.177960301163586,1.014276303501825,0.0033986516423762936,0.8666690312019257,1.1870233997153588,0.003531389583821154,1.1715737662300345,1.1674510417814663,0.03862817261543605,0.03775219600570767,1.3373810969439386,0.997520986618994,53
中国平安,同仁堂,保险,中药,4.177960301163586,1.0364754433659735,0.008611858832726638,0.6626747779965593,1.6211290671851544,-0.058174059790999655,0.8885945066321725,0.9434806036824435,-0.027874918099264123,-0.013828820210920023,1.3373810969439386,0.5495801104209482,53
中国平安,美的集团,保险,家电,4.177960301163586,1.0123471786416973,0.0029415343465886146,1.0944832219846141,0.9363750759426549,0.008555514515185658,1.4772694706992653,1.464737884467759,0.09789395948452051,0.09565756557947536,1.3373810969439386,1.5920946719915792,53
中国平安,格力电器,保险,家电,4.177960301163586,1.0124695235629937,0.0029705443524363773,1.0094670052625605,1.0154809724338143,0.012504971384060815,1.3682023185071652,1.3513042969427378,0.077923025783327,0.07472148516158983,1.3373810969439386,1.3652274969415372,53
中国平安,海尔智家,保险,家电,4.177960301163586,1.0147048886477592,0.003500117576370476,0.8600571795006535,1.1971599512063362,0.0005936376908395324,1.1474562937889548,1.1467755246146112,0.033470114673168405,0.03332332504812663,1.3373810969439386,0.9561699522852838,53
中国平安,苏泊尔,保险,家电,4.177960301163586,1.0216224518164492,0.005133333096055015,0.8579514775251933,1.216516856018591,0.006541892209725786,1.1493647624099186,1.1418946109502155,0.033881271918453804,0.03226894098341582,1.3373810969439386,0.9464081249564923,53
中国平安,比亚迪,保险,汽车,4.177960301163586,1.0495257579410675,0.011637046622209546,0.8016625837456874,1.3740248564865087,0.011502311625349204,1.0678937478269568,1.0557501802551434,0.01584681390619891,0.013069858166504744,1.3373810969439386,0.7741192635663485,53
中国平安,长城汽车,保险,汽车,4.177960301163586,1.0317720929444452,0.00751447398328442,0.6177508205060832,1.7232735537394201,-0.08925991234631925,0.8286021541323604,0.9098118830665174,-0.04400410527024523,-0.022368884698111935,1.3373810969439386,0.4822426691890962,53
中国平安,上汽集团,保险,汽车,4.177960301163586,1.0231708373031547,0.005497749436148114,0.7742628550351868,1.3520971017782621,-0.004348096545283564,1.0793025973357337,1.0840160035759143,0.01843395747737353,0.019496729555286363,1.3373810969439386,0.8306509102078902,53
中国平安,长安汽车,保险,汽车,4.177960301163586,1.059888591913366,0.014018934528946536,0.641978311436881,1.7498470076874966,-0.05539029591320488,0.8690444550052329,0.920003734077012,-0.033037515224464964,-0.01975870716443462,1.3373810969439386,0.5026263712100852,53
中国平安,赛力斯,保险,汽车,4.177960301163586,1.2008469217900906,0.04478148525123049,0.8337499719061906,1.7295752661626311,0.11899216150727998,1.097819061359409,0.9810784196027336,0.02258893612673729,-0.004561862066464584,1.3373810969439386,0.6247757422615287,53
中国平安,宁德时代,保险,电池,4.177960301163586,1.0476574017980989,0.011205705140806321,0.9937911001784593,1.1044434100338039,0.04547498897161262,1.3118368229973438,1.2547759026619465,0.06712349281362306,0.055824986281523215,1.3373810969439386,1.1721707083799544,53
中国平安,隆基绿能,保险,光伏,4.177960301163586,1.057580045947559,0.01348985599842556,0.4029616194364604,2.7756379258913615,-0.29796863763825154,0.5371478397200559,0.7651336799441589,-0.13821759476150608,-0.06206577679096481,1.3373810969439386,0.1928862629443792,53
中国平安,通威股份,保险,光伏,4.177960301163586,1.0401931138236267,0.00947658783983707,0.45433941075216316,2.381483288572366,-0.23420522528087884,0.6107930483895306,0.7975936485249039,-0.11130347332197676,-0.05269173925360948,1.3373810969439386,0.2578062001058692,53
中国平安,阳光电源,保险,光伏,4.177960301163586,1.139060550488772,0.031655147907863945,1.0747309522135566,1.2072406912702096,0.13666371876186356,1.4270590913549084,1.2554804625147749,0.08884453227955902,0.055966854993259485,1.3373810969439386,1.1735798280856111,53
中国平安,晶澳科技,保险,光伏,4.177960301163586,1.090719438560344,0.021002172575078637,0.34983923725680205,3.4006159600105317,-0.36076733429630736,0.4722455515369449,0.7387694291515567,-0.16437451755145271,-0.06990470969855311,1.3373810969439386,0.1401577613591748,53
中国平安,亿纬锂能,保险,电池,4.177960301163586,1.0872106525832599,0.020215057529142433,0.6635824534195963,1.7812812816240917,-0.03676119937409905,0.8800515079822387,0.913637934238521,-0.03012013666364366,-0.02138642119204215,1.3373810969439386,0.4898947715331034,53
中国平安,立讯精密,保险,电子,4.177960301163586,1.1024519390046377,0.02362017901561342,1.1846716687171224,1.025938502548338,0.09765302962538969,1.6246162967162276,1.4800818226417882,0.1231647572402681,0.09839386948128359,1.3373810969439386,1.6227825483396379,53
中国平安,京东方A,保险,电子,4.177960301163586,1.0600128666415234,0.014047391258971809,1.0784395615769011,1.0419010183589752,0.059994530123500756,1.431387334129897,1.3503723778302186,0.08963406631705872,0.07454403735942394,1.3373810969439386,1.3633636587164986,53
中国平安,工业富联,保险,电子,4.177960301163586,1.1571901533797417,0.03556175049866317,2.5212181220599073,0.5311278065798433,-0.13270358622974998,3.4332732269365733,3.9585926707706416,0.3434529602119847,0.3900234864799088,1.3373810969439386,6.579804244597344,53
中国平安,海康威视,保险,安防,4.177960301163586,1.0309071043979805,0.007312240955592353,0.9302564584585825,1.142447814508289,0.025084887155536917,1.2393151829430502,1.208987858929392,0.05269648483570033,0.04647243674634183,1.3373810969439386,1.0805946209148454,53
中国平安,大华股份,保险,安防,4.177960301163586,1.0575705123172872,0.01348766923579614,0.9665727049017342,1.1571352913765094,0.053788924239046576,1.2993353029932768,1.2330128672889042,0.06468054933117706,0.051412680314441905,1.3373810969439386,1.1286446376338697,53
中国平安,韦尔股份,保险,半导体,4.177960301163586,1.0872446572623498,0.020222694959017407,0.7669140833427468,1.5413733694824114,0.02222402933427814,1.0197120598319764,0.9975426428745394,0.004683138247779217,-0.0005887219825616574,1.3373810969439386,0.6577041888051403,53
中国平安,北方华创,保险,半导体,4.177960301163586,1.0803415311547104,0.018668517659183648,1.5488790895669355,0.7535370783939205,0.009711503466103277,2.0962382527084764,2.0760764292697282,0.1938155125230696,0.19105711523037994,1.3373810969439386,2.814771761595518,53
中国平安,中芯国际,保险,半导体,4.177960301163586,1.128517874285904,0.029361595263939222,1.6059251160619783,0.7930336102506195,0.06195065604113159,2.1465636768432574,2.0213403180572227,0.20061367557068488,0.18346435041737275,1.3373810969439386,2.705299539170507,53
中国平安,兆易创新,保险,半导体,4.177960301163586,1.1702263363467695,0.03834213550746246,1.648548932027727,0.8306879169156199,0.09951547332349064,2.236826262208044,2.034374519029568,0.2125088442230061,0.1852864557415117,1.3373810969439386,2.731367941115197,53
中国平安,科大讯飞,保险,软件,4.177960301163586,1.108305611356081,0.024918458218919692,0.9142590946317337,1.3435374451026443,0.09032511039635938,1.2360479759192415,1.1336508387575412,0.05203156444921109,0.030480295027511817,1.3373810969439386,0.929920580571144,53
中国平安,恒生电子,保险,软件,4.177960301163586,1.0948477921831081,0.021925810922127198,0.7702716458904868,1.556193447394077,0.023830152453688802,1.0107048095313231,0.9871801559165749,0.002551843021589395,-0.0030835200282318675,1.3373810969439386,0.6369792148892113,53
中国平安,浪潮信息,保险,服务器,4.177960301163586,1.2210685922563893,0.04896583051529868,1.8955493648397894,0.7865838445842951,0.12811867535469346,2.449418625609782,2.171241979341984,0.23914667900217879,0.20390310181643834,1.3373810969439386,3.0051028617400295,53
中国平安,分众传媒,保险,传媒,4.177960301163586,1.0209773815452654,0.004981390240371697,0.860359901306745,1.2115799586240599,0.00726284031944302,1.1578240114342582,1.1494755540342045,0.035697490709988955,0.03390512472520357,1.3373810969439386,0.9615700111244705,53
中国平安,紫金矿业,保险,有色,4.177960301163586,1.056521647377342,0.013246995736053035,1.6854123011579194,0.6622937251674561,-0.049063037754418226,2.2539355665827503,2.370226057109205,0.2147222504580868,0.22943733564456137,1.3373810969439386,3.403071017274472,53
中国平安,中国神华,保险,煤炭,4.177960301163586,1.023250863616231,0.005516572422657129,1.0844463574046466,0.9655086420292825,0.02067413929537798,1.4715138388127427,1.4417077715210866,0.0968686053070944,0.09150936210495098,1.3373810969439386,1.546034446098235,53
中国平安,陕西煤业,保险,煤炭,4.177960301163586,1.0359033544960747,0.008478581764517878,1.0844615533355522,0.9895194131646499,0.03422988052344533,1.4685612803426666,1.4199563443278174,0.09634142869749107,0.08754493234569027,1.3373810969439386,1.5025315917116964,53
中国平安,长江电力,保险,电力,4.177960301163586,1.0226030154724126,0.00536415990945871,0.9854272518163157,1.0611812544516415,0.022487662710133582,1.3385968569409032,1.3091569764205397,0.07229378182078028,0.06660131528576274,1.3373810969439386,1.280932855897141,53
中国平安,万华化学,保险,化工,4.177960301163586,1.0238378875824385,0.00565461208894158,0.8262291777840685,1.268708547500878,0.001303369615358596,1.1079344763556405,1.1064923079018931,0.02483629968046408,0.02451684649917074,1.3373810969439386,0.8756035188598476,53
中国平安,海螺水泥,保险,建材,4.177960301163586,1.0153677172005862,0.0036569755887727595,0.7371535967795885,1.3985845088963103,-0.032411538682463825,0.9929492813435092,1.0262103373901752,-0.0016921425030106407,0.006211885071106593,1.3373810969439386,0.7150395778364116,53
中国平安,宝钢股份,保险,钢铁,4.177960301163586,1.0130655939142483,0.003111844368555383,0.8904730432445721,1.152535616163454,0.006538527565538743,1.2081375787186264,1.2002894530432775,0.04629623110232428,0.04466537495674339,1.3373810969439386,1.0631978091426164,53
中国平安,洛阳钼业,保险,有色,4.177960301163586,1.086610348023809,0.020080199569918467,1.6713755149235128,0.7064373253586025,-0.010549831441212243,2.2558616546022003,2.27991436687311,0.21497062450363202,0.2180587812931889,1.3373810969439386,3.222447636802281,53
中国平安,三一重工,保险,机械,4.177960301163586,1.0294374832948194,0.006968349609704161,0.9201748606023425,1.1516740756410897,0.024192968408537352,1.2436857850891212,1.2143080683532197,0.053583879225319375,0.047572821813997246,1.3373810969439386,1.0912350397625008,53
中国平安,汇川技术,保险,机械,4.177960301163586,1.0518743037301421,0.012178420209395524,0.8726702284274029,1.2678781913319455,0.027499040101505834,1.1296281300671192,1.0993958008520612,0.029603896604324387,0.022940277152654343,1.3373810969439386,0.861410504760184,53
中国平安,中航沈飞,保险,军工,4.177960301163586,1.034734876160961,0.008206192372624432,0.9387016901689346,1.1405926666129191,0.03111579602200676,1.2715316029951904,1.233160822383573,0.05918259431291717,0.05144287645219414,1.3373810969439386,1.1289405478232077,53
中国平安,顺丰控股,保险,交运,4.177960301163586,1.0182707693255386,0.004343065080782305,0.7110962124786787,1.4581365242385027,-0.04386223579952497,0.9514523647682247,0.9950996607312459,-0.011840811172286969,-0.0011750945730172324,1.3373810969439386,0.6528182245185533,53
中国平安,京沪高铁,保险,交运,4.177960301163586,1.021420881089896,0.00508586202930994,0.9099011979729562,1.1466086852624058,0.01541580781170726,1.2250980332705796,1.2064988784355763,0.049793310367217236,0.045956372985884064,1.3373810969439386,1.0756166599272141,53
中国平安,中国中免,保险,免税,4.177960301163586,1.0411250751746137,0.009692993161271257,0.4845172318335265,2.2371576301950236,-0.20762625781844524,0.6427545923645157,0.8111760374528448,-0.10038771637483501,-0.048855306889281636,1.3373810969439386,0.284970977961751,53
中国平安,上海机场,保险,交运,4.177960301163586,1.0273337708772337,0.006475430429009332,0.6399573329917082,1.6491953797152774,-0.07570839908107374,0.8604931988108103,0.9309758932736294,-0.03532345558452776,-0.016973159685638173,1.3373810969439386,0.5245706896033202,53
中国平安,万科A,保险,地产,4.177960301163586,1.0181338787974135,0.004310746662002707,0.5875615342878053,1.7642349518532472,-0.11506789358418212,0.7918676490708141,0.8948343532003414,-0.05432398600549393,-0.026245353895758106,1.3373810969439386,0.45228760945674423,53
中国平安,中国建筑,保险,建筑,4.177960301163586,1.0098287563569854,0.002343781446084936,0.8648063624591437,1.1791704610795717,-0.0004049443800254737,1.1701333860195657,1.1706074169142613,0.038322394453124575,0.038423058013417055,1.3373810969439386,1.0038337368845842,53
中国平安,保利发展,保险,地产,4.177960301163586,1.0199517886543474,0.004739666905505091,0.6281030019141349,1.6562596389587345,-0.08662381692732146,0.8453050515689862,0.9254730605360268,-0.03942654307039706,-0.018367046621927452,1.3373810969439386,0.513565024128115,53
中国平安,牧原股份,保险,养殖,4.177960301163586,1.0424120122968306,0.009991583248073477,0.7750808017173115,1.401947772378243,-0.0027082024358454637,1.0330869185245874,1.035892324641455,0.007821631376510929,0.008476011636964875,1.3373810969439386,0.7344035523389715,53
中国平安,中国移动,保险,通信,4.177960301163586,1.0273464077069476,0.006478393645660718,1.2274527575829937,0.8598625363852398,0.010537360975722665,1.648545030011455,1.6313548550245636,0.12710233689384642,0.12427805508285705,1.3373810969439386,1.9253286131051888,53
中国平安,中兴通讯,保险,通信,4.177960301163586,1.0679195673955155,0.015852692600235363,1.0739443028183666,1.061928630221624,0.0678856037800406,1.4403642392275586,1.3488001281495317,0.09126581217540108,0.07424445221100107,1.3373810969439386,1.3602191593551247,53
中国太保,中国人寿,保险,保险,4.177960301163586,1.0134894038344784,0.0032122711429987127,0.9488555754344811,1.082525937853534,0.011325886384116579,1.4088818178852618,1.3931036838407866,0.08550870956515522,0.08258652171894654,1.4840844626536402,1.302122905027933,53
中国太保,中信证券,保险,券商,4.177960301163586,1.0250188941063187,0.005932145452646642,0.9934582179262004,1.0575822055890323,0.02441203976251205,1.4695222831976358,1.4345031356116364,0.09651310330476548,0.09020131009389254,1.4840844626536402,1.3849218085696329,53
中国太保,东方财富,保险,券商,4.177960301163586,1.0680459648935776,0.01588146968604076,0.8592027144938605,1.3276519776795985,0.041260225252552685,1.2638337686854975,1.2137540050365034,0.057644261547378006,0.047458395526188024,1.4840844626536402,0.9434235474193667,53
中国太保,恒瑞医药,保险,医药,4.177960301163586,1.057385908036882,0.013445322939930282,0.9430931171052245,1.1855297618402985,0.047709958598864066,1.3675913143858718,1.3053147993503806,0.0778077890250426,0.06585123322345465,1.4840844626536402,1.1265451360471208,53
中国太保,迈瑞医疗,保险,医药,4.177960301163586,1.0296323709158635,0.007013974782346555,0.6552889224226697,1.617825027956167,-0.0679442620871652,0.9707547037264529,1.0415200124192971,-0.0070791197322988,0.009784654790484515,1.4840844626536402,0.598955562184954,53
中国太保,药明康德,保险,医药,4.177960301163586,1.1001399597724808,0.023105963153663867,1.070471855891187,1.1306303144986403,0.09987549828675824,1.5964514447036422,1.4514837790189752,0.11847317635785681,0.09327633721292683,1.4840844626536402,1.4188830953843103,53
中国太保,爱尔眼科,保险,医药,4.177960301163586,1.0521102628515409,0.012232761336337772,0.5120565855259258,2.1617454720568055,-0.17453900369171804,0.7561854307676247,0.9160765125784511,-0.06470301612811569,-0.02076186844479755,1.4840844626536402,0.3480685625032621,53
中国太保,片仔癀,保险,中药,4.177960301163586,1.0395363620867142,0.009323998740430328,0.5352034289978255,2.0191123403749174,-0.1547432924150578,0.7928842721207299,0.9380396097490309,-0.054033534607884404,-0.015193051451504402,1.4840844626536402,0.3919947568444214,53
中国太保,云南白药,保险,中药,4.177960301163586,1.0221335851539852,0.005253676010145147,0.8308322914209286,1.2574824988000242,0.0023311636251044376,1.2436952388139197,1.2408027246363171,0.053585796109342,0.05299877782767748,1.4840844626536402,0.997520986618994,53
中国太保,同仁堂,保险,中药,4.177960301163586,1.04166996652857,0.009819450959392517,0.6335490982726888,1.7126949152417537,-0.07482115850297921,0.9407517168553406,1.0168322865372943,-0.014512289231989772,0.004003289131249144,1.4840844626536402,0.5495801104209482,53
中国太保,美的集团,保险,家电,4.177960301163586,1.0263926899587406,0.006254677928388963,1.0556061019767926,0.9979877456448238,0.02578538149537013,1.5777497935900717,1.5380895673226096,0.11532303912918285,0.10854744438949471,1.4840844626536402,1.5920946719915792,53
中国太保,格力电器,保险,家电,4.177960301163586,1.0206266264765531,0.00489874110814692,0.9680232168714669,1.0760885612222073,0.019801955621802758,1.4528669542858765,1.4246559797975888,0.09352560911469521,0.08840538330646597,1.4840844626536402,1.3652274969415372,53
中国太保,海尔智家,保险,家电,4.177960301163586,1.0241946989539483,0.005738487464028275,0.8258074693045191,1.2702413339138205,-4.908707914130783e-05,1.2200673149886665,1.220127207469462,0.048759887619990394,0.04877220993085252,1.4840844626536402,0.9561699522852838,53
中国太保,苏泊尔,保险,家电,4.177960301163586,1.0337413541875742,0.00797440376038172,0.8258342648028925,1.2939898874414164,0.008129116170789485,1.225125172103529,1.2152462938050663,0.049798876533267755,0.04776649551989132,1.4840844626536402,0.9464081249564923,53
中国太保,比亚迪,保险,汽车,4.177960301163586,1.0607237206154279,0.014210115578835447,0.7707428481320762,1.459805711078659,0.006955741513496427,1.1369556038121948,1.1291018631099945,0.031198512077241558,0.029489067114093714,1.4840844626536402,0.7741192635663485,53
中国太保,长城汽车,保险,汽车,4.177960301163586,1.0339657435667828,0.00802676859683027,0.5889038782422272,1.815381420242363,-0.11030191820104152,0.8747187386948652,0.9831635659213682,-0.03153007991953882,-0.004055883612971045,1.4840844626536402,0.4822426691890962,53
中国太保,上汽集团,保险,汽车,4.177960301163586,1.0312468502008405,0.007391688402062391,0.7423549634779129,1.4325627474312643,-0.00996155153491629,1.1458385085775382,1.1573676864307652,0.03312117421443639,0.03559977476474474,1.4840844626536402,0.8306509102078902,53
中国太保,长安汽车,保险,汽车,4.177960301163586,1.0739113733520875,0.01721401484113283,0.6187814566333847,1.863801226510032,-0.06623572938512245,0.9275597963527185,0.9933554169318628,-0.017837728925345853,-0.001594424043113829,1.4840844626536402,0.5026263712100852,53
中国太保,赛力斯,保险,汽车,4.177960301163586,1.2181943747717099,0.048374315525069544,0.8045878740830126,1.8444194630906492,0.11265075626697607,1.1732124509300963,1.0544301024575844,0.03897570129501471,0.012766524875524654,1.4840844626536402,0.6247757422615287,53
中国太保,宁德时代,保险,电池,4.177960301163586,1.0625394275824769,0.014625379846741726,0.9588034366156839,1.1774989450938207,0.055310907692938116,1.4015875278037617,1.3281275855167973,0.08416088182571424,0.07028046559873591,1.4840844626536402,1.1721707083799544,53
中国太保,隆基绿能,保险,光伏,4.177960301163586,1.0685560783544044,0.0159975815764819,0.3873079971151473,2.948072596209991,-0.31815119411580006,0.571720243375885,0.8384853627990098,-0.12525476559861293,-0.04128714821467061,1.4840844626536402,0.1928862629443792,53
中国太保,通威股份,保险,光伏,4.177960301163586,1.0517665028129475,0.012153590690575644,0.4370131257941943,2.531303320533065,-0.25302425222971425,0.6505750401744316,0.8709453313797547,-0.09777989726456726,-0.03253169496041297,1.4840844626536402,0.2578062001058692,53
中国太保,阳光电源,保险,光伏,4.177960301163586,1.1515272975690378,0.03434653770378793,1.0335604764424906,1.2829584211760767,0.1436904120123188,1.5197725838330007,1.3288321453696257,0.10537321220505391,0.07041633566307781,1.4840844626536402,1.1735798280856111,53
中国太保,晶澳科技,保险,光伏,4.177960301163586,1.1080518394578864,0.02486228273462321,0.33808371626896533,3.6315824153720433,-0.3777164286347915,0.5053696259604318,0.8121211120064076,-0.15070517521374627,-0.0485901878675834,1.4840844626536402,0.1401577613591748,53
中国太保,亿纬锂能,保险,电池,4.177960301163586,1.102445612428316,0.02361877301806481,0.6400988962827809,1.8987477332338893,-0.047534350440504025,0.9400737067533166,0.9869896170933719,-0.014682335507812505,-0.0031295789122730566,1.4840844626536402,0.4898947715331034,53
中国太保,立讯精密,保险,电子,4.177960301163586,1.1125758504851944,0.0258622631421761,1.1373042863334446,1.0883850856427155,0.11175275004986851,1.7270339717554961,1.553433505496639,0.1397202408766116,0.11118440665054274,1.4840844626536402,1.6227825483396379,53
中国太保,京东方A,保险,电子,4.177960301163586,1.0724077112730213,0.01687293093280684,1.0378947440600652,1.1080683333061403,0.07149399409091806,1.5255117802667857,1.4237240606850694,0.10637089915650733,0.08823493108759739,1.4840844626536402,1.3633636587164986,53
中国太保,工业富联,保险,电子,4.177960301163586,1.1713319754570641,0.03857686285746165,2.427696541921133,0.5651524286649168,-0.09206347797265513,3.660749533438521,4.031944353625493,0.36424127504573445,0.39614542194398683,1.4840844626536402,6.579804244597344,53
中国太保,海康威视,保险,安防,4.177960301163586,1.038164525712406,0.009005030820810722,0.891164866362691,1.2094121111918046,0.025254259100598198,1.3147240768274042,1.2823395417842427,0.06768517713982058,0.06133053852232573,1.4840844626536402,1.0805946209148454,53
中国太保,大华股份,保险,安防,4.177960301163586,1.0657710803541272,0.01536314695817742,0.9266118192585096,1.2258293841191712,0.05586758482130283,1.3793479824564543,1.3063645501437549,0.08001828547640621,0.06605633548111833,1.4840844626536402,1.1286446376338697,53
中国太保,韦尔股份,保险,半导体,4.177960301163586,1.0961859736721238,0.02222463428249366,0.7355503081448851,1.6336390258690667,0.011336955517173397,1.0830350070637775,1.0708943257293901,0.019275825938426694,0.016529273886104034,1.4840844626536402,0.6577041888051403,53
中国太保,北方华创,保险,半导体,4.177960301163586,1.0927827830676542,0.021464137308483178,1.4903868122796915,0.8012511927306187,0.03915993223785841,2.233599571345526,2.1494281121245793,0.21208996953676817,0.20099695359603964,1.4840844626536402,2.814771761595518,53
中国太保,中芯国际,保险,半导体,4.177960301163586,1.133331587795473,0.030410828625779596,1.5342020256386943,0.8372042706437506,0.08411492343711169,2.270886858193123,2.0946920009120737,0.2169026467897548,0.1936046815775132,1.4840844626536402,2.705299539170507,53
中国太保,兆易创新,保险,半导体,4.177960301163586,1.188537555051012,0.04220807360288048,1.5927719311543997,0.8868950363425894,0.13540476478829855,2.393122372488712,2.1077262018844185,0.2322695651011586,0.1953781978815694,1.4840844626536402,2.731367941115197,53
中国太保,科大讯飞,保险,软件,4.177960301163586,1.1137416534388342,0.02611944910713193,0.8739828883033566,1.4192731770900786,0.08403906169517739,1.3084378809924107,1.207002521612392,0.06646105867014929,0.046060863377031414,1.4840844626536402,0.929920580571144,53
中国太保,恒生电子,保险,软件,4.177960301163586,1.1070715857180955,0.024645199740006785,0.7409255633318543,1.6541573898367965,0.015179324790275395,1.0766299960025651,1.0605318387714258,0.017829773882147126,0.014166199342587449,1.4840844626536402,0.6369792148892113,53
中国太保,浪潮信息,保险,服务器,4.177960301163586,1.2334491649418677,0.05150171633308087,1.821482503050192,0.8352519664328983,0.16129080380442073,2.606625978186871,2.2445936621968348,0.2577344583012313,0.21351529200627284,1.4840844626536402,3.0051028617400295,53
中国太保,分众传媒,保险,传媒,4.177960301163586,1.0334722485014178,0.00791159225797311,0.8284600475787587,1.2892171343012642,0.009618179995151355,1.2345886093564278,1.2228272368890554,0.05173413180563324,0.04932723813805939,1.4840844626536402,0.9615700111244705,53
中国太保,紫金矿业,保险,有色,4.177960301163586,1.0640643831352687,0.01497373049488182,1.6147465903429397,0.7011830947520853,-0.021394712517947112,2.39129809670227,2.443577739964056,0.23204466329178297,0.23843878482472292,1.4840844626536402,3.403071017274472,53
中国太保,中国神华,保险,煤炭,4.177960301163586,1.0314589258814866,0.007441270891017426,1.0398880873390528,1.0230980898175304,0.03132145503851724,1.562513320956854,1.5150594543759377,0.11273551801476533,0.10455174873381146,1.4840844626536402,1.546034446098235,53
中国太保,陕西煤业,保险,煤炭,4.177960301163586,1.0450601706313911,0.010605117483383442,1.0407464228375964,1.0493917983041072,0.04509581007860275,1.5606499623653511,1.4933080271826684,0.11241775933555531,0.10073525269934369,1.4840844626536402,1.5025315917116964,53
中国太保,长江电力,保险,电力,4.177960301163586,1.0329938060187343,0.007799889080384537,0.9469431940534031,1.126864008289068,0.030294021864862408,1.4243904068278408,1.3825086592753906,0.08835681745253043,0.0806101126594796,1.4840844626536402,1.280932855897141,53
中国太保,万华化学,保险,化工,4.177960301163586,1.02969169121472,0.007027860963126686,0.7904697402877442,1.3413100146890837,-0.005131336475726389,1.1737898142513072,1.179843990756744,0.03909805928657306,0.0403783446363295,1.4840844626536402,0.8756035188598476,53
中国太保,海螺水泥,保险,建材,4.177960301163586,1.0238114255662403,0.00564839079753976,0.7070714793186869,1.4824382905812887,-0.0408199778316658,1.0546779229540821,1.0995620202450258,0.012823492175923157,0.022977293078515704,1.4840844626536402,0.7150395778364116,53
中国太保,宝钢股份,保险,钢铁,4.177960301163586,1.0224744815247633,0.0053339123297910795,0.8549572490292765,1.222814434939698,0.008495378064946602,1.284461198866651,1.2736411358981283,0.06175057345099422,0.05960292570069847,1.4840844626536402,1.0631978091426164,53
中国太保,洛阳钼业,保险,有色,4.177960301163586,1.0919365637483947,0.021274756550296203,1.5977407719217431,0.7462571402096333,0.0147507149531092,2.387978406436327,2.3532660497279605,0.23163506756682506,0.22732596922461967,1.4840844626536402,3.222447636802281,53
中国太保,三一重工,保险,机械,4.177960301163586,1.034007327551233,0.008036471932666656,0.8792304353446975,1.2160306450384422,0.021942122136320963,1.3159137387391027,1.2876597512080705,0.06791634020166049,0.06238281023779724,1.4840844626536402,1.0912350397625008,53
中国太保,汇川技术,保险,机械,4.177960301163586,1.0540651739444808,0.012682619032852172,0.8318834589975084,1.335587790459885,0.016874775731526848,1.1925373344841785,1.172747483706912,0.04304648687315993,0.03887712959895073,1.4840844626536402,0.861410504760184,53
中国太保,中航沈飞,保险,军工,4.177960301163586,1.0377099489417008,0.00889926571385713,0.8955363179577495,1.202454793333565,0.02813845928383074,1.3432757541708913,1.306512505238424,0.07318969647867934,0.06608523314116854,1.4840844626536402,1.1289405478232077,53
中国太保,顺丰控股,保险,交运,4.177960301163586,1.027900012048092,0.00660818140660524,0.6828489874682084,1.5473090744205853,-0.053060699707017434,1.0117585676925156,1.0684513435860967,0.0028019276578461483,0.015973745316564036,1.4840844626536402,0.6528182245185533,53
中国太保,京沪高铁,保险,交运,4.177960301163586,1.02664227613371,0.006313239189068787,0.8699962068993554,1.211493055701259,0.013497218264939104,1.2971249836626688,1.2798505612904272,0.06424676889388148,0.060837108406184504,1.4840844626536402,1.0756166599272141,53
中国太保,中国中免,保险,免税,4.177960301163586,1.0569949572607105,0.013355624342126005,0.4679376033729693,2.3875797363181284,-0.2228339330059771,0.6874249295387209,0.8845277203076957,-0.08580326146431161,-0.028941668670678267,1.4840844626536402,0.284970977961751,53
中国太保,上海机场,保险,交运,4.177960301163586,1.0372397166743526,0.008789820996483844,0.6146491752808496,1.7503744788319278,-0.08875028330002555,0.9151932192210497,1.0043275761284802,-0.02098794553063721,0.0010341102285733594,1.4840844626536402,0.5245706896033202,53
中国太保,万科A,保险,地产,4.177960301163586,1.0325785303663526,0.007702901715259225,0.5668658159193819,1.8809008965274618,-0.1262087775894999,0.845992459965443,0.9681860360551923,-0.03923963271441555,-0.00770860600838752,1.4840844626536402,0.45228760945674423,53
中国太保,中国建筑,保险,建筑,4.177960301163586,1.0161845939886458,0.0038501819233567325,0.8278515361701646,1.247362702057742,-0.0028826650604473203,1.2403731823355824,1.2439590997691123,0.052911516072085885,0.05363929339121776,1.4840844626536402,1.0038337368845842,53
中国太保,保利发展,保险,地产,4.177960301163586,1.0297647357406314,0.007044958987298511,0.6032508613125037,1.7578348892329931,-0.09992330508633707,0.8990188738292487,0.9988247433908777,-0.025157382871989986,-0.00028142495421379365,1.4840844626536402,0.513565024128115,53
中国太保,牧原股份,保险,养殖,4.177960301163586,1.0509529667555644,0.011966148486653116,0.7433606418914582,1.485822730030407,-0.010856288143176074,1.0972017349298346,1.109244007496306,0.022451274218599604,0.025126098631140126,1.4840844626536402,0.7344035523389715,53
中国太保,中国移动,保险,通信,4.177960301163586,1.0321464779950515,0.007601964661138494,1.1731078052197332,0.9081231471629706,0.023468400180193028,1.7447132731001602,1.7047065378794146,0.14250196563393547,0.13617604019616492,1.4840844626536402,1.9253286131051888,53
中国太保,中兴通讯,保险,通信,4.177960301163586,1.07372418518789,0.017171573728405276,1.027175518647496,1.12238230460888,0.0727058528084592,1.525550571246551,1.4221518110043825,0.1063776327581214,0.08794716704390004,1.4840844626536402,1.3602191593551247,53
中国人寿,中信证券,保险,券商,4.177960301163586,1.0238261470479693,0.005651851872706892,1.0598955067920437,0.9889842655826596,0.023347352633442453,1.374890047033878,1.343522356798783,0.07918179454197438,0.073236850028084,1.302122905027933,1.3849218085696329,53
中国人寿,东方财富,保险,券商,4.177960301163586,1.066477460059564,0.015524182568489753,0.9163818450547244,1.2411574704943846,0.05283013466089059,1.1820894869586878,1.1227732262236498,0.04085193255248143,0.028104983440321307,1.302122905027933,0.9434235474193667,53
中国人寿,恒瑞医药,保险,医药,4.177960301163586,1.0681121754601248,0.015896542899549226,1.0175529585646306,1.1211835312979417,0.06562231826469556,1.2940214341128877,1.2143340205375268,0.06363673991716623,0.047578180538371484,1.302122905027933,1.1265451360471208,53
中国人寿,迈瑞医疗,保险,医药,4.177960301163586,1.0423814954610993,0.009984506098511092,0.7085923021262802,1.5334052865367973,-0.031541346591898,0.9205579461900656,0.9505392336064435,-0.01961740278203261,-0.01206788511413337,1.302122905027933,0.598955562184954,53
中国人寿,药明康德,保险,医药,4.177960301163586,1.118504779101906,0.027168112216720885,1.1624766994234461,1.0761961435392973,0.11748524325398768,1.5203420261331182,1.3605030002061218,0.10547233051001959,0.07646804601290613,1.302122905027933,1.4188830953843103,53
中国人寿,爱尔眼科,保险,医药,4.177960301163586,1.0586619071488332,0.013737909006858562,0.5503425402930079,2.036486281891453,-0.13619085538302356,0.7127252400111773,0.8250957337655975,-0.07786027636316284,-0.044973966912378094,1.302122905027933,0.3480685625032621,53
中国人寿,片仔癀,保险,中药,4.177960301163586,1.0428762693436768,0.010099229519853425,0.5734969147744656,1.8964198152450273,-0.12039752221479494,0.7450750465213006,0.8470588309361773,-0.0680107236056886,-0.03894990869850934,1.302122905027933,0.3919947568444214,53
中国人寿,云南白药,保险,中药,4.177960301163586,1.0301751575321536,0.00714101202997619,0.8944084229676665,1.1865506047842336,0.02113150322248991,1.1741194119769216,1.1498219458234635,0.039167888913107296,0.03397968962869058,1.302122905027933,0.997520986618994,53
中国人寿,同仁堂,保险,中药,4.177960301163586,1.0490046910459814,0.011516808325000794,0.681469876728867,1.6147607978192258,-0.04153207164600847,0.8873989765720642,0.9258515077244407,-0.02818812913870583,-0.018270983036972943,1.302122905027933,0.5495801104209482,53
中国人寿,美的集团,保险,家电,4.177960301163586,1.0296728539880695,0.00702345145696559,1.1311148486370222,0.9373285016260675,0.024513944464995552,1.4825831329860912,1.4471087885097562,0.09883788351165057,0.09248669743117155,1.302122905027933,1.5920946719915792,53
中国人寿,格力电器,保险,家电,4.177960301163586,1.028086717191816,0.006651940826821745,1.0415202686936627,1.0148264319348779,0.027857586837145787,1.3708281737087151,1.333675200984735,0.0784178228694079,0.07134880944706001,1.302122905027933,1.3652274969415372,53
中国人寿,海尔智家,保险,家电,4.177960301163586,1.0260735205811056,0.0061797743374496505,0.8836776312609893,1.1914150957237004,0.013974866962201515,1.1449260997779296,1.1291464286566084,0.03292421125069178,0.029498792727991274,1.302122905027933,0.9561699522852838,53
中国人寿,苏泊尔,保险,家电,4.177960301163586,1.0377090828759854,0.008899064175134974,0.8854738186071444,1.2161174255577591,0.024641920763666558,1.1519695767299736,1.1242655149922127,0.034441611440942266,0.028431883169431238,1.302122905027933,0.9464081249564923,53
中国人寿,比亚迪,保险,汽车,4.177960301163586,1.082244805911652,0.019097775467376454,0.8399468995329312,1.3944379347956968,0.046686844595492216,1.0865876820310252,1.0381210842971407,0.02007510656185607,0.008994924950631367,1.302122905027933,0.7741192635663485,53
中国人寿,长城汽车,保险,汽车,4.177960301163586,1.0532752523682143,0.012500921354922312,0.6407656805132874,1.7313485896476948,-0.06449336467774092,0.8346429172603219,0.8921827871085146,-0.042340551761493095,-0.026936762941176196,1.302122905027933,0.4822426691890962,53
中国人寿,上汽集团,保险,汽车,4.177960301163586,1.0392893884923702,0.009266598148197636,0.7991063342326602,1.3516629599364014,0.014310431733952633,1.0816473646613585,1.0663869076179116,0.018963092572873652,0.015503543577111145,1.302122905027933,0.8306509102078902,53
中国人寿,长安汽车,保险,汽车,4.177960301163586,1.0888640210567195,0.02058619289379293,0.670133910735506,1.7692357264095542,-0.023763981633115216,0.88093062379256,0.9023746381190092,-0.0298883295811756,-0.02428766737610233,1.302122905027933,0.5026263712100852,53
中国人寿,赛力斯,保险,汽车,4.177960301163586,1.239822828394252,0.05279967776617456,0.8746526584978669,1.7574526652070674,0.16089087358825727,1.1184595269839472,0.9634493236447308,0.027158165380466892,-0.008872739478071656,1.302122905027933,0.6247757422615287,53
中国人寿,宁德时代,保险,电池,4.177960301163586,1.0749939354413571,0.017459353485812068,1.0361190064942003,1.115327442110932,0.07364317403171983,1.3282542242928288,1.2371468067039437,0.0703048911541666,0.052255340274170115,1.302122905027933,1.1721707083799544,53
中国人寿,隆基绿能,保险,光伏,4.177960301163586,1.0854335643846575,0.01981567150770802,0.42022461777872544,2.8036577888284517,-0.2722645473780415,0.5439855867641541,0.7475045839861562,-0.13560446818545713,-0.0672842291755773,1.302122905027933,0.1928862629443792,53
中国人寿,通威股份,保险,光伏,4.177960301163586,1.0632213991290111,0.01478121184053327,0.4718652048053618,2.395683623318112,-0.21018937412506156,0.6160242914231305,0.7799645525669011,-0.10948758089593225,-0.05774601100961452,1.302122905027933,0.2578062001058692,53
中国人寿,阳光电源,保险,光伏,4.177960301163586,1.1668914923853677,0.03763312437885857,1.1186937917648196,1.2171657383145682,0.1653733420021659,1.4425589839462136,1.237851366556772,0.09166357701771766,0.052398743670885706,1.302122905027933,1.1735798280856111,53
中国人寿,晶澳科技,保险,光伏,4.177960301163586,1.1144762288306125,0.02628139748826741,0.36320689362681846,3.419696284467198,-0.33976998138644254,0.4761184956073672,0.721140333193554,-0.16273931897597238,-0.07526592913067853,1.302122905027933,0.1401577613591748,53
中国人寿,亿纬锂能,保险,电池,4.177960301163586,1.112514341509253,0.02584868805132512,0.689945238484411,1.7938933280887217,-0.008261757900264621,0.8886062301821472,0.8960088382805182,-0.027871848291533996,-0.025939599006677416,1.302122905027933,0.4898947715331034,53
中国人寿,立讯精密,保险,电子,4.177960301163586,1.1362113688459816,0.03103690786353308,1.2405814302468345,1.040621956140354,0.1296408374213236,1.6520463228601694,1.4624527266837855,0.12767483776720034,0.09524818742980412,1.302122905027933,1.6227825483396379,53
中国人寿,京东方A,保险,电子,4.177960301163586,1.074560835132758,0.017361223486667354,1.1108194891375545,1.0394857127486212,0.07433313813113251,1.4318102723369621,1.3327432818722158,0.0897111189200901,0.07116957966636162,1.302122905027933,1.3633636587164986,53
中国人寿,工业富联,保险,电子,4.177960301163586,1.1847664979306198,0.04141563603565346,2.622806578663895,0.535179248838792,-0.11993715712078268,3.468295607333054,3.940963574812639,0.34672047319448795,0.38853931550526855,1.302122905027933,6.579804244597344,53
中国人寿,海康威视,保险,安防,4.177960301163586,1.0372595426377085,0.008794436173748865,0.9510391802765744,1.1312965660153986,0.0327883424364801,1.2304214420563966,1.1913587629713893,0.05088334921629856,0.04279966331234131,1.302122905027933,1.0805946209148454,53
中国人寿,大华股份,保险,安防,4.177960301163586,1.0757126787144542,0.017622136892425422,0.9989627401656018,1.1583592867089316,0.07297313168024466,1.3040741313182638,1.2153837713309015,0.0656086673696783,0.047794864839199924,1.302122905027933,1.1286446376338697,53
中国人寿,韦尔股份,保险,半导体,4.177960301163586,1.1142272519180438,0.026226515818188245,0.7985847562584079,1.5546281834048779,0.05230761299281972,1.031170485495068,0.9799135469165366,0.007373832724551388,-0.004844884534961902,1.302122905027933,0.6577041888051403,53
中国人寿,北方华创,保险,半导体,4.177960301163586,1.0984212578596444,0.022723167383588816,1.600122318832723,0.754023142804556,0.021633855792541512,2.102979486077133,2.0584473333117255,0.19473329789361515,0.18862847992986254,1.302122905027933,2.814771761595518,53
中国人寿,中芯国际,保险,半导体,4.177960301163586,1.1366950851681767,0.03114195185310553,1.6435716412985488,0.7861389696555293,0.06474266986737143,2.133436836261137,2.00371122209922,0.19885223518711181,0.18098563289774483,1.302122905027933,2.705299539170507,53
中国人寿,兆易创新,保险,半导体,4.177960301163586,1.1887861973932063,0.042260255246212575,1.7016237452811542,0.8305082877643426,0.1117285590936199,2.242073483250004,2.016745423071565,0.2131890347900749,0.18281988023114293,1.302122905027933,2.731367941115197,53
中国人寿,科大讯飞,保险,软件,4.177960301163586,1.1289673984056898,0.029459720886703122,0.9462784868231999,1.3469263059565342,0.11319757015505338,1.2423526923246542,1.1160217427995385,0.05331346369456069,0.026621864738702428,1.302122905027933,0.929920580571144,53
中国人寿,恒生电子,保险,软件,4.177960301163586,1.1116731361099863,0.025662975882778882,0.7946851257596672,1.5551029225156965,0.04447616367887486,1.0126729715963163,0.9695510599585722,0.003018779345315803,-0.007373930744562385,1.302122905027933,0.6369792148892113,53
中国人寿,浪潮信息,保险,服务器,4.177960301163586,1.2221214053288842,0.04918223481045825,1.9276900154380816,0.7748033747135532,0.12333400279683149,2.4192265807665536,2.1536128833839814,0.23547356927703733,0.20155620240243066,1.302122905027933,3.0051028617400295,53
中国人寿,分众传媒,保险,传媒,4.177960301163586,1.041423771752113,0.009762320573727168,0.8917011683039968,1.2162858039462052,0.029578019655285726,1.165324234859945,1.1318464580762018,0.03729938198917582,0.03008748071641465,1.302122905027933,0.9615700111244705,53
中国人寿,紫金矿业,保险,有色,4.177960301163586,1.0868073001957463,0.020124450969441376,1.7616033001024936,0.6704972156274035,-0.027548338313307053,2.287786824150551,2.3525969611512023,0.21906415184369177,0.22724243678443856,1.302122905027933,3.403071017274472,53
中国人寿,中国神华,保险,煤炭,4.177960301163586,1.0392915507035494,0.009267100725491195,1.1191573719935994,0.9651251507549073,0.035545727521119286,1.4746985881332857,1.4240786755630839,0.0974363381631218,0.08829980175181595,1.302122905027933,1.546034446098235,53
中国人寿,陕西煤业,保险,煤炭,4.177960301163586,1.0553277715595923,0.012972826639239043,1.1225613782948702,0.9921209895147381,0.052680826089548605,1.4762030062618199,1.4023272483698146,0.09770420064452412,0.08429780902897188,1.302122905027933,1.5025315917116964,53
中国人寿,长江电力,保险,电力,4.177960301163586,1.0374056132272338,0.008828437076920714,1.015766537531094,1.0595056704380053,0.03745669740934976,1.339904249476761,1.291527880462537,0.0725443606748617,0.06314580401162884,1.302122905027933,1.280932855897141,53
中国人寿,万华化学,保险,化工,4.177960301163586,1.04001723283531,0.009435730997834346,0.85278131337304,1.2683625070490554,0.019875008689034246,1.1105043777424448,1.0888632119438904,0.025404772624143757,0.02058601137527294,1.302122905027933,0.8756035188598476,53
中国人寿,海螺水泥,保险,建材,4.177960301163586,1.0286170951534217,0.006776216336983776,0.7587805400373644,1.394412577304318,-0.015901932273307717,0.9925428508387893,1.0085812414321724,-0.001789962361456121,0.0020472610594544083,1.302122905027933,0.7150395778364116,53
中国人寿,宝钢股份,保险,钢铁,4.177960301163586,1.027911697951837,0.006610920492823302,0.9180510426794151,1.1509190771162776,0.02272386042854646,1.2095349659740555,1.1826603570852747,0.04658576524083302,0.0409722231975973,1.302122905027933,1.0631978091426164,53
中国人寿,洛阳钼业,保险,有色,4.177960301163586,1.118488908186154,0.027164623676733557,1.7480735011877049,0.7156549406449259,0.012773936322011403,2.291183558908001,2.262285270915107,0.2194971272618682,0.21579780216266808,1.302122905027933,3.222447636802281,53
中国人寿,三一重工,保险,机械,4.177960301163586,1.0491433278353615,0.011548803760699,0.9528686056120229,1.1551453325870478,0.04509528348278624,1.2506435498932686,1.196678972395217,0.054991682176455337,0.043912384697758045,1.302122905027933,1.0912350397625008,53
中国人寿,汇川技术,保险,机械,4.177960301163586,1.0682513115285428,0.01592821570405456,0.900507963266257,1.2672412806249,0.04652277893264589,1.1320934981625415,1.0817667048940585,0.030141289560945195,0.01899000030563025,1.302122905027933,0.861410504760184,53
中国人寿,中航沈飞,保险,军工,4.177960301163586,1.0543261283806384,0.0127426209848156,0.9718545909524479,1.1437961968124266,0.05170106739283553,1.2783760141316285,1.2155317264255703,0.06054444111755575,0.047825393541326644,1.302122905027933,1.1289405478232077,53
中国人寿,顺丰控股,保险,交运,4.177960301163586,1.034073660976063,0.008051949765261579,0.7337436799926207,1.4573322612266888,-0.024626633187753266,0.9533987557227465,0.9774705647732431,-0.011357342863652198,-0.005439274125377147,1.302122905027933,0.6528182245185533,53
中国人寿,京沪高铁,保险,交运,4.177960301163586,1.0360151006041816,0.00850461917082046,0.9377420678061547,1.144586902442096,0.03131234498598756,1.2260960832499272,1.1888697824775736,0.049997948432665584,0.042277795072424906,1.302122905027933,1.0756166599272141,53
中国人寿,中国中免,保险,免税,4.177960301163586,1.0557718787651154,0.013074841735073228,0.4992340743912097,2.232728728203268,-0.18950792626616397,0.6431635062172976,0.7935469414948421,-0.10025076302853375,-0.053844361008299924,1.302122905027933,0.284970977961751,53
中国人寿,上海机场,保险,交运,4.177960301163586,1.0423322167990656,0.00997307756711252,0.6597409253761681,1.6467925641535477,-0.056807947215647636,0.8614614406641397,0.9133467973156266,-0.03506375791813965,-0.021461069975237557,1.302122905027933,0.5245706896033202,53
中国人寿,万科A,保险,地产,4.177960301163586,1.0261443280699916,0.006196393172944958,0.6017065303875734,1.7499763237603059,-0.10226913803887183,0.7874942317009979,0.8772052572423387,-0.055576725097567836,-0.03087185230153433,1.302122905027933,0.45228760945674423,53
中国人寿,中国建筑,保险,建筑,4.177960301163586,1.0173881077727893,0.0041346198638996245,0.8852901008401076,1.169197035926693,0.008881045437854285,1.163217973813532,1.1529783209562585,0.03685032239158459,0.034658350477747124,1.302122905027933,1.0038337368845842,53
中国人寿,保利发展,保险,地产,4.177960301163586,1.0265852419238084,0.006299858011338921,0.6423534345020431,1.640650150415616,-0.07527960762900443,0.8395018271362307,0.9078439645780241,-0.04100909958182708,-0.0228754364041851,1.302122905027933,0.513565024128115,53
中国人寿,牧原股份,保险,养殖,4.177960301163586,1.0648443882995537,0.01515176288442932,0.8044916258064182,1.4094535417400298,0.022650431690957262,1.0413273303881605,1.0182632286834523,0.009739938207090182,0.004341284900239328,1.302122905027933,0.7344035523389715,53
中国人寿,中国移动,保险,通信,4.177960301163586,1.0435173169388328,0.010247807932878272,1.2668212755613506,0.8595753890134953,0.023879699666349286,1.6522610455369218,1.6137257590665608,0.12770991730041303,0.12135804969653341,1.302122905027933,1.9253286131051888,53
中国人寿,中兴通讯,保险,通信,4.177960301163586,1.078267675662941,0.018200132304952543,1.1017869122326287,1.055250491243882,0.07801095485903042,1.435016955493471,1.3311710321915289,0.0902947629630173,0.07086698317927853,1.302122905027933,1.3602191593551247,53
中信证券,东方财富,券商,券商,4.177960301163586,1.0269947462251494,0.006395922013664679,0.852425009131036,1.2373149514339579,0.008378778531890063,1.173927023036293,1.1641726779944999,0.03912713058972672,0.03705394404418505,1.3849218085696329,0.9434235474193667,53
中信证券,恒瑞医药,券商,医药,4.177960301163586,1.0447760777628596,0.010539354557731029,0.9614496402604001,1.1353242093573477,0.03944292244088543,1.3052632702630598,1.2557334723083768,0.06584116214470459,0.056017785742790815,1.3849218085696329,1.1265451360471208,53
中信证券,迈瑞医疗,券商,医药,4.177960301163586,1.0316764667583238,0.007492123065966139,0.6774487200542556,1.5711245745326619,-0.052740185912932724,0.939623654696265,0.9919386853772935,-0.014795260974734159,-0.0019354294738888056,1.3849218085696329,0.598955562184954,53
中信证券,药明康德,券商,医药,4.177960301163586,1.0660070137274276,0.015416942461030647,1.0702115662777545,1.0618189796513027,0.06596444506257026,1.494378169253489,1.4019024519769716,0.10092400500772158,0.08421918310551813,1.3849218085696329,1.4188830953843103,53
中信证券,爱尔眼科,券商,医药,4.177960301163586,1.0364140018837071,0.00859754775896926,0.5204418773433916,2.063926886098494,-0.1695514329425052,0.7195796851909609,0.8664951855364476,-0.07574532632593944,-0.033717194696394115,1.3849218085696329,0.3480685625032621,53
中信证券,片仔癀,券商,中药,4.177960301163586,1.0298935451027575,0.007075108014612974,0.5470837339950536,1.9387904416363355,-0.14590031315773244,0.7588319410324906,0.8884582827070271,-0.06392057219307479,-0.027910590548475,1.3849218085696329,0.3919947568444214,53
中信证券,云南白药,券商,中药,4.177960301163586,1.0222015937362825,0.005269684723721468,0.8572836223999348,1.2188452816955102,0.008668303632361818,1.2015472663620275,1.1912213975943136,0.044927295808120826,0.04277088334227819,1.3849218085696329,0.997520986618994,53
中信证券,同仁堂,券商,中药,4.177960301163586,1.0329472505798072,0.007789017563378575,0.6482022624810675,1.646060318266086,-0.06831239428964353,0.9011757305732122,0.9672509594952905,-0.02459810608238655,-0.00793807439231009,1.3849218085696329,0.5495801104209482,53
中信证券,美的集团,券商,家电,4.177960301163586,1.0284494960174315,0.0067369506147205716,1.0913236718642103,0.9691976753805042,0.02601125267440585,1.52722620422648,1.488508240280606,0.10666837626573611,0.09988739552496306,1.3849218085696329,1.5920946719915792,53
中信证券,格力电器,券商,家电,4.177960301163586,1.0265880411605366,0.006300514772199284,1.0046096470170602,1.0490472686411805,0.02666934494631734,1.4117469929968613,1.375074652755585,0.08603668045219015,0.07921647503910334,1.3849218085696329,1.3652274969415372,53
中信证券,海尔智家,券商,家电,4.177960301163586,1.0328858270617522,0.007774673517104702,0.8592724059325861,1.2415773209744376,0.015416850369273316,1.1885920111163777,1.1705458804274582,0.04221950280482378,0.03840999208953777,1.3849218085696329,0.9561699522852838,53
中信证券,苏泊尔,券商,家电,4.177960301163586,1.0305689214528477,0.0072331391926048205,0.8494548759631226,1.2502986702622607,0.012178228976186034,1.1798607016378213,1.1656649667630625,0.0403818715872728,0.037371968770811614,1.3849218085696329,0.9464081249564923,53
中信证券,比亚迪,券商,汽车,4.177960301163586,1.0533215883310252,0.012511582409417965,0.7896787875380198,1.4049843885299713,0.0102952106600247,1.0906344273986335,1.0795205360679907,0.0209831250686352,0.018483175754884895,1.3849218085696329,0.7741192635663485,53
中信证券,长城汽车,券商,汽车,4.177960301163586,1.034687186228917,0.008195070183376174,0.6080364279028793,1.7607128853097522,-0.09425558859983074,0.8455868954474423,0.9335822388793645,-0.039349894095683235,-0.016315149324205858,1.3849218085696329,0.4822426691890962,53
中信证券,上汽集团,券商,汽车,4.177960301163586,1.0213384813163164,0.005066454356289718,0.758579218666344,1.3751131954965066,-0.010273094468005617,1.0964059654683929,1.1077863593887616,0.02227373311135228,0.024803505029984407,1.3849218085696329,0.8306509102078902,53
中信证券,长安汽车,券商,汽车,4.177960301163586,1.0537751256713992,0.012615914196610678,0.6264682359016948,1.7725432062576647,-0.0683488237868407,0.879268240925391,0.943774089889859,-0.030326818572024794,-0.013755404105267877,1.3849218085696329,0.5026263712100852,53
中信证券,赛力斯,券商,汽车,4.177960301163586,1.1878677150752712,0.04206745545057844,0.8094820751069115,1.7431265643921585,0.09973392348097643,1.1050662862928313,1.0048487754155808,0.02420065842728647,0.001158426304646465,1.3849218085696329,0.6247757422615287,53
中信证券,宁德时代,券商,电池,4.177960301163586,1.0447248103210018,0.010527485521510505,0.972677120284215,1.122109183550378,0.04117674878507538,1.3311926365701081,1.2785462584747935,0.07087114301767827,0.060578244226441536,1.3849218085696329,1.1721707083799544,53
中信证券,隆基绿能,券商,光伏,4.177960301163586,1.0589921778702256,0.013813596242619575,0.39603554062862145,2.8317267460648594,-0.3062024040332596,0.5473397234566703,0.7889040357570061,-0.13433176942907332,-0.05517231847619508,1.3849218085696329,0.1928862629443792,53
中信证券,通威股份,券商,光伏,4.177960301163586,1.0474716061118696,0.011162779099674669,0.44905513788187607,2.443345311192492,-0.23796525211912833,0.6259079119639412,0.821364004337751,-0.10608850749113441,-0.046009598030949395,1.3849218085696329,0.2578062001058692,53
中信证券,阳光电源,券商,光伏,4.177960301163586,1.1437651387806196,0.032673420291915,1.0592068370535632,1.235073875022292,0.1398767124322975,1.4581882171716158,1.2792508183276219,0.09448291214674698,0.06071810272169853,1.3849218085696329,1.1735798280856111,53
中信证券,晶澳科技,券商,光伏,4.177960301163586,1.0877489023246865,0.020335926769938117,0.3424325913777786,3.455271794509865,-0.37149146689123536,0.4792627616850503,0.7625397849644038,-0.16141920120277164,-0.06282782746759086,1.3849218085696329,0.1401577613591748,53
中信证券,亿纬锂能,券商,电池,4.177960301163586,1.0739066423179922,0.01721294224459724,0.6433372491426861,1.7926452695713855,-0.05634537791290162,0.884589665689737,0.9374082900513682,-0.02892539194925825,-0.015351732898485237,1.3849218085696329,0.4898947715331034,53
中信证券,立讯精密,券商,电子,4.177960301163586,1.0904220059321184,0.02093552521381148,1.1500690566650693,1.0338684830534477,0.08737397743269137,1.6352497247570343,1.5038521784546353,0.12491994409835327,0.10259056820549772,1.3849218085696329,1.6227825483396379,53
中信证券,京东方A,券商,电子,4.177960301163586,1.0459392256145876,0.010808518462379624,1.0444366406477548,1.0474439722841937,0.04592851138375864,1.4372550638281005,1.3741427336430658,0.0907015304556198,0.07904136615881785,1.3849218085696329,1.3633636587164986,53
中信证券,工业富联,券商,电子,4.177960301163586,1.1499331064481129,0.0340036146380549,2.4590606617201556,0.5377444200097132,-0.12817343497466427,3.4719298781501826,3.9823630265834886,0.3470581034279798,0.39201674316426427,1.3849218085696329,6.579804244597344,53
中信证券,海康威视,券商,安防,4.177960301163586,1.0235001403524269,0.0055751976202438325,0.9064879643113265,1.1556165978411859,0.015676878280364903,1.2520840152238732,1.2327582147422391,0.05528239476173891,0.05136070185158759,1.3849218085696329,1.0805946209148454,53
中信证券,大华股份,券商,安防,4.177960301163586,1.0484354512971885,0.011385402011191426,0.9404979769319582,1.1687605103867902,0.042992695042807894,1.310815720947482,1.2567832231017513,0.0669246232553975,0.05622901673129177,1.3849218085696329,1.1286446376338697,53
中信证券,韦尔股份,券商,半导体,4.177960301163586,1.079387813622405,0.018453203230262005,0.7472878405861837,1.559075350781369,0.00867492102150047,1.0301728082892314,1.0213129986873866,0.007140462307868134,0.005060452174774355,1.3849218085696329,0.6577041888051403,53
中信证券,北方华创,券商,半导体,4.177960301163586,1.0722858783061862,0.016845278965472055,1.5088914778758893,0.7620143805394619,0.008310059769631728,2.1172966373736806,2.0998467850825753,0.1966751080159359,0.19430707501045008,1.3849218085696329,2.814771761595518,53
中信证券,中芯国际,券商,半导体,4.177960301163586,1.111221002376952,0.025563114549963073,1.5520591327013142,0.7955960505025882,0.05172943078863157,2.1509030849291237,2.04511067387007,0.2011941619787887,0.18678064982529596,1.3849218085696329,2.705299539170507,53
中信证券,兆易创新,券商,半导体,4.177960301163586,1.1484090255493802,0.033675434555446415,1.5878868271444169,0.8305650424312824,0.08536524347019192,2.233838913180265,2.058144874842415,0.2121210556302182,0.18858667455864664,1.3849218085696329,2.731367941115197,53
中信证券,科大讯飞,券商,软件,4.177960301163586,1.091036670452658,0.02107324123256693,0.8833647787519971,1.3475305388043017,0.0698298681654066,1.2382437639990862,1.1574211945703885,0.052478583817619606,0.03561123433947189,1.3849218085696329,0.929920580571144,53
中信证券,恒生电子,券商,软件,4.177960301163586,1.0712258294607364,0.016604582778514176,0.739711166605991,1.5513146610575295,-0.004601462598430528,1.006298660760835,1.0109505117294222,0.001503994098906336,0.002610172365368424,1.3849218085696329,0.6369792148892113,53
中信证券,浪潮信息,券商,服务器,4.177960301163586,1.1850323814675894,0.04147157074721308,1.8055779002506758,0.7777574952217688,0.10200416833146675,2.4189127428796104,2.195012335154831,0.23543520567265586,0.20704472579537048,1.3849218085696329,3.0051028617400295,53
中信证券,分众传媒,券商,传媒,4.177960301163586,1.0296180612530603,0.007010624968325274,0.8515912033802123,1.2448617926660273,0.012749747271401324,1.1882044986848068,1.1732459098470516,0.04213816329012432,0.03898279334171728,1.3849218085696329,0.9615700111244705,53
中信证券,紫金矿业,券商,有色,4.177960301163586,1.0740123181245815,0.017236899681777107,1.681620512413255,0.6859469487726292,-0.026055536891278153,2.3316195510675746,2.3939964129220526,0.2246142972116958,0.232377273039428,1.3849218085696329,3.403071017274472,53
中信证券,中国神华,券商,煤炭,4.177960301163586,1.0391513364860079,0.009234508144822628,1.080925417741829,0.9989916810139874,0.03770662896698873,1.520736367340552,1.465478127333934,0.10554095380885542,0.09579007336363143,1.3849218085696329,1.546034446098235,53
中信证券,陕西煤业,券商,煤炭,4.177960301163586,1.0514610527339314,0.012083226614050036,1.0803863422068112,1.023310182872263,0.050685868936706235,1.5169032424444178,1.4437267001406646,0.10487333846222469,0.09187502063236774,1.3849218085696329,1.5025315917116964,53
中信证券,长江电力,券商,电力,4.177960301163586,1.0321374115692294,0.007599846197933635,0.9762161627926825,1.0912620349506206,0.031495259416624455,1.3749082243455866,1.3329273322333868,0.07918520953486707,0.07120498439618994,1.3849218085696329,1.280932855897141,53
中信证券,万华化学,券商,化工,4.177960301163586,1.0360762682888476,0.008518870644895538,0.8206387712769837,1.3080713113773046,0.009443400953024872,1.1409361872304324,1.1302626637147402,0.03206149799427305,0.02974229538576978,1.3849218085696329,0.8756035188598476,53
中信证券,海螺水泥,券商,建材,4.177960301163586,1.022248678321976,0.005280767609785242,0.7284205168684685,1.4346003937718874,-0.031124318419300745,1.0173007597736532,1.0499806932030222,0.004113984690753858,0.011741987653979935,1.3849218085696329,0.7150395778364116,53
中信证券,宝钢股份,券商,钢铁,4.177960301163586,1.0210549171429923,0.004999657196502527,0.8808932585854798,1.183518131919857,0.012320701915166765,1.2391410848873772,1.2240598088561248,0.052661087202961365,0.04958030040691397,1.3849218085696329,1.0631978091426164,53
中信证券,洛阳钼业,券商,有色,4.177960301163586,1.1018761121577665,0.023492183998336857,1.663504351820909,0.729863414673307,0.010505049897054475,2.3278850456448548,2.303684722685957,0.22414453817369906,0.2210864341351464,1.3849218085696329,3.222447636802281,53
中信证券,三一重工,券商,机械,4.177960301163586,1.0379811470246423,0.008962368853745462,0.9106486043936002,1.183118116450675,0.03072511692306401,1.2761185285084922,1.238078424166067,0.060095878759690136,0.05244494487315143,1.3849218085696329,1.0912350397625008,53
中信证券,汇川技术,券商,机械,4.177960301163586,1.0430667505529172,0.010143385437886288,0.8493552788473124,1.2809577725655226,0.014863703296963404,1.1398605651707663,1.1231661566649085,0.03182853046774747,0.0281910905450673,1.3849218085696329,0.861410504760184,53
中信证券,中航沈飞,券商,军工,4.177960301163586,1.0351421270038437,0.00830115505148843,0.9216997509006448,1.162546937927454,0.029860865836897288,1.2944642314747568,1.2569311781964203,0.0637238435089047,0.056258777482597555,1.3849218085696329,1.1289405478232077,53
中信证券,顺丰控股,券商,交运,4.177960301163586,1.0220171578546817,0.0052262680104422365,0.7005098553601085,1.4910840482214334,-0.04621875940250719,0.9717791083870132,1.0188700165440931,-0.006828429075394604,0.004484502181530514,1.3849218085696329,0.6528182245185533,53
中信证券,京沪高铁,券商,交运,4.177960301163586,1.0300234977581828,0.007105521733960396,0.9005910185462986,1.1780579464877918,0.0218848142311987,1.2571934478943094,1.2302692342484236,0.056311525747308355,0.05085223250603299,1.3849218085696329,1.0756166599272141,53
中信证券,中国中免,券商,免税,4.177960301163586,1.0483149258087971,0.01135757230873713,0.4788385031165499,2.295062273649315,-0.21121880579537555,0.6585900131769565,0.834946393265692,-0.09513183719844076,-0.04225722003358734,1.3849218085696329,0.284970977961751,53
中信证券,上海机场,券商,交运,4.177960301163586,1.029735610797019,0.0070381416261648955,0.6295875937495945,1.6842063577339874,-0.08069035035271044,0.8777074397497526,0.9547462490864765,-0.030739087571445722,-0.011023075656416692,1.3849218085696329,0.5245706896033202,53
中信证券,万科A,券商,地产,4.177960301163586,1.0250712261148094,0.005944437705278416,0.5806219961853589,1.8097333988584694,-0.11679308746458483,0.8113180288880317,0.9186047090131886,-0.04881545945109678,-0.02011569705258276,1.3849218085696329,0.45228760945674423,53
中信证券,中国建筑,券商,建筑,4.177960301163586,1.0202739664025757,0.004815621311182738,0.8575884473025327,1.2138211164027302,0.007289144849306428,1.2030837653173085,1.1943777727271085,0.045246965942943085,0.043431551713580374,1.3849218085696329,1.0038337368845842,53
中信证券,保利发展,券商,地产,4.177960301163586,1.0282780696414888,0.006696783197459366,0.6215166578592403,1.7012509240662932,-0.08640138248417695,0.867227472862328,0.9492434163488739,-0.03352179865406757,-0.012390408937483444,1.3849218085696329,0.513565024128115,53
中信证券,牧原股份,券商,养殖,4.177960301163586,1.0502033356198388,0.011793332521541133,0.7664290194223803,1.4390465629527667,-0.0004908115551289782,1.0591425857661962,1.0596626804543021,0.013848058857590217,0.013967198271704007,1.3849218085696329,0.7344035523389715,53
中信证券,中国移动,券商,通信,4.177960301163586,1.0423015863436105,0.009965973654094018,1.2222843533234684,0.8888214873572067,0.028333589644365276,1.7020208493713216,1.6551252108374108,0.13574734588860848,0.12817750855338605,1.3849218085696329,1.9253286131051888,53
中信证券,中兴通讯,券商,通信,4.177960301163586,1.0587876999123187,0.013766738706950221,1.0450644535817546,1.0726911528217247,0.058753501268204555,1.4532138056325625,1.3725704839623787,0.09358808936482399,0.07874573342068025,1.3849218085696329,1.3602191593551247,53
东方财富,恒瑞医药,券商,医药,4.177960301163586,1.0847764512477434,0.019667864748942998,1.2026952868260996,0.9784190243956575,0.08063675783003399,1.1184421234554645,1.0349843417332438,0.027154339841594988,0.008264366083093888,0.9434235474193667,1.1265451360471208,53
东方财富,迈瑞医疗,券商,医药,4.177960301163586,1.071411523655791,0.01664675984939712,0.8476201152641297,1.3542890645825647,0.044376012365547,0.8054118720222417,0.7711895548021603,-0.05047741812856721,-0.060294263462803865,0.9434235474193667,0.598955562184954,53
东方财富,药明康德,券商,医药,4.177960301163586,1.0765227333547736,0.017805501671294133,1.3021014501606902,0.890023734545887,0.05459331803416223,1.2456364003242362,1.1811533214018386,0.053979161054778846,0.04065457316042331,0.9434235474193667,1.4188830953843103,53
东方财富,爱尔眼科,券商,医药,4.177960301163586,1.0436027618568173,0.010267606632208492,0.631373314158448,1.7249806099373048,-0.07388983343628985,0.5980319865180816,0.6457460549613144,-0.11578330552756244,-0.09938734297133678,0.9434235474193667,0.3480685625032621,53
东方财富,片仔癀,券商,中药,4.177960301163586,1.0568546733555901,0.013323431862638069,0.6763769163242875,1.6513600237327373,-0.03742941320128168,0.642717190378472,0.6677091521318941,-0.10040024634840738,-0.09214861846850819,0.9434235474193667,0.3919947568444214,53
东方财富,云南白药,券商,中药,4.177960301163586,1.073377286044296,0.017092906514609485,1.0845570783541525,1.062312736867868,0.07312491371628882,1.041437967809009,0.9704722670191803,0.009765615099011082,-0.007148272574206915,0.9434235474193667,0.997520986618994,53
东方财富,同仁堂,券商,中药,4.177960301163586,1.0779815003000286,0.018135445107159143,0.8149965031215077,1.4258271177095485,0.03984548781816555,0.7762465584506338,0.7465018289201575,-0.05882303743615991,-0.06758386084081003,0.9434235474193667,0.5495801104209482,53
东方财富,美的集团,券商,家电,4.177960301163586,1.0733853105992452,0.017094726482123734,1.3722659662658194,0.8396011074627613,0.03779671372204718,1.315676237843528,1.267759109705473,0.06787020413496325,0.05842958825401734,0.9434235474193667,1.5920946719915792,53
东方财富,格力电器,券商,家电,4.177960301163586,1.074006825487103,0.017235654507000042,1.2662522317973377,0.9109485710880858,0.05614238061429,1.219132104999496,1.154325522180452,0.04856741730775105,0.03494758563288136,0.9434235474193667,1.3652274969415372,53
东方财富,海尔智家,券商,家电,4.177960301163586,1.0661043096683813,0.015439124408976657,1.0685387718428785,1.0636753939525014,0.06609076609527498,1.0125695446848677,0.9497967498523252,0.002994259034966529,-0.0122526454581674,0.9434235474193667,0.9561699522852838,53
东方财富,苏泊尔,券商,家电,4.177960301163586,1.0792607760907227,0.018424511895906326,1.0717702671990192,1.0868036354955668,0.0792988223128348,1.0198465491823798,0.9449158361879295,0.004714852418619797,-0.01346995928618877,0.9434235474193667,0.9464081249564923,53
东方财富,比亚迪,券商,汽车,4.177960301163586,1.0850774027304775,0.01973556727031789,0.9800816204285766,1.2013213444421704,0.079797290471604,0.9272990367856789,0.8587714054928577,-0.017903823180399958,-0.03578581717508911,0.9434235474193667,0.7741192635663485,53
东方财富,长城汽车,券商,汽车,4.177960301163586,1.0622995726264937,0.014570554379233602,0.7521069016346132,1.5004255107217015,0.005231482441831137,0.716562282194281,0.7128331083042314,-0.07667445431124253,-0.0778268738539476,0.9434235474193667,0.4822426691890962,53
东方财富,上汽集团,券商,汽车,4.177960301163586,1.0664740905809726,0.015523414610429942,0.9543190509226672,1.1918099976950778,0.06551622771223609,0.945152561885813,0.8870372288136285,-0.013410808992196932,-0.028282964905364305,0.9434235474193667,0.8306509102078902,53
东方财富,长安汽车,券商,汽车,4.177960301163586,1.08786891644576,0.02036287091089406,0.7791834503689913,1.5188448609995904,0.036279229677739444,0.7492557478764431,0.723024959314726,-0.06676169902312712,-0.07468806364660396,0.9434235474193667,0.5026263712100852,53
东方财富,赛力斯,券商,汽车,4.177960301163586,1.2091243626463284,0.04650071596292582,0.9927094778693558,1.4727186119777251,0.18394669180528034,0.9283321805545433,0.7840996448404477,-0.017642036998773314,-0.05655273704623176,0.9434235474193667,0.6247757422615287,53
东方财富,宁德时代,券商,电池,4.177960301163586,1.062223829920417,0.014553239337906865,1.1915022613726625,0.946972155597024,0.056017384477419,1.1170521563123252,1.0577971278996605,0.026848659303986278,0.01353964479924974,0.9434235474193667,1.1721707083799544,53
东方财富,隆基绿能,券商,光伏,4.177960301163586,1.0673186912406865,0.015715854886421354,0.48089201230662615,2.3688669379381895,-0.19862811097630917,0.45530336962367346,0.568154905181873,-0.17164998115016106,-0.12656354677190806,0.9434235474193667,0.1928862629443792,53
东方财富,通威股份,券商,光伏,4.177960301163586,1.0701877728400686,0.016368704537270906,0.552750869139671,2.072003741792376,-0.1211892652056189,0.5278267985397608,0.600614873762618,-0.14182080876635783,-0.11487074164333022,0.9434235474193667,0.2578062001058692,53
东方财富,阳光电源,券商,光伏,4.177960301163586,1.1770925967127122,0.03979712437928895,1.3133079923364015,1.055005367606847,0.17011561322559166,1.2385693514648273,1.0585016877524889,0.05254481569412284,0.013701185497034585,0.9434235474193667,1.1735798280856111,53
东方财富,晶澳科技,券商,光伏,4.177960301163586,1.0876461838450178,0.020312863844388795,0.4125210534008076,2.8676699321894885,-0.2699133261268324,0.3955541367986296,0.5417906543892708,-0.1990770505103291,-0.13644055135690247,0.9434235474193667,0.1401577613591748,53
东方财富,亿纬锂能,券商,电池,4.177960301163586,1.0811885773296537,0.01885962841276445,0.7803432119533074,1.4980187202782598,0.025637976233380044,0.735032849974321,0.716659159476235,-0.07103285622076905,-0.07664457736444563,0.9434235474193667,0.4898947715331034,53
东方财富,立讯精密,券商,电子,4.177960301163586,1.1287936595869381,0.029421799349501176,1.4343525554409446,0.8883277134971668,0.08906478376483662,1.3973823433868928,1.2831030478795022,0.0833814279778895,0.061481754438531544,0.9434235474193667,1.6227825483396379,53
东方财富,京东方A,券商,电子,4.177960301163586,1.0870499079570592,0.02017895192581798,1.307787467636543,0.9035699849035866,0.0688857498230806,1.2328459862564116,1.1533936030679326,0.05137861827660162,0.03474753618427573,0.9434235474193667,1.3633636587164986,53
东方财富,工业富联,券商,电子,4.177960301163586,1.1843397473848931,0.041325839287730703,3.0513006999899064,0.45969269342754465,-0.21531594825335765,2.9516784330263093,3.7616138960083556,0.295721337053392,0.3731454273701984,0.9434235474193667,6.579804244597344,53
东方财富,海康威视,券商,安防,4.177960301163586,1.059937479851424,0.014030129310919515,1.131009945560148,0.9933311953657276,0.05750521165906197,1.070204880753029,1.012009084167106,0.01637259338897179,0.00286135268080856,0.9434235474193667,1.0805946209148454,53
东方财富,大华股份,券商,安防,4.177960301163586,1.0731312343190187,0.017037097006294077,1.1597944940173397,0.9929437085720836,0.06891174911724884,1.1074290139877292,1.0360340925266183,0.024724371276690915,0.008509044172065217,0.9434235474193667,1.1286446376338697,53
东方财富,韦尔股份,券商,半导体,4.177960301163586,1.091194854396504,0.021108672908180637,0.9101746879299719,1.308217231320126,0.07368084811159004,0.8595500928822596,0.8005638681122536,-0.03557662518252802,-0.05184856042436592,0.9434235474193667,0.6577041888051403,53
东方财富,北方华创,券商,半导体,4.177960301163586,1.111895839186,0.025712152243722697,1.8850529910039184,0.6558501872887506,-0.03558179688804575,1.8122359834319555,1.8790976545074425,0.15293287191779426,0.1629743014739784,0.9434235474193667,2.814771761595518,53
东方财富,中芯国际,券商,半导体,4.177960301163586,1.1180213883730488,0.0270618426064122,1.8813516276033837,0.6644009586086328,-0.02094103914477241,1.7861575168025803,1.824361543294937,0.14893988790903623,0.15477459582085928,0.9434235474193667,2.705299539170507,53
东方财富,兆易创新,券商,半导体,4.177960301163586,1.1713058589899101,0.03857132027138532,1.951215797686571,0.7031295138809002,0.02354877930783572,1.8806641711501888,1.837395744267282,0.1632062832240775,0.1567439764678633,0.9434235474193667,2.731367941115197,53
东方财富,科大讯飞,券商,软件,4.177960301163586,1.1035175939915849,0.02385691914855781,1.0764454643769523,1.1312705757498007,0.10366043179055007,1.0337678945951494,0.9366720639952554,0.00798059783812377,-0.015536885138357048,0.9434235474193667,0.929920580571144,53
东方财富,恒生电子,券商,软件,4.177960301163586,1.0714745760959903,0.016661079803876433,0.891404964584968,1.2879194225203918,0.051219585345933405,0.8306751682367954,0.790201381154289,-0.04343218552036765,-0.05480065636523235,0.9434235474193667,0.6369792148892113,53
东方财富,浪潮信息,券商,服务器,4.177960301163586,1.1983467320448953,0.04426042174570699,2.199786576348735,0.6528064611550861,0.022427255555171666,2.018540510001979,1.9742632045796982,0.18307178810611435,0.17680787745284254,0.9434235474193667,3.0051028617400295,53
东方财富,分众传媒,券商,传媒,4.177960301163586,1.062282803042593,0.014566720876015848,1.0585398308048364,1.0660390103431832,0.06232513817229246,1.0118612726487044,0.9524967792719186,0.0028262916581249797,-0.011581293333014497,0.9434235474193667,0.9615700111244705,53
东方财富,紫金矿业,券商,有色,4.177960301163586,1.1136621747298983,0.02610192193955152,2.100797742223887,0.5903678466977097,-0.08178747089074245,1.9955028835035853,2.173247282346919,0.17982584604478347,0.20416914155255372,0.9434235474193667,3.403071017274472,53
东方财富,中国神华,券商,煤炭,4.177960301163586,1.1019296243480672,0.023504080853092413,1.3809654925724466,0.8792753356595346,0.06939957506129169,1.3311126602003296,1.2447289967588009,0.07085574362438729,0.05379533914944212,0.9434235474193667,1.546034446098235,53
东方财富,陕西煤业,券商,煤炭,4.177960301163586,1.1142969426577691,0.026241878600976598,1.3794274776478594,0.9001253755896417,0.08499585100235252,1.3269255888475429,1.2229775695655316,0.0700485412759595,0.049358113682060445,0.9434235474193667,1.5025315917116964,53
东方财富,长江电力,券商,电力,4.177960301163586,1.0951919237383763,0.022002683934379652,1.247988965014556,0.96110252850495,0.082780609964759,1.2042449915810327,1.1121782016582538,0.04548835424780062,0.02577449157248224,0.9434235474193667,1.280932855897141,53
东方财富,万华化学,券商,化工,4.177960301163586,1.077427835174278,0.018010257320384637,1.0281596015997467,1.1290569462193674,0.0767273616019466,0.9792981068786738,0.9095135331396071,-0.004994517822848543,-0.022445627775211863,0.9434235474193667,0.8756035188598476,53
东方财富,海螺水泥,券商,建材,4.177960301163586,1.0667436810587452,0.015584852759360057,0.915793865300949,1.2425744746660978,0.05668398544127151,0.8762357124513314,0.8292315626278892,-0.031128339792993343,-0.043830344059927695,0.9434235474193667,0.7150395778364116,53
东方财富,宝钢股份,券商,钢铁,4.177960301163586,1.0717255094562559,0.01671806338538051,1.1139605020937056,1.0310918254825627,0.0700529681031028,1.0735955692241121,1.0033106782809915,0.017142409409884873,0.00079141914805958,0.9434235474193667,1.0631978091426164,53
东方财富,洛阳钼业,券商,有色,4.177960301163586,1.1341195391430576,0.030582253448548924,2.062823380113201,0.6235275115969829,-0.050522512032033284,1.9777004535964544,2.082935592110824,0.17729794938588994,0.1919978150333026,0.9434235474193667,3.222447636802281,53
东方财富,三一重工,券商,机械,4.177960301163586,1.0816372593128372,0.01896081400857752,1.1432864042010094,1.0233124057408896,0.07894153975796403,1.0976388344678838,1.0173292935909337,0.022548752167597774,0.004120725694692684,0.9434235474193667,1.0912350397625008,53
东方财富,汇川技术,券商,机械,4.177960301163586,1.063096745174124,0.014752733818095054,1.042946704163751,1.0836360909793623,0.062366919109768215,0.958697995759194,0.9024170260897754,-0.010044846854365241,-0.024276697405287262,0.9434235474193667,0.861410504760184,53
东方财富,中航沈飞,券商,军工,4.177960301163586,1.0820706523197692,0.0190585213649217,1.1607993175554372,1.008681585958817,0.0779317000182731,1.1169334761208294,1.0361820476212873,0.026822545841050482,0.008543514687604281,0.9434235474193667,1.1289405478232077,53
东方财富,顺丰控股,券商,交运,4.177960301163586,1.0593446448832704,0.013894350338752526,0.8747931572939758,1.282830195099184,0.04166888955501946,0.8313776970179548,0.79812088596896,-0.043238612555044686,-0.05254189419768429,0.9434235474193667,0.6528182245185533,53
东方财富,京沪高铁,券商,交运,4.177960301163586,1.0937520538311276,0.02168091951431661,1.1521563021642685,1.0383083901139385,0.0915053500664913,1.1018965941590755,1.0095201036732904,0.023496737618199592,0.002270444097253188,0.9434235474193667,1.0756166599272141,53
东方财富,中国中免,券商,免税,4.177960301163586,1.0923048364882757,0.02135718834451894,0.6011089451867155,1.9848812189029565,-0.0778745328657221,0.5663669377711263,0.6141972626905589,-0.12722223558365375,-0.1101204496644359,0.9434235474193667,0.284970977961751,53
东方财富,上海机场,券商,交运,4.177960301163586,1.0804675260407508,0.018696951868698353,0.7958920873052967,1.4667944228233207,0.03563124426067188,0.7601503491276503,0.7339971185113434,-0.06353155761796592,-0.07134633586096417,0.9434235474193667,0.5245706896033202,53
东方财富,万科A,券商,地产,4.177960301163586,1.0626492230255988,0.01465047348348869,0.7251726388277979,1.5571786782003205,-0.005211387446218185,0.6942187826373101,0.6978555784380555,-0.083648792777964,-0.08250207456914849,0.9434235474193667,0.45228760945674423,53
东方财富,中国建筑,券商,建筑,4.177960301163586,1.070444419016735,0.01642703859432948,1.0840224536027618,1.057036457497559,0.07011085931463379,1.0418905829065905,0.9736286421519755,0.009870637060602316,-0.006376322785311528,0.9434235474193667,1.0038337368845842,53
东方财富,保利发展,券商,地产,4.177960301163586,1.0648183721745244,0.015145826429646236,0.7754071016655424,1.462248879698118,0.017507775065369158,0.7412485998654743,0.7284942857737409,-0.06915859241327826,-0.07301751665970246,0.9434235474193667,0.513565024128115,53
东方财富,牧原股份,券商,养殖,4.177960301163586,1.079570255299775,0.01849440305790817,0.9492082320380415,1.2278358918418153,0.0711666526460164,0.8986162190834566,0.8389135498791691,-0.02526190499007963,-0.04116998858713239,0.9434235474193667,0.7344035523389715,53
东方财富,中国移动,券商,通信,4.177960301163586,1.1071374244881687,0.024659784704730958,1.5642005130312582,0.7836292511673664,0.04032947052217817,1.492223708108933,1.4343760802622778,0.1005438948708881,0.0901781975114444,0.9434235474193667,1.9253286131051888,53
东方财富,中兴通讯,券商,通信,4.177960301163586,1.0835873083297856,0.019400213440176728,1.2885762938750438,0.9112083315163417,0.06575392171741656,1.2275581244903193,1.1518213533872457,0.05029749365331293,0.03440975197286811,0.9434235474193667,1.3602191593551247,53
恒瑞医药,迈瑞医疗,医药,医药,4.177960301163586,1.0392725698861434,0.009262688859229318,0.7415817714872213,1.4564644332501107,-0.01026825847151569,0.8538914055349236,0.8627503491160374,-0.03710011010778613,-0.03471839671000698,1.1265451360471208,0.598955562184954,53
恒瑞医药,药明康德,医药,医药,4.177960301163586,1.0890524009928209,0.020628451756329325,1.1881055749728708,0.9982573578407035,0.08227959934667939,1.377432523239668,1.2727141157157156,0.07965911935730619,0.05941827914645281,1.1265451360471208,1.4188830953843103,53
恒瑞医药,爱尔眼科,医药,医药,4.177960301163586,1.0504336968971812,0.011846448766056561,0.5731974991763812,1.925010058771285,-0.10771998120875248,0.6578841693261834,0.7373068492751915,-0.09536405290604755,-0.07034577315078128,1.1265451360471208,0.3480685625032621,53
恒瑞医药,片仔癀,医药,中药,4.177960301163586,1.0431481908813212,0.010162262449104453,0.602149256122869,1.8071236276956122,-0.08679955714208953,0.6933656513429801,0.7592699464457711,-0.08391845508258278,-0.06379127563939979,1.1265451360471208,0.3919947568444214,53
恒瑞医药,云南白药,医药,中药,4.177960301163586,1.0281572051025898,0.006668460010883059,0.9370098910584329,1.1281708426901191,0.026784431991893065,1.0904790136374747,1.0620330613330573,0.020948300314297397,0.014509624825405298,1.1265451360471208,0.997520986618994,53
恒瑞医药,同仁堂,医药,中药,4.177960301163586,1.0397948138914759,0.009384055944920755,0.7090497762023361,1.5248199650895633,-0.023469573749892447,0.818393650691015,0.8380626232340345,-0.04683649304475568,-0.04140286195784604,1.1265451360471208,0.5495801104209482,53
恒瑞医药,美的集团,医药,家电,4.177960301163586,1.0523871040196522,0.012296505736553387,1.213508442756625,0.9126583529909469,0.03732407895534795,1.4100552674425442,1.35931990401935,0.08572504185056196,0.07624391545683573,1.1265451360471208,1.5920946719915792,53
恒瑞医药,格力电器,医药,家电,4.177960301163586,1.0422905426293745,0.009963412321682519,1.1083747393424528,0.9801464583170929,0.03811922211598806,1.2933785337240467,1.245886316494329,0.0635102332781996,0.054029771207129595,1.1265451360471208,1.3652274969415372,53
恒瑞医药,海尔智家,医药,家电,4.177960301163586,1.062452677948541,0.014605551911364811,0.9604722493198355,1.1752611214737303,0.05908135182710139,1.102882355610892,1.0413575441662024,0.023715818980179604,0.009746950470156612,1.1265451360471208,0.9561699522852838,53
恒瑞医药,苏泊尔,医药,家电,4.177960301163586,1.0448729231424385,0.010561774231970356,0.9358870240597984,1.1665504462069198,0.041196555614125385,1.0791758976530155,1.0364766305018065,0.018405340730750952,0.008612135336440563,1.1265451360471208,0.9464081249564923,53
恒瑞医药,比亚迪,医药,汽车,4.177960301163586,1.0459664202489922,0.010814808845016177,0.8521261784545158,1.2839011169363914,0.027983261626047584,0.9769255943855838,0.9503321998067347,-0.005572022227918638,-0.0121193925557459,1.1265451360471208,0.7741192635663485,53
恒瑞医药,长城汽车,医药,汽车,4.177960301163586,1.050221355303657,0.011797487783835381,0.6706532784859061,1.6446126940972365,-0.03739722591402195,0.7743118021180373,0.8043939026181085,-0.059385049529858014,-0.0507648047557423,1.1265451360471208,0.4822426691890962,53
恒瑞医药,上汽集团,医药,汽车,4.177960301163586,1.0384590859041298,0.00907354651023451,0.8381414420614066,1.2866530861957208,0.02849365851507879,1.0064818610220319,0.9785980231275055,0.0015476313618272286,-0.005164817710017422,1.1265451360471208,0.8306509102078902,53
恒瑞医药,长安汽车,医药,汽车,4.177960301163586,1.0497699128413684,0.01169337073225396,0.6781752137773567,1.6249736757096576,-0.029721792112771594,0.7903748052012283,0.814585753628603,-0.05475100920784848,-0.04789989143706397,1.1265451360471208,0.5026263712100852,53
恒瑞医药,赛力斯,医药,汽车,4.177960301163586,1.1697119129122808,0.03823286582850294,0.8661931585147663,1.5795852758234208,0.12069254531216789,0.9813461263850309,0.8756604391543248,-0.004496855002416589,-0.03128062709005919,1.1265451360471208,0.6247757422615287,53
恒瑞医药,宁德时代,医药,电池,4.177960301163586,1.0647513229496472,0.01513052638313539,1.0772379850446923,1.0524093983522032,0.06457728923839445,1.2235803411947614,1.1493579222135377,0.049481882810862965,0.03387979920574513,1.1265451360471208,1.1721707083799544,53
恒瑞医药,隆基绿能,医药,光伏,4.177960301163586,1.0707775375104662,0.016502738463246347,0.43514834917330253,2.6348819592564885,-0.2432749505553503,0.4992233953203331,0.65971569949575,-0.15318895137164357,-0.09476188882857361,1.1265451360471208,0.1928862629443792,53
恒瑞医药,通威股份,医药,光伏,4.177960301163586,1.068353615679967,0.01595150212363161,0.49770168753408317,2.2933003377817465,-0.16790598528256728,0.5759552305394918,0.692175668076495,-0.12370820879410638,-0.08429501321016508,1.1265451360471208,0.2578062001058692,53
恒瑞医药,阳光电源,医药,光伏,4.177960301163586,1.11653853225265,0.026735630274093314,1.1236066842513115,1.10951484311931,0.1164166833813629,1.2839489419098706,1.150062482066366,0.06164920776732852,0.03403145783032513,1.1265451360471208,1.1735798280856111,53
恒瑞医药,晶澳科技,医药,光伏,4.177960301163586,1.0937780905824073,0.021686740746942545,0.3741729062938739,3.1973199857995276,-0.31345236442950375,0.43482593959229454,0.6333514487031477,-0.1807237765375116,-0.10355545603128846,1.1265451360471208,0.1401577613591748,53
恒瑞医药,亿纬锂能,医药,电池,4.177960301163586,1.0809254901127916,0.01880028281092616,0.7036628229038613,1.6604542362403774,-0.006362208869202357,0.8030778896318423,0.8082199537901121,-0.05113674342385943,-0.04968608813161013,1.1265451360471208,0.4898947715331034,53
恒瑞医药,立讯精密,医药,电子,4.177960301163586,1.1107865506900667,0.025467129472967587,1.2730826592254318,0.9691804002299681,0.09370524812253045,1.5034770586111812,1.3746638421933794,0.10252473332402845,0.07913929429985145,1.1265451360471208,1.6227825483396379,53
恒瑞医药,京东方A,医药,电子,4.177960301163586,1.054464279735309,0.012774381922451505,1.1442059449142856,0.9717611782912017,0.049782836548149856,1.3069317586565685,1.2449543973818096,0.06616710556795291,0.05384101034301603,1.1265451360471208,1.3633636587164986,53
恒瑞医药,工业富联,医药,电子,4.177960301163586,1.1445967867887497,0.03285309267221859,2.6597809183487353,0.4925600433063026,-0.190626895810301,3.1186559600912873,3.8531746903222324,0.312900241965848,0.3810723643184184,1.1265451360471208,6.579804244597344,53
恒瑞医药,海康威视,医药,安防,4.177960301163586,1.0414895116939569,0.00977757676954627,1.0023645876516303,1.0821415843408686,0.04142264603837775,1.1492826629359165,1.103569878480983,0.03386359524030458,0.02386852991112809,1.1265451360471208,1.0805946209148454,53
恒瑞医药,大华股份,医药,安防,4.177960301163586,1.0525784957687687,0.01234056741996592,1.0260472010233341,1.079795830688736,0.05294653488870926,1.1872971288569256,1.1275948868404952,0.04194762585939871,0.029160025151410585,1.1265451360471208,1.1286446376338697,53
恒瑞医药,韦尔股份,医药,半导体,4.177960301163586,1.049237875773233,0.011570622260461683,0.7893707750934389,1.3946552807542327,0.012488782900400341,0.9032662136552634,0.8921246624261305,-0.024057010919518396,-0.02695193673817653,1.1265451360471208,0.6577041888051403,53
恒瑞医药,北方华创,医药,半导体,4.177960301163586,1.056514952023598,0.01324545883046313,1.6155475520557776,0.6909260222201663,-0.04478975142296082,1.8823931467590551,1.9706584488213195,0.16346215256537655,0.17629322522860802,1.1265451360471208,2.814771761595518,53
恒瑞医药,中芯国际,医药,半导体,4.177960301163586,1.116196261475911,0.02666028759333927,1.6941234924476594,0.7354210597320386,0.01727527200670087,1.9490204171347205,1.915922337608814,0.17318881400844233,0.16838911454270566,1.1265451360471208,2.705299539170507,53
恒瑞医药,兆易创新,医药,半导体,4.177960301163586,1.1542344597371184,0.03492804322479093,1.7342578286636086,0.7682001868610583,0.05029766177729389,2.0259785421418135,1.928956538581159,0.18411376867440166,0.17028673363012747,1.1265451360471208,2.731367941115197,53
恒瑞医药,科大讯飞,医药,软件,4.177960301163586,1.0835894168297242,0.01940068821728702,0.9533714997584088,1.231593376310204,0.07918164426015872,1.1096500267123723,1.0282328583091325,0.025215897740370696,0.006686188748662003,1.1265451360471208,0.929920580571144,53
恒瑞医药,恒生电子,医药,软件,4.177960301163586,1.0939503853000225,0.021725259318595258,0.8208720021947365,1.4578733862263786,0.05095481407560598,0.9266922031780483,0.881762175468166,-0.01805769094569276,-0.029669226189918074,1.1265451360471208,0.6369792148892113,53
恒瑞医药,浪潮信息,医药,服务器,4.177960301163586,1.1645700669774397,0.03713866270551769,1.9281832889948929,0.7033685275878515,0.037329482819474125,2.14294014036833,2.065823998893575,0.20012826766291547,0.189646628331811,1.1265451360471208,3.0051028617400295,53
恒瑞医药,分众传媒,医药,传媒,4.177960301163586,1.0468630967481622,0.011022149173679496,0.9408959168090344,1.1647646926238941,0.04398673607841186,1.0899822585257812,1.0440575735857958,0.020836963259068142,0.010372971683714427,1.1265451360471208,0.9615700111244705,53
恒瑞医药,紫金矿业,医药,有色,4.177960301163586,1.068892843693835,0.016074212910073715,1.8186519055968584,0.6282301235237915,-0.0757042004794577,2.0933525919777725,2.2648080766607963,0.19342195788414163,0.21612217865715055,1.1265451360471208,3.403071017274472,53
恒瑞医药,中国神华,医药,煤炭,4.177960301163586,1.0569393012136221,0.013342852730221066,1.194713179186722,0.9350534554330423,0.04450516298041274,1.3957615860134291,1.3362897910726779,0.0830805353853803,0.07185114805438175,1.1265451360471208,1.546034446098235,53
恒瑞医药,陕西煤业,医药,煤炭,4.177960301163586,1.0778099985422762,0.018096672518677304,1.2034409397727193,0.9652940618565746,0.06733870899395233,1.4030576802260704,1.3145383638794086,0.08443296293083802,0.06764907692343902,1.1265451360471208,1.5025315917116964,53
恒瑞医药,长江电力,医药,电力,4.177960301163586,1.051502945763042,0.01209287809394688,1.0807261153302499,1.0230699797704863,0.050049349590465475,1.263985349797216,1.203738995972131,0.057674622167063205,0.04538319288560144,1.1265451360471208,1.280932855897141,53
恒瑞医药,万华化学,医药,化工,4.177960301163586,1.0583384120961832,0.013663757118902886,0.9109227384392832,1.2296105336412444,0.05029508435007668,1.0514234451934534,1.0010743274534841,0.012074562192634142,0.0002570366135734581,1.1265451360471208,0.8756035188598476,53
恒瑞医药,海螺水泥,医药,建材,4.177960301163586,1.048113557314628,0.011311070279516722,0.8115786793746754,1.3535866046569327,0.022026298295520164,0.9410740040640007,0.9207923569417662,-0.014431491647874717,-0.019557655847785016,1.1265451360471208,0.7150395778364116,53
恒瑞医药,宝钢股份,医药,钢铁,4.177960301163586,1.0399869479941486,0.009428695352495797,0.9749868378800907,1.1093204646227253,0.04021057473956757,1.1388968837738649,1.0948714725948685,0.031619665953799725,0.021931101303610534,1.1265451360471208,1.0631978091426164,53
恒瑞医药,洛阳钼业,医药,有色,4.177960301163586,1.098869151582674,0.022822967831775065,1.8027430658448707,0.669820028809327,-0.03671226417217721,2.0946657006448324,2.1744963864247007,0.1936010945206148,0.20433476344848156,1.1265451360471208,3.222447636802281,53
恒瑞医药,三一重工,医药,机械,4.177960301163586,1.0420363848374548,0.009904460633806789,0.9934383545094571,1.0930117831632151,0.042432396191972144,1.1559429514481385,1.1088900879048107,0.035294497963228144,0.02504780197740164,1.1265451360471208,1.0912350397625008,53
恒瑞医药,汇川技术,医药,机械,4.177960301163586,1.0493838859973275,0.01160431359571601,0.9285565509859027,1.185933736638481,0.04008188226377185,1.0338183223738722,0.9939778204036525,0.007992366486976099,-0.0014447292946504486,1.1265451360471208,0.861410504760184,53
恒瑞医药,中航沈飞,医药,军工,4.177960301163586,1.0455402419439592,0.010716215365693449,1.0116421562687306,1.080574184013986,0.046144774361946084,1.1797822809145622,1.1277428419351643,0.0403653200036278,0.029192345330199876,1.1265451360471208,1.1289405478232077,53
恒瑞医药,顺丰控股,医药,交运,4.177960301163586,1.0432628976507399,0.010188848370018988,0.7770455971874292,1.4006867519153947,0.00584895483147041,0.894885388245198,0.8896816802828371,-0.026232061548883356,-0.02759037297604816,1.1265451360471208,0.6528182245185533,53
恒瑞医药,京沪高铁,医药,交运,4.177960301163586,1.0429882771871084,0.010125195076769344,0.9909610506978508,1.0977470260649183,0.04311924105487486,1.1485586706483941,1.1010808979871674,0.03370767227146376,0.023315339806019297,1.1265451360471208,1.0756166599272141,53
恒瑞医药,中国中免,医药,免税,4.177960301163586,1.0691817258257164,0.016139933733500644,0.5306956175196874,2.1540587958543855,-0.14156360224701814,0.6058484041400316,0.705758057004436,-0.11303078855014792,-0.08002592716534418,1.1265451360471208,0.284970977961751,53
恒瑞医药,上海机场,医药,交运,4.177960301163586,1.0414313523402194,0.009764079829815087,0.6919229827304617,1.5674855275903963,-0.029904861922968595,0.8008697174327681,0.8255579128252205,-0.05176187185393222,-0.04484595089179044,1.1265451360471208,0.5245706896033202,53
恒瑞医药,万科A,医药,地产,4.177960301163586,1.0559488940083144,0.013115494501587444,0.6499486109645219,1.715563427549578,-0.044785122315674775,0.7540622639402409,0.7894163727519325,-0.06533224018394623,-0.055025489220170254,1.1265451360471208,0.45228760945674423,53
恒瑞医药,中国建筑,医药,建筑,4.177960301163586,1.044522772973957,0.01048070710516269,0.9540622418984579,1.143560425460506,0.043353715896299105,1.1113693566701321,1.0651894364658525,0.0255958844948454,0.015230486807139565,1.1265451360471208,1.0038337368845842,53
恒瑞医药,保利发展,医药,地产,4.177960301163586,1.0644565025242712,0.015063242244211628,0.6991442617800233,1.6206492818540916,-0.012306371622580636,0.8099631775210745,0.8200550800876178,-0.049195891426577876,-0.04637369907936717,1.1265451360471208,0.513565024128115,53
恒瑞医药,牧原股份,医药,养殖,4.177960301163586,1.0613025494893444,0.014342556264620443,0.8416556303546927,1.3382707379714287,0.037639486038124614,0.9654969202801335,0.9304743441930461,-0.008368972262146612,-0.017099943867744494,1.1265451360471208,0.7344035523389715,53
恒瑞医药,中国移动,医药,通信,4.177960301163586,1.050810796340996,0.011933380483952982,1.3390600659439569,0.8246107533110558,0.01451060452552877,1.5480791410940509,1.5259368745761548,0.11026648168393605,0.10644468280711461,1.1265451360471208,1.9253286131051888,53
恒瑞医药,中兴通讯,医药,通信,4.177960301163586,1.0651003623205206,0.01521016609294401,1.142408431718406,0.9930238173302748,0.060697505202651936,1.3188523420800964,1.2433821477011229,0.06848665933795206,0.05352230631041199,1.1265451360471208,1.3602191593551247,53
迈瑞医疗,药明康德,医药,医药,4.177960301163586,1.0911214906801903,0.021092240630143033,1.6682064091955444,0.7136683451529688,-0.0029958784057801946,1.005896729154352,1.008919328784632,0.0014082350941027055,0.0021276481987693163,0.598955562184954,1.4188830953843103,53
迈瑞医疗,爱尔眼科,医药,医药,4.177960301163586,1.0349580903501028,0.008258244937487724,0.7914597334913991,1.3533704918328253,-0.002015992403747391,0.4725574656233396,0.4735120623441081,-0.16424244717598524,-0.16383866428063232,0.598955562184954,0.3480685625032621,53
迈瑞医疗,片仔癀,医药,中药,4.177960301163586,1.0294801471894246,0.006978338222686453,0.8328111666702535,1.2725926547005493,0.0067775443530111446,0.49883326438411385,0.49547515951468774,-0.1533473920837123,-0.15471510421947987,0.598955562184954,0.3919947568444214,53
迈瑞医疗,云南白药,医药,中药,4.177960301163586,1.0172573558975124,0.004103730417159612,1.2992296100281004,0.7964816381495621,-0.014900687284875369,0.7863439754962916,0.798238274401974,-0.05590708777403541,-0.05250854172449804,0.598955562184954,0.997520986618994,53
迈瑞医疗,同仁堂,医药,中药,4.177960301163586,1.0270744715375473,0.006414621072373672,0.9815251469365571,1.0747375891249749,0.026127770514009274,0.5892721745434514,0.5742678363029512,-0.11890074735909661,-0.12432338105530116,0.598955562184954,0.5495801104209482,53
迈瑞医疗,美的集团,医药,家电,4.177960301163586,1.0305761416030115,0.007234828208468436,1.6653970364375663,0.6377381251459714,-0.0813363116944199,1.0064191446957094,1.0955251170882665,0.0015326933688637467,0.022077096036726918,0.598955562184954,1.5920946719915792,53
迈瑞医疗,格力电器,医药,家电,4.177960301163586,1.0273513755866954,0.006479558558727172,1.531042504833166,0.6893674379307223,-0.053973204108107686,0.9290849029852849,0.9820915295632456,-0.017451445717845626,-0.004315920274311269,0.598955562184954,1.3652274969415372,53
迈瑞医疗,海尔智家,医药,家电,4.177960301163586,1.0317000234433011,0.007497629167669384,1.3070707172558158,0.8143438027650237,0.004117247626176823,0.7807641756515488,0.7775627572351189,-0.05751488710463848,-0.05844131393435559,0.598955562184954,0.9561699522852838,53
迈瑞医疗,苏泊尔,医药,家电,4.177960301163586,1.030030745979596,0.0071072179994435825,1.2929465095927508,0.8205779046477822,0.0036595997125115076,0.7755095498233175,0.7726818435707232,-0.05903699948401697,-0.05985935292715616,0.598955562184954,0.9464081249564923,53
迈瑞医疗,比亚迪,医药,汽车,4.177960301163586,1.044714356142271,0.010525065197626304,1.1927629678628218,0.9150418946065766,0.03618793737360937,0.7113817857774352,0.6865374128756513,-0.07827661310132339,-0.08608590558496998,0.598955562184954,0.7741192635663485,53
迈瑞医疗,长城汽车,医药,汽车,4.177960301163586,1.0387623733612235,0.009144076746277596,0.9296165261395329,1.1607229841233293,0.03269604655579128,0.5582745695415476,0.5405991156870251,-0.13022340574614089,-0.1368955060511131,0.598955562184954,0.4822426691890962,53
迈瑞医疗,上汽集团,医药,汽车,4.177960301163586,1.0259241004470567,0.006144701898325611,1.1604156449107652,0.9070200531112627,0.013184023457190497,0.7242272188297113,0.714803236196422,-0.07432002424382977,-0.077217479108741,0.598955562184954,0.8306509102078902,53
迈瑞医疗,长安汽车,医药,汽车,4.177960301163586,1.0490343081259483,0.011523643803775574,0.9497469381932762,1.1587012659590565,0.045087967607102986,0.5756250119622625,0.5507909666975197,-0.12382848838199245,-0.1330284019747573,0.598955562184954,0.5026263712100852,53
迈瑞医疗,赛力斯,医药,汽车,4.177960301163586,1.1777714037290699,0.03994061541397942,1.2222703042430123,1.1348925639660723,0.17765961859633528,0.7205694706294202,0.6118656522232413,-0.07544119410008487,-0.11093018485033446,0.598955562184954,0.6247757422615287,53
迈瑞医疗,宁德时代,医药,电池,4.177960301163586,1.0551662256248813,0.012935710103172626,1.4960798406218139,0.7441954189000413,-0.0015339714912866453,0.8842047066791965,0.8855631352824542,-0.029026557537265796,-0.028669717617858526,0.598955562184954,1.1721707083799544,53
迈瑞医疗,隆基绿能,医药,光伏,4.177960301163586,1.0595724712686432,0.013946537012727855,0.603447056677854,1.860467806490076,-0.09035285742087518,0.3601483268017685,0.3959209125646666,-0.21685303137781042,-0.198899358446478,0.598955562184954,0.1928862629443792,53
迈瑞医疗,通威股份,医药,光伏,4.177960301163586,1.0505369021040416,0.011870242743130088,0.6858605452036513,1.6091139669721906,-0.03632540323962952,0.41281977289765676,0.4283808811454116,-0.19084486415857183,-0.18364685313716156,0.598955562184954,0.2578062001058692,53
迈瑞医疗,阳光电源,医药,光伏,4.177960301163586,1.1289151223665952,0.029448311193376542,1.5921072067921407,0.8004796084528821,0.0679776543632884,0.946514094188537,0.8862676951352826,-0.013070823586166624,-0.028484803695051908,0.598955562184954,1.1735798280856111,53
迈瑞医疗,晶澳科技,医药,光伏,4.177960301163586,1.0840034365244968,0.01949390063219325,0.5196898027132826,2.261086217705164,-0.150089897652811,0.31408994022978076,0.3695566617720644,-0.2420871765724142,-0.21200417306611707,0.598955562184954,0.1401577613591748,53
迈瑞医疗,亿纬锂能,医药,电池,4.177960301163586,1.0704750724479364,0.016434005214659875,0.9765979880858054,1.1733762456120609,0.06513232244591083,0.5798848423745598,0.5444251668590288,-0.12228088842780205,-0.13543733395701196,0.598955562184954,0.4898947715331034,53
迈瑞医疗,立讯精密,医药,电子,4.177960301163586,1.0843477071578764,0.019571389121028293,1.7416664025313684,0.6751062937825528,-0.03736111787432539,1.0693657455457009,1.110869055262296,0.016181791265898138,0.025485359720733625,0.598955562184954,1.6227825483396379,53
迈瑞医疗,京东方A,医药,电子,4.177960301163586,1.0553023580134033,0.012966987949910802,1.6047953406515592,0.6939595589656272,-0.02802748989625259,0.9536601693822074,0.9811596104507263,-0.011292466955840741,-0.004542145120211782,0.598955562184954,1.3633636587164986,53
迈瑞医疗,工业富联,医药,电子,4.177960301163586,1.1385944896618863,0.03155409853456059,3.7079412131548986,0.3496272830025189,-0.3701737881898076,2.260685547300482,3.589379903391149,0.21559197084051984,0.3578274709516045,0.598955562184954,6.579804244597344,53
迈瑞医疗,海康威视,医药,安防,4.177960301163586,1.0250937325637217,0.005949724092750852,1.3826262929004183,0.7600153171809432,-0.017951241522100814,0.8247000860572431,0.8397750915498997,-0.04508359817918506,-0.04093439317438363,0.598955562184954,1.0805946209148454,53
迈瑞医疗,大华股份,医药,安防,4.177960301163586,1.0539774574313552,0.012662447602843185,1.43984117180401,0.7715215417695213,0.0032266317368221387,0.8665872647260497,0.8638000999094119,-0.03369261832704362,-0.03443740732664724,0.598955562184954,1.1286446376338697,53
迈瑞医疗,韦尔股份,医药,半导体,4.177960301163586,1.05606265952287,0.013141618797215315,1.1134409501469122,1.0016412102423249,0.054927770915510266,0.6628426349556102,0.6283298754950472,-0.09373675822847871,-0.10526180507044092,0.598955562184954,0.6577041888051403,53
迈瑞医疗,北方华创,医药,半导体,4.177960301163586,1.082348971942092,0.019121252124197463,2.319432967104378,0.5050714177468123,-0.1765897582258622,1.4054490205125296,1.7068636618902362,0.08487506538878975,0.1365199922444782,0.598955562184954,2.814771761595518,53
迈瑞医疗,中芯国际,医药,半导体,4.177960301163586,1.1304913884062644,0.02979216827043696,2.404596322141806,0.5314866231361371,-0.1289786138421446,1.4390384293008995,1.6521275506777306,0.09102530542606879,0.12768810847308054,0.598955562184954,2.705299539170507,53
迈瑞医疗,兆易创新,医药,半导体,4.177960301163586,1.1555961135845105,0.0352201379832946,2.433302593298269,0.5488024306592821,-0.11227198051051379,1.4782107439219652,1.6651617516500754,0.09806135616871914,0.12981118909598877,0.598955562184954,2.731367941115197,53
迈瑞医疗,科大讯飞,医药,软件,4.177960301163586,1.087973490565108,0.020386346803227706,1.3414859933843961,0.8823694932409522,0.06223388759017734,0.8120120243818425,0.764438071378049,-0.048620777917753544,-0.06226994395395247,0.598955562184954,0.929920580571144,53
迈瑞医疗,恒生电子,医药,软件,4.177960301163586,1.0819636513273818,0.019034401029830006,1.1377868427770261,1.028879310940576,0.0816578014946634,0.6684292468804193,0.6179673885370827,-0.0919143711063054,-0.10881607165395124,0.598955562184954,0.6369792148892113,53
迈瑞医疗,浪潮信息,医药,服务器,4.177960301163586,1.2023292251336355,0.04509002193789957,2.7898221232279923,0.5181676471680594,-0.10430792793189492,1.6140632787899387,1.8020292119624917,0.12141418226012113,0.15137530857912052,0.598955562184954,3.0051028617400295,53
迈瑞医疗,分众传媒,医药,传媒,4.177960301163586,1.0265788015291049,0.006298346951697509,1.2930472768244061,0.815023591664117,-0.001503000414913802,0.7790900513626284,0.7802627866547123,-0.057998984199589376,-0.05765978804640193,0.598955562184954,0.9615700111244705,53
迈瑞医疗,紫金矿业,医药,有色,4.177960301163586,1.063019937396398,0.014735185307335419,2.5347039482633007,0.44581592579144796,-0.24155469131973462,1.5176591422023655,2.001013289729713,0.10500509501364852,0.18060483130846872,0.598955562184954,3.403071017274472,53
迈瑞医疗,中国神华,医药,煤炭,4.177960301163586,1.0295389310883083,0.006992100388926836,1.630897999656496,0.649918272540469,-0.07615818391020812,0.9908157323733996,1.0724950041415946,-0.002205986088503198,0.01689274199540569,0.598955562184954,1.546034446098235,53
迈瑞医疗,陕西煤业,医药,煤炭,4.177960301163586,1.0431073443345875,0.010152794789485053,1.6322324042716663,0.6666164260415323,-0.05816844355751005,0.9896234584991904,1.0507435769483253,-0.0024934998062803304,0.011917886316780146,0.598955562184954,1.5025315917116964,53
迈瑞医疗,长江电力,医药,电力,4.177960301163586,1.032050108108937,0.007579446126297462,1.4865391620408177,0.7165148775397161,-0.03814591839733139,0.9040891739449235,0.9399442090410475,-0.023844259326914807,-0.014714824400096749,0.598955562184954,1.280932855897141,53
迈瑞医疗,万华化学,医药,化工,4.177960301163586,1.0358647700083803,0.008469590888245282,1.2494833281767799,0.8587676182204343,0.01747360072035553,0.7501624688327765,0.7372795405224009,-0.06649150730968445,-0.07035401485178239,0.598955562184954,0.8756035188598476,53
迈瑞医疗,海螺水泥,医药,建材,4.177960301163586,1.0274601358132962,0.006505060559913511,1.1149559008097163,0.946830569638506,0.023466775650307747,0.6724151845889209,0.6569975700106828,-0.09062120316206779,-0.09565600406412555,0.598955562184954,0.7150395778364116,53
迈瑞医疗,宝钢股份,医药,钢铁,4.177960301163586,1.0204343942352967,0.004853435867602451,1.340683829056697,0.7766830108415675,-0.020079771116991885,0.8143888560349882,0.8310766856637852,-0.04795498004933607,-0.04332153720564702,0.598955562184954,1.0631978091426164,53
迈瑞医疗,洛阳钼业,医药,有色,4.177960301163586,1.0956634116231392,0.022107976312948585,2.519042124566398,0.4765614277991856,-0.20330612077345867,1.5222442693449274,1.9107015994936174,0.10580323430615457,0.16762628453101147,0.598955562184954,3.222447636802281,53
迈瑞医疗,三一重工,医药,机械,4.177960301163586,1.0339741718889905,0.008028735311645718,1.3814594732550307,0.7738935588276626,-0.010802330842434427,0.8359663019392225,0.8450953009737274,-0.04197733117910285,-0.03948359850263272,0.598955562184954,1.0912350397625008,53
迈瑞医疗,汇川技术,医药,机械,4.177960301163586,1.0345365862418952,0.008159944873304514,1.2828924229737964,0.834260090017614,0.01826246947732013,0.7435179788342188,0.730183033472569,-0.06847727505905543,-0.0725036347868846,0.598955562184954,0.861410504760184,53
迈瑞医疗,中航沈飞,医药,军工,4.177960301163586,1.02979460187678,0.007051949689237391,1.396391495807053,0.759440977146346,-0.019767359640395443,0.8468700830901951,0.8639480550040809,-0.039001169684225845,-0.03439782470930297,0.598955562184954,1.1289405478232077,53
迈瑞医疗,顺丰控股,医药,交运,4.177960301163586,1.0237754026116768,0.005639921507146761,1.0686312035437493,0.9808024241824334,0.02282721850003111,0.6401741502225997,0.6258868933517536,-0.1012534896519579,-0.10609569253384754,0.598955562184954,0.6528182245185533,53
迈瑞医疗,京沪高铁,医药,交运,4.177960301163586,1.026191833385526,0.006207542394834231,1.366394580644831,0.7706922245038332,-0.016238888465844648,0.8236895152846435,0.8372861110560841,-0.0453638021177285,-0.04161552729860818,0.598955562184954,1.0756166599272141,53
迈瑞医疗,中国中免,医药,免税,4.177960301163586,1.0538671444469963,0.012637078039259952,0.7330781206787328,1.515030836163225,-0.014826461963984516,0.4354105184601318,0.44196327007335257,-0.1804602819064871,-0.17752493512212297,0.598955562184954,0.284970977961751,53
迈瑞医疗,上海机场,医药,交运,4.177960301163586,1.031095827821404,0.007356375214743416,0.9600559789253388,1.1073923078326933,0.02884682340764222,0.5779682075837304,0.5617631258941371,-0.12297612963069271,-0.12892559394248848,0.598955562184954,0.5245706896033202,53
迈瑞医疗,万科A,医药,地产,4.177960301163586,1.025737355918809,0.006100863078218888,0.8847951049910975,1.1891308138937948,0.015732716730315177,0.5338910413379077,0.5256215858208492,-0.1394711233293362,-0.14268034452038114,0.598955562184954,0.45228760945674423,53
迈瑞医疗,中国建筑,医药,建筑,4.177960301163586,1.026358405239765,0.006246632740995572,1.3137969748619502,0.8018069733468542,-0.006864534899068353,0.7958934479951111,0.8013946495347691,-0.05317546351090818,-0.05161314611663692,0.598955562184954,1.0038337368845842,53
迈瑞医疗,保利发展,医药,地产,4.177960301163586,1.031714589513329,0.007501033769630627,0.9496615814339165,1.1208571716752418,0.028689393156738907,0.5722190634043852,0.5562602931565346,-0.1250721518265414,-0.13097556781436537,0.598955562184954,0.513565024128115,53
迈瑞医疗,牧原股份,医药,养殖,4.177960301163586,1.03686837353235,0.008703365662204421,1.1523629115448928,0.9329491718805101,0.03151157593225462,0.687687680753105,0.6666795572619628,-0.08571963731958276,-0.09248388047507483,0.598955562184954,0.7344035523389715,53
迈瑞医疗,中国移动,医药,通信,4.177960301163586,1.0344637151917664,0.008142947338528383,1.847401164632859,0.5792543593318673,-0.11984307583911391,1.1108830977156856,1.2621420876450715,0.025488462445051763,0.057305241764371795,0.598955562184954,1.9253286131051888,53
迈瑞医疗,中兴通讯,医药,通信,4.177960301163586,1.0670850526088256,0.0156626324659197,1.6039850742898831,0.7099009384518699,-0.01676118089165446,0.9631683198169944,0.9795873607700394,-0.008941937973620528,-0.0049241819828025335,0.598955562184954,1.3602191593551247,53
药明康德,爱尔眼科,医药,医药,4.177960301163586,1.0710887858854041,0.016573452247373277,0.5357409670987372,2.141391563654743,-0.14796487027889527,0.7527524425195795,0.8834758289437863,-0.06572109272453419,-0.029218195306183525,1.4188830953843103,0.3480685625032621,53
药明康德,片仔癀,医药,中药,4.177960301163586,1.0817185054707357,0.018979133016933547,0.5723558782755881,2.0443835199233056,-0.10899915252022718,0.8067468505090754,0.9054389261143658,-0.05010095397187919,-0.023495640271619433,1.4188830953843103,0.3919947568444214,53
药明康德,云南白药,医药,中药,4.177960301163586,1.0917659036096632,0.021236549915192082,0.9120274756859471,1.3069264030539673,0.07504655456300036,1.298873441394811,1.2082020410016523,0.06458995430653669,0.04630959308266758,1.4188830953843103,0.997520986618994,53
药明康德,同仁堂,医药,中药,4.177960301163586,1.085665753876497,0.01986788242901727,0.6786079748620574,1.7368940136310875,-0.025926528841960006,0.9587138938628057,0.9842316029026292,-0.010040917583425846,-0.0037970314361887025,1.4188830953843103,0.5495801104209482,53
药明康德,美的集团,医药,家电,4.177960301163586,1.1033217543546943,0.023813425523218967,1.166173609234305,1.043857350220433,0.10149725513301089,1.6582918730155318,1.5054888836879448,0.12869376826303291,0.10287766979638668,1.4188830953843103,1.5920946719915792,53
药明康德,格力电器,医药,家电,4.177960301163586,1.1012968978387705,0.023363384673543264,1.0734850020691775,1.1298293454044368,0.1011142374272993,1.532811905891071,1.3920552961629238,0.10763581690974844,0.08239146491101845,1.4188830953843103,1.3652274969415372,53
药明康德,海尔智家,医药,家电,4.177960301163586,1.111435103551467,0.02561040624392863,0.9209861058811737,1.3412666939471045,0.09018639815748197,1.2946252637359326,1.187526523834797,0.06375551488074627,0.04199580667620717,1.4188830953843103,0.9561699522852838,53
药明康德,苏泊尔,医药,家电,4.177960301163586,1.1089138959242724,0.025053069556077334,0.9104403973954588,1.350654070372736,0.0865801442646017,1.2850392377128526,1.1826456101704013,0.06186491917076964,0.040969116363766656,1.4188830953843103,0.9464081249564923,53
药明康德,比亚迪,医药,汽车,4.177960301163586,1.0843500934949966,0.01957192617285597,0.8097471531340001,1.4520768868551108,0.03648645343866641,1.1365086187056987,1.0965011794753294,0.031101462765150245,0.022294981108618384,1.4188830953843103,0.7741192635663485,53
药明康德,长城汽车,医药,汽车,4.177960301163586,1.0816559773711867,0.01896503456269283,0.6331405142536837,1.8478988898095305,-0.05872189045192433,0.894744032845398,0.9505628822867033,-0.026268879722447624,-0.012062002158849228,1.4188830953843103,0.4822426691890962,53
药明康德,上汽集团,医药,汽车,4.177960301163586,1.0919051588565638,0.021267726103402218,0.8078050901616097,1.475921469743468,0.05451017550143833,1.1860782495167426,1.1247670027961003,0.04169150053928283,0.02854166464032515,1.4188830953843103,0.8306509102078902,53
药明康德,长安汽车,医药,汽车,4.177960301163586,1.10035374917817,0.02315354731856667,0.6515891772702886,1.8581928852820813,-0.03278872781415265,0.9292528078509571,0.9607547332971977,-0.017408947791210938,-0.009536928139212697,1.4188830953843103,0.5026263712100852,53
药明康德,赛力斯,医药,汽车,4.177960301163586,1.2356573478372133,0.05195197696057807,0.8387405409164435,1.8204069158214242,0.1388499949684463,1.1637104284850923,1.0218294188229196,0.03695537020100459,0.0051820676052938275,1.4188830953843103,0.6247757422615287,53
药明康德,宁德时代,医药,电池,4.177960301163586,1.0933267412498355,0.02158581424920958,1.0139281580094155,1.1789428606843018,0.0885794063341403,1.4102839057407597,1.2955269018821323,0.0857671767157453,0.0639327911946792,1.4188830953843103,1.1721707083799544,53
药明康德,隆基绿能,医药,光伏,4.177960301163586,1.074039896536433,0.0172431516037026,0.4000849781120921,2.883291706665372,-0.30274070006952436,0.561910587218827,0.8058846791643448,-0.12887087061541225,-0.0503440321897175,1.4188830953843103,0.1928862629443792,53
药明康德,通威股份,医药,光伏,4.177960301163586,1.0915957294067673,0.021198447545544896,0.4661327962417616,2.5563128062782217,-0.2124830526372573,0.6602106178301069,0.8383446477450898,-0.09459938957572855,-0.041325660300182254,1.4188830953843103,0.2578062001058692,53
药明康德,阳光电源,医药,光伏,4.177960301163586,1.1877431522986377,0.04204129958802039,1.0956122441228144,1.2876214220860482,0.18253271500975932,1.532836109726512,1.2962314617349606,0.1076400031620579,0.06407125349234732,1.4188830953843103,1.1735798280856111,53
药明康德,晶澳科技,医药,光伏,4.177960301163586,1.1170482364902041,0.026847796850624883,0.3502747145218419,3.56233753369619,-0.36096086206151823,0.49814406255211435,0.7795204283717425,-0.15362752251549394,-0.05787445900085675,1.4188830953843103,0.1401577613591748,53
药明康德,亿纬锂能,医药,电池,4.177960301163586,1.0887795772438529,0.02056724799121179,0.6496845768384759,1.8246407719757618,-0.04875864866488788,0.9078542187625368,0.9543889334587069,-0.022872794763933335,-0.011111678513250678,1.4188830953843103,0.4898947715331034,53
药明康德,立讯精密,医药,电子,4.177960301163586,1.1116248601426164,0.0256523147975114,1.1678255797314498,1.0581287575249485,0.10930038020719124,1.6870604275230634,1.520832821861974,0.13334987518016805,0.1055577367746281,1.4188830953843103,1.6227825483396379,53
药明康德,京东方A,医药,电子,4.177960301163586,1.0982568272305788,0.02268652090058243,1.0923705475730985,1.1041748253267183,0.09815490989932285,1.5276689667836287,1.3911233770504046,0.10674516063666784,0.08221798372326128,1.4188830953843103,1.3633636587164986,53
药明康德,工业富联,医药,电子,4.177960301163586,1.2045174819500373,0.045544972157014696,2.5656664448551694,0.5654914212377903,-0.07969854454137948,3.6806018003717793,3.9993436699908274,0.36600842398516353,0.3934351157961391,1.4188830953843103,6.579804244597344,53
药明康德,海康威视,医药,安防,4.177960301163586,1.070341279760892,0.01640359697078808,0.9442496502651977,1.2132707222485364,0.060555037347571394,1.3254168413795369,1.2497388581495779,0.06975720333557311,0.05480896838779681,1.4188830953843103,1.0805946209148454,53
药明康德,大华股份,医药,安防,4.177960301163586,1.0963929003889148,0.02227081739328929,0.9796541996966524,1.2270425548070303,0.08925596645645673,1.387454891451672,1.27376386650909,0.0815342175131002,0.059627363874140915,1.4188830953843103,1.1286446376338697,53
药明康德,韦尔股份,医药,半导体,4.177960301163586,1.1005660956967278,0.02320080337213981,0.7589566257226904,1.5959353801592704,0.024047545293025996,1.063262055480459,1.0382936420947253,0.01479049950432798,0.009035065544808152,1.4188830953843103,0.6577041888051403,53
药明康德,北方华创,医药,半导体,4.177960301163586,1.1372539121637022,0.03126326457740114,1.5940255582287994,0.8113712192725109,0.07367295349239855,2.2727803571804857,2.1168274284899145,0.21714543267175213,0.19661162857787784,1.4188830953843103,2.814771761595518,53
药明康德,中芯国际,医药,半导体,4.177960301163586,1.1619452469157614,0.03657867428797057,1.6165305187089194,0.8351941031762473,0.10400495129892007,2.2765590243047713,2.0620913172774085,0.21762947673891997,0.1891317792306304,1.4188830953843103,2.705299539170507,53
药明康德,兆易创新,医药,半导体,4.177960301163586,1.1700006291399994,0.03829419710166926,1.6113855542319135,0.8495182723916734,0.10998459060293797,2.303357348824162,2.0751255182497537,0.22104489795728277,0.1909265160384317,1.4188830953843103,2.731367941115197,53
药明康德,科大讯飞,医药,软件,4.177960301163586,1.1291898237051698,0.02950826262156636,0.9106638748983935,1.400153989968667,0.10445909782387797,1.2970787944555846,1.1744018379777272,0.0642376981564512,0.039227712726054076,1.4188830953843103,0.929920580571144,53
药明康德,恒生电子,医药,软件,4.177960301163586,1.0922887798059508,0.02135359476112808,0.7512924652526463,1.5880563610986784,0.010551661143411328,1.0387775363645193,1.027931155136761,0.009147602528427834,0.006615481055200156,1.4188830953843103,0.6369792148892113,53
药明康德,浪潮信息,医药,服务器,4.177960301163586,1.2459993817254107,0.05405266534207542,1.8910118978362744,0.8209966637632037,0.16417734791185734,2.5751521193821567,2.21199297856217,0.25408271759270873,0.20927317303266335,1.4188830953843103,3.0051028617400295,53
药明康德,分众传媒,医药,传媒,4.177960301163586,1.0901388316506597,0.020872059947708133,0.8981052727712233,1.3232331535096,0.06983317612423812,1.273343853775549,1.1902265532543903,0.05954372332804869,0.04256237414142516,1.4188830953843103,0.9615700111244705,53
药明康德,紫金矿业,医药,有色,4.177960301163586,1.1212183134786107,0.027764013571934143,1.7486356907238199,0.7189207638553067,0.021919313543498742,2.4638240183732565,2.410977056329391,0.24088708811824566,0.2344638851760079,1.4188830953843103,3.403071017274472,53
药明康德,中国神华,医药,煤炭,4.177960301163586,1.1200919878387046,0.027516801953808345,1.1605424786519036,1.0810513913095383,0.11909243578573725,1.6590083967007805,1.4824587707412726,0.12881047879276686,0.09881582111603127,1.4188830953843103,1.546034446098235,53
药明康德,陕西煤业,医药,煤炭,4.177960301163586,1.1291032030070576,0.029489359526331915,1.1556064469144463,1.1032077974684233,0.1286569602484715,1.6486375101815094,1.4607073435480034,0.1271174703311142,0.09493518018196978,1.4188830953843103,1.5025315917116964,53
药明康德,长江电力,医药,电力,4.177960301163586,1.1111998477634653,0.025558441441278168,1.0468659366613067,1.1794873234747658,0.10978840798138756,1.4981122232076984,1.3499079756407255,0.10158181549402046,0.074455575220854,1.4188830953843103,1.280932855897141,53
药明康德,万华化学,医药,化工,4.177960301163586,1.1003744270886973,0.02315814933034277,0.8681428962511317,1.3947287768170809,0.06909436275482461,1.2265113523524165,1.147243307122079,0.05008305700794158,0.033424196929511485,1.4188830953843103,0.8756035188598476,53
药明康德,海螺水泥,医药,建材,4.177960301163586,1.0949590620126781,0.02195066867976414,0.7771662210567002,1.542701310221012,0.03368342940935265,1.1029002534745846,1.066961336610361,0.023719795328605908,0.015634446615409248,1.4188830953843103,0.7150395778364116,53
药明康德,宝钢股份,医药,钢铁,4.177960301163586,1.0878859407611512,0.020366692824289823,0.9348629992965692,1.265956424627232,0.07668666176907735,1.3362117016679345,1.2410404522634635,0.0718361556501701,0.053047062449229854,1.4188830953843103,1.0631978091426164,53
药明康德,洛阳钼业,医药,有色,4.177960301163586,1.139654694530483,0.03178392216049608,1.7137792452394283,0.7578647170417299,0.050093614949420884,2.43691588336883,2.3206653660932957,0.2376298190488524,0.22323475546566196,1.4188830953843103,3.222447636802281,53
药明康德,三一重工,医药,机械,4.177960301163586,1.08780561850169,0.02034866029223692,0.9506115360990613,1.2447998143381809,0.07850534038136492,1.3535879068719743,1.2550590675734057,0.07515591679734235,0.05588201106199864,1.4188830953843103,1.0912350397625008,53
药明康德,汇川技术,医药,机械,4.177960301163586,1.0884474002895184,0.020492713507160643,0.8828260848593698,1.3419605101334666,0.05627007338921297,1.204302944186789,1.1401468000722472,0.045500396426327194,0.031890542020848844,1.4188830953843103,0.861410504760184,53
药明康德,中航沈飞,医药,军工,4.177960301163586,1.079903391772551,0.018569619822317973,0.9577779044010317,1.2176010014463259,0.0729055076389713,1.3667870096450678,1.273911821603759,0.07765603561210299,0.059656822376938035,1.4188830953843103,1.1289405478232077,53
药明康德,顺丰控股,医药,交运,4.177960301163586,1.0815295011058441,0.018936515571090773,0.7383883822174848,1.5841338920439987,0.004893054882061154,1.0409191340801935,1.0358506599514319,0.009645185464840722,0.008466302928803016,1.4188830953843103,0.6528182245185533,53
药明康德,京沪高铁,医药,交运,4.177960301163586,1.106972473049662,0.024623242514946186,0.9640681215990466,1.2710596156391947,0.09644142199421601,1.367536429438996,1.2472498776557623,0.07779743568323938,0.05430576802848264,1.4188830953843103,1.0756166599272141,53
药明康德,中国中免,医药,免税,4.177960301163586,1.1063607655312384,0.024487692932291694,0.5033667018332912,2.4316947049712727,-0.17411887308680263,0.7035904610953434,0.8519270366730307,-0.08070300979391187,-0.03763077157393169,1.4188830953843103,0.284970977961751,53
药明康德,上海机场,医药,交运,4.177960301163586,1.1018362783830062,0.023483327849881164,0.6710237920588198,1.8092401472621622,-0.021752571866605286,0.9505893334301305,0.9717268924938153,-0.012055422181739495,-0.006841202401473123,1.4188830953843103,0.5245706896033202,53
药明康德,万科A,医药,地产,4.177960301163586,1.1015115484954632,0.023411122339350943,0.6214682101196372,1.9523568087823815,-0.05683777169962134,0.8824087657541396,0.9355853524205273,-0.02949896638877647,-0.015810382778920884,1.4188830953843103,0.45228760945674423,53
药明康德,中国建筑,医药,建筑,4.177960301163586,1.1030879428661557,0.023761491115581457,0.9235548135387597,1.317521160475897,0.0867916825715751,1.3164942512679942,1.2113584161344473,0.06802908181517098,0.046963195855766804,1.4188830953843103,1.0038337368845842,53
药明康德,保利发展,医药,地产,4.177960301163586,1.1111007523898107,0.02553655011663869,0.668938301285818,1.8455287723668823,-0.018372469146603176,0.9484721380296359,0.9662240597562126,-0.012582536100053665,-0.008190270732582272,1.4188830953843103,0.513565024128115,53
药明康德,牧原股份,医药,养殖,4.177960301163586,1.117222806889449,0.02688620422628052,0.812135998626269,1.536918450044391,0.05933151602624531,1.1405222044858878,1.0766433238616409,0.03197185381554846,0.017832789683374317,1.4188830953843103,0.7344035523389715,53
药明康德,中国移动,医药,通信,4.177960301163586,1.1292643001482743,0.029524514613767483,1.3190609826091808,0.9667770303287081,0.11624416585635267,1.8664784044949545,1.6721058542447496,0.1611001607279985,0.13093712480563613,1.4188830953843103,1.9253286131051888,53
药明康德,中兴通讯,医药,通信,4.177960301163586,1.1210765585896287,0.02773291088955987,1.1021986688369136,1.140277779091683,0.12083631890948698,1.5574593705376019,1.3895511273697174,0.11187299671525608,0.08192510146383025,1.4188830953843103,1.3602191593551247,53
爱尔眼科,片仔癀,医药,中药,4.177960301163586,1.0293513110342227,0.006948173712955752,1.0888953045753962,0.9730633579516073,0.02754174932605591,0.3802229788872832,0.3700316596738418,-0.20661925051345942,-0.21176187046690098,0.3480685625032621,0.3919947568444214,53
爱尔眼科,云南白药,医药,中药,4.177960301163586,1.0425969996799975,0.010034480239837773,1.7412674469158613,0.6242628067658681,-0.08679752388243633,0.6143978540481801,0.672794774561128,-0.11005089643143462,-0.09049835617437652,0.3480685625032621,0.997520986618994,53
爱尔眼科,同仁堂,医药,中药,4.177960301163586,1.0392034987400323,0.00924663357181088,1.2986557286524778,0.8315859915499735,0.01269503441464348,0.45452217685962115,0.4488243364621052,-0.1719903819057027,-0.17448674202306347,0.3480685625032621,0.5495801104209482,53
爱尔眼科,美的集团,医药,家电,4.177960301163586,1.048084828674714,0.011304435420379289,2.214767169919662,0.49598071662672816,-0.1956660894712552,0.780269540732667,0.9700816172474207,-0.057657835653771916,-0.007243945935225593,0.3480685625032621,1.5920946719915792,53
爱尔眼科,格力电器,医药,家电,4.177960301163586,1.041843361197562,0.0098596816537595,2.0303205434730835,0.5346139025981951,-0.161522408726416,0.7182801765308994,0.8566480297223997,-0.07614511099361587,-0.03635698967770551,0.3480685625032621,1.3652274969415372,53
爱尔眼科,海尔智家,医药,家电,4.177960301163586,1.044225768096027,0.010411928025932493,1.7299517484127538,0.630310906507188,-0.07622252064436175,0.6024130838349521,0.6521192573942729,-0.11423717427887925,-0.09726778226552302,0.3480685625032621,0.9561699522852838,53
爱尔眼科,苏泊尔,医药,家电,4.177960301163586,1.0415618184851794,0.009794356080979005,1.7096584620211095,0.6345425392412435,-0.07637225946347215,0.5978072890078311,0.6472383437298772,-0.115862835405798,-0.09888962480914987,0.3480685625032621,0.9464081249564923,53
爱尔眼科,比亚迪,医药,汽车,4.177960301163586,1.0529901104425816,0.012435307578213317,1.5720806273706742,0.7052998131173102,-0.02585111811382179,0.5465890080159962,0.5610939130348054,-0.13461610567173454,-0.1291740781842794,0.3480685625032621,0.7741192635663485,53
爱尔眼科,长城汽车,医药,汽车,4.177960301163586,1.0512361194934317,0.012031400612324772,1.2302173268373189,0.8982944353162603,0.03743734860454784,0.4306979413617483,0.41515561584617916,-0.1825921517567476,-0.18975136580155993,0.3480685625032621,0.4822426691890962,53
爱尔眼科,上汽集团,医药,汽车,4.177960301163586,1.0430541481508886,0.01014046423353343,1.5427627246666775,0.7052036833530808,-0.0474703173138501,0.5613826426587699,0.5893597363555761,-0.1290668428649845,-0.11886941199188483,0.3480685625032621,0.8306509102078902,53
爱尔眼科,长安汽车,医药,汽车,4.177960301163586,1.0603799397432656,0.014131429736859769,1.255375511993339,0.8956727336703838,0.042847971252660155,0.4435727428889402,0.4253474668566737,-0.17680903033668205,-0.185034210416532,0.3480685625032621,0.5026263712100852,53
爱尔眼科,赛力斯,医药,汽车,4.177960301163586,1.2077132579573167,0.04620826278996182,1.6389436736582779,0.8899459675695911,0.1579256983442512,0.5632407104874989,0.4864221523823954,-0.12837775099571025,-0.15843773375431225,0.3480685625032621,0.6247757422615287,53
爱尔眼科,宁德时代,医药,电池,4.177960301163586,1.0572381550581376,0.013411425896307616,1.9602012274743168,0.5702233530130669,-0.11153226931473392,0.6753417675501174,0.7601196354416082,-0.08967543172972103,-0.06354061427565061,0.3480685625032621,1.1721707083799544,53
爱尔眼科,隆基绿能,医药,光伏,4.177960301163586,1.0407357206397316,0.00960260133853108,0.775073533379605,1.3974555878493922,-0.0030059975479886925,0.2696643582843865,0.27047741272382064,-0.26925322419708275,-0.26872647817600126,0.3480685625032621,0.1928862629443792,53
爱尔眼科,通威股份,医药,光伏,4.177960301163586,1.049828553644989,0.011706897099067914,0.8962658065410098,1.2297021530943562,0.03814654293596442,0.31449339512740887,0.30293738130456566,-0.24185426886993677,-0.24861734951191228,0.3480685625032621,0.2578062001058692,53
爱尔眼科,阳光电源,医药,光伏,4.177960301163586,1.141274710204074,0.03213478366344513,2.104723986888433,0.6188497742532908,-0.04126480645320818,0.7294289321306938,0.7608241952944366,-0.07273299418308576,-0.06333292812571023,0.3480685625032621,1.1735798280856111,53
爱尔眼科,晶澳科技,医药,光伏,4.177960301163586,1.0584836645552316,0.013697054177953083,0.663577474961193,1.6884052132658571,-0.04221970442227796,0.23380677638889474,0.24411316193121846,-0.2937878913798365,-0.2864585767907768,0.3480685625032621,0.1401577613591748,53
爱尔眼科,亿纬锂能,医药,电池,4.177960301163586,1.0624973332354901,0.01461575870354448,1.2675381943836785,0.8906245098842477,0.04718482585844486,0.4387512440143166,0.41898166701818274,-0.17895961564889495,-0.18797031146735732,0.3480685625032621,0.4898947715331034,53
爱尔眼科,立讯精密,医药,电子,4.177960301163586,1.113106261339273,0.02597930165355078,2.337905613513287,0.5299638881360906,-0.15073869057236766,0.8368837975406724,0.9854255554214499,-0.04172576891578783,-0.0035079148539605143,0.3480685625032621,1.6227825483396379,53
爱尔眼科,京东方A,医药,电子,4.177960301163586,1.0843266291613267,0.019566645420050044,2.1562385633899064,0.5452848579332988,-0.12708175199417426,0.7469702080639361,0.8557161106098803,-0.06744386712647488,-0.036608009159431854,0.3480685625032621,1.3633636587164986,53
爱尔眼科,工业富联,医药,电子,4.177960301163586,1.175662753511155,0.03949466794648204,5.0065719420909796,0.27607371390655905,-0.4862577023803004,1.7795706467684516,3.4639364035503033,0.1479243354947335,0.34631514023099474,0.3480685625032621,6.579804244597344,53
爱尔眼科,海康威视,医药,安防,4.177960301163586,1.0309958790707767,0.00733300228347189,1.8184112179029677,0.5845501238640312,-0.1148414036033999,0.6322967490789353,0.7143315917090538,-0.10391299088200556,-0.07736325050606285,0.3480685625032621,1.0805946209148454,53
爱尔眼科,大华股份,医药,安防,4.177960301163586,1.0592385533617232,0.013870045746528392,1.892217194148661,0.5929479535422126,-0.10080789773575005,0.6639244234363378,0.738356600068566,-0.09338296250512623,-0.07002913732752092,0.3480685625032621,1.1286446376338697,53
爱尔眼科,韦尔股份,医药,半导体,4.177960301163586,1.0620187803143308,0.014506359584445905,1.4642109108419328,0.7703015196709584,0.010443285271778624,0.5081381615344489,0.5028863756542012,-0.14959387283171477,-0.1517059093895159,0.3480685625032621,0.6577041888051403,53
爱尔眼科,北方华创,医药,半导体,4.177960301163586,1.0911451595008013,0.021097542152441306,3.0576726345785583,0.38938038874332614,-0.31697574967124653,1.0801483206385605,1.5814201620493902,0.018624909494799446,0.11594351372412603,0.3480685625032621,2.814771761595518,53
爱尔眼科,中芯国际,医药,半导体,4.177960301163586,1.1414631921010245,0.03217558029244194,3.1749052653705654,0.41038648716007764,-0.2744723162650563,1.107651543198766,1.5266840508368846,0.024773652411434144,0.10657433236282543,0.3480685625032621,2.705299539170507,53
爱尔眼科,兆易创新,医药,半导体,4.177960301163586,1.171619874123836,0.03863795613088139,3.226047188625411,0.4255031154788672,-0.25795152025668333,1.1425455879880762,1.5397182518092296,0.03240976413408081,0.10882829183704112,0.3480685625032621,2.731367941115197,53
爱尔眼科,科大讯飞,医药,软件,4.177960301163586,1.0936344151665318,0.02165461683778913,1.76333138206169,0.6782821687425731,-0.026197699516141815,0.6222543837596256,0.6389945715372031,-0.1073402027748751,-0.10165013855660165,0.3480685625032621,0.929920580571144,53
爱尔眼科,恒生电子,医药,软件,4.177960301163586,1.0690368473942797,0.01610697550950535,1.4700592883981871,0.7774106732334362,0.022159418759728267,0.5034379317950264,0.4925238886962367,-0.1514833115691292,-0.15592295185311367,0.3480685625032621,0.6369792148892113,53
爱尔眼科,浪潮信息,医药,服务器,4.177960301163586,1.2321393879038331,0.051234355822494804,3.7385818261390065,0.40608111359485993,-0.2479960015296374,1.260799159293758,1.6765857121216459,0.057035867259613626,0.1316616150870087,0.3480685625032621,3.0051028617400295,53
爱尔眼科,分众传媒,医药,传媒,4.177960301163586,1.036555999655946,0.008630621188356447,1.7072959928925038,0.6293275125670537,-0.08417593263815848,0.5996992626368552,0.6548192868138663,-0.11519389548049008,-0.0963745727421913,0.3480685625032621,0.9615700111244705,53
爱尔眼科,紫金矿业,医药,有色,4.177960301163586,1.0954078843344532,0.02205091639789547,3.4155105658516627,0.3513145135778204,-0.36435847260140275,1.1921900459876256,1.875569789888867,0.042973774908995566,0.16245132915749183,0.3480685625032621,3.403071017274472,53
爱尔眼科,中国神华,医药,煤炭,4.177960301163586,1.0617667332879008,0.014448725546237107,2.1994144792509873,0.512567597672986,-0.1774501222885717,0.7789970990490049,0.9470515043007486,-0.05802588587417601,-0.012936730413132591,0.3480685625032621,1.546034446098235,53
爱尔眼科,陕西煤业,医药,煤炭,4.177960301163586,1.0779183223263387,0.01812116257161378,2.205630637412568,0.5267916984368092,-0.15744530174236737,0.7796159272650565,0.9253000771074793,-0.05784683445975791,-0.018410966023571285,0.3480685625032621,1.5025315917116964,53
爱尔眼科,长江电力,医药,电力,4.177960301163586,1.0566261681406912,0.013270987315995963,1.9901731955805044,0.5609857783628853,-0.13363989584483726,0.7056509192571404,0.8145007092002015,-0.08005935613725801,-0.04792368418517767,0.3480685625032621,1.280932855897141,53
爱尔眼科,万华化学,医药,化工,4.177960301163586,1.049633923612229,0.011662000597543187,1.6556144209748023,0.6654516653393964,-0.0529005531615212,0.5794695756853456,0.6118360406815548,-0.12243137401297433,-0.11094048359984421,0.3480685625032621,0.8756035188598476,53
爱尔眼科,海螺水泥,医药,建材,4.177960301163586,1.0406005347359548,0.009571210815212172,1.476626620565674,0.7333265280548249,-0.023312157238160047,0.5191623981054537,0.5315540701698369,-0.14521385616723037,-0.14037420311367976,0.3480685625032621,0.7150395778364116,53
爱尔眼科,宝钢股份,医药,钢铁,4.177960301163586,1.0389447275401569,0.009186476114244613,1.7849566187371004,0.604724022731262,-0.1041885742349995,0.6321142702591467,0.7056331858229392,-0.10397489578687236,-0.08006488967128633,0.3480685625032621,1.0631978091426164,53
爱尔眼科,洛阳钼业,医药,有色,4.177960301163586,1.1270299038697813,0.029036577271328134,3.3883452034779533,0.3748721951095597,-0.33136209718431786,1.1936912317365393,1.7852580996527716,0.043287963305592925,0.14880138541432242,0.3480685625032621,3.222447636802281,53
爱尔眼科,三一重工,医药,机械,4.177960301163586,1.0529645103475755,0.012429416100031787,1.8396539255732287,0.6026863230300408,-0.0981762784374054,0.6489990655268794,0.7196518011328814,-0.098303498334388,-0.07572315645424565,0.3480685625032621,1.0912350397625008,53
爱尔眼科,汇川技术,医药,机械,4.177960301163586,1.0425184837981207,0.010016273785669716,1.69052691319673,0.642902979288005,-0.0556077543085145,0.5711113262248846,0.6047395336317231,-0.12547784933328965,-0.11341962201234013,0.3480685625032621,0.861410504760184,53
爱尔眼科,中航沈飞,医药,军工,4.177960301163586,1.0580989960402276,0.013608866807892861,1.8761900391595707,0.5967271236142179,-0.10175759480998492,0.6633561078736063,0.738504555163235,-0.09356877371280381,-0.06998453724110965,0.3480685625032621,1.1289405478232077,53
爱尔眼科,顺丰控股,医药,交运,4.177960301163586,1.029663385844667,0.0070212350864808926,1.4054401930983402,0.7543591633108504,-0.019220784941243352,0.49082447866896856,0.5004433935109077,-0.1566209581727086,-0.15269409039662096,0.3480685625032621,0.6528182245185533,53
爱尔眼科,京沪高铁,医药,交运,4.177960301163586,1.0480983914160618,0.011307567743171099,1.8249189061176878,0.6019501657889524,-0.09905328305914052,0.6413322635529773,0.7118426112152381,-0.1008645992346403,-0.07813373586819006,0.3480685625032621,1.0756166599272141,53
爱尔眼科,中国中免,医药,免税,4.177960301163586,1.0485938081552002,0.011421963393252188,0.9538182350178195,1.1527866989048312,0.043386475408899505,0.3302524474601297,0.31651977023250655,-0.23292963992705962,-0.24068790206796853,0.3480685625032621,0.284970977961751,53
爱尔眼科,上海机场,医药,交运,4.177960301163586,1.0395432567602787,0.009325601023407737,1.2657094772791975,0.8537900695811814,0.01809186526425255,0.44421346193999633,0.43631962605329117,-0.17652458381505265,-0.18005104246658932,0.3480685625032621,0.5245706896033202,53
爱尔眼科,万科A,医药,地产,4.177960301163586,1.0329743095371307,0.00779533635304408,1.1651718909520374,0.9157755456080041,0.024236041645514073,0.4098768187374366,0.40017808598000315,-0.1922292952322211,-0.1968459886715629,0.3480685625032621,0.45228760945674423,53
爱尔眼科,中国建筑,医药,建筑,4.177960301163586,1.044802222922755,0.010545407309610066,1.7488688465418005,0.6241815600883247,-0.08624996500130921,0.6176503866902276,0.6759511496939232,-0.10892551365344072,-0.08947889257599229,0.3480685625032621,1.0038337368845842,53
爱尔眼科,保利发展,医药,地产,4.177960301163586,1.0381353647434177,0.008998247077156574,1.2495603099044863,0.8624834087546587,0.018848367887893236,0.43893698672838516,0.43081679331568856,-0.1788764347281523,-0.1825381680813547,0.3480685625032621,0.513565024128115,53
爱尔眼科,牧原股份,医药,养殖,4.177960301163586,1.0464448349770052,0.010925450471373832,1.5208133717057344,0.7200402186244946,-0.022471429978282775,0.5290737092550564,0.5412360574211168,-0.14133600301744664,-0.1366522134364534,0.3480685625032621,0.7344035523389715,53
爱尔眼科,中国移动,医药,通信,4.177960301163586,1.065709384539804,0.015349078114030412,2.4887351437926086,0.4563508877708248,-0.23248084210126274,0.872437942896183,1.1366985878042255,-0.03213510158857413,0.03114271236265087,0.3480685625032621,1.9253286131051888,53
爱尔眼科,中兴通讯,医药,通信,4.177960301163586,1.0857984085912538,0.019897707808393506,2.1342457551346885,0.552400388410236,-0.12529404452799453,0.7471247219846179,0.8541438609291934,-0.0673976991498586,-0.037031978284333356,0.3480685625032621,1.3602191593551247,53
片仔癀,云南白药,中药,中药,4.177960301163586,1.021719431400628,0.005156169808156585,1.6130883700432654,0.6471502838208568,-0.08034998595533227,0.6389340864957085,0.6947578717317078,-0.10167049245703152,-0.08347852455241578,0.3919947568444214,0.997520986618994,53
片仔癀,同仁堂,中药,中药,4.177960301163586,1.0289740125587856,0.006859820003210171,1.2155570284756119,0.8710307239546932,0.01446329598098317,0.47759657162944186,0.4707874336326848,-0.16211792652931045,-0.1649927940675583,0.3919947568444214,0.5495801104209482,53
片仔癀,美的集团,中药,家电,4.177960301163586,1.0297173086155584,0.007033857505726937,2.056966186256998,0.515476502602067,-0.17997277254628363,0.8135036766743066,0.9920447144180002,-0.04820276346843111,-0.001909895601728273,0.3919947568444214,1.5920946719915792,53
片仔癀,格力电器,中药,家电,4.177960301163586,1.029234026470296,0.006920711289105652,1.8960675812229886,0.558694580158889,-0.14296910909104676,0.7529968768436094,0.8786111268929793,-0.06564848737440421,-0.03050032034104344,0.3919947568444214,1.3652274969415372,53
片仔癀,海尔智家,中药,家电,4.177960301163586,1.0300005873211342,0.0071001600577476065,1.613074973564741,0.6576887170578263,-0.06452148413213898,0.6305895606210417,0.6740823545648527,-0.10449267690730579,-0.09008204800943898,0.3919947568444214,0.9561699522852838,53
片仔癀,苏泊尔,中药,家电,4.177960301163586,1.023964629212007,0.005684407692333915,1.5888641314989784,0.6599076290356531,-0.06801728561174236,0.623684175362941,0.6692014409004569,-0.10684969345648532,-0.09166338900128501,0.3919947568444214,0.9464081249564923,53
片仔癀,比亚迪,中药,汽车,4.177960301163586,1.050456080686718,0.011851609503348293,1.4825382935106761,0.744303187500603,-0.0075355814282730416,0.5786633366276568,0.5830570102053849,-0.12272377572583593,-0.12113404521464965,0.3919947568444214,0.7741192635663485,53
片仔癀,长城汽车,中药,汽车,4.177960301163586,1.035065837352289,0.00828336800757934,1.145056817405591,0.9356402855896957,0.029539471353022595,0.4500309687177874,0.4371187130167588,-0.17395608404936513,-0.17969186463513254,0.3919947568444214,0.4822426691890962,53
片仔癀,上汽集团,中药,汽车,4.177960301163586,1.027443264084557,0.006501104626530418,1.4365727651915752,0.7348320158164443,-0.040181545485975856,0.5867589372842089,0.6113228335261558,-0.11980166218445498,-0.111119034796749,0.3919947568444214,0.8306509102078902,53
片仔癀,长安汽车,中药,汽车,4.177960301163586,1.0471847257380726,0.01109648718131484,1.171960422153157,0.9356935857991069,0.039218260281603134,0.4648533061539849,0.44731056402725333,-0.16752413337228844,-0.17515401228793515,0.3919947568444214,0.5026263712100852,53
片仔癀,赛力斯,中药,汽车,4.177960301163586,1.194781822279843,0.04351602836771051,1.5327322582012681,0.9313457032121081,0.16319780415304552,0.5913526059438187,0.508385249552975,-0.11815718797219166,-0.14949491466417486,0.3919947568444214,0.6247757422615287,53
片仔癀,宁德时代,中药,电池,4.177960301163586,1.0462013715401806,0.010869150177323927,1.833667597123024,0.5969115184943307,-0.09314563396404374,0.709235140670694,0.782082732612188,-0.0789431018553971,-0.05713416293335194,0.3919947568444214,1.1721707083799544,53
片仔癀,隆基绿能,中药,光伏,4.177960301163586,1.051841374404958,0.012170835884643516,0.7405087474231287,1.494067802386037,-0.010977135855867903,0.28923035068753017,0.2924405098944003,-0.25689865377273224,-0.2549328452242652,0.3919947568444214,0.1928862629443792,53
片仔癀,通威股份,中药,光伏,4.177960301163586,1.0405253305172604,0.009553746854529921,0.839747271272041,1.2893081055303715,0.01810892056925928,0.33078407543276606,0.3249004784751453,-0.2326342695395528,-0.23592350723204514,0.3919947568444214,0.2578062001058692,53
片仔癀,阳光电源,中药,光伏,4.177960301163586,1.13469219811273,0.030706782935920662,1.9781559312099868,0.6508720390259389,-0.016797370283324176,0.7696385244604007,0.7827872924650163,-0.06074697252468775,-0.05693092627789509,0.3919947568444214,1.1735798280856111,53
片仔癀,晶澳科技,中药,光伏,4.177960301163586,1.072576469751095,0.016911229458748567,0.6356429544926426,1.8098529612146244,-0.05509486919885409,0.2514168224096641,0.2660762591017981,-0.2814059166088536,-0.27159234653290665,0.3919947568444214,0.1401577613591748,53
片仔癀,亿纬锂能,中药,电池,4.177960301163586,1.0679562325662748,0.01586104047497927,1.204381726406774,0.9469842406857828,0.061395923306842404,0.46801697511344936,0.4409447641887624,-0.1661715583805301,-0.17797899882369506,0.3919947568444214,0.4898947715331034,53
片仔癀,立讯精密,中药,电子,4.177960301163586,1.1119924143114759,0.025733475229739122,2.2078505348524278,0.5600592567145466,-0.11934673036797683,0.8871601106953693,1.0073886525920297,-0.028250746901230084,0.0017635350500453395,0.3919947568444214,1.6227825483396379,53
片仔癀,京东方A,中药,电子,4.177960301163586,1.0764699869666443,0.017793565141155154,2.02356010319363,0.5726479935096278,-0.1033441374441727,0.7869762070997036,0.87767920778046,-0.05572546039889703,-0.03074654987817993,0.3919947568444214,1.3633636587164986,53
片仔癀,工业富联,中药,电子,4.177960301163586,1.166996572029145,0.037655488547743365,4.697910935047947,0.28989076590782065,-0.46226491241709144,1.8744904733253611,3.485899500720883,0.1622911812920096,0.3483534089528828,0.3919947568444214,6.579804244597344,53
片仔癀,海康威视,中药,安防,4.177960301163586,1.0302873781612234,0.007167270511396762,1.7177938708709446,0.6179391483450439,-0.0892858995656236,0.6705539552376243,0.7362946888796333,-0.09122431880466708,-0.07065139547938715,0.3919947568444214,1.0805946209148454,53
片仔癀,大华股份,中药,安防,4.177960301163586,1.0658991645934315,0.015392352750976057,1.7999930313071817,0.6311919042574806,-0.0675112101948957,0.708989594343514,0.7603196972391455,-0.07901943664978961,-0.06348162631466125,0.3919947568444214,1.1286446376338697,53
片仔癀,韦尔股份,中药,半导体,4.177960301163586,1.076628671216795,0.017829474110727883,1.4031848276055952,0.8260702887330874,0.0415852935583223,0.54667549222613,0.5248494728247808,-0.13458333432447367,-0.142981942837909,0.3919947568444214,0.6577041888051403,53
片仔癀,北方华创,中药,半导体,4.177960301163586,1.094928648772058,0.021943874531393792,2.900492669236208,0.4133327963961051,-0.2826370773128597,1.1502077010216702,1.6033832592199697,0.03406270786180099,0.11963365334581444,0.3919947568444214,2.814771761595518,53
片仔癀,中芯国际,中药,半导体,4.177960301163586,1.167174221788372,0.037693294377905806,3.0688950979470735,0.4439042784220923,-0.2238758742929876,1.2019424137759513,1.5486471480074642,0.045009536307125675,0.11036397229393224,0.3919947568444214,2.705299539170507,53
片仔癀,兆易创新,中药,半导体,4.177960301163586,1.1907156736508357,0.04266490533439882,3.099342367148928,0.45745311344289963,-0.2109790105967101,1.2321993631047135,1.5616813489798091,0.0512466030861527,0.11259367740890314,0.3919947568444214,2.731367941115197,53
片仔癀,科大讯飞,中药,软件,4.177960301163586,1.0977429324734616,0.02257196280114404,1.6731694061216684,0.7202137102116051,0.002798854455482669,0.6628075930237309,0.6609576687077827,-0.09374822593036314,-0.09435428166117477,0.3919947568444214,0.929920580571144,53
片仔癀,恒生电子,中药,软件,4.177960301163586,1.0915800941215101,0.021194946544955018,1.4189767515607647,0.8397227795111619,0.060393589621341004,0.5455587017567776,0.5144869858668164,-0.13500682196605585,-0.14706271043531716,0.3919947568444214,0.6369792148892113,53
片仔癀,浪潮信息,中药,服务器,4.177960301163586,1.212515337186744,0.04720243953833503,3.4778575297370815,0.4227296346507406,-0.22473586359949538,1.3168239757700426,1.6985488092922254,0.06809310092911347,0.13519236951724234,0.3919947568444214,3.0051028617400295,53
片仔癀,分众传媒,中药,传媒,4.177960301163586,1.021068513944572,0.005002860418688915,1.5898217440527254,0.6557847847213747,-0.07371645569122276,0.6268923853628565,0.676782383984446,-0.10575217864113473,-0.08921101841093182,0.3919947568444214,0.9615700111244705,53
片仔癀,紫金矿业,中药,有色,4.177960301163586,1.072612949992554,0.016919507785331023,3.1615518128240603,0.36390311106875234,-0.3471259756839541,1.2388499322465458,1.8975328870594466,0.05260188156704371,0.1656950655990348,0.3919947568444214,3.403071017274472,53
片仔癀,中国神华,中药,煤炭,4.177960301163586,1.0408857350034542,0.0096374314390828,2.0382550137011872,0.5315542491252353,-0.16369348039789422,0.810393228800108,0.9690146014713281,-0.04907508388999704,-0.007505416351108574,0.3919947568444214,1.546034446098235,53
片仔癀,陕西煤业,中药,煤炭,4.177960301163586,1.0554357274096764,0.01299762799403048,2.0415321327110445,0.5456414605698782,-0.14484513480594463,0.8100567121030464,0.9472631742780588,-0.04916961207763704,-0.012883930958857204,0.3919947568444214,1.5025315917116964,53
片仔癀,长江电力,中药,电力,4.177960301163586,1.034328999447852,0.008111521823057188,1.8416441111196522,0.5809138001415338,-0.12367612476957801,0.7330132042888323,0.8364638063707812,-0.07164444403261316,-0.04184089756501552,0.3919947568444214,1.280932855897141,53
片仔癀,万华化学,中药,化工,4.177960301163586,1.031538482953018,0.007459869032181432,1.5380989427683927,0.6918096178506004,-0.04648209136076897,0.604338828422115,0.6337991378521345,-0.11356026559080168,-0.103403829849676,0.3919947568444214,0.8756035188598476,53
片仔癀,海螺水泥,中药,建材,4.177960301163586,1.0206660948198494,0.004908042193050299,1.3691399223133096,0.760885911028463,-0.023734695773231507,0.5403796057683308,0.5535171673404164,-0.13697940276798182,-0.1320032325902707,0.3919947568444214,0.7150395778364116,53
片仔癀,宝钢股份,中药,钢铁,4.177960301163586,1.0236385423405767,0.005607742474581512,1.6624911754036613,0.6302805577964773,-0.09166610444013945,0.6609003661263778,0.727596282993519,-0.09437307521406657,-0.0732911458691139,0.3919947568444214,1.0631978091426164,53
片仔癀,洛阳钼业,中药,有色,4.177960301163586,1.1083259793105418,0.024922966488248655,3.149903292424154,0.3899759333466107,-0.3107034699462622,1.2457113000098992,1.8072211968233511,0.053994329689318166,0.15216844673374053,0.3919947568444214,3.222447636802281,53
片仔癀,三一重工,中药,机械,4.177960301163586,1.038693444019646,0.009128048435769864,1.7154864226199322,0.6289085453685468,-0.08392568182938298,0.6793743623085147,0.7416148983034612,-0.08837732926041697,-0.0690485143045142,0.3919947568444214,1.0912350397625008,53
片仔癀,汇川技术,中药,机械,4.177960301163586,1.0506944562319491,0.01190656344385932,1.610616941997781,0.6854260697066926,-0.02522619725911357,0.6108933066148784,0.6267026308023027,-0.11126856025586751,-0.10581697383772892,0.3919947568444214,0.861410504760184,53
片仔癀,中航沈飞,中药,军工,4.177960301163586,1.0430757206256365,0.01014546466129973,1.7484123162025482,0.6222828270403515,-0.08747678342780363,0.6939443882067592,0.7604676523338145,-0.08373549732538144,-0.06343800954113021,0.3919947568444214,1.1289405478232077,53
片仔癀,顺丰控股,中药,交运,4.177960301163586,1.0235989656885862,0.00559843647330216,1.3207616037187364,0.7932959586413512,-0.008808560565360057,0.5178048414685823,0.5224064906814874,-0.14574938178477403,-0.1439384350385241,0.3919947568444214,0.6528182245185533,53
片仔癀,京沪高铁,中药,交运,4.177960301163586,1.0299109445116952,0.007079180287955289,1.6951911882879342,0.6257208985944808,-0.08862668594332002,0.6687709403252925,0.7338057083858178,-0.09180328511891911,-0.0714043058340258,0.3919947568444214,1.0756166599272141,53
片仔癀,中国中免,中药,免税,4.177960301163586,1.0447802003296198,0.01054030896282332,0.8983814225328434,1.215035885229355,0.031678171941311284,0.34920538587586925,0.3384828674030862,-0.22261554412317952,-0.22839679780992528,0.3919947568444214,0.284970977961751,53
片仔癀,上海机场,中药,交运,4.177960301163586,1.0285495303493706,0.006760387599669793,1.183843171655766,0.8936269277139754,0.01774599244324948,0.46641540496707345,0.4582827232238708,-0.1668554113718833,-0.17035580699551744,0.3919947568444214,0.5245706896033202,53
片仔癀,万科A,中药,地产,4.177960301163586,1.0242612908568103,0.005754138710233114,1.0921662084850696,0.9605783293761384,0.021673717286418093,0.43129055180914255,0.4221411831505828,-0.1823230950268222,-0.18650883674776775,0.3919947568444214,0.45228760945674423,53
片仔癀,中国建筑,中药,建筑,4.177960301163586,1.0297764991572673,0.007047712443215337,1.6294597113276144,0.6507921802820129,-0.07436564348553121,0.6460134047987042,0.6979142468645028,-0.09929811037558178,-0.08248361312026986,0.3919947568444214,1.0038337368845842,53
片仔癀,保利发展,中药,地产,4.177960301163586,1.0260755229330962,0.006180244310435734,1.1675085262176697,0.9017758372808127,0.016805041287142775,0.460388875239878,0.4527798904862682,-0.16944479082544073,-0.17275118039949466,0.3919947568444214,0.513565024128115,53
片仔癀,牧原股份,中药,养殖,4.177960301163586,1.039290776098206,0.009266920678850266,1.4278222764775175,0.7564844274229385,-0.009885146505673847,0.5576318484366859,0.5631991545916964,-0.130463183212834,-0.12839314369539578,0.3919947568444214,0.7344035523389715,53
片仔癀,中国移动,中药,通信,4.177960301163586,1.0524968745149734,0.012321777544192836,2.323476060477845,0.47676397003030385,-0.21084913298156538,0.9143588732789077,1.158661684974805,-0.021201647109432065,0.03587679116608666,0.3919947568444214,1.9253286131051888,53
片仔癀,中兴通讯,中药,通信,4.177960301163586,1.0827337668649497,0.01920796126037616,2.0118444700620084,0.5827052872896434,-0.09757629176392124,0.7906196899398281,0.8761069580997731,-0.054680918672653456,-0.031162417250283347,0.3919947568444214,1.3602191593551247,53
云南白药,同仁堂,中药,中药,4.177960301163586,1.015062257858499,0.003584698482761217,0.7595163116471858,1.356588886279795,-0.028384290243837706,0.7515938652325005,0.7735505485199712,-0.06606547393508044,-0.05960647292130927,0.997520986618994,0.5495801104209482,53
云南白药,美的集团,中药,家电,4.177960301163586,1.0140273001251243,0.0033396860433232423,1.283016613626225,0.801432619405351,-0.013061033559016,1.2778963007942536,1.2948078293052867,0.06044917252848725,0.06379141773885655,0.997520986618994,1.5920946719915792,53
云南白药,格力电器,中药,家电,4.177960301163586,1.009514043722407,0.0022690040533315248,1.1779464159913222,0.8651655038273607,-0.0027825548558855218,1.1780870031471817,1.1813742417802655,0.040007307632417,0.04070115760263526,0.997520986618994,1.3652274969415372,53
云南白药,海尔智家,中药,家电,4.177960301163586,1.0209889795411458,0.004984122730890217,1.0127718655183944,1.029272763033263,0.02084768860549202,0.9972104396149627,0.9768454694521389,-0.0006683942853468183,-0.005591544428334427,0.997520986618994,0.9561699522852838,53
云南白药,苏泊尔,中药,家电,4.177960301163586,1.013083315441778,0.003116044334296131,0.9956815548872576,1.030789210655528,0.012773829738956355,0.9843802655356761,0.9719645557877432,-0.003761018121960724,-0.0067830681772618195,0.997520986618994,0.9464081249564923,53
云南白药,比亚迪,中药,汽车,4.177960301163586,1.0367554854865175,0.008677078635156432,0.9267825656099261,1.1597778989066394,0.028590015405209446,0.9111457361153152,0.8858201250926713,-0.02202601818373029,-0.028602256883179855,0.997520986618994,0.7741192635663485,53
云南白药,长城汽车,中药,汽车,4.177960301163586,1.0262959727854932,0.0062319819341369875,0.7191263124730538,1.464670956251777,-0.037906888332823185,0.7118352100742014,0.7398818279040451,-0.07813603000878178,-0.06956969323185758,0.997520986618994,0.4822426691890962,53
云南白药,上汽集团,中药,汽车,4.177960301163586,1.0119166039589031,0.0028394167499483647,0.8961650332165518,1.1426190215126186,0.008144234985168586,0.9215304791739618,0.914085948413442,-0.019369597780607206,-0.021271583731132804,0.997520986618994,0.8306509102078902,53
云南白药,长安汽车,中药,汽车,4.177960301163586,1.04135652928861,0.009746714931497591,0.7381805261238589,1.4690490777185103,-0.01694099177075503,0.7373666868925886,0.7500736789145397,-0.07032771514619718,-0.06651795463997656,0.997520986618994,0.5026263712100852,53
云南白药,赛力斯,中药,汽车,4.177960301163586,1.173797606966184,0.0390997104481654,0.9537716383527056,1.4445814561011598,0.14279135511231433,0.9269733385958235,0.8111483644402613,-0.017986397170303037,-0.048863073458955686,0.997520986618994,0.6247757422615287,53
云南白药,宁德时代,中药,电池,4.177960301163586,1.040974225603704,0.009657975257934215,1.155629966858891,0.9376940451939217,0.03789061049398179,1.1259513189530903,1.0848458474994742,0.028800777413336087,0.01968347750672872,0.997520986618994,1.1721707083799544,53
云南白药,隆基绿能,中药,光伏,4.177960301163586,1.053534439772798,0.012560551036384648,0.46978827487923785,2.3626277519861456,-0.22350766797841914,0.46217105063442987,0.5952036247816866,-0.16867638364914062,-0.11678604379016888,0.997520986618994,0.1928862629443792,53
云南白药,通威股份,中药,光伏,4.177960301163586,1.0408266706611582,0.009623718428136252,0.532044366907298,2.0361462797863736,-0.15905863569475387,0.5278282785269365,0.6276635933624316,-0.141820232823067,-0.10548898886474878,0.997520986618994,0.2578062001058692,53
云南白药,阳光电源,中药,光伏,4.177960301163586,1.1166567403431995,0.026761646861223065,1.233035664848515,1.0112621323950843,0.1131568723355807,1.2083878962109047,1.0855504073523026,0.04634811480218226,0.019841946277821876,0.997520986618994,1.1735798280856111,53
云南白药,晶澳科技,中药,光伏,4.177960301163586,1.0848024347589669,0.019673710604179773,0.4072012632957668,2.8899623565367665,-0.28693186748765775,0.40562123010988627,0.5688393739890845,-0.19424465276348502,-0.12631180515763052,0.997520986618994,0.1401577613591748,53
云南白药,亿纬锂能,中药,电池,4.177960301163586,1.0712667298400502,0.016613873035929316,0.7652120725671703,1.499731182510137,0.0071330483132217015,0.7490127833084218,0.7437078790760487,-0.06683414173080438,-0.06842033459447294,0.997520986618994,0.4898947715331034,53
云南白药,立讯精密,中药,电子,4.177960301163586,1.0951336849400435,0.021989675690103905,1.3772363459126473,0.8708147962037786,0.0636039586695254,1.393482606348876,1.310151767479316,0.08265699432752527,0.06679524862811093,0.997520986618994,1.6227825483396379,53
云南白药,京东方A,中药,电子,4.177960301163586,1.0450981187502144,0.010613900832434187,1.244356272682337,0.8777470743654662,0.032646793812231234,1.2189799797831116,1.1804423226677463,0.04853609865282005,0.04050460319545879,0.997520986618994,1.3633636587164986,53
云南白药,工业富联,中药,电子,4.177960301163586,1.153207507890531,0.03470757353018428,2.940465936845468,0.4522710294280071,-0.22016923633725183,2.9545156607902237,3.7886626156081693,0.296019335330177,0.3755023231800132,0.997520986618994,6.579804244597344,53
云南白药,海康威视,中药,安防,4.177960301163586,1.0234118466160391,0.005554433837202222,1.0807782651491096,0.9690903690125102,0.022701929381759856,1.0626464206516029,1.0390578037669198,0.01464983302829137,0.009212764747116076,0.997520986618994,1.0805946209148454,53
云南白药,大华股份,中药,安防,4.177960301163586,1.053577514826716,0.01257045997262285,1.126924156208577,0.9850046905401411,0.051588235960674966,1.1179253790841481,1.063082812126432,0.027040731567253173,0.01474955056316074,0.997520986618994,1.1286446376338697,53
云南白药,韦尔股份,中药,半导体,4.177960301163586,1.0692707999067914,0.016160195405164668,0.8826939277992325,1.2952848179027698,0.0466370339777642,0.8662099840856202,0.8276125877120671,-0.0337933289144432,-0.04427749863036867,0.997520986618994,0.6577041888051403,53
云南白药,北方华创,中药,半导体,4.177960301163586,1.0634142729613356,0.014825270141846092,1.784275577019484,0.6337865801127519,-0.06517753542475602,1.7819084512841101,1.906146374107256,0.14828510102897163,0.16695939989595643,0.997520986618994,2.814771761595518,53
云南白药,中芯国际,中药,半导体,4.177960301163586,1.1229782083329556,0.02814990625009961,1.870213458809429,0.6742973912686384,-0.0035289124103820013,1.8448767982413126,1.8514102628947504,0.15786951817794592,0.1588496564876769,0.997520986618994,2.705299539170507,53
云南白药,兆易创新,中药,半导体,4.177960301163586,1.1500962359268032,0.03403872167600497,1.8961345759914865,0.6975883297741944,0.018213335561545474,1.8984022165233727,1.8644444638670956,0.16582286831370552,0.16079718994573677,0.997520986618994,2.731367941115197,53
云南白药,科大讯飞,中药,软件,4.177960301163586,1.0965975242616142,0.022316480022580354,1.058668568550458,1.135885361991256,0.09592286803668726,1.0561636451440717,0.963720783595069,0.013164806616520197,-0.008805905783769497,0.997520986618994,0.929920580571144,53
云南白药,恒生电子,中药,软件,4.177960301163586,1.0989569486316353,0.02284252729369296,0.9048442794149971,1.3347118420492914,0.07236747843355484,0.8763924297952457,0.8172501007541026,-0.031086866500253718,-0.0471554462024345,0.997520986618994,0.6369792148892113,53
云南白药,浪潮信息,中药,服务器,4.177960301163586,1.2080156331195315,0.046270952284323874,2.1946769075280237,0.6649278373757842,0.046166959399042584,2.0937064105279273,2.001311924179512,0.19347023485512893,0.18064700149581436,0.997520986618994,3.0051028617400295,53
云南白药,分众传媒,中药,传媒,4.177960301163586,1.0170612594462436,0.0040573979944749095,1.00303053246287,1.0312882529372762,0.016900116174001445,0.9960999316003847,0.9795454988717323,-0.000934874036982003,-0.00493436026920957,0.997520986618994,0.9615700111244705,53
云南白药,紫金矿业,中药,有色,4.177960301163586,1.0510024132297573,0.011977544316442046,1.9621602515923262,0.5629540562338713,-0.11987553959267128,1.936534331449771,2.200296001946733,0.17138548744944004,0.2077395265762969,0.997520986618994,3.403071017274472,53
云南白药,中国神华,中药,煤炭,4.177960301163586,1.0112004219387525,0.0026694896240624377,1.2541982708340602,0.8152828122216402,-0.012585149417525754,1.2557722037723615,1.2717777163586144,0.056025581678902814,0.059231660532194086,0.997520986618994,1.546034446098235,53
云南白药,陕西煤业,中药,煤炭,4.177960301163586,1.026028689497354,0.006169251829839517,1.2570641068173387,0.8374551989532132,0.00487915451106935,1.2561253605730813,1.250026289165345,0.05609665725558255,0.05486702957017009,0.997520986618994,1.5025315917116964,53
云南白药,长江电力,中药,电力,4.177960301163586,1.0103673859737163,0.002471721581132069,1.139461929244331,0.8958985188003283,0.002532065180220977,1.1421115180777552,1.1392269212580675,0.032315870380891454,0.03169121211017756,0.997520986618994,1.280932855897141,53
云南白药,万华化学,中药,化工,4.177960301163586,1.0254394940149318,0.006030926565802064,0.9684615254992042,1.085769675097396,0.023297938283658448,0.958382222302548,0.9365622527394208,-0.0101229016201142,-0.01556451087043298,0.997520986618994,0.8756035188598476,53
云南白药,海螺水泥,中药,建材,4.177960301163586,1.0102901519513843,0.0024533794504899564,0.8583882384836963,1.1890728989168664,-0.0035421218780099517,0.8532472331063156,0.8562802822277028,-0.03727402667761759,-0.03645602043213281,0.997520986618994,0.7150395778364116,53
云南白药,宝钢股份,中药,钢铁,4.177960301163586,1.0065597002890128,0.0015661704047760239,1.0354419367669176,0.9784830942905633,0.006054852679213241,1.0365980722416164,1.0303593978808052,0.008640419868233717,0.00718412124435619,0.997520986618994,1.0631978091426164,53
云南白药,洛阳钼业,中药,有色,4.177960301163586,1.0881736195193907,0.02043126905956938,1.9588509574884172,0.6044981736314329,-0.07535837371703968,1.9509793254116565,2.1099843117106376,0.17347093498111055,0.19568460228704998,0.997520986618994,3.222447636802281,53
云南白药,三一重工,中药,机械,4.177960301163586,1.0255804234134491,0.006064018022248652,1.0728601392775914,0.9803842704018695,0.024547695327644226,1.0700150864654443,1.0443780131907474,0.016329448024624105,0.010447186131834041,0.997520986618994,1.0912350397625008,53
云南白药,汇川技术,中药,机械,4.177960301163586,1.043035290085946,0.010136092932474305,1.0127175072609864,1.0742606981359377,0.04123601445826486,0.9677932086173067,0.929465745689589,-0.00780498556917375,-0.017355060095930797,0.997520986618994,0.861410504760184,53
云南白药,中航沈飞,中药,军工,4.177960301163586,1.0242085860511707,0.005741751443913312,1.0874014949610045,0.9646880499999285,0.022252804737473264,1.0868906338749458,1.0632307672211008,0.0201431726225052,0.014783351940675482,0.997520986618994,1.1289405478232077,53
云南白药,顺丰控股,中药,交运,4.177960301163586,1.0151355093673247,0.0036020325987133894,0.8296446350510267,1.242098193421184,-0.007202724658755821,0.8192261361030876,0.8251696055687736,-0.04660451358697815,-0.04495350197254755,0.997520986618994,0.6528182245185533,53
云南白药,京沪高铁,中药,交运,4.177960301163586,1.0084002836310406,0.0020042262427737434,1.05129709673902,0.967253819287962,0.00769249116357984,1.0445426197865748,1.036568823273104,0.01048530261219427,0.008633607833124612,0.997520986618994,1.0756166599272141,53
云南白药,中国中免,中药,免税,4.177960301163586,1.0385497705689903,0.009094637091557667,0.5656354707526017,1.906856414987199,-0.13634391415039626,0.5538159951316874,0.6412459822903726,-0.13189109414369304,-0.10089355375758324,0.997520986618994,0.284970977961751,53
云南白药,上海机场,中药,交运,4.177960301163586,1.0182076056763478,0.00432815321596669,0.7422988590162861,1.3966702436146607,-0.0321798705912516,0.7365554815267294,0.7610458381111571,-0.07057261846421103,-0.06326762376580941,0.997520986618994,0.5245706896033202,53
云南白药,万科A,中药,地产,4.177960301163586,1.0186822831632998,0.004440199288489266,0.6880028246848183,1.5082984499463084,-0.05609474212395027,0.6842409783748917,0.7249042980378692,-0.08681853465901379,-0.07411295917922223,0.997520986618994,0.45228760945674423,53
云南白药,中国建筑,中药,建筑,4.177960301163586,1.0094216884778178,0.0022470565916288265,1.0116884112027549,1.0071600444232054,0.009417086038397526,1.0101008265640823,1.000677361751789,0.0024084124866838863,0.00016208562846053987,0.997520986618994,1.0038337368845842,53
云南白药,保利发展,中药,地产,4.177960301163586,1.0219581338302242,0.005212372334096216,0.7365247253065623,1.4180086444036843,-0.03186284306157039,0.7314692571670698,0.7555430053735546,-0.0721128461514382,-0.06489326408013174,0.997520986618994,0.513565024128115,53
云南白药,牧原股份,中药,养殖,4.177960301163586,1.0324745614632407,0.007678615200091166,0.8984417676836455,1.186502852396402,0.020590902443840875,0.8837932140898717,0.8659622694789828,-0.02913473308950998,-0.03385947153445146,0.997520986618994,0.7344035523389715,53
云南白药,中国移动,中药,通信,4.177960301163586,1.0157573266055606,0.0037491400969456024,1.4203024750009536,0.7264388851763304,-0.03675676718766063,1.407707548731287,1.4614247998620913,0.08529208893999662,0.09506387920141068,0.997520986618994,1.9253286131051888,53
云南白药,中兴通讯,中药,通信,4.177960301163586,1.0618069406897985,0.014457920222315623,1.2496597306870112,0.9021927742500053,0.04920031526099233,1.2368708522297718,1.1788700729870594,0.05219915663359309,0.04017272665624705,0.997520986618994,1.3602191593551247,53
同仁堂,美的集团,中药,家电,4.177960301163586,1.0382793564152633,0.00903174258621875,1.7557085600824693,0.6140108025146589,-0.09301550006679138,0.9712329157729948,1.0708373912062636,-0.006962067421477092,0.016516338081926873,0.5495801104209482,1.5920946719915792,53
同仁堂,格力电器,中药,家电,4.177960301163586,1.0271319270722805,0.006428096213583867,1.6017508894351102,0.6586542280512068,-0.07066209317705208,0.8897516468974547,0.9574038036812427,-0.027572069728039716,-0.010364877246310744,0.5495801104209482,1.3652274969415372,53
同仁堂,海尔智家,中药,家电,4.177960301163586,1.0442609872800785,0.0104200847067637,1.384379635334068,0.7877037351044375,0.0054830434076744705,0.7570030778305794,0.7528750313531161,-0.06446105573634664,-0.06568467740903128,0.5495801104209482,0.9561699522852838,53
同仁堂,苏泊尔,中药,家电,4.177960301163586,1.033073903940431,0.007818592487202958,1.3569450614071412,0.7865032427296665,-0.003933961063988023,0.7450515379536408,0.7479941176887203,-0.06801776207089971,-0.06713806343022743,0.5495801104209482,0.9464081249564923,53
同仁堂,比亚迪,中药,汽车,4.177960301163586,1.0534878269507602,0.012549827928827417,1.258596761404091,0.8818047491996569,0.03824313675383251,0.6871608950838276,0.6618496869936483,-0.08588731851257847,-0.09406188571629492,0.5495801104209482,0.7741192635663485,53
同仁堂,长城汽车,中药,汽车,4.177960301163586,1.0456773705048679,0.0107479424693393,0.9792325457169484,1.1166307410518181,0.04344829455425692,0.538326859833167,0.5159113898050223,-0.13776521990182689,-0.14649809236877043,0.5495801104209482,0.4822426691890962,53
同仁堂,上汽集团,中药,汽车,4.177960301163586,1.0274378775237811,0.006499841623106795,1.2160583651679864,0.8680739530332885,0.006634316325676792,0.694693954911101,0.6901155103144192,-0.08349870706447104,-0.08494809506012535,0.5495801104209482,0.8306509102078902,53
同仁堂,长安汽车,中药,汽车,4.177960301163586,1.0487450235297096,0.011456872031994969,0.9935474826201023,1.1070091199646082,0.04774674107897714,0.5512229560355459,0.5261032408155167,-0.13286569833274808,-0.14249237386910552,0.5495801104209482,0.5026263712100852,53
同仁堂,赛力斯,中药,汽车,4.177960301163586,1.2061803087454086,0.04589026249078487,1.3098422448846092,1.1107222590254267,0.203907287707781,0.7069077847033596,0.5871779263412384,-0.07966743346806704,-0.1196512644514488,0.5495801104209482,0.6247757422615287,53
同仁堂,宁德时代,中药,电池,4.177960301163586,1.0561668790682683,0.013165549146344935,1.566992570367109,0.711865836211,-0.015179076531531166,0.8478081156770487,0.8608754094004514,-0.038746500256637395,-0.03522091416374329,0.5495801104209482,1.1721707083799544,53
同仁堂,隆基绿能,中药,光伏,4.177960301163586,1.053234341378247,0.01249150819055167,0.6276738304334096,1.7673232881041012,-0.07625521895866927,0.3429247187474526,0.3712331866826637,-0.2259852231784294,-0.2111500103539431,0.5495801104209482,0.1928862629443792,53
同仁堂,通威股份,中药,光伏,4.177960301163586,1.0492492472344124,0.01157324631237433,0.7168093773540258,1.5358671602286311,-0.021657609369764685,0.39495012660146606,0.4036931552634087,-0.1993699490053461,-0.1951630460773156,0.5495801104209482,0.2578062001058692,53
同仁堂,阳光电源,中药,光伏,4.177960301163586,1.1277647456981748,0.029197129842584824,1.6642939549997209,0.7641999286357333,0.051273556187151126,0.9057562382165117,0.8615799692532797,-0.023413741106354413,-0.0350319819452406,0.5495801104209482,1.1735798280856111,53
同仁堂,晶澳科技,中药,光伏,4.177960301163586,1.0755041823757068,0.017574924457524954,0.5395431010528756,2.1438681062743847,-0.1344510198672031,0.29850095573912566,0.3448689358900615,-0.2512659122532591,-0.2249371380237576,0.5495801104209482,0.1401577613591748,53
同仁堂,亿纬锂能,中药,电池,4.177960301163586,1.073251413757191,0.01706435734969669,1.0245690669367316,1.124246899797277,0.07154629553925029,0.5569227295319817,0.5197374409770258,-0.1307279754869819,-0.1449873357838749,0.5495801104209482,0.4898947715331034,53
同仁堂,立讯精密,中药,电子,4.177960301163586,1.1159413727036067,0.026604168542423867,1.8755916544682367,0.6639638987222309,-0.02950969644079382,1.0541284480706228,1.086181329380293,0.012697168859655106,0.019983786133678683,0.5495801104209482,1.6227825483396379,53
同仁堂,京东方A,中药,电子,4.177960301163586,1.064681140544971,0.015114510587353802,1.6941927202450162,0.6690773236637481,-0.03641164996072055,0.9216451651105364,0.9564718845687235,-0.019340388493932603,-0.01059552790521745,0.5495801104209482,1.3633636587164986,53
同仁堂,工业富联,中药,电子,4.177960301163586,1.1673234355842748,0.03772504533915111,3.9779147444761938,0.3425523398047853,-0.377209876357237,2.2200550819793112,3.5646921775091465,0.21032664646998223,0.35558626838628005,0.5495801104209482,6.579804244597344,53
同仁堂,海康威视,中药,安防,4.177960301163586,1.028975923889355,0.006860267650329099,1.452268609679776,0.7290603438556829,-0.027124762594064933,0.7929783143807333,0.8150873656678967,-0.0540066808483084,-0.04775959463873125,0.5495801104209482,1.0805946209148454,53
同仁堂,大华股份,中药,安防,4.177960301163586,1.0512395823651492,0.012032198543187933,1.5027456331763143,0.735390364898564,-0.0133183860830971,0.8279367514630077,0.8391123740274089,-0.04418791262377142,-0.041115602215125,0.5495801104209482,1.1286446376338697,53
同仁堂,韦尔股份,中药,半导体,4.177960301163586,1.0729666570256398,0.01699976211439269,1.1837615594164208,0.9725416727134912,0.0686932160837721,0.6451082702336857,0.6036421496130442,-0.09960032810524122,-0.11380496194903911,0.5495801104209482,0.6577041888051403,53
同仁堂,北方华创,中药,半导体,4.177960301163586,1.0797904932806608,0.01854413116762621,2.421332995290562,0.48153125226767,-0.20159450369366982,1.3430585130632189,1.6821759360082331,0.07314815176862788,0.1325636133685253,0.5495801104209482,2.814771761595518,53
同仁堂,中芯国际,中药,半导体,4.177960301163586,1.1340164182620278,0.030559823868011593,2.524031475014413,0.5094996831925381,-0.15035053439232915,1.3827533774463314,1.6274398247957276,0.08065589245421556,0.1236316676938547,0.5495801104209482,2.705299539170507,53
同仁堂,兆易创新,中药,半导体,4.177960301163586,1.175638683176484,0.03948957392575192,2.590385604699558,0.5335600656803531,-0.12190829617879007,1.4404866323611263,1.6404740257680726,0.0912880062442678,0.12577910476813137,0.5495801104209482,2.731367941115197,53
同仁堂,科大讯飞,中药,软件,4.177960301163586,1.09428424109769,0.021799883695209576,1.411882248341905,0.8481288023282576,0.05754248019725039,0.7823174151026615,0.7397503454960461,-0.05706645118555509,-0.06960927126264926,0.5495801104209482,0.929920580571144,53
同仁堂,恒生电子,中药,软件,4.177960301163586,1.0819507371495667,0.01903148977247393,1.1905735433823967,0.9832382082779944,0.07926996491271354,0.6403089206971745,0.5932796626550798,-0.10120820669664354,-0.11747021873034891,0.5495801104209482,0.6369792148892113,53
同仁堂,浪潮信息,中药,服务器,4.177960301163586,1.2152162507513082,0.04776029562893913,2.9505785626743775,0.5004952434655912,-0.12070387002589744,1.562809490352994,1.7773414860804888,0.11278599725241345,0.14757999975605607,0.5495801104209482,3.0051028617400295,53
同仁堂,分众传媒,中药,传媒,4.177960301163586,1.0331346358573685,0.00783277306560648,1.3616940426067177,0.7838524238270556,-0.005996211244373217,0.7510444730973361,0.7555750607727094,-0.06622891911010298,-0.06488376827336417,0.5495801104209482,0.9615700111244705,53
同仁堂,紫金矿业,中药,有色,4.177960301163586,1.0803398617750553,0.018668140900843122,2.695545928395997,0.43298621056501774,-0.2524254841714887,1.4774506265129614,1.97632556384771,0.09792618266367992,0.17710199982327035,0.5495801104209482,3.403071017274472,53
同仁堂,中国神华,中药,煤炭,4.177960301163586,1.0320649317384865,0.00758291003460787,1.7107697081052708,0.622619174444035,-0.09201065164503486,0.9513978477885161,1.0478072782595915,-0.011854363590857453,0.011240328222425156,0.5495801104209482,1.546034446098235,53
同仁堂,陕西煤业,中药,煤炭,4.177960301163586,1.0474964066977692,0.011168509336043186,1.715165522499901,0.6397334296024493,-0.07225296580157192,0.9519202727487245,1.0260558510663222,-0.011724517845699944,0.006175627087008362,0.5495801104209482,1.5025315917116964,53
同仁堂,长江电力,中药,电力,4.177960301163586,1.0271451290916007,0.0064311924239151,1.5481316383333792,0.6814841129094015,-0.05831983741356761,0.8618788738694955,0.9152564831590446,-0.03495186426896901,-0.02097174774149968,0.5495801104209482,1.280932855897141,53
同仁堂,万华化学,中药,化工,4.177960301163586,1.046528386587641,0.010944769270252008,1.3209273111818045,0.8291309102798853,0.018777714213983554,0.7259726600869393,0.7125918146403979,-0.07378653059217721,-0.07790159820058185,0.5495801104209482,0.8756035188598476,53
同仁堂,海螺水泥,中药,建材,4.177960301163586,1.0262571902031383,0.006222880619085158,1.165331340023018,0.9037805680424223,0.017445651292753217,0.6433409011783239,0.6323098441286799,-0.10019137054158644,-0.10390854898325319,0.5495801104209482,0.7150395778364116,53
同仁堂,宝钢股份,中药,钢铁,4.177960301163586,1.0202064566871007,0.004799707196952996,1.4025871459510622,0.7420724033231404,-0.032846535741730576,0.7799018759925731,0.8063889597817824,-0.05776413472924169,-0.05020183269984291,0.5495801104209482,1.0631978091426164,53
同仁堂,洛阳钼业,中药,有色,4.177960301163586,1.1217020419349963,0.02787012674550504,2.698586138651704,0.4662498828033643,-0.20850128866164985,1.4927775505298428,1.8860138736116145,0.1006416487602837,0.16399740163167786,0.5495801104209482,3.222447636802281,53
同仁堂,三一重工,中药,机械,4.177960301163586,1.0491095935492822,0.011541018654461555,1.4667288038333075,0.750398394304818,-0.00967150417062268,0.8124729998076146,0.8204075750917246,-0.04849153376012083,-0.04627560272494646,0.5495801104209482,1.0912350397625008,53
同仁堂,汇川技术,中药,机械,4.177960301163586,1.0526640650244727,0.012360264967884893,1.365949638677732,0.8112316899666324,0.027294042348751102,0.7247511263927882,0.7054953075905661,-0.07415978941046941,-0.0801079167510651,0.5495801104209482,0.861410504760184,53
同仁堂,中航沈飞,中药,军工,4.177960301163586,1.0323433701408011,0.007647967035478986,1.464809882228044,0.7275571026682575,-0.03105208572120033,0.8131995454397764,0.8392603291220779,-0.04828794459799657,-0.04107513692857856,0.5495801104209482,1.1289405478232077,53
同仁堂,顺丰控股,中药,交运,4.177960301163586,1.0234670282179492,0.005567410894864899,1.1178860079649633,0.9370228720870714,0.019689971082889723,0.6130367616922875,0.6011991674697508,-0.11052318235262981,-0.11466471808139567,0.5495801104209482,0.6528182245185533,53
同仁堂,京沪高铁,中药,交运,4.177960301163586,1.021055822064095,0.004999870384658545,1.422648357051823,0.7328269045567161,-0.033901557528657755,0.7850500342714077,0.8125983851740812,-0.05627915754419299,-0.04845638898447335,0.5495801104209482,1.0756166599272141,53
同仁堂,中国中免,中药,免税,4.177960301163586,1.050454951853479,0.011851349245050491,0.7646141473627561,1.4431535300248401,-0.0036875969468670444,0.4157368001685873,0.4172755441913496,-0.1894800182720221,-0.18876298901342903,0.5495801104209482,0.284970977961751,53
同仁堂,上海机场,中药,交运,4.177960301163586,1.029554415738154,0.006995725471351966,1.0031071744717865,1.0566989469735317,0.029279172907825002,0.5528005235136288,0.5370754000121343,-0.1322723489059895,-0.1382454135650456,0.5495801104209482,0.5245706896033202,53
同仁堂,万科A,中药,地产,4.177960301163586,1.0337844498988804,0.00798446150194354,0.9331190123069621,1.145309735154302,0.028911333869371614,0.5154165260100112,0.5009338599388462,-0.14669411636879948,-0.15249540386219096,0.5495801104209482,0.45228760945674423,53
同仁堂,中国建筑,中药,建筑,4.177960301163586,1.026058969468737,0.00617635901800373,1.3743648500495829,0.7660243994083993,-0.01875168417240236,0.7621423607259112,0.7767069236527662,-0.06294475937179267,-0.05868946653831342,0.5495801104209482,1.0038337368845842,53
同仁堂,保利发展,中药,地产,4.177960301163586,1.033932956570046,0.008019117768084394,0.9958689220263649,1.0734518720661264,0.033346297705650896,0.5492985443550253,0.5315725672745316,-0.13359125308631137,-0.1403670433994222,0.5495801104209482,0.513565024128115,53
同仁堂,牧原股份,中药,养殖,4.177960301163586,1.0453732442284687,0.010677573233220716,1.215731105472504,0.8988872743566316,0.03450509625053555,0.664143821313783,0.6419918313799599,-0.09331126256902744,-0.10064335734327656,0.5495801104209482,0.7344035523389715,53
同仁堂,中国移动,中药,通信,4.177960301163586,1.0306020576638162,0.007240890700460412,1.9259165279946004,0.551498772569789,-0.14329697702266964,1.0601308925189037,1.2374543617630684,0.014074414762510479,0.0523179464834147,0.5495801104209482,1.9253286131051888,53
同仁堂,中兴通讯,中药,通信,4.177960301163586,1.0808459701696196,0.018782343027243797,1.7000652793165962,0.6871665608637795,-0.021353073454749683,0.9345095928423587,0.9548996348880365,-0.01608136218359335,-0.010985048617039306,0.5495801104209482,1.3602191593551247,53
美的集团,格力电器,家电,家电,4.177960301163586,1.007362870493872,0.0017573984708942891,0.9290016323917732,1.0923338748469567,0.004402841931748114,1.4851713954920915,1.4786610844665582,0.09929673318327348,0.09814141637020324,1.5920946719915792,1.3652274969415372,53
美的集团,海尔智家,家电,家电,4.177960301163586,1.0127426510574316,0.003035297782457036,0.7939753908060432,1.2917877419722013,-0.01923348572629635,1.249626306499504,1.2741323121384314,0.05478623014112616,0.05970071817264855,1.5920946719915792,0.9561699522852838,53
美的集团,苏泊尔,家电,家电,4.177960301163586,1.010748797135528,0.002562286407305825,0.7851197447295356,1.3012195117610375,-0.022467226065219004,1.2407348403709242,1.2692513984740357,0.05298498863058576,0.05872765907105837,1.5920946719915792,0.9464081249564923,53
美的集团,比亚迪,家电,汽车,4.177960301163586,1.0499624614383138,0.011737782753449721,0.7418099481251677,1.4861234649330803,-0.014683992327447548,1.1657342341415478,1.1831069677789638,0.03738672296149459,0.041066299782831495,1.5920946719915792,0.7741192635663485,53
美的集团,长城汽车,家电,汽车,4.177960301163586,1.0355836532446376,0.008404077960273204,0.5735022271494538,1.8699726907739371,-0.12509386689413327,0.9074252309647449,1.0371686705903378,-0.02298332820306892,0.008773282017189965,1.5920946719915792,0.4822426691890962,53
美的集团,上汽集团,家电,汽车,4.177960301163586,1.0218591947728233,0.005189078328699859,0.7152398393260521,1.4599245686952727,-0.029441132207536302,1.1757086046043552,1.2113727910997347,0.03950437122395645,0.04696616957039801,1.5920946719915792,0.8306509102078902,53
美的集团,长安汽车,家电,汽车,4.177960301163586,1.059861456666672,0.014012720696465752,0.5937855240034411,1.8917711225999674,-0.09476403565135538,0.9481084117920288,1.0473605216008322,-0.012673182361857993,0.011137111483784379,1.5920946719915792,0.5026263712100852,53
美的集团,赛力斯,家电,汽车,4.177960301163586,1.1836002732729782,0.04117018103137049,0.7601050332700822,1.8430474021004075,0.06530831351701494,1.1808252411468723,1.108435207126554,0.04058538018758884,0.024947142038921122,1.5920946719915792,0.6247757422615287,53
美的集团,宁德时代,家电,电池,4.177960301163586,1.0437949998557268,0.010312146170692538,0.9158226875162686,1.189649499379172,0.03193735954230381,1.4262743588474012,1.3821326901857667,0.08870119072833238,0.08053976754800862,1.5920946719915792,1.1721707083799544,53
美的集团,隆基绿能,家电,光伏,4.177960301163586,1.0718945415250432,0.016756442567895435,0.3777659959018434,3.041454023431271,-0.33439405061525307,0.594046964915861,0.8924904674679792,-0.1171971584290491,-0.026856453660500712,1.5920946719915792,0.1928862629443792,53
美的集团,通威股份,家电,光伏,4.177960301163586,1.049097348481716,0.011538192724170448,0.4238406372360815,2.5967430913858416,-0.2733389612199606,0.6721254446792163,0.9249504360487242,-0.09071500741032013,-0.01849975675632365,1.5920946719915792,0.2578062001058692,53
美的集团,阳光电源,家电,光伏,4.177960301163586,1.1388265967524003,0.0316044269620992,0.9938730525348745,1.3049212011160203,0.1258624940718378,1.556884595223894,1.382837250038595,0.11177476918595497,0.0806715812076062,1.5920946719915792,1.1735798280856111,53
美的集团,晶澳科技,家电,光伏,4.177960301163586,1.1003998684070415,0.02316381138116652,0.32645728359055526,3.7091525637667413,-0.39984646481137254,0.5198087108572786,0.8661262166753769,-0.14495927449494972,-0.03381569415636598,1.5920946719915792,0.1401577613591748,53
美的集团,亿纬锂能,家电,电池,4.177960301163586,1.0883036011851652,0.02046044222975718,0.6144005976976945,1.9277401955513158,-0.07656891982942438,0.9612868803688666,1.0409947217623412,-0.009405647205651513,0.009662733419845804,1.5920946719915792,0.4898947715331034,53
美的集团,立讯精密,家电,电子,4.177960301163586,1.0905050650247021,0.02095413811195357,1.08389295215907,1.0971575140106686,0.09058854207087652,1.7530541303289469,1.6074386101656084,0.14380690739608348,0.12031080413571926,1.5920946719915792,1.6227825483396379,53
美的集团,京东方A,家电,电子,4.177960301163586,1.050305032355125,0.011816782644709312,0.9883721263862538,1.1161187487387672,0.047302107103481594,1.5476288686035542,1.477729165354039,0.11018917924028182,0.09797572203416971,1.5920946719915792,1.3633636587164986,53
美的集团,工业富联,家电,电子,4.177960301163586,1.1343816040772057,0.030639247596837338,2.28604741610313,0.5629024203978812,-0.1013849141943064,3.6716958230630046,4.085949458294461,0.3652165576637576,0.40059876263181193,1.5920946719915792,6.579804244597344,53
美的集团,海康威视,家电,安防,4.177960301163586,1.029322016562847,0.006941314574747448,0.8591219041864897,1.2332403685880404,0.010381686343065244,1.350218157418924,1.3363446464532123,0.07451466308922639,0.07186167935402432,1.5920946719915792,1.0805946209148454,53
美的集团,大华股份,家电,安防,4.177960301163586,1.053428729931361,0.01253623235893686,0.890534442244343,1.246119225044324,0.0380417234129502,1.4121204609604805,1.3603696548127244,0.08610543999433085,0.07644279193380932,1.5920946719915792,1.1286446376338697,53
美的集团,韦尔股份,家电,半导体,4.177960301163586,1.0825877525416072,0.019175061362241896,0.7063222851431189,1.6592938756216815,-0.015086851561622483,1.107928239670186,1.1248994303983597,0.02483491888012601,0.028570648357459705,1.5920946719915792,0.6577041888051403,53
美的集团,北方华创,家电,半导体,4.177960301163586,1.0722204953437164,0.016830438256548952,1.4218733610833258,0.8085507627480977,0.03012944132554729,2.269821428613692,2.203433216793549,0.21676596889273947,0.20815146921855932,1.5920946719915792,2.814771761595518,53
美的集团,中芯国际,家电,半导体,4.177960301163586,1.135067118144348,0.03078828654359622,1.4940280778462167,0.8623515058363784,0.09637446377367564,2.3557766369434647,2.148697105581043,0.22763924279576786,0.20089917762935405,1.5920946719915792,2.705299539170507,53
美的集团,兆易创新,家电,半导体,4.177960301163586,1.1488192586397201,0.033763802546818544,1.496938817670222,0.8816564000094406,0.10823124211820812,2.3956981709874783,2.161731306553388,0.23258689477620442,0.20263878765396126,1.5920946719915792,2.731367941115197,53
美的集团,科大讯飞,家电,软件,4.177960301163586,1.0955747535075628,0.022088179869610425,0.8359342919691473,1.4358593158030861,0.05713938813021402,1.333060830474612,1.2610076262813616,0.07123066237312314,0.057077697415832684,1.5920946719915792,0.929920580571144,53
美的集团,恒生电子,家电,软件,4.177960301163586,1.1115439644903942,0.025634449312699203,0.723331166155633,1.7081110877077628,0.004741461687250537,1.1198214776567432,1.1145369434403953,0.027457400859846937,0.0262947793194952,1.5920946719915792,0.6369792148892113,53
美的集团,浪潮信息,家电,服务器,4.177960301163586,1.2017292992997248,0.044965184172836015,1.7255281814886718,0.8369340612852161,0.14467066689298402,2.631138583387671,2.2985987668658043,0.26055535957656906,0.22044063625041632,1.5920946719915792,3.0051028617400295,53
美的集团,分众传媒,家电,传媒,4.177960301163586,1.0145942260701173,0.0034739217464387906,0.7908184538079729,1.3016912271305956,-0.016814889138368927,1.2553625472864425,1.2768323415580247,0.05594311604745861,0.06023777860922386,1.5920946719915792,0.9615700111244705,53
美的集团,紫金矿业,家电,有色,4.177960301163586,1.0473042257395624,0.01112410275415221,1.5453291033600158,0.7097815855969236,-0.023906777516839672,2.437873687236508,2.4975828446330253,0.23774623100688785,0.24493559284991528,1.5920946719915792,3.403071017274472,53
美的集团,中国神华,家电,煤炭,4.177960301163586,1.016053919000848,0.0038192828328778017,0.9960085767813991,1.0365026872088494,0.015958453675901207,1.5941044031249236,1.569064559044907,0.1180793821666064,0.1138504180164388,1.5920946719915792,1.546034446098235,53
美的集团,陕西煤业,家电,煤炭,4.177960301163586,1.0278386304400426,0.006593793639441348,0.9952684225222341,1.0614747000086417,0.027413507264685943,1.5897304116323965,1.5473131318516378,0.1173443214614096,0.11013496358691799,1.5920946719915792,1.5025315917116964,53
美的集团,长江电力,家电,电力,4.177960301163586,1.014423171688899,0.0034334258099879555,0.9041844394093895,1.1381022791451052,0.008476181688012563,1.4486899156048831,1.43651376394436,0.0927722835254956,0.09056685547942189,1.5920946719915792,1.280932855897141,53
美的集团,万华化学,家电,化工,4.177960301163586,1.0240702704320426,0.005709240671312843,0.7643978517542535,1.3719556071174182,-0.020024850147136952,1.209141452185633,1.2338490954257133,0.04650425619937959,0.05158330979907588,1.5920946719915792,0.8756035188598476,53
美的集团,海螺水泥,家电,建材,4.177960301163586,1.0133982556984042,0.0031906752104855496,0.6805110139366517,1.509124765977952,-0.06268051144023945,1.0812609475437396,1.1535671249139954,0.018875951315691974,0.03478479438388549,1.5920946719915792,0.7150395778364116,53
美的集团,宝钢股份,家电,钢铁,4.177960301163586,1.0121607284332257,0.002897318786829306,0.8229113685605082,1.2449327829490904,-0.008108285064409193,1.3168813063838887,1.327646240567098,0.06810423096273954,0.07018760963894466,1.5920946719915792,1.0631978091426164,53
美的集团,洛阳钼业,家电,有色,4.177960301163586,1.0819563206657263,0.019032748473926775,1.5393249045404793,0.7604823883350171,0.01803356160155234,2.450682827051387,2.40727115439693,0.23929972657324283,0.23400945311260313,1.5920946719915792,3.222447636802281,53
美的集团,三一重工,家电,机械,4.177960301163586,1.0268088662474475,0.006352320773064912,0.848946583855813,1.2419349672339801,0.00876395265822616,1.3534231431571524,1.34166485587704,0.07512459098397617,0.0728815101950886,1.5920946719915792,1.0912350397625008,53
美的集团,汇川技术,家电,机械,4.177960301163586,1.051712929992537,0.01214125067521099,0.8070564187440925,1.3705362616838532,0.004890709263724036,1.232752278624149,1.2267525883758816,0.0513594901020773,0.05013248778599677,1.5920946719915792,0.861410504760184,53
美的集团,中航沈飞,家电,军工,4.177960301163586,1.0452564418514896,0.010650543169066662,0.8770851008207021,1.2456727724706647,0.030009827749342355,1.4013465090306614,1.3605176099073935,0.08411625577274351,0.07647081280733192,1.5920946719915792,1.1289405478232077,53
美的集团,顺丰控股,家电,交运,4.177960301163586,1.0224984959444998,0.005339563804176883,0.6604624553688133,1.5829865357372022,-0.0712685471311384,1.0424606079699499,1.1224564482550663,0.01000285272971424,0.02803554776180217,1.5920946719915792,0.6528182245185533,53
美的集团,京沪高铁,家电,交运,4.177960301163586,1.0203347654713646,0.0048299528343138665,0.8407222818287906,1.2383197830380765,0.001032916315069743,1.3352334272387143,1.3338556659593968,0.07164828000405299,0.0713835060600887,1.5920946719915792,1.0756166599272141,53
美的集团,中国中免,家电,免税,4.177960301163586,1.0483176540647399,0.011358202298267672,0.45125246664972013,2.435377056180976,-0.24752315971649774,0.7062242146407902,0.9385328249766651,-0.07988052222313591,-0.01506913890966699,1.5920946719915792,0.284970977961751,53
美的集团,上海机场,家电,交运,4.177960301163586,1.028516583041343,0.0067526685856937885,0.5926129286687746,1.7850544772409023,-0.11186568339921643,0.9399415721963181,1.0583326807974496,-0.014715485977378706,0.013662443228951382,1.5920946719915792,0.5245706896033202,53
美的集团,万科A,家电,地产,4.177960301163586,1.020871837903083,0.004956523048671002,0.5449291735270398,1.9125041566010137,-0.15251624778174855,0.8662903834251673,1.0221911407241617,-0.033771864468216006,0.005267224215240507,1.5920946719915792,0.45228760945674423,53
美的集团,中国建筑,家电,建筑,4.177960301163586,1.0115124683314802,0.0027435395197041856,0.8012402380090557,1.2769671629727612,-0.014798318682239353,1.2787565165026678,1.2979642044380817,0.06061998758468756,0.06441153413438694,1.5920946719915792,1.0038337368845842,53
美的集团,保利发展,家电,地产,4.177960301163586,1.021944114112842,0.005209071665382536,0.5821015293261543,1.794136795309321,-0.12228616363019684,0.9240833249852453,1.052829848059847,-0.018720068308503368,0.01239842379874001,1.5920946719915792,0.513565024128115,53
美的集团,牧原股份,家电,养殖,4.177960301163586,1.0383770037134485,0.009054455403033623,0.7141394133265572,1.509826767323195,-0.03468669227063237,1.122899848177512,1.1632491121652753,0.02813273398370053,0.03685696566080243,1.5920946719915792,0.7344035523389715,53
美的集团,中国移动,家电,通信,4.177960301163586,1.022284700946302,0.005289246441894324,1.1297441705919897,0.9250466052338665,0.017699060386801024,1.789839186112818,1.758711642548384,0.14950628086036688,0.1446893494779402,1.5920946719915792,1.9253286131051888,53
美的集团,中兴通讯,家电,通信,4.177960301163586,1.057117836039203,0.01338382000715721,0.983302137509851,1.1364748195322745,0.0538733669518352,1.5556824588699114,1.4761569156733518,0.11156923815994624,0.09769599727373479,1.5920946719915792,1.3602191593551247,53
格力电器,海尔智家,家电,家电,4.177960301163586,1.0151512495490356,0.0036057572051053643,0.8629947570458406,1.194134785926896,-0.0006106131933643066,1.1599899866586405,1.1606987246134106,0.036160906452841646,0.036312399761390335,1.3652274969415372,0.9561699522852838,53
格力电器,苏泊尔,家电,家电,4.177960301163586,1.010378211267056,0.002474292369974762,0.8510324121686637,1.1995596351045834,-0.006276848672261304,1.1485629174569834,1.1558178109490147,0.03370858710551716,0.03526767053999813,1.3652274969415372,0.9464081249564923,53
格力电器,比亚迪,家电,汽车,4.177960301163586,1.0486298143838153,0.011430275914059429,0.8033606299706707,1.3687806529114828,0.007956976782955483,1.078184746505969,1.0696733802539429,0.018181388307856983,0.016251754302681,1.3652274969415372,0.7741192635663485,53
格力电器,长城汽车,家电,汽车,4.177960301163586,1.0325901823354693,0.007705623429779651,0.6200795037363437,1.7195254450935076,-0.09293359108420485,0.8378890645855905,0.9237350830653167,-0.04145038189042616,-0.01880859225723286,1.3652274969415372,0.4822426691890962,53
格力电器,上汽集团,家电,汽车,4.177960301163586,1.019429620797634,0.004616525442849406,0.7737262845129292,1.343158133000252,-0.0108705849187537,1.086003962226626,1.0979392035747138,0.019943917918278098,0.022615720628601954,1.3652274969415372,0.8306509102078902,53
格力电器,长安汽车,家电,汽车,4.177960301163586,1.054526789249827,0.01278875179315464,0.6406304632870689,1.7358318296943767,-0.06465853285567036,0.8735405887240748,0.9339269340758112,-0.03184245513051076,-0.016228230598879567,1.3652274969415372,0.5026263712100852,53
格力电器,赛力斯,家电,汽车,4.177960301163586,1.1808426984700602,0.040589062350448124,0.8222995689029766,1.6957195786814014,0.0965160245173502,1.0910352203137976,0.995001619601533,0.021072916397393726,-0.0011986495702021038,1.3652274969415372,0.6247757422615287,53
格力电器,宁德时代,家电,电池,4.177960301163586,1.0510123500540511,0.011979834387205734,0.9999389088476578,1.1046944470228939,0.04833153919320976,1.3300172830653838,1.268699102660746,0.07064475867103948,0.058617374201103134,1.3652274969415372,1.1721707083799544,53
格力电器,隆基绿能,家电,光伏,4.177960301163586,1.060284963478509,0.01410968779597277,0.4051938718387234,2.7744847143840383,-0.30150042211297967,0.5441709017901354,0.7790568799429582,-0.13553399641445563,-0.05800858418327548,1.3652274969415372,0.1928862629443792,53
格力电器,通威股份,家电,光伏,4.177960301163586,1.0456256759851816,0.010735982404955768,0.458070692127778,2.386821669818781,-0.23556231043182707,0.6203540647311047,0.8115168485237032,-0.10799346155684253,-0.048759673075307486,1.3652274969415372,0.2578062001058692,53
格力电器,阳光电源,家电,光伏,4.177960301163586,1.1263193721842457,0.028881260386316,1.0658702250451746,1.190196797273089,0.12334097354325091,1.4259731460673668,1.2694036625135743,0.088646154382092,0.05875805740859996,1.3652274969415372,1.1735798280856111,53
格力电器,晶澳科技,家电,光伏,4.177960301163586,1.092772533312296,0.021461844118587647,0.3515402569102605,3.396913400636816,-0.36492256881856466,0.47801810139000883,0.752692629150356,-0.1619409808756591,-0.06573886207091206,1.3652274969415372,0.1401577613591748,53
格力电器,亿纬锂能,家电,电池,4.177960301163586,1.0895249506508717,0.02073443333409264,0.6669729270682273,1.7797793132454314,-0.039160711893957534,0.8912371798954202,0.9275611342373203,-0.02718371282672649,-0.0178373898506049,1.3652274969415372,0.4898947715331034,53
格力电器,立讯精密,家电,电子,4.177960301163586,1.0980247656164834,0.022634794468435526,1.1834238112816766,1.0187883448123087,0.0940106039043549,1.6344573370551687,1.4940050226405877,0.1247894499606208,0.10085820085987551,1.3652274969415372,1.6227825483396379,53
格力电器,京东方A,家电,电子,4.177960301163586,1.0484406718601067,0.011386607400086568,1.0698388512745491,1.0274704840835704,0.04866913811046536,1.4306946677298753,1.3642955778290178,0.08950783612021884,0.07718552944363433,1.3652274969415372,1.3633636587164986,53
格力电器,工业富联,家电,电子,4.177960301163586,1.1495452748426482,0.03392013432233143,2.512011377317853,0.5260542809818062,-0.13269053919445717,3.445400597918505,3.972515870769441,0.34458727560844316,0.391192113534619,1.3652274969415372,6.579804244597344,53
格力电器,海康威视,家电,安防,4.177960301163586,1.0283613449179778,0.006716296308028946,0.930719334232628,1.136247004682068,0.021524014391246515,1.2492330141597763,1.2229110589281913,0.05470676302329602,0.04934445398661369,1.3652274969415372,1.0805946209148454,53
格力电器,大华股份,家电,安防,4.177960301163586,1.0532432194837869,0.012493550967650924,0.9654809222633118,1.1489831169196647,0.04852798996239449,1.3074473682447887,1.2469360672877035,0.0662677671820111,0.05424227037833784,1.3652274969415372,1.1286446376338697,53
格力电器,韦尔股份,家电,半导体,4.177960301163586,1.0780723715677551,0.018155987101439175,0.7627060265425304,1.5238374916300923,0.01016833896100855,1.021750770411157,1.0114658428733387,0.0051635491528132516,0.002732476210535406,1.3652274969415372,0.6577041888051403,53
格力电器,北方华创,家电,半导体,4.177960301163586,1.0667804084252464,0.015593221804859114,1.5339856853457376,0.7418716163204891,0.0005836018642371155,2.091219356948424,2.0899996292685277,0.1931307558361901,0.192964152619447,1.3652274969415372,2.814771761595518,53
格力电器,中芯国际,家电,半导体,4.177960301163586,1.1199068938823467,0.027476158513008553,1.5984115061892563,0.7846486628185634,0.05757926858605189,2.1524525028055628,2.035263518056022,0.20140121314180415,0.18541040879346915,1.3652274969415372,2.705299539170507,53
格力电器,兆易创新,家电,半导体,4.177960301163586,1.1555658665590214,0.03521365239575358,1.632738037201319,0.8178485718659434,0.08941785955024861,2.2314521167855403,2.0482977190283673,0.21181094135013256,0.18722305511148551,1.3652274969415372,2.731367941115197,53
格力电器,科大讯飞,家电,软件,4.177960301163586,1.095524631108478,0.022076987515351698,0.9064038351225415,1.324105405184113,0.07564314928395577,1.2343801530843785,1.1475740387563407,0.051691624629848,0.03349549649939498,1.3652274969415372,0.929920580571144,53
格力电器,恒生电子,家电,软件,4.177960301163586,1.1015380611141266,0.023417018175676096,0.7772835977066493,1.5610597002987407,0.026633019785821332,1.0277657614011204,1.0011033559153741,0.006576712385273575,0.0002639788630669493,1.3652274969415372,0.6369792148892113,53
格力电器,浪潮信息,家电,服务器,4.177960301163586,1.2099055110421533,0.04666249830284741,1.883806643444536,0.7770815283746366,0.1228063213866295,2.4535172766377795,2.1851651793407836,0.23964265439732202,0.20574642533631682,1.3652274969415372,3.0051028617400295,53
格力电器,分众传媒,家电,传媒,4.177960301163586,1.0194465093481972,0.0046205089756956585,0.8616250449534706,1.2061756926742384,0.0040137010412022445,1.1680682888233997,1.163398754033004,0.037883495296892056,0.03688888939484669,1.3652274969415372,0.9615700111244705,53
格力电器,紫金矿业,家电,有色,4.177960301163586,1.053095615063758,0.012459586735830364,1.6849437026148426,0.6581883850157462,-0.04783786563989256,2.270096645281022,2.3841492571080045,0.21680127954656392,0.23116207461457394,1.3652274969415372,3.403071017274472,53
格力电器,中国神华,家电,煤炭,4.177960301163586,1.0142838571372172,0.0034004402196687877,1.0781403470316993,0.9542094827278579,0.012326487304461509,1.473573788210307,1.455630971519886,0.09723593108251416,0.0940231921359358,1.3652274969415372,1.546034446098235,53
格力电器,陕西煤业,家电,煤炭,4.177960301163586,1.02530561316276,0.005999486965457157,1.0765596205439945,0.97649176164703,0.024130140012473378,1.4684792584922395,1.4338795443266168,0.09632677226637254,0.09008785794134666,1.3652274969415372,1.5025315917116964,53
格力电器,长江电力,家电,电力,4.177960301163586,1.0113809508756033,0.002712332003891982,0.9775120051453747,1.0464233916410222,0.01087009662044669,1.337462185773615,1.3230801764193392,0.07207615633483,0.06930549690859311,1.3652274969415372,1.280932855897141,53
格力电器,万华化学,家电,化工,4.177960301163586,1.0289058782193459,0.006843862046530758,0.8327886742964467,1.2712076171409101,0.0041006413222779425,1.125009930030511,1.1204155079006923,0.028594830831430107,0.027587829113444595,1.3652274969415372,0.8756035188598476,53
格力电器,海螺水泥,家电,建材,4.177960301163586,1.0122855675476197,0.002926924326783986,0.7371018710160062,1.3902041367128135,-0.038410622543169404,1.0001813606898349,1.0401335373889744,4.3405913072058766e-05,0.009462748928165343,1.3652274969415372,0.7150395778364116,53
格力电器,宝钢股份,家电,钢铁,4.177960301163586,1.0097140841057262,0.0023165367634332412,0.8901669296797423,1.145316117290789,0.0018747333305015879,1.2164889779730514,1.2142126530420767,0.04802284227499598,0.04755311928012773,1.3652274969415372,1.0631978091426164,53
格力电器,洛阳钼业,家电,有色,4.177960301163586,1.0930228052602187,0.021517833080793247,1.6862394799746692,0.7084989214206187,-0.0005392609923414726,2.292600589749328,2.2938375668719093,0.2196776092064081,0.2198350890263998,1.3652274969415372,3.222447636802281,53
格力电器,三一重工,家电,机械,4.177960301163586,1.0302062435391537,0.007148286056091857,0.9236010012249202,1.1491162339792598,0.023781696148899467,1.257440691176544,1.228231268352019,0.05636124420180866,0.05043531715839,1.3652274969415372,1.0912350397625008,53
格力电器,汇川技术,家电,机械,4.177960301163586,1.0475155119881274,0.011172923589999773,0.8716389080520924,1.2588799532915877,0.021449296623867298,1.1371989103370983,1.1133190008508607,0.03125132654095819,0.026026232053634413,1.3652274969415372,0.861410504760184,53
格力电器,中航沈飞,家电,军工,4.177960301163586,1.0364376479677695,0.008603055528865644,0.9430430600272591,1.1390816004668034,0.03177639846563052,1.286711861197716,1.2470840223823725,0.06219557172793433,0.05427220972066715,1.3652274969415372,1.1289405478232077,53
格力电器,顺丰控股,家电,交运,4.177960301163586,1.0176843501583923,0.004204594408672158,0.7128005323322375,1.452975116571008,-0.04776016618012857,0.9608317612220296,1.0090228607300453,-0.009517921890765058,0.0021522609248765256,1.3652274969415372,0.6528182245185533,53
格力电器,京沪高铁,家电,交运,4.177960301163586,1.0139880601400062,0.0033303927582373216,0.9059665789551626,1.134889310477951,0.006846884307323053,1.2287781672115186,1.2204220784343756,0.050547250208986316,0.04883287013220872,1.3652274969415372,1.0756166599272141,53
格力电器,中国中免,家电,免税,4.177960301163586,1.048635526475039,0.01143159460697829,0.4894639591111016,2.2466137637234698,-0.20709575424396454,0.6542246885454759,0.8250992374516442,-0.09657103374127884,-0.04497299624364204,1.3652274969415372,0.284970977961751,53
格力电器,上海机场,家电,交运,4.177960301163586,1.0203729101935493,0.004838943955686625,0.6375117682552494,1.633163382546358,-0.08611498848947219,0.8635291187315608,0.9448990932724287,-0.034509916644914096,-0.013474143240082004,1.3652274969415372,0.5245706896033202,53
格力电器,万科A,家电,地产,4.177960301163586,1.0210408506153492,0.004996343279074722,0.5909917469855476,1.7640253420506906,-0.1170995042746209,0.802342494213704,0.9087575531991408,-0.05134478679299692,-0.022640170527302383,1.3652274969415372,0.45228760945674423,53
格力电器,中国建筑,家电,建筑,4.177960301163586,1.0072737686724051,0.0017361897975873841,0.8651840361772907,1.1726989896142759,-0.004513766290235255,1.179183922544687,1.1845306169130607,0.040239002118011014,0.0413660050499971,1.3652274969415372,1.0038337368845842,53
格力电器,保利发展,家电,地产,4.177960301163586,1.0174819512227757,0.00415678802685937,0.6284457161624386,1.6473491575150043,-0.09303860710677747,0.8519961409333504,0.939396260534826,-0.03761208772087654,-0.014852333557671793,1.3652274969415372,0.513565024128115,53
格力电器,牧原股份,家电,养殖,4.177960301163586,1.032557735717075,0.007698044358128264,0.7700372742290587,1.3845764526874367,-0.015010791303234683,1.0340569628929837,1.0498155246402543,0.00804805360858074,0.011703891816496226,1.3652274969415372,0.7344035523389715,53
格力电器,中国移动,家电,通信,4.177960301163586,1.0147134799677284,0.0035021512060025017,1.2159651831382177,0.8467705002629,-5.3344725770676504e-05,1.6451902881167013,1.645278055023363,0.126552930470472,0.12656731491633466,1.3652274969415372,1.9253286131051888,53
格力电器,中兴通讯,家电,通信,4.177960301163586,1.0563965630716734,0.013218281650225094,1.065516120817279,1.0473550579541329,0.056452275959544274,1.4396521615254694,1.362723328148331,0.0911366596300236,0.07688827409222343,1.3652274969415372,1.3602191593551247,53
海尔智家,苏泊尔,家电,家电,4.177960301163586,1.020751392242884,0.004928142395520307,1.011357515077757,1.0302325233482625,0.020746596871301204,0.9710250488132433,0.9512890386208881,-0.007012941780994875,-0.011881414312960303,0.9561699522852838,0.9464081249564923,53
海尔智家,比亚迪,家电,汽车,4.177960301163586,1.0592996640256722,0.013884045863906458,0.9546183408425377,1.1754601081878782,0.053421399161271976,0.9113618433580434,0.8651446079258162,-0.021970503829183974,-0.03407789868363298,0.9561699522852838,0.7741192635663485,53
海尔智家,长城汽车,家电,汽车,4.177960301163586,1.0317288075281983,0.007504356983619287,0.7287986138469466,1.4605740352122898,-0.025866127564678876,0.7006032285583398,0.71920631073719,-0.08163872368136404,-0.07586013607687092,0.9561699522852838,0.4822426691890962,53
海尔智家,上汽集团,家电,汽车,4.177960301163586,1.0281220347564848,0.006660217777228805,0.9179042181247677,1.1515743118724129,0.026531937967380737,0.9171143413878322,0.8934104312465869,-0.02049645009772838,-0.02661645459407469,0.9561699522852838,0.8306509102078902,53
海尔智家,长安汽车,家电,汽车,4.177960301163586,1.0716524636107823,0.016701476706350693,0.7658196970882851,1.4996206119136481,0.018649845525716247,0.7430013247910203,0.7293981617476846,-0.06863224672779289,-0.07274235680277341,0.9561699522852838,0.5026263712100852,53
海尔智家,赛力斯,家电,汽车,4.177960301163586,1.1985965164109469,0.044312516361566745,0.981823949164187,1.4632293400211345,0.17207109771508566,0.9264903778177104,0.7904728472734062,-0.018108882447149366,-0.05472294577340986,0.9561699522852838,0.6247757422615287,53
海尔智家,宁德时代,家电,电池,4.177960301163586,1.049551713105996,0.011643034694331478,1.1746056525399642,0.9378115932796023,0.044192760791409436,1.1111989551823236,1.064170330332619,0.025558244266313812,0.01499791825282637,0.9561699522852838,1.1721707083799544,53
海尔智家,隆基绿能,家电,光伏,4.177960301163586,1.0637022416885278,0.01489103972395811,0.4781706731819356,2.3662313948364986,-0.20489011010687241,0.45681298038613566,0.5745281076148315,-0.17099343272191658,-0.12422840450166506,0.9561699522852838,0.1928862629443792,53
海尔智家,通威股份,家电,光伏,4.177960301163586,1.044158098581559,0.01039625533699895,0.5380778621665699,2.026223733575474,-0.1458918504546457,0.5184334625554984,0.6069880761955765,-0.14550127227762777,-0.11263171799111782,0.9561699522852838,0.2578062001058692,53
海尔智家,阳光电源,家电,光伏,4.177960301163586,1.131248874845362,0.029957281637860822,1.2592835583797755,1.0162318155613983,0.12535203967196518,1.1983591296656533,1.0648748901854475,0.044263007567859614,0.015158722776075662,0.9561699522852838,1.1735798280856111,53
海尔智家,晶澳科技,家电,光伏,4.177960301163586,1.0932454450538305,0.021567632189447128,0.4137000449392783,2.889014922167518,-0.2698484164071234,0.40024270812712964,0.5481638568222293,-0.1968149476551222,-0.1340199672501149,0.9561699522852838,0.1401577613591748,53
海尔智家,亿纬锂能,家电,电池,4.177960301163586,1.0894779331052784,0.02072388999052932,0.7845345247397927,1.5129508380998664,0.031305874276796875,0.7456675221291783,0.7230323619091936,-0.06783339215750761,-0.07468579611769299,0.9561699522852838,0.4898947715331034,53
海尔智家,立讯精密,家电,电子,4.177960301163586,1.11656711123281,0.026741920454597334,1.4155838376057863,0.8807123116038083,0.07902076488945098,1.3913716499189326,1.2894762503124608,0.0822642095380246,0.06274133397470627,0.9561699522852838,1.6227825483396379,53
海尔智家,京东方A,家电,电子,4.177960301163586,1.0632823047724305,0.014795125214998706,1.2762791895224357,0.885832244953562,0.0467842719419167,1.214025651118653,1.1597668055008912,0.04751450139337754,0.03611318672467756,0.9561699522852838,1.3633636587164986,53
海尔智家,工业富联,家电,电子,4.177960301163586,1.1720726682905869,0.03873401780465069,3.0128163284141802,0.4559701588171167,-0.2196153174447637,2.940479415689351,3.767987098441314,0.29454295584872026,0.3737019157026722,0.9561699522852838,6.579804244597344,53
海尔智家,海康威视,家电,安防,4.177960301163586,1.0391549946539624,0.009235358522872827,1.106307656007496,0.9760784868933058,0.03721526237365591,1.0562816505925696,1.0183822866000645,0.013191900307820026,0.004369390697716025,0.9561699522852838,1.0805946209148454,53
海尔智家,大华股份,家电,安防,4.177960301163586,1.0718324291767964,0.016742340328441685,1.1557516278660367,0.9940066088041822,0.06818861420004496,1.1134876038348878,1.0424072949595766,0.026063421077430426,0.009990489262205582,0.9561699522852838,1.1286446376338697,53
海尔智家,韦尔股份,家电,半导体,4.177960301163586,1.0939380064799082,0.021722492037242302,0.9103839011331516,1.3145007952488033,0.07507417484136347,0.867517205265301,0.806937070545212,-0.033444524080043725,-0.05004735046764486,0.9561699522852838,0.6577041888051403,53
海尔智家,北方华创,家电,半导体,4.177960301163586,1.0878507166014588,0.020358785044078287,1.8400862249079712,0.6431324606375411,-0.05336477784872706,1.7848531235195275,1.885470856940401,0.14873900524765138,0.16391717777370007,0.9561699522852838,2.814771761595518,53
海尔智家,中芯国际,家电,半导体,4.177960301163586,1.1601695344164722,0.036199291588069116,1.9478285729283062,0.6910224889886528,0.019229569811448854,1.8659389873271153,1.8307347457278955,0.16101983495528271,0.15573887658186902,0.9561699522852838,2.705299539170507,53
海尔智家,兆易创新,家电,半导体,4.177960301163586,1.1825710031544174,0.04095339793967323,1.9654935704687453,0.7115129749155715,0.03666721085240421,1.911374811432013,1.8437689467002403,0.16772474010471639,0.15770305862682243,0.9561699522852838,2.731367941115197,53
海尔智家,科大讯飞,家电,软件,4.177960301163586,1.1220047394645352,0.027936510335203613,1.0919855103309206,1.1528492122568348,0.12199383074008918,1.0580909710410997,0.9430452664282138,0.013607026773094999,-0.01393775261345731,0.9561699522852838,0.929920580571144,53
海尔智家,恒生电子,家电,软件,4.177960301163586,1.1170159388724592,0.026840690524974953,0.9271755315680071,1.3457264187990519,0.0945222063382376,0.8718685707408771,0.7965745835872475,-0.032286325314176856,-0.05298157926091185,0.9561699522852838,0.6369792148892113,53
海尔智家,浪潮信息,家电,服务器,4.177960301163586,1.2358192716140106,0.05198497001554103,2.2634058233599905,0.6747571541657545,0.05822433593704934,2.0959576465437117,1.9806364070126565,0.19377726074860324,0.17771603542573766,0.9561699522852838,3.0051028617400295,53
海尔智家,分众传媒,家电,传媒,4.177960301163586,1.0225788113063115,0.005358464223245152,1.0166541945510001,1.0285379541412725,0.022612805759738563,0.9805527223500136,0.9588699817048771,-0.004689556061839184,-0.01000234256868826,0.9561699522852838,0.9615700111244705,53
海尔智家,紫金矿业,家电,有色,4.177960301163586,1.0640826575410278,0.014977902674656374,2.0026984040820808,0.5653731484339717,-0.11935930138738315,1.9194625064269224,2.179620484779878,0.16890548844913167,0.20501342433804193,0.9561699522852838,3.403071017274472,53
海尔智家,中国神华,家电,煤炭,4.177960301163586,1.020900246333324,0.00496321656583576,1.276502560352812,0.816478826862187,-0.007731828515931127,1.2414288915317044,1.2511021991917595,0.0531259428247961,0.05508427372498259,0.9561699522852838,1.546034446098235,53
海尔智家,陕西煤业,家电,煤炭,4.177960301163586,1.0302759949781581,0.007164607061932227,1.2725091935286799,0.834153993720683,0.004626929530143098,1.2350388913883543,1.2293507719984902,0.0518259320373089,0.05066440385631088,0.9561699522852838,1.5025315917116964,53
海尔智家,长江电力,家电,电力,4.177960301163586,1.0268208709983375,0.006355136868410494,1.1674132388471807,0.9031601373297469,0.016105717901633954,1.1365664774639819,1.1185514040912123,0.03111402668220853,0.027178360502690735,0.9561699522852838,1.280932855897141,53
海尔智家,万华化学,家电,化工,4.177960301163586,1.0238810714019855,0.005664764458768845,0.9748353566253413,1.0753943640332935,0.022903429521064833,0.9368636828700301,0.9158867355725657,-0.015488684579853085,-0.02081042748232753,0.9561699522852838,0.8756035188598476,53
海尔智家,海螺水泥,家电,建材,4.177960301163586,1.0170247366988983,0.004048767881326132,0.8711211960094019,1.187365569562263,0.006428731828630907,0.84097664401015,0.8356047650608477,-0.04060612592175705,-0.042076516352052784,0.9561699522852838,0.7150395778364116,53
海尔智家,宝钢股份,家电,钢铁,4.177960301163586,1.0173074380075537,0.004115562410566653,1.0549888214389023,0.9809719329669958,0.01601890463323863,1.0258579105088252,1.00968388071395,0.006129164312660862,0.0023093604263595413,0.9561699522852838,1.0631978091426164,53
海尔智家,洛阳钼业,家电,有色,4.177960301163586,1.0961406159522653,0.02221451019611509,1.989202042065113,0.6040232337047249,-0.07901396056847798,1.9242242318363256,2.0893087945437823,0.16959889901010028,0.19286975834802234,0.9561699522852838,3.222447636802281,53
海尔智家,三一重工,家电,机械,4.177960301163586,1.0306415738459869,0.007250134418291143,1.0869022072568473,0.9772931241170234,0.028482269500035517,1.0528598664035038,1.0237024960238923,0.012405332731695973,0.005622779880132711,0.9561699522852838,1.0912350397625008,53
海尔智家,汇川技术,家电,机械,4.177960301163586,1.0541222974250033,0.012695754553531557,1.0317862624903784,1.076941861240306,0.05318696965640557,0.9571260268312104,0.9087902285227338,-0.0104336093472841,-0.02263175936330264,0.9561699522852838,0.861410504760184,53
海尔智家,中航沈飞,家电,军工,4.177960301163586,1.0529010362470506,0.012414808017134682,1.1269340279971047,0.9837315801887927,0.049399983700685546,1.0940574624139898,1.0425552500542459,0.021749195379771935,0.010024799364647397,0.9561699522852838,1.1289405478232077,53
海尔智家,顺丰控股,家电,交运,4.177960301163586,1.0298116155383137,0.007055931971272189,0.848467675945214,1.24991439693468,0.011347515221428628,0.8136230973156086,0.8044940884019185,-0.04816932273731489,-0.05073650867521595,0.9561699522852838,0.6528182245185533,53
海尔智家,京沪高铁,家电,交运,4.177960301163586,1.0309523054963496,0.00732281210025687,1.0835289170173117,0.9809268949960631,0.029211970756849004,1.0455695516563033,1.015893306106249,0.010722996948937746,0.003781300556451095,0.9561699522852838,1.0756166599272141,53
海尔智家,中国中免,家电,免税,4.177960301163586,1.049998667656661,0.011746133154958205,0.5765108644011822,1.9123615358505333,-0.11677241795901394,0.5481049513970944,0.6205704651235174,-0.13404224166052547,-0.1079189944415112,0.9561699522852838,0.284970977961751,53
海尔智家,上海机场,家电,交运,4.177960301163586,1.0319670702942654,0.007560041583780652,0.7584338739711202,1.4041514635886119,-0.012812682182956392,0.7308841913243492,0.740370320944302,-0.0722905397058009,-0.06942269688724367,0.9561699522852838,0.5245706896033202,53
海尔智家,万科A,家电,地产,4.177960301163586,1.0225621078855542,0.005354533540799178,0.6962265646221717,1.501857753805749,-0.04506702166880583,0.6724912871437033,0.704228780871014,-0.0905965698081801,-0.08050345595375397,0.9561699522852838,0.45228760945674423,53
海尔智家,中国建筑,家电,建筑,4.177960301163586,1.0180099044832962,0.004281474773679683,1.0285740729123325,1.0075542373839514,0.017808572743253315,0.9974542787227472,0.980001844584934,-0.0006099123853500199,-0.004823422393059218,0.9561699522852838,1.0038337368845842,53
海尔智家,保利发展,家电,地产,4.177960301163586,1.021412755182865,0.005083948181998643,0.7421042678594969,1.4058455956054101,-0.025966618069547143,0.7157854648087086,0.7348674882066994,-0.07691413589943308,-0.0710828828872272,0.9561699522852838,0.513565024128115,53
海尔智家,牧原股份,家电,养殖,4.177960301163586,1.0338936310108868,0.008009940925753245,0.9069761347238346,1.178571297876935,0.02496003312998596,0.8663851376541767,0.8452867523121277,-0.03374656960043432,-0.039431520324775926,0.9561699522852838,0.7344035523389715,53
海尔智家,中国移动,家电,通信,4.177960301163586,1.0336371179851025,0.007950075640845045,1.4570296945591457,0.7332765390205838,-0.026559877866941917,1.4024831577099668,1.4407492826952364,0.08432666187571769,0.0913356289080185,0.9561699522852838,1.9253286131051888,53
海尔智家,中兴通讯,家电,通信,4.177960301163586,1.0808231073441414,0.018777184963702842,1.2823608850096342,0.9109593118635001,0.06426819364387115,1.2326296278109345,1.1581945558202043,0.051334452197348224,0.0357768163247445,0.9561699522852838,1.3602191593551247,53
苏泊尔,比亚迪,家电,汽车,4.177960301163586,1.05809459553174,0.013607857826076541,0.962389133627095,1.1633175541727212,0.052793135318617734,0.9056797118822575,0.8602636942614204,-0.023433490775860433,-0.03538504489261218,0.9464081249564923,0.7741192635663485,53
苏泊尔,长城汽车,家电,汽车,4.177960301163586,1.0347399602353087,0.00820737805139915,0.7377147677172687,1.4513560418762175,-0.021394824140874236,0.6990425308230617,0.7143253970727943,-0.08212880053616722,-0.07736516557241235,0.9464081249564923,0.4822426691890962,53
苏泊尔,上汽集团,家电,汽车,4.177960301163586,1.0210322871913537,0.004994325814640321,0.92004156741972,1.1331085120544544,0.019635473977632767,0.9059762158030349,0.8885295175821912,-0.023356977067552243,-0.02789193601952855,0.9464081249564923,0.8306509102078902,53
苏泊尔,长安汽车,家电,汽车,4.177960301163586,1.050776984110599,0.011925586810211719,0.757876415234112,1.4568764090587165,0.0003384348074155774,0.724762449938613,0.7245172480832888,-0.07415632712644205,-0.0742313091765372,0.9464081249564923,0.5026263712100852,53
苏泊尔,赛力斯,家电,汽车,4.177960301163586,1.1775954695409192,0.03990343123971152,0.9735808244880982,1.4243615476017937,0.152832194589817,0.9056556728745334,0.7855919336090105,-0.023439694947429923,-0.0561232789294146,0.9464081249564923,0.6247757422615287,53
苏泊尔,宁德时代,家电,电池,4.177960301163586,1.060812470021057,0.014230425721859286,1.1982353722736265,0.9391502893266278,0.05488836038528766,1.11743207592263,1.0592894166682234,0.026932239661032753,0.013881698293484401,0.9464081249564923,1.1721707083799544,53
苏泊尔,隆基绿能,家电,光伏,4.177960301163586,1.0699598483329311,0.016316889812517443,0.48545124341904433,2.35824728551868,-0.19747826658829037,0.45715425352222,0.5696471939504357,-0.1708452375790842,-0.12601499233691948,0.9464081249564923,0.1928862629443792,53
苏泊尔,通威股份,家电,光伏,4.177960301163586,1.0521117525030306,0.012233104371994319,0.5472125008712069,2.0228688818195146,-0.136869181005015,0.5196972483182846,0.6021071625311807,-0.14500316224239984,-0.1143448585721879,0.9464081249564923,0.2578062001058692,53
苏泊尔,阳光电源,家电,光伏,4.177960301163586,1.1530813608861223,0.034680481542576524,1.2955094935734544,1.0263117572033482,0.14648740468991872,1.2152697431285673,1.0599939765210518,0.04777133460236049,0.014043065916722108,0.9464081249564923,1.1735798280856111,53
苏泊尔,晶澳科技,家电,光伏,4.177960301163586,1.1043783697983884,0.02404801750468999,0.4217946419123673,2.8915767591280654,-0.25962446303704967,0.40223340076329306,0.5432829431578335,-0.19586058775246729,-0.13587183614785403,0.9464081249564923,0.1401577613591748,53
苏泊尔,亿纬锂能,家电,电池,4.177960301163586,1.0963641367403845,0.02226439815132264,0.796826406232833,1.5085021165566885,0.0395650446961231,0.7465651423931887,0.7181514482447978,-0.0675649331895386,-0.07618474328321345,0.9464081249564923,0.4898947715331034,53
苏泊尔,立讯精密,家电,电子,4.177960301163586,1.1054131045448978,0.02427758608782926,1.4144599264332582,0.8638902445125204,0.06670260318265453,1.3702811896387894,1.2845953366480651,0.0783148126477402,0.06177711162737154,0.9464081249564923,1.6227825483396379,53
苏泊尔,京东方A,家电,电子,4.177960301163586,1.0526615203266532,0.012359679210731223,1.2752670077687265,0.8689131527955103,0.035412974410999665,1.1957838363717257,1.1548858918364955,0.043725430722175274,0.03506781766595912,0.9464081249564923,1.3633636587164986,53
苏泊尔,工业富联,家电,电子,4.177960301163586,1.164255257569879,0.03707155084962799,3.020519199080727,0.4487606982242123,-0.22784513999493694,2.9057007292906083,3.7631061847769183,0.29086158127594164,0.373275793677486,0.9464081249564923,6.579804244597344,53
苏泊尔,海康威视,家电,安防,4.177960301163586,1.0253982321406399,0.006021237261832457,1.1018016739947074,0.9542929179486799,0.023164795655078896,1.0369789251358654,1.0135013729356688,0.008729106517264107,0.003215106899276954,0.9464081249564923,1.0805946209148454,53
苏泊尔,大华股份,家电,安防,4.177960301163586,1.0616534258273806,0.014422812837640686,1.155408774845049,0.9755058305855167,0.0575575312556591,1.0972438384151493,1.037526381295181,0.02246066503902222,0.008856545553227901,0.9464081249564923,1.1286446376338697,53
苏泊尔,韦尔股份,家电,半导体,4.177960301163586,1.0811876981912838,0.01885943012041169,0.9081304305203848,1.287223508246844,0.06356287937619154,0.8530371556335633,0.8020561568808162,-0.0373307659348735,-0.051425830859541,0.9464081249564923,0.6577041888051403,53
苏泊尔,北方华创,家电,半导体,4.177960301163586,1.0875245925478878,0.02028556134725079,1.856620894071531,0.6370227455551205,-0.056095469538826936,1.7750973673979418,1.8805899432760051,0.14723302149919215,0.1631952943114121,0.9464081249564923,2.814771761595518,53
苏泊尔,中芯国际,家电,半导体,4.177960301163586,1.1506662867308286,0.034161372373120225,1.9498173894754107,0.679054823577678,0.008396635100723193,1.841184860438594,1.8258538320634996,0.157314492440358,0.15500061214613248,0.9464081249564923,2.705299539170507,53
苏泊尔,兆易创新,家电,半导体,4.177960301163586,1.1646300988963205,0.03715145889326066,1.9536541606514068,0.6942698941162652,0.018349305390567006,1.8726303511330782,1.8388880330358446,0.1620150136184042,0.15696877268347165,0.9464081249564923,2.731367941115197,53
苏泊尔,科大讯飞,家电,软件,4.177960301163586,1.101269670331352,0.02335732885131314,1.081760546390148,1.1211306336128088,0.1012726149628762,1.0331747100331643,0.9381643527638182,0.007842129824496391,-0.015161707056638773,0.9464081249564923,0.929920580571144,53
苏泊尔,恒生电子,家电,软件,4.177960301163586,1.1190829563285996,0.027295174013828083,0.9375191516788655,1.335809152167734,0.09774681387196171,0.8690792037204111,0.7916936699228518,-0.03302826109714674,-0.05437372064295931,0.9464081249564923,0.6369792148892113,53
苏泊尔,浪潮信息,家电,服务器,4.177960301163586,1.213646029212854,0.047436091512807366,2.2434416575846208,0.6565522572180238,0.03662079985159283,2.0481092398258527,1.9757554933482608,0.1871969062029346,0.17702072285097725,0.9464081249564923,3.0051028617400295,53
苏泊尔,分众传媒,家电,传媒,4.177960301163586,1.0182657823584238,0.00434188776812694,1.0217694002236448,1.014774178298023,0.01824399524250886,0.9713936400592175,0.9539890680404814,-0.006922736664001228,-0.011210862281763934,0.9464081249564923,0.9615700111244705,53
苏泊尔,紫金矿业,家电,有色,4.177960301163586,1.0679584036130183,0.01586153476902563,2.0286624899694017,0.5622104009350856,-0.11870261725917441,1.91659229216698,2.174739571115482,0.16848689068296996,0.2043669995105486,0.9464081249564923,3.403071017274472,53
苏泊尔,中国神华,家电,煤炭,4.177960301163586,1.018309988943445,0.004352323812406578,1.2850903446316408,0.8069123217008004,-0.011518172412500971,1.2318670938965308,1.2462212855273636,0.05117874619518559,0.05409759317841667,0.9464081249564923,1.546034446098235,53
苏泊尔,陕西煤业,家电,煤炭,4.177960301163586,1.0312565072581528,0.0073939463539376415,1.285551041761619,0.827263911905793,0.00437184980498917,1.2298230566454673,1.2244698583340943,0.05076100099755054,0.04966444566806505,0.9464081249564923,1.5025315917116964,53
苏泊尔,长江电力,家电,电力,4.177960301163586,1.0160461564545948,0.0038174472249168367,1.1658928498992485,0.8854585497589822,0.004616461569825869,1.1188117074473212,1.1136704904268167,0.02723556984277975,0.026103755816289764,0.9464081249564923,1.280932855897141,53
苏泊尔,万华化学,家电,化工,4.177960301163586,1.0255577942244252,0.006058704723688857,0.9855012348050987,1.0672424875271471,0.024783600953716123,0.9335838266648542,0.9110058219081699,-0.016314748890486452,-0.02206196515675518,0.9464081249564923,0.8756035188598476,53
苏泊尔,海螺水泥,家电,建材,4.177960301163586,1.0124041775353094,0.002955050059466391,0.8752180554119025,1.1710935490339835,0.0025544065326958965,0.8328458578293252,0.8307238513964519,-0.042834480677856335,-0.0434187674735067,0.9464081249564923,0.7150395778364116,53
苏泊尔,宝钢股份,家电,钢铁,4.177960301163586,1.0108435235713353,0.0025847748581311336,1.0580223599105891,0.9657684637519978,0.009214711298297651,1.014061936302589,1.0048029670495544,0.003347888772039287,0.0011475020926081658,0.9464081249564923,1.0631978091426164,53
苏泊尔,洛阳钼业,家电,有色,4.177960301163586,1.1102184721888135,0.025341578620479366,2.0334633540669538,0.6061506117255945,-0.06982273602201239,1.9388874231958224,2.0844278808793866,0.1717260121223143,0.19220216279150226,0.9464081249564923,3.222447636802281,53
苏泊尔,三一重工,家电,机械,4.177960301163586,1.0304370233086049,0.007202282563399054,1.0967800523528535,0.968107011726995,0.027870768806592894,1.0472169231366053,1.0188215823594966,0.011103927999595475,0.0044730728720066,0.9464081249564923,1.0912350397625008,53
苏泊尔,汇川技术,家电,机械,4.177960301163586,1.0505059151821308,0.011863098890078305,1.0377972572115053,1.0633702008404302,0.049982551641759354,0.9490890088677123,0.9039093148583381,-0.01242886267911203,-0.023890743892894806,0.9464081249564923,0.861410504760184,53
苏泊尔,中航沈飞,家电,军工,4.177960301163586,1.0485450382468264,0.011410703859573434,1.1326958363632624,0.9706460127566315,0.044544568561071696,1.0838970920112323,1.03767433638985,0.019469960808023767,0.008890978352432022,0.9464081249564923,1.1289405478232077,53
苏泊尔,顺丰控股,家电,交运,4.177960301163586,1.0201118467859291,0.004777403388333656,0.8482826448549124,1.2267469884769184,0.0027751098696360277,0.8018321891506279,0.7996131747375228,-0.05148923736012101,-0.0521181816769718,0.9464081249564923,0.6528182245185533,53
苏泊尔,京沪高铁,家电,交运,4.177960301163586,1.0167268791924693,0.003978377079596029,1.0785033841702851,0.9584889227470812,0.014661657251782145,1.0258355096171399,1.0110123924418533,0.006123905700636811,0.0026248610564134633,0.9464081249564923,1.0756166599272141,53
苏泊尔,中国中免,家电,免税,4.177960301163586,1.0474244957703518,0.011151893855188,0.5804392194960427,1.8901170656461048,-0.1164695750841731,0.5439804510169126,0.6156895514591216,-0.1356064214722441,-0.1096034253296535,0.9464081249564923,0.284970977961751,53
苏泊尔,上海机场,家电,交运,4.177960301163586,1.0262718326861018,0.006226316879248905,0.7612539632833085,1.3835512527544216,-0.016826512760920065,0.7231136853827894,0.7354894072799063,-0.07466088664540138,-0.07089477900457697,0.9464081249564923,0.5245706896033202,53
苏泊尔,万科A,家电,地产,4.177960301163586,1.0181106199274064,0.004305255158098875,0.699634371095774,1.48155847858863,-0.04751965486334375,0.6661150979275442,0.6993478672066182,-0.09266784981667153,-0.08203285599770771,0.9464081249564923,0.45228760945674423,53
苏泊尔,中国建筑,家电,建筑,4.177960301163586,1.0157517411202985,0.003747819005951225,1.0358250747877011,0.9960674101275081,0.015360902693697609,0.9900996686549963,0.9751209309205382,-0.002378631390766661,-0.0060120186141350285,0.9464081249564923,1.0038337368845842,53
苏泊尔,保利发展,家电,地产,4.177960301163586,1.0219438269013892,0.00520900404669411,0.7493866498353449,1.3936319596450315,-0.023991471341551773,0.7124731225594544,0.7299865745423036,-0.07793836208470672,-0.07256337027131488,0.9464081249564923,0.513565024128115,53
苏泊尔,牧原股份,家电,养殖,4.177960301163586,1.0340855714546993,0.008054728802976197,0.9155704199333815,1.1679418052503254,0.025840026212949452,0.862121947547905,0.8404058386477319,-0.03488672696387862,-0.040762026914864635,0.9464081249564923,0.7344035523389715,53
苏泊尔,中国移动,家电,通信,4.177960301163586,1.0245177558395562,0.00581440902803787,1.4575889624167098,0.7201184003823707,-0.03684116956183692,1.382969298978897,1.4358683690308405,0.08069628010127095,0.0904495608968392,0.9464081249564923,1.9253286131051888,53
苏泊尔,中兴通讯,家电,通信,4.177960301163586,1.0700243259083808,0.01633154853417551,1.2813405419597679,0.8935579734990031,0.05266498485012017,1.214052887647381,1.1533136421558086,0.04752012630783997,0.034730365731624246,0.9464081249564923,1.3602191593551247,53
比亚迪,长城汽车,汽车,汽车,4.177960301163586,1.0345633024322753,0.008166176329402086,0.8109388572298141,1.3198544097341909,0.0062812884457130735,0.6321267522236476,0.6281809663777224,-0.10397066091811846,-0.10531256305810466,0.7741192635663485,0.4822426691890962,53
比亚迪,上汽集团,汽车,汽车,4.177960301163586,1.045406976327703,0.010685378989355732,1.0356837279859938,1.0552215088672419,0.04579674961218827,0.8391317158038428,0.8023850868871194,-0.04111031198737192,-0.051332733369197525,0.7741192635663485,0.8306509102078902,53
比亚迪,长安汽车,汽车,汽车,4.177960301163586,1.0583015020937294,0.013655295472256856,0.8392107504392506,1.3345897544182135,0.03423045080988296,0.6602246067121905,0.6383728173882168,-0.09459479787600922,-0.10185943579492152,0.7741192635663485,0.5026263712100852,53
比亚迪,赛力斯,汽车,汽车,4.177960301163586,1.1716329447581457,0.03864072950189379,1.0649794942737623,1.288967313101874,0.16501713482781888,0.8148683258072693,0.6994475029139386,-0.04782085022227034,-0.08200155479313953,0.7741192635663485,0.6247757422615287,53
比亚迪,宁德时代,汽车,电池,4.177960301163586,1.0423214431809122,0.00997057893329889,1.2944312153567699,0.8393138067327105,0.020332646822589062,0.9929315992801169,0.9731449859731515,-0.0016963975954482624,-0.006494486215175677,0.7741192635663485,1.1721707083799544,53
比亚迪,隆基绿能,汽车,光伏,4.177960301163586,1.051577526770906,0.012110059634403036,0.5245576426431772,2.1080910941218147,-0.15957875437901692,0.4063459945562602,0.48350276325536384,-0.1939002868410088,-0.15964943145160893,0.7741192635663485,0.1928862629443792,53
比亚迪,通威股份,汽车,光伏,4.177960301163586,1.0568207365368547,0.013315643522020304,0.6043231760093636,1.8481337693343654,-0.08493530824643258,0.4721392781639375,0.5159627318361089,-0.1644195308800721,-0.14647776310365135,0.7741192635663485,0.2578062001058692,53
比亚迪,阳光电源,汽车,光伏,4.177960301163586,1.1261104323018758,0.028835573518678714,1.3910265365447474,0.9116466669924838,0.10217773679525322,1.0733552883975637,0.9738495458259798,0.017087917399502883,-0.006322368027411263,0.7741192635663485,1.1735798280856111,53
比亚迪,晶澳科技,汽车,光伏,4.177960301163586,1.0766085956221312,0.017824931387566467,0.4520794801019764,2.5638988699641945,-0.2241807014309699,0.3546568800877496,0.45713851246276166,-0.21972790141379217,-0.17085207115734313,0.7741192635663485,0.1401577613591748,53
比亚迪,亿纬锂能,汽车,电池,4.177960301163586,1.0608614228443958,0.014241627935012602,0.8476983531037673,1.3276266897992566,0.03370450203011233,0.653308499355776,0.632007017549726,-0.09687401751876379,-0.10401128700333506,0.7741192635663485,0.4898947715331034,53
比亚迪,立讯精密,汽车,电子,4.177960301163586,1.0940101518816772,0.021738619784064994,1.539079935633675,0.777645257214919,0.023563237494090394,1.2266902892749716,1.1984509059529933,0.05011972301670964,0.04428214908829653,0.7741192635663485,1.6227825483396379,53
比亚迪,京东方A,汽车,电子,4.177960301163586,1.0600396515751915,0.014053524205918544,1.411914091239855,0.7958586644070562,0.018971732756872806,1.0890173385283883,1.0687414611414234,0.020620586690880627,0.016039767911708136,0.7741192635663485,1.3633636587164986,53
比亚迪,工业富联,汽车,电子,4.177960301163586,1.1548812028453226,0.03506681178750304,3.2941584942045177,0.40488355221278954,-0.2909735793099395,2.607063031510898,3.6769617540818462,0.2577849305513058,0.3656849491071106,0.7741192635663485,6.579804244597344,53
比亚迪,海康威视,汽车,安防,4.177960301163586,1.0472706733959345,0.01111634929593519,1.2372104829110195,0.8864909233347117,0.032874022878644826,0.9578428955764844,0.927356942240597,-0.010256260866251643,-0.01788914476863379,0.7741192635663485,1.0805946209148454,53
比亚迪,大华股份,汽车,安防,4.177960301163586,1.0617624973364301,0.014447756848438909,1.2704397185136997,0.887361741231594,0.04321294351426008,0.9924939650918783,0.9513819506001091,-0.0018017302554764747,-0.011858315596580127,0.7741192635663485,1.1286446376338697,53
比亚迪,韦尔股份,汽车,半导体,4.177960301163586,1.0483414478643,0.011363696540999113,0.9681077016915703,1.1352247166197569,0.044872445666697125,0.7480364362211656,0.7159117261857444,-0.06712543131334925,-0.07687516537016648,0.7741192635663485,0.6577041888051403,53
比亚迪,北方华创,汽车,半导体,4.177960301163586,1.079721672763409,0.01852859283184749,2.0266079935133043,0.5752463694836208,-0.11169676038986287,1.5940117621295162,1.7944455125809333,0.11806382951725247,0.15021367765453197,0.7741192635663485,2.814771761595518,53
比亚迪,中芯国际,汽车,半导体,4.177960301163586,1.1374284196949793,0.03130113818107838,2.1190558888101547,0.6105282153064174,-0.05384667087755868,1.6460318418103475,1.7397094013684278,0.12669083181906649,0.1417168221891465,0.7741192635663485,2.705299539170507,53
比亚迪,兆易创新,汽车,半导体,4.177960301163586,1.1544643601355684,0.03497737862294659,2.129187914076301,0.6259607007967761,-0.04208055128288912,1.678987185296716,1.7527436023407728,0.13204937936929717,0.143758409478717,0.7741192635663485,2.731367941115197,53
比亚迪,科大讯飞,汽车,软件,4.177960301163586,1.0877292597352537,0.0203315166343907,1.1747137599161104,1.007185735671212,0.0832911572676347,0.9229856473929321,0.8520199220687463,-0.018999186772990617,-0.037605658235718153,0.7741192635663485,0.929920580571144,53
比亚迪,恒生电子,汽车,软件,4.177960301163586,1.086582429123971,0.020073926231496397,1.0008162080999177,1.1796984958132057,0.08156485954053694,0.7630972638243264,0.7055492392277799,-0.06266388168415771,-0.08009108577040602,0.7741192635663485,0.6369792148892113,53
比亚迪,浪潮信息,汽车,服务器,4.177960301163586,1.1964730241762416,0.04386938072779634,2.4316408875900954,0.5887167405710931,-0.03378677041707501,1.8257672075017606,1.889611062653189,0.1549874961649491,0.16452839767499183,0.7741192635663485,3.0051028617400295,53
比亚迪,分众传媒,汽车,传媒,4.177960301163586,1.040745961355698,0.009604979133405633,1.1481807516628666,0.9433637992184662,0.03471237796704818,0.8979695884136192,0.8678446373454095,-0.025429833551264602,-0.03335721824428328,0.7741192635663485,0.9615700111244705,53
比亚迪,紫金矿业,汽车,有色,4.177960301163586,1.0712378229681438,0.016607307054340215,2.237253237919883,0.5129282880933403,-0.1675188377100557,1.7387161100503126,2.08859514042041,0.14156076335888668,0.19277222114604342,0.7741192635663485,3.403071017274472,53
比亚迪,中国神华,汽车,煤炭,4.177960301163586,1.0521858182123522,0.012250159693658613,1.4598891671160164,0.7583418118200318,-0.007586919635799716,1.1512754449633278,1.1600768548322917,0.03429238625313924,0.03617947838015545,0.7741192635663485,1.546034446098235,53
比亚迪,陕西煤业,汽车,煤炭,4.177960301163586,1.067236193937671,0.01569706317537567,1.462705698747824,0.7786891748802388,0.011272210832372176,1.1511568718552196,1.1383254276390224,0.034266888436532916,0.03149574729839366,0.7741192635663485,1.5025315917116964,53
比亚迪,长江电力,汽车,电力,4.177960301163586,1.0524656911940753,0.012314598597746862,1.3277824815815875,0.8342360638929393,0.02015046760971262,1.048231190316505,1.0275260597317448,0.011338236095625787,0.006520517342168519,0.7741192635663485,1.280932855897141,53
比亚迪,万华化学,汽车,化工,4.177960301163586,1.0604545749067424,0.014148514158976555,1.1203736564212057,1.0037400460064538,0.05846943785528813,0.8730905730658587,0.824861391213098,-0.03196185706681254,-0.04503889679728801,0.7741192635663485,0.8756035188598476,53
比亚迪,海螺水泥,汽车,建材,4.177960301163586,1.0488258909744002,0.011475539014981662,0.9968722919146806,1.1034871352130962,0.048064837950524186,0.7803675098986871,0.7445794207013801,-0.0576295172783976,-0.06815914975251103,0.7741192635663485,0.7150395778364116,53
比亚迪,宝钢股份,汽车,钢铁,4.177960301163586,1.0464838406035066,0.010934469496227228,1.2042515806812977,0.9093850871465773,0.033621581879049955,0.9495452895534129,0.9186585363544825,-0.012315243975785206,-0.020101954257368604,0.7741192635663485,1.0631978091426164,53
比亚迪,洛阳钼业,汽车,有色,4.177960301163586,1.0991841190022025,0.022893130884340307,2.2134623116214978,0.5458442735270983,-0.1311446823088408,1.7362192019468785,1.9982834501843147,0.14116816729700843,0.1802191284562804,0.7741192635663485,3.222447636802281,53
比亚迪,三一重工,汽车,机械,4.177960301163586,1.045688183791549,0.010750444178716512,1.2236975054686092,0.8935735938290824,0.03057452652480519,0.9611933139770684,0.9326771516644247,-0.009428726072600258,-0.016543493383032515,0.7741192635663485,1.0912350397625008,53
比亚迪,汇川技术,汽车,机械,4.177960301163586,1.0586517551757102,0.013735582222503373,1.1498492960853532,0.9746873286370383,0.05759395367796527,0.8648631970212322,0.8177648841632663,-0.03415311009610722,-0.04701182343525323,0.7741192635663485,0.861410504760184,53
比亚迪,中航沈飞,汽车,军工,4.177960301163586,1.0622256382387247,0.014553652736591705,1.2615857635149672,0.8943690862426887,0.04374405705442208,0.9931536841784793,0.9515299056947781,-0.0016429582555643751,-0.011821536230279595,0.7741192635663485,1.1289405478232077,53
比亚迪,顺丰控股,汽车,交运,4.177960301163586,1.0414014751938467,0.00975714606967637,0.9521048218053607,1.139073143731677,0.037642085336760056,0.7403251953908079,0.713468744042451,-0.06943627288492782,-0.07763012085339638,0.7741192635663485,0.6528182245185533,53
比亚迪,京沪高铁,汽车,交运,4.177960301163586,1.0507177429011685,0.011911931331003212,1.225397693264739,0.900938349496968,0.0367254232433365,0.9588341290861339,0.9248679617467813,-0.010011202639521155,-0.01852070468168554,0.7741192635663485,1.0756166599272141,53
比亚迪,中国中免,汽车,免税,4.177960301163586,1.078216572149495,0.01818858180342331,0.656922007083234,1.7696940640177217,-0.04366276947405556,0.5064237142300182,0.5295451207640498,-0.15028151489946795,-0.14115294201946482,0.7741192635663485,0.284970977961751,53
比亚迪,上海机场,汽车,交运,4.177960301163586,1.0480005205976344,0.01128496373071064,0.8546778349077889,1.2850515671690594,0.02851566661538074,0.6678614814554997,0.6493449765848344,-0.09209904960567938,-0.09818849023331855,0.7741192635663485,0.5245706896033202,53
比亚迪,万科A,汽车,地产,4.177960301163586,1.0588513621944873,0.013781328096270196,0.7999907298306684,1.4014739989030063,0.021812244273398562,0.6265787796580237,0.6132034365115464,-0.1058592731457556,-0.1104653049682559,0.7741192635663485,0.45228760945674423,53
比亚迪,中国建筑,汽车,建筑,4.177960301163586,1.0509628620256313,0.011968429062350738,1.1783111833364326,0.9373779634592009,0.042280087808229005,0.9265625047144512,0.8889765002254664,-0.018090587022345894,-0.02777490904938651,0.7741192635663485,1.0038337368845842,53
比亚迪,保利发展,汽车,地产,4.177960301163586,1.0668654413403114,0.015612597368968473,0.860126563160996,1.3232958016589147,0.044851595078932105,0.6727194909778192,0.6438421438472317,-0.0905227160650548,-0.10002361994817666,0.7741192635663485,0.513565024128115,53
比亚迪,牧原股份,汽车,养殖,4.177960301163586,1.0650157165730092,0.01519085444265511,1.0367285936322532,1.0940746532065484,0.06464673276807398,0.8030219436298468,0.75426140795266,-0.05115256545427016,-0.06527316441512332,0.7741192635663485,0.7344035523389715,53
比亚迪,中国移动,汽车,通信,4.177960301163586,1.059643965306653,0.013962911916749254,1.6574839664626597,0.6774396349710349,-0.04151356182410937,1.2936920901761864,1.3497239383357686,0.06357193928147953,0.07442051227702118,0.7741192635663485,1.9253286131051888,53
比亚迪,中兴通讯,汽车,通信,4.177960301163586,1.071938452392137,0.01676641189420658,1.4112844360499375,0.8141888455405534,0.030753938423597305,1.099988867677559,1.0671692114607367,0.023072329596941055,0.015681804708034264,0.7741192635663485,1.3602191593551247,53
长城汽车,上汽集团,汽车,汽车,4.177960301163586,1.027304860715478,0.006468651166148032,1.2984046450114763,0.8128092277737652,-0.008825340458136988,0.6506534232867529,0.6564467896984931,-0.09775388049336886,-0.09583752323971573,0.4822426691890962,0.8306509102078902,53
长城汽车,长安汽车,汽车,汽车,4.177960301163586,1.040638474892665,0.009580020932744127,1.0527626372691505,1.0286539406793829,0.04045880174944694,0.51235783082693,0.4924345201995907,-0.14790890525566025,-0.1559596129038079,0.4822426691890962,0.5026263712100852,53
长城汽车,赛力斯,汽车,汽车,4.177960301163586,1.1343920296640477,0.03064151475691146,1.3154725670736838,0.9782380181655566,0.12514514032907065,0.622778192949239,0.5535092057253124,-0.107160403547783,-0.13200622090446534,0.4822426691890962,0.6247757422615287,53
长城汽车,宁德时代,汽车,电池,4.177960301163586,1.0479286904915162,0.011268372997796039,1.6602672237685634,0.6614324035516487,-0.04741861499597433,0.7879816932869571,0.8272066887845253,-0.05543683300360158,-0.044389710640540536,0.4822426691890962,1.1721707083799544,53
长城汽车,隆基绿能,汽车,光伏,4.177960301163586,1.0455382795882993,0.01071576131723706,0.6653663285085271,1.6429299879584325,-0.0553409437073743,0.3188833299525285,0.3375644660667377,-0.2393346085983865,-0.22889841703428282,0.4822426691890962,0.1928862629443792,53
长城汽车,通威股份,汽车,光伏,4.177960301163586,1.0398332131497459,0.009392977924404189,0.7585785658186259,1.425367338190583,-0.009136396245648881,0.3666437447919711,0.3700244346474827,-0.21349529340439766,-0.2117655542742296,0.4822426691890962,0.2578062001058692,53
长城汽车,阳光电源,汽车,光伏,4.177960301163586,1.1219810932093124,0.027931325044073585,1.7681085749138004,0.7119707417179033,0.019560914305998267,0.844105949624921,0.8279112486373537,-0.03975286281490664,-0.04419495962647546,0.4822426691890962,1.1735798280856111,53
长城汽车,晶澳科技,汽车,光伏,4.177960301163586,1.0805953652064693,0.018725799712965063,0.5788806208295183,2.0171453340974583,-0.09723791547040828,0.28093975504693625,0.3112002152741355,-0.262053490681985,-0.24376205251667205,0.4822426691890962,0.1401577613591748,53
长城汽车,亿纬锂能,汽车,电池,4.177960301163586,1.0696433597115291,0.016244927631549055,1.0904120454158135,1.0492702476875766,0.06967922436166019,0.519937611782326,0.4860687203610998,-0.14490852940607313,-0.15858413155187323,0.4822426691890962,0.4898947715331034,53
长城汽车,立讯精密,汽车,电子,4.177960301163586,1.0884050610311446,0.02048321210229309,1.9534366675955788,0.6064315247733763,-0.08498150435478813,0.9630685039191885,1.052512608764367,-0.008966521797487914,0.01232539978247571,0.4822426691890962,1.6227825483396379,53
长城汽车,京东方A,汽车,电子,4.177960301163586,1.0657605174270393,0.015360738278352715,1.8109845598959078,0.6271977716759976,-0.06348788979451425,0.8642163383777332,0.9228031639527974,-0.03432606366187785,-0.019045613303434017,0.4822426691890962,1.3633636587164986,53
长城汽车,工业富联,汽车,电子,4.177960301163586,1.1582220366919713,0.035782698621688924,4.214712549616569,0.3182846446790157,-0.4156418194015674,2.0633824429205103,3.5310234568932204,0.18930994443764315,0.35251064342537686,0.4822426691890962,6.579804244597344,53
长城汽车,海康威视,汽车,安防,4.177960301163586,1.0423521619125995,0.009977703216156764,1.570970677603632,0.6916093628820752,-0.03704726037730932,0.7524692250450462,0.7814186450519708,-0.06580524042684288,-0.05732585252792288,0.4822426691890962,1.0805946209148454,53
长城汽车,大华股份,汽车,安防,4.177960301163586,1.0618187607868255,0.014460623205669432,1.6208619765136894,0.6955922818202699,-0.02741470606844154,0.7833626523985154,0.8054436534114829,-0.05676506169005824,-0.050468450258205455,0.4822426691890962,1.1286446376338697,53
长城汽车,韦尔股份,汽车,半导体,4.177960301163586,1.0762217918163632,0.017737392500094318,1.267919434120357,0.9135070525864947,0.06343752668357583,0.6061311336080522,0.5699734289971182,-0.11293173403485723,-0.12589521635125822,0.4822426691890962,0.6577041888051403,53
长城汽车,北方华创,汽车,半导体,4.177960301163586,1.1016098914968098,0.02343299116595543,2.637878072626091,0.46004565777200285,-0.2214104781249101,1.2835104446399321,1.648507215392307,0.061562413250685344,0.12709614873082353,0.4822426691890962,2.814771761595518,53
长城汽车,中芯国际,汽车,半导体,4.177960301163586,1.147508893754709,0.03348145368872113,2.727365575328531,0.48280167248482675,-0.17761867117867292,1.310687598492419,1.5937711041798015,0.06689966184131335,0.11802342444216407,0.4822426691890962,2.705299539170507,53
长城汽车,兆易创新,汽车,半导体,4.177960301163586,1.1740439609115367,0.039151904925583736,2.7624013626846238,0.49897862083780614,-0.16136634409615114,1.3475210073854442,1.6068053051521467,0.07400052544396218,0.12020514237796487,0.4822426691890962,2.731367941115197,53
长城汽车,科大讯飞,汽车,软件,4.177960301163586,1.0931070543429515,0.021536678459557645,1.5060621714638187,0.7933822752436286,0.03675686772717057,0.7320349737704243,0.70608162488012,-0.0719411320366703,-0.0799249913910044,0.4822426691890962,0.929920580571144,53
长城汽车,恒生电子,汽车,软件,4.177960301163586,1.0968979574254638,0.022383511133307277,1.288922599456577,0.9334812885672341,0.08663140914810996,0.608090826522707,0.5596109420391537,-0.11224611822226849,-0.1297255218454999,0.4822426691890962,0.6369792148892113,53
长城汽车,浪潮信息,汽车,服务器,4.177960301163586,1.1965408808390785,0.043883550473897026,3.102365953952548,0.4614897471057846,-0.1733204029946983,1.4414586990633649,1.743672765464563,0.0914642243286079,0.14233884369234118,0.4822426691890962,3.0051028617400295,53
长城汽车,分众传媒,汽车,传媒,4.177960301163586,1.0271284794115523,0.006427287644204194,1.4456370075509177,0.7297771900607136,-0.031121052586164377,0.6994398549824786,0.7219063401567833,-0.08200395732029875,-0.07503091709411025,0.4822426691890962,0.9615700111244705,53
长城汽车,紫金矿业,汽车,有色,4.177960301163586,1.0607985619725386,0.014227242975192178,2.8263837527444897,0.39813899580703344,-0.3004688058976984,1.3589490612769375,1.942656843231784,0.07617363095442187,0.17227084440902884,0.4822426691890962,3.403071017274472,53
长城汽车,中国神华,汽车,煤炭,4.177960301163586,1.038182688390689,0.009009255948499106,1.8376812463971965,0.5865126482556257,-0.11600981288849854,0.896488533328412,1.0141385576436655,-0.02581480718886764,0.0033660338993592998,0.4822426691890962,1.546034446098235,53
长城汽车,陕西煤业,汽车,煤炭,4.177960301163586,1.0453166911159733,0.010664486164366771,1.8277350978613984,0.5978366263274044,-0.10333366118178611,0.88984013495127,0.9923871304503963,-0.02754892284421373,-0.0018274492808170173,0.4822426691890962,1.5025315917116964,53
长城汽车,长江电力,汽车,电力,4.177960301163586,1.0417900991705873,0.009847324443671868,1.6767494449102547,0.6472801371870752,-0.07115173772203476,0.8188612612836951,0.8815877625431185,-0.04670616711487685,-0.0297151687688767,0.4822426691890962,1.280932855897141,53
长城汽车,万华化学,汽车,化工,4.177960301163586,1.0302901563275357,0.00716792054635218,1.388670876822252,0.7643984070973561,-0.01388957223999765,0.6694931426646163,0.6789230940244719,-0.09156863605724597,-0.08852230195433841,0.4822426691890962,0.8756035188598476,53
长城汽车,海螺水泥,汽车,建材,4.177960301163586,1.027264733652364,0.0064592413654041,1.2456254206070199,0.8471831222676919,0.0076681523818167285,0.6032315948698717,0.5986411235127539,-0.11394926279964612,-0.11556782065254667,0.4822426691890962,0.7150395778364116,53
长城汽车,宝钢股份,汽车,钢铁,4.177960301163586,1.0255228625396755,0.006050502643090594,1.5055632447960163,0.6985406592693895,-0.04963422601615519,0.7343668681678407,0.7727202391658563,-0.07123438699385598,-0.05984817140291776,0.4822426691890962,1.0631978091426164,53
长城汽车,洛阳钼业,汽车,有色,4.177960301163586,1.0880324616102675,0.02039958448354029,2.7951974917801574,0.42351735109914207,-0.2677590398976697,1.356362993270461,1.8523451529956887,0.0756830966763744,0.15898969171241184,0.4822426691890962,3.222447636802281,53
长城汽车,三一重工,汽车,机械,4.177960301163586,1.0307728408410615,0.007280838766002384,1.5388766138949737,0.6904339437106203,-0.04953360994716527,0.7477688389279147,0.7867388544757985,-0.06720531847748501,-0.055793633998869496,0.4822426691890962,1.0912350397625008,53
长城汽车,汇川技术,汽车,机械,4.177960301163586,1.0394533346968022,0.009304703011761228,1.4403291730892125,0.7501502123260678,-0.0021417103891467892,0.6703877289936114,0.67182658697464,-0.09127824492797842,-0.09081179580577459,0.4822426691890962,0.861410504760184,53
长城汽车,中航沈飞,汽车,军工,4.177960301163586,1.0503381755301826,0.011824424714893533,1.5914687276559265,0.6932026145439821,-0.03793767822018301,0.775029333285766,0.805591608506152,-0.05917649508246836,-0.05042670477313116,0.4822426691890962,1.1289405478232077,53
长城汽车,顺丰控股,汽车,交运,4.177960301163586,1.0344806935246227,0.008146907700466333,1.2065850068552642,0.8869249155219731,0.022735898467793003,0.5804337614708744,0.5675304468538247,-0.12208209522317925,-0.12679341837587899,0.4822426691890962,0.6528182245185533,53
长城汽车,京沪高铁,汽车,交运,4.177960301163586,1.0340600803642006,0.008048781010457917,1.5385291305051163,0.6950016275946366,-0.043880473673961196,0.7447498619186436,0.7789296645581552,-0.06810809887299751,-0.05804540386909263,0.4822426691890962,1.0756166599272141,53
长城汽车,中国中免,汽车,免税,4.177960301163586,1.0602925740239368,0.014111430054573493,0.8241428339888098,1.3641086182708595,0.024705712639592203,0.3930841035252648,0.38360682357542364,-0.20027698430743168,-0.20493493054490042,0.4822426691890962,0.284970977961751,53
长城汽车,上海机场,汽车,交运,4.177960301163586,1.0378627174021404,0.00893481385563133,1.0798161351088598,0.9975392894687234,0.0369481881563094,0.5220066441056822,0.5034066793962082,-0.1440953093986057,-0.1514959194981842,0.4822426691890962,0.5245706896033202,53
长城汽车,万科A,汽车,地产,4.177960301163586,1.0424476838123862,0.009999855618006315,1.0047850902838988,1.0815219931047801,0.0419236947005075,0.4868546203680844,0.46726513932292024,-0.15825870789630458,-0.1664923620253892,0.4822426691890962,0.45228760945674423,53
长城汽车,中国建筑,汽车,建筑,4.177960301163586,1.0308204380578265,0.007291971381967688,1.474431529116909,0.7206782780575465,-0.03472327584963286,0.7172374825459765,0.7430382030368402,-0.07646628645135356,-0.06862118228985825,0.4822426691890962,1.0038337368845842,53
长城汽车,保利发展,汽车,地产,4.177960301163586,1.0460116893835802,0.010825279758913009,1.0758660648729037,1.0169857476230992,0.045499889001801685,0.5205584164151422,0.4979038466586056,-0.14466426799762755,-0.15372522906325337,0.4822426691890962,0.513565024128115,53
长城汽车,牧原股份,汽车,养殖,4.177960301163586,1.0540333795847001,0.012675307698429394,1.3089781075316302,0.848743274533259,0.03116678466439393,0.6272825861635908,0.6083231107640339,-0.10561898424317895,-0.11216496299809176,0.4822426691890962,0.7344035523389715,53
长城汽车,中国移动,汽车,通信,4.177960301163586,1.045221389999496,0.010642431123897733,2.085770948590503,0.5237812689119802,-0.16334821385200327,1.0071494068050681,1.2037856411471424,0.001706585881879663,0.04539288858630752,0.4822426691890962,1.9253286131051888,53
长城汽车,中兴通讯,汽车,通信,4.177960301163586,1.061466262550111,0.014380005157299314,1.7828707323003008,0.6319642844091075,-0.06679951692482644,0.8596931342225173,0.9212309142721105,-0.03553821323626061,-0.019445906816949132,0.4822426691890962,1.3602191593551247,53
上汽集团,长安汽车,汽车,汽车,4.177960301163586,1.03564364642365,0.008418060221282442,0.8289535814828453,1.2938695076979652,0.004220203188689986,0.6694519912262118,0.6666386407089877,-0.09158200129998684,-0.09249721206901707,0.8306509102078902,0.5026263712100852,53
上汽集团,赛力斯,汽车,汽车,4.177960301163586,1.1471996297959444,0.03341477974420437,1.0525601169315801,1.2503485258785467,0.13746539182186823,0.8277487237595588,0.7277133262347094,-0.04423987277480601,-0.07325546722816711,0.8306509102078902,0.6247757422615287,53
上汽集团,宁德时代,汽车,电池,4.177960301163586,1.047718045375367,0.01121971491603091,1.313348462871275,0.8358125308231844,0.033865943534198584,1.0353245312160062,1.0014108092939222,0.00834367881869924,0.00033749792418324986,0.8306509102078902,1.1721707083799544,53
上汽集团,隆基绿能,汽车,光伏,4.177960301163586,1.0619797843237018,0.014497443292287526,0.5347199817472948,2.1091432914605526,-0.16857889545144011,0.4254952035243852,0.5117685865761347,-0.18496646777055248,-0.1481435623771844,0.8306509102078902,0.1928862629443792,53
上汽集团,通威股份,汽车,光伏,4.177960301163586,1.0446508743946694,0.010510367675268029,0.6029722656942615,1.8098601071096219,-0.1111706569794868,0.48372630913309256,0.5442285551568797,-0.15955645187988898,-0.1355120756614242,0.8306509102078902,0.2578062001058692,53
上汽集团,阳光电源,汽车,光伏,4.177960301163586,1.143690927199408,0.03265738251245942,1.426005991348364,0.9172674903851077,0.12811352263523434,1.130499899175049,1.0021153691467506,0.029794023875572062,0.0005059093992521024,0.8306509102078902,1.1735798280856111,53
上汽集团,晶澳科技,汽车,光伏,4.177960301163586,1.090135340941129,0.020871277528615284,0.46205706185044915,2.5719660182435895,-0.23333078885509884,0.37214455920147554,0.4854043357835325,-0.2106869110288464,-0.15885955071041635,0.8306509102078902,0.1401577613591748,53
上汽集团,亿纬锂能,汽车,电池,4.177960301163586,1.082316987242634,0.019114043682410653,0.8729621185633778,1.3418796027503985,0.04692067748336726,0.6912532898880079,0.6602728408704968,-0.08458722934260465,-0.09457896610106276,0.8306509102078902,0.4898947715331034,53
上汽集团,立讯精密,汽车,电子,4.177960301163586,1.0922331208607088,0.021341137638805074,1.5510057483116073,0.7691610373486815,0.03386763395108461,1.2682627224224796,1.226716729273764,0.058530210036694896,0.050125140498371135,0.8306509102078902,1.6227825483396379,53
上汽集团,京东方A,汽车,电子,4.177960301163586,1.0529878367443626,0.012434784325054071,1.4156886739317773,0.783211312450611,0.022666375074819722,1.121872463031624,1.0970072844621943,0.027907502906089343,0.022407900156950822,0.8306509102078902,1.3633636587164986,53
上汽集团,工业富联,汽车,电子,4.177960301163586,1.1523321107828395,0.03451952221065957,3.3177456102679113,0.40023240161381984,-0.2727384278850117,2.694669632985637,3.705227577402617,0.2677745643979086,0.3681904402270273,0.8306509102078902,6.579804244597344,53
上汽集团,海康威视,汽车,安防,4.177960301163586,1.0272997715562608,0.0064674577732286576,1.2250112623653993,0.8614980556193084,0.019485384373898684,0.9742434424647792,0.9556227655613678,-0.006226183588408429,-0.010805834358770694,0.8306509102078902,1.0805946209148454,53
上汽集团,大华股份,汽车,安防,4.177960301163586,1.0502413440133813,0.011802097031669234,1.268451987367423,0.8695692794523833,0.03867714312348225,1.0175377510834187,0.97964777392088,0.004169968608074726,-0.004909493734996273,0.8306509102078902,1.1286446376338697,53
上汽集团,韦尔股份,汽车,半导体,4.177960301163586,1.0727814700599156,0.01695774664289007,0.9999779481644758,1.150885461640821,0.06666398552301844,0.7937873908933729,0.7441775495065153,-0.05377574913078054,-0.0682795541789879,0.8306509102078902,0.6577041888051403,53
上汽集团,北方华创,汽车,半导体,4.177960301163586,1.0725234406148705,0.01689919537059481,2.0319965496431105,0.5660966948346411,-0.09988139377260097,1.6406563872267226,1.8227113359017042,0.12580905734649317,0.15452449795219492,0.8306509102078902,2.814771761595518,53
上汽集团,中芯国际,汽车,半导体,4.177960301163586,1.1397911517650858,0.03181349056923044,2.1433932467853474,0.606106169080453,-0.032760684788814665,1.710055145638722,1.7679752246891987,0.13702826632698617,0.14612960469343506,0.8306509102078902,2.705299539170507,53
上汽集团,兆易创新,汽车,半导体,4.177960301163586,1.1674118163425136,0.03774385028134475,2.173280523595218,0.627093619134629,-0.012340754138087218,1.7590304262218386,1.7810094256615436,0.14473900811872675,0.14814640773781518,0.8306509102078902,2.731367941115197,53
上汽集团,科大讯飞,汽车,软件,4.177960301163586,1.0832924297618283,0.019333807846469098,1.1809056322997882,0.9937478967679034,0.08205032821487479,0.9525134797216026,0.8802857453895171,-0.011577145336329364,-0.030058355250737967,0.8306509102078902,0.929920580571144,53
上汽集团,恒生电子,汽车,软件,4.177960301163586,1.0836085509720401,0.019404996676063213,1.0074472522869231,1.165527514293431,0.07605707397188222,0.7896268890424871,0.7338150625485507,-0.05496517894333086,-0.07140147258931862,0.8306509102078902,0.6369792148892113,53
上汽集团,浪潮信息,汽车,服务器,4.177960301163586,1.195698304785571,0.043707561418955265,2.4528804425246507,0.5828634821661187,-0.012175359590093748,1.8945260452376977,1.9178768859739599,0.1652526771099887,0.16867429731016959,0.8306509102078902,3.0051028617400295,53
上汽集团,分众传媒,汽车,传媒,4.177960301163586,1.0202214056268115,0.004803231190408486,1.1361042909121741,0.9161585998970667,0.01809809087353753,0.9123283492160444,0.8961104606661803,-0.021722347018234167,-0.02591315788108217,0.8306509102078902,0.9615700111244705,53
上汽集团,紫金矿业,汽车,有色,4.177960301163586,1.059452624776417,0.013919085638431028,2.233412946795282,0.5025670983757058,-0.1578431259976666,1.78272901192184,2.116860963741181,0.14841164302071874,0.19661616592916098,0.8306509102078902,3.403071017274472,53
上汽集团,中国神华,汽车,煤炭,4.177960301163586,1.0192349911487613,0.004570614173871723,1.4274470519343354,0.7277607710732822,-0.027699056827324653,1.1554267067805657,1.1883426781530626,0.03518381199870535,0.04216716970860879,0.8306509102078902,1.546034446098235,53
上汽集团,陕西煤业,汽车,煤炭,4.177960301163586,1.0338817016137702,0.008007157080771599,1.4302945967962488,0.7473365104825713,-0.009519305312567616,1.155486112666937,1.1665912509597933,0.03519655089345175,0.03756921535832847,0.8306509102078902,1.5025315917116964,53
上汽集团,长江电力,汽车,电力,4.177960301163586,1.015514385933583,0.003691674139022272,1.2931928896685436,0.7974598965683959,-0.007529576949730665,1.0478422168261705,1.0557918830525155,0.011248398867280907,0.013079436116918197,0.8306509102078902,1.280932855897141,53
上汽集团,万华化学,汽车,化工,4.177960301163586,1.0291228196102074,0.006894669773558348,1.097479123857718,0.9650240763757516,0.029506784158458865,0.8783002551128269,0.8531272145338689,-0.030582436081240227,-0.0373064408682966,0.8306509102078902,0.8756035188598476,53
上汽集团,海螺水泥,汽车,建材,4.177960301163586,1.0140821617155047,0.003352678566233225,0.9728984457503161,1.0570092235233244,0.01180826339847929,0.7819712042298265,0.7728452440221509,-0.05716634706919643,-0.05981177054956044,0.8306509102078902,0.7150395778364116,53
上汽集团,宝钢股份,汽车,钢铁,4.177960301163586,1.0119650818392114,0.002850915696990697,1.1754616559690672,0.8712094704761605,0.004655902722921823,0.9513331473798662,0.9469243596752532,-0.011870448282524926,-0.012968449981370367,0.8306509102078902,1.0631978091426164,53
上汽集团,洛阳钼业,汽车,有色,4.177960301163586,1.0965113374618365,0.02229724788624754,2.228810033127653,0.5394524859954644,-0.11432687122567631,1.7948602356805816,2.0265492735050854,0.150277299168315,0.18419360113119154,0.8306509102078902,3.222447636802281,53
上汽集团,三一重工,汽车,机械,4.177960301163586,1.028824818007135,0.006824875633730576,1.2152665585429834,0.8709862858535793,0.019786333994042726,0.9799565136374815,0.9609429749851954,-0.0048344406115565786,-0.009490482505278508,0.8306509102078902,1.0912350397625008,53
上汽集团,汇川技术,汽车,机械,4.177960301163586,1.0445854246191686,0.010495213796712033,1.1452228496313657,0.9527915983147215,0.047258142285662164,0.8860125470363571,0.8460307074840371,-0.028551755187683603,-0.03922923638396525,0.8306509102078902,0.861410504760184,53
上汽集团,中航沈飞,汽车,军工,4.177960301163586,1.0314953492572043,0.007449785757686511,1.2365893880705423,0.8604171002950143,0.019872711287358014,0.9992669266588615,0.979795729015549,-0.0001755109578014391,-0.004873524326363898,0.8306509102078902,1.1289405478232077,53
上汽集团,顺丰控股,汽车,交运,4.177960301163586,1.0274912562680534,0.006512357278629866,0.9482065519068482,1.1134053857613695,0.020904262216359326,0.7572399812543203,0.7417345673632217,-0.06439098776083008,-0.06901256094128705,0.8306509102078902,0.6528182245185533,53
上汽集团,京沪高铁,汽车,交运,4.177960301163586,1.015124755123013,0.0035994877917069346,1.195002055207652,0.8623234277906691,0.0072872350756261195,0.9600794950178606,0.9531337850675521,-0.009703589383542544,-0.011423115332687805,0.8306509102078902,1.0756166599272141,53
上汽集团,中国中免,汽车,免税,4.177960301163586,1.0470769567737288,0.011071580509285361,0.6439388854739639,1.7025997002798834,-0.08564009560895935,0.5100399615016726,0.5578109440848206,-0.14883314759887867,-0.1303963475765444,0.8306509102078902,0.284970977961751,53
上汽集团,上海机场,汽车,交运,4.177960301163586,1.0231426420817031,0.005491117372244281,0.8422390418147123,1.2429023282872496,-0.002674722463461565,0.6757983790776134,0.6776107999056051,-0.08952815179958018,-0.08894430136752307,0.8306509102078902,0.5245706896033202,53
上汽集团,万科A,汽车,地产,4.177960301163586,1.026128638744797,0.006192710893120124,0.782546231868994,1.345530705243397,-0.018979018389814417,0.629294802953459,0.6414692598323172,-0.10493311610719624,-0.10081863170212313,0.8306509102078902,0.45228760945674423,53
上汽集团,中国建筑,汽车,建筑,4.177960301163586,1.0165730943264966,0.003942027923839353,1.1504545923513438,0.898271746646169,0.012459625326878276,0.9286708192315786,0.9172423235462372,-0.017556278262858993,-0.020463735272663763,0.8306509102078902,1.0038337368845842,53
上汽集团,保利发展,汽车,地产,4.177960301163586,1.0320281403952816,0.007574312756137402,0.8398514824807776,1.2681790825940709,0.0034963766291127296,0.6744579097566493,0.6721079671680026,-0.08996073517988168,-0.09072066679561475,0.8306509102078902,0.513565024128115,53
上汽集团,牧原股份,汽车,养殖,4.177960301163586,1.0357143957023636,0.00843454855216419,1.0176708005945976,1.0540779089253223,0.03475487679023592,0.8097238687813433,0.7825272312734308,-0.04926313779442981,-0.057005927071212104,0.8306509102078902,0.7344035523389715,53
上汽集团,中国移动,汽车,通信,4.177960301163586,1.022899347257496,0.005433883926381,1.6150296851588473,0.6478661564148895,-0.060631218592718805,1.2944405631990135,1.3779897616565395,0.06371918824644718,0.07976364582040896,0.8306509102078902,1.9253286131051888,53
上汽集团,中兴通讯,汽车,通信,4.177960301163586,1.0605737471949657,0.014175791491432665,1.4094309875246205,0.7980643842765819,0.029859154999786197,1.1281437992772445,1.0954350347815074,0.029279916593014876,0.022056979644769825,0.8306509102078902,1.3602191593551247,53
长安汽车,赛力斯,汽车,汽车,4.177960301163586,1.1358282676032891,0.030953689334944023,1.3019692211365312,0.9908881350977821,0.12957650152835076,0.6367434675754672,0.563701056735807,-0.10240865024802936,-0.12820729212214577,0.5026263712100852,0.6247757422615287,53
长安汽车,宁德时代,汽车,电池,4.177960301163586,1.0720179578116527,0.01678446165767422,1.6788725929713555,0.6845203779500104,-0.017062785985749618,0.8231101877257182,0.8373985397950199,-0.04552455191852711,-0.04158472687182757,0.5026263712100852,1.1721707083799544,53
长安汽车,隆基绿能,汽车,光伏,4.177960301163586,1.0748359212927836,0.0174235548068169,0.6761335228299387,1.7086451398918157,-0.03752041028108355,0.33470835738265586,0.3477563170772322,-0.2304650509360323,-0.2233888764241403,0.5026263712100852,0.1928862629443792,53
长安汽车,通威股份,汽车,光伏,4.177960301163586,1.0798576041091354,0.01855928276345087,0.7787046864914566,1.4974771121595347,0.022387025718050513,0.388728197423424,0.3802162856579772,-0.20240711746032447,-0.2066225933689373,0.5026263712100852,0.2578062001058692,53
长安汽车,阳光电源,汽车,光伏,4.177960301163586,1.1638831141909833,0.036992198589102854,1.8130182452753132,0.7471650696450642,0.06677128165816693,0.8940643177730175,0.8381030996478482,-0.02644598371275575,-0.04139178069141125,0.5026263712100852,1.1735798280856111,53
长安汽车,晶澳科技,汽车,光伏,4.177960301163586,1.1122564048663848,0.025791754965702962,0.588979584297876,2.10043665883778,-0.08145030153136956,0.295214585575957,0.32139206628463,-0.2532472591837399,-0.23790651348801828,0.5026263712100852,0.1401577613591748,53
长安汽车,亿纬锂能,汽车,电池,4.177960301163586,1.09431651925339,0.021807097680211385,1.102716851667299,1.0859801793182007,0.09445586061775368,0.5431352907311564,0.4962605713715943,-0.13592805387262674,-0.15439458601250255,0.5026263712100852,0.4898947715331034,53
长安汽车,立讯精密,汽车,电子,4.177960301163586,1.1131029590355006,0.025978573110575054,1.9747564255734906,0.6274182382031086,-0.053957097299756396,1.0053640118379044,1.0627044597748616,0.0012812719231254377,0.014663097040646056,0.5026263712100852,1.6227825483396379,53
长安汽车,京东方A,汽车,电子,4.177960301163586,1.0772610431666945,0.017972534820928088,1.8094454327267522,0.6413519491305061,-0.04400832639185126,0.8919354658228172,0.932995014963292,-0.02700133285454931,-0.016463280594766205,0.5026263712100852,1.3633636587164986,53
长安汽车,工业富联,汽车,电子,4.177960301163586,1.1754416620440742,0.039447875231615415,4.228113448396914,0.32678004451200154,-0.396349886715456,2.137655021781039,3.5412153079037147,0.1994191540602568,0.35344401085278654,0.5026263712100852,6.579804244597344,53
长安汽车,海康威视,汽车,安防,4.177960301163586,1.0517469405887516,0.01214908476431642,1.5668747436043966,0.7059732320997093,-0.02071571097948055,0.775211721817712,0.7916104960624653,-0.05912350624750462,-0.05439750011806066,0.5026263712100852,1.0805946209148454,53
长安汽车,大华股份,汽车,安防,4.177960301163586,1.0713179419877328,0.016625505164634458,1.6165287527400007,0.7099917838636974,-0.010686518782657473,0.8069192002841696,0.8156355044219774,-0.05005238585096006,-0.04760635977169314,0.5026263712100852,1.1286446376338697,53
长安汽车,韦尔股份,汽车,半导体,4.177960301163586,1.0613878323879868,0.014362065031116478,1.2360424808042387,0.9114121466183561,0.05203394223358693,0.6103535666734616,0.5801652800076127,-0.11145656612684218,-0.1221793089635046,0.5026263712100852,0.6577041888051403,53
长安汽车,北方华创,汽车,半导体,4.177960301163586,1.1075331663675236,0.02474743771406307,2.621519224636719,0.4679079608024064,-0.2057936055444879,1.3173494050144932,1.6586990664028016,0.06819509276779345,0.12876009841742908,0.5026263712100852,2.814771761595518,53
长安汽车,中芯国际,汽车,半导体,4.177960301163586,1.1663178016797862,0.03751099839369609,2.7401454364393314,0.49643248727804784,-0.15201659503251697,1.3601339681839737,1.603962955190296,0.0763981509998648,0.11973052904778148,0.5026263712100852,2.705299539170507,53
长安汽车,兆易创新,汽车,半导体,4.177960301163586,1.1764335072999716,0.03965774115201093,2.736145711275801,0.5058194786171631,-0.14754392506494052,1.3784190489235584,1.616997156162641,0.07984414935676365,0.1219017367027031,0.5026263712100852,2.731367941115197,53
长安汽车,科大讯飞,汽车,软件,4.177960301163586,1.0848979998466624,0.019695210233612315,1.4775375512044493,0.7965981433851386,0.0355139451608506,0.7417111728335657,0.7162734758906146,-0.06901958924501472,-0.07676354039111166,0.5026263712100852,0.929920580571144,53
长安汽车,恒生电子,汽车,软件,4.177960301163586,1.1040133335402482,0.0239669906973925,1.2823434111700767,0.9504828659918123,0.09685092842092846,0.6249887225733449,0.5698027930496483,-0.10640289659266511,-0.12595785819913397,0.5026263712100852,0.6369792148892113,53
长安汽车,浪潮信息,汽车,服务器,4.177960301163586,1.2011285558874174,0.044840128768323995,3.078395333257296,0.46865644323909494,-0.15739120725401856,1.4778217471279418,1.7538646164750573,0.09799218654124653,0.14393345744730324,0.5026263712100852,3.0051028617400295,53
长安汽车,分众传媒,汽车,传媒,4.177960301163586,1.0412178776973344,0.009714534227038385,1.4485901172657392,0.7484067825085544,-0.011235699212612138,0.723872556097225,0.7320981911672779,-0.07442854634047935,-0.07192194969021681,0.5026263712100852,0.9615700111244705,53
长安汽车,紫金矿业,汽车,有色,4.177960301163586,1.0674956557412731,0.01575616115348355,2.8114718359869686,0.4053204305446838,-0.28503060559415094,1.396227048288655,1.9528486942422785,0.08316697535657536,0.17373995968050582,0.5026263712100852,3.403071017274472,53
长安汽车,中国神华,汽车,煤炭,4.177960301163586,1.0600820908043838,0.014063241275972471,1.8548351334953355,0.6058619544943076,-0.08771013347835299,0.9344862517851678,1.02433040865416,-0.01608724432908959,0.005770382804578977,0.5026263712100852,1.546034446098235,53
长安汽车,陕西煤业,汽车,煤炭,4.177960301163586,1.075527481343136,0.017580200679760738,1.8589011399016555,0.6222812705281935,-0.06773928196544621,0.9346650011430816,1.0025789814608908,-0.016042200815093555,0.0006166778773215587,0.5026263712100852,1.5025315917116964,53
长安汽车,长江电力,汽车,电力,4.177960301163586,1.0467138502751396,0.010987647981964832,1.6652725825313364,0.6579162449743813,-0.05819979268423581,0.8398782249247649,0.8917796135536131,-0.040906202857057705,-0.0270420293017285,0.5026263712100852,1.280932855897141,53
长安汽车,万华化学,汽车,化工,4.177960301163586,1.0587315648451334,0.013753873764558833,1.4105713340471742,0.7946514290655067,0.01927113077672682,0.7023949692609321,0.6891149450349664,-0.08107711955509178,-0.08526581514836928,0.5026263712100852,0.8756035188598476,53
长安汽车,海螺水泥,汽车,建材,4.177960301163586,1.0446701928664033,0.0105148404291866,1.2521423443168593,0.8715748787003418,0.028664961077397022,0.6262851480405931,0.6088329745232484,-0.10595958358253188,-0.11198690995298644,0.5026263712100852,0.7150395778364116,53
长安汽车,宝钢股份,汽车,钢铁,4.177960301163586,1.0364092460678276,0.008596439997850425,1.5040225620837055,0.7141808589937241,-0.0322815637764442,0.7576384636059738,0.7829120901763509,-0.06427316783569892,-0.056894941757659745,0.5026263712100852,1.0631978091426164,53
长安汽车,洛阳钼业,汽车,有色,4.177960301163586,1.1070210749353222,0.024634009867671836,2.8112272207585898,0.4359290673132657,-0.24357059125988645,1.4088777646969795,1.862537004006183,0.08550796209872535,0.1605128309004491,0.5026263712100852,3.222447636802281,53
长安汽车,三一重工,汽车,机械,4.177960301163586,1.0621671128097592,0.014540272997748405,1.5674839354850016,0.7197515393901239,-0.01291489253861322,0.7866384310642164,0.7969307054862931,-0.05582248282005442,-0.0528802598810576,0.5026263712100852,1.0912350397625008,53
长安汽车,汇川技术,汽车,机械,4.177960301163586,1.068625059402426,0.01601327978783207,1.4636981703699792,0.7801878424799735,0.032050766308623135,0.7038776515591684,0.6820184379851346,-0.08061321023730394,-0.08752937254291471,0.5026263712100852,0.861410504760184,53
长安汽车,中航沈飞,汽车,军工,4.177960301163586,1.0561799109588754,0.013168541334839023,1.5818899856184714,0.7051792567464576,-0.024738083993093518,0.7956025397749472,0.8157834595166464,-0.05325830857532554,-0.04756501162773441,0.5026263712100852,1.1289405478232077,53
长安汽车,顺丰控股,汽车,交运,4.177960301163586,1.0545826724243872,0.012801597832844847,1.2158656278212294,0.9146936861523669,0.045705558734500995,0.6041274182815878,0.5777222978643193,-0.11363449705232942,-0.12306545794483637,0.5026263712100852,0.6528182245185533,53
长安汽车,京沪高铁,汽车,交运,4.177960301163586,1.04577519321591,0.010770573539483186,1.5380402541069689,0.7110644547991866,-0.02556682638879293,0.7689461827804449,0.7891215155686497,-0.06094927472713041,-0.055109982675630165,0.5026263712100852,1.0756166599272141,53
长安汽车,中国中免,汽车,免税,4.177960301163586,1.0783412378544126,0.01821675822334723,0.8285188547597511,1.4034922905822997,0.03655757210773336,0.40819499802802267,0.3937986745859181,-0.19302385940264566,-0.19992925989311672,0.5026263712100852,0.284970977961751,53
长安汽车,上海机场,汽车,交运,4.177960301163586,1.0506996199911718,0.011907753766885687,1.0805824055248743,1.0216432229556418,0.050483246537293525,0.539526651638416,0.5135985304067028,-0.13730564821237778,-0.14741548680639105,0.5026263712100852,0.5245706896033202,53
长安汽车,万科A,汽车,地产,4.177960301163586,1.0590075054312496,0.013817108381761312,1.0089911728041647,1.111503179401342,0.05754519059336305,0.5049323438422846,0.4774569903334147,-0.15088112539519138,-0.16217654478544719,0.5026263712100852,0.45228760945674423,53
长安汽车,中国建筑,汽车,建筑,4.177960301163586,1.0531945291912517,0.012482347581519004,1.489085375615646,0.7448993418928637,-0.006804985606127634,0.7481043343714399,0.7532300540473347,-0.06710516479512885,-0.0655792424800572,0.5026263712100852,1.0038337368845842,53
长安汽车,保利发展,汽车,地产,4.177960301163586,1.0705585656162049,0.016452979978411664,1.0884325406568693,1.0529781126559825,0.07051450449236896,0.5439238140249412,0.5080956976691001,-0.1356279632384204,-0.14961088319493865,0.5026263712100852,0.513565024128115,53
长安汽车,牧原股份,汽车,养殖,4.177960301163586,1.0623857833798869,0.014590261309246344,1.3041564223607969,0.8654357202678018,0.04369542948735661,0.6455412386736223,0.6185149617745284,-0.09945572293434202,-0.10862712753114379,0.5026263712100852,0.7344035523389715,53
长安汽车,中国移动,汽车,通信,4.177960301163586,1.0603257954067302,0.014119035211488162,2.0915443006316212,0.5375409892419648,-0.14075492221517516,1.0431041846780154,1.213977492157637,0.010152062413426366,0.04750455532288389,0.5026263712100852,1.9253286131051888,53
长安汽车,中兴通讯,汽车,通信,4.177960301163586,1.08269165193829,0.01919847228563243,1.7975784958042222,0.6521112796536994,-0.03882282049191588,0.8952623064639545,0.931422765282605,-0.026133909059794846,-0.016860240817778815,0.5026263712100852,1.3602191593551247,53
赛力斯,宁德时代,汽车,电池,4.177960301163586,1.2063590479667947,0.045927356601448865,1.6481784073861303,0.8829761062816834,0.14902734864457834,1.0323703079184343,0.8984732253207415,0.007654260326344975,-0.025299032237910746,0.6247757422615287,1.1721707083799544,53
赛力斯,隆基绿能,汽车,光伏,4.177960301163586,1.1930918648442705,0.0431625557838311,0.6547509487915382,2.1740605349023907,0.013155700944226911,0.4142094610099268,0.4088310026029539,-0.19019373213854263,-0.1927230913172342,0.6247757422615287,0.1928862629443792,53
赛力斯,通威股份,汽车,光伏,4.177960301163586,1.1835019296606537,0.04114947426722915,0.7445386085356028,1.8812682128941773,0.07658249679084195,0.4750861355682021,0.4412909711836989,-0.16317420051323417,-0.17782456564607518,0.6247757422615287,0.2578062001058692,53
赛力斯,阳光电源,汽车,光伏,4.177960301163586,1.2776023432029822,0.06039078062750347,1.7362028396734452,0.9401365497505789,0.2167019383627613,1.094031354153417,0.8991777851735698,0.021743359292968112,-0.025116142070571335,0.6247757422615287,1.1735798280856111,53
赛力斯,晶澳科技,汽车,光伏,4.177960301163586,1.21725557030737,0.04818087923705261,0.5623271492446386,2.6349628066769846,-0.05790654102530268,0.3603194251558313,0.3824667518103517,-0.21676399552201697,-0.2055011381531502,0.6247757422615287,0.1401577613591748,53
赛力斯,亿纬锂能,汽车,电池,4.177960301163586,1.1963473760661865,0.0438431414277729,1.0516962201824507,1.3608939699071594,0.1875878214093254,0.6618845635332902,0.557335256897316,-0.09405045957632507,-0.13057390235806443,0.6247757422615287,0.4898947715331034,53
赛力斯,立讯精密,汽车,电子,4.177960301163586,1.1895649170642675,0.04242362854956294,1.8411039132126217,0.7685957765636977,0.06673134437454697,1.1987704384465705,1.1237791453005832,0.04434878437825596,0.02832537564139903,0.6247757422615287,1.6227825483396379,53
赛力斯,京东方A,汽车,电子,4.177960301163586,1.1988927165690437,0.0443742806774039,1.7567777121444317,0.8181705265874478,0.1131292205099621,1.106528030837907,0.9940697004890136,0.024524763272473438,-0.0014226371830615703,0.6247757422615287,1.3633636587164986,53
赛力斯,工业富联,汽车,电子,4.177960301163586,1.243736891324807,0.05359424164658044,3.90288741757615,0.39634283271306103,-0.2995722657691545,2.5231438181402273,3.6022899934294363,0.24797337383906992,0.358994809661773,0.6247757422615287,6.579804244597344,53
赛力斯,海康威视,汽车,安防,4.177960301163586,1.176481481213125,0.03966788860635706,1.5290443192990797,0.9052116136646124,0.13375759413060595,0.9667383000282418,0.8526851815881871,-0.008063952976167132,-0.03742585348070615,0.6247757422615287,1.0805946209148454,53
赛力斯,大华股份,汽车,安防,4.177960301163586,1.1698541274898164,0.0382630775578372,1.5399574541758136,0.888699019504674,0.12075430789479524,0.982576722159148,0.8767101899476992,-0.0041982036315503235,-0.031002792546384716,0.6247757422615287,1.1286446376338697,53
赛力斯,韦尔股份,汽车,半导体,4.177960301163586,1.1718450780116205,0.038685737356744854,1.1905330273755463,1.1534504757816237,0.171515693127968,0.7512226826831387,0.6412399655333345,-0.06617589146659175,-0.10089557298934904,0.6247757422615287,0.6577041888051403,53
赛力斯,北方华创,汽车,半导体,4.177960301163586,1.2191157942521171,0.04856405948820752,2.5174057481384673,0.5903868777983029,-0.05958026360077484,1.6173091784549285,1.7197737519285234,0.12195354925763313,0.13857161560445364,0.6247757422615287,2.814771761595518,53
赛力斯,中芯国际,汽车,半导体,4.177960301163586,1.219691276562382,0.04868251075899077,2.499876665581042,0.5950880819860774,-0.04754290963070529,1.5858769066317335,1.665037640716018,0.11669545410511173,0.12979103295018724,0.6247757422615287,2.705299539170507,53
赛力斯,兆易创新,汽车,半导体,4.177960301163586,1.2619134170179658,0.05725938872400671,2.5604326070803043,0.6219361008161126,-0.017195680230270627,1.6492162548952685,1.6780718416883629,0.12721216134308766,0.13190162922914195,0.6247757422615287,2.731367941115197,53
赛力斯,科大讯飞,汽车,软件,4.177960301163586,1.15226709922436,0.034505552203987655,1.3690355812444053,0.9698210084124116,0.13025078328206785,0.8785983683236894,0.7773481614163363,-0.030503690039484832,-0.058503517385422366,0.6247757422615287,0.929920580571144,53
赛力斯,恒生电子,汽车,软件,4.177960301163586,1.2261514077832558,0.05000928835141405,1.2424704900150962,1.210046666613863,0.22610177954815858,0.7735199991581163,0.6308774785753699,-0.0596153621747717,-0.1043948290314668,0.6247757422615287,0.6369792148892113,53
赛力斯,浪潮信息,汽车,服务器,4.177960301163586,1.344645888934053,0.07345160033170028,3.00645552486931,0.6013967449945383,0.015356149235326022,1.8428097807753614,1.8149393020007791,0.15755887828156312,0.15334428296365732,0.6247757422615287,3.0051028617400295,53
赛力斯,分众传媒,汽车,传媒,4.177960301163586,1.1607511518732108,0.03632360333513285,1.4088182869729509,0.9563641024776495,0.134561319795508,0.8999032658068092,0.7931728766929995,-0.024927935144372748,-0.05395113128537854,0.6247757422615287,0.9615700111244705,53
赛力斯,紫金矿业,汽车,有色,4.177960301163586,1.1936460173207295,0.0432785046140165,2.74255363510305,0.5195124705782111,-0.1356625456123408,1.7407094074004643,2.0139233797680003,0.14187386753801245,0.18242351262338907,0.6247757422615287,3.403071017274472,53
赛力斯,中国神华,汽车,煤炭,4.177960301163586,1.17042403290024,0.03838411889684856,1.7865739699899823,0.7667706122451473,0.06027780288407181,1.1508309284962241,1.0854050941798818,0.03419678767892487,0.01980926901564395,0.6247757422615287,1.546034446098235,53
赛力斯,陕西煤业,汽车,煤炭,4.177960301163586,1.1824205976456676,0.04092170777441617,1.7828660859123822,0.7841971311161323,0.07749943282963967,1.1460862229052415,1.0636536669866126,0.03317462806088489,0.014879946629226204,0.6247757422615287,1.5025315917116964,53
赛力斯,长江电力,汽车,电力,4.177960301163586,1.1818656056716226,0.04080474544361734,1.6403533517987365,0.8515276957479176,0.11013970770519066,1.057801393065567,0.9528542990793347,0.013540622957925796,-0.011492505950981391,0.6247757422615287,1.280932855897141,53
赛力斯,万华化学,汽车,化工,4.177960301163586,1.204197958252919,0.04547858070084665,1.399648665357882,1.0360405139883577,0.18745126629004472,0.8908136267669499,0.7501896305606881,-0.027294390401484847,-0.06648341728128826,0.6247757422615287,0.8756035188598476,53
赛力斯,海螺水泥,汽车,建材,4.177960301163586,1.1767048797573252,0.039715137778424836,1.2304217769481007,1.1253331174608305,0.17433751698481026,0.786697698111012,0.6699076600489702,-0.05580545672596304,-0.091434043146576,0.6247757422615287,0.7150395778364116,53
赛力斯,宝钢股份,汽车,钢铁,4.177960301163586,1.1713951059449772,0.03859026038255409,1.4829907187007432,0.9252697787845953,0.13170104301918562,0.9551407143564349,0.8439867757020725,-0.010925290163559809,-0.03978531368208971,0.6247757422615287,1.0631978091426164,53
赛力斯,洛阳钼业,汽车,有色,4.177960301163586,1.2313788394996967,0.05107900833467349,2.727995829902067,0.5558270396703846,-0.0914202775455526,1.7477545749850287,1.9236116895319049,0.1429783312322528,0.1695097727595003,0.6247757422615287,3.222447636802281,53
赛力斯,三一重工,汽车,机械,4.177960301163586,1.1817225918035392,0.04077459907524528,1.5213801366628146,0.9178956989947709,0.13761601860873784,0.9760806768679214,0.8580053910120147,-0.005777945179615274,-0.035991745456516844,0.6247757422615287,1.0912350397625008,53
赛力斯,汇川技术,汽车,机械,4.177960301163586,1.1633768217067648,0.03688421067405745,1.3901399939108185,0.9736038350187637,0.14871088393142107,0.8535991587515164,0.7430931235108563,-0.03717899983675532,-0.06860470548595721,0.6247757422615287,0.861410504760184,53
赛力斯,中航沈飞,汽车,军工,4.177960301163586,1.1822568519681922,0.040887203373652925,1.544764103674519,0.9048185808441345,0.13280439661937415,0.9933087619155035,0.8768581450423683,-0.0016056479518908873,-0.03096365404312218,0.6247757422615287,1.1289405478232077,53
赛力斯,顺丰控股,汽车,交运,4.177960301163586,1.1884331089090263,0.042186151402989536,1.1953405369464607,1.181565596327161,0.18830189046583956,0.7590836629862612,0.638796983390041,-0.06384625845655945,-0.10171663462935931,0.6247757422615287,0.6528182245185533,53
赛力斯,京沪高铁,汽车,交运,4.177960301163586,1.1896583431171832,0.04244322361958175,1.5263831965444863,0.9272160336620118,0.1473682223255084,0.9754881038775493,0.8501962010943713,-0.005922447732767289,-0.038099117427162765,0.6247757422615287,1.0756166599272141,53
赛力斯,中国中免,汽车,免税,4.177960301163586,1.2253739228416003,0.04984989086187097,0.8213471823399418,1.8281443986968593,0.1367184620341224,0.5170629463263967,0.4548733601116398,-0.14604249419227044,-0.17183730058153568,0.6247757422615287,0.284970977961751,53
赛力斯,上海机场,汽车,交运,4.177960301163586,1.191459616507495,0.042820791933565694,1.0689825083454838,1.327969360289472,0.1871861306441316,0.6822440716076345,0.5746732159324244,-0.08745712756755397,-0.1241754667052768,0.6247757422615287,0.5245706896033202,53
赛力斯,万科A,汽车,地产,4.177960301163586,1.202438012623469,0.04511265430611178,0.9994543929705068,1.4466464746876588,0.1872422675511105,0.6393675679951007,0.5385316758591364,-0.10152465340431327,-0.1376867114740059,0.6247757422615287,0.45228760945674423,53
赛力斯,中国建筑,汽车,建筑,4.177960301163586,1.191199767619007,0.04276635132951756,1.469290123418777,0.9657431597470454,0.1589164968913761,0.943711196188051,0.8143047395730565,-0.01377113561640586,-0.04797851749945914,0.6247757422615287,1.0038337368845842,53
赛力斯,保利发展,汽车,地产,4.177960301163586,1.202719158037101,0.04517113715055765,1.0667613464878591,1.3560046751524628,0.19725413164538175,0.6814415928901856,0.5691703831948218,-0.08771415358893231,-0.1261901455283797,0.6247757422615287,0.513565024128115,53
赛力斯,牧原股份,汽车,养殖,4.177960301163586,1.2268412702984512,0.05015065741091762,1.313855992787257,1.1455894030779321,0.22293672870384218,0.8310951401303657,0.6795896473002501,-0.04331645258662631,-0.08830819344741736,0.6247757422615287,0.7344035523389715,53
赛力斯,中国移动,汽车,通信,4.177960301163586,1.1916645720432735,0.04286372553175788,2.0506603019522283,0.6924913165340827,0.02524281127014172,1.307238079164203,1.2750521776833588,0.06622691165957173,0.059883784946829444,0.6247757422615287,1.9253286131051888,53
赛力斯,中兴通讯,汽车,通信,4.177960301163586,1.1729293617082064,0.038915690744324216,1.6988963732125781,0.8097982368139857,0.08964124681837582,1.0814661597628445,0.9924974508083266,0.018922231849121562,-0.00180089115087112,0.6247757422615287,1.3602191593551247,53
宁德时代,隆基绿能,电池,光伏,4.177960301163586,1.0494147113600742,0.011611425981687296,0.42152347490364395,2.6125976416157783,-0.2688717857124362,0.4990158329225751,0.6825284856621668,-0.15327323527518544,-0.08736608774439236,1.1721707083799544,0.1928862629443792,53
宁德时代,通威股份,电池,光伏,4.177960301163586,1.0464414885532218,0.010924676687011248,0.48184301595922163,2.2726069543325202,-0.19530558448391777,0.575347216287747,0.7149884542429118,-0.12392971398419506,-0.07716025368131862,1.1721707083799544,0.2578062001058692,53
宁德时代,阳光电源,电池,光伏,4.177960301163586,1.0794719953637824,0.0184722142005338,1.0737137338017164,1.085261138132983,0.0794909042975791,1.2661081839328723,1.1728752682327828,0.05809952006062824,0.03890422250780601,1.1721707083799544,1.1735798280856111,53
宁德时代,晶澳科技,电池,光伏,4.177960301163586,1.0693404125255512,0.016176029286347315,0.36157269549705107,3.1625422276103317,-0.33928145168586343,0.4335398807186749,0.6561642348695647,-0.1813044079722611,-0.09593068903236701,1.1721707083799544,0.1401577613591748,53
宁德时代,亿纬锂能,电池,电池,4.177960301163586,1.0389039564636782,0.009176996878377253,0.668468239191367,1.6146188666517922,-0.05265331042419119,0.7872761151269316,0.8310327399565289,-0.05563934168753226,-0.04333364557837993,1.1721707083799544,0.4898947715331034,53
宁德时代,立讯精密,电池,电子,4.177960301163586,1.0808805093683351,0.01879013523050377,1.22444760197071,0.9541467300454547,0.06750775451289637,1.4918171375246194,1.3974766283597961,0.10047211708032355,0.083398923751973,1.1721707083799544,1.6227825483396379,53
宁德时代,京东方A,电池,电子,4.177960301163586,1.0850484453440241,0.019729053591965195,1.1637454229732977,1.0116732624696199,0.08197581266009224,1.3716934286833886,1.2677671835482265,0.07858070731032019,0.05843120164697879,1.1721707083799544,1.3633636587164986,53
宁德时代,工业富联,电池,电子,4.177960301163586,1.1299728673030542,0.029679094928812155,2.5953616825040595,0.49196945822563165,-0.18997807533981204,3.1396348356641206,3.8759874764886493,0.3150087439427727,0.38302506706677075,1.1721707083799544,6.579804244597344,53
宁德时代,海康威视,电池,安防,4.177960301163586,1.0507015675715832,0.011908202711877536,0.9995090345606031,1.104516063311727,0.04987825364932008,1.1825646649008799,1.1263826646473998,0.0409520625431381,0.02889509866620621,1.1721707083799544,1.0805946209148454,53
宁德时代,大华股份,电池,安防,4.177960301163586,1.065710325506598,0.015349292692642402,1.0268063598558803,1.1060882969704124,0.06569741356019843,1.2259864816632726,1.150407673006912,0.0499754821487397,0.034105735423866745,1.1721707083799544,1.1286446376338697,53
宁德时代,韦尔股份,电池,半导体,4.177960301163586,1.0896706194702994,0.020767096313294875,0.8102869690263526,1.465384615975688,0.04574594337359539,0.9567921253062439,0.9149374485925473,-0.010516248819338436,-0.021053440474379403,1.1721707083799544,0.6577041888051403,53
宁德时代,北方华创,电池,半导体,4.177960301163586,1.0803374034398459,0.018667586084186283,1.6328264989223715,0.7147905218597488,-0.015304685268133889,1.9629617851451708,1.9934712349877364,0.17519196858296482,0.17953822673148956,1.1721707083799544,2.814771761595518,53
宁德时代,中芯国际,电池,半导体,4.177960301163586,1.1516424976009314,0.034371304144360515,1.7276617312497025,0.7676736818851383,0.05788090464096096,2.0509508665985465,1.9387351237752308,0.1875909489381793,0.17170398182316138,1.1721707083799544,2.705299539170507,53
宁德时代,兆易创新,电池,半导体,4.177960301163586,1.1684936128203227,0.03797393847494379,1.7353316982867686,0.7868105703076127,0.07163641227550865,2.091587076761884,1.9517693247475756,0.1931809683692649,0.17358464931600115,1.1721707083799544,2.731367941115197,53
宁德时代,科大讯飞,电池,软件,4.177960301163586,1.101048384783229,0.023308107270211487,0.9575034419427021,1.2661129898124202,0.09402575733082452,1.1498710071866272,1.0510456444755492,0.03399024928221883,0.011987507400860853,1.1721707083799544,0.929920580571144,53
宁德时代,恒生电子,电池,软件,4.177960301163586,1.090591952444437,0.020973607754495527,0.8088661028517028,1.4704421443095526,0.04179880901230537,0.9423851176932603,0.9045749616345828,-0.014103011542711208,-0.02371874268608143,1.1721707083799544,0.6369792148892113,53
宁德时代,浪潮信息,电池,服务器,4.177960301163586,1.2150910073860846,0.04773444829155782,1.988511136897942,0.7424882510508699,0.0921305486509878,2.281064038000204,2.088636785059992,0.21820576721957008,0.1927779135375025,1.1721707083799544,3.0051028617400295,53
宁德时代,分众传媒,电池,传媒,4.177960301163586,1.042184036101957,0.009938709552598235,0.9258329629050802,1.1731571553659632,0.03728958194134102,1.1066535094529806,1.0668703597522124,0.024552569797467116,0.015613718040288882,1.1721707083799544,0.9615700111244705,53
宁德时代,紫金矿业,电池,有色,4.177960301163586,1.0625118183514353,0.014619069474752333,1.786840187010145,0.6318032090074452,-0.07227788792808143,2.122276458481847,2.287620862827213,0.1973481712417815,0.21904298453864923,1.1721707083799544,3.403071017274472,53
宁德时代,中国神华,电池,煤炭,4.177960301163586,1.0557613337403393,0.013072419834078808,1.1795487353914937,0.9449647652339117,0.04612433298073282,1.4217902770666428,1.3591025772390948,0.08788096237724541,0.0762027280566715,1.1721707083799544,1.546034446098235,53
宁德时代,陕西煤业,电池,煤炭,4.177960301163586,1.0682516244632823,0.01592828693668924,1.1789426111186077,0.9679534206382456,0.06041804702205078,1.4181512947142878,1.3373511500458255,0.08721387203011544,0.07205485257425037,1.1721707083799544,1.5025315917116964,53
宁德时代,长江电力,电池,电力,4.177960301163586,1.0603890318280516,0.01413351101676441,1.0772262030047899,1.0438150276003197,0.059779947187074134,1.2998749828970018,1.2265517821385477,0.06478637753512761,0.05009134184114572,1.1721707083799544,1.280932855897141,53
宁德时代,万华化学,电池,化工,4.177960301163586,1.057178728030054,0.013397791310300278,0.8993773155641333,1.2426673918256577,0.04616400462673398,1.0711538430703034,1.023887113619901,0.01658823087877037,0.005666184937777707,1.1721707083799544,0.8756035188598476,53
宁德时代,海螺水泥,电池,建材,4.177960301163586,1.0507293716503394,0.011914611878559578,0.8041733797646814,1.372878337220987,0.019648335397903116,0.962145413443159,0.943605143108183,-0.009193963178322107,-0.01379766432691254,1.1721707083799544,0.7150395778364116,53
宁德时代,宝钢股份,电池,钢铁,4.177960301163586,1.0464465737527908,0.010925852522970958,0.9696711037859362,1.1293008809311673,0.045595063528748536,1.1686451435445884,1.1176842587612854,0.03800615473171032,0.026987706651398602,1.1721707083799544,1.0631978091426164,53
宁德时代,洛阳钼业,电池,有色,4.177960301163586,1.0853011363109666,0.019785889474730478,1.7598458941644906,0.6693077844961465,-0.03981443542844365,2.1098245484226616,2.1973091725911176,0.19566293210309116,0.20734691544377326,1.1721707083799544,3.222447636802281,53
宁德时代,三一重工,电池,机械,4.177960301163586,1.0550685146984828,0.012913258098794289,0.9942033728225844,1.1196598212574236,0.054688538864337,1.1935940506827538,1.1317028740712276,0.04326763304546066,0.030056201972726404,1.1721707083799544,1.0912350397625008,53
宁德时代,汇川技术,电池,机械,4.177960301163586,1.055018403989588,0.012901743052845749,0.9227212711859024,1.2062839207404448,0.04283638805735279,1.0603462435661757,1.0167906065700691,0.014123716186644986,0.003993438691059836,1.1721707083799544,0.861410504760184,53
宁德时代,中航沈飞,电池,军工,4.177960301163586,1.061632828644397,0.014418102164569069,1.0153061915640282,1.1100732687538502,0.061799552434727456,1.2216594509695156,1.1505556281015812,0.04908729818687463,0.034137566956552456,1.1721707083799544,1.1289405478232077,53
宁德时代,顺丰控股,电池,交运,4.177960301163586,1.0458879960733198,0.010796668234799522,0.769971143929554,1.4206788253747151,0.0027362997198101535,0.9149913248021272,0.9124944664492538,-0.02103964328646435,-0.021679715453779114,1.1721707083799544,0.6528182245185533,53
宁德时代,京沪高铁,电池,交运,4.177960301163586,1.056141619607532,0.013159749365466489,0.9918268127090104,1.1246269070107056,0.0553746357303595,1.1861288875132407,1.1238936841535843,0.04170214517816162,0.02835046105529493,1.1721707083799544,1.0756166599272141,53
宁德时代,中国中免,电池,免税,4.177960301163586,1.076774900118068,0.017862560970960395,0.5282693659226839,2.1947973142435986,-0.14581030410177753,0.6223377069684223,0.7285708431708527,-0.1073115941112106,-0.07299420083018615,1.1721707083799544,0.284970977961751,53
宁德时代,上海机场,电池,交运,4.177960301163586,1.0468112555890388,0.01101016551713685,0.6874356036690079,1.5940603003092653,-0.03226903553337168,0.8209945947604048,0.8483706989916373,-0.04611231128321769,-0.03859386553907318,1.1721707083799544,0.5245706896033202,53
宁德时代,万科A,电池,地产,4.177960301163586,1.0576064477329763,0.013495911791440163,0.643423234564772,1.7384069119651357,-0.05170741642965326,0.7702308875618512,0.8122291589183493,-0.06057399391353391,-0.048559892731927734,1.1721707083799544,0.45228760945674423,53
宁德时代,中国建筑,电池,建筑,4.177960301163586,1.0479005735838403,0.011261878547880189,0.9460528600864581,1.1607127449696506,0.045079695656783825,1.1370490317024364,1.0880022226322694,0.031218793453941407,0.02039279657767512,1.1721707083799544,1.0038337368845842,53
宁德时代,保利发展,电池,地产,4.177960301163586,1.0564070208559797,0.013220682415903351,0.6858145370793226,1.627255961161885,-0.027372187061109332,0.8197967293511312,0.8428678662540348,-0.04644561625688459,-0.04009016103360841,1.1721707083799544,0.513565024128115,53
宁德时代,牧原股份,电池,养殖,4.177960301163586,1.0646454156348513,0.015106357767374456,0.8345199884096423,1.358229732989831,0.036250550254737446,0.9878443133857531,0.953287130359463,-0.0029230263187128847,-0.011385049428266458,1.1721707083799544,0.7344035523389715,53
宁德时代,中国移动,电池,通信,4.177960301163586,1.0694265515499366,0.016195621129751814,1.34698582129582,0.8490610154008594,0.037488134140632345,1.606809395774748,1.5487496607425717,0.12020582496649945,0.1103815643039403,1.1721707083799544,1.9253286131051888,53
宁德时代,中兴通讯,电池,通信,4.177960301163586,1.0827202682086652,0.019204919889271643,1.1478461016149184,1.0212895069648664,0.07986892836090265,1.3673245663315439,1.2661949338675396,0.07775746745825995,0.058116872048359136,1.1721707083799544,1.3602191593551247,53
隆基绿能,通威股份,光伏,光伏,4.177960301163586,1.0213090435447825,0.0050595205697923085,1.1707742944785535,0.8909250633068674,0.010694255858343604,0.2277561417817674,0.22534623152512417,-0.2982059727348776,-0.2999905330168058,0.1928862629443792,0.2578062001058692,53
隆基绿能,阳光电源,光伏,光伏,4.177960301163586,1.0927671448586775,0.021460638546921373,2.706014625894071,0.4412910490046004,-0.23902735024746713,0.5199216610440388,0.6832330455149952,-0.14491480829625147,-0.08714068511913942,0.1928862629443792,1.1735798280856111,53
隆基绿能,晶澳科技,光伏,光伏,4.177960301163586,1.0326030683387533,0.007708633367836004,0.8692374727474506,1.226671801633664,0.019659614307779183,0.16979577068443624,0.16652201215177698,-0.34584293353653417,-0.3488841460080997,0.1928862629443792,0.1401577613591748,53
隆基绿能,亿纬锂能,光伏,电池,4.177960301163586,1.0459394772429407,0.010808576667027836,1.6754725412359617,0.6529437893671612,-0.05819090866660814,0.3215246928304556,0.3413905172387413,-0.23783125229500168,-0.22681547308279648,0.1928862629443792,0.4898947715331034,53
隆基绿能,立讯精密,光伏,电子,4.177960301163586,1.1276666726211968,0.029175706861287454,3.180304085167241,0.3998460809050878,-0.3047739740394918,0.6311501060647136,0.9078344056420086,-0.10430220886910568,-0.02287789895785819,0.1928862629443792,1.6227825483396379,53
隆基绿能,京东方A,光伏,电子,4.177960301163586,1.0949049854615753,0.021938588180483665,2.923550987730332,0.41005507761617704,-0.2784147328687051,0.5614835077223607,0.7781249608304389,-0.12902939107089484,-0.05827841364282371,0.1928862629443792,1.3633636587164986,53
隆基绿能,工业富联,光伏,电子,4.177960301163586,1.2009366650316726,0.044800173255237885,6.867131433163212,0.21002202847791593,-0.6003834590234312,1.353239576864333,3.3863452537708616,0.07508968690127604,0.33903469680476417,0.1928862629443792,6.579804244597344,53
隆基绿能,海康威视,光伏,安防,4.177960301163586,1.0576636888574251,0.013509040826840124,2.5048419085962297,0.4465960406077741,-0.24165420426917228,0.48286943710911073,0.6367404419296123,-0.15991302884665382,-0.10240967111400545,0.1928862629443792,1.0805946209148454,53
隆基绿能,大华股份,光伏,安防,4.177960301163586,1.07883286295609,0.018327849121224205,2.587789378440224,0.4497585297670384,-0.23818158553414603,0.5033832876730768,0.6607654502891245,-0.15150535664133113,-0.09441732851573026,0.1928862629443792,1.1286446376338697,53
隆基绿能,韦尔股份,光伏,半导体,4.177960301163586,1.0922924996900865,0.021354427297451517,2.022124761603457,0.5900243780869084,-0.0852218105229493,0.389050796718946,0.4252952258747597,-0.2022487385677777,-0.1850581690937969,0.1928862629443792,0.6577041888051403,53
隆基绿能,北方华创,光伏,半导体,4.177960301163586,1.1163798915554939,0.026700711524130893,4.200664678687532,0.2966921088923611,-0.45293944047889767,0.8226855408764648,1.5038290122699487,-0.045642436121775654,0.10258650281868942,0.1928862629443792,2.814771761595518,53
隆基绿能,中芯国际,光伏,半导体,4.177960301163586,1.1489639128139613,0.03379495666610577,4.291141163074571,0.3076379971622544,-0.42724337637175647,0.8299775573333176,1.4490929010574432,-0.04362452668758321,0.09284503358495266,0.1928862629443792,2.705299539170507,53
隆基绿能,兆易创新,光伏,半导体,4.177960301163586,1.2091083540049306,0.04649739960870036,4.470403878474024,0.32702705425880846,-0.3996723310122333,0.8777553549253813,1.4621271020297881,-0.03072642299475692,0.09518981329498999,0.1928862629443792,2.731367941115197,53
隆基绿能,科大讯飞,光伏,软件,4.177960301163586,1.1166872483193218,0.026768361065066637,2.417635804822046,0.5157891887900649,-0.15749380856748474,0.4729858587223138,0.5614034217577616,-0.16406116539623605,-0.1290591270441661,0.1928862629443792,0.929920580571144,53
隆基绿能,恒生电子,光伏,软件,4.177960301163586,1.0891229582227533,0.02064427827543036,2.011021169730985,0.5898440235149578,-0.07983069360764505,0.38180837056854755,0.4149327389167952,-0.20582870297518785,-0.18985550084187508,0.1928862629443792,0.6369792148892113,53
隆基绿能,浪潮信息,光伏,服务器,4.177960301163586,1.2798193727618024,0.060830920780371445,5.214267208293402,0.314126139199625,-0.3903225434358899,0.9748709378286375,1.5989945623422044,-0.006073018455187484,0.11889937204336865,0.1928862629443792,3.0051028617400295,53
隆基绿能,分众传媒,光伏,传媒,4.177960301163586,1.057295319290041,0.013424540769662707,2.3383521454786327,0.47806032737802817,-0.2111225850983688,0.45536224055220165,0.5772281370344249,-0.17162434644995206,-0.12324505259104301,0.1928862629443792,0.9615700111244705,53
隆基绿能,紫金矿业,光伏,有色,4.177960301163586,1.0967915965054573,0.022359782025921593,4.5919953397957425,0.2619671226013262,-0.5057712301725663,0.8886127714772835,1.7979786401094255,-0.027870135468929802,0.15075532709337347,0.1928862629443792,3.403071017274472,53
隆基绿能,中国神华,光伏,煤炭,4.177960301163586,1.0713839065326998,0.016640487472422194,2.9800300114654417,0.38518520644454934,-0.3269868812427158,0.5851582248321989,0.8694603545213071,-0.12037699736956786,-0.03292677313681369,0.1928862629443792,1.546034446098235,53
隆基绿能,陕西煤业,光伏,煤炭,4.177960301163586,1.0800303288088997,0.018598275484226656,2.967429683246271,0.39308952044686196,-0.31402996506148695,0.5815029224969035,0.8477089273280378,-0.12169530452253774,-0.03877341907809839,0.1928862629443792,1.5025315917116964,53
隆基绿能,长江电力,光伏,电力,4.177960301163586,1.0787150822842164,0.018301238120581598,2.7281849903575717,0.42652028101471673,-0.2722490600391071,0.5362866245346256,0.7369095594207601,-0.13854850953121578,-0.0704656969465508,0.1928862629443792,1.280932855897141,53
隆基绿能,万华化学,光伏,化工,4.177960301163586,1.075534165468088,0.017581714332882248,2.2779443318656285,0.5078147542533415,-0.1726373333872071,0.4420142775610331,0.5342448909021134,-0.17750221623130524,-0.1393346468761052,0.1928862629443792,0.8756035188598476,53
隆基绿能,海螺水泥,光伏,建材,4.177960301163586,1.0545361414976298,0.012790901659613274,2.009304103669321,0.5534485654480716,-0.1372590655706888,0.3916523941338687,0.4539629203903954,-0.2009751317473134,-0.17223434848865837,0.1928862629443792,0.7150395778364116,53
隆基绿能,宝钢股份,光伏,钢铁,4.177960301163586,1.0548231939002912,0.012856881345479687,2.4333940762218194,0.4572428203316568,-0.2392962575597033,0.4777539272281125,0.6280420360434978,-0.1620518594396877,-0.10535992787585313,0.1928862629443792,1.0631978091426164,53
隆基绿能,洛阳钼业,光伏,有色,4.177960301163586,1.1179072409620132,0.027036743104460914,4.512898159442083,0.276921072721437,-0.48384557143122653,0.881419858697649,1.7076669498733301,-0.029759403305610777,0.13664799151327012,0.1928862629443792,3.222447636802281,53
隆基绿能,三一重工,光伏,机械,4.177960301163586,1.0655232174306528,0.015306621623690786,2.499671097889862,0.4541956451159458,-0.23855603247219315,0.4888932097600513,0.64206065135344,-0.15741643211889222,-0.10062028270343748,0.1928862629443792,1.0912350397625008,53
隆基绿能,汇川技术,光伏,机械,4.177960301163586,1.0585960408179427,0.013722812452326316,2.3049746026349487,0.4861769740778801,-0.1810693949038944,0.4316979449635831,0.5271483838522816,-0.18213829363276923,-0.14208494615550948,0.1928862629443792,0.861410504760184,53
隆基绿能,中航沈飞,光伏,军工,4.177960301163586,1.0646085596635804,0.015097946608635837,2.5347669214779183,0.447138305185129,-0.24822656490808148,0.4968571410636721,0.6609134053837935,-0.1541513900301904,-0.09436879861413472,0.1928862629443792,1.1289405478232077,53
隆基绿能,顺丰控股,光伏,交运,4.177960301163586,1.0478280937999163,0.011245136539166811,1.9204574605120754,0.5717094685677692,-0.12067130547740157,0.3718261114563418,0.42285224373146624,-0.2108486269905352,-0.18618107416190377,0.1928862629443792,0.6528182245185533,53
隆基绿能,京沪高铁,光伏,交运,4.177960301163586,1.0691674484185343,0.016136685933825445,2.4996821998132055,0.45730574584370015,-0.23213418004943986,0.48702001849023907,0.6342514614357967,-0.15819027112763628,-0.1032507167626302,0.1928862629443792,1.0756166599272141,53
隆基绿能,中国中免,光伏,免税,4.177960301163586,1.0602764480283509,0.014107738369057543,1.2950156006956146,0.8680869524967594,0.04041597557239629,0.24858515374084253,0.23892862045306512,-0.28335143845944877,-0.29011546723157366,0.1928862629443792,0.284970977961751,53
隆基绿能,上海机场,光伏,交运,4.177960301163586,1.0546371031610946,0.012814109498345383,1.7242175698129227,0.6450806666380885,-0.06479644345246371,0.3354841468461827,0.3587284762738497,-0.230038511811957,-0.2175931347564145,0.1928862629443792,0.5245706896033202,53
隆基绿能,万科A,光伏,地产,4.177960301163586,1.0610370397911575,0.014281812340417144,1.607046995102269,0.7005393141829923,-0.028444008944848442,0.3134112705017817,0.3225869362005617,-0.2424794750299225,-0.23722931459281948,0.1928862629443792,0.45228760945674423,53
隆基绿能,中国建筑,光伏,建筑,4.177960301163586,1.061278735731748,0.01433710856987136,2.385339334923151,0.4721812693172495,-0.21945761885261428,0.4670453391165991,0.5983599999144817,-0.16658622357082065,-0.11566724862021027,0.1928862629443792,1.0038337368845842,53
隆基绿能,保利发展,光伏,地产,4.177960301163586,1.062977831277087,0.014725564782615663,1.718007270120747,0.6576932993462389,-0.05280337167274518,0.334574138596258,0.3532256435362471,-0.2305389224561214,-0.2204827371124356,0.1928862629443792,0.513565024128115,53
隆基绿能,牧原股份,光伏,养殖,4.177960301163586,1.0776843662322555,0.018068266975390213,2.103045747677144,0.5522483733433815,-0.12516907998237192,0.405610901113655,0.4636449076416753,-0.19424956388335635,-0.16804261266442166,0.1928862629443792,0.7344035523389715,53
隆基绿能,中国移动,光伏,通信,4.177960301163586,1.087540103864354,0.020289044436861303,3.4102225747298878,0.3468229570344014,-0.3742215362114788,0.6627666255541458,1.059107438024784,-0.09376163338805277,0.013840005869839578,0.1928862629443792,1.9253286131051888,53
隆基绿能,中兴通讯,光伏,通信,4.177960301163586,1.1127998677296087,0.02591169914089364,2.9370398870345604,0.42162299228061634,-0.2659775030818433,0.570007160026705,0.776552711149752,-0.1258828351038891,-0.058734203225035087,0.1928862629443792,1.3602191593551247,53
通威股份,阳光电源,光伏,光伏,4.177960301163586,1.0999377148016665,0.023060942016013053,2.37604468027607,0.509192014142823,-0.15457011393843534,0.6050682633620194,0.7156930140957402,-0.11330429403848685,-0.07694267409539346,0.2578062001058692,1.1735798280856111,53
通威股份,晶澳科技,光伏,光伏,4.177960301163586,1.0362741734581908,0.008564976234900712,0.7609632840598994,1.4111905069153472,-0.010035095806671057,0.19698517749206995,0.198981980732522,-0.32216843153576646,-0.3205301385411776,0.2578062001058692,0.1401577613591748,53
通威股份,亿纬锂能,光伏,电池,4.177960301163586,1.0600368744017132,0.014052888321913537,1.4812751311709376,0.7585884292832852,0.007769745809191653,0.37675520906494653,0.3738504858194863,-0.20835721607713664,-0.20982238538183706,0.2578062001058692,0.4898947715331034,53
通威股份,立讯精密,光伏,电子,4.177960301163586,1.1121570054401535,0.025769812338797493,2.736138030691561,0.4520580434449003,-0.23482193882838176,0.7194926261983466,0.9402943742227535,-0.07577209223969794,-0.01462698143248753,0.2578062001058692,1.6227825483396379,53
通威股份,京东方A,光伏,电子,4.177960301163586,1.0920715198201394,0.021304966701214623,2.543720087263605,0.4688488369352088,-0.2011951934018441,0.6474991377696806,0.8105849294111839,-0.09880273265539896,-0.049021248167833154,0.2578062001058692,1.3633636587164986,53
通威股份,工业富联,光伏,电子,4.177960301163586,1.169312891707966,0.03814808378536538,5.832704739080864,0.2344182844629827,-0.5545031567859506,1.523066934121347,3.4188052223516068,0.10594624313722312,0.3420957233691577,0.2578062001058692,6.579804244597344,53
通威股份,海康威视,光伏,安防,4.177960301163586,1.0573819838347411,0.013444422707863168,2.1844828107598793,0.5118175589348644,-0.16598936866903036,0.5581202568566871,0.6692004105103573,-0.13028095541780027,-0.09166372375667164,0.2578062001058692,1.0805946209148454,53
通威股份,大华股份,光伏,安防,4.177960301163586,1.070614854028797,0.01646577151951112,2.2402269750460304,0.5116518006589714,-0.1669250481007234,0.5775087324803724,0.6932254188698694,-0.12314306043669954,-0.08396280466180017,0.2578062001058692,1.1286446376338697,53
通威股份,韦尔股份,光伏,半导体,4.177960301163586,1.1095302484822147,0.02518940903598299,1.791810764958693,0.6870465321294044,-0.0018537006496257558,0.45690665335417296,0.4577551944555047,-0.17095274759829127,-0.1705844881885371,0.2578062001058692,0.6577041888051403,53
通威股份,北方华创,光伏,半导体,4.177960301163586,1.1018058634767762,0.023476565612108535,3.6165551152510282,0.335671964647369,-0.3890438835454182,0.9386051494925072,1.5362889808506937,-0.015050972680983321,0.10823669106442502,0.2578062001058692,2.814771761595518,53
通威股份,中芯国际,光伏,半导体,4.177960301163586,1.1424278643466885,0.03238430199047393,3.7220242586300682,0.3506536590162116,-0.3560188933958556,0.9540920564821461,1.481552869638188,-0.01118531370946163,0.09865506788237632,0.2578062001058692,2.705299539170507,53
通威股份,兆易创新,光伏,半导体,4.177960301163586,1.2314726913615988,0.05109818219995921,3.971827002074209,0.38182050446240584,-0.30855352870563,1.0334269560158424,1.494587070610533,0.007901019392518638,0.10096083916096465,0.2578062001058692,2.731367941115197,53
通威股份,科大讯飞,光伏,软件,4.177960301163586,1.1131799969998404,0.025995568534886493,2.1023678900139195,0.5894162061771027,-0.08218476224476323,0.5450568687976675,0.5938633903385067,-0.13519733208897167,-0.11726246279506314,0.2578062001058692,0.929920580571144,53
通威股份,恒生电子,光伏,软件,4.177960301163586,1.0966192663649146,0.022321331478298623,1.766361540885053,0.6808197458602737,-0.006413192292857306,0.44452349203393643,0.44739270749754023,-0.17638705831957358,-0.1751177594408827,0.2578062001058692,0.6369792148892113,53
通威股份,浪潮信息,光伏,服务器,4.177960301163586,1.2534180319014587,0.05555139722999902,4.454762350276028,0.35266904026841744,-0.323219846400556,1.1041360480285425,1.6314545309229493,0.02399423180810123,0.1242944965682804,0.2578062001058692,3.0051028617400295,53
通威股份,分众传媒,光伏,传媒,4.177960301163586,1.0432750393334396,0.010191662352927677,2.0127805214914294,0.5407558330749797,-0.14802184858918732,0.5194409451591727,0.6096881056151698,-0.14510410733640633,-0.11168853818526858,0.2578062001058692,0.9615700111244705,53
通威股份,紫金矿业,光伏,有色,4.177960301163586,1.090492772425166,0.02095138350377157,3.982759799898063,0.29858051864989743,-0.4419723039091108,1.0214354396431886,1.8304386086901705,0.0050892908911741586,0.1556941269531147,0.2578062001058692,3.403071017274472,53
通威股份,中国神华,光伏,煤炭,4.177960301163586,1.0470445388041494,0.011064087954685053,2.5405320279040864,0.4315246783737784,-0.2670544772063326,0.6610584627342669,0.9019203231020521,-0.09432122720691793,-0.024405268337574615,0.2578062001058692,1.546034446098235,53
通威股份,陕西煤业,光伏,煤炭,4.177960301163586,1.054316178097288,0.012740333296699546,2.5269657467411193,0.4398882750315139,-0.2544536207063125,0.6562067335117155,0.8801688959087828,-0.09591667415764515,-0.030089173384867607,0.2578062001058692,1.5025315917116964,53
通威股份,长江电力,光伏,电力,4.177960301163586,1.0596761297077395,0.013970278536401537,2.3378907618052938,0.480310508180148,-0.20846342349429536,0.6089841222621212,0.769369528001505,-0.11193414840293103,-0.06082555682609714,0.2578062001058692,1.280932855897141,53
通威股份,万华化学,光伏,化工,4.177960301163586,1.0586161810875014,0.013727428675340603,1.9558764740200913,0.5729749469080091,-0.11246926460739126,0.5029679806873862,0.5667048594828583,-0.15167296341128056,-0.1270976238205037,0.2578062001058692,0.8756035188598476,53
通威股份,海螺水泥,光伏,建材,4.177960301163586,1.0400766387232783,0.009449531468118,1.7287553747797464,0.6257446427640089,-0.08195516747884168,0.44655801963996855,0.4864228889711404,-0.1754863729317495,-0.15843742873072186,0.2578062001058692,0.7150395778364116,53
通威股份,宝钢股份,光伏,钢铁,4.177960301163586,1.0401323817065709,0.009462480470646017,2.093174291272384,0.5168587135746545,-0.17550866274759447,0.5445781810505365,0.6605020046242428,-0.13537918000014582,-0.09450376028212282,0.2578062001058692,1.0631978091426164,53
通威股份,洛阳钼业,光伏,有色,4.177960301163586,1.1129367785550741,0.025941908817505244,3.9192616456087315,0.31603612748037524,-0.4170483190902129,1.0144099121091712,1.740126918454075,0.00343028647968624,0.14178239925736658,0.2578062001058692,3.222447636802281,53
通威股份,三一重工,光伏,机械,4.177960301163586,1.0541908990952162,0.012711528763623026,2.157362935646222,0.5151281842163907,-0.17103537517987977,0.5591537326371766,0.674520619934185,-0.12989575960131106,-0.0899404833792673,0.2578062001058692,1.0912350397625008,53
通威股份,汇川技术,光伏,机械,4.177960301163586,1.068379752328972,0.015957451062532213,2.029296596237587,0.5624782978017068,-0.09964714214089299,0.5038449793949019,0.5596083524330266,-0.15131915365022142,-0.12972648576378587,0.2578062001058692,0.861410504760184,53
通威股份,中航沈飞,光伏,军工,4.177960301163586,1.0555199854783892,0.013016983772493829,2.1922926969354735,0.5081996766680336,-0.17871531135819385,0.5694569355489846,0.6933733739645385,-0.1260848690919495,-0.08391601294338069,0.2578062001058692,1.1289405478232077,53
通威股份,顺丰控股,光伏,交运,4.177960301163586,1.0419214514154231,0.009877798331128451,1.6658413263564364,0.6516829026532017,-0.0611994641599618,0.42744734889321717,0.45531221231221125,-0.18407301370951712,-0.17164613053750943,0.2578062001058692,0.6528182245185533,53
通威股份,京沪高铁,光伏,交运,4.177960301163586,1.053790387469273,0.012619424428455872,2.1492023237648454,0.5166913177245115,-0.16767628109719623,0.5549197368663743,0.6667114300165417,-0.13147730132722502,-0.09247349599869881,0.2578062001058692,1.0756166599272141,53
通威股份,中国中免,光伏,免税,4.177960301163586,1.0667089561724095,0.015576939816375202,1.1365428817203442,1.0011659176960235,0.065466743315171,0.289155516130753,0.27138858903381013,-0.25694467781993136,-0.26813759212266,0.2578062001058692,0.284970977961751,53
通威股份,上海机场,光伏,交运,4.177960301163586,1.051675104693839,0.012132537671283083,1.4998734327087555,0.7374092384817671,-0.011346125824165054,0.38674997153831503,0.3911884448545947,-0.20338051234108234,-0.2012017847415053,0.2578062001058692,0.5245706896033202,53
通威股份,万科A,光伏,地产,4.177960301163586,1.0470212379753414,0.011058702476576476,1.3833673529142223,0.7924529015825279,0.006989920824118201,0.35752865453457633,0.35504690478130674,-0.21822028615782374,-0.21952260379212252,0.2578062001058692,0.45228760945674423,53
通威股份,中国建筑,光伏,建筑,4.177960301163586,1.0403281011455994,0.009507941591594182,2.0397410492934953,0.530598018021983,-0.16102047081846216,0.5292450401664378,0.6308199684952267,-0.14126945654984469,-0.10441437090910988,0.2578062001058692,1.0038337368845842,53
通威股份,保利发展,光伏,地产,4.177960301163586,1.049854631926638,0.011712912254991714,1.4801780435470253,0.7446366016459558,-0.00953215886851988,0.3820091955889906,0.3856856121169921,-0.20572874087038473,-0.20390580302454664,0.2578062001058692,0.513565024128115,53
通威股份,牧原股份,光伏,养殖,4.177960301163586,1.0720880719020274,0.016800378504347124,1.82503669270734,0.6297806715379383,-0.05965554674951057,0.46650946858627357,0.49610487622242033,-0.1668151979010115,-0.1544580928642456,0.2578062001058692,0.7344035523389715,53
通威股份,中国移动,光伏,通信,4.177960301163586,1.0650806599130314,0.01520567115739424,2.913425666059086,0.38936871646883203,-0.3125656180088594,0.7503809655615439,1.091567406605529,-0.06642643511300672,0.021192105570931652,0.2578062001058692,1.9253286131051888,53
通威股份,中兴通讯,光伏,通信,4.177960301163586,1.100612187992661,0.023211059935280165,2.534026172033032,0.47803262717927525,-0.19437801821535838,0.6517583983333866,0.809012679730497,-0.09738737275494602,-0.04946307299731645,0.2578062001058692,1.3602191593551247,53
阳光电源,晶澳科技,光伏,光伏,4.177960301163586,1.091347611268177,0.021142885264068267,0.3709929193323123,3.210410621216998,-0.3260802010098107,0.44267688610224304,0.656868794722393,-0.17720726942252296,-0.09569843381633125,1.1735798280856111,0.1401577613591748,53
阳光电源,亿纬锂能,光伏,电池,4.177960301163586,1.0717764249638304,0.016729624371856433,0.6933179577611702,1.656822374567641,-0.022929121544559727,0.8126662941688846,0.8317372998093573,-0.04843735621740142,-0.04313957667065915,1.1735798280856111,0.4898947715331034,53
阳光电源,立讯精密,光伏,电子,4.177960301163586,1.1353027557567612,0.03083950116303158,1.292995707727138,0.996841938087003,0.12113201329016077,1.567545690485249,1.3981811882126245,0.11359225032413156,0.08352963536445346,1.1735798280856111,1.6227825483396379,53
阳光电源,京东方A,光伏,电子,4.177960301163586,1.1627207873419556,0.036744230897040264,1.2537390864061633,1.0783101874827623,0.15946288879866355,1.4707459119632642,1.2684717434010548,0.09673157014620681,0.058571963487739964,1.1735798280856111,1.3633636587164986,53
阳光电源,工业富联,光伏,电子,4.177960301163586,1.1873562730547178,0.04196004884782534,2.7417875239929277,0.5141955409838775,-0.1486282025637552,3.3005062670868197,3.8766920363414776,0.3308309830903764,0.3830852358526211,1.1735798280856111,6.579804244597344,53
阳光电源,海康威视,光伏,安防,4.177960301163586,1.1504953733752397,0.03412460393767636,1.1003100815192148,1.2029696231904583,0.1495224876684902,1.2956121101268763,1.1270872245002281,0.0639495396286538,0.029049103883204808,1.1735798280856111,1.0805946209148454,53
阳光电源,大华股份,光伏,安防,4.177960301163586,1.1693802156952717,0.03816238999483246,1.132734139754954,1.2072118609891487,0.16924616625185518,1.3459335651968642,1.1511122328597403,0.07369755711557358,0.034257288803756225,1.1735798280856111,1.1286446376338697,53
阳光电源,韦尔股份,光伏,半导体,4.177960301163586,1.1610739719480976,0.03639258069375373,0.8680132900702296,1.553078488263998,0.11405390763738676,1.020074557505516,0.9156420084453757,0.004768612195630073,-0.020873058137233724,1.1735798280856111,0.6577041888051403,53
阳光电源,北方华创,光伏,半导体,4.177960301163586,1.1228709019623546,0.028126390323699235,1.7062133152028884,0.738969184708199,0.023582558142893673,2.0412035614695436,1.9941757948405647,0.186237573296129,0.1796379961086425,1.1735798280856111,2.814771761595518,53
阳光电源,中芯国际,光伏,半导体,4.177960301163586,1.2004148024296855,0.04469148645939658,1.8104863074910256,0.7959163744735716,0.10288101421531426,2.1389712052891423,1.9394396836280592,0.19959587329492812,0.17180588623667226,1.1735798280856111,2.705299539170507,53
阳光电源,兆易创新,光伏,半导体,4.177960301163586,1.2377056099809365,0.052369082033687286,1.8479762620409548,0.8289690773876033,0.1352180587480467,2.216483613032328,1.952473884600404,0.20986032296947488,0.17368603576195585,1.1735798280856111,2.731367941115197,53
阳光电源,科大讯飞,光伏,软件,4.177960301163586,1.1895670122670368,0.04242406800774945,1.0400296573210601,1.360605119972159,0.18175043812934089,1.2429062647676838,1.0517502043283775,0.053425781678211104,0.012149836532449276,1.1735798280856111,0.929920580571144,53
阳光电源,恒生电子,光伏,软件,4.177960301163586,1.1847843935198745,0.041419401083748086,0.883438951596595,1.5889202718437925,0.13163684342105575,1.0244476601097379,0.9052795214874112,0.005797937385174423,-0.023536791302611992,1.1735798280856111,0.6369792148892113,53
阳光电源,浪潮信息,光伏,服务器,4.177960301163586,1.3296281218312982,0.0705697689550786,2.1876220118515546,0.8081427837107495,0.1955684667737314,2.497950628304386,2.08934134491282,0.24497946923046188,0.19287420649808884,1.1735798280856111,3.0051028617400295,53
阳光电源,分众传媒,光伏,传媒,4.177960301163586,1.1319832437252373,0.030117275679987898,1.010999853494304,1.2674443617829163,0.12649027208671448,1.2026127616588347,1.0675749196050408,0.04514900618679052,0.01577421301587867,1.1735798280856111,0.9615700111244705,53
阳光电源,紫金矿业,光伏,有色,4.177960301163586,1.150245941652866,0.03407093646000936,1.9447578063012603,0.680324162732238,0.004559912450795123,2.298759986266391,2.2883254226800416,0.2204611240302652,0.2191328385953919,1.1735798280856111,3.403071017274472,53
阳光电源,中国神华,光伏,煤炭,4.177960301163586,1.130751214319933,0.029848813393074547,1.2701063039813483,1.0066860582283823,0.12035831302554811,1.5234712301524072,1.3598071370919231,0.10601650284783126,0.07633623683690027,1.1735798280856111,1.546034446098235,53
阳光电源,陕西煤业,光伏,煤炭,4.177960301163586,1.1409874275679037,0.03207259190012968,1.2659683079901087,1.0283451028366455,0.13255219906968452,1.5154179367234684,1.3380557098986539,0.10461429779263898,0.07219000944710419,1.1735798280856111,1.5025315917116964,53
阳光电源,长江电力,光伏,电力,4.177960301163586,1.1433012728378416,0.032573161764718916,1.1676837615118014,1.1194279166649332,0.14250055608092538,1.4021410531789895,1.227256341991376,0.08426334823414838,0.05023568623329333,1.1735798280856111,1.280932855897141,53
阳光电源,万华化学,光伏,化工,4.177960301163586,1.1718295007893254,0.03868243258193127,1.0022609562722786,1.3700866728635832,0.15943063669866508,1.1879429763306375,1.0245916734727294,0.0420832579010646,0.00583177784306721,1.1735798280856111,0.8756035188598476,53
阳光电源,海螺水泥,光伏,建材,4.177960301163586,1.143787733955911,0.03267830315207232,0.8800900820082093,1.4864959929588153,0.10967801550290979,1.0478797172019172,0.9443097029610114,0.01125706105027513,-0.013621464280570206,1.1735798280856111,0.7150395778364116,53
阳光电源,宝钢股份,光伏,钢铁,4.177960301163586,1.129547363014683,0.029586276177932413,1.0522882263153328,1.212478875451268,0.12843095251743764,1.2620245598735762,1.1183888186141138,0.05728167588177868,0.02714262241049692,1.1735798280856111,1.0631978091426164,53
阳光电源,洛阳钼业,光伏,有色,4.177960301163586,1.1610009150170368,0.03637697180754085,1.892691428598056,0.7121726787069685,0.02732835109864573,2.2580818234438187,2.198013732443946,0.21525672098332405,0.2074395646145084,1.1735798280856111,3.222447636802281,53
阳光电源,三一重工,光伏,机械,4.177960301163586,1.1444580589626456,0.03282312829028977,1.084219771227523,1.2080431324745589,0.1438804492158825,1.2953387242124539,1.132407433924056,0.0638958002409431,0.030209656349782676,1.1735798280856111,1.0912350397625008,53
阳光电源,汇川技术,光伏,机械,4.177960301163586,1.1071905081547673,0.024671543608726587,0.973544309208171,1.259183387703298,0.09445520436787125,1.1136028803106934,1.0174951664228975,0.026088845324573784,0.004159909661735073,1.1735798280856111,0.861410504760184,53
阳光电源,中航沈飞,光伏,军工,4.177960301163586,1.1282735541622402,0.029308250694791704,1.0848257254977682,1.173461490727261,0.12828441120664769,1.2989489233117955,1.1512601879544095,0.06460476190198605,0.034289105516522644,1.1735798280856111,1.1289405478232077,53
阳光电源,顺丰控股,光伏,交运,4.177960301163586,1.128909451075633,0.02944707336137964,0.8355477069291596,1.5252708351169444,0.08207875601285997,0.9881532663731121,0.9131990263020822,-0.002848395772456991,-0.021498966035839007,1.1735798280856111,0.6528182245185533,53
阳光电源,京沪高铁,光伏,交运,4.177960301163586,1.1337289478561698,0.030497288663640543,1.0703992470288433,1.2008055225887342,0.13276247909808947,1.273902694870062,1.1245982440064126,0.059655005279885875,0.02850472554977279,1.1735798280856111,1.0756166599272141,53
阳光电源,中国中免,光伏,免税,4.177960301163586,1.1525950069456201,0.03457600853106646,0.5684995288113351,2.3368097644929584,-0.0860088399663218,0.6665512715936425,0.7292754030236811,-0.09252568110507176,-0.07277971204996236,1.1735798280856111,0.284970977961751,53
阳光电源,上海机场,光伏,交运,4.177960301163586,1.1114142328922,0.025605796537480963,0.7337742439519926,1.6834082243368758,0.02712288812235286,0.872104632097562,0.8490752588444657,-0.03222361893429826,-0.03840281965588899,1.1735798280856111,0.5245706896033202,53
阳光电源,万科A,光伏,地产,4.177960301163586,1.1544087277866566,0.034965440903307776,0.7060819720566508,1.8874005618756744,0.034703942494593853,0.8411457237993291,0.8129337187711777,-0.04055996152237773,-0.048362417226639476,1.1735798280856111,0.45228760945674423,53
阳光电源,中国建筑,光伏,建筑,4.177960301163586,1.1320782180138778,0.030137961586379713,1.027530285227005,1.2472635698697114,0.12883197994838924,1.2289670328558933,1.0887067824850978,0.05058589628234711,0.020550915647668644,1.1735798280856111,1.0038337368845842,53
阳光电源,保利发展,光伏,地产,4.177960301163586,1.152023963229847,0.03445330061903884,0.751899493703861,1.7650752832911358,0.060309081738152415,0.8944475045049934,0.8435724261068631,-0.02634612943725656,-0.039898167542202545,1.1735798280856111,0.513565024128115,53
阳光电源,牧原股份,光伏,养殖,4.177960301163586,1.165098383482478,0.037251259532525394,0.9181575853060864,1.4784545321171074,0.1338219733319015,1.0816567407387363,0.9539916902122914,0.018965206685886526,-0.011210211767730627,1.1735798280856111,0.7344035523389715,53
阳光电源,中国移动,光伏,通信,4.177960301163586,1.1490088534587761,0.03380463490974317,1.4549843050942302,0.9073784099967656,0.11476086237415761,1.7272709231602064,1.5494542205954,0.139757666556503,0.11050244848559099,1.1735798280856111,1.9253286131051888,53
阳光电源,中兴通讯,光伏,通信,4.177960301163586,1.1534928828872204,0.03476885383363881,1.2294339108905636,1.0822426639490241,0.15041724257092004,1.4574630221802802,1.266899493720368,0.09435260505603393,0.058257766782931375,1.1735798280856111,1.3602191593551247,53
晶澳科技,亿纬锂能,光伏,电池,4.177960301163586,1.0488642845841218,0.0114844011951587,1.995928721498125,0.551180147681038,-0.12742962648570744,0.2748825869797206,0.31502626644613907,-0.2658932944758866,-0.2415469993203282,0.1401577613591748,0.4898947715331034,53
晶澳科技,立讯精密,光伏,电子,4.177960301163586,1.1519950897940252,0.03444709496337883,3.8595218189410505,0.3438489919649328,-0.3766470280140777,0.5494670407422686,0.8814701548494064,-0.13352764826978736,-0.029746152031582596,0.1401577613591748,1.6227825483396379,53
晶澳科技,京东方A,光伏,电子,4.177960301163586,1.1273097872884699,0.029097737235053156,3.5757939688462885,0.3553972537535212,-0.3443984470266347,0.49285548896516557,0.7517607100378367,-0.15578696585889862,-0.06601585528763054,0.1401577613591748,1.3633636587164986,53
晶澳科技,工业富联,光伏,电子,4.177960301163586,1.187016413338668,0.0418886563329437,8.063191053965861,0.17474570007148454,-0.6607255659228767,1.1399556532953343,3.3599810029782597,0.031849132212283804,0.33653203793007336,0.1401577613591748,6.579804244597344,53
晶澳科技,海康威视,光伏,安防,4.177960301163586,1.0835226572040246,0.019385655415600445,3.048356068325603,0.38513261651856023,-0.30909576064897115,0.4217114980554941,0.61037619113701,-0.18670710322456185,-0.11144868288166121,0.1401577613591748,1.0805946209148454,53
晶澳科技,大华股份,光伏,安防,4.177960301163586,1.099767184815004,0.023022975961269676,3.1337943006389963,0.3859499841930591,-0.3105104668099927,0.43741298689603775,0.6344011994965222,-0.1795597186848651,-0.10320004821387074,0.1401577613591748,1.1286446376338697,53
晶澳科技,韦尔股份,光伏,半导体,4.177960301163586,1.1208127466341695,0.02767501949272777,2.464887077068776,0.5096465573228286,-0.1468828283561051,0.34033486514323136,0.3989309750821575,-0.22738840046980802,-0.1974457820620601,0.1401577613591748,0.6577041888051403,53
晶澳科技,北方华创,光伏,半导体,4.177960301163586,1.1164830532243548,0.026723419093273026,4.990604063942195,0.24977625797717773,-0.5253575287640456,0.7012675255516476,1.4774647614773464,-0.08143037879192483,0.09792869680100003,0.1401577613591748,2.814771761595518,53
晶澳科技,中芯国际,光伏,半导体,4.177960301163586,1.1423186216736176,0.03236067238833207,5.0681404352768675,0.2574695492531332,-0.5055728053464834,0.7034357353036295,1.4227286502648409,-0.08075140146571269,0.0880527722587261,0.1401577613591748,2.705299539170507,53
晶澳科技,兆易创新,光伏,半导体,4.177960301163586,1.229422334859967,0.05067904253823641,5.399799182871027,0.2799139794396748,-0.4701869345411549,0.7606859174859052,1.4357628512371858,-0.0633736773305642,0.09043038019543292,0.1401577613591748,2.731367941115197,53
晶澳科技,科大讯飞,光伏,软件,4.177960301163586,1.1116616209141703,0.025660432941701172,2.859083933745059,0.4322333964483445,-0.24990021458499856,0.40133276732958634,0.5350391709651594,-0.19629191524195222,-0.13902855072263587,0.1401577613591748,0.929920580571144,53
晶澳科技,恒生电子,光伏,软件,4.177960301163586,1.0781744324211584,0.018179056998321563,2.3649596158993034,0.4915348655053664,-0.17059031047369855,0.3222824690947913,0.38856848812419303,-0.2374016915624002,-0.20248556313325583,0.1401577613591748,0.6369792148892113,53
晶澳科技,浪潮信息,光伏,服务器,4.177960301163586,1.2510643816924967,0.05507664015215652,6.055070913650896,0.25848782111057345,-0.4832073173411474,0.8127238375363459,1.572630311549602,-0.04842122955828765,0.11445575599666258,0.1401577613591748,3.0051028617400295,53
晶澳科技,分众传媒,光伏,传媒,4.177960301163586,1.0813156387449991,0.018888286214558292,2.8409334470874392,0.4115701871838035,-0.2793751402007114,0.39696621079150474,0.5508638862418227,-0.19839362821644557,-0.13300093088853315,0.1401577613591748,0.9615700111244705,53
晶澳科技,紫金矿业,光伏,有色,4.177960301163586,1.1447275320947425,0.032881330348954796,5.693435741421578,0.23015999165532505,-0.5537318915353547,0.7906150024491664,1.7716143893168232,-0.05468226016402633,0.146693833478041,0.1401577613591748,3.403071017274472,53
晶澳科技,中国神华,光伏,煤炭,4.177960301163586,1.1020405848878376,0.02352874825102025,3.641397407664624,0.33352400597188087,-0.3915226827802236,0.5130048553552886,0.8430961037287048,-0.14765147439887316,-0.04002795265690329,0.1401577613591748,1.546034446098235,53
晶澳科技,陕西煤业,光伏,煤炭,4.177960301163586,1.1123013102469455,0.0258016674312882,3.630462079834313,0.34078697905957345,-0.3785309206628137,0.5104403199449762,0.8213446765354355,-0.14867327811679387,-0.04601497119860487,0.1401577613591748,1.5025315917116964,53
晶澳科技,长江电力,光伏,电力,4.177960301163586,1.1110454615213956,0.025524335072989235,3.3380578945056194,0.3698024589684698,-0.33744771077066893,0.4707734208327476,0.7105453086281579,-0.1649987428884082,-0.07853613974302376,0.1401577613591748,1.280932855897141,53
晶澳科技,万华化学,光伏,化工,4.177960301163586,1.1111288739920409,0.02554276265771338,2.7956210379694992,0.4416218642836992,-0.2335663311611912,0.38925682233133535,0.5078806401095112,-0.20214764334240243,-0.14969704851455679,0.1401577613591748,0.8756035188598476,53
晶澳科技,海螺水泥,光伏,建材,4.177960301163586,1.088131100200315,0.020421725420397996,2.462977228049498,0.4807309128719856,-0.19439996831260453,0.3444735017774703,0.4275986695977932,-0.2251499431816566,-0.18400388726007688,0.1401577613591748,0.7150395778364116,53
晶澳科技,宝钢股份,光伏,钢铁,4.177960301163586,1.0907776689283906,0.021015218954996584,2.9892620236805105,0.39802329591968133,-0.3001688027974839,0.42107288478229266,0.6016777852508957,-0.18700205800979552,-0.11449606958715741,0.1401577613591748,1.0631978091426164,53
晶澳科技,洛阳钼业,光伏,有色,4.177960301163586,1.1723447545221406,0.03879172815791132,5.622119588163264,0.24446157750703223,-0.5313906504882846,0.7878741641485113,1.6813026990807278,-0.05546768613697217,0.1324228645579959,0.1401577613591748,3.222447636802281,53
晶澳科技,三一重工,光伏,机械,4.177960301163586,1.1071940123176414,0.024672319823266786,3.085593071530571,0.3972910725729479,-0.2967250125559563,0.43300387837376614,0.6156964005608379,-0.18154678981825545,-0.10960105456105262,0.1401577613591748,1.0912350397625008,53
晶澳科技,汇川技术,光伏,机械,4.177960301163586,1.091049028875871,0.021076009540713647,2.822117663154897,0.42180664504265375,-0.242297909539668,0.37944518448868414,0.5007841330596794,-0.2070080108569302,-0.15255604209172113,0.1401577613591748,0.861410504760184,53
晶澳科技,中航沈飞,光伏,军工,4.177960301163586,1.0873896977352626,0.020255268919332936,3.075588739081446,0.384452036683528,-0.3183419131700458,0.4325455627181963,0.6345491545911912,-0.18175422258273688,-0.10314999192157981,0.1401577613591748,1.1289405478232077,53
晶澳科技,顺丰控股,光伏,交运,4.177960301163586,1.0722801823121402,0.01684398610878768,2.334629149024796,0.4924914048381672,-0.181912477576187,0.32436187981414555,0.39648799293886405,-0.2362268694150419,-0.19862487099046078,0.1401577613591748,0.6528182245185533,53
晶澳科技,京沪高铁,光伏,交运,4.177960301163586,1.1010536212342175,0.023309272125455527,3.0580354110531283,0.3964372264791677,-0.29672654086443284,0.42751094139331053,0.6078872106431945,-0.18404396106380327,-0.11231727672120906,0.1401577613591748,1.0756166599272141,53
晶澳科技,中国中免,光伏,免税,4.177960301163586,1.0854682121697363,0.01982346306610383,1.574954335231231,0.7481113663260448,0.0207075208519365,0.21696605077758568,0.2125643696604629,-0.3063114162220044,-0.3097061463255394,0.1401577613591748,0.284970977961751,53
晶澳科技,上海机场,光伏,交运,4.177960301163586,1.0736509797273088,0.01715497434679647,2.0851971159373464,0.5528141284385154,-0.12408345468473425,0.2911233241699183,0.3323642254812475,-0.25573745607006326,-0.23175847085207368,0.1401577613591748,0.5245706896033202,53
晶澳科技,万科A,光伏,地产,4.177960301163586,1.0906518933398817,0.02098703856020112,1.9623621584626603,0.6061682076960531,-0.0729902135326892,0.2746013283468059,0.2962226854079595,-0.2660731495053045,-0.25263770126450225,0.1401577613591748,0.45228760945674423,53
晶澳科技,中国建筑,光伏,建筑,4.177960301163586,1.0911958857656554,0.021108903912089083,2.9135226446835065,0.4086834414294518,-0.2844325862405531,0.40930151888054067,0.5719957491218794,-0.19250081200516134,-0.1251538903106565,0.1401577613591748,1.0038337368845842,53
晶澳科技,保利发展,光伏,地产,4.177960301163586,1.0923364954081247,0.021364273686068636,2.09725966581124,0.5689324210309282,-0.10339516184049846,0.293065506141505,0.3268613927436449,-0.25455202650982944,-0.23482225633525844,0.1401577613591748,0.513565024128115,53
晶澳科技,牧原股份,光伏,养殖,4.177960301163586,1.1097160354255784,0.02523049449932868,2.572550860690321,0.4786959504272774,-0.18574150840288206,0.35605948805052323,0.43728065684907313,-0.21899040914583023,-0.1796191341408958,0.1401577613591748,0.7344035523389715,53
晶澳科技,中国移动,光伏,通信,4.177960301163586,1.1255335739882548,0.028709403994392035,4.192671816832476,0.3021523938718031,-0.4338485308556891,0.5846890727002778,1.0327431872321817,-0.12054584894580922,0.007741360770968209,0.1401577613591748,1.9253286131051888,53
晶澳科技,中兴通讯,光伏,通信,4.177960301163586,1.1124152433740342,0.025826815795556346,3.487824960176014,0.3547963810742562,-0.3525316470640578,0.4857232868189942,0.7501884603571498,-0.1587272945013094,-0.06648376581784443,0.1401577613591748,1.3602191593551247,53
亿纬锂能,立讯精密,电池,电子,4.177960301163586,1.082450943367952,0.019144232502375846,1.9057475288454688,0.6148243810175646,-0.08583198774108725,0.9656710130262756,1.0563386599363707,-0.00832617797460633,0.013204988654577976,0.4898947715331034,1.6227825483396379,53
亿纬锂能,京东方A,电池,电子,4.177960301163586,1.1107863076872388,0.025467075777430903,1.851543830200303,0.6663878009368914,-0.02032521614142191,0.9077952760444333,0.926629215124801,-0.02288797965089684,-0.018073666486468243,0.4898947715331034,1.3633636587164986,53
亿纬锂能,工业富联,电池,电子,4.177960301163586,1.1608744162037086,0.03634994309668693,4.143904478551842,0.32520764346075215,-0.4101757711212902,2.0849398852968575,3.534849508065224,0.1922722488864761,0.3528612722835809,0.4898947715331034,6.579804244597344,53
亿纬锂能,海康威视,电池,安防,4.177960301163586,1.0716943387172033,0.01671098548304184,1.5844294389353613,0.7248847612994646,-0.006990891285123979,0.7797551359204524,0.7852446962239744,-0.05780657080003848,-0.05622315316032833,0.4898947715331034,1.0805946209148454,53
亿纬锂能,大华股份,电池,安防,4.177960301163586,1.0923582313223867,0.02136913814493524,1.635720454810084,0.7294929289591328,0.003787224309195203,0.8123345904813805,0.8092697045834866,-0.048530333865492215,-0.049390800675649604,0.4898947715331034,1.1286446376338697,53
亿纬锂能,韦尔股份,电池,半导体,4.177960301163586,1.0945491336254425,0.021859080889470528,1.2649504026059708,0.9471025926803811,0.08278760600585433,0.6213029654597272,0.5737994801691219,-0.10766707491215455,-0.12449437310492661,0.4898947715331034,0.6577041888051403,53
亿纬锂能,北方华创,电池,半导体,4.177960301163586,1.0957714662544886,0.022132102150905997,2.573921142922938,0.4664925767282766,-0.2210951948037424,1.2870103211125703,1.6523332665643107,0.06225453839412043,0.1277217153677197,0.4898947715331034,2.814771761595518,53
亿纬锂能,中芯国际,电池,半导体,4.177960301163586,1.1325027414359505,0.030230408916868123,2.640431562055789,0.4857397092925844,-0.18389782436300628,1.3038025142740803,1.5975971553518051,0.06555553947825521,0.118665247445219,0.4898947715331034,2.705299539170507,53
亿纬锂能,兆易创新,电池,半导体,4.177960301163586,1.1563383310378206,0.03537924430380146,2.6689208954792702,0.500995866191538,-0.1693026373258415,1.3379472199387743,1.61063135632415,0.07216920116664172,0.12084300600707154,0.4898947715331034,2.731367941115197,53
亿纬锂能,科大讯飞,电池,软件,4.177960301163586,1.1286358454239558,0.029387349798936757,1.5253952920026175,0.8350746054181879,0.07326367312874993,0.761918119981997,0.7099076760521237,-0.0630107569368834,-0.0787341287121952,0.4898947715331034,0.929920580571144,53
亿纬锂能,恒生电子,电池,软件,4.177960301163586,1.1098789977913253,0.025266528162214863,1.279335947601145,0.9628678003209844,0.10044848154829622,0.6200333836273558,0.5634369932111574,-0.10810384981154653,-0.12830505767911904,0.4898947715331034,0.6369792148892113,53
亿纬锂能,浪潮信息,电池,服务器,4.177960301163586,1.2474523718391917,0.05434673506431942,3.172764347118488,0.49046738104596793,-0.13355432161040637,1.5141127976656819,1.7474988166365664,0.10438651914157071,0.14293829555022874,0.4898947715331034,3.0051028617400295,53
亿纬锂能,分众传媒,电池,传媒,4.177960301163586,1.0706824026817463,0.016481121274824373,1.478235099918459,0.7754928884286345,0.012680686064434621,0.7349351759500187,0.725732391328787,-0.07106240437297895,-0.07385991072515596,0.4898947715331034,0.9615700111244705,53
亿纬锂能,紫金矿业,电池,有色,4.177960301163586,1.105057478376641,0.024198704506728896,2.8882277252848354,0.4228032366788913,-0.2669452399066996,1.4268785511828814,1.9464828944037875,0.08881155959116915,0.1728230404439024,0.4898947715331034,3.403071017274472,53
亿纬锂能,中国神华,电池,煤炭,4.177960301163586,1.0875472294718573,0.020290644490154053,1.8883951920578392,0.626330220128884,-0.0699858277333335,0.9467215130644654,1.017964608815669,-0.013019062107127333,0.004270779222902199,0.4898947715331034,1.546034446098235,53
亿纬锂能,陕西煤业,电池,煤炭,4.177960301163586,1.0994263421692136,0.022947078815029887,1.8857315361334726,0.6409917099514542,-0.052953549951397116,0.943460157147118,0.9962131816223999,-0.013833935595946256,-0.0009076879878734401,0.4898947715331034,1.5025315917116964,53
亿纬锂能,长江电力,电池,电力,4.177960301163586,1.0904010773179453,0.020930835103672107,1.721561637614096,0.6906372002247506,-0.024160285482174415,0.8640219632059041,0.8854138137151222,-0.034378053883860615,-0.028708921897929396,0.4898947715331034,1.280932855897141,53
亿纬锂能,万华化学,电池,化工,4.177960301163586,1.1004479729033259,0.023174516926210975,1.454982101719091,0.832302843888069,0.05569917832488991,0.7207777115859401,0.6827491451964754,-0.07537724818687919,-0.08729547536984172,0.4898947715331034,0.8756035188598476,53
亿纬锂能,海螺水泥,电池,建材,4.177960301163586,1.0806530478732321,0.018738815379371276,1.2854042324011037,0.908516543232679,0.06174921393827848,0.6396690491451568,0.6024671746847575,-0.10142326844131988,-0.11421813862852992,0.4898947715331034,0.7150395778364116,53
亿纬锂能,宝钢股份,电池,钢铁,4.177960301163586,1.0750431345326474,0.017470498901412723,1.548203005273162,0.7464897931146097,-0.0006243739400005888,0.7760614350709688,0.7765462903378599,-0.05887676633709715,-0.05873606603409276,0.4898947715331034,1.0631978091426164,53
亿纬锂能,洛阳钼业,电池,有色,4.177960301163586,1.128194286231606,0.029290941540005555,2.843170472212279,0.44767711254937737,-0.23620450636967605,1.4177352011496551,1.856171204167692,0.08713751173864104,0.1595622282894753,0.4898947715331034,3.222447636802281,53
亿纬锂能,三一重工,电池,机械,4.177960301163586,1.0903513485640368,0.020919690596963747,1.5968188725365722,0.7445215507923456,0.008596011175852958,0.7973606104119877,0.7905649056478021,-0.05275799454198482,-0.05469659751482914,0.4898947715331034,1.0912350397625008,53
亿纬锂能,汇川技术,电池,机械,4.177960301163586,1.071931077538415,0.016764737562201093,1.4570417010753227,0.7886090248101053,0.03093892536555698,0.6965566046913043,0.6756526381466437,-0.08291113104987735,-0.08957515227277146,0.4898947715331034,0.861410504760184,53
亿纬锂能,中航沈飞,电池,军工,4.177960301163586,1.0752344434736651,0.0175138337719416,1.5981608423397435,0.7234122359921693,-0.011869813063974721,0.799810023367096,0.8094176596781556,-0.052062334441426605,-0.04934920538630283,0.4898947715331034,1.1289405478232077,53
亿纬锂能,顺丰控股,电池,交运,4.177960301163586,1.0643345696461497,0.015035410487506562,1.2177610019825262,0.9302384246987978,0.05350280323978862,0.6019256723194789,0.5713564980258283,-0.11440876279332401,-0.12538800610383227,0.4898947715331034,0.6528182245185533,53
亿纬锂能,京沪高铁,电池,交运,4.177960301163586,1.0855250191257633,0.01983623734681128,1.5843391263824,0.7437577899364303,0.006800520572426416,0.788078862078166,0.7827557157301588,-0.05540895529960288,-0.05694003189346275,0.4898947715331034,1.0756166599272141,53
亿纬锂能,中国中免,电池,免税,4.177960301163586,1.0896902522320548,0.02077149826762681,0.8308606518895623,1.4291504154265708,0.050892598237422204,0.4071503403859176,0.3874328747474272,-0.19351865500883025,-0.20304405963089744,0.4898947715331034,0.284970977961751,53
亿纬锂能,上海机场,电池,交运,4.177960301163586,1.0707621720235836,0.016499247110832727,1.0928266577509809,1.049143174633208,0.0702383334154284,0.5428599122170801,0.5072327305682118,-0.13603293356093982,-0.14995680889665652,0.4898947715331034,0.5245706896033202,53
亿纬锂能,万科A,电池,地产,4.177960301163586,1.0820733177352395,0.0190591221839862,1.0231138423642996,1.1444304792600326,0.08135098709975641,0.5094149238556852,0.4710911904949238,-0.14908292599755746,-0.1648638739756707,0.4898947715331034,0.45228760945674423,53
亿纬锂能,中国建筑,电池,建筑,4.177960301163586,1.0838499863282816,0.019459356006211515,1.5207545483810918,0.7724657434787009,0.01788033592479299,0.7602184379643179,0.7468642542088438,-0.06351148100447435,-0.06747552980021188,0.4898947715331034,1.0038337368845842,53
亿纬锂能,保利发展,电池,地产,4.177960301163586,1.0869486915342026,0.020156215147313805,1.0966778562229613,1.0773058390154253,0.08676336784224548,0.5452616735135386,0.5017298978306092,-0.13511956626230315,-0.1521732459562094,0.4898947715331034,0.513565024128115,53
亿纬锂能,牧原股份,电池,养殖,4.177960301163586,1.0849431583440994,0.019705369205764045,1.3217014399712173,0.8905957285355635,0.06309979057040893,0.6507756458520527,0.6121491619360374,-0.09771331737219857,-0.11083160074368825,0.4898947715331034,0.7344035523389715,53
亿纬锂能,中国移动,电池,通信,4.177960301163586,1.1131182158333517,0.025981938999442677,2.1789535604928654,0.5686363330018667,-0.1047330144153833,1.0811348795392994,1.207611692319146,0.01884751648659755,0.04618720316195901,0.4898947715331034,1.9253286131051888,53
亿纬锂能,中兴通讯,电池,通信,4.177960301163586,1.0985076029360143,0.022742409349907344,1.8099437861437475,0.6667162609946324,-0.030566604728994196,0.896781114829581,0.9250569654441141,-0.02573871756442414,-0.018472701099561117,0.4898947715331034,1.3602191593551247,53
立讯精密,京东方A,电子,电子,4.177960301163586,1.10107280055087,0.023313538553082935,1.0424671345464342,1.162973173864537,0.09748572481972495,1.638626417234338,1.4930731035280682,0.12547549510695344,0.10069380295067454,1.6227825483396379,1.3633636587164986,53
立讯精密,工业富联,电子,电子,4.177960301163586,1.122600416940079,0.02806710661240075,2.2761063630532172,0.5536787368862401,-0.10555979809291505,3.6683616936174714,4.101293396468491,0.3649197309111869,0.4018558745067058,1.6227825483396379,6.579804244597344,53
立讯精密,海康威视,电子,安防,4.177960301163586,1.087293483772256,0.020233661045175655,0.9130437958399783,1.2947978237626678,0.06563861456429132,1.4404115506445414,1.3516885846272415,0.09127439152648376,0.07479463072070258,1.6227825483396379,1.0805946209148454,53
立讯精密,大华股份,电子,安防,4.177960301163586,1.1014420819131747,0.023395673953150675,0.9368035378155833,1.2950150280581574,0.08374308964605359,1.4909200997315377,1.3757135929867537,0.10031369736592954,0.07933648063025611,1.6227825483396379,1.1286446376338697,53
立讯精密,韦尔股份,电子,半导体,4.177960301163586,1.0920028877450045,0.021289603646948985,0.7168113624301626,1.6635761782579288,-0.010136760073337303,1.1286849951199567,1.140243368572389,0.02939807917139814,0.031911460497128896,1.6227825483396379,0.6577041888051403,53
立讯精密,北方华创,电子,半导体,4.177960301163586,1.114415653643426,0.02626804583391129,1.4868436821014808,0.8352742551457673,0.07354863360871855,2.3819651829976833,2.218777154967578,0.2308920295671415,0.21015985428970385,1.6227825483396379,2.814771761595518,53
立讯精密,中芯国际,电子,半导体,4.177960301163586,1.14213085998999,0.03232005481173639,1.5124964972771626,0.8624568081247154,0.10618440893174164,2.393828462890234,2.1640410437550726,0.2323565788912385,0.20294622409789076,1.6227825483396379,2.705299539170507,53
立讯精密,兆易创新,电子,半导体,4.177960301163586,1.1342602753479476,0.030612862146642827,1.4869842205506458,0.8652051275675141,0.09694086188794393,2.3881227953461996,2.1770752447274173,0.23165289181383653,0.20467647204743522,1.6227825483396379,2.731367941115197,53
立讯精密,科大讯飞,电子,软件,4.177960301163586,1.1260642852387288,0.028825482116437984,0.8644395024380427,1.4668704645193982,0.08389821805130926,1.383435186320199,1.2763515644553909,0.08078340696548958,0.06014221092320282,1.6227825483396379,0.929920580571144,53
立讯精密,恒生电子,电子,软件,4.177960301163586,1.138953876316671,0.03163202203255144,0.7456893917011325,1.7396196684754324,0.02585738890172662,1.1590966509829546,1.1298808816144246,0.03596985489920357,0.029659031586569906,1.6227825483396379,0.6369792148892113,53
立讯精密,浪潮信息,电子,服务器,4.177960301163586,1.2228186608343492,0.04932547668840437,1.7665208152420575,0.8464578873812021,0.16908084158290637,2.7051860849825955,2.3139427050398336,0.2689570553296965,0.22238566643145075,1.6227825483396379,3.0051028617400295,53
立讯精密,分众传媒,电子,传媒,4.177960301163586,1.0842147630333485,0.01954146825459202,0.8502389957521449,1.3825779083909946,0.04830838542329352,1.354599229488188,1.2921762797320542,0.0753481316854201,0.06327353149186243,1.6227825483396379,0.9615700111244705,53
立讯精密,紫金矿业,电子,有色,4.177960301163586,1.103000637351739,0.023742096593075468,1.6374392110032738,0.7429957691393712,0.031799887481450906,2.5928375717494436,2.512926782807055,0.2561388158935589,0.24676195641579546,1.6227825483396379,3.403071017274472,53
立讯精密,中国神华,电子,煤炭,4.177960301163586,1.0984237828000425,0.022723730081893878,1.083321955961515,1.1137361335484803,0.09816073216150767,1.7399351953488615,1.5844084972189365,0.14175228787018335,0.11644788233695591,1.6227825483396379,1.546034446098235,53
立讯精密,陕西煤业,电子,煤炭,4.177960301163586,1.1100272867113588,0.02529931378757344,1.0814096442184542,1.1394022457921356,0.10929027062760444,1.7334402841069116,1.5626570700256672,0.14073072474369375,0.11276001957598614,1.6227825483396379,1.5025315917116964,53
立讯精密,长江电力,电子,电力,4.177960301163586,1.0935656381282937,0.02163923807203294,0.9806725474054553,1.2194547589395381,0.08600793244749694,1.5767289812855658,1.4518577021183894,0.11515027601506667,0.09334374238177867,1.6227825483396379,1.280932855897141,53
立讯精密,万华化学,电子,化工,4.177960301163586,1.1038283772850321,0.023925928326047563,0.8289580415160926,1.469841687368508,0.05356703323894685,1.316108598352441,1.2491930335997428,0.06795418819692656,0.05469868364155883,1.6227825483396379,0.8756035188598476,53
立讯精密,海螺水泥,电子,建材,4.177960301163586,1.1012297831104694,0.023348457105766496,0.7440022507160803,1.6299776432696762,0.01498414603298115,1.1864261971569028,1.1689110630880246,0.04176463581715173,0.03806268299417326,1.6227825483396379,0.7150395778364116,53
立讯精密,宝钢股份,电子,钢铁,4.177960301163586,1.0884741950041108,0.020498726396650513,0.8903546096923348,1.33067887815985,0.06464918196754565,1.429813395187189,1.3429901787411271,0.08934716748777238,0.07313508260686641,1.6227825483396379,1.0631978091426164,53
立讯精密,洛阳钼业,电子,有色,4.177960301163586,1.1277427289365645,0.029192320647353664,1.6142540990076646,0.7878584068339113,0.06463793144659857,2.579207920846056,2.4226150925709593,0.2545551891749138,0.23588754072165763,1.6227825483396379,3.222447636802281,53
立讯精密,三一重工,电子,机械,4.177960301163586,1.0850152153773673,0.01972157867592106,0.9025429499720582,1.3043789413421727,0.06411062585709315,1.4440074771312625,1.3570087940510693,0.09192584278166227,0.07580566099082242,1.6227825483396379,1.0912350397625008,53
立讯精密,汇川技术,电子,机械,4.177960301163586,1.0816968292294822,0.018974245660559275,0.8351289406437954,1.4010627262696915,0.03137025422791151,1.2810614103633875,1.2420965265499109,0.06107724532578929,0.05326147563756556,1.6227825483396379,0.861410504760184,53
立讯精密,中航沈飞,电子,军工,4.177960301163586,1.0975875871672656,0.02253732499054517,0.9266150772208932,1.3001067445576164,0.07984629736746052,1.4857189983859869,1.375861548081423,0.09939373478248181,0.07936426347292835,1.6227825483396379,1.1289405478232077,53
立讯精密,顺丰控股,电子,交运,4.177960301163586,1.1063157417337304,0.02447771376013641,0.7189618457304144,1.7023636618218911,0.0010775117234516074,1.1390263796844207,1.1378003864290955,0.03164774020444039,0.03138185187170661,1.6227825483396379,0.6528182245185533,53
立讯精密,京沪高铁,电子,交运,4.177960301163586,1.098185951318102,0.022670723572634,0.9103891049022298,1.3247218987775158,0.07554749009634998,1.4511282478646954,1.349199604133426,0.09321223521329713,0.07432059573513938,1.6227825483396379,1.0756166599272141,53
立讯精密,中国中免,电子,免税,4.177960301163586,1.150567690889193,0.034140162046016,0.4982876902699641,2.6567102442383703,-0.17929760700291597,0.7828489421420877,0.9538767631506945,-0.05691314949267323,-0.011238724397444333,1.6227825483396379,0.284970977961751,53
立讯精密,上海机场,电子,交运,4.177960301163586,1.1059607941805425,0.02439903159513035,0.641122251200196,1.907825342163202,-0.049438527432736135,1.0205956279905701,1.073676618971479,0.004891435832656166,0.017160788158576024,1.6227825483396379,0.5245706896033202,53
立讯精密,万科A,电子,地产,4.177960301163586,1.1072224370816541,0.024678616183892332,0.5946275245284091,2.0616965656766646,-0.08560634754771146,0.9487154903410902,1.037535078898191,-0.01252190366385264,0.008858569803261052,1.6227825483396379,0.45228760945674423,53
立讯精密,中国建筑,电子,建筑,4.177960301163586,1.0984803909439873,0.0227363452923397,0.8754374360230558,1.3783499764073102,0.06763931095240006,1.4021394004465706,1.3133081426121112,0.08426304233272064,0.06740983966278868,1.6227825483396379,1.0038337368845842,53
立讯精密,保利发展,电子,地产,4.177960301163586,1.1125020253528628,0.025845969795022627,0.637549190431396,1.941278845600544,-0.0490420925403785,1.0157883085601882,1.0681737862338765,0.0037564679151995684,0.015910568305603112,1.6227825483396379,0.513565024128115,53
立讯精密,牧原股份,电子,养殖,4.177960301163586,1.1193417355977036,0.02735202787280344,0.7745187443683709,1.6176831486146341,0.03721456355123487,1.2224538763122006,1.1785930503393047,0.04925054430738962,0.04011421676322313,1.6227825483396379,0.7344035523389715,53
立讯精密,中国移动,电子,通信,4.177960301163586,1.1145374467250195,0.026294890243854896,1.239207996070889,1.0024093809036927,0.11071282537859473,1.9704662864428555,1.7740555807224134,0.1762657700420216,0.14707183045470162,1.6227825483396379,1.9253286131051888,53
立讯精密,中兴通讯,电子,通信,4.177960301163586,1.0903999078430948,0.020930573021907595,1.020447541297101,1.1651475562505798,0.08642931133463749,1.6204102455004343,1.4915008538473813,0.12246808104087004,0.10041626865359765,1.6227825483396379,1.3602191593551247,53
京东方A,工业富联,电子,电子,4.177960301163586,1.1471420311002432,0.03340236058187962,2.456621275638548,0.5356685837440455,-0.1346195025558825,3.4369312957259406,3.9715839516569216,0.3437954327431423,0.3911139913953181,1.3633636587164986,6.579804244597344,53
京东方A,海康威视,电子,安防,4.177960301163586,1.0439506442764779,0.01034820278816806,0.9259306358604681,1.1770135963505417,0.036946809405736136,1.267127370192227,1.221979139815672,0.05830332374673475,0.049153000615973275,1.3633636587164986,1.0805946209148454,53
京东方A,大华股份,电子,安防,4.177960301163586,1.0572915645060834,0.013423679346910244,0.9498068266651797,1.176939795537798,0.05267663160257818,1.3116394496638928,1.2460041481751842,0.06708506161910543,0.05405363044707201,1.3633636587164986,1.1286446376338697,53
京东方A,韦尔股份,电子,半导体,4.177960301163586,1.0626873226267683,0.014659180647636605,0.7367841188400247,1.5327479471864827,-0.004190067314685297,1.0062997185964886,1.0105339237608195,0.001504246086702965,0.002511268628919705,1.3633636587164986,0.6577041888051403,53
京东方A,北方华创,电子,半导体,4.177960301163586,1.0610097562864553,0.01427556970189281,1.4951719740111078,0.7529178733299878,-0.00487785021638687,2.078877550773977,2.0890677101560082,0.19144156017161307,0.19283681147255916,1.3633636587164986,2.814771761595518,53
京东方A,中芯国际,电子,半导体,4.177960301163586,1.106480087161437,0.024514138143225672,1.547660777636721,0.7910636497193432,0.044590908753104674,2.12504429364555,2.0343315989435027,0.19772174736251324,0.18528047035536566,1.3633636587164986,2.705299539170507,53
京东方A,兆易创新,电子,半导体,4.177960301163586,1.0838711971952506,0.019464131206786917,1.5008074458476797,0.782763155499894,0.021839995322383343,2.092080259409218,2.047365799915848,0.19324830244502245,0.18709374624263608,1.3633636587164986,2.731367941115197,53
京东方A,科大讯飞,电子,软件,4.177960301163586,1.0887336582936942,0.020556945641963198,0.8827683057013178,1.3427543456715667,0.06929140563620728,1.2260945638756218,1.1466421196438212,0.04999763699967308,0.033294552075268324,1.3633636587164986,0.929920580571144,53
京东方A,恒生电子,电子,软件,4.177960301163586,1.1177815148451424,0.0270090953424591,0.7729695992519473,1.6164096442326592,0.041550443439679174,1.0417290035177147,1.000171436802855,0.00983314917884548,4.1030937028896375e-05,1.3633636587164986,0.6369792148892113,53
京东方A,浪潮信息,电子,服务器,4.177960301163586,1.173752595244707,0.0390901730118316,1.790964302370086,0.7692476913250038,0.08811731994247851,2.376702041248801,2.184233260228264,0.2302405053083454,0.20562332589685894,1.3633636587164986,3.0051028617400295,53
京东方A,分众传媒,电子,传媒,4.177960301163586,1.0549049628566034,0.01287567363757458,0.8737610906385984,1.2736026959568216,0.03913169964189467,1.2079561379482568,1.1624668349204845,0.04625861847703061,0.03669002827218226,1.3633636587164986,0.9615700111244705,53
京东方A,紫金矿业,电子,有色,4.177960301163586,1.0888277458632245,0.020578054719772032,1.707270217392487,0.6944102041282452,-0.015877122286339307,2.345378704885207,2.383217337995485,0.22634012169010553,0.23104687254770728,1.3633636587164986,3.403071017274472,53
京东方A,中国神华,电子,煤炭,4.177960301163586,1.0579908592373413,0.013584071460564395,1.1021055658119443,1.015641961126585,0.05615939194314046,1.536394066650827,1.4546990524073666,0.10825483485554277,0.0938555068622462,1.3633636587164986,1.546034446098235,53
京东方A,陕西煤业,电子,煤炭,4.177960301163586,1.0651188914138332,0.015214393289203265,1.0959943964632544,1.035113187172822,0.06407559542304941,1.5247645975097353,1.4329476252140974,0.1062411726788457,0.08991824065104659,1.3633636587164986,1.5025315917116964,53
京东方A,长江电力,电子,电力,4.177960301163586,1.0493536819433391,0.011597344411175659,0.9939275204213319,1.1078706718385878,0.049123118021002554,1.3870963021917655,1.3221482573068197,0.08146730658495871,0.06912517606956814,1.3633636587164986,1.280932855897141,53
京东方A,万华化学,电子,化工,4.177960301163586,1.0691432937706056,0.01613119120153983,0.8480482705598579,1.3478800939715825,0.04351987362783838,1.1682033731006733,1.1194835887881731,0.03791222305700681,0.02738318880586177,1.3633636587164986,0.8756035188598476,53
京东方A,海螺水泥,电子,建材,4.177960301163586,1.0542948361198536,0.012735426467661126,0.7523363447142858,1.4774476991286616,0.001798676001241617,1.0410708052877005,1.0392016182764552,0.009680395507923878,0.009246196454883338,1.3633636587164986,0.7150395778364116,53
京东方A,宝钢股份,电子,钢铁,4.177960301163586,1.0454495662524175,0.010695234211621996,0.9032367997738231,1.210053438756098,0.03766849775271597,1.2589831965289966,1.2132807339295575,0.056671260695942305,0.04736062314247813,1.3633636587164986,1.0631978091426164,53
京东方A,洛阳钼业,电子,有色,4.177960301163586,1.103741413511627,0.023906619580211785,1.6687176623616862,0.7300486687343495,0.009115361846222303,2.3138063124179635,2.29290564775939,0.22236842028965498,0.21971645220939595,1.3633636587164986,3.222447636802281,53
京东方A,三一重工,电子,机械,4.177960301163586,1.0556901123602336,0.013056061767982241,0.9275176147868296,1.201574606851324,0.04935447260721526,1.2878720613523937,1.2272993492394997,0.06242473389087788,0.05024449516095375,1.3633636587164986,1.0912350397625008,53
京东方A,汇川技术,电子,机械,4.177960301163586,1.0690325110946803,0.016105988997443754,0.8717511980717881,1.310959494297462,0.041808297060830446,1.1588940912982881,1.1123870817383412,0.03592651927689006,0.025820599883450868,1.3633636587164986,0.861410504760184,53
京东方A,中航沈飞,电子,军工,4.177960301163586,1.078827458433861,0.018326628088567,0.961979527683409,1.2098684551776633,0.0742659254956628,1.3386987425275554,1.246152103269853,0.07231331621088977,0.05408358681963077,1.3633636587164986,1.1289405478232077,53
京东方A,顺丰控股,电子,交运,4.177960301163586,1.0597710143194472,0.013992008988412241,0.7274320824156245,1.5439442800791523,-0.008189962594932765,0.9998347145133878,1.0080909416175259,-3.9563774162032495e-05,0.0019306458895098633,1.3633636587164986,0.6528182245185533,53
京东方A,京沪高铁,电子,交运,4.177960301163586,1.0563162342444143,0.013199840172623212,0.9249085303279629,1.2063938758707824,0.04904660757148571,1.279302014603404,1.2194901593218563,0.0607282631432724,0.04864111971910834,1.3633636587164986,1.0756166599272141,53
京东方A,中国中免,电子,免税,4.177960301163586,1.091173670323404,0.021103928106994685,0.4991321271663837,2.385460510359308,-0.17475154174760987,0.6801428088013696,0.8241673183391248,-0.0881306296053167,-0.04523128768494822,1.3633636587164986,0.284970977961751,53
京东方A,上海机场,电子,交运,4.177960301163586,1.0604679255708127,0.014151570107036493,0.6493103393213208,1.731979537458038,-0.049865361155610244,0.8968959101013847,0.9439671741599094,-0.025708868718847144,-0.013707113196036347,1.3633636587164986,0.5245706896033202,53
京东方A,万科A,电子,地产,4.177960301163586,1.068049849893145,0.015882354148002875,0.6058363344970157,1.8829020593554193,-0.07604034857523212,0.8387942564251436,0.9078256340866214,-0.04120262483351933,-0.022880158685486873,1.3633636587164986,0.45228760945674423,53
京东方A,中国建筑,电子,建筑,4.177960301163586,1.0542168654946316,0.012717499251861275,0.8873938772491589,1.252401248179087,0.04217890440063088,1.2335215941237816,1.1835986978005413,0.05151649476320985,0.04116984931768841,1.3633636587164986,1.0038337368845842,53
京东方A,保利发展,电子,地产,4.177960301163586,1.079191776219015,0.0184089272483825,0.6532285804971483,1.7829209018570142,-0.037665128156055605,0.9031169617327474,0.9384643414223068,-0.024095611301454656,-0.01508634136010445,1.3633636587164986,0.513565024128115,53
京东方A,牧原股份,电子,养殖,4.177960301163586,1.0754847517762145,0.01757052418912175,0.78600834232642,1.4715714694320579,0.026015905246461024,1.076171262023711,1.048883605527735,0.017725955163249152,0.01148886084616274,1.3633636587164986,0.7344035523389715,53
京东方A,中国移动,电子,通信,4.177960301163586,1.0618787363412432,0.014474337877901533,1.247033525301816,0.9042150253504762,0.046334216122455585,1.7205356251522614,1.6443461359108436,0.1386923231107582,0.12641454940088126,1.3633636587164986,1.9253286131051888,53
京东方A,中兴通讯,电子,通信,4.177960301163586,1.0577595963431254,0.01353103731007721,1.0455517038104147,1.0701100285891254,0.05781668935226025,1.440525679894612,1.3617914090358116,0.09129508659822783,0.07671195885176996,1.3633636587164986,1.3602191593551247,53
工业富联,海康威视,电子,安防,4.177960301163586,1.1216617706061958,0.027861293947174737,0.4645574069783522,2.7082231576560636,-0.21894560848100053,2.9915940873477287,3.830199432756095,0.29989386990698064,0.3790968461575952,6.579804244597344,1.0805946209148454,53
工业富联,大华股份,电子,安防,4.177960301163586,1.0899300868619084,0.020825267854688523,0.45721255171745406,2.5982392429613985,-0.22930566601715974,2.9704289386659775,3.854224441115607,0.29768670839690636,0.38116241243716087,6.579804244597344,1.1286446376338697,53
工业富联,韦尔股份,电子,半导体,4.177960301163586,1.1631484185837397,0.036835482513932316,0.3765727369764536,3.5927036421079257,-0.3311633178392761,2.420355563853588,3.6187542167012423,0.23561154509365823,0.36047890742077127,6.579804244597344,0.6577041888051403,53
工业富联,北方华创,电子,半导体,4.177960301163586,1.1531509497230996,0.034695427082390484,0.7588167612566585,1.7524087246637876,0.05651349597923039,4.962748169772708,4.697288003096431,0.46731035987656044,0.4481297015465331,6.579804244597344,2.814771761595518,53
工业富联,中芯国际,电子,半导体,4.177960301163586,1.1867195718255594,0.041826287700325704,0.7751027230669536,1.8169247768623689,0.07864706545304356,5.007674974394073,4.642551891883926,0.47047884033272447,0.44407271497171563,6.579804244597344,2.705299539170507,53
工业富联,兆易创新,电子,半导体,4.177960301163586,1.1912226414529345,0.04277114395940296,0.7702278598144737,1.8423267393260832,0.08472064877791241,5.0500103670844805,4.655586092856271,0.4734448338886552,0.4450420840993543,6.579804244597344,2.731367941115197,53
工业富联,科大讯飞,电子,软件,4.177960301163586,1.0994415985594261,0.02295047641477299,0.4162710720771251,2.9038093437800785,-0.27569992717143244,2.719647118896019,3.7548624125842442,0.2705773862626015,0.37255512587247663,6.579804244597344,0.929920580571144,53
工业富联,恒生电子,电子,软件,4.177960301163586,1.1514017533751242,0.03431954526286196,0.37180169089000253,3.565680388655161,-0.34629510988354206,2.358823319188965,3.608391729743278,0.2280190699411888,0.35954542545379375,6.579804244597344,0.6369792148892113,53
工业富联,浪潮信息,电子,服务器,4.177960301163586,1.1829605995370283,0.041035470930399054,0.842868120098397,1.66027845482356,0.09914625705335345,5.267607385067406,4.792453553168687,0.4883979570668875,0.45509846883890503,6.579804244597344,3.0051028617400295,53
工业富联,分众传媒,电子,传媒,4.177960301163586,1.1191280746685892,0.02730508724219094,0.43285071600644065,2.89348637115986,-0.2534036225176092,2.815181350280434,3.7706871278609073,0.2811202943694493,0.3739374580288153,6.579804244597344,0.9615700111244705,53
工业富联,紫金矿业,电子,有色,4.177960301163586,1.1165833844190145,0.026745502097966556,0.8175479424445635,1.5249973605617158,0.05871098894453142,5.284489870503104,4.991437630935908,0.4895383356208347,0.46933619993011555,6.579804244597344,3.403071017274472,53
工业富联,中国神华,电子,煤炭,4.177960301163586,1.1615510953996944,0.03649450153426126,0.5650131851357668,2.387910552742288,-0.08815958517180711,3.7047340612754183,4.062919345347789,0.3681468197204072,0.39870517425960683,6.579804244597344,1.546034446098235,53
工业富联,陕西煤业,电子,煤炭,4.177960301163586,1.168001541436012,0.037869299500128184,0.5612193621518886,2.4308277525672493,-0.09121457184667847,3.6725545167395226,4.04116791815452,0.36529297117954207,0.3969092104139076,6.579804244597344,1.5025315917116964,53
工业富联,长江电力,电子,电力,4.177960301163586,1.1623612445358265,0.03666748881688209,0.5141063050428585,2.6280239116815385,-0.14142389748323814,3.3745205113257333,3.9303685502472425,0.3379140582940441,0.3876449028206208,6.579804244597344,1.280932855897141,53
工业富联,万华化学,电子,化工,4.177960301163586,1.1430147724593274,0.03251122301539744,0.42336551873305556,3.085945152004747,-0.26392668980790746,2.74386333563988,3.727703881728596,0.2732761507816215,0.37017239028045124,6.579804244597344,0.8756035188598476,53
工业富联,海螺水泥,电子,建材,4.177960301163586,1.158340054810501,0.03580795926326652,0.3859801951976619,3.4762189855136953,-0.3111150279727112,2.5126541412803594,3.647421911216878,0.24672957846759136,0.36305082343769945,6.579804244597344,0.7150395778364116,53
工业富联,宝钢股份,电子,钢铁,4.177960301163586,1.1504893173040671,0.03412330102435224,0.46415187674774394,2.8517081057718934,-0.20372148844896665,3.0429791495667735,3.8215010268699805,0.3052034461599489,0.378346564750319,6.579804244597344,1.0631978091426164,53
工业富联,洛阳钼业,电子,有色,4.177960301163586,1.1155371088938453,0.026515141479820592,0.7875507154036224,1.5801179746011251,0.048103751819085216,5.136888486585317,4.901125940699813,0.4794727244295909,0.4629287474385344,6.579804244597344,3.222447636802281,53
工业富联,三一重工,电子,机械,4.177960301163586,1.1417882029229134,0.032245916371848926,0.46843598240408163,2.783049016950532,-0.20230135146177175,3.059588835008753,3.8355196421799227,0.3069051215070231,0.37955510251158864,6.579804244597344,1.0912350397625008,53
工业富联,汇川技术,电子,机械,4.177960301163586,1.1284128753509226,0.029338670996186922,0.4296834798046213,2.963380434911573,-0.2770104879784667,2.6899601102427178,3.7206073746787642,0.2672438779817039,0.3695476078385318,6.579804244597344,0.861410504760184,53
工业富联,中航沈飞,电子,军工,4.177960301163586,1.1578772250352947,0.03570888378931247,0.48212020604859757,2.7807995836629473,-0.18123972793372867,3.1558069917658518,3.854372396210276,0.3166268390737059,0.38117510259501364,6.579804244597344,1.1289405478232077,53
工业富联,顺丰控股,电子,交运,4.177960301163586,1.1615608726606952,0.036496589773217014,0.3723071461393438,3.623953165785597,-0.33419851064384953,2.4077454059440613,3.6163112345579487,0.23406763735505987,0.3602590200706355,6.579804244597344,0.6528182245185533,53
工业富联,京沪高铁,电子,交运,4.177960301163586,1.1591530513335524,0.03598192016586621,0.47394134542173905,2.8350254929125125,-0.19431707221403915,3.0839209638955976,3.8277104522622794,0.3093853251444594,0.37888229151137565,6.579804244597344,1.0756166599272141,53
工业富联,中国中免,电子,免税,4.177960301163586,1.186013325310216,0.041677852283221295,0.2533320857769087,5.5525047429330066,-0.5266883277778711,1.6245891200092413,3.4323876112795477,0.12316026018786563,0.3433700061445246,6.579804244597344,0.284970977961751,53
工业富联,上海机场,电子,交运,4.177960301163586,1.1570362817782438,0.03552879048367297,0.33081160944468496,4.046813712488748,-0.3948073501660756,2.149757745921306,3.552187467100332,0.20104103557425868,0.3544465575413418,6.579804244597344,0.5245706896033202,53
工业富联,万科A,电子,地产,4.177960301163586,1.1687100058302378,0.03801994383555374,0.3095633507810761,4.412289356221854,-0.4265589616447716,2.01624502729906,3.516045927027044,0.18274962836825037,0.3511352790574267,6.579804244597344,0.45228760945674423,53
工业富联,中国建筑,电子,建筑,4.177960301163586,1.1452747979432623,0.032999499301933355,0.45016855536908706,2.913696097073179,-0.22373833942922372,2.9434437063363856,3.791818990740964,0.29485519571572816,0.37577651982594285,6.579804244597344,1.0038337368845842,53
工业富联,保利发展,电子,地产,4.177960301163586,1.1635194613566522,0.036914638124157184,0.32886615931833263,4.1164999760442305,-0.3969064349477469,2.1389826802538656,3.54668463436273,0.19959741363349326,0.3539440483238332,6.579804244597344,0.513565024128115,53
工业富联,牧原股份,电子,养殖,4.177960301163586,1.1635002942344599,0.03691054961780216,0.3970711917704505,3.4092952667950702,-0.3004779998090301,2.5582246339626393,3.657103898468158,0.2521046550400725,0.363915967155114,6.579804244597344,0.7344035523389715,53
工业富联,中国移动,电子,通信,4.177960301163586,1.1596762938901612,0.036093831892843875,0.6359441374790851,2.1147283658307945,-0.02929970584597763,4.1279674833954445,4.252566428851266,0.40403276351805695,0.4140619133345984,6.579804244597344,1.9253286131051888,53
工业富联,中兴通讯,电子,通信,4.177960301163586,1.0858203210847597,0.019902634229962413,0.5011820278198351,2.3524502161606633,-0.18167401292780994,3.2487637447078472,3.9700117019762344,0.3258071949151733,0.3909821591722191,6.579804244597344,1.3602191593551247,53
海康威视,大华股份,安防,安防,4.177960301163586,1.0333166967264527,0.007875279507499444,1.046587345798177,1.020214318489926,0.03311403106576427,1.1411980379940017,1.1046196292743575,0.032118186610082367,0.02410155849752127,1.0805946209148454,1.1286446376338697,53
海康威视,韦尔股份,安防,半导体,4.177960301163586,1.0613711522092906,0.01435824947469233,0.8296664891652807,1.3577850105473663,0.029485853797145634,0.8947770171395707,0.8691494048599928,-0.02626028806334957,-0.033009566292336645,1.0805946209148454,0.6577041888051403,53
海康威视,北方华创,安防,半导体,4.177960301163586,1.0744946234889055,0.017346218887021925,1.7071729871995949,0.6762868816243643,-0.03774002340258953,1.8741775820363809,1.9476831912551817,0.1622447416951418,0.17299610352320527,1.0805946209148454,2.814771761595518,53
海康威视,中芯国际,安防,半导体,4.177960301163586,1.1217250085930512,0.027875163964672378,1.7689684586935621,0.7112998475011532,0.01318652569059986,1.9179084753446047,1.8929470800426762,0.16867890461250035,0.16502015434234396,1.0805946209148454,2.705299539170507,53
海康威视,兆易创新,安防,半导体,4.177960301163586,1.131697662724063,0.030055066661428764,1.7667668100233491,0.7249058520621523,0.02024698634509292,1.9445716579857348,1.9059812810150212,0.1725473039519776,0.16693520752692637,1.0805946209148454,2.731367941115197,53
海康威视,科大讯飞,安防,软件,4.177960301163586,1.067240349426161,0.015698009762914467,0.9756382805888321,1.1674428792972806,0.06435337394169305,1.0699493190313378,1.0052576007429948,0.01631449595363943,0.0012559047049547356,1.0805946209148454,0.929920580571144,53
海康威视,恒生电子,安防,软件,4.177960301163586,1.0721266110134269,0.016809127066579554,0.8358976012570947,1.3751151675928797,0.03587175951402277,0.8895931156947987,0.8587869179020283,-0.02761354301920116,-0.03578164840543263,1.0805946209148454,0.6369792148892113,53
海康威视,浪潮信息,安防,服务器,4.177960301163586,1.1754750593064305,0.03945494399594174,2.0222055403613624,0.6832844572290822,0.03740536960805585,2.1192622535501418,2.0428487413274374,0.19694092068398983,0.1864663444954604,1.0805946209148454,3.0051028617400295,53
海康威视,分众传媒,安防,传媒,4.177960301163586,1.0265957327952084,0.006302319387336608,0.9586947155890274,1.099305943233253,0.024902668468450795,1.0465099904144932,1.0210823160196578,0.01094051580881561,0.005006111967347904,1.0805946209148454,0.9615700111244705,53
海康威视,紫金矿业,安防,有色,4.177960301163586,1.0614482544870263,0.014375886079626365,1.8764777764990175,0.6004187265439457,-0.09204216224168316,2.035489679040818,2.2418328190946584,0.18544193582728274,0.2131578643117753,1.0805946209148454,3.403071017274472,53
海康威视,中国神华,安防,煤炭,4.177960301163586,1.0352923458371415,0.008336175877770469,1.2159222239103882,0.8814957242100412,0.019078712689843735,1.3383708841627076,1.3133145335065401,0.07225045231975269,0.06741108292031117,1.0805946209148454,1.546034446098235,53
海康威视,陕西煤业,安防,煤炭,4.177960301163586,1.0485733413139484,0.011417238251656636,1.2164956806669378,0.9038306256143049,0.03462724522445426,1.3362863787184383,1.2915631063132709,0.07185049292956824,0.06315274436718687,1.0805946209148454,1.5025315917116964,53
海康威视,长江电力,安防,电力,4.177960301163586,1.0307200752417978,0.007268496848852557,1.1007154765814386,0.965175738971137,0.027196406873601697,1.2128762694572774,1.180763738405993,0.047277042427618765,0.04057240747319901,1.0805946209148454,1.280932855897141,53
海康威视,万华化学,安防,化工,4.177960301163586,1.0296295093281644,0.007013304903105366,0.9208039013139595,1.1513167189741191,0.0239825263119271,1.001556356566591,0.9780990698873464,0.0003722955834699615,-0.005286247871543304,1.0805946209148454,0.8756035188598476,53
海康威视,海螺水泥,安防,建材,4.177960301163586,1.023718113793445,0.005626451971866064,0.8236294445816588,1.2724153846164552,0.0023405146451283,0.8999184534453638,0.8978170993756285,-0.024923996343342636,-0.02546944802130391,1.0805946209148454,0.7150395778364116,53
海康威视,宝钢股份,安防,钢铁,4.177960301163586,1.019628369840573,0.004663401557376767,0.9932120049572106,1.0467473282590196,0.01976244783040393,1.0930795080578437,1.071896215028731,0.021530516850223114,0.016756822518360526,1.0805946209148454,1.0631978091426164,53
海康威视,洛阳钼业,安防,有色,4.177960301163586,1.0911533208189517,0.02109937016621699,1.8599566250849422,0.6401308253518287,-0.05354236707829674,2.0363235948005065,2.151521128858563,0.18555816137355197,0.20127676576438192,1.0805946209148454,3.222447636802281,53
海康威视,三一重工,安防,机械,4.177960301163586,1.0320796132983667,0.007586340707518513,1.022351938378191,1.041899847009503,0.032173778110276885,1.1208528131366486,1.0859148303386732,0.027683812429663,0.019923881170278435,1.0805946209148454,1.0912350397625008,53
海康威视,汇川技术,安防,机械,4.177960301163586,1.0379209451186155,0.008948361986392817,0.9542615582242924,1.1289146869968676,0.03173202306749645,1.001814438560073,0.9710025628375147,0.00043398875574141016,-0.007018445603358181,1.0805946209148454,0.861410504760184,53
海康威视,中航沈飞,安防,军工,4.177960301163586,1.0471600674534796,0.011090788534472429,1.0527576925300106,1.041592205547258,0.04705279533291318,1.1567499874067793,1.1047675843690266,0.03546745601954404,0.024134388715282062,1.0805946209148454,1.1289405478232077,53
海康威视,顺丰控股,安防,交运,4.177960301163586,1.0241500733637308,0.0057279985770113395,0.7925844136189515,1.3233711826122332,-0.007516712292863437,0.8601916398947611,0.8667064227166994,-0.035404383813078644,-0.03366081744642868,1.0805946209148454,0.6528182245185533,53
海康威视,京沪高铁,安防,交运,4.177960301163586,1.029570954319446,0.006999597241895694,1.0163952470874473,1.0429174605211968,0.029625738403838753,1.1100453160958463,1.0781056404210299,0.025303299729074746,0.018163507395601908,1.0805946209148454,1.0756166599272141,53
海康威视,中国中免,安防,免税,4.177960301163586,1.0445572584453928,0.010488692134539068,0.5387104632072539,2.025392006821269,-0.15104366229949384,0.5796527848560369,0.6827827994382982,-0.12236497201703933,-0.08728470733632021,1.0805946209148454,0.284970977961751,53
海康威视,上海机场,安防,交运,4.177960301163586,1.0287192675520287,0.006800151262683629,0.7101550307681378,1.4901863474629107,-0.034929439330039,0.7745488930948691,0.8025826552590828,-0.0593161214554111,-0.05127682928806698,1.0805946209148454,0.5245706896033202,53
海康威视,万科A,安防,地产,4.177960301163586,1.0259363301076263,0.006147572634870979,0.656123684547504,1.604187408903845,-0.0641434912303499,0.7172789062352952,0.7664411151857948,-0.07645352016140239,-0.06168241494223492,1.0805946209148454,0.45228760945674423,53
海康威视,中国建筑,安防,建筑,4.177960301163586,1.024617756817868,0.005837906556351191,0.9724109912551118,1.079627397291578,0.02404502565317812,1.0672742455674644,1.0422141788997148,0.01570573093215044,0.00994570096749281,1.0805946209148454,1.0038337368845842,53
海康威视,保利发展,安防,地产,4.177960301163586,1.028937158371261,0.006851188368516281,0.7021936780783685,1.5077203183805477,-0.03830263309786908,0.7665495665297253,0.7970798225214801,-0.06165063754521727,-0.05283784518342083,1.0805946209148454,0.513565024128115,53
海康威视,牧原股份,安防,养殖,4.177960301163586,1.0452664631902424,0.010652862368046412,0.8612940115537363,1.268535441340488,0.026076300099416194,0.9311633051497378,0.9074990866269084,-0.016925798071869225,-0.022964295644799404,1.0805946209148454,0.7344035523389715,53
海康威视,中国移动,安防,通信,4.177960301163586,1.041728857010854,0.009833115185919894,1.3793021483606283,0.786773958714525,-0.0002190132863948424,1.5026324484469504,1.502961617010017,0.10237645545368501,0.10243425108724735,1.0805946209148454,1.9253286131051888,53
海康威视,中兴通讯,安防,通信,4.177960301163586,1.0570556255293142,0.013369545545515837,1.1780341891648711,0.9485009906675884,0.050119697355695214,1.2815733141193555,1.220406890134985,0.06117871472004377,0.048829745901263655,1.0805946209148454,1.3602191593551247,53
大华股份,韦尔股份,安防,半导体,4.177960301163586,1.065503813135356,0.015302196036765414,0.8223358906064712,1.3805774365128383,0.02787122484440041,0.9180682781156112,0.893174413219505,-0.020252688068347013,-0.026678008765198324,1.1286446376338697,0.6577041888051403,53
大华股份,北方华创,安防,半导体,4.177960301163586,1.0741259597500676,0.017262661024472825,1.68494785043099,0.6847372618172657,-0.02899261018811017,1.9145432323785645,1.971708199614694,0.16818775991043156,0.17644317236328377,1.1286446376338697,2.814771761595518,53
大华股份,中芯国际,安防,半导体,4.177960301163586,1.117032645893426,0.02684436652866018,1.7392320113788207,0.7174212088026561,0.01822404520837595,1.951907074404425,1.9169720884021884,0.1736044737360769,0.16854230828443395,1.1286446376338697,2.705299539170507,53
大华股份,兆易创新,安防,半导体,4.177960301163586,1.140326388616997,0.03192944305672607,1.7576643948602682,0.73981374167829,0.037427197124143996,2.0022410152177916,1.9300062893745333,0.18077816789056111,0.17043913956281864,1.1286446376338697,2.731367941115197,53
大华股份,科大讯飞,安防,软件,4.177960301163586,1.0446198632809727,0.010503187623771115,0.9428505156732968,1.1573739851877811,0.039757714703401836,1.0702045334243775,1.029282609102507,0.01637251443711052,0.006932087301960044,1.1286446376338697,0.929920580571144,53
大华股份,恒生电子,安防,软件,4.177960301163586,1.0693158938692224,0.016170452434457916,0.8231348567380319,1.3891241168095014,0.02732523058286951,0.9069349657079442,0.8828119262615405,-0.02310969913593197,-0.0293928544105303,1.1286446376338697,0.6369792148892113,53
大华股份,浪潮信息,安防,服务器,4.177960301163586,1.1516440590836825,0.03437163982897706,1.9560867717076122,0.6780292459444064,0.026979628922256804,2.122637236482657,2.0668737496869496,0.19739688662917043,0.18979129305701514,1.1286446376338697,3.0051028617400295,53
大华股份,分众传媒,安防,传媒,4.177960301163586,1.0484768432389897,0.011394958975281977,0.9667132904648645,1.1371558678786482,0.045122687871592015,1.0922653759694458,1.04510732437917,0.021348356767872723,0.010616031501025303,1.1286446376338697,0.9615700111244705,53
大华股份,紫金矿业,安防,有色,4.177960301163586,1.0681559778498446,0.015906514373043468,1.864392044069593,0.6119727857912747,-0.0761064346262289,2.0934114668367005,2.2658578274541705,0.1934299915278117,0.21625707220022217,1.1286446376338697,3.403071017274472,53
大华股份,中国神华,安防,煤炭,4.177960301163586,1.0670649919690662,0.015658062278470775,1.237347350054161,0.9202167015075464,0.05403754307634312,1.409606084967336,1.3373395418660523,0.08564224861826641,0.07205262530458878,1.1286446376338697,1.546034446098235,53
大华股份,陕西煤业,安防,煤炭,4.177960301163586,1.073869924038447,0.01720461753655833,1.2300461496670558,0.9375230466486828,0.06300100890886329,1.3984714932056777,1.315588114672783,0.08358347885964235,0.06785308403455859,1.1286446376338697,1.5025315917116964,53
大华股份,长江电力,安防,电力,4.177960301163586,1.0623659795180824,0.014585734448907539,1.1201249225036105,1.0075853610281373,0.06029882341810544,1.2774360906628388,1.2047887467655052,0.06035775160515544,0.045601325745172616,1.1286446376338697,1.280932855897141,53
大华股份,万华化学,安防,化工,4.177960301163586,1.0577615478684432,0.013531484878723132,0.9339678193784023,1.197963643858411,0.04930067979793851,1.0515294765463112,1.0021240782468586,0.012098990208293303,0.0005079905784362015,1.1286446376338697,0.8756035188598476,53
大华股份,海螺水泥,安防,建材,4.177960301163586,1.0576804742360963,0.013512890680711154,0.8401637334330581,1.3315118721075192,0.030724222425950076,0.9501649896948018,0.9218421077351406,-0.012160998588645944,-0.019290235754457208,1.1286446376338697,0.7150395778364116,53
大华股份,宝钢股份,安防,钢铁,4.177960301163586,1.048855703493162,0.011482420491790046,1.0087272689375921,1.0905804974507898,0.04843184412476842,1.148998709252408,1.0959212233882432,0.03380245031781448,0.022165536100152927,1.1286446376338697,1.0631978091426164,53
大华股份,洛阳钼业,安防,有色,4.177960301163586,1.0869598219560825,0.020158715511450875,1.829315004008199,0.6458601454413607,-0.04715946992032394,2.0729485345996626,2.1755461372180753,0.19062735515657936,0.20447389662865834,1.1286446376338697,3.222447636802281,53
大华股份,三一重工,安防,机械,4.177960301163586,1.0556854637264699,0.013054994044544355,1.0324754510952776,1.0794172366433608,0.05555081042248422,1.1715978962580709,1.1099398386981854,0.038633292740577474,0.025279980056989615,1.1286446376338697,1.0912350397625008,53
大华股份,汇川技术,安防,机械,4.177960301163586,1.063809978198293,0.01491564233541598,0.9656620850100438,1.1719334198592688,0.05494820120091082,1.0497025463796148,0.9950275711970269,0.011677830954211155,-0.001192414364588168,1.1286446376338697,0.861410504760184,53
大华股份,中航沈飞,安防,军工,4.177960301163586,1.077378576540153,0.017999117208041815,1.0694036302765133,1.0854129949863316,0.0774093618352738,1.216171706976039,1.1287925927285387,0.047957413058848486,0.02942156647527372,1.1286446376338697,1.1289405478232077,53
大华股份,顺丰控股,安防,交运,4.177960301163586,1.0547640670592584,0.012843292015678909,0.8059261002172268,1.3804333137486435,0.016454642281546805,0.905388098143501,0.8907314310762116,-0.023508761145492718,-0.02731587338277386,1.1286446376338697,0.6528182245185533,53
大华股份,京沪高铁,安防,交运,4.177960301163586,1.0618704523174336,0.014472443596657225,1.0349892698387995,1.0894498043254601,0.061564457756496216,1.1699827245495316,1.102130648780542,0.03829039400870138,0.023548768771484596,1.1286446376338697,1.0756166599272141,53
大华股份,中国中免,安防,免税,4.177960301163586,1.0833189555266467,0.019339781916119403,0.5516167807766782,2.1275276610529152,-0.13069511520244104,0.6144314799316908,0.7068078077978104,-0.1100392386519723,-0.07969858940160435,1.1286446376338697,0.284970977961751,53
大华股份,上海机场,安防,交运,4.177960301163586,1.0644644099921863,0.015065047077466032,0.7255133478559266,1.5617693092602105,-0.009139870553416696,0.8190525765746588,0.826607663618595,-0.04665286269215452,-0.044555389533447065,1.1286446376338697,0.5245706896033202,53
大华股份,万科A,安防,地产,4.177960301163586,1.062563738014825,0.014630936141307949,0.6709316263677679,1.6827969542237062,-0.03958465219486684,0.7591757969729414,0.790466123545307,-0.06381906320750053,-0.05472487027997963,1.1286446376338697,0.45228760945674423,53
大华股份,中国建筑,安防,建筑,4.177960301163586,1.0519933525354945,0.012205838177544726,0.985732201495111,1.1227085937745518,0.05021188174410285,1.1197770632408155,1.066239187259227,0.027447646894026567,0.01546987183667592,1.1286446376338697,1.0038337368845842,53
大华股份,保利发展,安防,地产,4.177960301163586,1.0665416607924167,0.015538814589705296,0.7186275383509853,1.582893854605213,-0.011092142457621246,0.8119970191242193,0.8211048308809923,-0.048624985895179385,-0.04608165677302756,1.1286446376338697,0.513565024128115,53
大华股份,牧原股份,安防,养殖,4.177960301163586,1.071413922425817,0.01664730465015407,0.8716450418961624,1.3169670427662747,0.04718857379936914,0.9754813884885778,0.9315240949864205,-0.005924085704077209,-0.016834641823276986,1.1286446376338697,0.7344035523389715,53
大华股份,中国移动,安防,通信,4.177960301163586,1.05974451739133,0.01398594081694915,1.385363891379077,0.8106595307771599,0.023050714839163655,1.562184758634139,1.5269866253695292,0.11267950919665592,0.10662682117596112,1.1286446376338697,1.9253286131051888,53
大华股份,中兴通讯,安防,通信,4.177960301163586,1.0561363949034006,0.01315854971706254,1.1620853584302613,0.9598469480299286,0.05155759033107632,1.3085918085119999,1.244431898494497,0.06649108653307834,0.05373513080297032,1.1286446376338697,1.3602191593551247,53
韦尔股份,北方华创,半导体,半导体,4.177960301163586,1.0727574020866395,0.016952285663182298,2.180411851044363,0.527794069354589,-0.15919191613918782,1.459842925054565,1.7362379752003292,0.09478005485608842,0.14117112067165283,0.6577041888051403,2.814771761595518,53
韦尔股份,中芯国际,半导体,半导体,4.177960301163586,1.1002553077998418,0.023131637607969546,2.2196826616396104,0.5453760410271983,-0.127179041632842,1.4676500684220148,1.6815018639878236,0.0961785698537021,0.1324549709617726,0.6577041888051403,2.705299539170507,53
韦尔股份,兆易创新,半导体,半导体,4.177960301163586,1.1088655524426398,0.02504237336035553,2.2145803175060443,0.5552215937594075,-0.12275304310257984,1.486526606339237,1.6945360649601686,0.09953674369153731,0.13454989013932495,0.6577041888051403,2.731367941115197,53
韦尔股份,科大讯飞,半导体,软件,4.177960301163586,1.0741035914912789,0.017257590542998136,1.2561355158920264,0.9184506851835823,0.058343140842453955,0.8401258924504867,0.7938123846881422,-0.040838516550638415,-0.0537686180957786,0.6577041888051403,0.929920580571144,53
韦尔股份,恒生电子,半导体,软件,4.177960301163586,1.1000828490716081,0.0230932505522079,1.097226094573841,1.1029470414587046,0.10004077826001834,0.712102269500132,0.6473417018471758,-0.07805326075900731,-0.09885518445107122,0.6577041888051403,0.6369792148892113,53
韦尔股份,浪潮信息,半导体,服务器,4.177960301163586,1.165645464430091,0.037367814586265036,2.5653231814200983,0.5296523099262231,-0.1048167623633326,1.6394417371727188,1.8314035252725849,0.12560950525217107,0.15583991641968176,0.6577041888051403,3.0051028617400295,53
韦尔股份,分众传媒,半导体,传媒,4.177960301163586,1.0648314553846738,0.015148811818290753,1.2721123857344663,0.8913253585861396,0.045990468923226446,0.8468726898498279,0.8096370999648054,-0.03900046166958626,-0.04928752378810364,0.6577041888051403,0.9615700111244705,53
韦尔股份,紫金矿业,半导体,有色,4.177960301163586,1.0994020796706099,0.022941675480110835,2.4863649946945077,0.48612530153987693,-0.1899055157207037,1.644805798171608,2.030387603039806,0.12648990809804994,0.1847300531512739,0.6577041888051403,3.403071017274472,53
韦尔股份,中国神华,半导体,煤炭,4.177960301163586,1.099681828156355,0.023003970844266863,1.6522416744199073,0.7319147930352753,0.006585679759183005,1.109125875912894,1.1018693174516876,0.025099966820255837,0.02349067336471311,0.6577041888051403,1.546034446098235,53
韦尔股份,陕西煤业,半导体,煤炭,4.177960301163586,1.129922525308507,0.029668114802194,1.676965608483425,0.7613304093660981,0.04010419475947491,1.1234351484925351,1.0801178902584183,0.0282500244271795,0.01861804073041129,0.6577041888051403,1.5025315917116964,53
韦尔股份,长江电力,半导体,电力,4.177960301163586,1.0816949369546414,0.018973819004570736,1.4777564563209977,0.7917840126012922,0.024507797010681065,0.9930743839356156,0.9693185223511406,-0.0016620388906078976,-0.007430918755759297,0.6577041888051403,1.280932855897141,53
韦尔股份,万华化学,半导体,化工,4.177960301163586,1.0946627015124955,0.02188445727984778,1.2523629782299888,0.9568203874696276,0.08359181041474928,0.8307398374357966,0.7666538538324938,-0.04341436153363343,-0.06162008348171344,0.6577041888051403,0.8756035188598476,53
韦尔股份,海螺水泥,半导体,建材,4.177960301163586,1.080413219410996,0.018684696394138722,1.1120007910161125,1.0497229265560113,0.07956127900066123,0.7409805082278695,0.6863718833207759,-0.0692391841499107,-0.08613865191313252,0.6577041888051403,0.7150395778364116,53
韦尔股份,宝钢股份,半导体,钢铁,4.177960301163586,1.0734151640177292,0.017101497140806554,1.3376161580179258,0.8613981727393033,0.04340189176317,0.8977962000988542,0.8604509989738783,-0.02547487775312396,-0.035334779297202856,0.6577041888051403,1.0631978091426164,53
韦尔股份,洛阳钼业,半导体,有色,4.177960301163586,1.1311707588555349,0.029940258167880263,2.4666579942275324,0.5187372098946024,-0.15108095266768262,1.646967395649702,1.9400759128037106,0.12684407358446492,0.17189788341173862,0.6577041888051403,3.222447636802281,53
韦尔股份,三一重工,半导体,机械,4.177960301163586,1.0741112631622323,0.017259329581706506,1.3611319437217981,0.8476143778518023,0.040727236538334655,0.910084345110344,0.8744696142838205,-0.022298817354448164,-0.031596106184361594,0.6577041888051403,1.0912350397625008,53
韦尔股份,汇川技术,半导体,机械,4.177960301163586,1.0620946515162704,0.014523706546662352,1.2491946200500792,0.903017857004736,0.05289588009696389,0.799734801124846,0.7595573467826622,-0.05208367424602611,-0.06370646761904142,0.6577041888051403,0.861410504760184,53
韦尔股份,中航沈飞,半导体,军工,4.177960301163586,1.0907727970408356,0.021014127440112773,1.4028569240218618,0.8481159228649513,0.05232858623494541,0.940068664900108,0.893322368314174,-0.0146836003639631,-0.02663942020998189,0.6577041888051403,1.1289405478232077,53
韦尔股份,顺丰控股,半导体,交运,4.177960301163586,1.0829400649197223,0.019254438516572714,1.0721364937940758,1.093852500121671,0.0829540155321895,0.7096177549769149,0.6552612066618468,-0.07882419578630295,-0.09622864604995685,0.6577041888051403,0.6528182245185533,53
韦尔股份,京沪高铁,半导体,交运,4.177960301163586,1.0851047378745085,0.019741715919925795,1.3703822783084867,0.8592144767159995,0.05317579930412131,0.9127457851570976,0.8666604243661772,-0.021615229394063018,-0.03367309309057065,0.6577041888051403,1.0756166599272141,53
韦尔股份,中国中免,半导体,免税,4.177960301163586,1.1162075505998792,0.026662772902738885,0.736430634046106,1.6918352366343554,0.025249724170772092,0.48323872735519596,0.47133758338344567,-0.15975929419207946,-0.1647593466652132,0.6577041888051403,0.284970977961751,53
韦尔股份,上海机场,半导体,交运,4.177960301163586,1.085584718438696,0.019849661488961168,0.958702247611771,1.2292598498056897,0.07874758609628785,0.6376880855927045,0.5911374392042302,-0.10209011229554843,-0.1182339975896256,0.6577041888051403,0.5245706896033202,53
韦尔股份,万科A,半导体,地产,4.177960301163586,1.0837763329603076,0.01944277387810911,0.8866836476238784,1.3246789235738021,0.06515328733017078,0.591155706414087,0.5549958991309423,-0.11822747578643189,-0.13144877118921383,0.6577041888051403,0.45228760945674423,53
韦尔股份,中国建筑,半导体,建筑,4.177960301163586,1.0863531132947877,0.020022394639966468,1.3189329705419295,0.8947862500399598,0.06268074731802065,0.8828421822845952,0.8307689628448622,-0.02938489250234122,-0.04340633439519348,0.6577041888051403,1.0038337368845842,53
韦尔股份,保利发展,半导体,地产,4.177960301163586,1.0953138082572953,0.022029906412719402,0.9562475974145522,1.2546042905653438,0.08706770318087909,0.6366244665549149,0.5856346064666276,-0.10244880448787208,-0.12020564917204868,0.6577041888051403,0.513565024128115,53
韦尔股份,牧原股份,半导体,养殖,4.177960301163586,1.0786287299679869,0.018281726541176768,1.1369991117695002,1.0232549217225881,0.07699360015606849,0.7496455639699645,0.6960538705720558,-0.06664550815138104,-0.08306960150517062,0.6577041888051403,0.7344035523389715,53
韦尔股份,中国移动,半导体,通信,4.177960301163586,1.09218004922372,0.02132925913658057,1.8499614877545485,0.6448011311685179,-0.04833516422722062,1.2290907436128478,1.2915164009551645,0.050611207781153134,0.063143542236344,0.6577041888051403,1.9253286131051888,53
韦尔股份,中兴通讯,半导体,通信,4.177960301163586,1.0752761778962943,0.01752328658010338,1.5330058348277262,0.7542168675967206,0.008048494258875216,1.0170822963213915,1.0089616740801324,0.004062368778940284,0.0021377152094295138,0.6577041888051403,1.3602191593551247,53
北方华创,中芯国际,半导体,半导体,4.177960301163586,1.0799873814609815,0.018588580533750898,1.0719612454213785,1.0880736118929906,0.07985766110436954,2.9804456419872776,2.7600356503830126,0.2987327644306561,0.2750683931720985,2.814771761595518,2.705299539170507,53
北方华创,兆易创新,半导体,半导体,4.177960301163586,1.125414979300236,0.028683459059318572,1.1058296264199332,1.1453472084427416,0.12529128127055555,3.120511326084419,2.7730698513553573,0.3130871514340696,0.27650706031717265,2.814771761595518,2.731367941115197,53
北方华创,科大讯飞,半导体,软件,4.177960301163586,1.0997340584768778,0.023015600337973563,0.632762870475824,1.9113242192364588,-0.04973160354353223,1.7792313936067643,1.8723461710833311,0.14787195264581277,0.16197280374735135,2.814771761595518,0.929920580571144,53
北方华创,恒生电子,半导体,软件,4.177960301163586,1.1244914392183842,0.028481345200692898,0.5518103896672083,2.2915135716056922,-0.12714826797616974,1.5064334091698217,1.7258754882423646,0.10304324509953577,0.13953720604011965,2.814771761595518,0.6369792148892113,53
北方华创,浪潮信息,半导体,服务器,4.177960301163586,1.1851210133527075,0.04149021437937428,1.2832205092414894,1.0945210165946881,0.18578518252704668,3.4505605462582345,2.9099373116677736,0.345068982761495,0.29131181648316073,2.814771761595518,3.0051028617400295,53
北方华创,分众传媒,半导体,传媒,4.177960301163586,1.0817187365402954,0.01897918511593799,0.6358020846040913,1.8403768300177157,-0.05747701430719243,1.7796444613102569,1.8881708863599944,0.1479357319239487,0.1643158996320333,2.814771761595518,0.9615700111244705,53
北方华创,紫金矿业,半导体,有色,4.177960301163586,1.0974214432605403,0.02250027525638587,1.2210817953253026,0.9862843166924834,0.092575410895672,3.396731064504283,3.108921389434995,0.34001651420992096,0.31191819340530746,2.814771761595518,3.403071017274472,53
北方华创,中国神华,半导体,煤炭,4.177960301163586,1.0800910689837768,0.01861198649352147,0.7984172007562157,1.461136754310382,0.03337083297447618,2.2531649716423803,2.1804031038468765,0.21462283502415014,0.2051169714095633,2.814771761595518,1.546034446098235,53
北方华创,陕西煤业,半导体,煤炭,4.177960301163586,1.0996363553005366,0.022993845611358532,0.8029482674099527,1.5059502124578088,0.0476108600118883,2.2614269394451902,2.1586516766536072,0.21568737716715303,0.20222848610798683,2.814771761595518,1.5025315917116964,53
北方华创,长江电力,半导体,电力,4.177960301163586,1.0680291799372108,0.015877648381957377,0.7178673031607197,1.5889932919008691,-0.009687780807652202,2.0280131644527506,2.0478523087463296,0.1843982883283608,0.18716125758530677,2.814771761595518,1.280932855897141,53
北方华创,万华化学,半导体,化工,4.177960301163586,1.101093413077578,0.02331812373441622,0.6197792766144619,1.9561910991048124,-0.0631345721163743,1.7286925080874855,1.8451876402276828,0.13998211916880265,0.15791620988912425,2.814771761595518,0.8756035188598476,53
北方华创,海螺水泥,半导体,建材,4.177960301163586,1.0796562714673978,0.01851382579164884,0.5467184178477157,2.132098766871192,-0.13212852708324863,1.53171128313552,1.7649056697159649,0.10744540200530661,0.1456530029433154,2.814771761595518,0.7150395778364116,53
北方华创,宝钢股份,半导体,钢铁,4.177960301163586,1.0686540134942375,0.01601986872237471,0.6551849113381051,1.7430520465206611,-0.046561599647488516,1.8487025520701412,1.9389847853690672,0.15844377045260405,0.17174009499113674,2.814771761595518,1.0631978091426164,53
北方华创,洛阳钼业,半导体,有色,4.177960301163586,1.1146193677390117,0.026312945197258797,1.195832463995044,1.0389217322202278,0.11207923532641839,3.356933166034022,3.0186096991988993,0.3362417560990507,0.3026939435292615,2.814771761595518,3.222447636802281,53
北方华创,三一重工,半导体,机械,4.177960301163586,1.0811651944576604,0.018854354292598297,0.6740715504638716,1.7341158767229734,-0.029780088475110933,1.8948427866145958,1.9530034006790093,0.16529930356607125,0.17376221502310685,2.814771761595518,1.0912350397625008,53
北方华创,汇川技术,半导体,机械,4.177960301163586,1.0855790814954893,0.01984839397531779,0.6281904582201185,1.8759946553783038,-0.0794215246913117,1.6921071328592854,1.838091133177851,0.13416043204082406,0.15684874611701138,2.814771761595518,0.861410504760184,53
北方华创,中航沈飞,半导体,军工,4.177960301163586,1.0833043105090723,0.01933648361385787,0.6854764498395274,1.7120183041186439,-0.020662174784404574,1.9311133181910543,1.971856154709363,0.17059979299538774,0.17646430148924797,2.814771761595518,1.1289405478232077,53
北方华创,顺丰控股,半导体,交运,4.177960301163586,1.0825108557026657,0.01915773363553841,0.527279520720417,2.222407104135313,-0.15359100210126964,1.4674996826352418,1.7337949930570358,0.09615168434879107,0.14078659083615053,2.814771761595518,0.6528182245185533,53
北方华创,京沪高铁,半导体,交运,4.177960301163586,1.0740892123443708,0.017254331006912427,0.6673803490675259,1.7286508925329809,-0.0391990066270782,1.8689445300027772,1.945194210761366,0.16146717204666383,0.1726371430560698,2.814771761595518,1.0756166599272141,53
北方华创,中国中免,半导体,免税,4.177960301163586,1.0985129546125931,0.022743601931065838,0.356578422139157,3.384194433898624,-0.36508148055103173,0.9840420354361952,1.5498713697786346,-0.0038429598913667373,0.11057400075225465,2.814771761595518,0.284970977961751,53
北方华创,上海机场,半导体,交运,4.177960301163586,1.0686801268360047,0.016025811085503605,0.46433427631057334,2.459601351355618,-0.22223317198349923,1.2986148929648835,1.6696712255994193,0.06453922884537078,0.1305427730790525,2.814771761595518,0.5245706896033202,53
北方华创,万科A,半导体,地产,4.177960301163586,1.0934086515079453,0.02160413260519589,0.4401234699208828,2.7163797454549194,-0.24475446082801255,1.23371600809863,1.6335296855261312,0.05155615967315086,0.12463661878023125,2.814771761595518,0.45228760945674423,53
北方华创,中国建筑,半导体,建筑,4.177960301163586,1.069252000454384,0.01615591920263504,0.6386968422589537,1.7900508736383596,-0.058635594868488905,1.7973496467543195,1.9093027492400512,0.15065895794847672,0.1674216217491522,2.814771761595518,1.0038337368845842,53
北方华创,保利发展,半导体,地产,4.177960301163586,1.0933965321216104,0.021601422299443396,0.4696479948038718,2.5455575019644643,-0.21003751036927043,1.3146306067898905,1.6641683928618165,0.06766700824761562,0.1296498313450507,2.814771761595518,0.513565024128115,53
北方华创,牧原股份,半导体,养殖,4.177960301163586,1.09510434792513,0.02198312276192005,0.5679454581801213,2.1115646151785685,-0.1126453010570051,1.5746886960961242,1.7745876569672447,0.11480472135267195,0.14715416525195946,2.814771761595518,0.7344035523389715,53
北方华创,中国移动,半导体,通信,4.177960301163586,1.0775438946492621,0.018036503280453475,0.8979794641646974,1.2930149198634056,0.05843451910555264,2.508542930304196,2.3700501873503534,0.24624102124670277,0.22941550051643667,2.814771761595518,1.9253286131051888,53
北方华创,中兴通讯,半导体,通信,4.177960301163586,1.0871601884849666,0.020203722988986206,0.7625710428310842,1.5499110365360056,0.019087754996801154,2.127341062381809,2.0874954604753215,0.19803146252228343,0.1926218750230999,2.814771761595518,1.3602191593551247,53
中芯国际,兆易创新,半导体,半导体,4.177960301163586,1.1238527052614142,0.028341486398624882,1.1125627666406284,1.1352572106445284,0.12396439769834178,3.0553103449827415,2.7183337401428522,0.30646746004067604,0.2704304956564869,2.705299539170507,2.731367941115197,53
中芯国际,科大讯飞,半导体,软件,4.177960301163586,1.1401901111385795,0.03189992414449372,0.6609523924695728,1.9669094239613536,-0.004972563675280317,1.8085718781112878,1.8176100598708256,0.15237449541043424,0.1537502812055831,2.705299539170507,0.929920580571144,53
中芯国际,恒生电子,半导体,软件,4.177960301163586,1.154217516688613,0.03492440704131594,0.5706383790725774,2.334610016935767,-0.0931798265130197,1.515422899799141,1.671139377029859,0.1046151636857493,0.13078063087605352,2.705299539170507,0.6369792148892113,53
中芯国际,浪潮信息,半导体,服务器,4.177960301163586,1.2230243447428468,0.049367719847221325,1.3341765161733325,1.121132421161085,0.22206192692896742,3.4892326807982665,2.8552012004552685,0.34866188785538466,0.28545599978134817,2.705299539170507,3.0051028617400295,53
中芯国际,分众传媒,半导体,传媒,4.177960301163586,1.1289222465552684,0.029449866132231994,0.6685151030184265,1.9064123353579128,-0.00686880711388882,1.8208412653211046,1.8334347751474889,0.15424087035835576,0.1561466275730259,2.705299539170507,0.9615700111244705,53
中芯国际,紫金矿业,半导体,有色,4.177960301163586,1.1639918630169617,0.03701538913422131,1.304850798336306,1.0383386812478295,0.15637263169015903,3.5317762678474804,3.0541852782224894,0.3525796557248162,0.30635229568489963,2.705299539170507,3.403071017274472,53
中芯国际,中国神华,半导体,煤炭,4.177960301163586,1.1524878307242443,0.034552981647709924,0.8583125339047604,1.5474878293165604,0.10893710252218369,2.357230995739003,2.125666992634371,0.227820602984526,0.19780574235686155,2.705299539170507,1.546034446098235,53
中芯国际,陕西煤业,半导体,煤炭,4.177960301163586,1.1794715008323151,0.04029971810927546,0.8676918612418428,1.6032800161161036,0.13035554873534982,2.3781726334670203,2.1039155654411017,0.23042266029341718,0.19486056342201752,2.705299539170507,1.5025315917116964,53
中芯国际,长江电力,半导体,电力,4.177960301163586,1.1377598689961432,0.031373060899571925,0.7704620687376338,1.6801573653315536,0.0627828565833386,2.1182497259175195,1.993116197533824,0.1968040187708422,0.17948794139882018,2.705299539170507,1.280932855897141,53
中芯国际,万华化学,半导体,化工,4.177960301163586,1.179395036941432,0.040283575496772306,0.6688238918260816,2.079729313144491,0.013818920081427377,1.8151936356043072,1.7904515290151772,0.1533829653405978,0.1496003985405694,2.705299539170507,0.8756035188598476,53
中芯国际,海螺水泥,半导体,建材,4.177960301163586,1.1362966522887576,0.0310554305126145,0.5797082975871918,2.2272754890289246,-0.07585926202469451,1.5804373578582893,1.7101695585034593,0.11577747847170561,0.13704647425994754,2.705299539170507,0.7150395778364116,53
中芯国际,宝钢股份,半导体,钢铁,4.177960301163586,1.131398065795085,0.02998979167304827,0.6988465003122525,1.8316777471346193,0.01844967060212155,1.9190124415272345,1.8842486741565616,0.16883988157716456,0.16373655138425813,2.705299539170507,1.0631978091426164,53
中芯国际,洛阳钼业,半导体,有色,4.177960301163586,1.2025252336997034,0.045130798829319696,1.2998030423202331,1.1125277373587328,0.19799626041989393,3.5507094747649934,2.963873587986394,0.3543116480187962,0.2970006720213296,2.705299539170507,3.222447636802281,53
中芯国际,三一重工,半导体,机械,4.177960301163586,1.1520572300031382,0.03446045037101797,0.7236483765636739,1.834089461383211,0.04282161103675941,1.9795541529798422,1.8982672894665038,0.17756197503068094,0.1658030352039228,2.705299539170507,1.0912350397625008,53
中芯国际,汇川技术,半导体,机械,4.177960301163586,1.134155028352774,0.030589972264360554,0.6612137688720925,1.9453733253802057,-0.02864368571785425,1.732273161192813,1.7833550219653456,0.14054684335244705,0.14850815278476714,2.705299539170507,0.861410504760184,53
中芯国际,中航沈飞,半导体,军工,4.177960301163586,1.1245779145846442,0.028500275420845433,0.7169208555967432,1.7640377959417428,0.025230389023720434,1.9654897279994548,1.9171200434968574,0.17555403422007254,0.16856389474897626,2.705299539170507,1.1289405478232077,53
中芯国际,顺丰控股,半导体,交运,4.177960301163586,1.1356316778677502,0.030910977168146392,0.5572957597388679,2.3141380231943938,-0.10117403557639026,1.5091817187979377,1.6790588818445302,0.10352457498837553,0.13206094967602655,2.705299539170507,0.6528182245185533,53
中芯国际,京沪高铁,半导体,交运,4.177960301163586,1.1425097897194123,0.03240202162978467,0.7152083673245849,1.82510255645862,0.03095741272100727,1.9489817911683656,1.8904580995488605,0.1731832489484928,0.16465332045847614,2.705299539170507,1.0756166599272141,53
中芯国际,中国中免,半导体,免税,4.177960301163586,1.1750373223499448,0.039362281781796904,0.38427411748274914,3.5930411289730206,-0.30993232033722284,1.031744518660735,1.495135258566129,0.0075080291474109995,0.10105747879068172,2.705299539170507,0.284970977961751,53
中芯国际,上海机场,半导体,交运,4.177960301163586,1.146491709473009,0.03326210834276799,0.5018726459724175,2.619077270775549,-0.15426725705831534,1.3658035039632879,1.6149351143869137,0.07747037884851471,0.1215591350493066,2.705299539170507,0.5245706896033202,53
中芯国际,万科A,半导体,地产,4.177960301163586,1.1442529828875325,0.03277882802158305,0.4640381345465607,2.821567434595489,-0.1982732313307285,1.2657610707302724,1.5787935743136257,0.058030080364250614,0.11549960154441852,2.705299539170507,0.45228760945674423,53
中芯国际,中国建筑,半导体,建筑,4.177960301163586,1.1209108480809997,0.027696548271026744,0.6745674269186138,1.8625879033101536,-0.003908662897197379,1.8473177622191073,1.8545666380275456,0.15823601556875233,0.15932222777310323,2.705299539170507,1.0038337368845842,53
中芯国际,保利发展,半导体,地产,4.177960301163586,1.1450621671054013,0.03295359186814095,0.4955225725840789,2.64602954351518,-0.1613672583809992,1.3497226068096855,1.609432281649311,0.07442025858028933,0.12064322529294924,2.705299539170507,0.513565024128115,53
中芯国际,牧原股份,半导体,养殖,4.177960301163586,1.1612117522705065,0.03642201594139771,0.6067393287875348,2.2223921701362483,-0.0483061345950776,1.6367721655019585,1.7198515457547392,0.12517053188482108,0.13858394274615926,2.705299539170507,0.7344035523389715,53
中芯国际,中国移动,半导体,通信,4.177960301163586,1.1394869377557246,0.03174756788064359,0.9567101512954913,1.3571827157448892,0.12321915649797432,2.60060512362744,2.315314076137848,0.25703849564286374,0.2225590262577899,2.705299539170507,1.9253286131051888,53
中芯国际,中兴通讯,半导体,通信,4.177960301163586,1.0917381132831916,0.021230327910031654,0.7715158243451896,1.5448705916132572,0.03026066096299518,2.094271990750217,2.032759349262816,0.19354739287980416,0.1850611473016166,2.705299539170507,1.3602191593551247,53
兆易创新,科大讯飞,半导体,软件,4.177960301163586,1.168057787683014,0.03788126196117059,0.6839779668290339,1.9947411488884559,0.016895094783365705,1.8615731691447404,1.8306442608431706,0.1603690607093331,0.1557252038848398,2.731367941115197,0.929920580571144,53
兆易创新,恒生电子,半导体,软件,4.177960301163586,1.2273942372061861,0.0502639296877887,0.6129743051075036,2.457683137734045,-0.03817769037163776,1.6198757206091428,1.6841735780022042,0.12237944565552428,0.1328853855409995,2.731367941115197,0.6369792148892113,53
兆易创新,浪潮信息,半导体,服务器,4.177960301163586,1.263689193290927,0.05761530154220518,1.3925260727920987,1.146772335858942,0.26378572292863334,3.624834950322695,2.8682354014276132,0.36102573074927924,0.2868581286732832,2.731367941115197,3.0051028617400295,53
兆易创新,分众传媒,半导体,传媒,4.177960301163586,1.1490796289173124,0.033819876255265724,0.687356732877851,1.9209588419458916,0.008562994418295,1.8622802796559026,1.8464689761198336,0.16047454220593194,0.15810861677549082,2.731367941115197,0.9615700111244705,53
兆易创新,紫金矿业,半导体,有色,4.177960301163586,1.1665667069096703,0.0375639903888485,1.3210077415595005,1.0301816097334175,0.15967237136564782,3.5569696869367813,3.0672194791948346,0.3548827809573918,0.3076845321843018,2.731367941115197,3.403071017274472,53
兆易创新,中国神华,半导体,煤炭,4.177960301163586,1.1696434735339116,0.03821832573259387,0.8799286975734056,1.5547462640475447,0.1238363565114442,2.403550157089648,2.1387011936067157,0.23355263428893358,0.19955962654076087,2.731367941115197,1.546034446098235,53
兆易创新,陕西煤业,半导体,煤炭,4.177960301163586,1.1883350437931552,0.04216556718264175,0.8830836632332818,1.599101234798677,0.137184879654773,2.407363265354075,2.1169497664134465,0.23402075456189952,0.19662818075080768,2.731367941115197,1.5025315917116964,53
兆易创新,长江电力,半导体,电力,4.177960301163586,1.1501748132859546,0.03405563093028796,0.7867728738142034,1.6814282051998963,0.07239288753022732,2.151381418673947,2.006150398506169,0.20125809457666333,0.18132957664040794,2.731367941115197,1.280932855897141,53
兆易创新,万华化学,半导体,化工,4.177960301163586,1.1792818583133977,0.040259680420946964,0.6755460734311051,2.058639308320886,0.01129624967151277,1.8238583550724718,1.8034857299875222,0.1546983531620505,0.1515979844598574,2.731367941115197,0.8756035188598476,53
兆易创新,海螺水泥,半导体,建材,4.177960301163586,1.1581472534832957,0.035766690982751204,0.596851713139418,2.2473003448305207,-0.06072328739212551,1.6185651623539639,1.7232037594758043,0.12216203355809552,0.13911472914963263,2.731367941115197,0.7150395778364116,53
兆易创新,宝钢股份,半导体,钢铁,4.177960301163586,1.1511406182297654,0.03426339312104254,0.7182565824382962,1.8449183137869054,0.03393546725753582,1.9616680560161273,1.8972828751289068,0.17500653648734077,0.1656583023543452,2.731367941115197,1.0631978091426164,53
兆易创新,洛阳钼业,半导体,有色,4.177960301163586,1.1655355983377804,0.037344411063754634,1.272605415405339,1.0674740296935785,0.16157994938778852,3.4579163988308057,2.976907788958739,0.3457547422062732,0.2983636081804937,2.731367941115197,3.222447636802281,53
兆易创新,三一重工,半导体,机械,4.177960301163586,1.1612979473378178,0.03644042921690138,0.7368550604797698,1.8302282155909209,0.04897931307976555,2.004915724528876,1.911301490438849,0.1811555173317252,0.16771401837168343,2.731367941115197,1.0912350397625008,53
兆易创新,汇川技术,半导体,机械,4.177960301163586,1.1381412343801058,0.03145579542433419,0.670271105016343,1.9325993015388696,-0.027070997949168008,1.7477591739676368,1.7963892229376905,0.14297905110307796,0.15051176027560786,2.731367941115197,0.861410504760184,53
兆易创新,中航沈飞,半导体,军工,4.177960301163586,1.185869418162928,0.04164759834194509,0.763665915524305,1.8414940988541786,0.07887490548830245,2.0823949780795563,1.9301542444692024,0.19192375813875628,0.17046061505200316,2.731367941115197,1.1289405478232077,53
兆易创新,顺丰控股,半导体,交运,4.177960301163586,1.1660186589128385,0.03744729942942637,0.5780143414681848,2.3521899291969905,-0.07974261973953789,1.5571611475499068,1.6920930828168752,0.11182203466468743,0.13415817800230578,2.731367941115197,0.6528182245185533,53
兆易创新,京沪高铁,半导体,交运,4.177960301163586,1.164557552625458,0.037135995128096067,0.7364079810223598,1.8416344313571713,0.04867611645081116,1.9961469134045984,1.9034923005212057,0.1799169744913951,0.16657028463863188,2.731367941115197,1.0756166599272141,53
兆易创新,中国中免,半导体,免税,4.177960301163586,1.197887755278373,0.04416467677126734,0.39572225204360384,3.6261167190763555,-0.299083704723926,1.057100550228226,1.508169459538474,0.013379853769651895,0.10334736885929763,2.731367941115197,0.284970977961751,53
兆易创新,上海机场,半导体,交运,4.177960301163586,1.183503993529837,0.04114990883917158,0.5233319002137178,2.6764691816590265,-0.12977190896676039,1.4167046295657775,1.6279693153592585,0.08694831078801446,0.12371915785460774,2.731367941115197,0.5245706896033202,53
兆易创新,万科A,半导体,地产,4.177960301163586,1.172742171702835,0.03887600329783414,0.48041773940207255,2.8627673137174514,-0.18113258325647597,1.3034958982490137,1.5918277752859706,0.06549555572113697,0.1176969806228716,2.731367941115197,0.45228760945674423,53
兆易创新,中国建筑,半导体,建筑,4.177960301163586,1.1657316517638292,0.037386172918095095,0.7086597332267343,1.917606179959485,0.03356353600264117,1.9302841269982263,1.8676008389998906,0.17047946629977084,0.16126724828540429,2.731367941115197,1.0038337368845842,53
兆易创新,保利发展,半导体,地产,4.177960301163586,1.1833448530094322,0.04111639823840041,0.5172858238328057,2.707023808942643,-0.13615144183568229,1.4015653316826495,1.622466482621656,0.08415677232650132,0.12280884088698296,2.731367941115197,0.513565024128115,53
兆易创新,牧原股份,半导体,养殖,4.177960301163586,1.1821590658646783,0.040866596205074934,0.6239524797893284,2.239753991326233,-0.03365611552960168,1.6745635438356374,1.7328857467270842,0.1313347691245137,0.14064336856711757,2.731367941115197,0.7344035523389715,53
兆易创新,中国移动,半导体,通信,4.177960301163586,1.1807206740915133,0.04056332365253246,1.0013895901030099,1.3921667690630881,0.16295787681443108,2.7077709688326084,2.3283482771101927,0.2692471693627254,0.22420283864233204,2.731367941115197,1.9253286131051888,53
兆易创新,中兴通讯,半导体,通信,4.177960301163586,1.0931761895862022,0.021552142251844764,0.780371506251135,1.5313657301752235,0.030034218265540424,2.1072373602491585,2.0457935502351607,0.19531183376352002,0.18687548648933716,2.731367941115197,1.3602191593551247,53
科大讯飞,恒生电子,软件,软件,4.177960301163586,1.0558689188058086,0.01309712828897891,0.9005138846381665,1.2380255237797986,0.03771978608717674,0.8130014602825804,0.7834498977301776,-0.04834343735559388,-0.05673991872390327,0.929920580571144,0.6369792148892113,53
科大讯飞,浪潮信息,软件,服务器,4.177960301163586,1.114346862619764,0.026252882619982376,2.0970349850620784,0.592154608328459,-0.05221365169890102,1.8647807494336637,1.9675117211555868,0.16084729955606614,0.17584338012366119,0.929920580571144,3.0051028617400295,53
科大讯飞,分众传媒,软件,传媒,4.177960301163586,1.080688433051896,0.01874679952126046,1.1039636815429281,1.057903904682709,0.08054844472265521,1.0219236085321155,0.9457452958478072,0.005204243964755051,-0.013262752866425198,0.929920580571144,0.9615700111244705,53
科大讯飞,紫金矿业,软件,有色,4.177960301163586,1.099903829228631,0.023053398235830302,2.127025597283138,0.5687700397668345,-0.09680653013829776,1.9567648580698915,2.1664957989228077,0.17430290844413188,0.20327268961537182,0.929920580571144,3.403071017274472,53
科大讯飞,中国神华,软件,煤炭,4.177960301163586,1.1188448879900479,0.027242861518141703,1.4374279302746382,0.8708707108135072,0.08365858974230322,1.341544966232953,1.2379775133346895,0.07285856245939892,0.052424412546286936,0.929920580571144,1.546034446098235,53
科大讯飞,陕西煤业,软件,煤炭,4.177960301163586,1.1354253377355086,0.030866140526609076,1.4409328582874152,0.8946917201291593,0.1035183857121662,1.3421278472398062,1.2162260861414202,0.07297011541462672,0.047968628324932094,0.929920580571144,1.5025315917116964,53
科大讯飞,长江电力,软件,电力,4.177960301163586,1.1123621659118066,0.025815100295286886,1.2994331781729926,0.952222560525754,0.09826494118159967,1.2140514096819892,1.1054267182341424,0.04751982107944963,0.024280605361989505,0.929920580571144,1.280932855897141,53
科大讯飞,万华化学,软件,化工,4.177960301163586,1.1040591959140094,0.023977171851167434,1.0800700745830263,1.1285811326203787,0.10359590463675228,0.9962845009275013,0.9027620497154958,-0.000890568754880805,-0.02418742016012143,0.929920580571144,0.8756035188598476,53
科大讯飞,海螺水泥,软件,建材,4.177960301163586,1.099906027911165,0.023053887723183397,0.9680113795176062,1.2497717442518068,0.09048839588839397,0.8969049822210869,0.8224800792037779,-0.025706509927652665,-0.045699489980328245,0.929920580571144,0.7150395778364116,53
科大讯飞,宝钢股份,软件,钢铁,4.177960301163586,1.0939589288275418,0.021727169207599317,1.1656669176969068,1.0266621792149693,0.09151701562527781,1.0877613182641115,0.9965591948568802,0.020338714353634213,-0.0008246409066943183,0.929920580571144,1.0631978091426164,53
科大讯飞,洛阳钼业,软件,有色,4.177960301163586,1.1264437128612435,0.02890844570249751,2.1003899775189026,0.6041142129917654,-0.06079565173989687,1.949961142667087,2.0761841086867125,0.17332432372574358,0.19107190117481498,0.929920580571144,3.222447636802281,53
科大讯飞,三一重工,软件,机械,4.177960301163586,1.0937846386133299,0.021688204722956517,1.1852022006535603,1.009418338074952,0.09029535214532491,1.101828289406087,1.0105778101668224,0.023481551650313293,0.0025216893290802567,0.929920580571144,1.0912350397625008,53
科大讯飞,汇川技术,软件,机械,4.177960301163586,1.0763108332795264,0.017757545897240545,1.0824660111867588,1.0701906552842342,0.07656307084776004,0.9642404470646727,0.895665542665664,-0.00867800408467978,-0.02602893795486927,0.929920580571144,0.861410504760184,53
科大讯飞,中航沈飞,软件,军工,4.177960301163586,1.1044749231090103,0.02406944595919791,1.2146317103647475,1.0043084215299591,0.09930460760755477,1.1316577624340003,1.029430564197176,0.030046374103547935,0.006966729657864379,0.929920580571144,1.1289405478232077,53
科大讯飞,顺丰控股,软件,交运,4.177960301163586,1.0936838171440117,0.021665662823999954,0.9258638283071892,1.2919224785675845,0.07684879017466928,0.8521851837116712,0.7913694025448487,-0.037560981747000066,-0.05446643969333087,0.929920580571144,0.6528182245185533,53
科大讯飞,京沪高铁,软件,交运,4.177960301163586,1.1040072026567032,0.02396562965606308,1.1922069645081173,1.0223324806869807,0.10109929460060352,1.1041478204039914,1.002768620249179,0.023996845009941925,0.0006619760584571921,0.929920580571144,1.0756166599272141,53
科大讯飞,中国中免,软件,免税,4.177960301163586,1.117101335185732,0.02685947962098001,0.6302155788071598,1.9801405027716648,-0.053139348589274604,0.5751665062529242,0.6074457792664475,-0.12399558263687993,-0.11247160788460386,0.929920580571144,0.284970977961751,53
科大讯飞,上海机场,软件,交运,4.177960301163586,1.0875277377753148,0.020286267615888587,0.821239898549314,1.4401596689589888,0.04445689368053163,0.7595767169659358,0.7272456350872321,-0.06370075261340147,-0.07339806105567781,0.929920580571144,0.5245706896033202,53
科大讯飞,万科A,软件,地产,4.177960301163586,1.1136068945995388,0.02608973064061848,0.7790594881387964,1.5918172290826265,0.04501092611394841,0.7222113303716639,0.6911040950139441,-0.07493739845307579,-0.08463452322874454,0.929920580571144,0.45228760945674423,53
科大讯飞,中国建筑,软件,建筑,4.177960301163586,1.0989025571105735,0.022830410068824802,1.1408290440926079,1.0585169059967676,0.09809988225967037,1.0617276941586322,0.9668771587278642,0.014439797778700525,-0.00802985254976829,0.929920580571144,1.0038337368845842,53
科大讯飞,保利发展,软件,地产,4.177960301163586,1.1131363986956175,0.025985950378175637,0.8309786238371298,1.4911005007318991,0.06583756980188071,0.7692605944783282,0.7217428023496295,-0.06085738647978067,-0.07508107479747539,0.929920580571144,0.513565024128115,53
科大讯飞,牧原股份,软件,养殖,4.177960301163586,1.1236567508832611,0.02829856761299787,1.0128181622879149,1.2466250515821666,0.11598833609221249,0.928683159902237,0.8321620664550577,-0.01755315349225295,-0.04302263637821846,0.929920580571144,0.7344035523389715,53
科大讯飞,中国移动,软件,通信,4.177960301163586,1.1036899670199873,0.02389519626485237,1.5985462895334372,0.7620245664929183,0.03446970650839054,1.4768343976953375,1.4276245968381664,0.09781655838123826,0.08894779200975456,0.929920580571144,1.9253286131051888,53
科大讯飞,中兴通讯,软件,通信,4.177960301163586,1.0611497018504645,0.014307588839490792,1.2936301043901575,0.870448736401482,0.04228325660398702,1.1934871531042797,1.1450698699631343,0.04324526863574274,0.03295525504410879,0.929920580571144,1.3602191593551247,53
恒生电子,浪潮信息,软件,服务器,4.177960301163586,1.1559393515331113,0.035293726249972845,2.550585711196632,0.5238780169421952,-0.1216624599789311,1.5994887058706768,1.8210410383146205,0.11898212467400682,0.1542711798539005,0.6369792148892113,3.0051028617400295,53
恒生电子,分众传媒,软件,传媒,4.177960301163586,1.0919842178444183,0.021285424326763724,1.3079472743878309,0.9116801230228401,0.06958200984324381,0.8548897469965377,0.7992746130068409,-0.03683077047195116,-0.05221425830580073,0.6369792148892113,0.9615700111244705,53
恒生电子,紫金矿业,软件,有色,4.177960301163586,1.1235097419805047,0.02826636534178406,2.5475014355614194,0.4954949672273374,-0.1809730482589439,1.6544550132648836,2.0200251160818414,0.12806815018604212,0.18327999691880237,0.6369792148892113,3.403071017274472,53
恒生电子,中国神华,软件,煤炭,4.177960301163586,1.1327652964703547,0.030287571632717114,1.7063798942071506,0.7519762869005057,0.030460691892561398,1.1247548837560186,1.091506830493723,0.028539012081557402,0.02117854109121242,0.6369792148892113,1.546034446098235,53
恒生电子,陕西煤业,软件,煤炭,4.177960301163586,1.147520071866899,0.0334838633121286,1.7075170408636424,0.7711796039654103,0.049947761427709514,1.1231872909705078,1.0697554033004537,0.028195721285024122,0.016270405599857263,0.6369792148892113,1.5025315917116964,53
恒生电子,长江电力,软件,电力,4.177960301163586,1.1275931808675455,0.029159652469860964,1.5444710621264535,0.8232374258850877,0.06277439025507348,1.0191539157964054,0.9589560353931761,0.004551487307664859,-0.009981077597368437,0.6369792148892113,1.280932855897141,53
恒生电子,万华化学,软件,化工,4.177960301163586,1.104855988665516,0.024154003424444292,1.2673157738093235,0.9632222536146849,0.0912821920395892,0.8253273006634536,0.7562913668745295,-0.04490981986278786,-0.06467165600277991,0.6369792148892113,0.8756035188598476,53
恒生电子,海螺水泥,软件,建材,4.177960301163586,1.1082469881659796,0.024905482134622847,1.1436181328395547,1.0739698431760334,0.10678337587760844,0.7481959618314168,0.6760093963628114,-0.06707781767319931,-0.08946011380098284,0.6369792148892113,0.7150395778364116,53
恒生电子,宝钢股份,软件,钢铁,4.177960301163586,1.0985607308159482,0.022754248305358438,1.3725150552366077,0.879287753301055,0.06407765171045199,0.9045601876119259,0.8500885120159138,-0.02372255920604771,-0.038128280913284684,0.6369792148892113,1.0631978091426164,53
恒生电子,洛阳钼业,软件,有色,4.177960301163586,1.158314315910403,0.03580245026653062,2.5324242193826425,0.5298054110263027,-0.13967231059184027,1.660185892877775,1.9297134258457462,0.12900219129917812,0.17039662711037473,0.6369792148892113,3.222447636802281,53
恒生电子,三一重工,软件,机械,4.177960301163586,1.1065881247260931,0.024538080599523893,1.405938187654527,0.8709751883385857,0.0681499948661013,0.9229960236168747,0.864107127325856,-0.018996547115430085,-0.034355273637352135,0.6369792148892113,1.0912350397625008,53
恒生电子,汇川技术,软件,机械,4.177960301163586,1.085156279859904,0.019753309231697713,1.279641857712121,0.9202294725062838,0.07301897442801475,0.8039003001358372,0.7491948598246976,-0.050904255060781445,-0.06677985182481572,0.6369792148892113,0.861410504760184,53
恒生电子,中航沈飞,软件,军工,4.177960301163586,1.0834690326929746,0.019373579843041,1.3970915013427094,0.8402492919586436,0.041106047084272124,0.9192548718127611,0.8829598813562095,-0.019949743303082745,-0.029353921826688945,0.6369792148892113,1.1289405478232077,53
恒生电子,顺丰控股,软件,交运,4.177960301163586,1.0745725343587538,0.01736387464213407,1.0666223013042235,1.082582025695756,0.0747001580457205,0.6930727559892451,0.6448987197038822,-0.08401109321029598,-0.09967034145111664,0.6369792148892113,0.6528182245185533,53
恒生电子,京沪高铁,软件,交运,4.177960301163586,1.1144499515554158,0.02627560566152143,1.41110688193773,0.8801591930558497,0.07763873098097385,0.9227798226102117,0.8562979374082127,-0.019051552195610832,-0.03645126532784426,0.6369792148892113,1.0756166599272141,53
恒生电子,中国中免,软件,免税,4.177960301163586,1.0975245375287372,0.02252326555894335,0.7259895925029224,1.659197491144227,0.014440280598210231,0.4676317061666521,0.4609750964254812,-0.16633590122886655,-0.16919178491033005,0.6369792148892113,0.284970977961751,53
恒生电子,上海机场,软件,交运,4.177960301163586,1.0820886212608969,0.019062571774491444,0.9581028252222291,1.222119122747309,0.07733593843035558,0.6256897281950756,0.5807749522462657,-0.1061631007867041,-0.12195860370116385,0.6369792148892113,0.5245706896033202,53
恒生电子,万科A,软件,地产,4.177960301163586,1.0996882430075772,0.02300539918422806,0.9020443373783257,1.340637241095938,0.08415778425231935,0.5904685533712357,0.5446334121729778,-0.11847291046415853,-0.1353581921351834,0.6369792148892113,0.45228760945674423,53
恒生电子,中国建筑,软件,建筑,4.177960301163586,1.0970815444360937,0.0224244652541159,1.3354261831509275,0.9012762594652958,0.06981739465960746,0.8776851185951909,0.8204064758868977,-0.030744987509691124,-0.04627590857444297,0.6369792148892113,1.0038337368845842,53
恒生电子,保利发展,软件,地产,4.177960301163586,1.102263297529752,0.02357825331660779,0.9648202439950135,1.2592857422334949,0.09625993625483065,0.6306477770617485,0.5752721195086632,-0.10447288951987432,-0.12395708478448608,0.6369792148892113,0.513565024128115,53
恒生电子,牧原股份,软件,养殖,4.177960301163586,1.1151430096177712,0.026428329226957592,1.1785498967609072,1.0551474615687477,0.11246536592231715,0.7628079159820301,0.6856913836140914,-0.06274896296781507,-0.08635559623210243,0.6369792148892113,0.7344035523389715,53
恒生电子,中国移动,软件,通信,4.177960301163586,1.1241144437276585,0.028398804624763407,1.9090101729120252,0.6619311413461894,-0.028050127198980923,1.2452173837481062,1.2811539139972,0.05389428929685103,0.06109558364845924,0.6369792148892113,1.9253286131051888,53
恒生电子,中兴通讯,软件,通信,4.177960301163586,1.0963793338913799,0.02226778974639232,1.5671619926763722,0.7670219475724201,0.02221571515425813,1.0207837822165478,0.998599187122168,0.004935774706761986,-0.00033546508166948374,0.6369792148892113,1.3602191593551247,53
浪潮信息,分众传媒,服务器,传媒,4.177960301163586,1.209742493508016,0.046628742575116844,0.6566923207467041,2.2285579629360046,0.03773177408449646,2.058171238785262,1.9833364364322499,0.1885903187305198,0.17810010948351462,3.0051028617400295,0.9615700111244705,53
浪潮信息,紫金矿业,服务器,有色,4.177960301163586,1.212286018320896,0.047155031703441486,1.2457698544343105,1.179702161667475,0.210684500216739,3.879138395008317,3.204086939507251,0.38329408815130783,0.3214202318259658,3.0051028617400295,3.403071017274472,53
浪潮信息,中国神华,服务器,煤炭,4.177960301163586,1.2537266760440244,0.05561360383624647,0.8559211986961952,1.8364197318850508,0.1889993732544557,2.7056497033073335,2.275568653919132,0.26900910497311914,0.21750267026037085,3.0051028617400295,1.546034446098235,53
浪潮信息,陕西煤业,服务器,煤炭,4.177960301163586,1.2862370699302814,0.0621017458681703,0.8674029685114957,1.9073093592265125,0.21403538083493068,2.73621385518046,2.2538172267258627,0.2724256225266468,0.21470698496302565,3.0051028617400295,1.5025315917116964,53
浪潮信息,长江电力,服务器,电力,4.177960301163586,1.2356984577195944,0.0519603536861557,0.7670699431103548,1.9906277023696508,0.1327447620283697,2.4274922545100046,2.143017858818585,0.23648260673288402,0.2001386853535878,3.0051028617400295,1.280932855897141,53
浪潮信息,万华化学,服务器,化工,4.177960301163586,1.2072545795461262,0.04611314515510023,0.6275858659385276,2.322333403183834,0.009971638438447394,1.9597016907564972,1.9403531902999385,0.17472451624563434,0.17193796987634147,3.0051028617400295,0.8756035188598476,53
浪潮信息,海螺水泥,服务器,建材,4.177960301163586,1.2124403860578137,0.04718694539802315,0.5670221096641901,2.5925121167049583,-0.043663356532314124,1.778854266943111,1.8600712197882205,0.14781371296923362,0.16014490989716812,3.0051028617400295,0.7150395778364116,53
浪潮信息,宝钢股份,服务器,钢铁,4.177960301163586,1.2053453305370507,0.04571692237198466,0.6824952958995563,2.1287434134363483,0.060453552782312014,2.157121950112083,2.034150335441323,0.20202451388927156,0.1852551913396916,3.0051028617400295,1.0631978091426164,53
浪潮信息,洛阳钼业,服务器,有色,4.177960301163586,1.2501991379156103,0.054901940198737176,1.2387519631612929,1.261752094790766,0.2506533872979395,3.8942535627854564,3.1137752492711552,0.3845822941062038,0.3124081551999325,3.0051028617400295,3.222447636802281,53
浪潮信息,三一重工,服务器,机械,4.177960301163586,1.1757581018504224,0.03951484579862252,0.6770072636234548,2.0419383784274885,0.040615123900294314,2.1313555864547635,2.0481689507512653,0.19857220363718775,0.18720519047430795,3.0051028617400295,1.0912350397625008,53
浪潮信息,汇川技术,服务器,机械,4.177960301163586,1.1766690333188061,0.03970755665532222,0.628847878380221,2.2017248711051094,-0.020734927677627524,1.8931707457406257,1.9332566832501068,0.16505310093646286,0.1709106418525561,3.0051028617400295,0.861410504760184,53
浪潮信息,中航沈飞,服务器,军工,4.177960301163586,1.2157040630673601,0.0478609495104636,0.7104464397916185,2.080292455814097,0.0845292827981563,2.241745567015031,2.0670217047816184,0.21314656291814327,0.18981167805292598,3.0051028617400295,1.1289405478232077,53
浪潮信息,顺丰控股,服务器,交运,4.177960301163586,1.2257977033282792,0.04993678252399314,0.551428049270393,2.7248886078119923,-0.06068095214617597,1.7179774759344189,1.8289605431292915,0.1382868612426542,0.15547069229165733,3.0051028617400295,0.6528182245185533,53
浪潮信息,京沪高铁,服务器,交运,4.177960301163586,1.218356852286813,0.04840778174904625,0.6991477698953071,2.1231468988830633,0.07449265177909825,2.192351570001485,2.040359760833622,0.20669435415263826,0.1861201838134363,3.0051028617400295,1.0756166599272141,53
浪潮信息,中国中免,服务器,免税,4.177960301163586,1.2720342437503331,0.05928279525013003,0.38133800079223423,4.243141553980773,-0.28417043796424823,1.1775660578695049,1.6450369198508903,0.03989721458985862,0.12652779297179673,3.0051028617400295,0.284970977961751,53
浪潮信息,上海机场,服务器,交运,4.177960301163586,1.2088483043793123,0.046443522983591334,0.48508318729986566,3.012502311479603,-0.13929850874026883,1.5189976446506261,1.7648367756716747,0.10523827929694729,0.14564229871366052,3.0051028617400295,0.5245706896033202,53
浪潮信息,万科A,服务器,地产,4.177960301163586,1.2338823479446919,0.05159009304288542,0.4586983522805722,3.319099885578526,-0.1671107131519719,1.4398117419551244,1.728695235598387,0.0911656076315368,0.1399825496777829,3.0051028617400295,0.45228760945674423,53
浪潮信息,中国建筑,服务器,建筑,4.177960301163586,1.195327609877103,0.04363010440649817,0.6594214273390496,2.166760186577723,0.03685755340715735,2.0783480967071637,2.0044682993123066,0.1913689245117649,0.18109242102009526,3.0051028617400295,1.0038337368845842,53
浪潮信息,保利发展,服务器,地产,4.177960301163586,1.2377071212156487,0.05236938958538628,0.49099161617117926,3.120051071042811,-0.12528561539190364,1.5389147072137126,1.7593339429340722,0.10868975829647654,0.14478628218203315,3.0051028617400295,0.513565024128115,53
浪潮信息,牧原股份,服务器,养殖,4.177960301163586,1.209295312076245,0.046536127807915495,0.5792218059981669,2.5247584546466664,-0.038693269479777914,1.797406342338842,1.8697532070395004,0.15066764542752442,0.16158743998684222,3.0051028617400295,0.7344035523389715,53
浪潮信息,中国移动,服务器,通信,4.177960301163586,1.2267285552775085,0.05012756358465187,0.9441506915974984,1.5938800466131338,0.1978693619346119,2.9530064024175844,2.465215737422609,0.2958608427769378,0.2410548203652214,3.0051028617400295,1.9253286131051888,53
浪潮信息,中兴通讯,服务器,通信,4.177960301163586,1.1056405911870761,0.02432803486724655,0.7162459025096466,1.706733836238656,0.024878497781568365,2.2369623376564007,2.182661010547577,0.21252649883100827,0.2054155530643813,3.0051028617400295,1.3602191593551247,53
分众传媒,紫金矿业,传媒,有色,4.177960301163586,1.041471996972462,0.009773512219022562,1.9715659838848714,0.5501534969377653,-0.1366964382589534,1.884005072768956,2.1823205141994713,0.1637005388851358,0.20537054146776912,0.9615700111244705,3.403071017274472,53
分众传媒,中国神华,传媒,煤炭,4.177960301163586,1.023789336833021,0.005643197583103499,1.2875749423261897,0.8140455143677874,-0.004374134712743061,1.2483179287602693,1.2538022286113528,0.05452179075511854,0.05562882952949555,0.9615700111244705,1.546034446098235,53
分众传媒,陕西煤业,传媒,煤炭,4.177960301163586,1.0356813998968377,0.008426858887668365,1.2866400239957634,0.8336721554496002,0.01043447640894457,1.2449066064401018,1.2320508014180835,0.0538313273577371,0.051216265148602114,0.9615700111244705,1.5025315917116964,53
分众传媒,长江电力,传媒,电力,4.177960301163586,1.0223698141437603,0.00530927907426304,1.1691264273343929,0.8940350781869616,0.0119923818542087,1.1346979088560463,1.1212514335108057,0.03070802454410071,0.027771280063714432,0.9615700111244705,1.280932855897141,53
分众传媒,万华化学,传媒,化工,4.177960301163586,1.0237993196868205,0.005645544631849964,0.9804379821964864,1.0690783772401193,0.022684313610805473,0.9394242752479764,0.9185867649921591,-0.01484530171004994,-0.020120278522299917,0.9615700111244705,0.8756035188598476,53
分众传媒,海螺水泥,传媒,建材,4.177960301163586,1.0142684003668636,0.003396780298456914,0.873823042498409,1.177286862385103,0.003244133185889897,0.8410243668841056,0.838304794480441,-0.04059309527672128,-0.04133656857204837,0.9615700111244705,0.7150395778364116,53
分众传媒,宝钢股份,传媒,钢铁,4.177960301163586,1.0140229995358325,0.003338667539405371,1.0577108913343507,0.9721396007282027,0.012777735153529202,1.025319883610924,1.0123839101335435,0.006002838281833345,0.002950244271393343,0.9615700111244705,1.0631978091426164,53
分众传媒,洛阳钼业,传媒,有色,4.177960301163586,1.0769359330306738,0.017898993544962494,1.96573978153512,0.5900023058733256,-0.09382601152586945,1.8957239799339674,2.0920088239633756,0.16542898995329014,0.19323855013330826,0.9615700111244705,3.222447636802281,53
分众传媒,三一重工,传媒,机械,4.177960301163586,1.0269346484025483,0.00638182572642898,1.089304138201648,0.9681362028337791,0.024893396074934016,1.0519531700416629,1.0264025254434856,0.012196584066017424,0.006256985866928577,0.9615700111244705,1.0912350397625008,53
分众传媒,汇川技术,传媒,机械,4.177960301163586,1.0393936187644959,0.009290824186835467,1.0232984593735364,1.055741934166243,0.03862893040920623,0.9467001516850507,0.9114902579423272,-0.01302439245104281,-0.021937521001943017,0.9615700111244705,0.861410504760184,53
分众传媒,中航沈飞,传媒,军工,4.177960301163586,1.044795189383481,0.010543779016952692,1.1247749526653534,0.9705025749125472,0.041463083271154666,1.088594786166277,1.0452552794738392,0.02052578635990976,0.01065027416348796,0.9615700111244705,1.1289405478232077,53
分众传媒,顺丰控股,传媒,交运,4.177960301163586,1.0234868174562333,0.005572064600501525,0.8481707701641341,1.235040515843262,0.00461121919503138,0.8109162668317269,0.8071941178215118,-0.04892822075121339,-0.04997493049110224,0.9615700111244705,0.6528182245185533,53
分众传媒,京沪高铁,传媒,交运,4.177960301163586,1.0232192614163411,0.00550913940403297,1.0816684727764188,0.9679284210309174,0.021614724979567512,1.0406099503392536,1.0185933355258423,0.009573397243621606,0.004419206512884077,0.9615700111244705,1.0756166599272141,53
分众传媒,中国中免,传媒,免税,4.177960301163586,1.0408116665566445,0.009620234820089557,0.5747969200542346,1.8846463636899908,-0.12575919466353158,0.5448884990918281,0.6232704945431108,-0.13526127992850545,-0.10699152423564484,0.9615700111244705,0.284970977961751,53
分众传媒,上海机场,传媒,交运,4.177960301163586,1.030175151594559,0.007141010640582257,0.7615290680954854,1.3935920340073018,-0.015368431758526091,0.7316505243925437,0.7430703503638953,-0.0720578144253603,-0.06861153759200533,0.9615700111244705,0.5245706896033202,53
分众传媒,万科A,传媒,地产,4.177960301163586,1.0202159159607889,0.004801937086659658,0.698677120334407,1.489730355964047,-0.04826799515121516,0.6728067739032461,0.7069288102906074,-0.09049447367799546,-0.07966088166343643,0.9615700111244705,0.45228760945674423,53
分众传媒,中国建筑,传媒,建筑,4.177960301163586,1.0196485804325546,0.004668167953390867,1.036233483039636,1.0033291189630047,0.019427515927628924,1.001793330313861,0.9827018740045274,0.000428943392092096,-0.004167846666844777,0.9615700111244705,1.0038337368845842,53
分众传媒,保利发展,传媒,地产,4.177960301163586,1.0266521618071898,0.006315558475592731,0.7502577857785656,1.4048700077795164,-0.021840406215828723,0.7214587434297342,0.7375675176262928,-0.0751682173635616,-0.07026711589537882,0.9615700111244705,0.513565024128115,53
分众传媒,牧原股份,传媒,养殖,4.177960301163586,1.0349238824961056,0.008250268370833425,0.9131706435627394,1.1729105070461292,0.025645202444831705,0.8697335744197724,0.847986781731721,-0.03285404445850282,-0.038698017947391916,0.9615700111244705,0.7344035523389715,53
分众传媒,中国移动,传媒,通信,4.177960301163586,1.031357407520105,0.0074175372512008675,1.4622883879622053,0.7274201934468788,-0.027809445708296354,1.4033077868368946,1.4434493121148297,0.08447922857417645,0.09182480452080477,0.9615700111244705,1.9253286131051888,53
分众传媒,中兴通讯,传媒,通信,4.177960301163586,1.0597049486530683,0.013976878801143178,1.2646319118093239,0.8879853241985242,0.04397367492551951,1.2119433863539282,1.1608945852397976,0.04708418557102867,0.036354252718414415,0.9615700111244705,1.3602191593551247,53
紫金矿业,中国神华,有色,煤炭,4.177960301163586,1.0612390319193712,0.01432802561969826,0.705036189277549,1.5974049275728828,-0.016199735429212603,2.434465632127399,2.4745527316863534,0.23733185581591854,0.24217827143973514,3.403071017274472,1.546034446098235,53
紫金矿业,陕西煤业,有色,煤炭,4.177960301163586,1.0705680295479003,0.016455130692553555,0.7025567825561321,1.6313498557655772,-0.012964215393475698,2.4210026600642376,2.452801304493084,0.23569060625308547,0.23955606047466116,3.403071017274472,1.5025315917116964,53
紫金矿业,长江电力,有色,电力,4.177960301163586,1.0649293769626498,0.015171155140296433,0.6432955504682609,1.7629137603898457,-0.050522860023741956,2.2236773005683492,2.3420019365858065,0.21079901381935673,0.22591728481295625,3.403071017274472,1.280932855897141,53
紫金矿业,万华化学,有色,化工,4.177960301163586,1.0482412082554717,0.011340549501547503,0.5302770115757711,2.072142685234777,-0.15418998911253456,1.809472877995845,2.13933726806716,0.1525118793672824,0.1996450085281094,3.403071017274472,0.8756035188598476,53
紫金矿业,海螺水泥,有色,建材,4.177960301163586,1.054871867972316,0.012868067843809117,0.48007223431028,2.3178900555207034,-0.2008220863573874,1.6455515167751267,2.0590552975554415,0.12661212984121417,0.18871249773321108,3.403071017274472,0.7150395778364116,53
紫金矿业,宝钢股份,有色,钢铁,4.177960301163586,1.0489726745652035,0.011509418911006764,0.5779890709544117,1.9037447717956333,-0.1064140379100682,1.995497563103092,2.233134413208544,0.1798250931296912,0.21202954681921993,3.403071017274472,1.0631978091426164,53
紫金矿业,洛阳钼业,有色,有色,4.177960301163586,1.0229324374782618,0.00544166878317931,0.9863235210859006,1.0609001501791073,0.02259529009438621,3.387612085045692,3.3127593270383766,0.33915457861206755,0.33201187539238686,3.403071017274472,3.222447636802281,53
紫金矿业,三一重工,有色,机械,4.177960301163586,1.043542751431844,0.010253701564766127,0.5847266295342696,1.8623770819764256,-0.10505485740067244,2.0110786875499875,2.247153028518486,0.1820235360747242,0.21384633729540647,3.403071017274472,1.0912350397625008,53
紫金矿业,汇川技术,有色,机械,4.177960301163586,1.0637256302384221,0.014896380873026471,0.5532076515691864,2.045366171665499,-0.14538149289377122,1.8222524159716778,2.1322407610173277,0.15445491554341384,0.198691329022761,3.403071017274472,0.861410504760184,53
紫金矿业,中航沈飞,有色,军工,4.177960301163586,1.0731139581423128,0.017033178054274067,0.6102623776833582,1.887013863662048,-0.0716941881128702,2.1035463377099317,2.2660057825488398,0.1948103698720549,0.21627608068731896,3.403071017274472,1.1289405478232077,53
紫金矿业,顺丰控股,有色,交运,4.177960301163586,1.0631468435856835,0.014764179437621427,0.46540450529388305,2.4285996335864377,-0.21860817808283417,1.584619342069442,2.0279446208965126,0.11648344121108978,0.18438870679738306,3.403071017274472,0.6528182245185533,53
紫金矿业,京沪高铁,有色,交运,4.177960301163586,1.0654458318651625,0.01528897173588395,0.5949673314783811,1.9079615981908684,-0.08969955992957968,2.0384756817473315,2.239343838600843,0.18585793752919955,0.2128353457294947,3.403071017274472,1.0756166599272141,53
紫金矿业,中国中免,有色,免税,4.177960301163586,1.07570721069704,0.01762089878970441,0.3138142359916698,3.687359814920323,-0.4255155807328648,1.0593613319330442,1.8440209976181114,0.01389817301992946,0.1577409370664442,3.403071017274472,0.284970977961751,53
紫金矿业,上海机场,有色,交运,4.177960301163586,1.069925103686326,0.016308990475991436,0.4177967652924495,2.739943969400768,-0.2720602911476979,1.4295431802903895,1.9638208534388961,0.08929788834511365,0.17531504875027126,3.403071017274472,0.5245706896033202,53
紫金矿业,万科A,有色,地产,4.177960301163586,1.0727868895147425,0.01695897629455656,0.3880915305813186,2.9654646381765573,-0.3095464755357137,1.3309729759501796,1.927679313365608,0.0708288458329529,0.17010121718691185,3.403071017274472,0.45228760945674423,53
紫金矿业,中国建筑,有色,建筑,4.177960301163586,1.0529732492968449,0.012431427250478189,0.5652762265727821,1.9614351561483865,-0.11669751378591953,1.9463149629286727,2.203452377079528,0.17279882101254618,0.20815398375385397,3.403071017274472,1.0038337368845842,53
紫金矿业,保利发展,有色,地产,4.177960301163586,1.0758411297749055,0.01765122020835852,0.41530925486889986,2.786921126717272,-0.27371548592571227,1.4222960520679597,1.9583180207012933,0.08797357712300924,0.1745259383275406,3.403071017274472,0.513565024128115,53
紫金矿业,牧原股份,有色,养殖,4.177960301163586,1.0719271642677413,0.016763849118738294,0.49962606812891064,2.299775609783867,-0.18084659801335246,1.6946131846660464,2.068737284806722,0.13456224865521293,0.19004796667940815,3.403071017274472,0.7344035523389715,53
紫金矿业,中国移动,有色,通信,4.177960301163586,1.0611533328301603,0.014308419554322827,0.7947641377989878,1.4168309089725903,0.019537622688137857,2.7162519459448156,2.6641998151898303,0.2701975534672483,0.26432854141796125,3.403071017274472,1.9253286131051888,53
紫金矿业,中兴通讯,有色,通信,4.177960301163586,1.0773651150910437,0.017996072759524306,0.6791697962497413,1.709021216232538,-0.026742801806404315,2.3179532257447995,2.3816450883147984,0.22289243074104714,0.23085243634022223,3.403071017274472,1.3602191593551247,53
中国神华,陕西煤业,煤炭,煤炭,4.177960301163586,1.007430708911875,0.0017735449151949911,0.9951399263453722,1.0198732925790046,0.00733013763635193,1.535456223230293,1.5242830189049656,0.10809287630207809,0.1061575349814381,1.546034446098235,1.5025315917116964,53
中国神华,长江电力,煤炭,电力,4.177960301163586,1.0087712290009352,0.0020924369875572335,0.9172426327937695,1.1094331598614826,0.004326470141112315,1.41959904580868,1.413483650997688,0.08747942640468187,0.08635630087878177,1.546034446098235,1.280932855897141,53
中国神华,万华化学,煤炭,化工,4.177960301163586,1.0346986859932492,0.00819775218041685,0.7878749164505693,1.3588468784096965,-0.0056759502371450665,1.2039464341882995,1.2108189824790412,0.04542630895691424,0.046851585099633386,1.546034446098235,0.8756035188598476,53
中国神华,海螺水泥,煤炭,建材,4.177960301163586,1.014589098409611,0.00347270788394316,0.6950225168731697,1.481090200131566,-0.05639229819341762,1.0667834316697666,1.1305370119673233,0.015593910700219427,0.029802115463144707,1.546034446098235,0.7150395778364116,53
中国神华,宝钢股份,煤炭,钢铁,4.177960301163586,1.011314577790811,0.0026965812944426126,0.8387712266965569,1.2193517644617657,-0.00615158799671045,1.296590666709441,1.3046161276204256,0.0641418235413358,0.0657146558929933,1.546034446098235,1.0631978091426164,53
中国神华,洛阳钼业,煤炭,有色,4.177960301163586,1.0984656651831493,0.02273306368186545,1.5942658054503913,0.7568542293644553,0.02835931624165422,2.4518564871410766,2.3842410414502577,0.23944175922188382,0.23117341896728005,1.546034446098235,3.222447636802281,53
中国神华,三一重工,煤炭,机械,4.177960301163586,1.038682006548989,0.009125388774129384,0.8760462609715269,1.2315106619280451,0.02312838958658614,1.349132640987269,1.3186347429303678,0.07430783318575429,0.06844446122132863,1.546034446098235,1.0912350397625008,53
中国神华,汇川技术,煤炭,机械,4.177960301163586,1.0626082683799754,0.014641113571553621,0.8318280300480878,1.3574155850028455,0.01988908658348798,1.2276634159655115,1.2037224754292095,0.050319055452583195,0.04537975884475243,1.546034446098235,0.861410504760184,53
中国神华,中航沈飞,煤炭,军工,4.177960301163586,1.0440639563560143,0.010374450115064215,0.8937162633869077,1.219704272618636,0.03129552396397739,1.3793448689733758,1.3374874969607213,0.08001770197777969,0.07208101245253129,1.546034446098235,1.1289405478232077,53
中国神华,顺丰控股,煤炭,交运,4.177960301163586,1.0308165236910753,0.0072910558570187245,0.6792357024801381,1.5643799370891063,-0.05797348147206627,1.0356887630284912,1.0994263353083942,0.00842857487987092,0.022947077287116535,1.546034446098235,0.6528182245185533,53
中国神华,京沪高铁,煤炭,交运,4.177960301163586,1.014785486987356,0.0035191952907136503,0.85297793695695,1.2072874806985059,-0.0016551806445009865,1.3086558999290605,1.3108255530127244,0.06650358856225314,0.06692653870751797,1.546034446098235,1.0756166599272141,53
中国神华,中国中免,煤炭,免税,4.177960301163586,1.0597552635929717,0.013988401863092248,0.46535667603688774,2.413377257800391,-0.2314605354360052,0.7035999641104159,0.915502712029993,-0.0807000379173044,-0.020908712612751845,1.546034446098235,0.284970977961751,53
中国神华,上海机场,煤炭,交运,4.177960301163586,1.0326268173593145,0.007714180636037016,0.6069555685435594,1.7568306465798587,-0.10173308858236718,0.9299780400060623,1.0353025678507777,-0.01722545339879611,0.008338558816421315,1.546034446098235,0.5245706896033202,53
中国神华,万科A,煤炭,地产,4.177960301163586,1.026672459623578,0.006320320510847965,0.5590548571431775,1.8854255997986553,-0.140742755167914,0.8585363518716811,0.9991610277774896,-0.03584899196283087,-0.00020087315208627832,1.546034446098235,0.45228760945674423,53
中国神华,中国建筑,煤炭,建筑,4.177960301163586,1.015481741003993,0.0036839514067628087,0.8205731586043582,1.2566864459305307,-0.007737483552236135,1.2650693099283097,1.2749340914914096,0.0578916510044476,0.0598602896791649,1.546034446098235,1.0038337368845842,53
中国神华,保利发展,煤炭,地产,4.177960301163586,1.0289210483694111,0.006847415164369597,0.5978707714217113,1.7707480853431177,-0.10967005157278675,0.9168615450536709,1.029799735113175,-0.020561080152819433,0.00705315119925487,1.546034446098235,0.513565024128115,53
中国神华,牧原股份,煤炭,养殖,4.177960301163586,1.0398553528051229,0.009398121908589685,0.7295491398388815,1.48214711759686,-0.028080478362814576,1.108201104282175,1.1402189992186031,0.024895325497006127,0.03190618178334703,1.546034446098235,0.7344035523389715,53
中国神华,中国移动,煤炭,通信,4.177960301163586,1.014061627519252,0.003347815645224461,1.1432106823602624,0.8995026028657571,0.008042412521221953,1.7496405964682344,1.7356815296017118,0.1432734261379669,0.14108357133355787,1.546034446098235,1.9253286131051888,53
中国神华,中兴通讯,煤炭,通信,4.177960301163586,1.0819381232762035,0.019028646187565057,1.026643551836482,1.1402108360827443,0.07979665437985006,1.5690814599739573,1.45312680272668,0.1138532896601121,0.09357241811641703,1.546034446098235,1.3602191593551247,53
陕西煤业,长江电力,煤炭,电力,4.177960301163586,1.0209838151474528,0.00498290600145479,0.9398129749382635,1.109165311174305,0.017747856374970894,1.4164324874249186,1.3917322238044187,0.08689833118547874,0.08233133345741317,1.5025315917116964,1.280932855897141,53
陕西煤业,万华化学,煤炭,化工,4.177960301163586,1.0437383400529117,0.010299019334129689,0.8045740986671599,1.3539955167598199,0.006865097559683786,1.1972306200578635,1.189067555285772,0.04402754630985206,0.042319292769176675,1.5025315917116964,0.8756035188598476,53
陕西煤业,海螺水泥,煤炭,建材,4.177960301163586,1.027154070848213,0.0064332894767620274,0.7123202798057741,1.481139194222761,-0.03977969355860067,1.0646784339895483,1.108785584774054,0.01511389292872889,0.025024679403488737,1.5025315917116964,0.7150395778364116,53
陕西煤业,宝钢股份,煤炭,钢铁,4.177960301163586,1.0233365384373896,0.005536722753511247,0.8592247362009351,1.2187936715268408,0.008224433576252244,1.293415535943138,1.2828647004271563,0.0635175156820671,0.06143455597222158,1.5025315917116964,1.0631978091426164,53
陕西煤业,洛阳钼业,煤炭,有色,4.177960301163586,1.098977507898167,0.022847107323611615,1.6147083184567437,0.7479688740443062,0.023589852260100574,2.418220395223333,2.3624896142569884,0.2353505595694454,0.22847564926004682,1.5025315917116964,3.222447636802281,53
陕西煤业,三一重工,煤炭,机械,4.177960301163586,1.0531297241524789,0.01246743566392472,0.8992021504276929,1.2334069879236353,0.03980694683006858,1.3485082809314481,1.2968833157370985,0.07418881280148892,0.0641993068980431,1.5025315917116964,1.0912350397625008,53
陕西煤业,汇川技术,煤炭,机械,4.177960301163586,1.0812335783894114,0.018869778375852686,0.8568620691339099,1.364357337253156,0.041791199050609906,1.2313670355848265,1.1819710482359402,0.051076596724987766,0.0408269702550097,1.5025315917116964,0.861410504760184,53
陕西煤业,中航沈飞,煤炭,军工,4.177960301163586,1.0648319437376668,0.015148923252441548,0.9227512941442145,1.2287894642897443,0.05404620480208333,1.386846610859592,1.315736069767452,0.08142070768406162,0.06788182746543092,1.5025315917116964,1.1289405478232077,53
陕西煤业,顺丰控股,煤炭,交运,4.177960301163586,1.0416452730984809,0.0098137212233389,0.694848325718133,1.5615276525952972,-0.0426494785183722,1.0317126352716801,1.077674908115125,0.007500576996869901,0.01806612838728583,1.5025315917116964,0.6528182245185533,53
陕西煤业,京沪高铁,煤炭,交运,4.177960301163586,1.0292888876818358,0.006933557451846983,0.8758543040723069,1.2096025667504722,0.015095789246867497,1.3085337171464155,1.2890741258194551,0.06647975450499866,0.06266199949870765,1.5025315917116964,1.0756166599272141,53
陕西煤业,中国中免,煤炭,免税,4.177960301163586,1.0700750211422287,0.01634307342320329,0.4756917580687419,2.407148182515009,-0.21638755107288798,0.7003546330426579,0.8937512848367237,-0.08171672986418865,-0.026527580837398368,1.5025315917116964,0.284970977961751,53
陕西煤业,上海机场,煤炭,交运,4.177960301163586,1.0445581304776386,0.010488894048944486,0.6215515424533448,1.7554484438092122,-0.08502020532375687,0.927378814572679,1.0135511406575084,-0.017883600548441736,0.003226897747891311,1.5025315917116964,0.5245706896033202,53
陕西煤业,万科A,煤炭,地产,4.177960301163586,1.039743155568562,0.009372052856833957,0.5731649397405764,1.8861339111931348,-0.12305269663510154,0.8571367135152945,0.9774096005842203,-0.036225442001991515,-0.005454121457083683,1.5025315917116964,0.45228760945674423,53
陕西煤业,中国建筑,煤炭,建筑,4.177960301163586,1.0286822647639964,0.00679148319131917,0.8415064987446461,1.2574914197556184,0.008114172806253706,1.2633512049940567,1.2531826642981403,0.057547589020193524,0.05550395153187315,1.5025315917116964,1.0038337368845842,53
陕西煤业,保利发展,煤炭,地产,4.177960301163586,1.0427509790357357,0.010070182320391474,0.6133903099993712,1.7726553330800092,-0.09130738907330471,0.9160060488639763,1.0080483079199056,-0.020779897397429248,0.001920503655532757,1.5025315917116964,0.513565024128115,53
陕西煤业,牧原股份,煤炭,养殖,4.177960301163586,1.0522557849213685,0.012266270288082692,0.747367096984123,1.4815239276234922,-0.011603391798514107,1.105489554573191,1.1184675720253339,0.024294540977926493,0.027159933777734624,1.5025315917116964,0.7344035523389715,53
陕西煤业,中国移动,煤炭,通信,4.177960301163586,1.0244990018720583,0.005810002158061822,1.1692422456946794,0.8976738641642632,0.01671024493209039,1.7425702942161705,1.7139301024084426,0.14216592681526974,0.13764442101274654,1.5025315917116964,1.9253286131051888,53
陕西煤业,中兴通讯,煤炭,通信,4.177960301163586,1.0978442072979937,0.022594542346017432,1.0546030149028216,1.1428583898072977,0.09653703651347034,1.569556112425762,1.4313753755334107,0.11393392844244143,0.08963188739956607,1.5025315917116964,1.3602191593551247,53
长江电力,万华化学,电力,化工,4.177960301163586,1.0371836545042825,0.008776770228262842,0.8685753409403327,1.238522304819563,0.018782342851289435,1.0985205901594757,1.0782681873784943,0.02274530344801473,0.01820024796165165,1.280932855897141,0.8756035188598476,53
长江电力,海螺水泥,电力,建材,4.177960301163586,1.011858962192322,0.002825743584908169,0.7623196612197164,1.3430829761503758,-0.029626986683573664,0.9684188925092742,0.9979862168667762,-0.00765148910429192,-0.0004823710976926687,1.280932855897141,0.7150395778364116,53
长江电力,宝钢股份,电力,钢铁,4.177960301163586,1.0094940558817291,0.0022642542374518015,0.9208088349363514,1.106720754836138,0.005130561911241616,1.178078686272392,1.1720653325198787,0.04000555029139741,0.03873246172333156,1.280932855897141,1.0631978091426164,53
长江电力,洛阳钼业,电力,有色,4.177960301163586,1.1066588503790131,0.024553753313208304,1.7664301191788303,0.6933157433318273,-0.001449674694393388,2.2484260279799653,2.251690246349711,0.21401088863656748,0.21443250670761693,1.280932855897141,3.222447636802281,53
长江电力,三一重工,电力,机械,4.177960301163586,1.040993850363591,0.009662531126982454,0.9656084355929188,1.122264632898948,0.037672783149882205,1.2307670311939698,1.1860839478298209,0.05095398910519733,0.04169269840182088,1.280932855897141,1.0912350397625008,53
长江电力,汇川技术,电力,机械,4.177960301163586,1.066054341499626,0.015427732642858905,0.9178002210849049,1.2382562489327043,0.046651736566120316,1.1211436993764436,1.0711716803286624,0.027747642737174116,0.016592282737271313,1.280932855897141,0.861410504760184,53
长江电力,中航沈飞,电力,军工,4.177960301163586,1.0392443189660272,0.009256122153853852,0.9783599634406275,1.103917571100306,0.0371792666272015,1.2497353647675347,1.2049367018601744,0.05480826266072669,0.04563205843372775,1.280932855897141,1.1289405478232077,53
长江电力,顺丰控股,电力,交运,4.177960301163586,1.0284447326741084,0.006735834570558374,0.7452955828088638,1.4191665596337937,-0.027211199940616826,0.9405656965655594,0.966875540207847,-0.014558934206924445,-0.008030249998709493,1.280932855897141,0.6528182245185533,53
长江电力,京沪高铁,电力,交运,4.177960301163586,1.0097433499479538,0.0023234901826285626,0.9334326915819194,1.0922926119463388,0.005942255158352783,1.1852763671703381,1.1782747579121775,0.041522890347610364,0.04004697737318019,1.280932855897141,1.0756166599272141,53
长江电力,中国中免,电力,免税,4.177960301163586,1.053310434334999,0.012509016112277171,0.5086806386894666,2.181059758707027,-0.18697148052160195,0.6365622378439212,0.782951916929446,-0.1024698044516893,-0.056883458918944085,1.280932855897141,0.284970977961751,53
长江电力,上海机场,电力,交运,4.177960301163586,1.0259055690120045,0.006140351861446014,0.6631768279616752,1.5870310785205348,-0.0684067169633018,0.8409974877435866,0.9027517727502306,-0.040600434508590744,-0.024190079020783295,1.280932855897141,0.5245706896033202,53
长江电力,万科A,电力,地产,4.177960301163586,1.0233856548730673,0.005548274138579279,0.6128727231887364,1.7088673699668822,-0.10112511570277227,0.7789741726282804,0.8666102326769426,-0.05803252147019733,-0.033686488382310364,1.280932855897141,0.45228760945674423,53
长江电力,中国建筑,电力,建筑,4.177960301163586,1.01293701501601,0.003081369759116326,0.9001939390358601,1.139800382891348,0.005467288478631316,1.1486290354254014,1.1423832963908627,0.03372282969698004,0.03237466198113226,1.280932855897141,1.0038337368845842,53
长江电力,保利发展,电力,地产,4.177960301163586,1.0258734897770845,0.006132821496267038,0.6555827728759982,1.6053143257723699,-0.07261478405196398,0.8320954019927574,0.897248940012628,-0.04304098641985998,-0.025617092767268757,1.280932855897141,0.513565024128115,53
长江电力,牧原股份,电力,养殖,4.177960301163586,1.0374565989465965,0.008840304183606262,0.8004975563734491,1.3445590009967685,-0.0012424131973151065,1.0064162638427452,1.0076682041180562,0.001532007180265138,0.001830065412911086,1.280932855897141,0.7344035523389715,53
长江电力,中国移动,电力,通信,4.177960301163586,1.0138985915013363,0.0033092026965209076,1.257085739023553,0.8177567543220159,-0.006727013925606595,1.5923464517256076,1.603130734501165,0.11778413845088087,0.11959144442954761,1.280932855897141,1.9253286131051888,53
长江电力,中兴通讯,电力,通信,4.177960301163586,1.0702615311181984,0.016385470418157855,1.1169034453046396,1.025567384366911,0.0698644792360168,1.4128373626905109,1.3205760076261328,0.08623739070237257,0.06882073578731696,1.280932855897141,1.3602191593551247,53
万华化学,海螺水泥,化工,建材,4.177960301163586,1.0219681675328365,0.005214734552316136,0.9193961381792797,1.1359836006258763,0.01675839878578156,0.8086498640182727,0.7953215483481295,-0.049565122179841326,-0.053338351407353435,0.8756035188598476,0.7150395778364116,53
万华化学,宝钢股份,化工,钢铁,4.177960301163586,1.0223347208747315,0.005301019515272509,1.1135429960210237,0.9385971491362894,0.01760637866885495,0.9864682991734771,0.969400664001232,-0.0032556314900603622,-0.007410787106821526,0.8756035188598476,1.0631978091426164,53
万华化学,洛阳钼业,化工,有色,4.177960301163586,1.0684807203363564,0.01598043125905102,2.03656163490008,0.5605777061525132,-0.12405855808583766,1.7948264191643422,2.049025577831064,0.15027211188963285,0.18732401837600632,0.8756035188598476,3.222447636802281,53
万华化学,三一重工,化工,机械,4.177960301163586,1.0278402039726653,0.006594162481554422,1.1384832795868296,0.9279499346586553,0.021675846654993558,1.0047357248070876,0.9834192793111742,0.00113146572170586,-0.003993888793616507,0.8756035188598476,1.0912350397625008,53
万华化学,汇川技术,化工,机械,4.177960301163586,1.0543650520150396,0.012751569832086362,1.0839468448943477,1.0255905703743555,0.05500712005238717,0.9162810812749894,0.8685070118100158,-0.020709533164348537,-0.03318068062234225,0.8756035188598476,0.861410504760184,53
万华化学,中航沈飞,化工,军工,4.177960301163586,1.0539891496751534,0.012665136443734681,1.1848553162178628,0.9375770293870123,0.04559048825050471,1.047966104701394,1.0022720333415276,0.011277014735220803,0.0005433447198397445,0.8756035188598476,1.1289405478232077,53
万华化学,顺丰控股,化工,交运,4.177960301163586,1.0359706354230704,0.008494258815460842,0.8964853625643049,1.197158595416439,0.02490866384299406,0.7832463433972682,0.7642108716892004,-0.05679858373928559,-0.06233665965414037,0.8756035188598476,0.6528182245185533,53
万华化学,京沪高铁,化工,交运,4.177960301163586,1.03637223419078,0.008587818775372513,1.1440261273076238,0.9388486697671168,0.030921366516728943,1.005777286545087,0.9756100893935309,0.00137977263958744,-0.00589269536087067,0.8756035188598476,1.0756166599272141,53
万华化学,中国中免,化工,免税,4.177960301163586,1.0432788803204935,0.01019255254329221,0.6016409740351922,1.8091035502829904,-0.10187500693122076,0.52117048095685,0.5802872484107993,-0.14442366228350323,-0.12213514150740379,0.8756035188598476,0.284970977961751,53
万华化学,上海机场,化工,交运,4.177960301163586,1.0349487978472314,0.008256078137141687,0.7988936857608103,1.3407528852169743,0.0018994633337374722,0.7014168940164942,0.7000871042315839,-0.08138355271432984,-0.08180070061195832,0.8756035188598476,0.5245706896033202,53
万华化学,万科A,化工,地产,4.177960301163586,1.027878836928329,0.0066032180605788415,0.7350570726263302,1.4373508435612707,-0.025737495528359355,0.6468572681696977,0.6639455641582959,-0.09901664062779791,-0.09337605286422834,0.8756035188598476,0.45228760945674423,53
万华化学,中国建筑,化工,建筑,4.177960301163586,1.0271004332465872,0.0064207099857698235,1.0899704495032083,0.9678567895635614,0.024747835017301822,0.9629746294374827,0.9397186278722158,-0.008989644068631564,-0.014771427217646571,0.8756035188598476,1.0038337368845842,53
万华化学,保利发展,化工,地产,4.177960301163586,1.0275906141127875,0.00653565228631936,0.7841551931806806,1.346598835786058,-0.007913678272422398,0.689087555036293,0.6945842714939813,-0.08527451751764659,-0.08353334422686043,0.8756035188598476,0.513565024128115,53
万华化学,牧原股份,化工,养殖,4.177960301163586,1.0399630174898309,0.009423135809409011,0.9581999347347944,1.1287029340550858,0.03597475363172853,0.8339633394652687,0.8050035355994095,-0.04252724121562457,-0.05059266385760952,0.8756035188598476,0.7344035523389715,53
万华化学,中国移动,化工,通信,4.177960301163586,1.042618241628783,0.010039405695479786,1.543632335006015,0.7042174312660141,-0.033371839423490646,1.3537299373105018,1.400466065982518,0.0751829181034196,0.08395318689535047,0.8756035188598476,1.9253286131051888,53
万华化学,中兴通讯,化工,通信,4.177960301163586,1.0768801749715904,0.01788637914178226,1.3419652350753672,0.864158683799073,0.051279559577033895,1.1752373402230902,1.1179113391074862,0.03940462576150461,0.027037644266041383,0.8756035188598476,1.3602191593551247,53
海螺水泥,宝钢股份,建材,钢铁,4.177960301163586,1.0061193454911257,0.0014612763665498019,1.2181424361041904,0.8309998136251685,-0.013327890107254659,0.87726861725038,0.889118693489514,-0.030855098283968818,-0.02773769003733817,0.7150395778364116,1.0631978091426164,53
海螺水泥,洛阳钼业,建材,有色,4.177960301163586,1.0919643454240562,0.021280975758756426,2.3135240549490885,0.5153981991787102,-0.15806584458332973,1.6575524862603825,1.9687436073193463,0.1285732934748054,0.17601955137018988,0.7150395778364116,3.222447636802281,53
海螺水泥,三一重工,建材,机械,4.177960301163586,1.0242201022064725,0.005744458139494313,1.2610405277697896,0.8318739918843775,0.001765688114347741,0.9047319676112274,0.9031373087994562,-0.02367818682766709,-0.024090348741571788,0.7150395778364116,1.0912350397625008,53
海螺水泥,汇川技术,建材,机械,4.177960301163586,1.0458509432706,0.01078809704267436,1.1951473943360804,0.9152044348033124,0.042179781382559955,0.8214722012205193,0.7882250412982978,-0.045979520857396095,-0.05536702143958072,0.7150395778364116,0.861410504760184,53
海螺水泥,中航沈飞,建材,军工,4.177960301163586,1.0354295866169616,0.008368167725124831,1.2938515344271222,0.8286224503466477,0.00902418204054345,0.9303102689963579,0.9219900628298097,-0.017141430932505752,-0.01925256337393666,0.7150395778364116,1.1289405478232077,53
海螺水泥,顺丰控股,建材,交运,4.177960301163586,1.0229409113083094,0.005443662318806997,0.9839680544171859,1.0634573991815948,0.021904814238202786,0.6989102367099135,0.6839289011774825,-0.08217038064434923,-0.0869182406108866,0.7150395778364116,0.6528182245185533,53
海螺水泥,京沪高铁,建材,交运,4.177960301163586,1.0149315456930763,0.003553764608054344,1.2453505544789627,0.8271454481135321,-0.005858119853240029,0.8900831794534273,0.8953281188818129,-0.027485355779930387,-0.02611677420847358,0.7150395778364116,1.0756166599272141,53
海螺水泥,中国中免,建材,免税,4.177960301163586,1.0351396894464087,0.00830058674682621,0.6635454016476944,1.6148317417413458,-0.06536846122471118,0.4673207022785843,0.5000052778990813,-0.16646864022792895,-0.15287169505256837,0.7150395778364116,0.284970977961751,53
海螺水泥,上海机场,建材,交运,4.177960301163586,1.022055850913454,0.0052353769567605735,0.8769593165565289,1.1911592050679694,0.00992050324478444,0.6259539125600678,0.6198051337198659,-0.10607278319945301,-0.10818244687683898,0.7150395778364116,0.5245706896033202,53
海螺水泥,万科A,建材,地产,4.177960301163586,1.0145112445077775,0.003454277086654134,0.8064374626734823,1.2762713947100504,-0.011522687423565325,0.5769382204964736,0.5836635936465779,-0.12335047243986141,-0.12091528613134661,0.7150395778364116,0.45228760945674423,53
海螺水泥,中国建筑,建材,建筑,4.177960301163586,1.009527089539346,0.0022721041609570225,1.1908429282094617,0.8558181103247241,-0.004813849987076124,0.8552994582185703,0.8594366573604979,-0.03672030491242739,-0.035607090316996715,0.7150395778364116,1.0038337368845842,53
海螺水泥,保利发展,建材,地产,4.177960301163586,1.0147497405645463,0.003510734215925071,0.8607470370802083,1.1963062219403962,0.0010130434044373082,0.614924615876604,0.6143023009822632,-0.10986832874905517,-0.11008402643533044,0.7150395778364116,0.513565024128115,53
海螺水泥,牧原股份,建材,养殖,4.177960301163586,1.0297466877744992,0.007040734464115905,1.05463781302155,1.0054430325654222,0.029711811599787197,0.7462543556918798,0.7247215650876915,-0.06765785502468302,-0.07416882826031346,0.7150395778364116,0.7344035523389715,53
海螺水泥,中国移动,建材,通信,4.177960301163586,1.0221270336620536,0.005252133794972247,1.6821244228324894,0.6210858476114209,-0.09157370589438751,1.199289945385709,1.3201840954708002,0.04445709349560545,0.06874480552201523,0.7150395778364116,1.9253286131051888,53
海螺水泥,中兴通讯,建材,通信,4.177960301163586,1.0666034382041676,0.015552893678099533,1.4774457937767078,0.770006520158592,0.013757851251582354,1.051904919103182,1.037629368595768,0.012185471419689176,0.00888051363285558,0.7150395778364116,1.3602191593551247,53
宝钢股份,洛阳钼业,钢铁,有色,4.177960301163586,1.0843813404614173,0.019578958306883942,1.8975753229486643,0.6196765300012872,-0.06329789844724043,2.0071865478632995,2.142822722972449,0.18147558588358992,0.20011252802233193,1.0631978091426164,3.222447636802281,53
宝钢股份,三一重工,钢铁,机械,4.177960301163586,1.0225148318161326,0.005343408176662567,1.0398167090396429,1.0055008466344166,0.02243548896806713,1.1013843016595848,1.0772164244525586,0.02338282387671109,0.017962442880261165,1.0631978091426164,1.0912350397625008,53
宝钢股份,汇川技术,钢铁,机械,4.177960301163586,1.0412075585307605,0.00971213904270507,0.9827440327426664,1.1031490844223366,0.03663457015426941,0.9975577560989812,0.9623041569514001,-0.0005850978581621868,-0.00915483835898423,1.0631978091426164,0.861410504760184,53
宝钢股份,中航沈飞,钢铁,军工,4.177960301163586,1.0297154494873586,0.007033422323262872,1.0627534666753768,0.9977044913623705,0.029253562076814843,1.1281331062361453,1.096069178482912,0.029277581482008763,0.022198564323568926,1.0631978091426164,1.1289405478232077,53
宝钢股份,顺丰控股,钢铁,交运,4.177960301163586,1.0173682187450455,0.004129921379844692,0.8082766712897681,1.2805492590313845,-0.012058252061454722,0.8476619398928927,0.8580080168305848,-0.03878617187962907,-0.035991039316803475,1.0631978091426164,0.6528182245185533,53
宝钢股份,京沪高铁,钢铁,交运,4.177960301163586,1.0083918715824898,0.002002225572895089,1.0219640769929896,0.9949999119984838,0.008403711889545029,1.078394224826542,1.0694072345349153,0.018228733366252747,0.016191227686221277,1.0631978091426164,1.0756166599272141,53
宝钢股份,中国中免,钢铁,免税,4.177960301163586,1.0389585058117623,0.00918967948510474,0.5500742469668866,1.9623437794999876,-0.15140539439467626,0.5720243800911192,0.6740843935521837,-0.12514340931991064,-0.0900813892315816,1.0631978091426164,0.284970977961751,53
宝钢股份,上海机场,钢铁,交运,4.177960301163586,1.019844581014618,0.00471438832444715,0.7227535556022464,1.4390561780885534,-0.040592699888344574,0.7616583442920877,0.7938842493729683,-0.06308723146820294,-0.05374811517466982,1.0631978091426164,0.5245706896033202,53
宝钢股份,万科A,钢铁,地产,4.177960301163586,1.0170887796884673,0.004063900712198754,0.6677657184224891,1.5491504838133607,-0.06919024060042223,0.7053143089300197,0.7577427092996804,-0.08016440995215435,-0.06424235312052917,1.0631978091426164,0.45228760945674423,53
宝钢股份,中国建筑,钢铁,建筑,4.177960301163586,1.0070414951263171,0.0016808956238718586,0.9811497499225882,1.0336165024617927,0.006629717252963685,1.0403676903651586,1.0335157730136002,0.009517136465035492,0.00792175208392698,1.0631978091426164,1.0038337368845842,53
宝钢股份,保利发展,钢铁,地产,4.177960301163586,1.0211566886970393,0.0050236324080064065,0.7154188858419519,1.4575530552894373,-0.04286172263231236,0.7545900310270712,0.7883814166353658,-0.06517570481667234,-0.05532216920763888,1.0631978091426164,0.513565024128115,53
宝钢股份,牧原股份,钢铁,养殖,4.177960301163586,1.0329390798350488,0.007787109511763202,0.8737739044432447,1.2210975141565141,0.015671712405731508,0.9128864265194395,0.898800680740794,-0.02157914801285865,-0.02521401755443964,1.0631978091426164,0.7344035523389715,53
宝钢股份,中国移动,钢铁,通信,4.177960301163586,1.0162794125506178,0.0038726005982792078,1.3813947342722461,0.7476674253564073,-0.02687782161973007,1.4541006710823892,1.4942632111239025,0.09374779377405096,0.10090373355310023,1.0631978091426164,1.9253286131051888,53
宝钢股份,中兴通讯,钢铁,通信,4.177960301163586,1.0644895372220269,0.015070782152869278,1.2178713124199578,0.9304250484425777,0.05653303649402197,1.280210044209028,1.2117084842488706,0.06090841948415293,0.047035605976718964,1.0631978091426164,1.3602191593551247,53
洛阳钼业,三一重工,有色,机械,4.177960301163586,1.0700470104168245,0.016336705607640223,0.6218319686378575,1.8413344154854945,-0.06966972472823707,2.0065747959617743,2.156841338282391,0.1813893876471362,0.201987085444562,3.222447636802281,1.0912350397625008,53
洛阳钼业,汇川技术,有色,机械,4.177960301163586,1.0844824348108173,0.01960170854794563,0.5849363858398021,2.010649670433223,-0.11433710565933097,1.8084608108664593,2.0419290707812325,0.15235755633516956,0.1863384765893925,3.222447636802281,0.861410504760184,53
洛阳钼业,中航沈飞,有色,军工,4.177960301163586,1.1054517149064105,0.02428614910569915,0.6519857310832889,1.874310181542017,-0.030889807441586425,2.1084873207494064,2.175694092312744,0.19548150248545682,0.20449350237939856,3.222447636802281,1.1289405478232077,53
洛阳钼业,顺丰控股,有色,交运,4.177960301163586,1.1020948725839543,0.023540816143236,0.5003614833117169,2.4274712356689507,-0.17500211443704572,1.5985430707919945,1.9376329306604172,0.1188237451946248,0.17154450898044393,3.222447636802281,0.6528182245185533,53
洛阳钼业,京沪高铁,有色,交运,4.177960301163586,1.109738752244226,0.025235517803478436,0.6427026014024861,1.9161585709240723,-0.03860731814816887,2.066063780502187,2.1490321483647477,0.189679677234875,0.2009439945026763,3.222447636802281,1.0756166599272141,53
洛阳钼业,中国中免,有色,免税,4.177960301163586,1.1049607452247479,0.024177244747591864,0.334312774190689,3.6520837453588237,-0.39612475204953146,1.0590216428283594,1.753709307382016,0.01382034777387764,0.14390921078871144,3.222447636802281,0.284970977961751,53
洛阳钼业,上海机场,有色,交运,4.177960301163586,1.1038147662470508,0.023922906315614334,0.4470287506795213,2.7255675084274786,-0.23398304501502776,1.4351397843330527,1.8735091632028005,0.09031709913763142,0.16214551463211913,3.222447636802281,0.5245706896033202,53
洛阳钼业,万科A,有色,地产,4.177960301163586,1.116226386354819,0.026666919566238123,0.41879409813722396,2.975116772506379,-0.26657287556039666,1.3475752523703073,1.8373676231295126,0.07401087347169044,0.15673973900751292,3.222447636802281,0.45228760945674423,53
洛阳钼业,中国建筑,有色,建筑,4.177960301163586,1.09169160143808,0.021219914054994682,0.6078142987682582,1.9607807105979824,-0.07082675491966672,1.9634737893055965,2.1131406868434324,0.17526532921644855,0.19611247518166097,3.222447636802281,1.0038337368845842,53
洛阳钼业,保利发展,有色,地产,4.177960301163586,1.1164824857462816,0.026723294186441038,0.44699528364960395,2.7886941687629605,-0.23110681246734854,1.4362973417625575,1.868006330465198,0.09052752720868229,0.16132759167017752,3.222447636802281,0.513565024128115,53
洛阳钼业,牧原股份,有色,养殖,4.177960301163586,1.1141743162895448,0.026214846081211496,0.5385927665472678,2.304866467177718,-0.1335814906738072,1.7141445544606686,1.9784255945706262,0.13767848995629128,0.1774012548891799,3.222447636802281,0.7344035523389715,53
洛阳钼业,中国移动,有色,通信,4.177960301163586,1.102358320008161,0.02359937281065494,0.8562694794844867,1.4191722288441453,0.06680170099609795,2.7458282298743013,2.5738881249537346,0.27349433169214454,0.25393535568526415,3.222447636802281,1.9253286131051888,53
洛阳钼业,中兴通讯,有色,通信,4.177960301163586,1.097924266180895,0.02261239060783682,0.7178197432858878,1.6793041784429776,0.0032058750507013567,2.2986791266524422,2.2913333980787027,0.22045084851790797,0.219516215733083,3.222447636802281,1.3602191593551247,53
三一重工,汇川技术,机械,机械,4.177960301163586,1.0336843234794375,0.007961093358100912,0.9594091533482187,1.113709700265209,0.027478912541010647,1.0031510603321088,0.9763227722613423,0.0007533080173016682,-0.005718927934794227,1.0912350397625008,0.861410504760184,53
三一重工,中航沈飞,机械,军工,4.177960301163586,1.0459120491849982,0.010802232166412074,1.061508050134919,1.0305451894512927,0.045763696806379706,1.1608895150164533,1.1100877937928542,0.03635316934306099,0.025312690515850278,1.0912350397625008,1.1289405478232077,53
三一重工,顺丰控股,机械,交运,4.177960301163586,1.036929157767877,0.008717518932779278,0.8101096184704922,1.3272550451372809,0.0036828115424774044,0.8752381418867219,0.872026632140527,-0.03139246676333962,-0.032244337097672715,1.0912350397625008,0.6528182245185533,53
三一重工,京沪高铁,机械,交运,4.177960301163586,1.032321510524482,0.007642860029298593,1.0288074372883,1.0358475866975225,0.032302139761025916,1.1184228230672544,1.0834258498448575,0.02715009729348461,0.019363855272581887,1.0912350397625008,1.0756166599272141,53
三一重工,中国中免,机械,免税,4.177960301163586,1.053536411866346,0.012561004701264977,0.5485111805231702,2.0235484900591354,-0.1460528460724777,0.5876036060267771,0.6881030088621259,-0.11949854866571119,-0.0855875030613037,1.0912350397625008,0.284970977961751,53
三一重工,上海机场,机械,交运,4.177960301163586,1.0381079785064256,0.008991876059094128,0.7234551248984816,1.4896130222174047,-0.027812017408682776,0.7854334561458247,0.8079028646829105,-0.05616885687906292,-0.04977534041695686,1.0912350397625008,0.5245706896033202,53
三一重工,万科A,机械,地产,4.177960301163586,1.0423038955434198,0.009966509216620345,0.6729339534716248,1.6144190749483376,-0.05118926872586804,0.7322554267719487,0.7717613246096225,-0.07187424442859103,-0.060127552091585046,1.0912350397625008,0.45228760945674423,53
三一重工,中国建筑,机械,建筑,4.177960301163586,1.0284575000261393,0.006738825933044756,0.9853422507932397,1.0734593269582278,0.02756277111028882,1.0764073388990607,1.0475343883235424,0.017779387278713976,0.011177284884053673,1.0912350397625008,1.0038337368845842,53
三一重工,保利发展,机械,地产,4.177960301163586,1.0459046608119984,0.010800523108825733,0.7205646243342428,1.5181380303244456,-0.02419747113934001,0.7829839803301059,0.802400031945308,-0.056874214730734174,-0.051328504139314224,1.0912350397625008,0.513565024128115,53
三一重工,牧原股份,机械,养殖,4.177960301163586,1.047214144312714,0.011103285820300401,0.8711093702071525,1.258920523134565,0.027114994528843805,0.937570386268975,0.9128192960507362,-0.015310982454637578,-0.02159636973060186,1.0912350397625008,0.7344035523389715,53
三一重工,中国移动,机械,通信,4.177960301163586,1.046195297775762,0.010867745507506132,1.3983962683719984,0.782699886894258,0.005426652392734654,1.5164667476161802,1.5082818264338447,0.10479723280477016,0.1033670442737098,1.0912350397625008,1.9253286131051888,53
三一重工,中兴通讯,机械,通信,4.177960301163586,1.0620414460796719,0.014511541915241732,1.1948524905012956,0.9439927038339112,0.05565988871434979,1.293950933514419,1.2257270995588128,0.06362286950540197,0.049922307561721224,1.0912350397625008,1.3602191593551247,53
汇川技术,中航沈飞,机械,军工,4.177960301163586,1.0570461417425534,0.013367369394852169,1.1558624190181583,0.9666778047182663,0.0485556291781315,1.0434969001134673,0.9951755262916959,0.010243076906243598,-0.0011568686070969614,0.861410504760184,1.1289405478232077,53
汇川技术,顺丰控股,机械,交运,4.177960301163586,1.0461538186636916,0.010858152533525844,0.8805911549512022,1.24284443030236,0.036766728342559896,0.7849509828083141,0.7571143646393687,-0.05630765877643318,-0.0644281388062683,0.861410504760184,0.6528182245185533,53
汇川技术,京沪高铁,机械,交运,4.177960301163586,1.050060157277612,0.011760314278468353,1.1275021297247911,0.9779372515872943,0.044449874393804434,1.01156388942757,0.968513582343699,0.0027557402901596806,-0.007628265807763657,0.861410504760184,1.0756166599272141,53
汇川技术,中国中免,机械,免税,4.177960301163586,1.0658112070574501,0.015372296943938046,0.5978610895094981,1.9000292024711405,-0.07844202056847926,0.5282285014374686,0.5731907413609675,-0.14166452943941354,-0.12471677617396604,0.861410504760184,0.284970977961751,53
汇川技术,上海机场,机械,交运,4.177960301163586,1.0473448695615466,0.011133494696732749,0.7863988154310624,1.3948791049432252,0.016698422941976654,0.704562447268306,0.692990597181752,-0.08039919870756151,-0.08403708407841504,0.861410504760184,0.5245706896033202,53
汇川技术,万科A,机械,地产,4.177960301163586,1.0556521056370953,0.013047332072581463,0.7343159664669776,1.5176047083624842,0.003991159536333999,0.6594706464866745,0.6568490571084641,-0.09484238275345191,-0.09570493765794252,0.861410504760184,0.45228760945674423,53
汇川技术,中国建筑,机械,建筑,4.177960301163586,1.0504823290179008,0.011857661130855401,1.0843602259333085,1.0176628551910227,0.0484651568491834,0.977821798189059,0.9326221208223842,-0.005353747803993891,-0.016557382524943653,0.861410504760184,1.0038337368845842,53
汇川技术,保利发展,机械,地产,4.177960301163586,1.055351613802419,0.012978304228894011,0.7833612585365096,1.4217795641772368,0.021815911475170147,0.7024859366535257,0.6874877644441495,-0.0810486357687108,-0.08578326119013724,0.861410504760184,0.513565024128115,53
汇川技术,牧原股份,机械,养殖,4.177960301163586,1.0701683650700715,0.016364292840825634,0.959120927205966,1.1940729235603587,0.06724729693193332,0.8515641194225279,0.7979070285495777,-0.03772891314469429,-0.05260266509031375,0.861410504760184,0.7344035523389715,53
汇川技术,中国移动,机械,通信,4.177960301163586,1.063312327142717,0.014801983346217407,1.531307514713082,0.7383449073359408,-0.016541972638701385,1.3703204778132225,1.3933695589326864,0.07832221259593997,0.08263597111573162,0.861410504760184,1.9253286131051888,53
汇川技术,中兴通讯,机械,通信,4.177960301163586,1.057024778813273,0.013362467400546585,1.2812741619640828,0.8720236590992533,0.030705678852773532,1.1449231555557142,1.1108148320576543,0.03292357548410041,0.025473378652813405,0.861410504760184,1.3602191593551247,53
中航沈飞,顺丰控股,军工,交运,4.177960301163586,1.0342531885719841,0.008093835840633723,0.7961473328290027,1.3435699825437495,-0.0032825968587653076,0.8879549882962973,0.8908793861708806,-0.02804242246260602,-0.02727720435686709,1.1289405478232077,0.6528182245185533,53
中航沈飞,京沪高铁,军工,交运,4.177960301163586,1.0331172662135137,0.007828717411231922,1.0144732789541835,1.052103892621787,0.032833480649952396,1.138470247086404,1.1022786038752108,0.03152715546377771,0.023581655365979337,1.1289405478232077,1.0756166599272141,53
中航沈飞,中国中免,军工,免税,4.177960301163586,1.054029377755009,0.012674387437940249,0.5407051724250368,2.0546833761325574,-0.15415561521598242,0.597974562333305,0.7069557628924794,-0.11580362819391476,-0.07965248315253415,1.1289405478232077,0.284970977961751,53
中航沈飞,上海机场,军工,交运,4.177960301163586,1.0313431859464395,0.007414212294925671,0.7081807970903611,1.5019734671828893,-0.039991238921580075,0.7936926372355431,0.826755618713264,-0.05380278505815739,-0.04451445949614097,1.1289405478232077,0.5245706896033202,53
中航沈飞,万科A,军工,地产,4.177960301163586,1.0477084125580594,0.011217489600303221,0.6664850096865982,1.646988156959596,-0.05305614412906645,0.7486671441331844,0.790614078639976,-0.06693722887218279,-0.054682524545439204,1.1289405478232077,0.45228760945674423,53
中航沈飞,中国建筑,军工,建筑,4.177960301163586,1.0338299136605416,0.007995071556951894,0.9759368669576804,1.095157203878547,0.03205035124995281,1.1005652248347717,1.066387142353896,0.023200609582800125,0.01550359708058302,1.1289405478232077,1.0038337368845842,53
中航沈飞,保利发展,军工,地产,4.177960301163586,1.0441191543159964,0.010387235247715232,0.708765836308077,1.5381452555448574,-0.03191068331816971,0.7950460483982273,0.8212527859756613,-0.053416850831869644,-0.04604051827347477,1.1289405478232077,0.513565024128115,53
中航沈飞,牧原股份,军工,养殖,4.177960301163586,1.0545838758948274,0.012801874472654351,0.8643510957955658,1.2866844928029093,0.030806205727532898,0.96037333092648,0.9316720500810896,-0.009631054315254906,-0.01679726762742373,1.1289405478232077,0.7344035523389715,53
中航沈飞,中国移动,军工,通信,4.177960301163586,1.0465325250533482,0.010945726135573652,1.378294734675457,0.7946270840629943,0.010366445105040478,1.5429655372605893,1.5271345804641983,0.10938757421791467,0.10665248465735089,1.1289405478232077,1.9253286131051888,53
中航沈飞,中兴通讯,军工,通信,4.177960301163586,1.0760837590011652,0.01770614802940318,1.1928635788610682,0.9707365342579078,0.07148066357089111,1.3335432473906825,1.2445798535891663,0.07132343748384518,0.05376511595828104,1.1289405478232077,1.3602191593551247,53
顺丰控股,京沪高铁,交运,交运,4.177960301163586,1.0243311745135735,0.005770562792516198,1.3066666496477102,0.8030007924081063,-0.006768002683525953,0.8583684162547692,0.8642174422228837,-0.03589413566659749,-0.034325768437870274,0.6528182245185533,1.0756166599272141,53
顺丰控股,中国中免,交运,免税,4.177960301163586,1.0356752581713111,0.00842542753944886,0.690183915021626,1.5541121968259757,-0.04728961665963505,0.4467207552937329,0.46889460124015214,-0.1754144647736422,-0.1657975762668391,0.6528182245185533,0.284970977961751,53
顺丰控股,上海机场,交运,交运,4.177960301163586,1.0227714122680889,0.005403783939689655,0.9123320823592174,1.1465796084336204,0.016698094996908885,0.5985245330290939,0.5886944570609367,-0.11560905213544448,-0.1191075814380822,0.6528182245185533,0.5245706896033202,53
顺丰控股,万科A,交运,地产,4.177960301163586,1.0196001116434465,0.004656737121552457,0.842584087613801,1.23380491388988,0.002699369649363348,0.5540444615614324,0.5525529169876487,-0.13180539062062646,-0.13236539256164181,0.6528182245185533,0.45228760945674423,53
顺丰控股,中国建筑,交运,建筑,4.177960301163586,1.017021294037595,0.004047954388290309,1.2471999939250404,0.8293235387780717,-0.006008581744032626,0.8233489163358174,0.8283259807015688,-0.045458299910608235,-0.04408038034022632,0.6528182245185533,1.0038337368845842,53
顺丰控股,保利发展,交运,地产,4.177960301163586,1.0232337380602812,0.005512544415372078,0.9023208400179569,1.16034921977861,0.01593216908262929,0.5924831318896268,0.5831916243233342,-0.1177539649157281,-0.12108548285401954,0.6528182245185533,0.513565024128115,53
顺丰控股,牧原股份,交运,养殖,4.177960301163586,1.0408961704426798,0.009639854181007879,1.108281017446064,0.9776084048962469,0.03910215041054732,0.7207325657144973,0.6936108884287624,-0.07539111023188438,-0.0838409133971586,0.6528182245185533,0.7344035523389715,53
顺丰控股,中国移动,交运,通信,4.177960301163586,1.038139612203609,0.008999235176835763,1.7761455557095924,0.606782395148742,-0.09712059006743712,1.1638778477366136,1.289073418811871,0.03699107548274516,0.06266185999777418,0.6528182245185533,1.9253286131051888,53
顺丰控股,中兴通讯,交运,通信,4.177960301163586,1.0697942619663006,0.016279241328445826,1.540559193460944,0.7428859389459324,0.0015674924679920377,1.0080964024053432,1.006518691936839,0.001931944946028441,0.0015564035473627502,0.6528182245185533,1.3602191593551247,53
京沪高铁,中国中免,交运,免税,4.177960301163586,1.0477714351276561,0.011232048414498541,0.5473729987018747,2.0056250178087347,-0.1472005131930696,0.5801542196737816,0.6802938189444826,-0.12218331450424857,-0.08808217471018576,1.0756166599272141,0.284970977961751,53
京沪高铁,上海机场,交运,交运,4.177960301163586,1.0213253623699219,0.005063364332288156,0.7141904969117379,1.4605423907635147,-0.041141697309499015,0.7671764629788298,0.8000936747652672,-0.06146701720631276,-0.051981879080572946,1.0756166599272141,0.5245706896033202,53
京沪高铁,万科A,交运,地产,4.177960301163586,1.0291685355978855,0.006905375429805183,0.6667230388457245,1.5886474787168494,-0.06037046474322705,0.717831989279044,0.7639521346919792,-0.07628312023223249,-0.06241265445466759,1.0756166599272141,0.45228760945674423,53
京沪高铁,中国建筑,交运,建筑,4.177960301163586,1.0119568845929685,0.002848971340660311,0.9728449904683857,1.0526412185995475,0.011365815969686999,1.0515425236700269,1.039725198405899,0.012101995938267107,0.009367880307635579,1.0756166599272141,1.0038337368845842,53
京沪高铁,保利发展,交运,地产,4.177960301163586,1.0319032515184712,0.00754512740065838,0.7133467734314198,1.492716249871373,-0.034789699579512834,0.76694726534489,0.7945908420276646,-0.06153413681910369,-0.053546600154635304,1.0756166599272141,0.513565024128115,53
京沪高铁,牧原股份,交运,养殖,4.177960301163586,1.0404531779105437,0.009536990638207676,0.8684415796533721,1.246534989557079,0.021850442972961348,0.9247849778471077,0.9050101061330929,-0.01854178347563673,-0.02360635463594951,1.0756166599272141,0.7344035523389715,53
京沪高铁,中国移动,交运,通信,4.177960301163586,1.0163539291477806,0.003890218008533175,1.3631490487495925,0.757786032453071,-0.025236153428258246,1.4626064788461752,1.5004726365162013,0.09527574686200091,0.10199699515880734,1.0756166599272141,1.9253286131051888,53
京沪高铁,中兴通讯,交运,通信,4.177960301163586,1.0659508336025216,0.015404133572690215,1.203347009552649,0.9442423263097801,0.05865780199783566,1.289358297234519,1.2179179096411694,0.06271806515775369,0.048317362955169196,1.0756166599272141,1.3602191593551247,53
中国中免,上海机场,免税,交运,4.177960301163586,1.0254449979534404,0.00603221900365547,1.3726047747186558,0.7660890178990277,-0.020408212206539322,0.3965101847116838,0.40477083378253564,-0.19861413544132323,-0.1946493089302077,0.284970977961751,0.5245706896033202,53
中国中免,万科A,免税,地产,4.177960301163586,1.0370609061960827,0.008748193654057212,1.286016111130187,0.836300038430362,0.010127825897883413,0.3723627070167946,0.36862929370924763,-0.21057619069428002,-0.21247791912210212,0.284970977961751,0.45228760945674423,53
中国中免,中国建筑,免税,建筑,4.177960301163586,1.0447922452670155,0.010543097439663196,1.9226257828768696,0.5677604271678489,-0.13266175396226143,0.5589148104299941,0.6444023574231676,-0.12998476223435895,-0.0998362511108678,0.284970977961751,1.0038337368845842,53
中国中免,保利发展,免税,地产,4.177960301163586,1.042379960663853,0.009984150160012861,1.3793388161554736,0.7877368269980621,-0.0011400715098500713,0.3988128069721469,0.399268001044933,-0.19750268851750863,-0.19728355019097799,0.284970977961751,0.513565024128115,53
中国中免,牧原股份,免税,养殖,4.177960301163586,1.0647196985194005,0.015123309710482147,1.701126228294208,0.6663985408960396,-0.04433843335917431,0.4870885303104721,0.5096872651503612,-0.1581619281750435,-0.14897406395527513,0.284970977961751,0.7344035523389715,53
中国中免,中国移动,免税,通信,4.177960301163586,1.0663647289275568,0.015498488338463012,2.7377092937721836,0.4153595627145384,-0.28522298423818204,0.7899356728211969,1.10514979553347,-0.05487673838619567,0.02421918326726402,0.284970977961751,1.9253286131051888,53
中国中免,中兴通讯,免税,通信,4.177960301163586,1.1076201739150455,0.024766705851853255,2.3934686903885383,0.5125709204344939,-0.16163009451685995,0.6896389499620716,0.8225950686584379,-0.08509937858396655,-0.04566755766699804,0.284970977961751,1.3602191593551247,53
上海机场,万科A,交运,地产,4.177960301163586,1.0347925666594162,0.008219646360954513,0.958654935181215,1.1169771486245668,0.031958479319699196,0.504038602404426,0.48842914953003225,-0.15124110297618942,-0.157607930833765,0.5245706896033202,0.45228760945674423,53
上海机场,中国建筑,交运,建筑,4.177960301163586,1.0240946919181022,0.005714981129020247,1.4078999785429744,0.7449179302497023,-0.027536961766683854,0.7431584061158383,0.7642022132439522,-0.06858512112280934,-0.06233920244828417,0.5245706896033202,1.0038337368845842,53
上海机场,保利发展,交运,地产,4.177960301163586,1.0314578269037127,0.007441013974174737,1.0196784610498744,1.0433732684571158,0.031400265990070286,0.5353667256381969,0.5190678568657177,-0.13890241980167273,-0.14525111603492313,0.5245706896033202,0.513565024128115,53
上海机场,牧原股份,交运,养殖,4.177960301163586,1.040337900717911,0.009510217635665619,1.2417739298214614,0.8715780881514884,0.02582579353226344,0.6457441253885656,0.6294871209711459,-0.09938798710148422,-0.10486765150445643,0.5245706896033202,0.7344035523389715,53
上海机场,中国移动,交运,通信,4.177960301163586,1.0349415974058214,0.008254399147776148,1.985017166611933,0.5395943813771119,-0.15091272380034682,1.0400891629500988,1.2249496513542546,0.00945244087120578,0.04976287562473991,0.5245706896033202,1.9253286131051888,53
上海机场,中兴通讯,交运,通信,4.177960301163586,1.071928769331158,0.01676421352217128,1.7304923596965711,0.6639909619255904,-0.039182644404691214,0.9054693992645673,0.9423949244792225,-0.023487774116444426,-0.014100555907851975,0.5245706896033202,1.3602191593551247,53
万科A,中国建筑,地产,建筑,4.177960301163586,1.0143566439669558,0.0034176744310698837,1.505266350574643,0.683546404107891,-0.06121817120432893,0.6834901302333636,0.7280606731706643,-0.08705848266193605,-0.07314961011561205,0.45228760945674423,1.0038337368845842,53
万科A,保利发展,地产,地产,4.177960301163586,1.0064085000678886,0.0015301579240603047,1.0739326696465428,0.943129953707669,0.004381997389387715,0.48504249865188065,0.4829263167924296,-0.15900967012141143,-0.15988934414401523,0.45228760945674423,0.513565024128115,53
万科A,牧原股份,地产,养殖,4.177960301163586,1.0379510656548314,0.008955370053636669,1.3373219852449034,0.8055968768783135,0.008255062844185757,0.5982436859564896,0.5933455808978578,-0.11570839700491198,-0.11744674982303094,0.45228760945674423,0.7344035523389715,53
万科A,中国移动,地产,通信,4.177960301163586,1.0326764456132187,0.007725772431753208,2.137980221833996,0.4987981789698491,-0.18938458131070102,0.9636661848672554,1.1888081112809665,-0.008819346891223767,0.04226485383421785,0.45228760945674423,1.9253286131051888,53
万科A,中兴通讯,地产,通信,4.177960301163586,1.079471543876548,0.01847211224306622,1.8810742803503753,0.619464540136168,-0.0657170750238828,0.846697062752282,0.9062533844059345,-0.03904816695770719,-0.02328547011773241,0.45228760945674423,1.3602191593551247,53
中国建筑,保利发展,建筑,地产,4.177960301163586,1.0145099579851558,0.0034539725117956888,0.7295186465783229,1.4108350207064129,-0.03988919194893947,0.7284354752857903,0.7586993805063496,-0.07303542887028891,-0.06395971445006565,1.0038337368845842,0.513565024128115,53
中国建筑,牧原股份,建筑,养殖,4.177960301163586,1.0360406956854225,0.008510582653042498,0.8995250143862276,1.1932745681883379,0.023633913181409616,0.8896593192028769,0.8691186446117778,-0.027596222859570196,-0.033017757710804285,1.0038337368845842,0.7344035523389715,53
中国建筑,中国移动,建筑,通信,4.177960301163586,1.016286865153365,0.003874362606478554,1.4178590170117285,0.7284497117774512,-0.03528741289276527,1.4128998943578706,1.4645811749948865,0.08624889767198796,0.09562950713823914,1.0038337368845842,1.9253286131051888,53
中国建筑,中兴通讯,建筑,通信,4.177960301163586,1.0561704511199255,0.013166369310402493,1.2402410018390086,0.8994187582613603,0.04414008278338444,1.2342011933920147,1.1820264481198546,0.051655127866749195,0.04083864664259451,1.0038337368845842,1.3602191593551247,53
保利发展,牧原股份,地产,养殖,4.177960301163586,1.0379768866120345,0.008961377625809286,1.2532682288967973,0.8596691372996835,0.021643349459028682,0.6374893982407251,0.6239842882335432,-0.1021570825322431,-0.10674684431432613,0.513565024128115,0.7344035523389715,53
保利发展,中国移动,地产,通信,4.177960301163586,1.0344066831305785,0.008129643691323851,2.0069103461705318,0.5331564452527292,-0.1565108505534335,1.0285901598302811,1.2194468186166518,0.006769906161806061,0.048632199282359734,0.513565024128115,1.9253286131051888,53
保利发展,中兴通讯,地产,通信,4.177960301163586,1.0797376799571483,0.018532207012444957,1.7632351972671012,0.6611899872043223,-0.03676248785389902,0.9024496075985545,0.9368920917416199,-0.02426826560491746,-0.01548153913989625,0.513565024128115,1.3602191593551247,53
牧原股份,中国移动,养殖,通信,4.177960301163586,1.0523238761437161,0.012281948248998864,1.690945969861155,0.6548911437974942,-0.05903405718152066,1.2513586923509,1.32986608272208,0.055136042987711686,0.07061562499026897,0.7344035523389715,1.9253286131051888,53
牧原股份,中兴通讯,养殖,通信,4.177960301163586,1.0835606542215699,0.019394211595927136,1.465510278012884,0.8011569137331936,0.03408834716577713,1.0830124689358231,1.0473113558470482,0.019270748949711702,0.011125750393862655,0.7344035523389715,1.3602191593551247,53
中国移动,中兴通讯,通信,通信,4.177960301163586,1.0713423425564157,0.016631047266448373,0.9017447134815633,1.272837420385648,0.05537736312948094,1.733746372267553,1.6427738862301569,0.14077893365374616,0.12615666788986535,1.9253286131051888,1.3602191593551247,53
